feature_name,mapped,feature_pattern,concept,concept_group,data_source,aggregation_rule,role,include_in_concept_features,note
ratio_label,False,,UNMAPPED,UNMAPPED,,,,False,
sample_role_note,False,,UNMAPPED,UNMAPPED,,,,False,
geochem2_nure_Cu_ppm_nearest,True,geochem2_nure_Cu_ppm_,Cu_anomaly,geochemistry,NURE geochem2,nearest/mean/median/max/p95 across radii; aggregate to concept with robust max or p95,mineralization_signal,True,main ore element for porphyry copper
geochem2_nure_Mo_ppm_nearest,True,geochem2_nure_Mo_ppm_,Mo_anomaly,geochemistry,NURE geochem2,nearest/mean/median/max/p95 across radii; aggregate to concept with robust max or p95,mineralization_signal,True,common porphyry copper companion element
geochem2_nure_Au_sq_ppm_nearest,True,geochem2_nure_Au_sq_ppm_,Au_anomaly,geochemistry,NURE geochem2,nearest/mean/median/max/p95 across radii; aggregate to concept with robust max or p95,mineralization_signal,True,gold companion signal in some porphyry systems
geochem2_nure_Ag_ppm_nearest,True,geochem2_nure_Ag_ppm_,Ag_anomaly,geochemistry,NURE geochem2,nearest/mean/median/max/p95 across radii; aggregate to concept with robust max or p95,pathfinder_signal,True,silver companion/pathfinder signal
geochem2_nure_Pb_ppm_nearest,True,geochem2_nure_Pb_ppm_,Pb_Zn_background,geochemistry,NURE geochem2,nearest/mean/median/max/p95 across radii; aggregate to concept with robust max or p95,geochemical_background,True,lead-zinc background or peripheral signal
geochem2_nure_Zn_ppm_nearest,True,geochem2_nure_Zn_ppm_,Pb_Zn_background,geochemistry,NURE geochem2,nearest/mean/median/max/p95 across radii; aggregate to concept with robust max or p95,geochemical_background,True,lead-zinc background or peripheral signal
geochem2_nure_As_ppm_nearest,True,geochem2_nure_As_ppm_,As_Sb_Bi_pathfinder,geochemistry,NURE geochem2,nearest/mean/median/max/p95 across radii; aggregate to concept with robust max or p95,pathfinder_signal,True,arsenic pathfinder; may be weathering sensitive
geochem2_nure_Sb_ppm_nearest,True,geochem2_nure_Sb_ppm_,As_Sb_Bi_pathfinder,geochemistry,NURE geochem2,nearest/mean/median/max/p95 across radii; aggregate to concept with robust max or p95,pathfinder_signal,True,antimony pathfinder; may be weathering sensitive
geochem2_nure_Bi_ppm_nearest,True,geochem2_nure_Bi_ppm_,As_Sb_Bi_pathfinder,geochemistry,NURE geochem2,nearest/mean/median/max/p95 across radii; aggregate to concept with robust max or p95,pathfinder_signal,True,bismuth pathfinder associated with hydrothermal systems
geochem2_nure_W_ppm_nearest,True,geochem2_nure_W_ppm_,W_Re_pathfinder,geochemistry,NURE geochem2,nearest/mean/median/max/p95 across radii; aggregate to concept with robust max or p95,pathfinder_signal,True,tungsten-rhenium pathfinder group
geochem2_nure_Cu_ppm_mean_10km,True,geochem2_nure_Cu_ppm_,Cu_anomaly,geochemistry,NURE geochem2,nearest/mean/median/max/p95 across radii; aggregate to concept with robust max or p95,mineralization_signal,True,main ore element for porphyry copper
geochem2_nure_Cu_ppm_median_10km,True,geochem2_nure_Cu_ppm_,Cu_anomaly,geochemistry,NURE geochem2,nearest/mean/median/max/p95 across radii; aggregate to concept with robust max or p95,mineralization_signal,True,main ore element for porphyry copper
geochem2_nure_Cu_ppm_max_10km,True,geochem2_nure_Cu_ppm_,Cu_anomaly,geochemistry,NURE geochem2,nearest/mean/median/max/p95 across radii; aggregate to concept with robust max or p95,mineralization_signal,True,main ore element for porphyry copper
geochem2_nure_Cu_ppm_p95_10km,True,geochem2_nure_Cu_ppm_,Cu_anomaly,geochemistry,NURE geochem2,nearest/mean/median/max/p95 across radii; aggregate to concept with robust max or p95,mineralization_signal,True,main ore element for porphyry copper
geochem2_nure_Mo_ppm_mean_10km,True,geochem2_nure_Mo_ppm_,Mo_anomaly,geochemistry,NURE geochem2,nearest/mean/median/max/p95 across radii; aggregate to concept with robust max or p95,mineralization_signal,True,common porphyry copper companion element
geochem2_nure_Mo_ppm_median_10km,True,geochem2_nure_Mo_ppm_,Mo_anomaly,geochemistry,NURE geochem2,nearest/mean/median/max/p95 across radii; aggregate to concept with robust max or p95,mineralization_signal,True,common porphyry copper companion element
geochem2_nure_Mo_ppm_max_10km,True,geochem2_nure_Mo_ppm_,Mo_anomaly,geochemistry,NURE geochem2,nearest/mean/median/max/p95 across radii; aggregate to concept with robust max or p95,mineralization_signal,True,common porphyry copper companion element
geochem2_nure_Mo_ppm_p95_10km,True,geochem2_nure_Mo_ppm_,Mo_anomaly,geochemistry,NURE geochem2,nearest/mean/median/max/p95 across radii; aggregate to concept with robust max or p95,mineralization_signal,True,common porphyry copper companion element
geochem2_nure_Au_sq_ppm_mean_10km,True,geochem2_nure_Au_sq_ppm_,Au_anomaly,geochemistry,NURE geochem2,nearest/mean/median/max/p95 across radii; aggregate to concept with robust max or p95,mineralization_signal,True,gold companion signal in some porphyry systems
geochem2_nure_Au_sq_ppm_median_10km,True,geochem2_nure_Au_sq_ppm_,Au_anomaly,geochemistry,NURE geochem2,nearest/mean/median/max/p95 across radii; aggregate to concept with robust max or p95,mineralization_signal,True,gold companion signal in some porphyry systems
geochem2_nure_Au_sq_ppm_max_10km,True,geochem2_nure_Au_sq_ppm_,Au_anomaly,geochemistry,NURE geochem2,nearest/mean/median/max/p95 across radii; aggregate to concept with robust max or p95,mineralization_signal,True,gold companion signal in some porphyry systems
geochem2_nure_Au_sq_ppm_p95_10km,True,geochem2_nure_Au_sq_ppm_,Au_anomaly,geochemistry,NURE geochem2,nearest/mean/median/max/p95 across radii; aggregate to concept with robust max or p95,mineralization_signal,True,gold companion signal in some porphyry systems
geochem2_nure_Ag_ppm_mean_10km,True,geochem2_nure_Ag_ppm_,Ag_anomaly,geochemistry,NURE geochem2,nearest/mean/median/max/p95 across radii; aggregate to concept with robust max or p95,pathfinder_signal,True,silver companion/pathfinder signal
geochem2_nure_Ag_ppm_median_10km,True,geochem2_nure_Ag_ppm_,Ag_anomaly,geochemistry,NURE geochem2,nearest/mean/median/max/p95 across radii; aggregate to concept with robust max or p95,pathfinder_signal,True,silver companion/pathfinder signal
geochem2_nure_Ag_ppm_max_10km,True,geochem2_nure_Ag_ppm_,Ag_anomaly,geochemistry,NURE geochem2,nearest/mean/median/max/p95 across radii; aggregate to concept with robust max or p95,pathfinder_signal,True,silver companion/pathfinder signal
geochem2_nure_Ag_ppm_p95_10km,True,geochem2_nure_Ag_ppm_,Ag_anomaly,geochemistry,NURE geochem2,nearest/mean/median/max/p95 across radii; aggregate to concept with robust max or p95,pathfinder_signal,True,silver companion/pathfinder signal
geochem2_nure_Pb_ppm_mean_10km,True,geochem2_nure_Pb_ppm_,Pb_Zn_background,geochemistry,NURE geochem2,nearest/mean/median/max/p95 across radii; aggregate to concept with robust max or p95,geochemical_background,True,lead-zinc background or peripheral signal
geochem2_nure_Pb_ppm_median_10km,True,geochem2_nure_Pb_ppm_,Pb_Zn_background,geochemistry,NURE geochem2,nearest/mean/median/max/p95 across radii; aggregate to concept with robust max or p95,geochemical_background,True,lead-zinc background or peripheral signal
geochem2_nure_Pb_ppm_max_10km,True,geochem2_nure_Pb_ppm_,Pb_Zn_background,geochemistry,NURE geochem2,nearest/mean/median/max/p95 across radii; aggregate to concept with robust max or p95,geochemical_background,True,lead-zinc background or peripheral signal
geochem2_nure_Pb_ppm_p95_10km,True,geochem2_nure_Pb_ppm_,Pb_Zn_background,geochemistry,NURE geochem2,nearest/mean/median/max/p95 across radii; aggregate to concept with robust max or p95,geochemical_background,True,lead-zinc background or peripheral signal
geochem2_nure_Zn_ppm_mean_10km,True,geochem2_nure_Zn_ppm_,Pb_Zn_background,geochemistry,NURE geochem2,nearest/mean/median/max/p95 across radii; aggregate to concept with robust max or p95,geochemical_background,True,lead-zinc background or peripheral signal
geochem2_nure_Zn_ppm_median_10km,True,geochem2_nure_Zn_ppm_,Pb_Zn_background,geochemistry,NURE geochem2,nearest/mean/median/max/p95 across radii; aggregate to concept with robust max or p95,geochemical_background,True,lead-zinc background or peripheral signal
geochem2_nure_Zn_ppm_max_10km,True,geochem2_nure_Zn_ppm_,Pb_Zn_background,geochemistry,NURE geochem2,nearest/mean/median/max/p95 across radii; aggregate to concept with robust max or p95,geochemical_background,True,lead-zinc background or peripheral signal
geochem2_nure_Zn_ppm_p95_10km,True,geochem2_nure_Zn_ppm_,Pb_Zn_background,geochemistry,NURE geochem2,nearest/mean/median/max/p95 across radii; aggregate to concept with robust max or p95,geochemical_background,True,lead-zinc background or peripheral signal
geochem2_nure_As_ppm_mean_10km,True,geochem2_nure_As_ppm_,As_Sb_Bi_pathfinder,geochemistry,NURE geochem2,nearest/mean/median/max/p95 across radii; aggregate to concept with robust max or p95,pathfinder_signal,True,arsenic pathfinder; may be weathering sensitive
geochem2_nure_As_ppm_median_10km,True,geochem2_nure_As_ppm_,As_Sb_Bi_pathfinder,geochemistry,NURE geochem2,nearest/mean/median/max/p95 across radii; aggregate to concept with robust max or p95,pathfinder_signal,True,arsenic pathfinder; may be weathering sensitive
geochem2_nure_As_ppm_max_10km,True,geochem2_nure_As_ppm_,As_Sb_Bi_pathfinder,geochemistry,NURE geochem2,nearest/mean/median/max/p95 across radii; aggregate to concept with robust max or p95,pathfinder_signal,True,arsenic pathfinder; may be weathering sensitive
geochem2_nure_As_ppm_p95_10km,True,geochem2_nure_As_ppm_,As_Sb_Bi_pathfinder,geochemistry,NURE geochem2,nearest/mean/median/max/p95 across radii; aggregate to concept with robust max or p95,pathfinder_signal,True,arsenic pathfinder; may be weathering sensitive
geochem2_nure_Sb_ppm_mean_10km,True,geochem2_nure_Sb_ppm_,As_Sb_Bi_pathfinder,geochemistry,NURE geochem2,nearest/mean/median/max/p95 across radii; aggregate to concept with robust max or p95,pathfinder_signal,True,antimony pathfinder; may be weathering sensitive
geochem2_nure_Sb_ppm_median_10km,True,geochem2_nure_Sb_ppm_,As_Sb_Bi_pathfinder,geochemistry,NURE geochem2,nearest/mean/median/max/p95 across radii; aggregate to concept with robust max or p95,pathfinder_signal,True,antimony pathfinder; may be weathering sensitive
geochem2_nure_Sb_ppm_max_10km,True,geochem2_nure_Sb_ppm_,As_Sb_Bi_pathfinder,geochemistry,NURE geochem2,nearest/mean/median/max/p95 across radii; aggregate to concept with robust max or p95,pathfinder_signal,True,antimony pathfinder; may be weathering sensitive
geochem2_nure_Sb_ppm_p95_10km,True,geochem2_nure_Sb_ppm_,As_Sb_Bi_pathfinder,geochemistry,NURE geochem2,nearest/mean/median/max/p95 across radii; aggregate to concept with robust max or p95,pathfinder_signal,True,antimony pathfinder; may be weathering sensitive
geochem2_nure_Bi_ppm_mean_10km,True,geochem2_nure_Bi_ppm_,As_Sb_Bi_pathfinder,geochemistry,NURE geochem2,nearest/mean/median/max/p95 across radii; aggregate to concept with robust max or p95,pathfinder_signal,True,bismuth pathfinder associated with hydrothermal systems
geochem2_nure_Bi_ppm_median_10km,True,geochem2_nure_Bi_ppm_,As_Sb_Bi_pathfinder,geochemistry,NURE geochem2,nearest/mean/median/max/p95 across radii; aggregate to concept with robust max or p95,pathfinder_signal,True,bismuth pathfinder associated with hydrothermal systems
geochem2_nure_Bi_ppm_max_10km,True,geochem2_nure_Bi_ppm_,As_Sb_Bi_pathfinder,geochemistry,NURE geochem2,nearest/mean/median/max/p95 across radii; aggregate to concept with robust max or p95,pathfinder_signal,True,bismuth pathfinder associated with hydrothermal systems
geochem2_nure_Bi_ppm_p95_10km,True,geochem2_nure_Bi_ppm_,As_Sb_Bi_pathfinder,geochemistry,NURE geochem2,nearest/mean/median/max/p95 across radii; aggregate to concept with robust max or p95,pathfinder_signal,True,bismuth pathfinder associated with hydrothermal systems
geochem2_nure_W_ppm_mean_10km,True,geochem2_nure_W_ppm_,W_Re_pathfinder,geochemistry,NURE geochem2,nearest/mean/median/max/p95 across radii; aggregate to concept with robust max or p95,pathfinder_signal,True,tungsten-rhenium pathfinder group
geochem2_nure_W_ppm_median_10km,True,geochem2_nure_W_ppm_,W_Re_pathfinder,geochemistry,NURE geochem2,nearest/mean/median/max/p95 across radii; aggregate to concept with robust max or p95,pathfinder_signal,True,tungsten-rhenium pathfinder group
geochem2_nure_W_ppm_max_10km,True,geochem2_nure_W_ppm_,W_Re_pathfinder,geochemistry,NURE geochem2,nearest/mean/median/max/p95 across radii; aggregate to concept with robust max or p95,pathfinder_signal,True,tungsten-rhenium pathfinder group
geochem2_nure_W_ppm_p95_10km,True,geochem2_nure_W_ppm_,W_Re_pathfinder,geochemistry,NURE geochem2,nearest/mean/median/max/p95 across radii; aggregate to concept with robust max or p95,pathfinder_signal,True,tungsten-rhenium pathfinder group
geochem2_nure_Cu_ppm_mean_25km,True,geochem2_nure_Cu_ppm_,Cu_anomaly,geochemistry,NURE geochem2,nearest/mean/median/max/p95 across radii; aggregate to concept with robust max or p95,mineralization_signal,True,main ore element for porphyry copper
geochem2_nure_Cu_ppm_median_25km,True,geochem2_nure_Cu_ppm_,Cu_anomaly,geochemistry,NURE geochem2,nearest/mean/median/max/p95 across radii; aggregate to concept with robust max or p95,mineralization_signal,True,main ore element for porphyry copper
geochem2_nure_Cu_ppm_max_25km,True,geochem2_nure_Cu_ppm_,Cu_anomaly,geochemistry,NURE geochem2,nearest/mean/median/max/p95 across radii; aggregate to concept with robust max or p95,mineralization_signal,True,main ore element for porphyry copper
geochem2_nure_Cu_ppm_p95_25km,True,geochem2_nure_Cu_ppm_,Cu_anomaly,geochemistry,NURE geochem2,nearest/mean/median/max/p95 across radii; aggregate to concept with robust max or p95,mineralization_signal,True,main ore element for porphyry copper
geochem2_nure_Mo_ppm_mean_25km,True,geochem2_nure_Mo_ppm_,Mo_anomaly,geochemistry,NURE geochem2,nearest/mean/median/max/p95 across radii; aggregate to concept with robust max or p95,mineralization_signal,True,common porphyry copper companion element
geochem2_nure_Mo_ppm_median_25km,True,geochem2_nure_Mo_ppm_,Mo_anomaly,geochemistry,NURE geochem2,nearest/mean/median/max/p95 across radii; aggregate to concept with robust max or p95,mineralization_signal,True,common porphyry copper companion element
geochem2_nure_Mo_ppm_max_25km,True,geochem2_nure_Mo_ppm_,Mo_anomaly,geochemistry,NURE geochem2,nearest/mean/median/max/p95 across radii; aggregate to concept with robust max or p95,mineralization_signal,True,common porphyry copper companion element
geochem2_nure_Mo_ppm_p95_25km,True,geochem2_nure_Mo_ppm_,Mo_anomaly,geochemistry,NURE geochem2,nearest/mean/median/max/p95 across radii; aggregate to concept with robust max or p95,mineralization_signal,True,common porphyry copper companion element
geochem2_nure_Au_sq_ppm_mean_25km,True,geochem2_nure_Au_sq_ppm_,Au_anomaly,geochemistry,NURE geochem2,nearest/mean/median/max/p95 across radii; aggregate to concept with robust max or p95,mineralization_signal,True,gold companion signal in some porphyry systems
geochem2_nure_Au_sq_ppm_median_25km,True,geochem2_nure_Au_sq_ppm_,Au_anomaly,geochemistry,NURE geochem2,nearest/mean/median/max/p95 across radii; aggregate to concept with robust max or p95,mineralization_signal,True,gold companion signal in some porphyry systems
geochem2_nure_Au_sq_ppm_max_25km,True,geochem2_nure_Au_sq_ppm_,Au_anomaly,geochemistry,NURE geochem2,nearest/mean/median/max/p95 across radii; aggregate to concept with robust max or p95,mineralization_signal,True,gold companion signal in some porphyry systems
geochem2_nure_Au_sq_ppm_p95_25km,True,geochem2_nure_Au_sq_ppm_,Au_anomaly,geochemistry,NURE geochem2,nearest/mean/median/max/p95 across radii; aggregate to concept with robust max or p95,mineralization_signal,True,gold companion signal in some porphyry systems
geochem2_nure_Ag_ppm_mean_25km,True,geochem2_nure_Ag_ppm_,Ag_anomaly,geochemistry,NURE geochem2,nearest/mean/median/max/p95 across radii; aggregate to concept with robust max or p95,pathfinder_signal,True,silver companion/pathfinder signal
geochem2_nure_Ag_ppm_median_25km,True,geochem2_nure_Ag_ppm_,Ag_anomaly,geochemistry,NURE geochem2,nearest/mean/median/max/p95 across radii; aggregate to concept with robust max or p95,pathfinder_signal,True,silver companion/pathfinder signal
geochem2_nure_Ag_ppm_max_25km,True,geochem2_nure_Ag_ppm_,Ag_anomaly,geochemistry,NURE geochem2,nearest/mean/median/max/p95 across radii; aggregate to concept with robust max or p95,pathfinder_signal,True,silver companion/pathfinder signal
geochem2_nure_Ag_ppm_p95_25km,True,geochem2_nure_Ag_ppm_,Ag_anomaly,geochemistry,NURE geochem2,nearest/mean/median/max/p95 across radii; aggregate to concept with robust max or p95,pathfinder_signal,True,silver companion/pathfinder signal
geochem2_nure_Pb_ppm_mean_25km,True,geochem2_nure_Pb_ppm_,Pb_Zn_background,geochemistry,NURE geochem2,nearest/mean/median/max/p95 across radii; aggregate to concept with robust max or p95,geochemical_background,True,lead-zinc background or peripheral signal
geochem2_nure_Pb_ppm_median_25km,True,geochem2_nure_Pb_ppm_,Pb_Zn_background,geochemistry,NURE geochem2,nearest/mean/median/max/p95 across radii; aggregate to concept with robust max or p95,geochemical_background,True,lead-zinc background or peripheral signal
geochem2_nure_Pb_ppm_max_25km,True,geochem2_nure_Pb_ppm_,Pb_Zn_background,geochemistry,NURE geochem2,nearest/mean/median/max/p95 across radii; aggregate to concept with robust max or p95,geochemical_background,True,lead-zinc background or peripheral signal
geochem2_nure_Pb_ppm_p95_25km,True,geochem2_nure_Pb_ppm_,Pb_Zn_background,geochemistry,NURE geochem2,nearest/mean/median/max/p95 across radii; aggregate to concept with robust max or p95,geochemical_background,True,lead-zinc background or peripheral signal
geochem2_nure_Zn_ppm_mean_25km,True,geochem2_nure_Zn_ppm_,Pb_Zn_background,geochemistry,NURE geochem2,nearest/mean/median/max/p95 across radii; aggregate to concept with robust max or p95,geochemical_background,True,lead-zinc background or peripheral signal
geochem2_nure_Zn_ppm_median_25km,True,geochem2_nure_Zn_ppm_,Pb_Zn_background,geochemistry,NURE geochem2,nearest/mean/median/max/p95 across radii; aggregate to concept with robust max or p95,geochemical_background,True,lead-zinc background or peripheral signal
geochem2_nure_Zn_ppm_max_25km,True,geochem2_nure_Zn_ppm_,Pb_Zn_background,geochemistry,NURE geochem2,nearest/mean/median/max/p95 across radii; aggregate to concept with robust max or p95,geochemical_background,True,lead-zinc background or peripheral signal
geochem2_nure_Zn_ppm_p95_25km,True,geochem2_nure_Zn_ppm_,Pb_Zn_background,geochemistry,NURE geochem2,nearest/mean/median/max/p95 across radii; aggregate to concept with robust max or p95,geochemical_background,True,lead-zinc background or peripheral signal
geochem2_nure_As_ppm_mean_25km,True,geochem2_nure_As_ppm_,As_Sb_Bi_pathfinder,geochemistry,NURE geochem2,nearest/mean/median/max/p95 across radii; aggregate to concept with robust max or p95,pathfinder_signal,True,arsenic pathfinder; may be weathering sensitive
geochem2_nure_As_ppm_median_25km,True,geochem2_nure_As_ppm_,As_Sb_Bi_pathfinder,geochemistry,NURE geochem2,nearest/mean/median/max/p95 across radii; aggregate to concept with robust max or p95,pathfinder_signal,True,arsenic pathfinder; may be weathering sensitive
geochem2_nure_As_ppm_max_25km,True,geochem2_nure_As_ppm_,As_Sb_Bi_pathfinder,geochemistry,NURE geochem2,nearest/mean/median/max/p95 across radii; aggregate to concept with robust max or p95,pathfinder_signal,True,arsenic pathfinder; may be weathering sensitive
geochem2_nure_As_ppm_p95_25km,True,geochem2_nure_As_ppm_,As_Sb_Bi_pathfinder,geochemistry,NURE geochem2,nearest/mean/median/max/p95 across radii; aggregate to concept with robust max or p95,pathfinder_signal,True,arsenic pathfinder; may be weathering sensitive
geochem2_nure_Sb_ppm_mean_25km,True,geochem2_nure_Sb_ppm_,As_Sb_Bi_pathfinder,geochemistry,NURE geochem2,nearest/mean/median/max/p95 across radii; aggregate to concept with robust max or p95,pathfinder_signal,True,antimony pathfinder; may be weathering sensitive
geochem2_nure_Sb_ppm_median_25km,True,geochem2_nure_Sb_ppm_,As_Sb_Bi_pathfinder,geochemistry,NURE geochem2,nearest/mean/median/max/p95 across radii; aggregate to concept with robust max or p95,pathfinder_signal,True,antimony pathfinder; may be weathering sensitive
geochem2_nure_Sb_ppm_max_25km,True,geochem2_nure_Sb_ppm_,As_Sb_Bi_pathfinder,geochemistry,NURE geochem2,nearest/mean/median/max/p95 across radii; aggregate to concept with robust max or p95,pathfinder_signal,True,antimony pathfinder; may be weathering sensitive
geochem2_nure_Sb_ppm_p95_25km,True,geochem2_nure_Sb_ppm_,As_Sb_Bi_pathfinder,geochemistry,NURE geochem2,nearest/mean/median/max/p95 across radii; aggregate to concept with robust max or p95,pathfinder_signal,True,antimony pathfinder; may be weathering sensitive
geochem2_nure_Bi_ppm_mean_25km,True,geochem2_nure_Bi_ppm_,As_Sb_Bi_pathfinder,geochemistry,NURE geochem2,nearest/mean/median/max/p95 across radii; aggregate to concept with robust max or p95,pathfinder_signal,True,bismuth pathfinder associated with hydrothermal systems
geochem2_nure_Bi_ppm_median_25km,True,geochem2_nure_Bi_ppm_,As_Sb_Bi_pathfinder,geochemistry,NURE geochem2,nearest/mean/median/max/p95 across radii; aggregate to concept with robust max or p95,pathfinder_signal,True,bismuth pathfinder associated with hydrothermal systems
geochem2_nure_Bi_ppm_max_25km,True,geochem2_nure_Bi_ppm_,As_Sb_Bi_pathfinder,geochemistry,NURE geochem2,nearest/mean/median/max/p95 across radii; aggregate to concept with robust max or p95,pathfinder_signal,True,bismuth pathfinder associated with hydrothermal systems
geochem2_nure_Bi_ppm_p95_25km,True,geochem2_nure_Bi_ppm_,As_Sb_Bi_pathfinder,geochemistry,NURE geochem2,nearest/mean/median/max/p95 across radii; aggregate to concept with robust max or p95,pathfinder_signal,True,bismuth pathfinder associated with hydrothermal systems
geochem2_nure_W_ppm_mean_25km,True,geochem2_nure_W_ppm_,W_Re_pathfinder,geochemistry,NURE geochem2,nearest/mean/median/max/p95 across radii; aggregate to concept with robust max or p95,pathfinder_signal,True,tungsten-rhenium pathfinder group
geochem2_nure_W_ppm_median_25km,True,geochem2_nure_W_ppm_,W_Re_pathfinder,geochemistry,NURE geochem2,nearest/mean/median/max/p95 across radii; aggregate to concept with robust max or p95,pathfinder_signal,True,tungsten-rhenium pathfinder group
geochem2_nure_W_ppm_max_25km,True,geochem2_nure_W_ppm_,W_Re_pathfinder,geochemistry,NURE geochem2,nearest/mean/median/max/p95 across radii; aggregate to concept with robust max or p95,pathfinder_signal,True,tungsten-rhenium pathfinder group
geochem2_nure_W_ppm_p95_25km,True,geochem2_nure_W_ppm_,W_Re_pathfinder,geochemistry,NURE geochem2,nearest/mean/median/max/p95 across radii; aggregate to concept with robust max or p95,pathfinder_signal,True,tungsten-rhenium pathfinder group
geochem2_nure_Re_ppm_mean_25km,True,geochem2_nure_Re_ppm_,W_Re_pathfinder,geochemistry,NURE geochem2,nearest/mean/median/max/p95 across radii; aggregate to concept with robust max or p95,pathfinder_signal,True,rhenium pathfinder group; often sparse/nondetect
geochem2_nure_Re_ppm_median_25km,True,geochem2_nure_Re_ppm_,W_Re_pathfinder,geochemistry,NURE geochem2,nearest/mean/median/max/p95 across radii; aggregate to concept with robust max or p95,pathfinder_signal,True,rhenium pathfinder group; often sparse/nondetect
geochem2_nure_Re_ppm_max_25km,True,geochem2_nure_Re_ppm_,W_Re_pathfinder,geochemistry,NURE geochem2,nearest/mean/median/max/p95 across radii; aggregate to concept with robust max or p95,pathfinder_signal,True,rhenium pathfinder group; often sparse/nondetect
geochem2_nure_Re_ppm_p95_25km,True,geochem2_nure_Re_ppm_,W_Re_pathfinder,geochemistry,NURE geochem2,nearest/mean/median/max/p95 across radii; aggregate to concept with robust max or p95,pathfinder_signal,True,rhenium pathfinder group; often sparse/nondetect
geochem2_nure_Cu_ppm_mean_50km,True,geochem2_nure_Cu_ppm_,Cu_anomaly,geochemistry,NURE geochem2,nearest/mean/median/max/p95 across radii; aggregate to concept with robust max or p95,mineralization_signal,True,main ore element for porphyry copper
geochem2_nure_Cu_ppm_median_50km,True,geochem2_nure_Cu_ppm_,Cu_anomaly,geochemistry,NURE geochem2,nearest/mean/median/max/p95 across radii; aggregate to concept with robust max or p95,mineralization_signal,True,main ore element for porphyry copper
geochem2_nure_Cu_ppm_max_50km,True,geochem2_nure_Cu_ppm_,Cu_anomaly,geochemistry,NURE geochem2,nearest/mean/median/max/p95 across radii; aggregate to concept with robust max or p95,mineralization_signal,True,main ore element for porphyry copper
geochem2_nure_Cu_ppm_p95_50km,True,geochem2_nure_Cu_ppm_,Cu_anomaly,geochemistry,NURE geochem2,nearest/mean/median/max/p95 across radii; aggregate to concept with robust max or p95,mineralization_signal,True,main ore element for porphyry copper
geochem2_nure_Mo_ppm_mean_50km,True,geochem2_nure_Mo_ppm_,Mo_anomaly,geochemistry,NURE geochem2,nearest/mean/median/max/p95 across radii; aggregate to concept with robust max or p95,mineralization_signal,True,common porphyry copper companion element
geochem2_nure_Mo_ppm_median_50km,True,geochem2_nure_Mo_ppm_,Mo_anomaly,geochemistry,NURE geochem2,nearest/mean/median/max/p95 across radii; aggregate to concept with robust max or p95,mineralization_signal,True,common porphyry copper companion element
geochem2_nure_Mo_ppm_max_50km,True,geochem2_nure_Mo_ppm_,Mo_anomaly,geochemistry,NURE geochem2,nearest/mean/median/max/p95 across radii; aggregate to concept with robust max or p95,mineralization_signal,True,common porphyry copper companion element
geochem2_nure_Mo_ppm_p95_50km,True,geochem2_nure_Mo_ppm_,Mo_anomaly,geochemistry,NURE geochem2,nearest/mean/median/max/p95 across radii; aggregate to concept with robust max or p95,mineralization_signal,True,common porphyry copper companion element
geochem2_nure_Au_sq_ppm_mean_50km,True,geochem2_nure_Au_sq_ppm_,Au_anomaly,geochemistry,NURE geochem2,nearest/mean/median/max/p95 across radii; aggregate to concept with robust max or p95,mineralization_signal,True,gold companion signal in some porphyry systems
geochem2_nure_Au_sq_ppm_median_50km,True,geochem2_nure_Au_sq_ppm_,Au_anomaly,geochemistry,NURE geochem2,nearest/mean/median/max/p95 across radii; aggregate to concept with robust max or p95,mineralization_signal,True,gold companion signal in some porphyry systems
geochem2_nure_Au_sq_ppm_max_50km,True,geochem2_nure_Au_sq_ppm_,Au_anomaly,geochemistry,NURE geochem2,nearest/mean/median/max/p95 across radii; aggregate to concept with robust max or p95,mineralization_signal,True,gold companion signal in some porphyry systems
geochem2_nure_Au_sq_ppm_p95_50km,True,geochem2_nure_Au_sq_ppm_,Au_anomaly,geochemistry,NURE geochem2,nearest/mean/median/max/p95 across radii; aggregate to concept with robust max or p95,mineralization_signal,True,gold companion signal in some porphyry systems
geochem2_nure_Ag_ppm_mean_50km,True,geochem2_nure_Ag_ppm_,Ag_anomaly,geochemistry,NURE geochem2,nearest/mean/median/max/p95 across radii; aggregate to concept with robust max or p95,pathfinder_signal,True,silver companion/pathfinder signal
geochem2_nure_Ag_ppm_median_50km,True,geochem2_nure_Ag_ppm_,Ag_anomaly,geochemistry,NURE geochem2,nearest/mean/median/max/p95 across radii; aggregate to concept with robust max or p95,pathfinder_signal,True,silver companion/pathfinder signal
geochem2_nure_Ag_ppm_max_50km,True,geochem2_nure_Ag_ppm_,Ag_anomaly,geochemistry,NURE geochem2,nearest/mean/median/max/p95 across radii; aggregate to concept with robust max or p95,pathfinder_signal,True,silver companion/pathfinder signal
geochem2_nure_Ag_ppm_p95_50km,True,geochem2_nure_Ag_ppm_,Ag_anomaly,geochemistry,NURE geochem2,nearest/mean/median/max/p95 across radii; aggregate to concept with robust max or p95,pathfinder_signal,True,silver companion/pathfinder signal
geochem2_nure_Pb_ppm_mean_50km,True,geochem2_nure_Pb_ppm_,Pb_Zn_background,geochemistry,NURE geochem2,nearest/mean/median/max/p95 across radii; aggregate to concept with robust max or p95,geochemical_background,True,lead-zinc background or peripheral signal
geochem2_nure_Pb_ppm_median_50km,True,geochem2_nure_Pb_ppm_,Pb_Zn_background,geochemistry,NURE geochem2,nearest/mean/median/max/p95 across radii; aggregate to concept with robust max or p95,geochemical_background,True,lead-zinc background or peripheral signal
geochem2_nure_Pb_ppm_max_50km,True,geochem2_nure_Pb_ppm_,Pb_Zn_background,geochemistry,NURE geochem2,nearest/mean/median/max/p95 across radii; aggregate to concept with robust max or p95,geochemical_background,True,lead-zinc background or peripheral signal
geochem2_nure_Pb_ppm_p95_50km,True,geochem2_nure_Pb_ppm_,Pb_Zn_background,geochemistry,NURE geochem2,nearest/mean/median/max/p95 across radii; aggregate to concept with robust max or p95,geochemical_background,True,lead-zinc background or peripheral signal
geochem2_nure_Zn_ppm_mean_50km,True,geochem2_nure_Zn_ppm_,Pb_Zn_background,geochemistry,NURE geochem2,nearest/mean/median/max/p95 across radii; aggregate to concept with robust max or p95,geochemical_background,True,lead-zinc background or peripheral signal
geochem2_nure_Zn_ppm_median_50km,True,geochem2_nure_Zn_ppm_,Pb_Zn_background,geochemistry,NURE geochem2,nearest/mean/median/max/p95 across radii; aggregate to concept with robust max or p95,geochemical_background,True,lead-zinc background or peripheral signal
geochem2_nure_Zn_ppm_max_50km,True,geochem2_nure_Zn_ppm_,Pb_Zn_background,geochemistry,NURE geochem2,nearest/mean/median/max/p95 across radii; aggregate to concept with robust max or p95,geochemical_background,True,lead-zinc background or peripheral signal
geochem2_nure_Zn_ppm_p95_50km,True,geochem2_nure_Zn_ppm_,Pb_Zn_background,geochemistry,NURE geochem2,nearest/mean/median/max/p95 across radii; aggregate to concept with robust max or p95,geochemical_background,True,lead-zinc background or peripheral signal
geochem2_nure_As_ppm_mean_50km,True,geochem2_nure_As_ppm_,As_Sb_Bi_pathfinder,geochemistry,NURE geochem2,nearest/mean/median/max/p95 across radii; aggregate to concept with robust max or p95,pathfinder_signal,True,arsenic pathfinder; may be weathering sensitive
geochem2_nure_As_ppm_median_50km,True,geochem2_nure_As_ppm_,As_Sb_Bi_pathfinder,geochemistry,NURE geochem2,nearest/mean/median/max/p95 across radii; aggregate to concept with robust max or p95,pathfinder_signal,True,arsenic pathfinder; may be weathering sensitive
geochem2_nure_As_ppm_max_50km,True,geochem2_nure_As_ppm_,As_Sb_Bi_pathfinder,geochemistry,NURE geochem2,nearest/mean/median/max/p95 across radii; aggregate to concept with robust max or p95,pathfinder_signal,True,arsenic pathfinder; may be weathering sensitive
geochem2_nure_As_ppm_p95_50km,True,geochem2_nure_As_ppm_,As_Sb_Bi_pathfinder,geochemistry,NURE geochem2,nearest/mean/median/max/p95 across radii; aggregate to concept with robust max or p95,pathfinder_signal,True,arsenic pathfinder; may be weathering sensitive
geochem2_nure_Sb_ppm_mean_50km,True,geochem2_nure_Sb_ppm_,As_Sb_Bi_pathfinder,geochemistry,NURE geochem2,nearest/mean/median/max/p95 across radii; aggregate to concept with robust max or p95,pathfinder_signal,True,antimony pathfinder; may be weathering sensitive
geochem2_nure_Sb_ppm_median_50km,True,geochem2_nure_Sb_ppm_,As_Sb_Bi_pathfinder,geochemistry,NURE geochem2,nearest/mean/median/max/p95 across radii; aggregate to concept with robust max or p95,pathfinder_signal,True,antimony pathfinder; may be weathering sensitive
geochem2_nure_Sb_ppm_max_50km,True,geochem2_nure_Sb_ppm_,As_Sb_Bi_pathfinder,geochemistry,NURE geochem2,nearest/mean/median/max/p95 across radii; aggregate to concept with robust max or p95,pathfinder_signal,True,antimony pathfinder; may be weathering sensitive
geochem2_nure_Sb_ppm_p95_50km,True,geochem2_nure_Sb_ppm_,As_Sb_Bi_pathfinder,geochemistry,NURE geochem2,nearest/mean/median/max/p95 across radii; aggregate to concept with robust max or p95,pathfinder_signal,True,antimony pathfinder; may be weathering sensitive
geochem2_nure_Bi_ppm_mean_50km,True,geochem2_nure_Bi_ppm_,As_Sb_Bi_pathfinder,geochemistry,NURE geochem2,nearest/mean/median/max/p95 across radii; aggregate to concept with robust max or p95,pathfinder_signal,True,bismuth pathfinder associated with hydrothermal systems
geochem2_nure_Bi_ppm_median_50km,True,geochem2_nure_Bi_ppm_,As_Sb_Bi_pathfinder,geochemistry,NURE geochem2,nearest/mean/median/max/p95 across radii; aggregate to concept with robust max or p95,pathfinder_signal,True,bismuth pathfinder associated with hydrothermal systems
geochem2_nure_Bi_ppm_max_50km,True,geochem2_nure_Bi_ppm_,As_Sb_Bi_pathfinder,geochemistry,NURE geochem2,nearest/mean/median/max/p95 across radii; aggregate to concept with robust max or p95,pathfinder_signal,True,bismuth pathfinder associated with hydrothermal systems
geochem2_nure_Bi_ppm_p95_50km,True,geochem2_nure_Bi_ppm_,As_Sb_Bi_pathfinder,geochemistry,NURE geochem2,nearest/mean/median/max/p95 across radii; aggregate to concept with robust max or p95,pathfinder_signal,True,bismuth pathfinder associated with hydrothermal systems
geochem2_nure_W_ppm_mean_50km,True,geochem2_nure_W_ppm_,W_Re_pathfinder,geochemistry,NURE geochem2,nearest/mean/median/max/p95 across radii; aggregate to concept with robust max or p95,pathfinder_signal,True,tungsten-rhenium pathfinder group
geochem2_nure_W_ppm_median_50km,True,geochem2_nure_W_ppm_,W_Re_pathfinder,geochemistry,NURE geochem2,nearest/mean/median/max/p95 across radii; aggregate to concept with robust max or p95,pathfinder_signal,True,tungsten-rhenium pathfinder group
geochem2_nure_W_ppm_max_50km,True,geochem2_nure_W_ppm_,W_Re_pathfinder,geochemistry,NURE geochem2,nearest/mean/median/max/p95 across radii; aggregate to concept with robust max or p95,pathfinder_signal,True,tungsten-rhenium pathfinder group
geochem2_nure_W_ppm_p95_50km,True,geochem2_nure_W_ppm_,W_Re_pathfinder,geochemistry,NURE geochem2,nearest/mean/median/max/p95 across radii; aggregate to concept with robust max or p95,pathfinder_signal,True,tungsten-rhenium pathfinder group
geochem2_nure_Re_ppm_mean_50km,True,geochem2_nure_Re_ppm_,W_Re_pathfinder,geochemistry,NURE geochem2,nearest/mean/median/max/p95 across radii; aggregate to concept with robust max or p95,pathfinder_signal,True,rhenium pathfinder group; often sparse/nondetect
geochem2_nure_Re_ppm_median_50km,True,geochem2_nure_Re_ppm_,W_Re_pathfinder,geochemistry,NURE geochem2,nearest/mean/median/max/p95 across radii; aggregate to concept with robust max or p95,pathfinder_signal,True,rhenium pathfinder group; often sparse/nondetect
geochem2_nure_Re_ppm_max_50km,True,geochem2_nure_Re_ppm_,W_Re_pathfinder,geochemistry,NURE geochem2,nearest/mean/median/max/p95 across radii; aggregate to concept with robust max or p95,pathfinder_signal,True,rhenium pathfinder group; often sparse/nondetect
geochem2_nure_Re_ppm_p95_50km,True,geochem2_nure_Re_ppm_,W_Re_pathfinder,geochemistry,NURE geochem2,nearest/mean/median/max/p95 across radii; aggregate to concept with robust max or p95,pathfinder_signal,True,rhenium pathfinder group; often sparse/nondetect
geochem1_usgs_Cu_value_nearest,True,geochem1_usgs_Cu_value_,Cu_anomaly,geochemistry,USGS geochem1,nearest/mean/median/max/p95 across radii; aggregate to concept with robust max or p95,mineralization_signal,True,main ore element for porphyry copper
geochem1_usgs_Mo_value_nearest,True,geochem1_usgs_Mo_value_,Mo_anomaly,geochemistry,USGS geochem1,nearest/mean/median/max/p95 across radii; aggregate to concept with robust max or p95,mineralization_signal,True,common porphyry copper companion element
geochem1_usgs_Pb_value_nearest,True,geochem1_usgs_Pb_value_,Pb_Zn_background,geochemistry,USGS geochem1,nearest/mean/median/max/p95 across radii; aggregate to concept with robust max or p95,geochemical_background,True,lead-zinc background or peripheral signal
geochem1_usgs_Zn_value_nearest,True,geochem1_usgs_Zn_value_,Pb_Zn_background,geochemistry,USGS geochem1,nearest/mean/median/max/p95 across radii; aggregate to concept with robust max or p95,geochemical_background,True,lead-zinc background or peripheral signal
geochem1_usgs_As_value_nearest,True,geochem1_usgs_As_value_,As_Sb_Bi_pathfinder,geochemistry,USGS geochem1,nearest/mean/median/max/p95 across radii; aggregate to concept with robust max or p95,pathfinder_signal,True,arsenic pathfinder; may be weathering sensitive
geochem1_usgs_Sb_value_nearest,True,geochem1_usgs_Sb_value_,As_Sb_Bi_pathfinder,geochemistry,USGS geochem1,nearest/mean/median/max/p95 across radii; aggregate to concept with robust max or p95,pathfinder_signal,True,antimony pathfinder; may be weathering sensitive
geochem1_usgs_Cu_value_mean_5km,True,geochem1_usgs_Cu_value_,Cu_anomaly,geochemistry,USGS geochem1,nearest/mean/median/max/p95 across radii; aggregate to concept with robust max or p95,mineralization_signal,True,main ore element for porphyry copper
geochem1_usgs_Cu_value_median_5km,True,geochem1_usgs_Cu_value_,Cu_anomaly,geochemistry,USGS geochem1,nearest/mean/median/max/p95 across radii; aggregate to concept with robust max or p95,mineralization_signal,True,main ore element for porphyry copper
geochem1_usgs_Cu_value_max_5km,True,geochem1_usgs_Cu_value_,Cu_anomaly,geochemistry,USGS geochem1,nearest/mean/median/max/p95 across radii; aggregate to concept with robust max or p95,mineralization_signal,True,main ore element for porphyry copper
geochem1_usgs_Cu_value_p95_5km,True,geochem1_usgs_Cu_value_,Cu_anomaly,geochemistry,USGS geochem1,nearest/mean/median/max/p95 across radii; aggregate to concept with robust max or p95,mineralization_signal,True,main ore element for porphyry copper
geochem1_usgs_Mo_value_mean_5km,True,geochem1_usgs_Mo_value_,Mo_anomaly,geochemistry,USGS geochem1,nearest/mean/median/max/p95 across radii; aggregate to concept with robust max or p95,mineralization_signal,True,common porphyry copper companion element
geochem1_usgs_Mo_value_median_5km,True,geochem1_usgs_Mo_value_,Mo_anomaly,geochemistry,USGS geochem1,nearest/mean/median/max/p95 across radii; aggregate to concept with robust max or p95,mineralization_signal,True,common porphyry copper companion element
geochem1_usgs_Mo_value_max_5km,True,geochem1_usgs_Mo_value_,Mo_anomaly,geochemistry,USGS geochem1,nearest/mean/median/max/p95 across radii; aggregate to concept with robust max or p95,mineralization_signal,True,common porphyry copper companion element
geochem1_usgs_Mo_value_p95_5km,True,geochem1_usgs_Mo_value_,Mo_anomaly,geochemistry,USGS geochem1,nearest/mean/median/max/p95 across radii; aggregate to concept with robust max or p95,mineralization_signal,True,common porphyry copper companion element
geochem1_usgs_Au_value_mean_5km,True,geochem1_usgs_Au_value_,Au_anomaly,geochemistry,USGS geochem1,nearest/mean/median/max/p95 across radii; aggregate to concept with robust max or p95,mineralization_signal,True,gold companion signal in some porphyry systems
geochem1_usgs_Au_value_median_5km,True,geochem1_usgs_Au_value_,Au_anomaly,geochemistry,USGS geochem1,nearest/mean/median/max/p95 across radii; aggregate to concept with robust max or p95,mineralization_signal,True,gold companion signal in some porphyry systems
geochem1_usgs_Au_value_max_5km,True,geochem1_usgs_Au_value_,Au_anomaly,geochemistry,USGS geochem1,nearest/mean/median/max/p95 across radii; aggregate to concept with robust max or p95,mineralization_signal,True,gold companion signal in some porphyry systems
geochem1_usgs_Au_value_p95_5km,True,geochem1_usgs_Au_value_,Au_anomaly,geochemistry,USGS geochem1,nearest/mean/median/max/p95 across radii; aggregate to concept with robust max or p95,mineralization_signal,True,gold companion signal in some porphyry systems
geochem1_usgs_Ag_value_mean_5km,True,geochem1_usgs_Ag_value_,Ag_anomaly,geochemistry,USGS geochem1,nearest/mean/median/max/p95 across radii; aggregate to concept with robust max or p95,pathfinder_signal,True,silver companion/pathfinder signal
geochem1_usgs_Ag_value_median_5km,True,geochem1_usgs_Ag_value_,Ag_anomaly,geochemistry,USGS geochem1,nearest/mean/median/max/p95 across radii; aggregate to concept with robust max or p95,pathfinder_signal,True,silver companion/pathfinder signal
geochem1_usgs_Ag_value_max_5km,True,geochem1_usgs_Ag_value_,Ag_anomaly,geochemistry,USGS geochem1,nearest/mean/median/max/p95 across radii; aggregate to concept with robust max or p95,pathfinder_signal,True,silver companion/pathfinder signal
geochem1_usgs_Ag_value_p95_5km,True,geochem1_usgs_Ag_value_,Ag_anomaly,geochemistry,USGS geochem1,nearest/mean/median/max/p95 across radii; aggregate to concept with robust max or p95,pathfinder_signal,True,silver companion/pathfinder signal
geochem1_usgs_Pb_value_mean_5km,True,geochem1_usgs_Pb_value_,Pb_Zn_background,geochemistry,USGS geochem1,nearest/mean/median/max/p95 across radii; aggregate to concept with robust max or p95,geochemical_background,True,lead-zinc background or peripheral signal
geochem1_usgs_Pb_value_median_5km,True,geochem1_usgs_Pb_value_,Pb_Zn_background,geochemistry,USGS geochem1,nearest/mean/median/max/p95 across radii; aggregate to concept with robust max or p95,geochemical_background,True,lead-zinc background or peripheral signal
geochem1_usgs_Pb_value_max_5km,True,geochem1_usgs_Pb_value_,Pb_Zn_background,geochemistry,USGS geochem1,nearest/mean/median/max/p95 across radii; aggregate to concept with robust max or p95,geochemical_background,True,lead-zinc background or peripheral signal
geochem1_usgs_Pb_value_p95_5km,True,geochem1_usgs_Pb_value_,Pb_Zn_background,geochemistry,USGS geochem1,nearest/mean/median/max/p95 across radii; aggregate to concept with robust max or p95,geochemical_background,True,lead-zinc background or peripheral signal
geochem1_usgs_Zn_value_mean_5km,True,geochem1_usgs_Zn_value_,Pb_Zn_background,geochemistry,USGS geochem1,nearest/mean/median/max/p95 across radii; aggregate to concept with robust max or p95,geochemical_background,True,lead-zinc background or peripheral signal
geochem1_usgs_Zn_value_median_5km,True,geochem1_usgs_Zn_value_,Pb_Zn_background,geochemistry,USGS geochem1,nearest/mean/median/max/p95 across radii; aggregate to concept with robust max or p95,geochemical_background,True,lead-zinc background or peripheral signal
geochem1_usgs_Zn_value_max_5km,True,geochem1_usgs_Zn_value_,Pb_Zn_background,geochemistry,USGS geochem1,nearest/mean/median/max/p95 across radii; aggregate to concept with robust max or p95,geochemical_background,True,lead-zinc background or peripheral signal
geochem1_usgs_Zn_value_p95_5km,True,geochem1_usgs_Zn_value_,Pb_Zn_background,geochemistry,USGS geochem1,nearest/mean/median/max/p95 across radii; aggregate to concept with robust max or p95,geochemical_background,True,lead-zinc background or peripheral signal
geochem1_usgs_As_value_mean_5km,True,geochem1_usgs_As_value_,As_Sb_Bi_pathfinder,geochemistry,USGS geochem1,nearest/mean/median/max/p95 across radii; aggregate to concept with robust max or p95,pathfinder_signal,True,arsenic pathfinder; may be weathering sensitive
geochem1_usgs_As_value_median_5km,True,geochem1_usgs_As_value_,As_Sb_Bi_pathfinder,geochemistry,USGS geochem1,nearest/mean/median/max/p95 across radii; aggregate to concept with robust max or p95,pathfinder_signal,True,arsenic pathfinder; may be weathering sensitive
geochem1_usgs_As_value_max_5km,True,geochem1_usgs_As_value_,As_Sb_Bi_pathfinder,geochemistry,USGS geochem1,nearest/mean/median/max/p95 across radii; aggregate to concept with robust max or p95,pathfinder_signal,True,arsenic pathfinder; may be weathering sensitive
geochem1_usgs_As_value_p95_5km,True,geochem1_usgs_As_value_,As_Sb_Bi_pathfinder,geochemistry,USGS geochem1,nearest/mean/median/max/p95 across radii; aggregate to concept with robust max or p95,pathfinder_signal,True,arsenic pathfinder; may be weathering sensitive
geochem1_usgs_Sb_value_mean_5km,True,geochem1_usgs_Sb_value_,As_Sb_Bi_pathfinder,geochemistry,USGS geochem1,nearest/mean/median/max/p95 across radii; aggregate to concept with robust max or p95,pathfinder_signal,True,antimony pathfinder; may be weathering sensitive
geochem1_usgs_Sb_value_median_5km,True,geochem1_usgs_Sb_value_,As_Sb_Bi_pathfinder,geochemistry,USGS geochem1,nearest/mean/median/max/p95 across radii; aggregate to concept with robust max or p95,pathfinder_signal,True,antimony pathfinder; may be weathering sensitive
geochem1_usgs_Sb_value_max_5km,True,geochem1_usgs_Sb_value_,As_Sb_Bi_pathfinder,geochemistry,USGS geochem1,nearest/mean/median/max/p95 across radii; aggregate to concept with robust max or p95,pathfinder_signal,True,antimony pathfinder; may be weathering sensitive
geochem1_usgs_Sb_value_p95_5km,True,geochem1_usgs_Sb_value_,As_Sb_Bi_pathfinder,geochemistry,USGS geochem1,nearest/mean/median/max/p95 across radii; aggregate to concept with robust max or p95,pathfinder_signal,True,antimony pathfinder; may be weathering sensitive
geochem1_usgs_Bi_value_mean_5km,True,geochem1_usgs_Bi_value_,As_Sb_Bi_pathfinder,geochemistry,USGS geochem1,nearest/mean/median/max/p95 across radii; aggregate to concept with robust max or p95,pathfinder_signal,True,bismuth pathfinder associated with hydrothermal systems
geochem1_usgs_Bi_value_median_5km,True,geochem1_usgs_Bi_value_,As_Sb_Bi_pathfinder,geochemistry,USGS geochem1,nearest/mean/median/max/p95 across radii; aggregate to concept with robust max or p95,pathfinder_signal,True,bismuth pathfinder associated with hydrothermal systems
geochem1_usgs_Bi_value_max_5km,True,geochem1_usgs_Bi_value_,As_Sb_Bi_pathfinder,geochemistry,USGS geochem1,nearest/mean/median/max/p95 across radii; aggregate to concept with robust max or p95,pathfinder_signal,True,bismuth pathfinder associated with hydrothermal systems
geochem1_usgs_Bi_value_p95_5km,True,geochem1_usgs_Bi_value_,As_Sb_Bi_pathfinder,geochemistry,USGS geochem1,nearest/mean/median/max/p95 across radii; aggregate to concept with robust max or p95,pathfinder_signal,True,bismuth pathfinder associated with hydrothermal systems
geochem1_usgs_W_value_mean_5km,True,geochem1_usgs_W_value_,W_Re_pathfinder,geochemistry,USGS geochem1,nearest/mean/median/max/p95 across radii; aggregate to concept with robust max or p95,pathfinder_signal,True,tungsten-rhenium pathfinder group
geochem1_usgs_W_value_median_5km,True,geochem1_usgs_W_value_,W_Re_pathfinder,geochemistry,USGS geochem1,nearest/mean/median/max/p95 across radii; aggregate to concept with robust max or p95,pathfinder_signal,True,tungsten-rhenium pathfinder group
geochem1_usgs_W_value_max_5km,True,geochem1_usgs_W_value_,W_Re_pathfinder,geochemistry,USGS geochem1,nearest/mean/median/max/p95 across radii; aggregate to concept with robust max or p95,pathfinder_signal,True,tungsten-rhenium pathfinder group
geochem1_usgs_W_value_p95_5km,True,geochem1_usgs_W_value_,W_Re_pathfinder,geochemistry,USGS geochem1,nearest/mean/median/max/p95 across radii; aggregate to concept with robust max or p95,pathfinder_signal,True,tungsten-rhenium pathfinder group
geochem1_usgs_Cu_value_mean_10km,True,geochem1_usgs_Cu_value_,Cu_anomaly,geochemistry,USGS geochem1,nearest/mean/median/max/p95 across radii; aggregate to concept with robust max or p95,mineralization_signal,True,main ore element for porphyry copper
geochem1_usgs_Cu_value_median_10km,True,geochem1_usgs_Cu_value_,Cu_anomaly,geochemistry,USGS geochem1,nearest/mean/median/max/p95 across radii; aggregate to concept with robust max or p95,mineralization_signal,True,main ore element for porphyry copper
geochem1_usgs_Cu_value_max_10km,True,geochem1_usgs_Cu_value_,Cu_anomaly,geochemistry,USGS geochem1,nearest/mean/median/max/p95 across radii; aggregate to concept with robust max or p95,mineralization_signal,True,main ore element for porphyry copper
geochem1_usgs_Cu_value_p95_10km,True,geochem1_usgs_Cu_value_,Cu_anomaly,geochemistry,USGS geochem1,nearest/mean/median/max/p95 across radii; aggregate to concept with robust max or p95,mineralization_signal,True,main ore element for porphyry copper
geochem1_usgs_Mo_value_mean_10km,True,geochem1_usgs_Mo_value_,Mo_anomaly,geochemistry,USGS geochem1,nearest/mean/median/max/p95 across radii; aggregate to concept with robust max or p95,mineralization_signal,True,common porphyry copper companion element
geochem1_usgs_Mo_value_median_10km,True,geochem1_usgs_Mo_value_,Mo_anomaly,geochemistry,USGS geochem1,nearest/mean/median/max/p95 across radii; aggregate to concept with robust max or p95,mineralization_signal,True,common porphyry copper companion element
geochem1_usgs_Mo_value_max_10km,True,geochem1_usgs_Mo_value_,Mo_anomaly,geochemistry,USGS geochem1,nearest/mean/median/max/p95 across radii; aggregate to concept with robust max or p95,mineralization_signal,True,common porphyry copper companion element
geochem1_usgs_Mo_value_p95_10km,True,geochem1_usgs_Mo_value_,Mo_anomaly,geochemistry,USGS geochem1,nearest/mean/median/max/p95 across radii; aggregate to concept with robust max or p95,mineralization_signal,True,common porphyry copper companion element
geochem1_usgs_Au_value_mean_10km,True,geochem1_usgs_Au_value_,Au_anomaly,geochemistry,USGS geochem1,nearest/mean/median/max/p95 across radii; aggregate to concept with robust max or p95,mineralization_signal,True,gold companion signal in some porphyry systems
geochem1_usgs_Au_value_median_10km,True,geochem1_usgs_Au_value_,Au_anomaly,geochemistry,USGS geochem1,nearest/mean/median/max/p95 across radii; aggregate to concept with robust max or p95,mineralization_signal,True,gold companion signal in some porphyry systems
geochem1_usgs_Au_value_max_10km,True,geochem1_usgs_Au_value_,Au_anomaly,geochemistry,USGS geochem1,nearest/mean/median/max/p95 across radii; aggregate to concept with robust max or p95,mineralization_signal,True,gold companion signal in some porphyry systems
geochem1_usgs_Au_value_p95_10km,True,geochem1_usgs_Au_value_,Au_anomaly,geochemistry,USGS geochem1,nearest/mean/median/max/p95 across radii; aggregate to concept with robust max or p95,mineralization_signal,True,gold companion signal in some porphyry systems
geochem1_usgs_Ag_value_mean_10km,True,geochem1_usgs_Ag_value_,Ag_anomaly,geochemistry,USGS geochem1,nearest/mean/median/max/p95 across radii; aggregate to concept with robust max or p95,pathfinder_signal,True,silver companion/pathfinder signal
geochem1_usgs_Ag_value_median_10km,True,geochem1_usgs_Ag_value_,Ag_anomaly,geochemistry,USGS geochem1,nearest/mean/median/max/p95 across radii; aggregate to concept with robust max or p95,pathfinder_signal,True,silver companion/pathfinder signal
geochem1_usgs_Ag_value_max_10km,True,geochem1_usgs_Ag_value_,Ag_anomaly,geochemistry,USGS geochem1,nearest/mean/median/max/p95 across radii; aggregate to concept with robust max or p95,pathfinder_signal,True,silver companion/pathfinder signal
geochem1_usgs_Ag_value_p95_10km,True,geochem1_usgs_Ag_value_,Ag_anomaly,geochemistry,USGS geochem1,nearest/mean/median/max/p95 across radii; aggregate to concept with robust max or p95,pathfinder_signal,True,silver companion/pathfinder signal
geochem1_usgs_Pb_value_mean_10km,True,geochem1_usgs_Pb_value_,Pb_Zn_background,geochemistry,USGS geochem1,nearest/mean/median/max/p95 across radii; aggregate to concept with robust max or p95,geochemical_background,True,lead-zinc background or peripheral signal
geochem1_usgs_Pb_value_median_10km,True,geochem1_usgs_Pb_value_,Pb_Zn_background,geochemistry,USGS geochem1,nearest/mean/median/max/p95 across radii; aggregate to concept with robust max or p95,geochemical_background,True,lead-zinc background or peripheral signal
geochem1_usgs_Pb_value_max_10km,True,geochem1_usgs_Pb_value_,Pb_Zn_background,geochemistry,USGS geochem1,nearest/mean/median/max/p95 across radii; aggregate to concept with robust max or p95,geochemical_background,True,lead-zinc background or peripheral signal
geochem1_usgs_Pb_value_p95_10km,True,geochem1_usgs_Pb_value_,Pb_Zn_background,geochemistry,USGS geochem1,nearest/mean/median/max/p95 across radii; aggregate to concept with robust max or p95,geochemical_background,True,lead-zinc background or peripheral signal
geochem1_usgs_Zn_value_mean_10km,True,geochem1_usgs_Zn_value_,Pb_Zn_background,geochemistry,USGS geochem1,nearest/mean/median/max/p95 across radii; aggregate to concept with robust max or p95,geochemical_background,True,lead-zinc background or peripheral signal
geochem1_usgs_Zn_value_median_10km,True,geochem1_usgs_Zn_value_,Pb_Zn_background,geochemistry,USGS geochem1,nearest/mean/median/max/p95 across radii; aggregate to concept with robust max or p95,geochemical_background,True,lead-zinc background or peripheral signal
geochem1_usgs_Zn_value_max_10km,True,geochem1_usgs_Zn_value_,Pb_Zn_background,geochemistry,USGS geochem1,nearest/mean/median/max/p95 across radii; aggregate to concept with robust max or p95,geochemical_background,True,lead-zinc background or peripheral signal
geochem1_usgs_Zn_value_p95_10km,True,geochem1_usgs_Zn_value_,Pb_Zn_background,geochemistry,USGS geochem1,nearest/mean/median/max/p95 across radii; aggregate to concept with robust max or p95,geochemical_background,True,lead-zinc background or peripheral signal
geochem1_usgs_As_value_mean_10km,True,geochem1_usgs_As_value_,As_Sb_Bi_pathfinder,geochemistry,USGS geochem1,nearest/mean/median/max/p95 across radii; aggregate to concept with robust max or p95,pathfinder_signal,True,arsenic pathfinder; may be weathering sensitive
geochem1_usgs_As_value_median_10km,True,geochem1_usgs_As_value_,As_Sb_Bi_pathfinder,geochemistry,USGS geochem1,nearest/mean/median/max/p95 across radii; aggregate to concept with robust max or p95,pathfinder_signal,True,arsenic pathfinder; may be weathering sensitive
geochem1_usgs_As_value_max_10km,True,geochem1_usgs_As_value_,As_Sb_Bi_pathfinder,geochemistry,USGS geochem1,nearest/mean/median/max/p95 across radii; aggregate to concept with robust max or p95,pathfinder_signal,True,arsenic pathfinder; may be weathering sensitive
geochem1_usgs_As_value_p95_10km,True,geochem1_usgs_As_value_,As_Sb_Bi_pathfinder,geochemistry,USGS geochem1,nearest/mean/median/max/p95 across radii; aggregate to concept with robust max or p95,pathfinder_signal,True,arsenic pathfinder; may be weathering sensitive
geochem1_usgs_Sb_value_mean_10km,True,geochem1_usgs_Sb_value_,As_Sb_Bi_pathfinder,geochemistry,USGS geochem1,nearest/mean/median/max/p95 across radii; aggregate to concept with robust max or p95,pathfinder_signal,True,antimony pathfinder; may be weathering sensitive
geochem1_usgs_Sb_value_median_10km,True,geochem1_usgs_Sb_value_,As_Sb_Bi_pathfinder,geochemistry,USGS geochem1,nearest/mean/median/max/p95 across radii; aggregate to concept with robust max or p95,pathfinder_signal,True,antimony pathfinder; may be weathering sensitive
geochem1_usgs_Sb_value_max_10km,True,geochem1_usgs_Sb_value_,As_Sb_Bi_pathfinder,geochemistry,USGS geochem1,nearest/mean/median/max/p95 across radii; aggregate to concept with robust max or p95,pathfinder_signal,True,antimony pathfinder; may be weathering sensitive
geochem1_usgs_Sb_value_p95_10km,True,geochem1_usgs_Sb_value_,As_Sb_Bi_pathfinder,geochemistry,USGS geochem1,nearest/mean/median/max/p95 across radii; aggregate to concept with robust max or p95,pathfinder_signal,True,antimony pathfinder; may be weathering sensitive
geochem1_usgs_Bi_value_mean_10km,True,geochem1_usgs_Bi_value_,As_Sb_Bi_pathfinder,geochemistry,USGS geochem1,nearest/mean/median/max/p95 across radii; aggregate to concept with robust max or p95,pathfinder_signal,True,bismuth pathfinder associated with hydrothermal systems
geochem1_usgs_Bi_value_median_10km,True,geochem1_usgs_Bi_value_,As_Sb_Bi_pathfinder,geochemistry,USGS geochem1,nearest/mean/median/max/p95 across radii; aggregate to concept with robust max or p95,pathfinder_signal,True,bismuth pathfinder associated with hydrothermal systems
geochem1_usgs_Bi_value_max_10km,True,geochem1_usgs_Bi_value_,As_Sb_Bi_pathfinder,geochemistry,USGS geochem1,nearest/mean/median/max/p95 across radii; aggregate to concept with robust max or p95,pathfinder_signal,True,bismuth pathfinder associated with hydrothermal systems
geochem1_usgs_Bi_value_p95_10km,True,geochem1_usgs_Bi_value_,As_Sb_Bi_pathfinder,geochemistry,USGS geochem1,nearest/mean/median/max/p95 across radii; aggregate to concept with robust max or p95,pathfinder_signal,True,bismuth pathfinder associated with hydrothermal systems
geochem1_usgs_W_value_mean_10km,True,geochem1_usgs_W_value_,W_Re_pathfinder,geochemistry,USGS geochem1,nearest/mean/median/max/p95 across radii; aggregate to concept with robust max or p95,pathfinder_signal,True,tungsten-rhenium pathfinder group
geochem1_usgs_W_value_median_10km,True,geochem1_usgs_W_value_,W_Re_pathfinder,geochemistry,USGS geochem1,nearest/mean/median/max/p95 across radii; aggregate to concept with robust max or p95,pathfinder_signal,True,tungsten-rhenium pathfinder group
geochem1_usgs_W_value_max_10km,True,geochem1_usgs_W_value_,W_Re_pathfinder,geochemistry,USGS geochem1,nearest/mean/median/max/p95 across radii; aggregate to concept with robust max or p95,pathfinder_signal,True,tungsten-rhenium pathfinder group
geochem1_usgs_W_value_p95_10km,True,geochem1_usgs_W_value_,W_Re_pathfinder,geochemistry,USGS geochem1,nearest/mean/median/max/p95 across radii; aggregate to concept with robust max or p95,pathfinder_signal,True,tungsten-rhenium pathfinder group
geochem1_usgs_Cu_value_mean_25km,True,geochem1_usgs_Cu_value_,Cu_anomaly,geochemistry,USGS geochem1,nearest/mean/median/max/p95 across radii; aggregate to concept with robust max or p95,mineralization_signal,True,main ore element for porphyry copper
geochem1_usgs_Cu_value_median_25km,True,geochem1_usgs_Cu_value_,Cu_anomaly,geochemistry,USGS geochem1,nearest/mean/median/max/p95 across radii; aggregate to concept with robust max or p95,mineralization_signal,True,main ore element for porphyry copper
geochem1_usgs_Cu_value_max_25km,True,geochem1_usgs_Cu_value_,Cu_anomaly,geochemistry,USGS geochem1,nearest/mean/median/max/p95 across radii; aggregate to concept with robust max or p95,mineralization_signal,True,main ore element for porphyry copper
geochem1_usgs_Cu_value_p95_25km,True,geochem1_usgs_Cu_value_,Cu_anomaly,geochemistry,USGS geochem1,nearest/mean/median/max/p95 across radii; aggregate to concept with robust max or p95,mineralization_signal,True,main ore element for porphyry copper
geochem1_usgs_Mo_value_mean_25km,True,geochem1_usgs_Mo_value_,Mo_anomaly,geochemistry,USGS geochem1,nearest/mean/median/max/p95 across radii; aggregate to concept with robust max or p95,mineralization_signal,True,common porphyry copper companion element
geochem1_usgs_Mo_value_median_25km,True,geochem1_usgs_Mo_value_,Mo_anomaly,geochemistry,USGS geochem1,nearest/mean/median/max/p95 across radii; aggregate to concept with robust max or p95,mineralization_signal,True,common porphyry copper companion element
geochem1_usgs_Mo_value_max_25km,True,geochem1_usgs_Mo_value_,Mo_anomaly,geochemistry,USGS geochem1,nearest/mean/median/max/p95 across radii; aggregate to concept with robust max or p95,mineralization_signal,True,common porphyry copper companion element
geochem1_usgs_Mo_value_p95_25km,True,geochem1_usgs_Mo_value_,Mo_anomaly,geochemistry,USGS geochem1,nearest/mean/median/max/p95 across radii; aggregate to concept with robust max or p95,mineralization_signal,True,common porphyry copper companion element
geochem1_usgs_Au_value_mean_25km,True,geochem1_usgs_Au_value_,Au_anomaly,geochemistry,USGS geochem1,nearest/mean/median/max/p95 across radii; aggregate to concept with robust max or p95,mineralization_signal,True,gold companion signal in some porphyry systems
geochem1_usgs_Au_value_median_25km,True,geochem1_usgs_Au_value_,Au_anomaly,geochemistry,USGS geochem1,nearest/mean/median/max/p95 across radii; aggregate to concept with robust max or p95,mineralization_signal,True,gold companion signal in some porphyry systems
geochem1_usgs_Au_value_max_25km,True,geochem1_usgs_Au_value_,Au_anomaly,geochemistry,USGS geochem1,nearest/mean/median/max/p95 across radii; aggregate to concept with robust max or p95,mineralization_signal,True,gold companion signal in some porphyry systems
geochem1_usgs_Au_value_p95_25km,True,geochem1_usgs_Au_value_,Au_anomaly,geochemistry,USGS geochem1,nearest/mean/median/max/p95 across radii; aggregate to concept with robust max or p95,mineralization_signal,True,gold companion signal in some porphyry systems
geochem1_usgs_Ag_value_mean_25km,True,geochem1_usgs_Ag_value_,Ag_anomaly,geochemistry,USGS geochem1,nearest/mean/median/max/p95 across radii; aggregate to concept with robust max or p95,pathfinder_signal,True,silver companion/pathfinder signal
geochem1_usgs_Ag_value_median_25km,True,geochem1_usgs_Ag_value_,Ag_anomaly,geochemistry,USGS geochem1,nearest/mean/median/max/p95 across radii; aggregate to concept with robust max or p95,pathfinder_signal,True,silver companion/pathfinder signal
geochem1_usgs_Ag_value_max_25km,True,geochem1_usgs_Ag_value_,Ag_anomaly,geochemistry,USGS geochem1,nearest/mean/median/max/p95 across radii; aggregate to concept with robust max or p95,pathfinder_signal,True,silver companion/pathfinder signal
geochem1_usgs_Ag_value_p95_25km,True,geochem1_usgs_Ag_value_,Ag_anomaly,geochemistry,USGS geochem1,nearest/mean/median/max/p95 across radii; aggregate to concept with robust max or p95,pathfinder_signal,True,silver companion/pathfinder signal
geochem1_usgs_Pb_value_mean_25km,True,geochem1_usgs_Pb_value_,Pb_Zn_background,geochemistry,USGS geochem1,nearest/mean/median/max/p95 across radii; aggregate to concept with robust max or p95,geochemical_background,True,lead-zinc background or peripheral signal
geochem1_usgs_Pb_value_median_25km,True,geochem1_usgs_Pb_value_,Pb_Zn_background,geochemistry,USGS geochem1,nearest/mean/median/max/p95 across radii; aggregate to concept with robust max or p95,geochemical_background,True,lead-zinc background or peripheral signal
geochem1_usgs_Pb_value_max_25km,True,geochem1_usgs_Pb_value_,Pb_Zn_background,geochemistry,USGS geochem1,nearest/mean/median/max/p95 across radii; aggregate to concept with robust max or p95,geochemical_background,True,lead-zinc background or peripheral signal
geochem1_usgs_Pb_value_p95_25km,True,geochem1_usgs_Pb_value_,Pb_Zn_background,geochemistry,USGS geochem1,nearest/mean/median/max/p95 across radii; aggregate to concept with robust max or p95,geochemical_background,True,lead-zinc background or peripheral signal
geochem1_usgs_Zn_value_mean_25km,True,geochem1_usgs_Zn_value_,Pb_Zn_background,geochemistry,USGS geochem1,nearest/mean/median/max/p95 across radii; aggregate to concept with robust max or p95,geochemical_background,True,lead-zinc background or peripheral signal
geochem1_usgs_Zn_value_median_25km,True,geochem1_usgs_Zn_value_,Pb_Zn_background,geochemistry,USGS geochem1,nearest/mean/median/max/p95 across radii; aggregate to concept with robust max or p95,geochemical_background,True,lead-zinc background or peripheral signal
geochem1_usgs_Zn_value_max_25km,True,geochem1_usgs_Zn_value_,Pb_Zn_background,geochemistry,USGS geochem1,nearest/mean/median/max/p95 across radii; aggregate to concept with robust max or p95,geochemical_background,True,lead-zinc background or peripheral signal
geochem1_usgs_Zn_value_p95_25km,True,geochem1_usgs_Zn_value_,Pb_Zn_background,geochemistry,USGS geochem1,nearest/mean/median/max/p95 across radii; aggregate to concept with robust max or p95,geochemical_background,True,lead-zinc background or peripheral signal
geochem1_usgs_As_value_mean_25km,True,geochem1_usgs_As_value_,As_Sb_Bi_pathfinder,geochemistry,USGS geochem1,nearest/mean/median/max/p95 across radii; aggregate to concept with robust max or p95,pathfinder_signal,True,arsenic pathfinder; may be weathering sensitive
geochem1_usgs_As_value_median_25km,True,geochem1_usgs_As_value_,As_Sb_Bi_pathfinder,geochemistry,USGS geochem1,nearest/mean/median/max/p95 across radii; aggregate to concept with robust max or p95,pathfinder_signal,True,arsenic pathfinder; may be weathering sensitive
geochem1_usgs_As_value_max_25km,True,geochem1_usgs_As_value_,As_Sb_Bi_pathfinder,geochemistry,USGS geochem1,nearest/mean/median/max/p95 across radii; aggregate to concept with robust max or p95,pathfinder_signal,True,arsenic pathfinder; may be weathering sensitive
geochem1_usgs_As_value_p95_25km,True,geochem1_usgs_As_value_,As_Sb_Bi_pathfinder,geochemistry,USGS geochem1,nearest/mean/median/max/p95 across radii; aggregate to concept with robust max or p95,pathfinder_signal,True,arsenic pathfinder; may be weathering sensitive
geochem1_usgs_Sb_value_mean_25km,True,geochem1_usgs_Sb_value_,As_Sb_Bi_pathfinder,geochemistry,USGS geochem1,nearest/mean/median/max/p95 across radii; aggregate to concept with robust max or p95,pathfinder_signal,True,antimony pathfinder; may be weathering sensitive
geochem1_usgs_Sb_value_median_25km,True,geochem1_usgs_Sb_value_,As_Sb_Bi_pathfinder,geochemistry,USGS geochem1,nearest/mean/median/max/p95 across radii; aggregate to concept with robust max or p95,pathfinder_signal,True,antimony pathfinder; may be weathering sensitive
geochem1_usgs_Sb_value_max_25km,True,geochem1_usgs_Sb_value_,As_Sb_Bi_pathfinder,geochemistry,USGS geochem1,nearest/mean/median/max/p95 across radii; aggregate to concept with robust max or p95,pathfinder_signal,True,antimony pathfinder; may be weathering sensitive
geochem1_usgs_Sb_value_p95_25km,True,geochem1_usgs_Sb_value_,As_Sb_Bi_pathfinder,geochemistry,USGS geochem1,nearest/mean/median/max/p95 across radii; aggregate to concept with robust max or p95,pathfinder_signal,True,antimony pathfinder; may be weathering sensitive
geochem1_usgs_Bi_value_mean_25km,True,geochem1_usgs_Bi_value_,As_Sb_Bi_pathfinder,geochemistry,USGS geochem1,nearest/mean/median/max/p95 across radii; aggregate to concept with robust max or p95,pathfinder_signal,True,bismuth pathfinder associated with hydrothermal systems
geochem1_usgs_Bi_value_median_25km,True,geochem1_usgs_Bi_value_,As_Sb_Bi_pathfinder,geochemistry,USGS geochem1,nearest/mean/median/max/p95 across radii; aggregate to concept with robust max or p95,pathfinder_signal,True,bismuth pathfinder associated with hydrothermal systems
geochem1_usgs_Bi_value_max_25km,True,geochem1_usgs_Bi_value_,As_Sb_Bi_pathfinder,geochemistry,USGS geochem1,nearest/mean/median/max/p95 across radii; aggregate to concept with robust max or p95,pathfinder_signal,True,bismuth pathfinder associated with hydrothermal systems
geochem1_usgs_Bi_value_p95_25km,True,geochem1_usgs_Bi_value_,As_Sb_Bi_pathfinder,geochemistry,USGS geochem1,nearest/mean/median/max/p95 across radii; aggregate to concept with robust max or p95,pathfinder_signal,True,bismuth pathfinder associated with hydrothermal systems
geochem1_usgs_W_value_mean_25km,True,geochem1_usgs_W_value_,W_Re_pathfinder,geochemistry,USGS geochem1,nearest/mean/median/max/p95 across radii; aggregate to concept with robust max or p95,pathfinder_signal,True,tungsten-rhenium pathfinder group
geochem1_usgs_W_value_median_25km,True,geochem1_usgs_W_value_,W_Re_pathfinder,geochemistry,USGS geochem1,nearest/mean/median/max/p95 across radii; aggregate to concept with robust max or p95,pathfinder_signal,True,tungsten-rhenium pathfinder group
geochem1_usgs_W_value_max_25km,True,geochem1_usgs_W_value_,W_Re_pathfinder,geochemistry,USGS geochem1,nearest/mean/median/max/p95 across radii; aggregate to concept with robust max or p95,pathfinder_signal,True,tungsten-rhenium pathfinder group
geochem1_usgs_W_value_p95_25km,True,geochem1_usgs_W_value_,W_Re_pathfinder,geochemistry,USGS geochem1,nearest/mean/median/max/p95 across radii; aggregate to concept with robust max or p95,pathfinder_signal,True,tungsten-rhenium pathfinder group
geochem1_usgs_Re_value_mean_25km,True,geochem1_usgs_Re_value_,W_Re_pathfinder,geochemistry,USGS geochem1,nearest/mean/median/max/p95 across radii; aggregate to concept with robust max or p95,pathfinder_signal,True,rhenium pathfinder group; often sparse/nondetect
geochem1_usgs_Re_value_median_25km,True,geochem1_usgs_Re_value_,W_Re_pathfinder,geochemistry,USGS geochem1,nearest/mean/median/max/p95 across radii; aggregate to concept with robust max or p95,pathfinder_signal,True,rhenium pathfinder group; often sparse/nondetect
geochem1_usgs_Re_value_max_25km,True,geochem1_usgs_Re_value_,W_Re_pathfinder,geochemistry,USGS geochem1,nearest/mean/median/max/p95 across radii; aggregate to concept with robust max or p95,pathfinder_signal,True,rhenium pathfinder group; often sparse/nondetect
geochem1_usgs_Re_value_p95_25km,True,geochem1_usgs_Re_value_,W_Re_pathfinder,geochemistry,USGS geochem1,nearest/mean/median/max/p95 across radii; aggregate to concept with robust max or p95,pathfinder_signal,True,rhenium pathfinder group; often sparse/nondetect
geochem1_usgs_Cu_value_mean_50km,True,geochem1_usgs_Cu_value_,Cu_anomaly,geochemistry,USGS geochem1,nearest/mean/median/max/p95 across radii; aggregate to concept with robust max or p95,mineralization_signal,True,main ore element for porphyry copper
geochem1_usgs_Cu_value_median_50km,True,geochem1_usgs_Cu_value_,Cu_anomaly,geochemistry,USGS geochem1,nearest/mean/median/max/p95 across radii; aggregate to concept with robust max or p95,mineralization_signal,True,main ore element for porphyry copper
geochem1_usgs_Cu_value_max_50km,True,geochem1_usgs_Cu_value_,Cu_anomaly,geochemistry,USGS geochem1,nearest/mean/median/max/p95 across radii; aggregate to concept with robust max or p95,mineralization_signal,True,main ore element for porphyry copper
geochem1_usgs_Cu_value_p95_50km,True,geochem1_usgs_Cu_value_,Cu_anomaly,geochemistry,USGS geochem1,nearest/mean/median/max/p95 across radii; aggregate to concept with robust max or p95,mineralization_signal,True,main ore element for porphyry copper
geochem1_usgs_Mo_value_mean_50km,True,geochem1_usgs_Mo_value_,Mo_anomaly,geochemistry,USGS geochem1,nearest/mean/median/max/p95 across radii; aggregate to concept with robust max or p95,mineralization_signal,True,common porphyry copper companion element
geochem1_usgs_Mo_value_median_50km,True,geochem1_usgs_Mo_value_,Mo_anomaly,geochemistry,USGS geochem1,nearest/mean/median/max/p95 across radii; aggregate to concept with robust max or p95,mineralization_signal,True,common porphyry copper companion element
geochem1_usgs_Mo_value_max_50km,True,geochem1_usgs_Mo_value_,Mo_anomaly,geochemistry,USGS geochem1,nearest/mean/median/max/p95 across radii; aggregate to concept with robust max or p95,mineralization_signal,True,common porphyry copper companion element
geochem1_usgs_Mo_value_p95_50km,True,geochem1_usgs_Mo_value_,Mo_anomaly,geochemistry,USGS geochem1,nearest/mean/median/max/p95 across radii; aggregate to concept with robust max or p95,mineralization_signal,True,common porphyry copper companion element
geochem1_usgs_Au_value_mean_50km,True,geochem1_usgs_Au_value_,Au_anomaly,geochemistry,USGS geochem1,nearest/mean/median/max/p95 across radii; aggregate to concept with robust max or p95,mineralization_signal,True,gold companion signal in some porphyry systems
geochem1_usgs_Au_value_median_50km,True,geochem1_usgs_Au_value_,Au_anomaly,geochemistry,USGS geochem1,nearest/mean/median/max/p95 across radii; aggregate to concept with robust max or p95,mineralization_signal,True,gold companion signal in some porphyry systems
geochem1_usgs_Au_value_max_50km,True,geochem1_usgs_Au_value_,Au_anomaly,geochemistry,USGS geochem1,nearest/mean/median/max/p95 across radii; aggregate to concept with robust max or p95,mineralization_signal,True,gold companion signal in some porphyry systems
geochem1_usgs_Au_value_p95_50km,True,geochem1_usgs_Au_value_,Au_anomaly,geochemistry,USGS geochem1,nearest/mean/median/max/p95 across radii; aggregate to concept with robust max or p95,mineralization_signal,True,gold companion signal in some porphyry systems
geochem1_usgs_Ag_value_mean_50km,True,geochem1_usgs_Ag_value_,Ag_anomaly,geochemistry,USGS geochem1,nearest/mean/median/max/p95 across radii; aggregate to concept with robust max or p95,pathfinder_signal,True,silver companion/pathfinder signal
geochem1_usgs_Ag_value_median_50km,True,geochem1_usgs_Ag_value_,Ag_anomaly,geochemistry,USGS geochem1,nearest/mean/median/max/p95 across radii; aggregate to concept with robust max or p95,pathfinder_signal,True,silver companion/pathfinder signal
geochem1_usgs_Ag_value_max_50km,True,geochem1_usgs_Ag_value_,Ag_anomaly,geochemistry,USGS geochem1,nearest/mean/median/max/p95 across radii; aggregate to concept with robust max or p95,pathfinder_signal,True,silver companion/pathfinder signal
geochem1_usgs_Ag_value_p95_50km,True,geochem1_usgs_Ag_value_,Ag_anomaly,geochemistry,USGS geochem1,nearest/mean/median/max/p95 across radii; aggregate to concept with robust max or p95,pathfinder_signal,True,silver companion/pathfinder signal
geochem1_usgs_Pb_value_mean_50km,True,geochem1_usgs_Pb_value_,Pb_Zn_background,geochemistry,USGS geochem1,nearest/mean/median/max/p95 across radii; aggregate to concept with robust max or p95,geochemical_background,True,lead-zinc background or peripheral signal
geochem1_usgs_Pb_value_median_50km,True,geochem1_usgs_Pb_value_,Pb_Zn_background,geochemistry,USGS geochem1,nearest/mean/median/max/p95 across radii; aggregate to concept with robust max or p95,geochemical_background,True,lead-zinc background or peripheral signal
geochem1_usgs_Pb_value_max_50km,True,geochem1_usgs_Pb_value_,Pb_Zn_background,geochemistry,USGS geochem1,nearest/mean/median/max/p95 across radii; aggregate to concept with robust max or p95,geochemical_background,True,lead-zinc background or peripheral signal
geochem1_usgs_Pb_value_p95_50km,True,geochem1_usgs_Pb_value_,Pb_Zn_background,geochemistry,USGS geochem1,nearest/mean/median/max/p95 across radii; aggregate to concept with robust max or p95,geochemical_background,True,lead-zinc background or peripheral signal
geochem1_usgs_Zn_value_mean_50km,True,geochem1_usgs_Zn_value_,Pb_Zn_background,geochemistry,USGS geochem1,nearest/mean/median/max/p95 across radii; aggregate to concept with robust max or p95,geochemical_background,True,lead-zinc background or peripheral signal
geochem1_usgs_Zn_value_median_50km,True,geochem1_usgs_Zn_value_,Pb_Zn_background,geochemistry,USGS geochem1,nearest/mean/median/max/p95 across radii; aggregate to concept with robust max or p95,geochemical_background,True,lead-zinc background or peripheral signal
geochem1_usgs_Zn_value_max_50km,True,geochem1_usgs_Zn_value_,Pb_Zn_background,geochemistry,USGS geochem1,nearest/mean/median/max/p95 across radii; aggregate to concept with robust max or p95,geochemical_background,True,lead-zinc background or peripheral signal
geochem1_usgs_Zn_value_p95_50km,True,geochem1_usgs_Zn_value_,Pb_Zn_background,geochemistry,USGS geochem1,nearest/mean/median/max/p95 across radii; aggregate to concept with robust max or p95,geochemical_background,True,lead-zinc background or peripheral signal
geochem1_usgs_As_value_mean_50km,True,geochem1_usgs_As_value_,As_Sb_Bi_pathfinder,geochemistry,USGS geochem1,nearest/mean/median/max/p95 across radii; aggregate to concept with robust max or p95,pathfinder_signal,True,arsenic pathfinder; may be weathering sensitive
geochem1_usgs_As_value_median_50km,True,geochem1_usgs_As_value_,As_Sb_Bi_pathfinder,geochemistry,USGS geochem1,nearest/mean/median/max/p95 across radii; aggregate to concept with robust max or p95,pathfinder_signal,True,arsenic pathfinder; may be weathering sensitive
geochem1_usgs_As_value_max_50km,True,geochem1_usgs_As_value_,As_Sb_Bi_pathfinder,geochemistry,USGS geochem1,nearest/mean/median/max/p95 across radii; aggregate to concept with robust max or p95,pathfinder_signal,True,arsenic pathfinder; may be weathering sensitive
geochem1_usgs_As_value_p95_50km,True,geochem1_usgs_As_value_,As_Sb_Bi_pathfinder,geochemistry,USGS geochem1,nearest/mean/median/max/p95 across radii; aggregate to concept with robust max or p95,pathfinder_signal,True,arsenic pathfinder; may be weathering sensitive
geochem1_usgs_Sb_value_mean_50km,True,geochem1_usgs_Sb_value_,As_Sb_Bi_pathfinder,geochemistry,USGS geochem1,nearest/mean/median/max/p95 across radii; aggregate to concept with robust max or p95,pathfinder_signal,True,antimony pathfinder; may be weathering sensitive
geochem1_usgs_Sb_value_median_50km,True,geochem1_usgs_Sb_value_,As_Sb_Bi_pathfinder,geochemistry,USGS geochem1,nearest/mean/median/max/p95 across radii; aggregate to concept with robust max or p95,pathfinder_signal,True,antimony pathfinder; may be weathering sensitive
geochem1_usgs_Sb_value_max_50km,True,geochem1_usgs_Sb_value_,As_Sb_Bi_pathfinder,geochemistry,USGS geochem1,nearest/mean/median/max/p95 across radii; aggregate to concept with robust max or p95,pathfinder_signal,True,antimony pathfinder; may be weathering sensitive
geochem1_usgs_Sb_value_p95_50km,True,geochem1_usgs_Sb_value_,As_Sb_Bi_pathfinder,geochemistry,USGS geochem1,nearest/mean/median/max/p95 across radii; aggregate to concept with robust max or p95,pathfinder_signal,True,antimony pathfinder; may be weathering sensitive
geochem1_usgs_Bi_value_mean_50km,True,geochem1_usgs_Bi_value_,As_Sb_Bi_pathfinder,geochemistry,USGS geochem1,nearest/mean/median/max/p95 across radii; aggregate to concept with robust max or p95,pathfinder_signal,True,bismuth pathfinder associated with hydrothermal systems
geochem1_usgs_Bi_value_median_50km,True,geochem1_usgs_Bi_value_,As_Sb_Bi_pathfinder,geochemistry,USGS geochem1,nearest/mean/median/max/p95 across radii; aggregate to concept with robust max or p95,pathfinder_signal,True,bismuth pathfinder associated with hydrothermal systems
geochem1_usgs_Bi_value_max_50km,True,geochem1_usgs_Bi_value_,As_Sb_Bi_pathfinder,geochemistry,USGS geochem1,nearest/mean/median/max/p95 across radii; aggregate to concept with robust max or p95,pathfinder_signal,True,bismuth pathfinder associated with hydrothermal systems
geochem1_usgs_Bi_value_p95_50km,True,geochem1_usgs_Bi_value_,As_Sb_Bi_pathfinder,geochemistry,USGS geochem1,nearest/mean/median/max/p95 across radii; aggregate to concept with robust max or p95,pathfinder_signal,True,bismuth pathfinder associated with hydrothermal systems
geochem1_usgs_W_value_mean_50km,True,geochem1_usgs_W_value_,W_Re_pathfinder,geochemistry,USGS geochem1,nearest/mean/median/max/p95 across radii; aggregate to concept with robust max or p95,pathfinder_signal,True,tungsten-rhenium pathfinder group
geochem1_usgs_W_value_median_50km,True,geochem1_usgs_W_value_,W_Re_pathfinder,geochemistry,USGS geochem1,nearest/mean/median/max/p95 across radii; aggregate to concept with robust max or p95,pathfinder_signal,True,tungsten-rhenium pathfinder group
geochem1_usgs_W_value_max_50km,True,geochem1_usgs_W_value_,W_Re_pathfinder,geochemistry,USGS geochem1,nearest/mean/median/max/p95 across radii; aggregate to concept with robust max or p95,pathfinder_signal,True,tungsten-rhenium pathfinder group
geochem1_usgs_W_value_p95_50km,True,geochem1_usgs_W_value_,W_Re_pathfinder,geochemistry,USGS geochem1,nearest/mean/median/max/p95 across radii; aggregate to concept with robust max or p95,pathfinder_signal,True,tungsten-rhenium pathfinder group
geochem1_usgs_Re_value_mean_50km,True,geochem1_usgs_Re_value_,W_Re_pathfinder,geochemistry,USGS geochem1,nearest/mean/median/max/p95 across radii; aggregate to concept with robust max or p95,pathfinder_signal,True,rhenium pathfinder group; often sparse/nondetect
geochem1_usgs_Re_value_median_50km,True,geochem1_usgs_Re_value_,W_Re_pathfinder,geochemistry,USGS geochem1,nearest/mean/median/max/p95 across radii; aggregate to concept with robust max or p95,pathfinder_signal,True,rhenium pathfinder group; often sparse/nondetect
geochem1_usgs_Re_value_max_50km,True,geochem1_usgs_Re_value_,W_Re_pathfinder,geochemistry,USGS geochem1,nearest/mean/median/max/p95 across radii; aggregate to concept with robust max or p95,pathfinder_signal,True,rhenium pathfinder group; often sparse/nondetect
geochem1_usgs_Re_value_p95_50km,True,geochem1_usgs_Re_value_,W_Re_pathfinder,geochemistry,USGS geochem1,nearest/mean/median/max/p95 across radii; aggregate to concept with robust max or p95,pathfinder_signal,True,rhenium pathfinder group; often sparse/nondetect
gravity_na_grav_anom_nearest,True,gravity_na_grav_anom_,regional_gravity_anomaly,geophysics,NOAA gravity,nearest/mean/median/max/p95 across radii,geophysical_context,True,regional Bouguer/free-air gravity anomaly context
gravity_na_grav_anom_mean_5km,True,gravity_na_grav_anom_,regional_gravity_anomaly,geophysics,NOAA gravity,nearest/mean/median/max/p95 across radii,geophysical_context,True,regional Bouguer/free-air gravity anomaly context
gravity_na_grav_anom_median_5km,True,gravity_na_grav_anom_,regional_gravity_anomaly,geophysics,NOAA gravity,nearest/mean/median/max/p95 across radii,geophysical_context,True,regional Bouguer/free-air gravity anomaly context
gravity_na_grav_anom_max_5km,True,gravity_na_grav_anom_,regional_gravity_anomaly,geophysics,NOAA gravity,nearest/mean/median/max/p95 across radii,geophysical_context,True,regional Bouguer/free-air gravity anomaly context
gravity_na_grav_anom_p95_5km,True,gravity_na_grav_anom_,regional_gravity_anomaly,geophysics,NOAA gravity,nearest/mean/median/max/p95 across radii,geophysical_context,True,regional Bouguer/free-air gravity anomaly context
gravity_na_grav_anom_mean_10km,True,gravity_na_grav_anom_,regional_gravity_anomaly,geophysics,NOAA gravity,nearest/mean/median/max/p95 across radii,geophysical_context,True,regional Bouguer/free-air gravity anomaly context
gravity_na_grav_anom_median_10km,True,gravity_na_grav_anom_,regional_gravity_anomaly,geophysics,NOAA gravity,nearest/mean/median/max/p95 across radii,geophysical_context,True,regional Bouguer/free-air gravity anomaly context
gravity_na_grav_anom_max_10km,True,gravity_na_grav_anom_,regional_gravity_anomaly,geophysics,NOAA gravity,nearest/mean/median/max/p95 across radii,geophysical_context,True,regional Bouguer/free-air gravity anomaly context
gravity_na_grav_anom_p95_10km,True,gravity_na_grav_anom_,regional_gravity_anomaly,geophysics,NOAA gravity,nearest/mean/median/max/p95 across radii,geophysical_context,True,regional Bouguer/free-air gravity anomaly context
gravity_na_grav_anom_mean_25km,True,gravity_na_grav_anom_,regional_gravity_anomaly,geophysics,NOAA gravity,nearest/mean/median/max/p95 across radii,geophysical_context,True,regional Bouguer/free-air gravity anomaly context
gravity_na_grav_anom_median_25km,True,gravity_na_grav_anom_,regional_gravity_anomaly,geophysics,NOAA gravity,nearest/mean/median/max/p95 across radii,geophysical_context,True,regional Bouguer/free-air gravity anomaly context
gravity_na_grav_anom_max_25km,True,gravity_na_grav_anom_,regional_gravity_anomaly,geophysics,NOAA gravity,nearest/mean/median/max/p95 across radii,geophysical_context,True,regional Bouguer/free-air gravity anomaly context
gravity_na_grav_anom_p95_25km,True,gravity_na_grav_anom_,regional_gravity_anomaly,geophysics,NOAA gravity,nearest/mean/median/max/p95 across radii,geophysical_context,True,regional Bouguer/free-air gravity anomaly context
gravity_na_grav_anom_mean_50km,True,gravity_na_grav_anom_,regional_gravity_anomaly,geophysics,NOAA gravity,nearest/mean/median/max/p95 across radii,geophysical_context,True,regional Bouguer/free-air gravity anomaly context
gravity_na_grav_anom_median_50km,True,gravity_na_grav_anom_,regional_gravity_anomaly,geophysics,NOAA gravity,nearest/mean/median/max/p95 across radii,geophysical_context,True,regional Bouguer/free-air gravity anomaly context
gravity_na_grav_anom_max_50km,True,gravity_na_grav_anom_,regional_gravity_anomaly,geophysics,NOAA gravity,nearest/mean/median/max/p95 across radii,geophysical_context,True,regional Bouguer/free-air gravity anomaly context
gravity_na_grav_anom_p95_50km,True,gravity_na_grav_anom_,regional_gravity_anomaly,geophysics,NOAA gravity,nearest/mean/median/max/p95 across radii,geophysical_context,True,regional Bouguer/free-air gravity anomaly context
terrain_has_dem,False,,UNMAPPED,UNMAPPED,,,,False,
terrain_elevation_m,True,terrain_elevation_m,terrain_elevation,terrain,SRTM DEM,direct,terrain_context,True,elevation
terrain_slope_deg,True,terrain_slope_deg,terrain_slope,terrain,SRTM DEM,direct,erosion_exposure,True,slope angle
terrain_roughness_3x3_m,True,terrain_roughness_3x3_m,terrain_roughness,terrain,SRTM DEM,direct,erosion_exposure,True,local 3x3 roughness
terrain_relief_250m_m,True,terrain_relief_,terrain_relief,terrain,SRTM DEM,max/mean across relief scales,erosion_exposure,True,local relief across 250m/1000m/5000m windows
terrain_relief_1000m_m,True,terrain_relief_,terrain_relief,terrain,SRTM DEM,max/mean across relief scales,erosion_exposure,True,local relief across 250m/1000m/5000m windows
terrain_relief_5000m_m,True,terrain_relief_,terrain_relief,terrain,SRTM DEM,max/mean across relief scales,erosion_exposure,True,local relief across 250m/1000m/5000m windows
fault_nearest_distance_km,True,fault_nearest_distance_km,fault_proximity,structure,CMMI faults,direct nearest distance; later invert/sign so smaller distance means stronger proximity,structural_control,True,distance to nearest mapped fault
fault_lines_5km,True,fault_lines_,fault_density,structure,CMMI faults,line counts across radii,structural_control,True,fault line count/density
fault_length_km_5km,True,fault_length_km_,fault_density,structure,CMMI faults,fault length across radii,structural_control,True,fault length/density
fault_lines_10km,True,fault_lines_,fault_density,structure,CMMI faults,line counts across radii,structural_control,True,fault line count/density
fault_length_km_10km,True,fault_length_km_,fault_density,structure,CMMI faults,fault length across radii,structural_control,True,fault length/density
fault_lines_25km,True,fault_lines_,fault_density,structure,CMMI faults,line counts across radii,structural_control,True,fault line count/density
fault_length_km_25km,True,fault_length_km_,fault_density,structure,CMMI faults,fault length across radii,structural_control,True,fault length/density
fault_lines_50km,True,fault_lines_,fault_density,structure,CMMI faults,line counts across radii,structural_control,True,fault line count/density
fault_length_km_50km,True,fault_length_km_,fault_density,structure,CMMI faults,fault length across radii,structural_control,True,fault length/density
geology_is_igneous,True,geology_is_igneous,igneous_geology,geology,CMMI geology,direct binary,geological_control,True,igneous lithology flag
geology_is_intrusive,True,geology_is_intrusive,intrusive_geology,geology,CMMI geology,direct binary,geological_control,True,intrusive lithology flag
geology_is_felsic,True,geology_is_felsic,felsic_intermediate_geology,geology,CMMI geology,direct binary,geological_control,True,felsic lithology flag
geology_is_intermediate,True,geology_is_intermediate,felsic_intermediate_geology,geology,CMMI geology,direct binary,geological_control,True,intermediate lithology flag
geology_is_mafic,True,geology_is_mafic,mafic_geology,geology,CMMI geology,direct binary,geological_context,True,mafic lithology flag
geology_is_sedimentary,True,geology_is_sedimentary,sedimentary_geology,geology,CMMI geology,direct binary,geological_context,True,sedimentary lithology flag
geology_is_carbonate,True,geology_is_carbonate,carbonate_geology,geology,CMMI geology,direct binary,geological_context,True,carbonate lithology flag
geology_is_metamorphic,True,geology_is_metamorphic,metamorphic_geology,geology,CMMI geology,direct binary,geological_context,True,metamorphic lithology flag
geology_is_unconsolidated,True,geology_is_unconsolidated,unconsolidated_cover,geology,CMMI geology,direct binary,cover_context,True,unconsolidated cover flag
climate_aet_m01,True,climate_aet_,actual_evapotranspiration,climate,TerraClimate,monthly/seasonal/annual aggregation,environment,True,actual evapotranspiration summaries
climate_aet_m02,True,climate_aet_,actual_evapotranspiration,climate,TerraClimate,monthly/seasonal/annual aggregation,environment,True,actual evapotranspiration summaries
climate_aet_m03,True,climate_aet_,actual_evapotranspiration,climate,TerraClimate,monthly/seasonal/annual aggregation,environment,True,actual evapotranspiration summaries
climate_aet_m04,True,climate_aet_,actual_evapotranspiration,climate,TerraClimate,monthly/seasonal/annual aggregation,environment,True,actual evapotranspiration summaries
climate_aet_m05,True,climate_aet_,actual_evapotranspiration,climate,TerraClimate,monthly/seasonal/annual aggregation,environment,True,actual evapotranspiration summaries
climate_aet_m06,True,climate_aet_,actual_evapotranspiration,climate,TerraClimate,monthly/seasonal/annual aggregation,environment,True,actual evapotranspiration summaries
climate_aet_m07,True,climate_aet_,actual_evapotranspiration,climate,TerraClimate,monthly/seasonal/annual aggregation,environment,True,actual evapotranspiration summaries
climate_aet_m08,True,climate_aet_,actual_evapotranspiration,climate,TerraClimate,monthly/seasonal/annual aggregation,environment,True,actual evapotranspiration summaries
climate_aet_m09,True,climate_aet_,actual_evapotranspiration,climate,TerraClimate,monthly/seasonal/annual aggregation,environment,True,actual evapotranspiration summaries
climate_aet_m10,True,climate_aet_,actual_evapotranspiration,climate,TerraClimate,monthly/seasonal/annual aggregation,environment,True,actual evapotranspiration summaries
climate_aet_m11,True,climate_aet_,actual_evapotranspiration,climate,TerraClimate,monthly/seasonal/annual aggregation,environment,True,actual evapotranspiration summaries
climate_aet_m12,True,climate_aet_,actual_evapotranspiration,climate,TerraClimate,monthly/seasonal/annual aggregation,environment,True,actual evapotranspiration summaries
climate_def_m01,True,climate_def_,water_deficit,climate,TerraClimate,monthly/seasonal/annual aggregation,environment,True,climatic water deficit summaries
climate_def_m02,True,climate_def_,water_deficit,climate,TerraClimate,monthly/seasonal/annual aggregation,environment,True,climatic water deficit summaries
climate_def_m03,True,climate_def_,water_deficit,climate,TerraClimate,monthly/seasonal/annual aggregation,environment,True,climatic water deficit summaries
climate_def_m04,True,climate_def_,water_deficit,climate,TerraClimate,monthly/seasonal/annual aggregation,environment,True,climatic water deficit summaries
climate_def_m05,True,climate_def_,water_deficit,climate,TerraClimate,monthly/seasonal/annual aggregation,environment,True,climatic water deficit summaries
climate_def_m06,True,climate_def_,water_deficit,climate,TerraClimate,monthly/seasonal/annual aggregation,environment,True,climatic water deficit summaries
climate_def_m07,True,climate_def_,water_deficit,climate,TerraClimate,monthly/seasonal/annual aggregation,environment,True,climatic water deficit summaries
climate_def_m08,True,climate_def_,water_deficit,climate,TerraClimate,monthly/seasonal/annual aggregation,environment,True,climatic water deficit summaries
climate_def_m09,True,climate_def_,water_deficit,climate,TerraClimate,monthly/seasonal/annual aggregation,environment,True,climatic water deficit summaries
climate_def_m10,True,climate_def_,water_deficit,climate,TerraClimate,monthly/seasonal/annual aggregation,environment,True,climatic water deficit summaries
climate_def_m11,True,climate_def_,water_deficit,climate,TerraClimate,monthly/seasonal/annual aggregation,environment,True,climatic water deficit summaries
climate_def_m12,True,climate_def_,water_deficit,climate,TerraClimate,monthly/seasonal/annual aggregation,environment,True,climatic water deficit summaries
climate_pet_m01,True,climate_pet_,potential_evapotranspiration,climate,TerraClimate,monthly/seasonal/annual aggregation,environment,True,potential evapotranspiration summaries
climate_pet_m02,True,climate_pet_,potential_evapotranspiration,climate,TerraClimate,monthly/seasonal/annual aggregation,environment,True,potential evapotranspiration summaries
climate_pet_m03,True,climate_pet_,potential_evapotranspiration,climate,TerraClimate,monthly/seasonal/annual aggregation,environment,True,potential evapotranspiration summaries
climate_pet_m04,True,climate_pet_,potential_evapotranspiration,climate,TerraClimate,monthly/seasonal/annual aggregation,environment,True,potential evapotranspiration summaries
climate_pet_m05,True,climate_pet_,potential_evapotranspiration,climate,TerraClimate,monthly/seasonal/annual aggregation,environment,True,potential evapotranspiration summaries
climate_pet_m06,True,climate_pet_,potential_evapotranspiration,climate,TerraClimate,monthly/seasonal/annual aggregation,environment,True,potential evapotranspiration summaries
climate_pet_m07,True,climate_pet_,potential_evapotranspiration,climate,TerraClimate,monthly/seasonal/annual aggregation,environment,True,potential evapotranspiration summaries
climate_pet_m08,True,climate_pet_,potential_evapotranspiration,climate,TerraClimate,monthly/seasonal/annual aggregation,environment,True,potential evapotranspiration summaries
climate_pet_m09,True,climate_pet_,potential_evapotranspiration,climate,TerraClimate,monthly/seasonal/annual aggregation,environment,True,potential evapotranspiration summaries
climate_pet_m10,True,climate_pet_,potential_evapotranspiration,climate,TerraClimate,monthly/seasonal/annual aggregation,environment,True,potential evapotranspiration summaries
climate_pet_m11,True,climate_pet_,potential_evapotranspiration,climate,TerraClimate,monthly/seasonal/annual aggregation,environment,True,potential evapotranspiration summaries
climate_pet_m12,True,climate_pet_,potential_evapotranspiration,climate,TerraClimate,monthly/seasonal/annual aggregation,environment,True,potential evapotranspiration summaries
climate_ppt_m01,True,climate_ppt_,precipitation,climate,TerraClimate,monthly/seasonal/annual aggregation,environment,True,precipitation monthly/seasonal/annual summaries
climate_ppt_m02,True,climate_ppt_,precipitation,climate,TerraClimate,monthly/seasonal/annual aggregation,environment,True,precipitation monthly/seasonal/annual summaries
climate_ppt_m03,True,climate_ppt_,precipitation,climate,TerraClimate,monthly/seasonal/annual aggregation,environment,True,precipitation monthly/seasonal/annual summaries
climate_ppt_m04,True,climate_ppt_,precipitation,climate,TerraClimate,monthly/seasonal/annual aggregation,environment,True,precipitation monthly/seasonal/annual summaries
climate_ppt_m05,True,climate_ppt_,precipitation,climate,TerraClimate,monthly/seasonal/annual aggregation,environment,True,precipitation monthly/seasonal/annual summaries
climate_ppt_m06,True,climate_ppt_,precipitation,climate,TerraClimate,monthly/seasonal/annual aggregation,environment,True,precipitation monthly/seasonal/annual summaries
climate_ppt_m07,True,climate_ppt_,precipitation,climate,TerraClimate,monthly/seasonal/annual aggregation,environment,True,precipitation monthly/seasonal/annual summaries
climate_ppt_m08,True,climate_ppt_,precipitation,climate,TerraClimate,monthly/seasonal/annual aggregation,environment,True,precipitation monthly/seasonal/annual summaries
climate_ppt_m09,True,climate_ppt_,precipitation,climate,TerraClimate,monthly/seasonal/annual aggregation,environment,True,precipitation monthly/seasonal/annual summaries
climate_ppt_m10,True,climate_ppt_,precipitation,climate,TerraClimate,monthly/seasonal/annual aggregation,environment,True,precipitation monthly/seasonal/annual summaries
climate_ppt_m11,True,climate_ppt_,precipitation,climate,TerraClimate,monthly/seasonal/annual aggregation,environment,True,precipitation monthly/seasonal/annual summaries
climate_ppt_m12,True,climate_ppt_,precipitation,climate,TerraClimate,monthly/seasonal/annual aggregation,environment,True,precipitation monthly/seasonal/annual summaries
climate_q_m01,True,climate_q_,runoff,climate,TerraClimate,monthly/seasonal/annual aggregation,environment,True,runoff summaries
climate_q_m02,True,climate_q_,runoff,climate,TerraClimate,monthly/seasonal/annual aggregation,environment,True,runoff summaries
climate_q_m03,True,climate_q_,runoff,climate,TerraClimate,monthly/seasonal/annual aggregation,environment,True,runoff summaries
climate_q_m04,True,climate_q_,runoff,climate,TerraClimate,monthly/seasonal/annual aggregation,environment,True,runoff summaries
climate_q_m05,True,climate_q_,runoff,climate,TerraClimate,monthly/seasonal/annual aggregation,environment,True,runoff summaries
climate_q_m06,True,climate_q_,runoff,climate,TerraClimate,monthly/seasonal/annual aggregation,environment,True,runoff summaries
climate_q_m07,True,climate_q_,runoff,climate,TerraClimate,monthly/seasonal/annual aggregation,environment,True,runoff summaries
climate_q_m08,True,climate_q_,runoff,climate,TerraClimate,monthly/seasonal/annual aggregation,environment,True,runoff summaries
climate_q_m09,True,climate_q_,runoff,climate,TerraClimate,monthly/seasonal/annual aggregation,environment,True,runoff summaries
climate_q_m10,True,climate_q_,runoff,climate,TerraClimate,monthly/seasonal/annual aggregation,environment,True,runoff summaries
climate_q_m11,True,climate_q_,runoff,climate,TerraClimate,monthly/seasonal/annual aggregation,environment,True,runoff summaries
climate_q_m12,True,climate_q_,runoff,climate,TerraClimate,monthly/seasonal/annual aggregation,environment,True,runoff summaries
climate_soil_m01,True,climate_soil_,soil_moisture,climate,TerraClimate,monthly/seasonal/annual aggregation,environment,True,soil moisture summaries
climate_soil_m02,True,climate_soil_,soil_moisture,climate,TerraClimate,monthly/seasonal/annual aggregation,environment,True,soil moisture summaries
climate_soil_m03,True,climate_soil_,soil_moisture,climate,TerraClimate,monthly/seasonal/annual aggregation,environment,True,soil moisture summaries
climate_soil_m04,True,climate_soil_,soil_moisture,climate,TerraClimate,monthly/seasonal/annual aggregation,environment,True,soil moisture summaries
climate_soil_m05,True,climate_soil_,soil_moisture,climate,TerraClimate,monthly/seasonal/annual aggregation,environment,True,soil moisture summaries
climate_soil_m06,True,climate_soil_,soil_moisture,climate,TerraClimate,monthly/seasonal/annual aggregation,environment,True,soil moisture summaries
climate_soil_m07,True,climate_soil_,soil_moisture,climate,TerraClimate,monthly/seasonal/annual aggregation,environment,True,soil moisture summaries
climate_soil_m08,True,climate_soil_,soil_moisture,climate,TerraClimate,monthly/seasonal/annual aggregation,environment,True,soil moisture summaries
climate_soil_m09,True,climate_soil_,soil_moisture,climate,TerraClimate,monthly/seasonal/annual aggregation,environment,True,soil moisture summaries
climate_soil_m10,True,climate_soil_,soil_moisture,climate,TerraClimate,monthly/seasonal/annual aggregation,environment,True,soil moisture summaries
climate_soil_m11,True,climate_soil_,soil_moisture,climate,TerraClimate,monthly/seasonal/annual aggregation,environment,True,soil moisture summaries
climate_soil_m12,True,climate_soil_,soil_moisture,climate,TerraClimate,monthly/seasonal/annual aggregation,environment,True,soil moisture summaries
climate_srad_m01,True,climate_srad_,solar_radiation,climate,TerraClimate,monthly/seasonal/annual aggregation,environment,True,solar radiation summaries
climate_srad_m02,True,climate_srad_,solar_radiation,climate,TerraClimate,monthly/seasonal/annual aggregation,environment,True,solar radiation summaries
climate_srad_m03,True,climate_srad_,solar_radiation,climate,TerraClimate,monthly/seasonal/annual aggregation,environment,True,solar radiation summaries
climate_srad_m04,True,climate_srad_,solar_radiation,climate,TerraClimate,monthly/seasonal/annual aggregation,environment,True,solar radiation summaries
climate_srad_m05,True,climate_srad_,solar_radiation,climate,TerraClimate,monthly/seasonal/annual aggregation,environment,True,solar radiation summaries
climate_srad_m06,True,climate_srad_,solar_radiation,climate,TerraClimate,monthly/seasonal/annual aggregation,environment,True,solar radiation summaries
climate_srad_m07,True,climate_srad_,solar_radiation,climate,TerraClimate,monthly/seasonal/annual aggregation,environment,True,solar radiation summaries
climate_srad_m08,True,climate_srad_,solar_radiation,climate,TerraClimate,monthly/seasonal/annual aggregation,environment,True,solar radiation summaries
climate_srad_m09,True,climate_srad_,solar_radiation,climate,TerraClimate,monthly/seasonal/annual aggregation,environment,True,solar radiation summaries
climate_srad_m10,True,climate_srad_,solar_radiation,climate,TerraClimate,monthly/seasonal/annual aggregation,environment,True,solar radiation summaries
climate_srad_m11,True,climate_srad_,solar_radiation,climate,TerraClimate,monthly/seasonal/annual aggregation,environment,True,solar radiation summaries
climate_srad_m12,True,climate_srad_,solar_radiation,climate,TerraClimate,monthly/seasonal/annual aggregation,environment,True,solar radiation summaries
climate_swe_m01,True,climate_swe_,snow_influence,climate,TerraClimate,monthly/seasonal/annual aggregation,environment,True,snow water equivalent summaries
climate_swe_m02,True,climate_swe_,snow_influence,climate,TerraClimate,monthly/seasonal/annual aggregation,environment,True,snow water equivalent summaries
climate_swe_m03,True,climate_swe_,snow_influence,climate,TerraClimate,monthly/seasonal/annual aggregation,environment,True,snow water equivalent summaries
climate_swe_m04,True,climate_swe_,snow_influence,climate,TerraClimate,monthly/seasonal/annual aggregation,environment,True,snow water equivalent summaries
climate_swe_m05,True,climate_swe_,snow_influence,climate,TerraClimate,monthly/seasonal/annual aggregation,environment,True,snow water equivalent summaries
climate_swe_m06,True,climate_swe_,snow_influence,climate,TerraClimate,monthly/seasonal/annual aggregation,environment,True,snow water equivalent summaries
climate_swe_m07,True,climate_swe_,snow_influence,climate,TerraClimate,monthly/seasonal/annual aggregation,environment,True,snow water equivalent summaries
climate_swe_m09,True,climate_swe_,snow_influence,climate,TerraClimate,monthly/seasonal/annual aggregation,environment,True,snow water equivalent summaries
climate_swe_m10,True,climate_swe_,snow_influence,climate,TerraClimate,monthly/seasonal/annual aggregation,environment,True,snow water equivalent summaries
climate_swe_m11,True,climate_swe_,snow_influence,climate,TerraClimate,monthly/seasonal/annual aggregation,environment,True,snow water equivalent summaries
climate_swe_m12,True,climate_swe_,snow_influence,climate,TerraClimate,monthly/seasonal/annual aggregation,environment,True,snow water equivalent summaries
climate_tmax_m01,True,climate_tmax_,max_temperature,climate,TerraClimate,monthly/seasonal/annual aggregation,environment,True,maximum temperature summaries
climate_tmax_m02,True,climate_tmax_,max_temperature,climate,TerraClimate,monthly/seasonal/annual aggregation,environment,True,maximum temperature summaries
climate_tmax_m03,True,climate_tmax_,max_temperature,climate,TerraClimate,monthly/seasonal/annual aggregation,environment,True,maximum temperature summaries
climate_tmax_m04,True,climate_tmax_,max_temperature,climate,TerraClimate,monthly/seasonal/annual aggregation,environment,True,maximum temperature summaries
climate_tmax_m05,True,climate_tmax_,max_temperature,climate,TerraClimate,monthly/seasonal/annual aggregation,environment,True,maximum temperature summaries
climate_tmax_m06,True,climate_tmax_,max_temperature,climate,TerraClimate,monthly/seasonal/annual aggregation,environment,True,maximum temperature summaries
climate_tmax_m07,True,climate_tmax_,max_temperature,climate,TerraClimate,monthly/seasonal/annual aggregation,environment,True,maximum temperature summaries
climate_tmax_m08,True,climate_tmax_,max_temperature,climate,TerraClimate,monthly/seasonal/annual aggregation,environment,True,maximum temperature summaries
climate_tmax_m09,True,climate_tmax_,max_temperature,climate,TerraClimate,monthly/seasonal/annual aggregation,environment,True,maximum temperature summaries
climate_tmax_m10,True,climate_tmax_,max_temperature,climate,TerraClimate,monthly/seasonal/annual aggregation,environment,True,maximum temperature summaries
climate_tmax_m11,True,climate_tmax_,max_temperature,climate,TerraClimate,monthly/seasonal/annual aggregation,environment,True,maximum temperature summaries
climate_tmax_m12,True,climate_tmax_,max_temperature,climate,TerraClimate,monthly/seasonal/annual aggregation,environment,True,maximum temperature summaries
climate_tmin_m01,True,climate_tmin_,min_temperature,climate,TerraClimate,monthly/seasonal/annual aggregation,environment,True,minimum temperature summaries
climate_tmin_m02,True,climate_tmin_,min_temperature,climate,TerraClimate,monthly/seasonal/annual aggregation,environment,True,minimum temperature summaries
climate_tmin_m03,True,climate_tmin_,min_temperature,climate,TerraClimate,monthly/seasonal/annual aggregation,environment,True,minimum temperature summaries
climate_tmin_m04,True,climate_tmin_,min_temperature,climate,TerraClimate,monthly/seasonal/annual aggregation,environment,True,minimum temperature summaries
climate_tmin_m05,True,climate_tmin_,min_temperature,climate,TerraClimate,monthly/seasonal/annual aggregation,environment,True,minimum temperature summaries
climate_tmin_m06,True,climate_tmin_,min_temperature,climate,TerraClimate,monthly/seasonal/annual aggregation,environment,True,minimum temperature summaries
climate_tmin_m07,True,climate_tmin_,min_temperature,climate,TerraClimate,monthly/seasonal/annual aggregation,environment,True,minimum temperature summaries
climate_tmin_m08,True,climate_tmin_,min_temperature,climate,TerraClimate,monthly/seasonal/annual aggregation,environment,True,minimum temperature summaries
climate_tmin_m09,True,climate_tmin_,min_temperature,climate,TerraClimate,monthly/seasonal/annual aggregation,environment,True,minimum temperature summaries
climate_tmin_m10,True,climate_tmin_,min_temperature,climate,TerraClimate,monthly/seasonal/annual aggregation,environment,True,minimum temperature summaries
climate_tmin_m11,True,climate_tmin_,min_temperature,climate,TerraClimate,monthly/seasonal/annual aggregation,environment,True,minimum temperature summaries
climate_tmin_m12,True,climate_tmin_,min_temperature,climate,TerraClimate,monthly/seasonal/annual aggregation,environment,True,minimum temperature summaries
climate_vap_m01,True,climate_vap_,vapor_pressure,climate,TerraClimate,monthly/seasonal/annual aggregation,environment,True,vapor pressure summaries
climate_vap_m02,True,climate_vap_,vapor_pressure,climate,TerraClimate,monthly/seasonal/annual aggregation,environment,True,vapor pressure summaries
climate_vap_m03,True,climate_vap_,vapor_pressure,climate,TerraClimate,monthly/seasonal/annual aggregation,environment,True,vapor pressure summaries
climate_vap_m04,True,climate_vap_,vapor_pressure,climate,TerraClimate,monthly/seasonal/annual aggregation,environment,True,vapor pressure summaries
climate_vap_m05,True,climate_vap_,vapor_pressure,climate,TerraClimate,monthly/seasonal/annual aggregation,environment,True,vapor pressure summaries
climate_vap_m06,True,climate_vap_,vapor_pressure,climate,TerraClimate,monthly/seasonal/annual aggregation,environment,True,vapor pressure summaries
climate_vap_m07,True,climate_vap_,vapor_pressure,climate,TerraClimate,monthly/seasonal/annual aggregation,environment,True,vapor pressure summaries
climate_vap_m08,True,climate_vap_,vapor_pressure,climate,TerraClimate,monthly/seasonal/annual aggregation,environment,True,vapor pressure summaries
climate_vap_m09,True,climate_vap_,vapor_pressure,climate,TerraClimate,monthly/seasonal/annual aggregation,environment,True,vapor pressure summaries
climate_vap_m10,True,climate_vap_,vapor_pressure,climate,TerraClimate,monthly/seasonal/annual aggregation,environment,True,vapor pressure summaries
climate_vap_m11,True,climate_vap_,vapor_pressure,climate,TerraClimate,monthly/seasonal/annual aggregation,environment,True,vapor pressure summaries
climate_vap_m12,True,climate_vap_,vapor_pressure,climate,TerraClimate,monthly/seasonal/annual aggregation,environment,True,vapor pressure summaries
climate_vpd_m01,True,climate_vpd_,vapor_pressure_deficit,climate,TerraClimate,monthly/seasonal/annual aggregation,environment,True,vapor pressure deficit summaries
climate_vpd_m02,True,climate_vpd_,vapor_pressure_deficit,climate,TerraClimate,monthly/seasonal/annual aggregation,environment,True,vapor pressure deficit summaries
climate_vpd_m03,True,climate_vpd_,vapor_pressure_deficit,climate,TerraClimate,monthly/seasonal/annual aggregation,environment,True,vapor pressure deficit summaries
climate_vpd_m04,True,climate_vpd_,vapor_pressure_deficit,climate,TerraClimate,monthly/seasonal/annual aggregation,environment,True,vapor pressure deficit summaries
climate_vpd_m05,True,climate_vpd_,vapor_pressure_deficit,climate,TerraClimate,monthly/seasonal/annual aggregation,environment,True,vapor pressure deficit summaries
climate_vpd_m06,True,climate_vpd_,vapor_pressure_deficit,climate,TerraClimate,monthly/seasonal/annual aggregation,environment,True,vapor pressure deficit summaries
climate_vpd_m07,True,climate_vpd_,vapor_pressure_deficit,climate,TerraClimate,monthly/seasonal/annual aggregation,environment,True,vapor pressure deficit summaries
climate_vpd_m08,True,climate_vpd_,vapor_pressure_deficit,climate,TerraClimate,monthly/seasonal/annual aggregation,environment,True,vapor pressure deficit summaries
climate_vpd_m09,True,climate_vpd_,vapor_pressure_deficit,climate,TerraClimate,monthly/seasonal/annual aggregation,environment,True,vapor pressure deficit summaries
climate_vpd_m10,True,climate_vpd_,vapor_pressure_deficit,climate,TerraClimate,monthly/seasonal/annual aggregation,environment,True,vapor pressure deficit summaries
climate_vpd_m11,True,climate_vpd_,vapor_pressure_deficit,climate,TerraClimate,monthly/seasonal/annual aggregation,environment,True,vapor pressure deficit summaries
climate_vpd_m12,True,climate_vpd_,vapor_pressure_deficit,climate,TerraClimate,monthly/seasonal/annual aggregation,environment,True,vapor pressure deficit summaries
climate_ws_m01,True,climate_ws_,wind_speed,climate,TerraClimate,monthly/seasonal/annual aggregation,environment,True,wind speed summaries
climate_ws_m02,True,climate_ws_,wind_speed,climate,TerraClimate,monthly/seasonal/annual aggregation,environment,True,wind speed summaries
climate_ws_m03,True,climate_ws_,wind_speed,climate,TerraClimate,monthly/seasonal/annual aggregation,environment,True,wind speed summaries
climate_ws_m04,True,climate_ws_,wind_speed,climate,TerraClimate,monthly/seasonal/annual aggregation,environment,True,wind speed summaries
climate_ws_m05,True,climate_ws_,wind_speed,climate,TerraClimate,monthly/seasonal/annual aggregation,environment,True,wind speed summaries
climate_ws_m06,True,climate_ws_,wind_speed,climate,TerraClimate,monthly/seasonal/annual aggregation,environment,True,wind speed summaries
climate_ws_m07,True,climate_ws_,wind_speed,climate,TerraClimate,monthly/seasonal/annual aggregation,environment,True,wind speed summaries
climate_ws_m08,True,climate_ws_,wind_speed,climate,TerraClimate,monthly/seasonal/annual aggregation,environment,True,wind speed summaries
climate_ws_m09,True,climate_ws_,wind_speed,climate,TerraClimate,monthly/seasonal/annual aggregation,environment,True,wind speed summaries
climate_ws_m10,True,climate_ws_,wind_speed,climate,TerraClimate,monthly/seasonal/annual aggregation,environment,True,wind speed summaries
climate_ws_m11,True,climate_ws_,wind_speed,climate,TerraClimate,monthly/seasonal/annual aggregation,environment,True,wind speed summaries
climate_ws_m12,True,climate_ws_,wind_speed,climate,TerraClimate,monthly/seasonal/annual aggregation,environment,True,wind speed summaries
climate_aet_annual_sum,True,climate_aet_,actual_evapotranspiration,climate,TerraClimate,monthly/seasonal/annual aggregation,environment,True,actual evapotranspiration summaries
climate_aet_warm_sum,True,climate_aet_,actual_evapotranspiration,climate,TerraClimate,monthly/seasonal/annual aggregation,environment,True,actual evapotranspiration summaries
climate_aet_cool_sum,True,climate_aet_,actual_evapotranspiration,climate,TerraClimate,monthly/seasonal/annual aggregation,environment,True,actual evapotranspiration summaries
climate_aet_max_month_value,True,climate_aet_,actual_evapotranspiration,climate,TerraClimate,monthly/seasonal/annual aggregation,environment,True,actual evapotranspiration summaries
climate_aet_min_month_value,True,climate_aet_,actual_evapotranspiration,climate,TerraClimate,monthly/seasonal/annual aggregation,environment,True,actual evapotranspiration summaries
climate_aet_seasonality,True,climate_aet_,actual_evapotranspiration,climate,TerraClimate,monthly/seasonal/annual aggregation,environment,True,actual evapotranspiration summaries
climate_def_annual_sum,True,climate_def_,water_deficit,climate,TerraClimate,monthly/seasonal/annual aggregation,environment,True,climatic water deficit summaries
climate_def_warm_sum,True,climate_def_,water_deficit,climate,TerraClimate,monthly/seasonal/annual aggregation,environment,True,climatic water deficit summaries
climate_def_cool_sum,True,climate_def_,water_deficit,climate,TerraClimate,monthly/seasonal/annual aggregation,environment,True,climatic water deficit summaries
climate_def_max_month_value,True,climate_def_,water_deficit,climate,TerraClimate,monthly/seasonal/annual aggregation,environment,True,climatic water deficit summaries
climate_def_min_month_value,True,climate_def_,water_deficit,climate,TerraClimate,monthly/seasonal/annual aggregation,environment,True,climatic water deficit summaries
climate_def_seasonality,True,climate_def_,water_deficit,climate,TerraClimate,monthly/seasonal/annual aggregation,environment,True,climatic water deficit summaries
climate_pet_annual_sum,True,climate_pet_,potential_evapotranspiration,climate,TerraClimate,monthly/seasonal/annual aggregation,environment,True,potential evapotranspiration summaries
climate_pet_warm_sum,True,climate_pet_,potential_evapotranspiration,climate,TerraClimate,monthly/seasonal/annual aggregation,environment,True,potential evapotranspiration summaries
climate_pet_cool_sum,True,climate_pet_,potential_evapotranspiration,climate,TerraClimate,monthly/seasonal/annual aggregation,environment,True,potential evapotranspiration summaries
climate_pet_max_month_value,True,climate_pet_,potential_evapotranspiration,climate,TerraClimate,monthly/seasonal/annual aggregation,environment,True,potential evapotranspiration summaries
climate_pet_min_month_value,True,climate_pet_,potential_evapotranspiration,climate,TerraClimate,monthly/seasonal/annual aggregation,environment,True,potential evapotranspiration summaries
climate_pet_seasonality,True,climate_pet_,potential_evapotranspiration,climate,TerraClimate,monthly/seasonal/annual aggregation,environment,True,potential evapotranspiration summaries
climate_ppt_annual_sum,True,climate_ppt_,precipitation,climate,TerraClimate,monthly/seasonal/annual aggregation,environment,True,precipitation monthly/seasonal/annual summaries
climate_ppt_warm_sum,True,climate_ppt_,precipitation,climate,TerraClimate,monthly/seasonal/annual aggregation,environment,True,precipitation monthly/seasonal/annual summaries
climate_ppt_cool_sum,True,climate_ppt_,precipitation,climate,TerraClimate,monthly/seasonal/annual aggregation,environment,True,precipitation monthly/seasonal/annual summaries
climate_ppt_max_month_value,True,climate_ppt_,precipitation,climate,TerraClimate,monthly/seasonal/annual aggregation,environment,True,precipitation monthly/seasonal/annual summaries
climate_ppt_min_month_value,True,climate_ppt_,precipitation,climate,TerraClimate,monthly/seasonal/annual aggregation,environment,True,precipitation monthly/seasonal/annual summaries
climate_ppt_seasonality,True,climate_ppt_,precipitation,climate,TerraClimate,monthly/seasonal/annual aggregation,environment,True,precipitation monthly/seasonal/annual summaries
climate_q_annual_sum,True,climate_q_,runoff,climate,TerraClimate,monthly/seasonal/annual aggregation,environment,True,runoff summaries
climate_q_warm_sum,True,climate_q_,runoff,climate,TerraClimate,monthly/seasonal/annual aggregation,environment,True,runoff summaries
climate_q_cool_sum,True,climate_q_,runoff,climate,TerraClimate,monthly/seasonal/annual aggregation,environment,True,runoff summaries
climate_q_max_month_value,True,climate_q_,runoff,climate,TerraClimate,monthly/seasonal/annual aggregation,environment,True,runoff summaries
climate_q_min_month_value,True,climate_q_,runoff,climate,TerraClimate,monthly/seasonal/annual aggregation,environment,True,runoff summaries
climate_q_seasonality,True,climate_q_,runoff,climate,TerraClimate,monthly/seasonal/annual aggregation,environment,True,runoff summaries
climate_soil_annual_mean,True,climate_soil_,soil_moisture,climate,TerraClimate,monthly/seasonal/annual aggregation,environment,True,soil moisture summaries
climate_soil_warm_mean,True,climate_soil_,soil_moisture,climate,TerraClimate,monthly/seasonal/annual aggregation,environment,True,soil moisture summaries
climate_soil_cool_mean,True,climate_soil_,soil_moisture,climate,TerraClimate,monthly/seasonal/annual aggregation,environment,True,soil moisture summaries
climate_soil_max_month_value,True,climate_soil_,soil_moisture,climate,TerraClimate,monthly/seasonal/annual aggregation,environment,True,soil moisture summaries
climate_soil_min_month_value,True,climate_soil_,soil_moisture,climate,TerraClimate,monthly/seasonal/annual aggregation,environment,True,soil moisture summaries
climate_soil_seasonality,True,climate_soil_,soil_moisture,climate,TerraClimate,monthly/seasonal/annual aggregation,environment,True,soil moisture summaries
climate_srad_annual_mean,True,climate_srad_,solar_radiation,climate,TerraClimate,monthly/seasonal/annual aggregation,environment,True,solar radiation summaries
climate_srad_warm_mean,True,climate_srad_,solar_radiation,climate,TerraClimate,monthly/seasonal/annual aggregation,environment,True,solar radiation summaries
climate_srad_cool_mean,True,climate_srad_,solar_radiation,climate,TerraClimate,monthly/seasonal/annual aggregation,environment,True,solar radiation summaries
climate_srad_max_month_value,True,climate_srad_,solar_radiation,climate,TerraClimate,monthly/seasonal/annual aggregation,environment,True,solar radiation summaries
climate_srad_min_month_value,True,climate_srad_,solar_radiation,climate,TerraClimate,monthly/seasonal/annual aggregation,environment,True,solar radiation summaries
climate_srad_seasonality,True,climate_srad_,solar_radiation,climate,TerraClimate,monthly/seasonal/annual aggregation,environment,True,solar radiation summaries
climate_swe_annual_mean,True,climate_swe_,snow_influence,climate,TerraClimate,monthly/seasonal/annual aggregation,environment,True,snow water equivalent summaries
climate_swe_warm_mean,True,climate_swe_,snow_influence,climate,TerraClimate,monthly/seasonal/annual aggregation,environment,True,snow water equivalent summaries
climate_swe_cool_mean,True,climate_swe_,snow_influence,climate,TerraClimate,monthly/seasonal/annual aggregation,environment,True,snow water equivalent summaries
climate_swe_max_month_value,True,climate_swe_,snow_influence,climate,TerraClimate,monthly/seasonal/annual aggregation,environment,True,snow water equivalent summaries
climate_swe_seasonality,True,climate_swe_,snow_influence,climate,TerraClimate,monthly/seasonal/annual aggregation,environment,True,snow water equivalent summaries
climate_tmax_annual_mean,True,climate_tmax_,max_temperature,climate,TerraClimate,monthly/seasonal/annual aggregation,environment,True,maximum temperature summaries
climate_tmax_warm_mean,True,climate_tmax_,max_temperature,climate,TerraClimate,monthly/seasonal/annual aggregation,environment,True,maximum temperature summaries
climate_tmax_cool_mean,True,climate_tmax_,max_temperature,climate,TerraClimate,monthly/seasonal/annual aggregation,environment,True,maximum temperature summaries
climate_tmax_max_month_value,True,climate_tmax_,max_temperature,climate,TerraClimate,monthly/seasonal/annual aggregation,environment,True,maximum temperature summaries
climate_tmax_min_month_value,True,climate_tmax_,max_temperature,climate,TerraClimate,monthly/seasonal/annual aggregation,environment,True,maximum temperature summaries
climate_tmax_seasonality,True,climate_tmax_,max_temperature,climate,TerraClimate,monthly/seasonal/annual aggregation,environment,True,maximum temperature summaries
climate_tmin_annual_mean,True,climate_tmin_,min_temperature,climate,TerraClimate,monthly/seasonal/annual aggregation,environment,True,minimum temperature summaries
climate_tmin_warm_mean,True,climate_tmin_,min_temperature,climate,TerraClimate,monthly/seasonal/annual aggregation,environment,True,minimum temperature summaries
climate_tmin_cool_mean,True,climate_tmin_,min_temperature,climate,TerraClimate,monthly/seasonal/annual aggregation,environment,True,minimum temperature summaries
climate_tmin_max_month_value,True,climate_tmin_,min_temperature,climate,TerraClimate,monthly/seasonal/annual aggregation,environment,True,minimum temperature summaries
climate_tmin_min_month_value,True,climate_tmin_,min_temperature,climate,TerraClimate,monthly/seasonal/annual aggregation,environment,True,minimum temperature summaries
climate_tmin_seasonality,True,climate_tmin_,min_temperature,climate,TerraClimate,monthly/seasonal/annual aggregation,environment,True,minimum temperature summaries
climate_vap_annual_mean,True,climate_vap_,vapor_pressure,climate,TerraClimate,monthly/seasonal/annual aggregation,environment,True,vapor pressure summaries
climate_vap_warm_mean,True,climate_vap_,vapor_pressure,climate,TerraClimate,monthly/seasonal/annual aggregation,environment,True,vapor pressure summaries
climate_vap_cool_mean,True,climate_vap_,vapor_pressure,climate,TerraClimate,monthly/seasonal/annual aggregation,environment,True,vapor pressure summaries
climate_vap_max_month_value,True,climate_vap_,vapor_pressure,climate,TerraClimate,monthly/seasonal/annual aggregation,environment,True,vapor pressure summaries
climate_vap_min_month_value,True,climate_vap_,vapor_pressure,climate,TerraClimate,monthly/seasonal/annual aggregation,environment,True,vapor pressure summaries
climate_vap_seasonality,True,climate_vap_,vapor_pressure,climate,TerraClimate,monthly/seasonal/annual aggregation,environment,True,vapor pressure summaries
climate_vpd_annual_mean,True,climate_vpd_,vapor_pressure_deficit,climate,TerraClimate,monthly/seasonal/annual aggregation,environment,True,vapor pressure deficit summaries
climate_vpd_warm_mean,True,climate_vpd_,vapor_pressure_deficit,climate,TerraClimate,monthly/seasonal/annual aggregation,environment,True,vapor pressure deficit summaries
climate_vpd_cool_mean,True,climate_vpd_,vapor_pressure_deficit,climate,TerraClimate,monthly/seasonal/annual aggregation,environment,True,vapor pressure deficit summaries
climate_vpd_max_month_value,True,climate_vpd_,vapor_pressure_deficit,climate,TerraClimate,monthly/seasonal/annual aggregation,environment,True,vapor pressure deficit summaries
climate_vpd_min_month_value,True,climate_vpd_,vapor_pressure_deficit,climate,TerraClimate,monthly/seasonal/annual aggregation,environment,True,vapor pressure deficit summaries
climate_vpd_seasonality,True,climate_vpd_,vapor_pressure_deficit,climate,TerraClimate,monthly/seasonal/annual aggregation,environment,True,vapor pressure deficit summaries
climate_ws_annual_mean,True,climate_ws_,wind_speed,climate,TerraClimate,monthly/seasonal/annual aggregation,environment,True,wind speed summaries
climate_ws_warm_mean,True,climate_ws_,wind_speed,climate,TerraClimate,monthly/seasonal/annual aggregation,environment,True,wind speed summaries
climate_ws_cool_mean,True,climate_ws_,wind_speed,climate,TerraClimate,monthly/seasonal/annual aggregation,environment,True,wind speed summaries
climate_ws_max_month_value,True,climate_ws_,wind_speed,climate,TerraClimate,monthly/seasonal/annual aggregation,environment,True,wind speed summaries
climate_ws_min_month_value,True,climate_ws_,wind_speed,climate,TerraClimate,monthly/seasonal/annual aggregation,environment,True,wind speed summaries
climate_ws_seasonality,True,climate_ws_,wind_speed,climate,TerraClimate,monthly/seasonal/annual aggregation,environment,True,wind speed summaries
climate_tmean_m01,True,climate_tmean_,mean_temperature,climate,TerraClimate,monthly/seasonal/annual aggregation,environment,True,mean temperature summaries
climate_dtr_m01,True,climate_dtr_,diurnal_temperature_range,climate,TerraClimate,monthly/seasonal/annual aggregation,environment,True,diurnal temperature range summaries
climate_tmean_m02,True,climate_tmean_,mean_temperature,climate,TerraClimate,monthly/seasonal/annual aggregation,environment,True,mean temperature summaries
climate_dtr_m02,True,climate_dtr_,diurnal_temperature_range,climate,TerraClimate,monthly/seasonal/annual aggregation,environment,True,diurnal temperature range summaries
climate_tmean_m03,True,climate_tmean_,mean_temperature,climate,TerraClimate,monthly/seasonal/annual aggregation,environment,True,mean temperature summaries
climate_dtr_m03,True,climate_dtr_,diurnal_temperature_range,climate,TerraClimate,monthly/seasonal/annual aggregation,environment,True,diurnal temperature range summaries
climate_tmean_m04,True,climate_tmean_,mean_temperature,climate,TerraClimate,monthly/seasonal/annual aggregation,environment,True,mean temperature summaries
climate_dtr_m04,True,climate_dtr_,diurnal_temperature_range,climate,TerraClimate,monthly/seasonal/annual aggregation,environment,True,diurnal temperature range summaries
climate_tmean_m05,True,climate_tmean_,mean_temperature,climate,TerraClimate,monthly/seasonal/annual aggregation,environment,True,mean temperature summaries
climate_dtr_m05,True,climate_dtr_,diurnal_temperature_range,climate,TerraClimate,monthly/seasonal/annual aggregation,environment,True,diurnal temperature range summaries
climate_tmean_m06,True,climate_tmean_,mean_temperature,climate,TerraClimate,monthly/seasonal/annual aggregation,environment,True,mean temperature summaries
climate_dtr_m06,True,climate_dtr_,diurnal_temperature_range,climate,TerraClimate,monthly/seasonal/annual aggregation,environment,True,diurnal temperature range summaries
climate_tmean_m07,True,climate_tmean_,mean_temperature,climate,TerraClimate,monthly/seasonal/annual aggregation,environment,True,mean temperature summaries
climate_dtr_m07,True,climate_dtr_,diurnal_temperature_range,climate,TerraClimate,monthly/seasonal/annual aggregation,environment,True,diurnal temperature range summaries
climate_tmean_m08,True,climate_tmean_,mean_temperature,climate,TerraClimate,monthly/seasonal/annual aggregation,environment,True,mean temperature summaries
climate_dtr_m08,True,climate_dtr_,diurnal_temperature_range,climate,TerraClimate,monthly/seasonal/annual aggregation,environment,True,diurnal temperature range summaries
climate_tmean_m09,True,climate_tmean_,mean_temperature,climate,TerraClimate,monthly/seasonal/annual aggregation,environment,True,mean temperature summaries
climate_dtr_m09,True,climate_dtr_,diurnal_temperature_range,climate,TerraClimate,monthly/seasonal/annual aggregation,environment,True,diurnal temperature range summaries
climate_tmean_m10,True,climate_tmean_,mean_temperature,climate,TerraClimate,monthly/seasonal/annual aggregation,environment,True,mean temperature summaries
climate_dtr_m10,True,climate_dtr_,diurnal_temperature_range,climate,TerraClimate,monthly/seasonal/annual aggregation,environment,True,diurnal temperature range summaries
climate_tmean_m11,True,climate_tmean_,mean_temperature,climate,TerraClimate,monthly/seasonal/annual aggregation,environment,True,mean temperature summaries
climate_dtr_m11,True,climate_dtr_,diurnal_temperature_range,climate,TerraClimate,monthly/seasonal/annual aggregation,environment,True,diurnal temperature range summaries
climate_tmean_m12,True,climate_tmean_,mean_temperature,climate,TerraClimate,monthly/seasonal/annual aggregation,environment,True,mean temperature summaries
climate_dtr_m12,True,climate_dtr_,diurnal_temperature_range,climate,TerraClimate,monthly/seasonal/annual aggregation,environment,True,diurnal temperature range summaries
climate_tmean_annual_mean,True,climate_tmean_,mean_temperature,climate,TerraClimate,monthly/seasonal/annual aggregation,environment,True,mean temperature summaries
climate_tmean_warm_mean,True,climate_tmean_,mean_temperature,climate,TerraClimate,monthly/seasonal/annual aggregation,environment,True,mean temperature summaries
climate_tmean_cool_mean,True,climate_tmean_,mean_temperature,climate,TerraClimate,monthly/seasonal/annual aggregation,environment,True,mean temperature summaries
climate_tmean_max_month_value,True,climate_tmean_,mean_temperature,climate,TerraClimate,monthly/seasonal/annual aggregation,environment,True,mean temperature summaries
climate_tmean_min_month_value,True,climate_tmean_,mean_temperature,climate,TerraClimate,monthly/seasonal/annual aggregation,environment,True,mean temperature summaries
climate_tmean_seasonality,True,climate_tmean_,mean_temperature,climate,TerraClimate,monthly/seasonal/annual aggregation,environment,True,mean temperature summaries
climate_dtr_annual_mean,True,climate_dtr_,diurnal_temperature_range,climate,TerraClimate,monthly/seasonal/annual aggregation,environment,True,diurnal temperature range summaries
climate_dtr_warm_mean,True,climate_dtr_,diurnal_temperature_range,climate,TerraClimate,monthly/seasonal/annual aggregation,environment,True,diurnal temperature range summaries
climate_dtr_cool_mean,True,climate_dtr_,diurnal_temperature_range,climate,TerraClimate,monthly/seasonal/annual aggregation,environment,True,diurnal temperature range summaries
climate_dtr_max_month_value,True,climate_dtr_,diurnal_temperature_range,climate,TerraClimate,monthly/seasonal/annual aggregation,environment,True,diurnal temperature range summaries
climate_dtr_min_month_value,True,climate_dtr_,diurnal_temperature_range,climate,TerraClimate,monthly/seasonal/annual aggregation,environment,True,diurnal temperature range summaries
climate_dtr_seasonality,True,climate_dtr_,diurnal_temperature_range,climate,TerraClimate,monthly/seasonal/annual aggregation,environment,True,diurnal temperature range summaries
climate_water_balance_annual_mm,True,climate_water_balance_annual_mm,water_balance,climate,TerraClimate,direct annual derived metric,environment,True,annual water balance
climate_ppt_pet_ratio_annual,True,climate_ppt_pet_ratio_annual,aridity,climate,TerraClimate,direct annual derived metric,environment,True,precipitation / potential evapotranspiration
climate_aet_pet_ratio_annual,True,climate_aet_pet_ratio_annual,evapotranspiration_ratio,climate,TerraClimate,direct annual derived metric,environment,True,actual / potential evapotranspiration
gravity_cmmi_hgm_nearest,True,gravity_cmmi_hgm_nearest,gravity_gradient,geophysics,CMMI gravity derivatives,direct nearest raster value,geophysical_boundary,True,horizontal gradient magnitude; proxy for geophysical boundaries
gravity_cmmi_up30km_nearest,True,gravity_cmmi_up30km_nearest,deep_regional_gravity_anomaly,geophysics,CMMI gravity derivatives,direct nearest raster value,deep_geophysical_context,True,30 km upward continued gravity anomaly
gravity_cmmi_up30km_hgm_nearest,True,gravity_cmmi_up30km_hgm_nearest,deep_gravity_gradient,geophysics,CMMI gravity derivatives,direct nearest raster value,deep_geophysical_boundary,True,horizontal gradient of 30 km upward continued gravity
gravity_cmmi_shallow_worms_nearest_distance_km,True,gravity_cmmi_shallow_worms_nearest_distance_km,shallow_gravity_source_proximity,geophysics,CMMI shallow gravity-source worms,direct nearest distance; later invert/sign so smaller distance means stronger proximity,geophysical_source_proximity,True,distance to nearest shallow gravity-source worm point
gravity_cmmi_shallow_worms_steepness_nearest,True,gravity_cmmi_shallow_worms_steepness_,shallow_gravity_source_strength,geophysics,CMMI shallow gravity-source worms,nearest/mean/max steepness across radii,geophysical_source_strength,True,steepness of shallow gravity-source worm points
gravity_cmmi_shallow_worms_strike_nearest,True,gravity_cmmi_shallow_worms_strike_nearest,shallow_gravity_source_orientation,geophysics,CMMI shallow gravity-source worms,nearest strike angle; usually not used in first concept table unless encoded circularly,orientation_context,False,orientation of nearest shallow gravity-source worm point
gravity_cmmi_shallow_worms_points_5km,True,gravity_cmmi_shallow_worms_points_,shallow_gravity_source_density,geophysics,CMMI shallow gravity-source worms,point counts across radii,geophysical_source_density,True,density/count of shallow gravity-source worm points
gravity_cmmi_shallow_worms_steepness_mean_5km,True,gravity_cmmi_shallow_worms_steepness_,shallow_gravity_source_strength,geophysics,CMMI shallow gravity-source worms,nearest/mean/max steepness across radii,geophysical_source_strength,True,steepness of shallow gravity-source worm points
gravity_cmmi_shallow_worms_steepness_max_5km,True,gravity_cmmi_shallow_worms_steepness_,shallow_gravity_source_strength,geophysics,CMMI shallow gravity-source worms,nearest/mean/max steepness across radii,geophysical_source_strength,True,steepness of shallow gravity-source worm points
gravity_cmmi_shallow_worms_points_10km,True,gravity_cmmi_shallow_worms_points_,shallow_gravity_source_density,geophysics,CMMI shallow gravity-source worms,point counts across radii,geophysical_source_density,True,density/count of shallow gravity-source worm points
gravity_cmmi_shallow_worms_steepness_mean_10km,True,gravity_cmmi_shallow_worms_steepness_,shallow_gravity_source_strength,geophysics,CMMI shallow gravity-source worms,nearest/mean/max steepness across radii,geophysical_source_strength,True,steepness of shallow gravity-source worm points
gravity_cmmi_shallow_worms_steepness_max_10km,True,gravity_cmmi_shallow_worms_steepness_,shallow_gravity_source_strength,geophysics,CMMI shallow gravity-source worms,nearest/mean/max steepness across radii,geophysical_source_strength,True,steepness of shallow gravity-source worm points
gravity_cmmi_shallow_worms_points_25km,True,gravity_cmmi_shallow_worms_points_,shallow_gravity_source_density,geophysics,CMMI shallow gravity-source worms,point counts across radii,geophysical_source_density,True,density/count of shallow gravity-source worm points
gravity_cmmi_shallow_worms_steepness_mean_25km,True,gravity_cmmi_shallow_worms_steepness_,shallow_gravity_source_strength,geophysics,CMMI shallow gravity-source worms,nearest/mean/max steepness across radii,geophysical_source_strength,True,steepness of shallow gravity-source worm points
gravity_cmmi_shallow_worms_steepness_max_25km,True,gravity_cmmi_shallow_worms_steepness_,shallow_gravity_source_strength,geophysics,CMMI shallow gravity-source worms,nearest/mean/max steepness across radii,geophysical_source_strength,True,steepness of shallow gravity-source worm points
gravity_cmmi_shallow_worms_points_50km,True,gravity_cmmi_shallow_worms_points_,shallow_gravity_source_density,geophysics,CMMI shallow gravity-source worms,point counts across radii,geophysical_source_density,True,density/count of shallow gravity-source worm points
gravity_cmmi_shallow_worms_steepness_mean_50km,True,gravity_cmmi_shallow_worms_steepness_,shallow_gravity_source_strength,geophysics,CMMI shallow gravity-source worms,nearest/mean/max steepness across radii,geophysical_source_strength,True,steepness of shallow gravity-source worm points
gravity_cmmi_shallow_worms_steepness_max_50km,True,gravity_cmmi_shallow_worms_steepness_,shallow_gravity_source_strength,geophysics,CMMI shallow gravity-source worms,nearest/mean/max steepness across radii,geophysical_source_strength,True,steepness of shallow gravity-source worm points
gravity_cmmi_deep_worms_nearest_distance_km,True,gravity_cmmi_deep_worms_nearest_distance_km,deep_gravity_source_proximity,geophysics,CMMI deep gravity-source worms,direct nearest distance; later invert/sign so smaller distance means stronger proximity,geophysical_source_proximity,True,distance to nearest deep gravity-source worm point
gravity_cmmi_deep_worms_steepness_nearest,True,gravity_cmmi_deep_worms_steepness_,deep_gravity_source_strength,geophysics,CMMI deep gravity-source worms,nearest/mean/max steepness across radii,geophysical_source_strength,True,steepness of deep gravity-source worm points
gravity_cmmi_deep_worms_strike_nearest,True,gravity_cmmi_deep_worms_strike_nearest,deep_gravity_source_orientation,geophysics,CMMI deep gravity-source worms,nearest strike angle; usually not used in first concept table unless encoded circularly,orientation_context,False,orientation of nearest deep gravity-source worm point
gravity_cmmi_deep_worms_points_5km,True,gravity_cmmi_deep_worms_points_,deep_gravity_source_density,geophysics,CMMI deep gravity-source worms,point counts across radii,geophysical_source_density,True,density/count of deep gravity-source worm points
gravity_cmmi_deep_worms_points_10km,True,gravity_cmmi_deep_worms_points_,deep_gravity_source_density,geophysics,CMMI deep gravity-source worms,point counts across radii,geophysical_source_density,True,density/count of deep gravity-source worm points
gravity_cmmi_deep_worms_steepness_mean_10km,True,gravity_cmmi_deep_worms_steepness_,deep_gravity_source_strength,geophysics,CMMI deep gravity-source worms,nearest/mean/max steepness across radii,geophysical_source_strength,True,steepness of deep gravity-source worm points
gravity_cmmi_deep_worms_steepness_max_10km,True,gravity_cmmi_deep_worms_steepness_,deep_gravity_source_strength,geophysics,CMMI deep gravity-source worms,nearest/mean/max steepness across radii,geophysical_source_strength,True,steepness of deep gravity-source worm points
gravity_cmmi_deep_worms_points_25km,True,gravity_cmmi_deep_worms_points_,deep_gravity_source_density,geophysics,CMMI deep gravity-source worms,point counts across radii,geophysical_source_density,True,density/count of deep gravity-source worm points
gravity_cmmi_deep_worms_steepness_mean_25km,True,gravity_cmmi_deep_worms_steepness_,deep_gravity_source_strength,geophysics,CMMI deep gravity-source worms,nearest/mean/max steepness across radii,geophysical_source_strength,True,steepness of deep gravity-source worm points
gravity_cmmi_deep_worms_steepness_max_25km,True,gravity_cmmi_deep_worms_steepness_,deep_gravity_source_strength,geophysics,CMMI deep gravity-source worms,nearest/mean/max steepness across radii,geophysical_source_strength,True,steepness of deep gravity-source worm points
gravity_cmmi_deep_worms_points_50km,True,gravity_cmmi_deep_worms_points_,deep_gravity_source_density,geophysics,CMMI deep gravity-source worms,point counts across radii,geophysical_source_density,True,density/count of deep gravity-source worm points
gravity_cmmi_deep_worms_steepness_mean_50km,True,gravity_cmmi_deep_worms_steepness_,deep_gravity_source_strength,geophysics,CMMI deep gravity-source worms,nearest/mean/max steepness across radii,geophysical_source_strength,True,steepness of deep gravity-source worm points
gravity_cmmi_deep_worms_steepness_max_50km,True,gravity_cmmi_deep_worms_steepness_,deep_gravity_source_strength,geophysics,CMMI deep gravity-source worms,nearest/mean/max steepness across radii,geophysical_source_strength,True,steepness of deep gravity-source worm points
