negative_scheme,source_row_index,sample_id,state,longitude,latitude,sample_type,negative_type,negative_source_scheme,Y_label
hard_only,0,POS_10026848,Arizona,-110.798,33.0662,positive,,,1
hard_only,1,POS_10026888,Arizona,-109.535,32.88149,positive,,,1
hard_only,2,POS_10026923,Arizona,-111.857,34.48255,positive,,,1
hard_only,3,POS_10027008,Arizona,-109.653,32.94593,positive,,,1
hard_only,4,POS_10027031,Arizona,-109.606,32.94177,positive,,,1
hard_only,5,POS_10037125,Arizona,-112.334,34.36394,positive,,,1
hard_only,6,POS_10039593,Arizona,-111.073,31.98651,positive,,,1
hard_only,7,POS_10039668,Arizona,-111.082,32.02762,positive,,,1
hard_only,8,POS_10039675,Arizona,-111.079,32.14568,positive,,,1
hard_only,9,POS_10039684,Arizona,-111.538,32.41622,positive,,,1
hard_only,10,POS_10039685,Arizona,-111.503,32.39705,positive,,,1
hard_only,11,POS_10039895,Arizona,-111.533,32.44094,positive,,,1
hard_only,12,POS_10046235,Arizona,-109.902,31.43708,positive,,,1
hard_only,13,POS_10046238,Arizona,-109.899,31.43264,positive,,,1
hard_only,14,POS_10046248,Arizona,-109.915,31.44097,positive,,,1
hard_only,15,POS_10046282,Arizona,-112.055,32.58927,positive,,,1
hard_only,16,POS_10048292,Arizona,-109.361,33.11371,positive,,,1
hard_only,17,POS_10048337,Arizona,-110.719,31.50375,positive,,,1
hard_only,18,POS_10048777,Arizona,-110.031,32.09012,positive,,,1
hard_only,19,POS_10067172,Arizona,-111.58,33.11398,positive,,,1
hard_only,20,POS_10072137,Arizona,-112.584,34.49172,positive,,,1
hard_only,21,POS_10095027,Arizona,-110.578,32.38733,positive,,,1
hard_only,22,POS_10096999,Arizona,-109.675,32.96149,positive,,,1
hard_only,23,POS_10104070,Arizona,-109.987,31.48875,positive,,,1
hard_only,24,POS_10104088,Arizona,-110.942,33.33425,positive,,,1
hard_only,25,POS_10111429,Arizona,-111.064,31.99234,positive,,,1
hard_only,26,POS_10113259,Arizona,-110.693,32.6837,positive,,,1
hard_only,27,POS_10113316,Arizona,-111.882,32.89979,positive,,,1
hard_only,28,POS_10113726,Arizona,-111.216,33.03569,positive,,,1
hard_only,29,POS_10113911,Arizona,-114.15,35.36422,positive,,,1
hard_only,30,POS_10137553,Arizona,-111.065,33.30539,positive,,,1
hard_only,31,POS_10137918,Arizona,-111.149,31.87152,positive,,,1
hard_only,32,POS_10161929,Arizona,-111.502,32.39371,positive,,,1
hard_only,33,POS_10162257,Arizona,-111.901,32.5168,positive,,,1
hard_only,34,POS_10162326,Arizona,-113.209,34.58474,positive,,,1
hard_only,35,POS_10184420,Arizona,-110.876,33.40698,positive,,,1
hard_only,36,POS_10185792,Arizona,-110.905,33.40978,positive,,,1
hard_only,37,POS_10186051,Arizona,-110.887,33.40818,positive,,,1
hard_only,38,POS_10186598,Arizona,-111.431,33.04785,positive,,,1
hard_only,39,POS_10209543,Arizona,-109.623,32.93085,positive,,,1
hard_only,40,POS_10209824,Arizona,-110.903,33.34178,positive,,,1
hard_only,41,POS_10210616,Arizona,-110.992,33.18315,positive,,,1
hard_only,42,POS_10210685,Arizona,-110.759,31.83263,positive,,,1
hard_only,43,POS_10234135,Arizona,-110.742,33.05899,positive,,,1
hard_only,44,POS_10234825,Arizona,-111.051,31.90822,positive,,,1
hard_only,45,POS_10257231,Arizona,-110.882,33.44588,positive,,,1
hard_only,46,POS_10258292,Arizona,-110.965,33.41228,positive,,,1
hard_only,47,POS_10282444,Arizona,-109.354,33.089,positive,,,1
hard_only,48,POS_10282707,Arizona,-109.908,31.44044,positive,,,1
hard_only,49,POS_10282908,Arizona,-110.876,33.39178,positive,,,1
hard_only,50,POS_10283179,Arizona,-111.817,32.95465,positive,,,1
hard_only,51,POS_10283204,Arizona,-112.869,32.354,positive,,,1
hard_only,52,POS_10400304,Arizona,-112.346,34.0375,positive,,,1
hard_only,53,POS_10400314,Arizona,-109.654,32.9468,positive,,,1
hard_only,54,POS_10400395,Arizona,-110.998,33.378,positive,,,1
hard_only,55,POS_60000203,Arizona,-110.784,31.86683,positive,,,1
hard_only,56,POS_60000298,Arizona,-111.541,32.42041,positive,,,1
hard_only,57,POS_60000891,Arizona,-111.084,31.96682,positive,,,1
hard_only,58,POS_10109418,California,-120.775,40.2032,positive,,,1
hard_only,59,POS_10261965,California,-120.784,40.21657,positive,,,1
hard_only,60,POS_10008353,Colorado,-108.001,37.85,positive,,,1
hard_only,61,POS_10012295,Colorado,-105.373,38.11807,positive,,,1
hard_only,62,POS_10264283,Colorado,-108.089,37.40671,positive,,,1
hard_only,63,POS_10400263,Colorado,-105.487,37.57174,positive,,,1
hard_only,64,POS_10078685,Idaho,-115.784,44.03598,positive,,,1
hard_only,65,POS_10089294,Idaho,-113.669,43.89197,positive,,,1
hard_only,66,POS_10096858,Idaho,-113.995,45.35629,positive,,,1
hard_only,67,POS_10193063,Idaho,-113.675,43.88977,positive,,,1
hard_only,68,POS_10173000,Montana,-112.527,46.0202,positive,,,1
hard_only,69,POS_10221947,Montana,-112.363,47.0233,positive,,,1
hard_only,70,POS_60001622,Montana,-112.53,46.0249,positive,,,1
hard_only,71,POS_10037318,Nevada,-115.024,39.26133,positive,,,1
hard_only,72,POS_10037319,Nevada,-115.021,39.25994,positive,,,1
hard_only,73,POS_10037320,Nevada,-114.999,39.25772,positive,,,1
hard_only,74,POS_10037321,Nevada,-115.031,39.263,positive,,,1
hard_only,75,POS_10044011,Nevada,-117.034,40.61768,positive,,,1
hard_only,76,POS_10044060,Nevada,-117.201,40.61657,positive,,,1
hard_only,77,POS_10047445,Nevada,-117.741,40.29434,positive,,,1
hard_only,78,POS_10047487,Nevada,-119.109,39.84295,positive,,,1
hard_only,79,POS_10047490,Nevada,-119.103,39.896,positive,,,1
hard_only,80,POS_10048830,Nevada,-119.271,38.95991,positive,,,1
hard_only,81,POS_10080427,Nevada,-114.972,39.25772,positive,,,1
hard_only,82,POS_10149678,Nevada,-119.194,38.98351,positive,,,1
hard_only,83,POS_10310303,Nevada,-117.143,40.50851,positive,,,1
hard_only,84,POS_10310307,Nevada,-117.126,40.545,positive,,,1
hard_only,85,POS_10310327,Nevada,-117.037,40.61212,positive,,,1
hard_only,86,POS_10310360,Nevada,-117.952,38.78159,positive,,,1
hard_only,87,POS_10310385,Nevada,-119.271,38.95991,positive,,,1
hard_only,88,POS_10310387,Nevada,-119.241,39.04741,positive,,,1
hard_only,89,POS_10310388,Nevada,-119.185,39.01491,positive,,,1
hard_only,90,POS_10310402,Nevada,-114.999,39.25661,positive,,,1
hard_only,91,POS_10310421,Nevada,-117.125,40.5473,positive,,,1
hard_only,92,POS_10310428,Nevada,-115.101,39.79993,positive,,,1
hard_only,93,POS_10310521,Nevada,-114.776,41.78056,positive,,,1
hard_only,94,POS_10310523,Nevada,-114.552,40.32909,positive,,,1
hard_only,95,POS_10310559,Nevada,-118.097,38.50798,positive,,,1
hard_only,96,POS_60000966,Nevada,-114.999,39.25664,positive,,,1
hard_only,97,POS_60001009,Nevada,-117.143,40.5085,positive,,,1
hard_only,98,POS_60001650,Nevada,-114.996,39.25684,positive,,,1
hard_only,99,POS_10012285,New Mexico,-108.373,32.6404,positive,,,1
hard_only,100,POS_10064808,New Mexico,-108.098,32.85289,positive,,,1
hard_only,101,POS_10087992,New Mexico,-108.066,32.794,positive,,,1
hard_only,102,POS_10097383,New Mexico,-108.097,32.84761,positive,,,1
hard_only,103,POS_10097911,New Mexico,-108.08,32.85428,positive,,,1
hard_only,104,POS_10150841,New Mexico,-107.542,32.96821,positive,,,1
hard_only,105,POS_10174772,New Mexico,-108.373,32.63622,positive,,,1
hard_only,106,POS_10033433,Oregon,-118.093,44.22486,positive,,,1
hard_only,107,POS_10036279,Oregon,-118.663,42.01793,positive,,,1
hard_only,108,POS_10040246,Oregon,-118.651,42.12793,positive,,,1
hard_only,109,POS_10053081,Oregon,-118.711,42.2507,positive,,,1
hard_only,110,POS_10095161,Oregon,-118.217,44.30264,positive,,,1
hard_only,111,POS_10042180,Utah,-112.103,39.89856,positive,,,1
hard_only,112,POS_10069296,Utah,-112.146,40.52077,positive,,,1
hard_only,113,POS_10101379,Utah,-113.131,38.48329,positive,,,1
hard_only,114,POS_10129805,Utah,-112.146,40.52074,positive,,,1
hard_only,115,POS_60000887,Utah,-112.151,40.51664,positive,,,1
hard_only,116,POS_10008482,Washington,-121.256,47.42482,positive,,,1
hard_only,117,POS_10008495,Washington,-120.98,48.1976,positive,,,1
hard_only,118,POS_10009065,Washington,-121.559,48.22509,positive,,,1
hard_only,119,POS_10036827,Washington,-121.594,47.91592,positive,,,1
hard_only,120,POS_10041702,Washington,-120.583,48.45038,positive,,,1
hard_only,121,POS_10042397,Washington,-120.975,47.50121,positive,,,1
hard_only,122,POS_10047804,Washington,-121.133,48.97288,positive,,,1
hard_only,123,POS_10047836,Washington,-121.79,46.36064,positive,,,1
hard_only,124,POS_10048437,Washington,-121.218,48.35482,positive,,,1
hard_only,125,POS_10048438,Washington,-120.557,48.21843,positive,,,1
hard_only,126,POS_10048439,Washington,-121.125,47.37538,positive,,,1
hard_only,127,POS_10048440,Washington,-121.662,47.689,positive,,,1
hard_only,128,POS_10048441,Washington,-121.335,47.45482,positive,,,1
hard_only,129,POS_10048444,Washington,-121.346,47.51792,positive,,,1
hard_only,130,POS_10048445,Washington,-121.415,46.87899,positive,,,1
hard_only,131,POS_10048446,Washington,-121.416,47.95288,positive,,,1
hard_only,132,POS_10048447,Washington,-120.886,48.15843,positive,,,1
hard_only,133,POS_10048448,Washington,-120.857,48.27176,positive,,,1
hard_only,134,POS_10048449,Washington,-120.418,48.76177,positive,,,1
hard_only,135,POS_10048588,Washington,-121.413,47.94426,positive,,,1
hard_only,136,POS_10048594,Washington,-121.404,47.94565,positive,,,1
hard_only,137,POS_10048596,Washington,-120.944,48.17788,positive,,,1
hard_only,138,POS_10048601,Washington,-121.151,47.98315,positive,,,1
hard_only,139,POS_10048648,Washington,-121.471,46.52065,positive,,,1
hard_only,140,POS_10048655,Washington,-121.34,47.52093,positive,,,1
hard_only,141,POS_10055922,Washington,-121.346,47.51788,positive,,,1
hard_only,142,POS_10055923,Washington,-121.369,47.49649,positive,,,1
hard_only,143,POS_10056009,Washington,-120.383,48.61455,positive,,,1
hard_only,144,POS_10095364,Washington,-121.505,48.00841,positive,,,1
hard_only,145,POS_10095811,Washington,-121.357,46.79399,positive,,,1
hard_only,146,POS_10097315,Washington,-122.082,46.3562,positive,,,1
hard_only,147,POS_10101419,Washington,-121.35,46.76871,positive,,,1
hard_only,148,POS_10107717,Washington,-121.24,47.55899,positive,,,1
hard_only,149,POS_10107742,Washington,-120.32,48.79066,positive,,,1
hard_only,150,POS_10131061,Washington,-121.35,47.51152,positive,,,1
hard_only,151,POS_10277595,Washington,-122.084,46.35591,positive,,,1
hard_only,152,POS_10301870,Washington,-122.077,46.35791,positive,,,1
hard_only,153,POS_10106252,Wyoming,-105.186,41.14469,positive,,,1
hard_only,154,POS_10133042,Wyoming,-109.285,43.87493,positive,,,1
hard_only,155,POS_10400361,Wyoming,-109.638,44.0318,positive,,,1
hard_only,156,POS_60000972,Wyoming,-105.189,41.145,positive,,,1
hard_only,157,POS_60001624,Wyoming,-109.303,43.873,positive,,,1
hard_only,158,NEG_KMN_AR_00001,Arizona,-109.55883220926779,32.32809683930368,negative,known_mining_area_nearby_negative,hard_mrds,0
hard_only,159,NEG_KMN_AR_00002,Arizona,-111.25539594529528,33.89380168337428,negative,known_mining_area_nearby_negative,hard_mrds,0
hard_only,160,NEG_KMN_AR_00003,Arizona,-113.3508863667285,34.33245613730309,negative,known_mining_area_nearby_negative,hard_mrds,0
hard_only,161,NEG_KMN_AR_00004,Arizona,-111.78849197052716,33.26890444493883,negative,known_mining_area_nearby_negative,hard_mrds,0
hard_only,162,NEG_KMN_AR_00005,Arizona,-109.67002471522107,31.841468979441466,negative,known_mining_area_nearby_negative,hard_mrds,0
hard_only,163,NEG_KMN_AR_00006,Arizona,-112.30114867099337,35.54151674988149,negative,known_mining_area_nearby_negative,hard_mrds,0
hard_only,164,NEG_KMN_AR_00007,Arizona,-111.9960892550103,35.15992995082598,negative,known_mining_area_nearby_negative,hard_mrds,0
hard_only,165,NEG_KMN_AR_00008,Arizona,-114.41978717413019,33.65361307270258,negative,known_mining_area_nearby_negative,hard_mrds,0
hard_only,166,NEG_KMN_AR_00009,Arizona,-109.96687429668202,32.3430416642081,negative,known_mining_area_nearby_negative,hard_mrds,0
hard_only,167,NEG_KMN_AR_00010,Arizona,-113.84167099306313,35.07012272189576,negative,known_mining_area_nearby_negative,hard_mrds,0
hard_only,168,NEG_KMN_AR_00011,Arizona,-113.86855179272357,33.736813940475606,negative,known_mining_area_nearby_negative,hard_mrds,0
hard_only,169,NEG_KMN_AR_00012,Arizona,-112.38131344933743,35.517930265221764,negative,known_mining_area_nearby_negative,hard_mrds,0
hard_only,170,NEG_KMN_AR_00013,Arizona,-109.50086199309169,32.438075949991244,negative,known_mining_area_nearby_negative,hard_mrds,0
hard_only,171,NEG_KMN_AR_00014,Arizona,-113.23162499081332,35.223686840848366,negative,known_mining_area_nearby_negative,hard_mrds,0
hard_only,172,NEG_KMN_AR_00015,Arizona,-109.06581406843247,32.712288308938064,negative,known_mining_area_nearby_negative,hard_mrds,0
hard_only,173,NEG_KMN_AR_00016,Arizona,-111.8755460806803,33.48126629069485,negative,known_mining_area_nearby_negative,hard_mrds,0
hard_only,174,NEG_KMN_AR_00017,Arizona,-111.17913257895805,32.53963029648003,negative,known_mining_area_nearby_negative,hard_mrds,0
hard_only,175,NEG_KMN_AR_00018,Arizona,-110.34901407971262,32.21924029612029,negative,known_mining_area_nearby_negative,hard_mrds,0
hard_only,176,NEG_KMN_AR_00019,Arizona,-112.32959908326097,31.767950840803504,negative,known_mining_area_nearby_negative,hard_mrds,0
hard_only,177,NEG_KMN_AR_00020,Arizona,-111.2124458225461,32.35950721410939,negative,known_mining_area_nearby_negative,hard_mrds,0
hard_only,178,NEG_KMN_AR_00021,Arizona,-112.20887669336435,35.47598578248407,negative,known_mining_area_nearby_negative,hard_mrds,0
hard_only,179,NEG_KMN_AR_00022,Arizona,-113.01763585279741,33.82471913238132,negative,known_mining_area_nearby_negative,hard_mrds,0
hard_only,180,NEG_KMN_AR_00023,Arizona,-114.38185300004545,33.23074508924326,negative,known_mining_area_nearby_negative,hard_mrds,0
hard_only,181,NEG_KMN_AR_00024,Arizona,-113.55626622849297,32.999470820437715,negative,known_mining_area_nearby_negative,hard_mrds,0
hard_only,182,NEG_KMN_AR_00025,Arizona,-109.23485996726362,32.28976431006278,negative,known_mining_area_nearby_negative,hard_mrds,0
hard_only,183,NEG_KMN_AR_00026,Arizona,-112.27421980669334,32.15399833454063,negative,known_mining_area_nearby_negative,hard_mrds,0
hard_only,184,NEG_KMN_AR_00027,Arizona,-111.94125343148494,34.07342328137909,negative,known_mining_area_nearby_negative,hard_mrds,0
hard_only,185,NEG_KMN_AR_00028,Arizona,-114.56821856212923,32.45444081720264,negative,known_mining_area_nearby_negative,hard_mrds,0
hard_only,186,NEG_KMN_AR_00029,Arizona,-109.7361966576035,34.956465667728125,negative,known_mining_area_nearby_negative,hard_mrds,0
hard_only,187,NEG_KMN_AR_00030,Arizona,-110.72075098230994,33.98122252259555,negative,known_mining_area_nearby_negative,hard_mrds,0
hard_only,188,NEG_KMN_AR_00031,Arizona,-110.09002132826879,34.28630719980018,negative,known_mining_area_nearby_negative,hard_mrds,0
hard_only,189,NEG_KMN_AR_00032,Arizona,-113.19343745010667,34.38451797094258,negative,known_mining_area_nearby_negative,hard_mrds,0
hard_only,190,NEG_KMN_AR_00033,Arizona,-114.47954422459628,32.405833022312166,negative,known_mining_area_nearby_negative,hard_mrds,0
hard_only,191,NEG_KMN_AR_00034,Arizona,-112.02585201143961,33.73274621812334,negative,known_mining_area_nearby_negative,hard_mrds,0
hard_only,192,NEG_KMN_AR_00035,Arizona,-110.42141003216273,33.529949943305716,negative,known_mining_area_nearby_negative,hard_mrds,0
hard_only,193,NEG_KMN_AR_00036,Arizona,-112.54303053953339,32.24593096402476,negative,known_mining_area_nearby_negative,hard_mrds,0
hard_only,194,NEG_KMN_AR_00037,Arizona,-109.12838563722244,36.94953410540994,negative,known_mining_area_nearby_negative,hard_mrds,0
hard_only,195,NEG_KMN_AR_00038,Arizona,-114.39452696980965,33.14992890168166,negative,known_mining_area_nearby_negative,hard_mrds,0
hard_only,196,NEG_KMN_AR_00039,Arizona,-114.05296094000937,34.92633956891299,negative,known_mining_area_nearby_negative,hard_mrds,0
hard_only,197,NEG_KMN_AR_00040,Arizona,-110.43964377079982,34.12392145241796,negative,known_mining_area_nearby_negative,hard_mrds,0
hard_only,198,NEG_KMN_AR_00041,Arizona,-113.6745030942676,34.55287716112817,negative,known_mining_area_nearby_negative,hard_mrds,0
hard_only,199,NEG_KMN_AR_00042,Arizona,-112.98006063256912,33.80294030289286,negative,known_mining_area_nearby_negative,hard_mrds,0
hard_only,200,NEG_KMN_AR_00043,Arizona,-109.31332285667088,36.90257820606173,negative,known_mining_area_nearby_negative,hard_mrds,0
hard_only,201,NEG_KMN_AR_00044,Arizona,-114.60438566577295,32.585874127891664,negative,known_mining_area_nearby_negative,hard_mrds,0
hard_only,202,NEG_KMN_AR_00045,Arizona,-111.75062340888906,35.47440425261435,negative,known_mining_area_nearby_negative,hard_mrds,0
hard_only,203,NEG_KMN_AR_00046,Arizona,-113.41380034041265,33.825796926642916,negative,known_mining_area_nearby_negative,hard_mrds,0
hard_only,204,NEG_KMN_AR_00047,Arizona,-110.5486653009662,33.654837412748854,negative,known_mining_area_nearby_negative,hard_mrds,0
hard_only,205,NEG_KMN_AR_00048,Arizona,-110.76884069901547,33.90027127142149,negative,known_mining_area_nearby_negative,hard_mrds,0
hard_only,206,NEG_KMN_AR_00049,Arizona,-114.21609872302554,32.62670748558803,negative,known_mining_area_nearby_negative,hard_mrds,0
hard_only,207,NEG_KMN_AR_00050,Arizona,-111.05413818481668,34.25577346539868,negative,known_mining_area_nearby_negative,hard_mrds,0
hard_only,208,NEG_KMN_AR_00051,Arizona,-109.11328433563745,32.28317044485465,negative,known_mining_area_nearby_negative,hard_mrds,0
hard_only,209,NEG_KMN_AR_00052,Arizona,-111.47987637042831,35.328756681380106,negative,known_mining_area_nearby_negative,hard_mrds,0
hard_only,210,NEG_KMN_AR_00053,Arizona,-110.99528440856534,34.152243060832475,negative,known_mining_area_nearby_negative,hard_mrds,0
hard_only,211,NEG_KMN_AR_00054,Arizona,-109.14633944123494,32.170081006891714,negative,known_mining_area_nearby_negative,hard_mrds,0
hard_only,212,NEG_KMN_AR_00055,Arizona,-114.22437013233633,32.860297761502224,negative,known_mining_area_nearby_negative,hard_mrds,0
hard_only,213,NEG_KMN_AR_00056,Arizona,-111.35527379132998,34.111130060675826,negative,known_mining_area_nearby_negative,hard_mrds,0
hard_only,214,NEG_KMN_AR_00057,Arizona,-109.36369310300131,34.016669669189994,negative,known_mining_area_nearby_negative,hard_mrds,0
hard_only,215,NEG_KMN_AR_00058,Arizona,-112.36968026949967,36.98489346692453,negative,known_mining_area_nearby_negative,hard_mrds,0
hard_only,216,NEG_KMN_AR_00059,Arizona,-111.25097510426667,35.58657010064111,negative,known_mining_area_nearby_negative,hard_mrds,0
hard_only,217,NEG_KMN_AR_00060,Arizona,-111.45790794004614,34.067707537102066,negative,known_mining_area_nearby_negative,hard_mrds,0
hard_only,218,NEG_KMN_AR_00061,Arizona,-110.43387460062485,34.339593269503844,negative,known_mining_area_nearby_negative,hard_mrds,0
hard_only,219,NEG_KMN_AR_00062,Arizona,-109.09323360575286,36.93562241820802,negative,known_mining_area_nearby_negative,hard_mrds,0
hard_only,220,NEG_KMN_AR_00063,Arizona,-112.38549702050989,35.640861453546144,negative,known_mining_area_nearby_negative,hard_mrds,0
hard_only,221,NEG_KMN_AR_00064,Arizona,-113.65842178547075,32.973845487261016,negative,known_mining_area_nearby_negative,hard_mrds,0
hard_only,222,NEG_KMN_AR_00065,Arizona,-112.19608179410977,33.74424722709842,negative,known_mining_area_nearby_negative,hard_mrds,0
hard_only,223,NEG_KMN_AR_00066,Arizona,-111.61050685891462,35.42713423930427,negative,known_mining_area_nearby_negative,hard_mrds,0
hard_only,224,NEG_KMN_AR_00067,Arizona,-111.08215786951348,32.399644120666835,negative,known_mining_area_nearby_negative,hard_mrds,0
hard_only,225,NEG_KMN_AR_00068,Arizona,-114.78567950560421,32.566493822152566,negative,known_mining_area_nearby_negative,hard_mrds,0
hard_only,226,NEG_KMN_AR_00069,Arizona,-110.26878032420927,32.94226607504033,negative,known_mining_area_nearby_negative,hard_mrds,0
hard_only,227,NEG_KMN_AR_00070,Arizona,-109.65595048722832,31.608946276812475,negative,known_mining_area_nearby_negative,hard_mrds,0
hard_only,228,NEG_KMN_AR_00071,Arizona,-113.66781335837902,34.483023872257576,negative,known_mining_area_nearby_negative,hard_mrds,0
hard_only,229,NEG_KMN_AR_00072,Arizona,-113.99563198338706,33.97776135654101,negative,known_mining_area_nearby_negative,hard_mrds,0
hard_only,230,NEG_KMN_AR_00073,Arizona,-113.56900962742623,34.45478137309087,negative,known_mining_area_nearby_negative,hard_mrds,0
hard_only,231,NEG_KMN_AR_00074,Arizona,-113.17291897068787,34.232435591570976,negative,known_mining_area_nearby_negative,hard_mrds,0
hard_only,232,NEG_KMN_AR_00075,Arizona,-110.03175966058734,35.73386178919476,negative,known_mining_area_nearby_negative,hard_mrds,0
hard_only,233,NEG_KMN_AR_00076,Arizona,-109.76479040685717,34.035939356979235,negative,known_mining_area_nearby_negative,hard_mrds,0
hard_only,234,NEG_KMN_AR_00077,Arizona,-112.69251070881444,35.43812547097276,negative,known_mining_area_nearby_negative,hard_mrds,0
hard_only,235,NEG_KMN_AR_00078,Arizona,-111.81878233578459,34.01343878677741,negative,known_mining_area_nearby_negative,hard_mrds,0
hard_only,236,NEG_KMN_AR_00079,Arizona,-114.29710205902876,32.55013454631859,negative,known_mining_area_nearby_negative,hard_mrds,0
hard_only,237,NEG_KMN_AR_00080,Arizona,-112.63026981720941,35.11597700169506,negative,known_mining_area_nearby_negative,hard_mrds,0
hard_only,238,NEG_KMN_AR_00081,Arizona,-114.28982683135746,32.926852382116394,negative,known_mining_area_nearby_negative,hard_mrds,0
hard_only,239,NEG_KMN_AR_00082,Arizona,-111.74797106540825,35.3513573782088,negative,known_mining_area_nearby_negative,hard_mrds,0
hard_only,240,NEG_KMN_AR_00083,Arizona,-112.6249058037186,34.05685438382444,negative,known_mining_area_nearby_negative,hard_mrds,0
hard_only,241,NEG_KMN_AR_00084,Arizona,-112.82374755689398,33.772918131495864,negative,known_mining_area_nearby_negative,hard_mrds,0
hard_only,242,NEG_KMN_AR_00085,Arizona,-113.87603689866978,33.9579824060284,negative,known_mining_area_nearby_negative,hard_mrds,0
hard_only,243,NEG_KMN_AR_00086,Arizona,-113.88203001640949,36.920911345640704,negative,known_mining_area_nearby_negative,hard_mrds,0
hard_only,244,NEG_KMN_AR_00087,Arizona,-114.52655275901685,33.32692596863707,negative,known_mining_area_nearby_negative,hard_mrds,0
hard_only,245,NEG_KMN_AR_00088,Arizona,-110.58301782590217,33.92883054474823,negative,known_mining_area_nearby_negative,hard_mrds,0
hard_only,246,NEG_KMN_AR_00089,Arizona,-112.81776722526689,34.869778447898554,negative,known_mining_area_nearby_negative,hard_mrds,0
hard_only,247,NEG_KMN_AR_00090,Arizona,-114.0637141151472,32.95219621259111,negative,known_mining_area_nearby_negative,hard_mrds,0
hard_only,248,NEG_KMN_AR_00091,Arizona,-110.01319144494067,34.03535818366371,negative,known_mining_area_nearby_negative,hard_mrds,0
hard_only,249,NEG_KMN_AR_00092,Arizona,-109.8900280333487,36.480286036557594,negative,known_mining_area_nearby_negative,hard_mrds,0
hard_only,250,NEG_KMN_AR_00093,Arizona,-110.72902129438347,35.04163521746497,negative,known_mining_area_nearby_negative,hard_mrds,0
hard_only,251,NEG_KMN_AR_00094,Arizona,-113.21064616055361,33.848111341365694,negative,known_mining_area_nearby_negative,hard_mrds,0
hard_only,252,NEG_KMN_AR_00095,Arizona,-110.44764669650044,34.91922519762749,negative,known_mining_area_nearby_negative,hard_mrds,0
hard_only,253,NEG_KMN_AR_00096,Arizona,-111.68557678219565,34.74744988522869,negative,known_mining_area_nearby_negative,hard_mrds,0
hard_only,254,NEG_KMN_AR_00097,Arizona,-114.55468871909608,33.39123228331243,negative,known_mining_area_nearby_negative,hard_mrds,0
hard_only,255,NEG_KMN_AR_00098,Arizona,-114.3860260186753,32.826959928418056,negative,known_mining_area_nearby_negative,hard_mrds,0
hard_only,256,NEG_KMN_AR_00099,Arizona,-113.91782876276784,32.99221137150596,negative,known_mining_area_nearby_negative,hard_mrds,0
hard_only,257,NEG_KMN_AR_00100,Arizona,-112.12689193721741,33.58334816049049,negative,known_mining_area_nearby_negative,hard_mrds,0
hard_only,258,NEG_KMN_AR_00101,Arizona,-112.61706256427823,33.41937837280482,negative,known_mining_area_nearby_negative,hard_mrds,0
hard_only,259,NEG_KMN_AR_00102,Arizona,-109.68411351470189,31.58862272719606,negative,known_mining_area_nearby_negative,hard_mrds,0
hard_only,260,NEG_KMN_AR_00103,Arizona,-113.01548914724901,36.37228762362929,negative,known_mining_area_nearby_negative,hard_mrds,0
hard_only,261,NEG_KMN_AR_00104,Arizona,-114.71893536192448,32.5293020600941,negative,known_mining_area_nearby_negative,hard_mrds,0
hard_only,262,NEG_KMN_AR_00105,Arizona,-114.14398903739027,33.83196103433381,negative,known_mining_area_nearby_negative,hard_mrds,0
hard_only,263,NEG_KMN_AR_00106,Arizona,-110.2742339071093,31.559372592685882,negative,known_mining_area_nearby_negative,hard_mrds,0
hard_only,264,NEG_KMN_AR_00107,Arizona,-113.9258333127064,33.171511819704655,negative,known_mining_area_nearby_negative,hard_mrds,0
hard_only,265,NEG_KMN_AR_00108,Arizona,-110.77902421461329,33.77188616292353,negative,known_mining_area_nearby_negative,hard_mrds,0
hard_only,266,NEG_KMN_AR_00109,Arizona,-110.30240765241507,31.884263257518583,negative,known_mining_area_nearby_negative,hard_mrds,0
hard_only,267,NEG_KMN_AR_00110,Arizona,-113.39573778507861,35.204648989925644,negative,known_mining_area_nearby_negative,hard_mrds,0
hard_only,268,NEG_KMN_AR_00111,Arizona,-114.50809051868112,35.20022354865824,negative,known_mining_area_nearby_negative,hard_mrds,0
hard_only,269,NEG_KMN_AR_00112,Arizona,-111.10829301108049,35.9769280324848,negative,known_mining_area_nearby_negative,hard_mrds,0
hard_only,270,NEG_KMN_AR_00113,Arizona,-111.25512565608358,35.93889044997393,negative,known_mining_area_nearby_negative,hard_mrds,0
hard_only,271,NEG_KMN_AR_00114,Arizona,-109.24593363918319,32.24648125544199,negative,known_mining_area_nearby_negative,hard_mrds,0
hard_only,272,NEG_KMN_AR_00115,Arizona,-114.31155549512619,33.66671039613498,negative,known_mining_area_nearby_negative,hard_mrds,0
hard_only,273,NEG_KMN_AR_00116,Arizona,-110.44120795146205,35.00035200101028,negative,known_mining_area_nearby_negative,hard_mrds,0
hard_only,274,NEG_KMN_AR_00117,Arizona,-109.85913621542085,32.601975165507824,negative,known_mining_area_nearby_negative,hard_mrds,0
hard_only,275,NEG_KMN_AR_00118,Arizona,-112.4905804740635,33.45251431207143,negative,known_mining_area_nearby_negative,hard_mrds,0
hard_only,276,NEG_KMN_AR_00119,Arizona,-111.11214290825285,33.9285644689445,negative,known_mining_area_nearby_negative,hard_mrds,0
hard_only,277,NEG_KMN_AR_00120,Arizona,-109.19822754385774,36.690097761796565,negative,known_mining_area_nearby_negative,hard_mrds,0
hard_only,278,NEG_KMN_AR_00121,Arizona,-111.9415093232659,36.18590271724891,negative,known_mining_area_nearby_negative,hard_mrds,0
hard_only,279,NEG_KMN_AR_00122,Arizona,-110.98883311859697,34.99444475959665,negative,known_mining_area_nearby_negative,hard_mrds,0
hard_only,280,NEG_KMN_AR_00123,Arizona,-109.65532451742052,33.586032632061745,negative,known_mining_area_nearby_negative,hard_mrds,0
hard_only,281,NEG_KMN_AR_00124,Arizona,-111.67335119142928,33.94572473924072,negative,known_mining_area_nearby_negative,hard_mrds,0
hard_only,282,NEG_KMN_AR_00125,Arizona,-109.86458931465916,33.55418382333575,negative,known_mining_area_nearby_negative,hard_mrds,0
hard_only,283,NEG_KMN_AR_00126,Arizona,-114.41101723879763,34.861196407129384,negative,known_mining_area_nearby_negative,hard_mrds,0
hard_only,284,NEG_KMN_AR_00127,Arizona,-111.77911845054916,33.572558570164745,negative,known_mining_area_nearby_negative,hard_mrds,0
hard_only,285,NEG_KMN_AR_00128,Arizona,-113.374325128299,33.63950971335341,negative,known_mining_area_nearby_negative,hard_mrds,0
hard_only,286,NEG_KMN_AR_00129,Arizona,-109.48801462515047,36.401686535898655,negative,known_mining_area_nearby_negative,hard_mrds,0
hard_only,287,NEG_KMN_AR_00130,Arizona,-111.34397615486387,33.66578286850676,negative,known_mining_area_nearby_negative,hard_mrds,0
hard_only,288,NEG_KMN_AR_00131,Arizona,-110.07673205427704,31.784940348058765,negative,known_mining_area_nearby_negative,hard_mrds,0
hard_only,289,NEG_KMN_AR_00132,Arizona,-111.3543616151477,32.68046529614856,negative,known_mining_area_nearby_negative,hard_mrds,0
hard_only,290,NEG_KMN_AR_00133,Arizona,-109.4662861870089,35.46110745915898,negative,known_mining_area_nearby_negative,hard_mrds,0
hard_only,291,NEG_KMN_AR_00134,Arizona,-111.23446363867015,32.63638872058802,negative,known_mining_area_nearby_negative,hard_mrds,0
hard_only,292,NEG_KMN_AR_00135,Arizona,-113.98523646902589,33.82393764982348,negative,known_mining_area_nearby_negative,hard_mrds,0
hard_only,293,NEG_KMN_AR_00136,Arizona,-113.70486909414171,33.00052763643103,negative,known_mining_area_nearby_negative,hard_mrds,0
hard_only,294,NEG_KMN_AR_00137,Arizona,-110.3305738811946,32.01423100435264,negative,known_mining_area_nearby_negative,hard_mrds,0
hard_only,295,NEG_KMN_AR_00138,Arizona,-112.75973259431419,33.586144741739524,negative,known_mining_area_nearby_negative,hard_mrds,0
hard_only,296,NEG_KMN_AR_00139,Arizona,-109.81673371380151,34.559333136809,negative,known_mining_area_nearby_negative,hard_mrds,0
hard_only,297,NEG_KMN_AR_00140,Arizona,-110.38911860986445,33.91334711487986,negative,known_mining_area_nearby_negative,hard_mrds,0
hard_only,298,NEG_KMN_AR_00141,Arizona,-110.38506790474446,31.9497977707106,negative,known_mining_area_nearby_negative,hard_mrds,0
hard_only,299,NEG_KMN_AR_00142,Arizona,-109.50752987276786,32.10265136349406,negative,known_mining_area_nearby_negative,hard_mrds,0
hard_only,300,NEG_KMN_AR_00143,Arizona,-112.67030070356094,34.978715246682285,negative,known_mining_area_nearby_negative,hard_mrds,0
hard_only,301,NEG_KMN_AR_00144,Arizona,-110.1216808358289,36.818271278249085,negative,known_mining_area_nearby_negative,hard_mrds,0
hard_only,302,NEG_KMN_AR_00145,Arizona,-111.4272303136276,34.94724556454376,negative,known_mining_area_nearby_negative,hard_mrds,0
hard_only,303,NEG_KMN_AR_00146,Arizona,-113.48601641824871,33.12898993695759,negative,known_mining_area_nearby_negative,hard_mrds,0
hard_only,304,NEG_KMN_AR_00147,Arizona,-111.84558283465202,34.097097565055115,negative,known_mining_area_nearby_negative,hard_mrds,0
hard_only,305,NEG_KMN_AR_00148,Arizona,-114.46299130937109,32.691473276258925,negative,known_mining_area_nearby_negative,hard_mrds,0
hard_only,306,NEG_KMN_AR_00149,Arizona,-111.94230789672304,36.13199931515627,negative,known_mining_area_nearby_negative,hard_mrds,0
hard_only,307,NEG_KMN_AR_00150,Arizona,-109.52997113407429,33.83265119926121,negative,known_mining_area_nearby_negative,hard_mrds,0
hard_only,308,NEG_KMN_AR_00151,Arizona,-111.65751456988124,35.75750968528545,negative,known_mining_area_nearby_negative,hard_mrds,0
hard_only,309,NEG_KMN_AR_00152,Arizona,-110.37779084228896,35.19010351770783,negative,known_mining_area_nearby_negative,hard_mrds,0
hard_only,310,NEG_KMN_AR_00153,Arizona,-111.68204007401926,34.20316981298438,negative,known_mining_area_nearby_negative,hard_mrds,0
hard_only,311,NEG_KMN_AR_00154,Arizona,-112.40694770361046,33.23170726571003,negative,known_mining_area_nearby_negative,hard_mrds,0
hard_only,312,NEG_KMN_AR_00155,Arizona,-113.5383407210137,34.235379767874285,negative,known_mining_area_nearby_negative,hard_mrds,0
hard_only,313,NEG_KMN_AR_00156,Arizona,-111.79066617132673,35.302917695176276,negative,known_mining_area_nearby_negative,hard_mrds,0
hard_only,314,NEG_KMN_AR_00157,Arizona,-114.66351557849282,32.715291364572856,negative,known_mining_area_nearby_negative,hard_mrds,0
hard_only,315,NEG_KMN_AR_00158,Arizona,-110.32201237023799,33.62549459660624,negative,known_mining_area_nearby_negative,hard_mrds,0
hard_only,316,NEG_KMN_AR_00159,Arizona,-109.06645429355967,31.97695087612303,negative,known_mining_area_nearby_negative,hard_mrds,0
hard_only,317,NEG_KMN_AR_00160,Arizona,-114.15208923905732,33.92148215564424,negative,known_mining_area_nearby_negative,hard_mrds,0
hard_only,318,NEG_KMN_AR_00161,Arizona,-110.09287498775319,34.760307166112604,negative,known_mining_area_nearby_negative,hard_mrds,0
hard_only,319,NEG_KMN_AR_00162,Arizona,-109.56351351099403,32.455750772258334,negative,known_mining_area_nearby_negative,hard_mrds,0
hard_only,320,NEG_KMN_AR_00163,Arizona,-111.72639750104145,35.423491718157656,negative,known_mining_area_nearby_negative,hard_mrds,0
hard_only,321,NEG_KMN_AR_00164,Arizona,-112.47005863226093,33.20501197545384,negative,known_mining_area_nearby_negative,hard_mrds,0
hard_only,322,NEG_KMN_AR_00165,Arizona,-112.01890065295277,33.596231442953986,negative,known_mining_area_nearby_negative,hard_mrds,0
hard_only,323,NEG_KMN_AR_00166,Arizona,-109.69492145001482,36.14908023813373,negative,known_mining_area_nearby_negative,hard_mrds,0
hard_only,324,NEG_KMN_AR_00167,Arizona,-110.27629667847958,32.267937032096434,negative,known_mining_area_nearby_negative,hard_mrds,0
hard_only,325,NEG_KMN_AR_00168,Arizona,-114.25056384687116,32.42688023374431,negative,known_mining_area_nearby_negative,hard_mrds,0
hard_only,326,NEG_KMN_AR_00169,Arizona,-114.39761066707592,32.81538315215997,negative,known_mining_area_nearby_negative,hard_mrds,0
hard_only,327,NEG_KMN_AR_00170,Arizona,-111.40393012191055,35.76291005722005,negative,known_mining_area_nearby_negative,hard_mrds,0
hard_only,328,NEG_KMN_AR_00171,Arizona,-111.1423898107355,35.28592331542548,negative,known_mining_area_nearby_negative,hard_mrds,0
hard_only,329,NEG_KMN_AR_00172,Arizona,-112.63945387202222,33.99890724022302,negative,known_mining_area_nearby_negative,hard_mrds,0
hard_only,330,NEG_KMN_AR_00173,Arizona,-110.425218642988,34.20836528757424,negative,known_mining_area_nearby_negative,hard_mrds,0
hard_only,331,NEG_KMN_AR_00174,Arizona,-111.23474121359152,34.183783050560926,negative,known_mining_area_nearby_negative,hard_mrds,0
hard_only,332,NEG_KMN_AR_00175,Arizona,-109.84490903375865,33.86716217757295,negative,known_mining_area_nearby_negative,hard_mrds,0
hard_only,333,NEG_KMN_AR_00176,Arizona,-110.98778284175853,34.19856499705161,negative,known_mining_area_nearby_negative,hard_mrds,0
hard_only,334,NEG_KMN_AR_00177,Arizona,-109.46430481251411,36.73199536091685,negative,known_mining_area_nearby_negative,hard_mrds,0
hard_only,335,NEG_KMN_AR_00178,Arizona,-110.87655361732237,34.029982850430855,negative,known_mining_area_nearby_negative,hard_mrds,0
hard_only,336,NEG_KMN_AR_00179,Arizona,-110.64533600566972,33.78808148011976,negative,known_mining_area_nearby_negative,hard_mrds,0
hard_only,337,NEG_KMN_AR_00180,Arizona,-109.94704043247663,32.39508756358081,negative,known_mining_area_nearby_negative,hard_mrds,0
hard_only,338,NEG_KMN_AR_00181,Arizona,-111.82512550732923,36.41694903522354,negative,known_mining_area_nearby_negative,hard_mrds,0
hard_only,339,NEG_KMN_AR_00182,Arizona,-109.71520763450008,32.04461631633778,negative,known_mining_area_nearby_negative,hard_mrds,0
hard_only,340,NEG_KMN_AR_00183,Arizona,-114.57681042504299,35.41871791254214,negative,known_mining_area_nearby_negative,hard_mrds,0
hard_only,341,NEG_KMN_AR_00184,Arizona,-111.19800446745916,31.555606498531585,negative,known_mining_area_nearby_negative,hard_mrds,0
hard_only,342,NEG_KMN_AR_00185,Arizona,-109.35123722651366,36.263684945861556,negative,known_mining_area_nearby_negative,hard_mrds,0
hard_only,343,NEG_KMN_AR_00186,Arizona,-109.96888451922382,33.97395434687812,negative,known_mining_area_nearby_negative,hard_mrds,0
hard_only,344,NEG_KMN_AR_00187,Arizona,-113.4773171001525,32.63013626673743,negative,known_mining_area_nearby_negative,hard_mrds,0
hard_only,345,NEG_KMN_AR_00188,Arizona,-110.40516142287805,33.59151917883122,negative,known_mining_area_nearby_negative,hard_mrds,0
hard_only,346,NEG_KMN_AR_00189,Arizona,-109.21678323834999,36.50525560719019,negative,known_mining_area_nearby_negative,hard_mrds,0
hard_only,347,NEG_KMN_AR_00190,Arizona,-111.8381335212373,35.14902267528643,negative,known_mining_area_nearby_negative,hard_mrds,0
hard_only,348,NEG_KMN_AR_00191,Arizona,-110.42694670090765,33.802119848097476,negative,known_mining_area_nearby_negative,hard_mrds,0
hard_only,349,NEG_KMN_AR_00192,Arizona,-113.56977912566276,33.70667621282409,negative,known_mining_area_nearby_negative,hard_mrds,0
hard_only,350,NEG_KMN_AR_00193,Arizona,-113.5141810908176,33.68265530691346,negative,known_mining_area_nearby_negative,hard_mrds,0
hard_only,351,NEG_KMN_AR_00194,Arizona,-113.0562979516692,33.701371595582195,negative,known_mining_area_nearby_negative,hard_mrds,0
hard_only,352,NEG_KMN_AR_00195,Arizona,-113.46512850703209,33.90551685461772,negative,known_mining_area_nearby_negative,hard_mrds,0
hard_only,353,NEG_KMN_AR_00196,Arizona,-109.83085394377508,32.54807456054152,negative,known_mining_area_nearby_negative,hard_mrds,0
hard_only,354,NEG_KMN_AR_00197,Arizona,-111.50374132363072,31.925661887288733,negative,known_mining_area_nearby_negative,hard_mrds,0
hard_only,355,NEG_KMN_AR_00198,Arizona,-111.47002644251211,34.14864637213514,negative,known_mining_area_nearby_negative,hard_mrds,0
hard_only,356,NEG_KMN_AR_00199,Arizona,-113.38166576843975,34.37159446225667,negative,known_mining_area_nearby_negative,hard_mrds,0
hard_only,357,NEG_KMN_AR_00200,Arizona,-109.20124809169857,31.97962147049526,negative,known_mining_area_nearby_negative,hard_mrds,0
hard_only,358,NEG_KMN_AR_00201,Arizona,-111.319512477432,35.99500822055341,negative,known_mining_area_nearby_negative,hard_mrds,0
hard_only,359,NEG_KMN_AR_00202,Arizona,-112.73751063251814,33.88471058854876,negative,known_mining_area_nearby_negative,hard_mrds,0
hard_only,360,NEG_KMN_AR_00203,Arizona,-111.5053418709166,34.67452041222,negative,known_mining_area_nearby_negative,hard_mrds,0
hard_only,361,NEG_KMN_AR_00204,Arizona,-113.3295944132476,33.748659781391595,negative,known_mining_area_nearby_negative,hard_mrds,0
hard_only,362,NEG_KMN_AR_00205,Arizona,-113.20268288461995,32.97997044555952,negative,known_mining_area_nearby_negative,hard_mrds,0
hard_only,363,NEG_KMN_AR_00206,Arizona,-110.34254545083809,36.9314989177137,negative,known_mining_area_nearby_negative,hard_mrds,0
hard_only,364,NEG_KMN_AR_00207,Arizona,-110.20596575029617,33.79430992517678,negative,known_mining_area_nearby_negative,hard_mrds,0
hard_only,365,NEG_KMN_AR_00208,Arizona,-111.45097345948795,35.75732894925287,negative,known_mining_area_nearby_negative,hard_mrds,0
hard_only,366,NEG_KMN_AR_00209,Arizona,-111.69086002952577,32.15978030292799,negative,known_mining_area_nearby_negative,hard_mrds,0
hard_only,367,NEG_KMN_AR_00210,Arizona,-110.66262382100768,34.008900262448314,negative,known_mining_area_nearby_negative,hard_mrds,0
hard_only,368,NEG_KMN_AR_00211,Arizona,-112.89639141960618,34.175697935635746,negative,known_mining_area_nearby_negative,hard_mrds,0
hard_only,369,NEG_KMN_AR_00212,Arizona,-113.69685186716464,33.853523267849006,negative,known_mining_area_nearby_negative,hard_mrds,0
hard_only,370,NEG_KMN_AR_00213,Arizona,-111.22693371346867,35.891119312936944,negative,known_mining_area_nearby_negative,hard_mrds,0
hard_only,371,NEG_KMN_AR_00214,Arizona,-110.55622986606323,33.774653252738524,negative,known_mining_area_nearby_negative,hard_mrds,0
hard_only,372,NEG_KMN_AR_00215,Arizona,-111.4437016267284,34.14966083126467,negative,known_mining_area_nearby_negative,hard_mrds,0
hard_only,373,NEG_KMN_AR_00216,Arizona,-110.8359258582775,32.140910770601174,negative,known_mining_area_nearby_negative,hard_mrds,0
hard_only,374,NEG_KMN_AR_00217,Arizona,-112.13555105946045,32.29878843879075,negative,known_mining_area_nearby_negative,hard_mrds,0
hard_only,375,NEG_KMN_AR_00218,Arizona,-112.11766314918623,33.50783629528486,negative,known_mining_area_nearby_negative,hard_mrds,0
hard_only,376,NEG_KMN_AR_00219,Arizona,-113.55397918345363,32.894593387258034,negative,known_mining_area_nearby_negative,hard_mrds,0
hard_only,377,NEG_KMN_AR_00220,Arizona,-114.46287775462179,32.59517799004777,negative,known_mining_area_nearby_negative,hard_mrds,0
hard_only,378,NEG_KMN_AR_00221,Arizona,-114.09434725687856,34.15408020910123,negative,known_mining_area_nearby_negative,hard_mrds,0
hard_only,379,NEG_KMN_AR_00222,Arizona,-109.1168176619019,32.51913287336188,negative,known_mining_area_nearby_negative,hard_mrds,0
hard_only,380,NEG_KMN_AR_00223,Arizona,-112.10171309115503,31.862456869864644,negative,known_mining_area_nearby_negative,hard_mrds,0
hard_only,381,NEG_KMN_AR_00224,Arizona,-110.90146758767145,33.924138047790436,negative,known_mining_area_nearby_negative,hard_mrds,0
hard_only,382,NEG_KMN_AR_00225,Arizona,-111.68942146603734,35.27395430859219,negative,known_mining_area_nearby_negative,hard_mrds,0
hard_only,383,NEG_KMN_AR_00226,Arizona,-111.86971893514061,35.378273811093415,negative,known_mining_area_nearby_negative,hard_mrds,0
hard_only,384,NEG_KMN_AR_00227,Arizona,-113.2124772110904,32.981848489070316,negative,known_mining_area_nearby_negative,hard_mrds,0
hard_only,385,NEG_KMN_AR_00228,Arizona,-112.30699972926709,34.868339274104684,negative,known_mining_area_nearby_negative,hard_mrds,0
hard_only,386,NEG_KMN_AR_00229,Arizona,-113.0308247447565,36.848608874545675,negative,known_mining_area_nearby_negative,hard_mrds,0
hard_only,387,NEG_KMN_AR_00230,Arizona,-109.82644011703701,33.993675427890636,negative,known_mining_area_nearby_negative,hard_mrds,0
hard_only,388,NEG_KMN_AR_00231,Arizona,-111.42841486152491,34.12239949596951,negative,known_mining_area_nearby_negative,hard_mrds,0
hard_only,389,NEG_KMN_AR_00232,Arizona,-112.8776492106158,34.58834043321361,negative,known_mining_area_nearby_negative,hard_mrds,0
hard_only,390,NEG_KMN_AR_00233,Arizona,-113.93736165546318,35.049247364562575,negative,known_mining_area_nearby_negative,hard_mrds,0
hard_only,391,NEG_KMN_AR_00234,Arizona,-112.87372109057611,34.06661379501623,negative,known_mining_area_nearby_negative,hard_mrds,0
hard_only,392,NEG_KMN_AR_00235,Arizona,-113.8429762611762,34.689971024469955,negative,known_mining_area_nearby_negative,hard_mrds,0
hard_only,393,NEG_KMN_AR_00236,Arizona,-110.28212652121914,36.65347214800422,negative,known_mining_area_nearby_negative,hard_mrds,0
hard_only,394,NEG_KMN_AR_00237,Arizona,-113.42357998898194,33.89690735398681,negative,known_mining_area_nearby_negative,hard_mrds,0
hard_only,395,NEG_KMN_AR_00238,Arizona,-111.6981663519527,35.3412298055113,negative,known_mining_area_nearby_negative,hard_mrds,0
hard_only,396,NEG_KMN_AR_00239,Arizona,-112.47904165188197,33.337009102389516,negative,known_mining_area_nearby_negative,hard_mrds,0
hard_only,397,NEG_KMN_AR_00240,Arizona,-111.98239918815023,33.92539170014688,negative,known_mining_area_nearby_negative,hard_mrds,0
hard_only,398,NEG_KMN_AR_00241,Arizona,-113.76522662700563,34.65452598933458,negative,known_mining_area_nearby_negative,hard_mrds,0
hard_only,399,NEG_KMN_AR_00242,Arizona,-112.29382117323678,34.68083707816527,negative,known_mining_area_nearby_negative,hard_mrds,0
hard_only,400,NEG_KMN_AR_00243,Arizona,-114.48914941179993,32.57969088012232,negative,known_mining_area_nearby_negative,hard_mrds,0
hard_only,401,NEG_KMN_AR_00244,Arizona,-111.82429272854972,34.01228005477571,negative,known_mining_area_nearby_negative,hard_mrds,0
hard_only,402,NEG_KMN_AR_00245,Arizona,-109.36383866715596,34.57179741818616,negative,known_mining_area_nearby_negative,hard_mrds,0
hard_only,403,NEG_KMN_AR_00246,Arizona,-112.92254624183624,33.757780485968006,negative,known_mining_area_nearby_negative,hard_mrds,0
hard_only,404,NEG_KMN_AR_00247,Arizona,-113.39560202695941,33.56076602156193,negative,known_mining_area_nearby_negative,hard_mrds,0
hard_only,405,NEG_KMN_AR_00248,Arizona,-112.6556252651958,33.818168701019665,negative,known_mining_area_nearby_negative,hard_mrds,0
hard_only,406,NEG_KMN_AR_00249,Arizona,-109.80238296288007,34.33826931385605,negative,known_mining_area_nearby_negative,hard_mrds,0
hard_only,407,NEG_KMN_AR_00250,Arizona,-109.48657842407238,36.702860307031266,negative,known_mining_area_nearby_negative,hard_mrds,0
hard_only,408,NEG_KMN_AR_00251,Arizona,-113.42467576758463,33.44860026027787,negative,known_mining_area_nearby_negative,hard_mrds,0
hard_only,409,NEG_KMN_AR_00252,Arizona,-113.66636711178796,34.06431060033295,negative,known_mining_area_nearby_negative,hard_mrds,0
hard_only,410,NEG_KMN_AR_00253,Arizona,-111.74702566046068,34.67640593927561,negative,known_mining_area_nearby_negative,hard_mrds,0
hard_only,411,NEG_KMN_AR_00254,Arizona,-109.18530064731613,36.803454088689094,negative,known_mining_area_nearby_negative,hard_mrds,0
hard_only,412,NEG_KMN_AR_00255,Arizona,-111.77088677881687,36.86765169267552,negative,known_mining_area_nearby_negative,hard_mrds,0
hard_only,413,NEG_KMN_AR_00256,Arizona,-109.49545182434747,35.29023871326532,negative,known_mining_area_nearby_negative,hard_mrds,0
hard_only,414,NEG_KMN_AR_00257,Arizona,-112.06606615542069,33.55151585834694,negative,known_mining_area_nearby_negative,hard_mrds,0
hard_only,415,NEG_KMN_AR_00258,Arizona,-114.2319573359415,34.12521447245189,negative,known_mining_area_nearby_negative,hard_mrds,0
hard_only,416,NEG_KMN_AR_00259,Arizona,-113.70355863488226,34.032457115401854,negative,known_mining_area_nearby_negative,hard_mrds,0
hard_only,417,NEG_KMN_AR_00260,Arizona,-113.94327717001244,32.76447423330256,negative,known_mining_area_nearby_negative,hard_mrds,0
hard_only,418,NEG_KMN_AR_00261,Arizona,-113.33953540141198,33.60604012008397,negative,known_mining_area_nearby_negative,hard_mrds,0
hard_only,419,NEG_KMN_AR_00262,Arizona,-109.54221179078633,35.704947659042254,negative,known_mining_area_nearby_negative,hard_mrds,0
hard_only,420,NEG_KMN_AR_00263,Arizona,-113.94112215011234,33.89790023032335,negative,known_mining_area_nearby_negative,hard_mrds,0
hard_only,421,NEG_KMN_AR_00264,Arizona,-111.46945391619795,35.2260903243798,negative,known_mining_area_nearby_negative,hard_mrds,0
hard_only,422,NEG_KMN_AR_00265,Arizona,-111.68308218656534,34.98423969286939,negative,known_mining_area_nearby_negative,hard_mrds,0
hard_only,423,NEG_KMN_AR_00266,Arizona,-110.31215064563605,34.022553242844154,negative,known_mining_area_nearby_negative,hard_mrds,0
hard_only,424,NEG_KMN_AR_00267,Arizona,-110.49385783791047,32.75303764143359,negative,known_mining_area_nearby_negative,hard_mrds,0
hard_only,425,NEG_KMN_AR_00268,Arizona,-114.72362935421972,32.644575966105435,negative,known_mining_area_nearby_negative,hard_mrds,0
hard_only,426,NEG_KMN_AR_00269,Arizona,-111.48408021587915,33.60670323844756,negative,known_mining_area_nearby_negative,hard_mrds,0
hard_only,427,NEG_KMN_AR_00270,Arizona,-109.09122159694493,35.12509393785551,negative,known_mining_area_nearby_negative,hard_mrds,0
hard_only,428,NEG_KMN_AR_00271,Arizona,-114.42831657617967,32.530103812426724,negative,known_mining_area_nearby_negative,hard_mrds,0
hard_only,429,NEG_KMN_AR_00272,Arizona,-110.37957460844797,31.915718782139326,negative,known_mining_area_nearby_negative,hard_mrds,0
hard_only,430,NEG_KMN_AR_00273,Arizona,-111.40533743840876,35.59031591837868,negative,known_mining_area_nearby_negative,hard_mrds,0
hard_only,431,NEG_KMN_AR_00274,Arizona,-110.5259594948813,31.595766582370498,negative,known_mining_area_nearby_negative,hard_mrds,0
hard_only,432,NEG_KMN_AR_00275,Arizona,-112.9330120648209,34.264676620021206,negative,known_mining_area_nearby_negative,hard_mrds,0
hard_only,433,NEG_KMN_AR_00276,Arizona,-109.28137253269932,36.53153317620984,negative,known_mining_area_nearby_negative,hard_mrds,0
hard_only,434,NEG_KMN_AR_00277,Arizona,-109.23855904142675,36.849623117631616,negative,known_mining_area_nearby_negative,hard_mrds,0
hard_only,435,NEG_KMN_AR_00278,Arizona,-113.52911862905466,35.04238657198446,negative,known_mining_area_nearby_negative,hard_mrds,0
hard_only,436,NEG_KMN_AR_00279,Arizona,-112.47672653120895,35.37972461611862,negative,known_mining_area_nearby_negative,hard_mrds,0
hard_only,437,NEG_KMN_AR_00280,Arizona,-112.69111057316974,34.78529605833793,negative,known_mining_area_nearby_negative,hard_mrds,0
hard_only,438,NEG_KMN_AR_00281,Arizona,-111.6511950013167,31.78098861014557,negative,known_mining_area_nearby_negative,hard_mrds,0
hard_only,439,NEG_KMN_AR_00282,Arizona,-109.19922457775306,36.733103191591006,negative,known_mining_area_nearby_negative,hard_mrds,0
hard_only,440,NEG_KMN_AR_00283,Arizona,-112.22667421491502,34.66559025131422,negative,known_mining_area_nearby_negative,hard_mrds,0
hard_only,441,NEG_KMN_AR_00284,Arizona,-114.07500825097145,34.95086514622779,negative,known_mining_area_nearby_negative,hard_mrds,0
hard_only,442,NEG_KMN_AR_00285,Arizona,-109.28441497711015,34.14705462013363,negative,known_mining_area_nearby_negative,hard_mrds,0
hard_only,443,NEG_KMN_AR_00286,Arizona,-111.91471033941639,33.86002170091071,negative,known_mining_area_nearby_negative,hard_mrds,0
hard_only,444,NEG_KMN_AR_00287,Arizona,-112.8423166820017,33.54366655674121,negative,known_mining_area_nearby_negative,hard_mrds,0
hard_only,445,NEG_KMN_AR_00288,Arizona,-113.20010340695171,34.01240010501771,negative,known_mining_area_nearby_negative,hard_mrds,0
hard_only,446,NEG_KMN_AR_00289,Arizona,-114.17080732392185,34.041603916574424,negative,known_mining_area_nearby_negative,hard_mrds,0
hard_only,447,NEG_KMN_AR_00290,Arizona,-109.36437887619303,35.635402158132344,negative,known_mining_area_nearby_negative,hard_mrds,0
hard_only,448,NEG_KMN_AR_00291,Arizona,-111.45655414234056,35.0017439973757,negative,known_mining_area_nearby_negative,hard_mrds,0
hard_only,449,NEG_KMN_AR_00292,Arizona,-110.07601509973335,34.234828138339076,negative,known_mining_area_nearby_negative,hard_mrds,0
hard_only,450,NEG_KMN_AR_00293,Arizona,-113.88155679921937,32.864201810096446,negative,known_mining_area_nearby_negative,hard_mrds,0
hard_only,451,NEG_KMN_AR_00294,Arizona,-109.41134346583209,33.372944421017166,negative,known_mining_area_nearby_negative,hard_mrds,0
hard_only,452,NEG_KMN_AR_00295,Arizona,-109.47060468566764,34.348001696781274,negative,known_mining_area_nearby_negative,hard_mrds,0
hard_only,453,NEG_KMN_AR_00296,Arizona,-113.94729391309306,32.762704067090354,negative,known_mining_area_nearby_negative,hard_mrds,0
hard_only,454,NEG_KMN_AR_00297,Arizona,-110.71255243234634,33.97807680449212,negative,known_mining_area_nearby_negative,hard_mrds,0
hard_only,455,NEG_KMN_AR_00298,Arizona,-112.25085956790457,36.08859511266586,negative,known_mining_area_nearby_negative,hard_mrds,0
hard_only,456,NEG_KMN_AR_00299,Arizona,-113.39549296928158,36.84441039894166,negative,known_mining_area_nearby_negative,hard_mrds,0
hard_only,457,NEG_KMN_AR_00300,Arizona,-110.24862823811469,34.24313206421103,negative,known_mining_area_nearby_negative,hard_mrds,0
hard_only,458,NEG_KMN_AR_00301,Arizona,-111.25512941738009,34.57167869431797,negative,known_mining_area_nearby_negative,hard_mrds,0
hard_only,459,NEG_KMN_AR_00302,Arizona,-111.30797689908457,34.15634007731709,negative,known_mining_area_nearby_negative,hard_mrds,0
hard_only,460,NEG_KMN_AR_00303,Arizona,-111.06698825133446,33.98122940459842,negative,known_mining_area_nearby_negative,hard_mrds,0
hard_only,461,NEG_KMN_AR_00304,Arizona,-113.7437954719577,34.67449751320536,negative,known_mining_area_nearby_negative,hard_mrds,0
hard_only,462,NEG_KMN_AR_00305,Arizona,-109.48022443404949,36.963182192726734,negative,known_mining_area_nearby_negative,hard_mrds,0
hard_only,463,NEG_KMN_AR_00306,Arizona,-111.38916960705745,31.719235844860506,negative,known_mining_area_nearby_negative,hard_mrds,0
hard_only,464,NEG_KMN_AR_00307,Arizona,-111.33263020271897,31.427944528626746,negative,known_mining_area_nearby_negative,hard_mrds,0
hard_only,465,NEG_KMN_AR_00308,Arizona,-110.71628576538137,33.672037102880715,negative,known_mining_area_nearby_negative,hard_mrds,0
hard_only,466,NEG_KMN_AR_00309,Arizona,-111.09826535049342,31.582639675281378,negative,known_mining_area_nearby_negative,hard_mrds,0
hard_only,467,NEG_KMN_AR_00310,Arizona,-109.48034562126861,34.355348327985816,negative,known_mining_area_nearby_negative,hard_mrds,0
hard_only,468,NEG_KMN_AR_00311,Arizona,-112.90600363132779,33.93790473335436,negative,known_mining_area_nearby_negative,hard_mrds,0
hard_only,469,NEG_KMN_AR_00312,Arizona,-109.26535677484071,32.122973645200794,negative,known_mining_area_nearby_negative,hard_mrds,0
hard_only,470,NEG_KMN_AR_00313,Arizona,-112.77526862971439,33.05356110236532,negative,known_mining_area_nearby_negative,hard_mrds,0
hard_only,471,NEG_KMN_AR_00314,Arizona,-110.99151753197481,33.74299206671399,negative,known_mining_area_nearby_negative,hard_mrds,0
hard_only,472,NEG_KMN_AR_00315,Arizona,-113.60263163812971,33.83301642347522,negative,known_mining_area_nearby_negative,hard_mrds,0
hard_only,473,NEG_KMN_AR_00316,Arizona,-109.98143282224737,33.96211715185947,negative,known_mining_area_nearby_negative,hard_mrds,0
hard_only,474,NEG_KMN_AR_00317,Arizona,-109.51318078685784,36.42317845458936,negative,known_mining_area_nearby_negative,hard_mrds,0
hard_only,475,NEG_KMN_AR_00318,Arizona,-113.92645378632687,36.58034638529419,negative,known_mining_area_nearby_negative,hard_mrds,0
hard_only,476,NEG_KMN_AR_00319,Arizona,-112.56423660525644,35.245156685790604,negative,known_mining_area_nearby_negative,hard_mrds,0
hard_only,477,NEG_KMN_AR_00320,Arizona,-112.38253604285626,34.96079649990805,negative,known_mining_area_nearby_negative,hard_mrds,0
hard_only,478,NEG_KMN_AR_00321,Arizona,-110.89132084401751,34.98253823324005,negative,known_mining_area_nearby_negative,hard_mrds,0
hard_only,479,NEG_KMN_AR_00322,Arizona,-112.00940190062363,33.617781514013586,negative,known_mining_area_nearby_negative,hard_mrds,0
hard_only,480,NEG_KMN_AR_00323,Arizona,-111.3929372395628,33.881961563774965,negative,known_mining_area_nearby_negative,hard_mrds,0
hard_only,481,NEG_KMN_AR_00324,Arizona,-112.49317744505663,35.251261141217185,negative,known_mining_area_nearby_negative,hard_mrds,0
hard_only,482,NEG_KMN_AR_00325,Arizona,-110.90955508623358,32.539826571362546,negative,known_mining_area_nearby_negative,hard_mrds,0
hard_only,483,NEG_KMN_AR_00326,Arizona,-114.56306160154645,32.67130478551384,negative,known_mining_area_nearby_negative,hard_mrds,0
hard_only,484,NEG_KMN_AR_00327,Arizona,-111.02734948488086,33.96394098142932,negative,known_mining_area_nearby_negative,hard_mrds,0
hard_only,485,NEG_KMN_AR_00328,Arizona,-109.54637819830953,31.95807940561403,negative,known_mining_area_nearby_negative,hard_mrds,0
hard_only,486,NEG_KMN_AR_00329,Arizona,-109.05606481648698,36.79944195484072,negative,known_mining_area_nearby_negative,hard_mrds,0
hard_only,487,NEG_KMN_AR_00330,Arizona,-112.17442013424636,34.6587110586868,negative,known_mining_area_nearby_negative,hard_mrds,0
hard_only,488,NEG_KMN_AR_00331,Arizona,-112.66854238155247,34.23008699194571,negative,known_mining_area_nearby_negative,hard_mrds,0
hard_only,489,NEG_KMN_AR_00332,Arizona,-112.98621223188889,34.209017056870444,negative,known_mining_area_nearby_negative,hard_mrds,0
hard_only,490,NEG_KMN_AR_00333,Arizona,-109.59999252049118,31.805099498255764,negative,known_mining_area_nearby_negative,hard_mrds,0
hard_only,491,NEG_KMN_AR_00334,Arizona,-112.56180511165928,33.43662571494397,negative,known_mining_area_nearby_negative,hard_mrds,0
hard_only,492,NEG_KMN_AR_00335,Arizona,-111.11552516159645,32.3701140047905,negative,known_mining_area_nearby_negative,hard_mrds,0
hard_only,493,NEG_KMN_AR_00336,Arizona,-111.23114841762111,35.16324747510651,negative,known_mining_area_nearby_negative,hard_mrds,0
hard_only,494,NEG_KMN_AR_00337,Arizona,-112.5964688795766,32.87799054844852,negative,known_mining_area_nearby_negative,hard_mrds,0
hard_only,495,NEG_KMN_AR_00338,Arizona,-109.89847223620461,35.39606274965965,negative,known_mining_area_nearby_negative,hard_mrds,0
hard_only,496,NEG_KMN_AR_00339,Arizona,-111.4576566288577,34.060722406346876,negative,known_mining_area_nearby_negative,hard_mrds,0
hard_only,497,NEG_KMN_AR_00340,Arizona,-113.59239512630938,34.02225960303989,negative,known_mining_area_nearby_negative,hard_mrds,0
hard_only,498,NEG_KMN_AR_00341,Arizona,-109.13817073134345,36.507033081383035,negative,known_mining_area_nearby_negative,hard_mrds,0
hard_only,499,NEG_KMN_AR_00342,Arizona,-114.20680708868088,33.96229009672565,negative,known_mining_area_nearby_negative,hard_mrds,0
hard_only,500,NEG_KMN_AR_00343,Arizona,-110.35648020708567,31.905525075153164,negative,known_mining_area_nearby_negative,hard_mrds,0
hard_only,501,NEG_KMN_AR_00344,Arizona,-111.15542849433893,34.256291921746175,negative,known_mining_area_nearby_negative,hard_mrds,0
hard_only,502,NEG_KMN_AR_00345,Arizona,-109.60806082370988,32.624208291431025,negative,known_mining_area_nearby_negative,hard_mrds,0
hard_only,503,NEG_KMN_AR_00346,Arizona,-112.53251700695768,33.720084585291445,negative,known_mining_area_nearby_negative,hard_mrds,0
hard_only,504,NEG_KMN_AR_00347,Arizona,-113.32161901684935,35.40562388243288,negative,known_mining_area_nearby_negative,hard_mrds,0
hard_only,505,NEG_KMN_AR_00348,Arizona,-113.43069363838254,34.70272289926548,negative,known_mining_area_nearby_negative,hard_mrds,0
hard_only,506,NEG_KMN_AR_00349,Arizona,-113.2510347662668,33.895548912525825,negative,known_mining_area_nearby_negative,hard_mrds,0
hard_only,507,NEG_KMN_AR_00350,Arizona,-111.28223061950001,35.63851433930033,negative,known_mining_area_nearby_negative,hard_mrds,0
hard_only,508,NEG_KMN_AR_00351,Arizona,-109.52541566940391,35.07210319926832,negative,known_mining_area_nearby_negative,hard_mrds,0
hard_only,509,NEG_KMN_AR_00352,Arizona,-109.60276459091449,35.99546448878635,negative,known_mining_area_nearby_negative,hard_mrds,0
hard_only,510,NEG_KMN_AR_00353,Arizona,-114.07822320069869,33.72808778044401,negative,known_mining_area_nearby_negative,hard_mrds,0
hard_only,511,NEG_KMN_AR_00354,Arizona,-112.75582157500861,33.578613267947034,negative,known_mining_area_nearby_negative,hard_mrds,0
hard_only,512,NEG_KMN_AR_00355,Arizona,-109.10703871169073,31.969143917929536,negative,known_mining_area_nearby_negative,hard_mrds,0
hard_only,513,NEG_KMN_AR_00356,Arizona,-114.16753980470008,33.815938037948776,negative,known_mining_area_nearby_negative,hard_mrds,0
hard_only,514,NEG_KMN_AR_00357,Arizona,-110.9759596131679,33.86589610170112,negative,known_mining_area_nearby_negative,hard_mrds,0
hard_only,515,NEG_KMN_AR_00358,Arizona,-113.0572623268622,33.62305046736577,negative,known_mining_area_nearby_negative,hard_mrds,0
hard_only,516,NEG_KMN_AR_00359,Arizona,-109.64658005857234,34.12359509009686,negative,known_mining_area_nearby_negative,hard_mrds,0
hard_only,517,NEG_KMN_AR_00360,Arizona,-112.35354666644861,31.740406236809896,negative,known_mining_area_nearby_negative,hard_mrds,0
hard_only,518,NEG_KMN_AR_00361,Arizona,-110.23442165089534,34.940997821348155,negative,known_mining_area_nearby_negative,hard_mrds,0
hard_only,519,NEG_KMN_AR_00362,Arizona,-111.24315771104347,32.420101067898365,negative,known_mining_area_nearby_negative,hard_mrds,0
hard_only,520,NEG_KMN_AR_00363,Arizona,-112.77438934756941,35.38116929283598,negative,known_mining_area_nearby_negative,hard_mrds,0
hard_only,521,NEG_KMN_AR_00364,Arizona,-109.32437533978867,34.34550006956365,negative,known_mining_area_nearby_negative,hard_mrds,0
hard_only,522,NEG_KMN_AR_00365,Arizona,-113.6967665683319,32.747471138897396,negative,known_mining_area_nearby_negative,hard_mrds,0
hard_only,523,NEG_KMN_AR_00366,Arizona,-114.02423216017758,33.29160293303924,negative,known_mining_area_nearby_negative,hard_mrds,0
hard_only,524,NEG_KMN_AR_00367,Arizona,-109.98232085341908,32.752209964421716,negative,known_mining_area_nearby_negative,hard_mrds,0
hard_only,525,NEG_KMN_AR_00368,Arizona,-109.10830985900367,36.84142603510417,negative,known_mining_area_nearby_negative,hard_mrds,0
hard_only,526,NEG_KMN_AR_00369,Arizona,-110.07695452156986,31.753490581444744,negative,known_mining_area_nearby_negative,hard_mrds,0
hard_only,527,NEG_KMN_AR_00370,Arizona,-113.38942923718344,35.22278645779936,negative,known_mining_area_nearby_negative,hard_mrds,0
hard_only,528,NEG_KMN_AR_00371,Arizona,-111.75985406974479,35.35041216100659,negative,known_mining_area_nearby_negative,hard_mrds,0
hard_only,529,NEG_KMN_AR_00372,Arizona,-112.223863961539,33.74890684910794,negative,known_mining_area_nearby_negative,hard_mrds,0
hard_only,530,NEG_KMN_AR_00373,Arizona,-113.92056627136179,36.87128987957774,negative,known_mining_area_nearby_negative,hard_mrds,0
hard_only,531,NEG_KMN_AR_00374,Arizona,-111.95311104620384,36.132763631904034,negative,known_mining_area_nearby_negative,hard_mrds,0
hard_only,532,NEG_KMN_AR_00375,Arizona,-113.67428532142571,34.37675211682783,negative,known_mining_area_nearby_negative,hard_mrds,0
hard_only,533,NEG_KMN_AR_00376,Arizona,-112.13218401668655,36.03189521946294,negative,known_mining_area_nearby_negative,hard_mrds,0
hard_only,534,NEG_KMN_AR_00377,Arizona,-111.35165551563466,34.267786818066355,negative,known_mining_area_nearby_negative,hard_mrds,0
hard_only,535,NEG_KMN_AR_00378,Arizona,-111.19253682966519,33.686268552929604,negative,known_mining_area_nearby_negative,hard_mrds,0
hard_only,536,NEG_KMN_AR_00379,Arizona,-111.85850032287271,33.633835728031926,negative,known_mining_area_nearby_negative,hard_mrds,0
hard_only,537,NEG_KMN_AR_00380,Arizona,-112.10904573881112,32.03259873697853,negative,known_mining_area_nearby_negative,hard_mrds,0
hard_only,538,NEG_KMN_AR_00381,Arizona,-110.62361094100112,33.72653748578656,negative,known_mining_area_nearby_negative,hard_mrds,0
hard_only,539,NEG_KMN_AR_00382,Arizona,-113.4452480179641,34.313661893841086,negative,known_mining_area_nearby_negative,hard_mrds,0
hard_only,540,NEG_KMN_AR_00383,Arizona,-110.76035508563484,34.40346170042744,negative,known_mining_area_nearby_negative,hard_mrds,0
hard_only,541,NEG_KMN_AR_00384,Arizona,-110.08318195550112,34.587220341292884,negative,known_mining_area_nearby_negative,hard_mrds,0
hard_only,542,NEG_KMN_AR_00385,Arizona,-114.42286196146279,32.87287417797692,negative,known_mining_area_nearby_negative,hard_mrds,0
hard_only,543,NEG_KMN_AR_00386,Arizona,-110.73623794911191,34.19672464646491,negative,known_mining_area_nearby_negative,hard_mrds,0
hard_only,544,NEG_KMN_AR_00387,Arizona,-110.05935060841819,36.16554148460292,negative,known_mining_area_nearby_negative,hard_mrds,0
hard_only,545,NEG_KMN_AR_00388,Arizona,-110.85382817708705,34.12287146378581,negative,known_mining_area_nearby_negative,hard_mrds,0
hard_only,546,NEG_KMN_AR_00389,Arizona,-109.14813892732116,33.831901180321715,negative,known_mining_area_nearby_negative,hard_mrds,0
hard_only,547,NEG_KMN_AR_00390,Arizona,-109.37880778315673,36.333405052317204,negative,known_mining_area_nearby_negative,hard_mrds,0
hard_only,548,NEG_KMN_AR_00391,Arizona,-109.40516685783132,36.01792615415332,negative,known_mining_area_nearby_negative,hard_mrds,0
hard_only,549,NEG_KMN_AR_00392,Arizona,-112.66271143135396,33.66595884406955,negative,known_mining_area_nearby_negative,hard_mrds,0
hard_only,550,NEG_KMN_AR_00393,Arizona,-111.77042267226346,33.506557622029234,negative,known_mining_area_nearby_negative,hard_mrds,0
hard_only,551,NEG_KMN_AR_00394,Arizona,-111.95297232752512,31.81553314404679,negative,known_mining_area_nearby_negative,hard_mrds,0
hard_only,552,NEG_KMN_AR_00395,Arizona,-114.30203997639103,33.433944350206666,negative,known_mining_area_nearby_negative,hard_mrds,0
hard_only,553,NEG_KMN_AR_00396,Arizona,-110.46731971108244,34.45154967240802,negative,known_mining_area_nearby_negative,hard_mrds,0
hard_only,554,NEG_KMN_AR_00397,Arizona,-114.03833765996512,33.56185506500931,negative,known_mining_area_nearby_negative,hard_mrds,0
hard_only,555,NEG_KMN_AR_00398,Arizona,-110.52960144844127,33.769956747185304,negative,known_mining_area_nearby_negative,hard_mrds,0
hard_only,556,NEG_KMN_AR_00399,Arizona,-110.70136892896102,33.97688474392768,negative,known_mining_area_nearby_negative,hard_mrds,0
hard_only,557,NEG_KMN_AR_00400,Arizona,-109.93010633925263,34.11848028184285,negative,known_mining_area_nearby_negative,hard_mrds,0
hard_only,558,NEG_KMN_AR_00401,Arizona,-112.02635314091367,35.2412939794853,negative,known_mining_area_nearby_negative,hard_mrds,0
hard_only,559,NEG_KMN_AR_00402,Arizona,-110.39594741817706,36.846326691226054,negative,known_mining_area_nearby_negative,hard_mrds,0
hard_only,560,NEG_KMN_AR_00403,Arizona,-111.67963077062291,34.831061770702746,negative,known_mining_area_nearby_negative,hard_mrds,0
hard_only,561,NEG_KMN_AR_00404,Arizona,-113.81258164823333,34.38258720820438,negative,known_mining_area_nearby_negative,hard_mrds,0
hard_only,562,NEG_KMN_AR_00405,Arizona,-112.27529458596894,34.624363861641775,negative,known_mining_area_nearby_negative,hard_mrds,0
hard_only,563,NEG_KMN_AR_00406,Arizona,-110.56302851201104,35.39549291405993,negative,known_mining_area_nearby_negative,hard_mrds,0
hard_only,564,NEG_KMN_AR_00407,Arizona,-109.46446566413618,31.999400658003243,negative,known_mining_area_nearby_negative,hard_mrds,0
hard_only,565,NEG_KMN_AR_00408,Arizona,-114.34397451861531,33.14532983516558,negative,known_mining_area_nearby_negative,hard_mrds,0
hard_only,566,NEG_KMN_AR_00409,Arizona,-114.49368898268403,32.621342102676046,negative,known_mining_area_nearby_negative,hard_mrds,0
hard_only,567,NEG_KMN_AR_00410,Arizona,-109.90131463633651,32.29186203165195,negative,known_mining_area_nearby_negative,hard_mrds,0
hard_only,568,NEG_KMN_AR_00411,Arizona,-110.66362413314607,34.24429279824773,negative,known_mining_area_nearby_negative,hard_mrds,0
hard_only,569,NEG_KMN_AR_00412,Arizona,-109.77496176802401,34.759329909479284,negative,known_mining_area_nearby_negative,hard_mrds,0
hard_only,570,NEG_KMN_AR_00413,Arizona,-111.92900749178989,34.99061941659346,negative,known_mining_area_nearby_negative,hard_mrds,0
hard_only,571,NEG_KMN_AR_00414,Arizona,-110.28891003117019,33.73331430407262,negative,known_mining_area_nearby_negative,hard_mrds,0
hard_only,572,NEG_KMN_AR_00415,Arizona,-113.40714096593581,34.46592856484352,negative,known_mining_area_nearby_negative,hard_mrds,0
hard_only,573,NEG_KMN_AR_00416,Arizona,-109.70390630349311,31.8735020386998,negative,known_mining_area_nearby_negative,hard_mrds,0
hard_only,574,NEG_KMN_AR_00417,Arizona,-110.5930840777113,33.954219244638296,negative,known_mining_area_nearby_negative,hard_mrds,0
hard_only,575,NEG_KMN_AR_00418,Arizona,-110.60673164574109,33.26006101229626,negative,known_mining_area_nearby_negative,hard_mrds,0
hard_only,576,NEG_KMN_AR_00419,Arizona,-110.15460989874788,31.619858099769896,negative,known_mining_area_nearby_negative,hard_mrds,0
hard_only,577,NEG_KMN_AR_00420,Arizona,-109.59571380817033,31.584393662184556,negative,known_mining_area_nearby_negative,hard_mrds,0
hard_only,578,NEG_KMN_AR_00421,Arizona,-109.69401646317283,34.147986269068845,negative,known_mining_area_nearby_negative,hard_mrds,0
hard_only,579,NEG_KMN_AR_00422,Arizona,-114.02435141368426,32.51637393882582,negative,known_mining_area_nearby_negative,hard_mrds,0
hard_only,580,NEG_KMN_AR_00423,Arizona,-110.13339091971125,32.4718174802968,negative,known_mining_area_nearby_negative,hard_mrds,0
hard_only,581,NEG_KMN_AR_00424,Arizona,-109.33846361873736,36.7299233389547,negative,known_mining_area_nearby_negative,hard_mrds,0
hard_only,582,NEG_KMN_AR_00425,Arizona,-109.08877795947404,32.740757371169195,negative,known_mining_area_nearby_negative,hard_mrds,0
hard_only,583,NEG_KMN_AR_00426,Arizona,-111.60373517472277,31.88202192139405,negative,known_mining_area_nearby_negative,hard_mrds,0
hard_only,584,NEG_KMN_AR_00427,Arizona,-113.76085446614513,36.8180460823937,negative,known_mining_area_nearby_negative,hard_mrds,0
hard_only,585,NEG_KMN_AR_00428,Arizona,-110.81357571912974,36.18903802146055,negative,known_mining_area_nearby_negative,hard_mrds,0
hard_only,586,NEG_KMN_AR_00429,Arizona,-110.37577336068074,36.79559691777876,negative,known_mining_area_nearby_negative,hard_mrds,0
hard_only,587,NEG_KMN_AR_00430,Arizona,-109.28084287908513,36.424161582830784,negative,known_mining_area_nearby_negative,hard_mrds,0
hard_only,588,NEG_KMN_AR_00431,Arizona,-112.5625855280673,35.15088046164117,negative,known_mining_area_nearby_negative,hard_mrds,0
hard_only,589,NEG_KMN_AR_00432,Arizona,-109.1207001885831,34.21458651038914,negative,known_mining_area_nearby_negative,hard_mrds,0
hard_only,590,NEG_KMN_AR_00433,Arizona,-110.79942398923549,35.07665239712044,negative,known_mining_area_nearby_negative,hard_mrds,0
hard_only,591,NEG_KMN_AR_00434,Arizona,-113.244007132972,36.85258821562542,negative,known_mining_area_nearby_negative,hard_mrds,0
hard_only,592,NEG_KMN_AR_00435,Arizona,-114.14856810018222,33.77635461938749,negative,known_mining_area_nearby_negative,hard_mrds,0
hard_only,593,NEG_KMN_AR_00436,Arizona,-112.90569455050547,33.888962594460104,negative,known_mining_area_nearby_negative,hard_mrds,0
hard_only,594,NEG_KMN_AR_00437,Arizona,-113.50686360098751,33.79990376020491,negative,known_mining_area_nearby_negative,hard_mrds,0
hard_only,595,NEG_KMN_AR_00438,Arizona,-111.24281044484047,33.68575408320285,negative,known_mining_area_nearby_negative,hard_mrds,0
hard_only,596,NEG_KMN_AR_00439,Arizona,-109.91156692775519,32.95475595227126,negative,known_mining_area_nearby_negative,hard_mrds,0
hard_only,597,NEG_KMN_AR_00440,Arizona,-109.22506696078665,32.26336228948293,negative,known_mining_area_nearby_negative,hard_mrds,0
hard_only,598,NEG_KMN_AR_00441,Arizona,-109.28747061495767,36.97577936981295,negative,known_mining_area_nearby_negative,hard_mrds,0
hard_only,599,NEG_KMN_AR_00442,Arizona,-110.85184029112423,33.87133434958193,negative,known_mining_area_nearby_negative,hard_mrds,0
hard_only,600,NEG_KMN_AR_00443,Arizona,-111.78310005643584,33.64159848203319,negative,known_mining_area_nearby_negative,hard_mrds,0
hard_only,601,NEG_KMN_AR_00444,Arizona,-110.17430783805372,36.799116995994524,negative,known_mining_area_nearby_negative,hard_mrds,0
hard_only,602,NEG_KMN_AR_00445,Arizona,-109.76603559901685,33.966598128990036,negative,known_mining_area_nearby_negative,hard_mrds,0
hard_only,603,NEG_KMN_AR_00446,Arizona,-111.82603237672231,35.21011028250357,negative,known_mining_area_nearby_negative,hard_mrds,0
hard_only,604,NEG_KMN_AR_00447,Arizona,-109.73853300777034,32.033601148742015,negative,known_mining_area_nearby_negative,hard_mrds,0
hard_only,605,NEG_KMN_AR_00448,Arizona,-114.15041072425811,34.07069048354557,negative,known_mining_area_nearby_negative,hard_mrds,0
hard_only,606,NEG_KMN_AR_00449,Arizona,-111.71420841069045,34.82101826465616,negative,known_mining_area_nearby_negative,hard_mrds,0
hard_only,607,NEG_KMN_AR_00450,Arizona,-112.66978195661056,34.92931417023827,negative,known_mining_area_nearby_negative,hard_mrds,0
hard_only,608,NEG_KMN_AR_00451,Arizona,-109.41867739107448,36.56187878285352,negative,known_mining_area_nearby_negative,hard_mrds,0
hard_only,609,NEG_KMN_AR_00452,Arizona,-110.15859108809781,31.884145617276396,negative,known_mining_area_nearby_negative,hard_mrds,0
hard_only,610,NEG_KMN_AR_00453,Arizona,-109.45451851980545,36.56525332649085,negative,known_mining_area_nearby_negative,hard_mrds,0
hard_only,611,NEG_KMN_AR_00454,Arizona,-113.52721463437456,33.8387245582572,negative,known_mining_area_nearby_negative,hard_mrds,0
hard_only,612,NEG_KMN_AR_00455,Arizona,-111.43029406772985,33.79154155978296,negative,known_mining_area_nearby_negative,hard_mrds,0
hard_only,613,NEG_KMN_AR_00456,Arizona,-109.63606296273053,32.19028348587656,negative,known_mining_area_nearby_negative,hard_mrds,0
hard_only,614,NEG_KMN_AR_00457,Arizona,-109.15935619897436,34.44459016803557,negative,known_mining_area_nearby_negative,hard_mrds,0
hard_only,615,NEG_KMN_AR_00458,Arizona,-112.60285966151366,34.08703605069971,negative,known_mining_area_nearby_negative,hard_mrds,0
hard_only,616,NEG_KMN_AR_00459,Arizona,-109.70604526393515,32.534471491069674,negative,known_mining_area_nearby_negative,hard_mrds,0
hard_only,617,NEG_KMN_AR_00460,Arizona,-110.57091812350944,33.86806919082583,negative,known_mining_area_nearby_negative,hard_mrds,0
hard_only,618,NEG_KMN_AR_00461,Arizona,-109.49288931942192,35.63544075400791,negative,known_mining_area_nearby_negative,hard_mrds,0
hard_only,619,NEG_KMN_AR_00462,Arizona,-110.22901314319552,34.1331700513116,negative,known_mining_area_nearby_negative,hard_mrds,0
hard_only,620,NEG_KMN_AR_00463,Arizona,-110.0447766189198,36.46920045101069,negative,known_mining_area_nearby_negative,hard_mrds,0
hard_only,621,NEG_KMN_AR_00464,Arizona,-112.1302725517553,34.62489504085165,negative,known_mining_area_nearby_negative,hard_mrds,0
hard_only,622,NEG_KMN_AR_00465,Arizona,-109.51238998458405,32.45133077824008,negative,known_mining_area_nearby_negative,hard_mrds,0
hard_only,623,NEG_KMN_AR_00466,Arizona,-111.5742552529922,34.685908419999826,negative,known_mining_area_nearby_negative,hard_mrds,0
hard_only,624,NEG_KMN_AR_00467,Arizona,-114.19749949693966,32.84560390284221,negative,known_mining_area_nearby_negative,hard_mrds,0
hard_only,625,NEG_KMN_AR_00468,Arizona,-110.80940872857389,35.0960837548819,negative,known_mining_area_nearby_negative,hard_mrds,0
hard_only,626,NEG_KMN_AR_00469,Arizona,-114.57673868228494,32.55721452891344,negative,known_mining_area_nearby_negative,hard_mrds,0
hard_only,627,NEG_KMN_AR_00470,Arizona,-111.77604940118596,31.771609062207485,negative,known_mining_area_nearby_negative,hard_mrds,0
hard_only,628,NEG_KMN_AR_00471,Arizona,-109.84696681593897,34.78495660845239,negative,known_mining_area_nearby_negative,hard_mrds,0
hard_only,629,NEG_KMN_AR_00472,Arizona,-109.57379759926908,35.11948561007502,negative,known_mining_area_nearby_negative,hard_mrds,0
hard_only,630,NEG_KMN_AR_00473,Arizona,-110.43111517194666,31.748434327470076,negative,known_mining_area_nearby_negative,hard_mrds,0
hard_only,631,NEG_KMN_AR_00474,Arizona,-110.43197438249035,31.839521556509407,negative,known_mining_area_nearby_negative,hard_mrds,0
hard_only,632,NEG_KMN_AR_00475,Arizona,-114.59407819800356,32.693707446361834,negative,known_mining_area_nearby_negative,hard_mrds,0
hard_only,633,NEG_KMN_AR_00476,Arizona,-111.47964480354472,35.239624759473976,negative,known_mining_area_nearby_negative,hard_mrds,0
hard_only,634,NEG_KMN_AR_00477,Arizona,-109.34370809606935,32.773102931759425,negative,known_mining_area_nearby_negative,hard_mrds,0
hard_only,635,NEG_KMN_AR_00478,Arizona,-109.85691085411963,31.6348249706449,negative,known_mining_area_nearby_negative,hard_mrds,0
hard_only,636,NEG_KMN_AR_00479,Arizona,-110.01194333858092,34.42349529105423,negative,known_mining_area_nearby_negative,hard_mrds,0
hard_only,637,NEG_KMN_AR_00480,Arizona,-112.59391725571635,35.40616754927761,negative,known_mining_area_nearby_negative,hard_mrds,0
hard_only,638,NEG_KMN_AR_00481,Arizona,-111.74364767039833,35.80424987686989,negative,known_mining_area_nearby_negative,hard_mrds,0
hard_only,639,NEG_KMN_AR_00482,Arizona,-112.47980480836367,33.59406782963224,negative,known_mining_area_nearby_negative,hard_mrds,0
hard_only,640,NEG_KMN_AR_00483,Arizona,-110.44544379832331,33.49939124465571,negative,known_mining_area_nearby_negative,hard_mrds,0
hard_only,641,NEG_KMN_AR_00484,Arizona,-110.2372523173413,32.93405569635582,negative,known_mining_area_nearby_negative,hard_mrds,0
hard_only,642,NEG_KMN_AR_00485,Arizona,-113.67608832407814,33.58384745540421,negative,known_mining_area_nearby_negative,hard_mrds,0
hard_only,643,NEG_KMN_AR_00486,Arizona,-109.44987176350702,36.71395969580066,negative,known_mining_area_nearby_negative,hard_mrds,0
hard_only,644,NEG_KMN_AR_00487,Arizona,-109.15901015933588,36.89754526408262,negative,known_mining_area_nearby_negative,hard_mrds,0
hard_only,645,NEG_KMN_AR_00488,Arizona,-110.99027062402422,34.00326780415945,negative,known_mining_area_nearby_negative,hard_mrds,0
hard_only,646,NEG_KMN_AR_00489,Arizona,-112.43595246810679,32.068442448689225,negative,known_mining_area_nearby_negative,hard_mrds,0
hard_only,647,NEG_KMN_AR_00490,Arizona,-109.33756134937164,32.2918002214479,negative,known_mining_area_nearby_negative,hard_mrds,0
hard_only,648,NEG_KMN_AR_00491,Arizona,-112.40636387755973,34.87932102539702,negative,known_mining_area_nearby_negative,hard_mrds,0
hard_only,649,NEG_KMN_AR_00492,Arizona,-114.59010758102625,32.66445944789247,negative,known_mining_area_nearby_negative,hard_mrds,0
hard_only,650,NEG_KMN_AR_00493,Arizona,-113.94783798252945,33.830135948524585,negative,known_mining_area_nearby_negative,hard_mrds,0
hard_only,651,NEG_KMN_AR_00494,Arizona,-109.39473852633193,34.28323463567195,negative,known_mining_area_nearby_negative,hard_mrds,0
hard_only,652,NEG_KMN_AR_00495,Arizona,-114.21603124065257,32.719575218080415,negative,known_mining_area_nearby_negative,hard_mrds,0
hard_only,653,NEG_KMN_AR_00496,Arizona,-112.47961459495855,34.78522143800319,negative,known_mining_area_nearby_negative,hard_mrds,0
hard_only,654,NEG_KMN_AR_00497,Arizona,-110.24264976822161,31.701031591543895,negative,known_mining_area_nearby_negative,hard_mrds,0
hard_only,655,NEG_KMN_AR_00498,Arizona,-109.46650261232935,33.980903749880866,negative,known_mining_area_nearby_negative,hard_mrds,0
hard_only,656,NEG_KMN_AR_00499,Arizona,-114.22573927404369,34.14992350155408,negative,known_mining_area_nearby_negative,hard_mrds,0
hard_only,657,NEG_KMN_AR_00500,Arizona,-111.77716855376559,34.19671559137273,negative,known_mining_area_nearby_negative,hard_mrds,0
hard_only,658,NEG_KMN_AR_00501,Arizona,-112.37284623830863,31.874213974551584,negative,known_mining_area_nearby_negative,hard_mrds,0
hard_only,659,NEG_KMN_AR_00502,Arizona,-114.01274026090192,34.09597608631859,negative,known_mining_area_nearby_negative,hard_mrds,0
hard_only,660,NEG_KMN_AR_00503,Arizona,-112.04402811705944,31.923336937797817,negative,known_mining_area_nearby_negative,hard_mrds,0
hard_only,661,NEG_KMN_AR_00504,Arizona,-112.8645234690224,35.088870126410015,negative,known_mining_area_nearby_negative,hard_mrds,0
hard_only,662,NEG_KMN_AR_00505,Arizona,-110.31366487506614,32.178837382368116,negative,known_mining_area_nearby_negative,hard_mrds,0
hard_only,663,NEG_KMN_AR_00506,Arizona,-109.71434820635915,32.41257601861081,negative,known_mining_area_nearby_negative,hard_mrds,0
hard_only,664,NEG_KMN_AR_00507,Arizona,-109.77950442112746,32.0165424930053,negative,known_mining_area_nearby_negative,hard_mrds,0
hard_only,665,NEG_KMN_AR_00508,Arizona,-112.54193103917004,33.554700552140375,negative,known_mining_area_nearby_negative,hard_mrds,0
hard_only,666,NEG_KMN_AR_00509,Arizona,-111.17485776342392,35.69091949461403,negative,known_mining_area_nearby_negative,hard_mrds,0
hard_only,667,NEG_KMN_AR_00510,Arizona,-111.39564309906746,34.8106565561673,negative,known_mining_area_nearby_negative,hard_mrds,0
hard_only,668,NEG_KMN_AR_00511,Arizona,-111.14511981517455,35.37256604545726,negative,known_mining_area_nearby_negative,hard_mrds,0
hard_only,669,NEG_KMN_AR_00512,Arizona,-109.42002369118336,34.1030591076344,negative,known_mining_area_nearby_negative,hard_mrds,0
hard_only,670,NEG_KMN_AR_00513,Arizona,-109.0624048769929,32.07298923458107,negative,known_mining_area_nearby_negative,hard_mrds,0
hard_only,671,NEG_KMN_AR_00514,Arizona,-110.43953378597269,33.621951421655226,negative,known_mining_area_nearby_negative,hard_mrds,0
hard_only,672,NEG_KMN_AR_00515,Arizona,-110.66120124144561,34.03809903877698,negative,known_mining_area_nearby_negative,hard_mrds,0
hard_only,673,NEG_KMN_AR_00516,Arizona,-111.3582676165517,34.81149174804326,negative,known_mining_area_nearby_negative,hard_mrds,0
hard_only,674,NEG_KMN_AR_00517,Arizona,-111.64417157713763,35.608817794418535,negative,known_mining_area_nearby_negative,hard_mrds,0
hard_only,675,NEG_KMN_AR_00518,Arizona,-113.9160017571619,33.01694573554052,negative,known_mining_area_nearby_negative,hard_mrds,0
hard_only,676,NEG_KMN_AR_00519,Arizona,-113.78057361762234,34.15312029951606,negative,known_mining_area_nearby_negative,hard_mrds,0
hard_only,677,NEG_KMN_AR_00520,Arizona,-111.07458835232313,33.79924187449047,negative,known_mining_area_nearby_negative,hard_mrds,0
hard_only,678,NEG_KMN_AR_00521,Arizona,-113.23791513181601,33.745425352183,negative,known_mining_area_nearby_negative,hard_mrds,0
hard_only,679,NEG_KMN_AR_00522,Arizona,-109.90758179258779,32.38843468139909,negative,known_mining_area_nearby_negative,hard_mrds,0
hard_only,680,NEG_KMN_AR_00523,Arizona,-113.54849165130997,34.47573368057475,negative,known_mining_area_nearby_negative,hard_mrds,0
hard_only,681,NEG_KMN_AR_00524,Arizona,-109.37844429791784,32.30186704440992,negative,known_mining_area_nearby_negative,hard_mrds,0
hard_only,682,NEG_KMN_AR_00525,Arizona,-110.83268955822962,33.755365000890116,negative,known_mining_area_nearby_negative,hard_mrds,0
hard_only,683,NEG_KMN_AR_00526,Arizona,-112.89603823081177,33.35307306700023,negative,known_mining_area_nearby_negative,hard_mrds,0
hard_only,684,NEG_KMN_AR_00527,Arizona,-109.47651730184737,32.17574715362466,negative,known_mining_area_nearby_negative,hard_mrds,0
hard_only,685,NEG_KMN_AR_00528,Arizona,-110.70927141493189,35.11736382075299,negative,known_mining_area_nearby_negative,hard_mrds,0
hard_only,686,NEG_KMN_AR_00529,Arizona,-109.23629708100685,34.09132524661245,negative,known_mining_area_nearby_negative,hard_mrds,0
hard_only,687,NEG_KMN_AR_00530,Arizona,-111.38461031582932,31.989183940428667,negative,known_mining_area_nearby_negative,hard_mrds,0
hard_only,688,NEG_KMN_AR_00531,Arizona,-112.79521539646112,36.35279155315068,negative,known_mining_area_nearby_negative,hard_mrds,0
hard_only,689,NEG_KMN_AR_00532,Arizona,-110.64329508275642,33.3601150691403,negative,known_mining_area_nearby_negative,hard_mrds,0
hard_only,690,NEG_KMN_AR_00533,Arizona,-111.94623697833777,35.39003374470664,negative,known_mining_area_nearby_negative,hard_mrds,0
hard_only,691,NEG_KMN_AR_00534,Arizona,-110.79141798319131,33.86524936983309,negative,known_mining_area_nearby_negative,hard_mrds,0
hard_only,692,NEG_KMN_AR_00535,Arizona,-111.00642285138065,33.9641462340062,negative,known_mining_area_nearby_negative,hard_mrds,0
hard_only,693,NEG_KMN_AR_00536,Arizona,-111.45099545390349,35.22710494120599,negative,known_mining_area_nearby_negative,hard_mrds,0
hard_only,694,NEG_KMN_AR_00537,Arizona,-111.41311004654835,33.933791512846376,negative,known_mining_area_nearby_negative,hard_mrds,0
hard_only,695,NEG_KMN_AR_00538,Arizona,-112.26306200940178,32.188528581730026,negative,known_mining_area_nearby_negative,hard_mrds,0
hard_only,696,NEG_KMN_AR_00539,Arizona,-112.38871622735161,34.80869576130326,negative,known_mining_area_nearby_negative,hard_mrds,0
hard_only,697,NEG_KMN_AR_00540,Arizona,-109.7993358532317,34.222525375998096,negative,known_mining_area_nearby_negative,hard_mrds,0
hard_only,698,NEG_KMN_AR_00541,Arizona,-113.44760409866751,34.625694281906206,negative,known_mining_area_nearby_negative,hard_mrds,0
hard_only,699,NEG_KMN_AR_00542,Arizona,-113.22496719016277,32.88089917350779,negative,known_mining_area_nearby_negative,hard_mrds,0
hard_only,700,NEG_KMN_AR_00543,Arizona,-112.58873844823029,34.788714096308425,negative,known_mining_area_nearby_negative,hard_mrds,0
hard_only,701,NEG_KMN_AR_00544,Arizona,-113.96866388357637,33.729757712557166,negative,known_mining_area_nearby_negative,hard_mrds,0
hard_only,702,NEG_KMN_AR_00545,Arizona,-113.78082463015488,34.20366685414302,negative,known_mining_area_nearby_negative,hard_mrds,0
hard_only,703,NEG_KMN_AR_00546,Arizona,-113.62919144576591,33.8835242091208,negative,known_mining_area_nearby_negative,hard_mrds,0
hard_only,704,NEG_KMN_AR_00547,Arizona,-112.10704362073858,34.857528807425176,negative,known_mining_area_nearby_negative,hard_mrds,0
hard_only,705,NEG_KMN_AR_00548,Arizona,-114.58808732476734,33.126164747355595,negative,known_mining_area_nearby_negative,hard_mrds,0
hard_only,706,NEG_KMN_AR_00549,Arizona,-109.17117507374803,31.878014286973503,negative,known_mining_area_nearby_negative,hard_mrds,0
hard_only,707,NEG_KMN_AR_00550,Arizona,-111.74519566910556,32.03634745226818,negative,known_mining_area_nearby_negative,hard_mrds,0
hard_only,708,NEG_KMN_AR_00551,Arizona,-112.31797281261817,33.5347191258408,negative,known_mining_area_nearby_negative,hard_mrds,0
hard_only,709,NEG_KMN_AR_00552,Arizona,-110.97100128916657,31.576165738126218,negative,known_mining_area_nearby_negative,hard_mrds,0
hard_only,710,NEG_KMN_AR_00553,Arizona,-109.35258457962323,34.374630205155924,negative,known_mining_area_nearby_negative,hard_mrds,0
hard_only,711,NEG_KMN_AR_00554,Arizona,-113.52486914180236,32.93695619384767,negative,known_mining_area_nearby_negative,hard_mrds,0
hard_only,712,NEG_KMN_AR_00555,Arizona,-110.69734882083401,34.32625501270695,negative,known_mining_area_nearby_negative,hard_mrds,0
hard_only,713,NEG_KMN_AR_00556,Arizona,-110.849159910259,33.75431330756532,negative,known_mining_area_nearby_negative,hard_mrds,0
hard_only,714,NEG_KMN_AR_00557,Arizona,-112.10414801925549,33.25777268023648,negative,known_mining_area_nearby_negative,hard_mrds,0
hard_only,715,NEG_KMN_AR_00558,Arizona,-111.47229970478321,35.35299988659977,negative,known_mining_area_nearby_negative,hard_mrds,0
hard_only,716,NEG_KMN_AR_00559,Arizona,-112.04132783510119,33.83234146560048,negative,known_mining_area_nearby_negative,hard_mrds,0
hard_only,717,NEG_KMN_AR_00560,Arizona,-110.24520539647318,33.87115456828916,negative,known_mining_area_nearby_negative,hard_mrds,0
hard_only,718,NEG_KMN_AR_00561,Arizona,-109.70213258150557,32.096260679886534,negative,known_mining_area_nearby_negative,hard_mrds,0
hard_only,719,NEG_KMN_AR_00562,Arizona,-113.59156936849087,34.25439552804748,negative,known_mining_area_nearby_negative,hard_mrds,0
hard_only,720,NEG_KMN_AR_00563,Arizona,-110.20237735314743,33.34461434319784,negative,known_mining_area_nearby_negative,hard_mrds,0
hard_only,721,NEG_KMN_AR_00564,Arizona,-111.8181470397991,31.86117214120042,negative,known_mining_area_nearby_negative,hard_mrds,0
hard_only,722,NEG_KMN_AR_00565,Arizona,-112.53379460985559,34.99401155429707,negative,known_mining_area_nearby_negative,hard_mrds,0
hard_only,723,NEG_KMN_AR_00566,Arizona,-109.55395056395918,36.465622577221886,negative,known_mining_area_nearby_negative,hard_mrds,0
hard_only,724,NEG_KMN_AR_00567,Arizona,-109.75543017829585,31.881263369923442,negative,known_mining_area_nearby_negative,hard_mrds,0
hard_only,725,NEG_KMN_AR_00568,Arizona,-112.3047797223245,34.95854122121138,negative,known_mining_area_nearby_negative,hard_mrds,0
hard_only,726,NEG_KMN_AR_00569,Arizona,-113.94010719155358,33.75204932482912,negative,known_mining_area_nearby_negative,hard_mrds,0
hard_only,727,NEG_KMN_AR_00570,Arizona,-110.01519172253455,34.97923585628729,negative,known_mining_area_nearby_negative,hard_mrds,0
hard_only,728,NEG_KMN_AR_00571,Arizona,-109.9560196639128,34.0156817734876,negative,known_mining_area_nearby_negative,hard_mrds,0
hard_only,729,NEG_KMN_AR_00572,Arizona,-109.63217629107982,32.15010288980622,negative,known_mining_area_nearby_negative,hard_mrds,0
hard_only,730,NEG_KMN_AR_00573,Arizona,-112.22292455829944,33.705143237095605,negative,known_mining_area_nearby_negative,hard_mrds,0
hard_only,731,NEG_KMN_AR_00574,Arizona,-109.40576185733141,35.01407759745281,negative,known_mining_area_nearby_negative,hard_mrds,0
hard_only,732,NEG_KMN_AR_00575,Arizona,-112.14354395830935,35.14170130772576,negative,known_mining_area_nearby_negative,hard_mrds,0
hard_only,733,NEG_KMN_AR_00576,Arizona,-112.19544415621402,33.1404946914213,negative,known_mining_area_nearby_negative,hard_mrds,0
hard_only,734,NEG_KMN_AR_00577,Arizona,-114.3911830015141,35.84084108758912,negative,known_mining_area_nearby_negative,hard_mrds,0
hard_only,735,NEG_KMN_AR_00578,Arizona,-110.01597226938026,33.014952447075935,negative,known_mining_area_nearby_negative,hard_mrds,0
hard_only,736,NEG_KMN_AR_00579,Arizona,-109.25377243204514,36.577412516161615,negative,known_mining_area_nearby_negative,hard_mrds,0
hard_only,737,NEG_KMN_AR_00580,Arizona,-112.1880882868586,35.79760932702195,negative,known_mining_area_nearby_negative,hard_mrds,0
hard_only,738,NEG_KMN_WA_00001,Washington,-122.42062081261315,48.82430447399011,negative,known_mining_area_nearby_negative,hard_mrds,0
hard_only,739,NEG_KMN_WA_00002,Washington,-122.16389969364161,48.45984791277545,negative,known_mining_area_nearby_negative,hard_mrds,0
hard_only,740,NEG_KMN_WA_00003,Washington,-122.46607047088776,47.02260563012098,negative,known_mining_area_nearby_negative,hard_mrds,0
hard_only,741,NEG_KMN_WA_00004,Washington,-117.53630469413747,48.16137469288542,negative,known_mining_area_nearby_negative,hard_mrds,0
hard_only,742,NEG_KMN_WA_00005,Washington,-118.88831262566953,48.92638253628485,negative,known_mining_area_nearby_negative,hard_mrds,0
hard_only,743,NEG_KMN_WA_00006,Washington,-117.48934233728346,47.54773130627265,negative,known_mining_area_nearby_negative,hard_mrds,0
hard_only,744,NEG_KMN_WA_00007,Washington,-117.221018443133,48.99731314187928,negative,known_mining_area_nearby_negative,hard_mrds,0
hard_only,745,NEG_KMN_WA_00008,Washington,-122.47877127281077,46.207765680664295,negative,known_mining_area_nearby_negative,hard_mrds,0
hard_only,746,NEG_KMN_WA_00009,Washington,-118.87726311315998,46.79568330064798,negative,known_mining_area_nearby_negative,hard_mrds,0
hard_only,747,NEG_KMN_WA_00010,Washington,-118.27828599865438,47.11919002488175,negative,known_mining_area_nearby_negative,hard_mrds,0
hard_only,748,NEG_KMN_WA_00011,Washington,-122.46316216136029,48.946231244913,negative,known_mining_area_nearby_negative,hard_mrds,0
hard_only,749,NEG_KMN_WA_00012,Washington,-117.64629123152463,48.49724062215221,negative,known_mining_area_nearby_negative,hard_mrds,0
hard_only,750,NEG_KMN_WA_00013,Washington,-124.30997592321944,48.07469479312621,negative,known_mining_area_nearby_negative,hard_mrds,0
hard_only,751,NEG_KMN_WA_00014,Washington,-120.04850487061162,46.55826362210783,negative,known_mining_area_nearby_negative,hard_mrds,0
hard_only,752,NEG_KMN_WA_00015,Washington,-121.6440468842693,48.573512594854904,negative,known_mining_area_nearby_negative,hard_mrds,0
hard_only,753,NEG_KMN_WA_00016,Washington,-117.80605714973694,48.72866091489411,negative,known_mining_area_nearby_negative,hard_mrds,0
hard_only,754,NEG_KMN_WA_00017,Washington,-122.1027115244458,47.71514917157503,negative,known_mining_area_nearby_negative,hard_mrds,0
hard_only,755,NEG_KMN_WA_00018,Washington,-120.08079820297672,47.98274791119523,negative,known_mining_area_nearby_negative,hard_mrds,0
hard_only,756,NEG_KMN_WA_00019,Washington,-117.64422892724201,48.729597589600736,negative,known_mining_area_nearby_negative,hard_mrds,0
hard_only,757,NEG_KMN_WA_00020,Washington,-119.69171847075694,46.115891657223834,negative,known_mining_area_nearby_negative,hard_mrds,0
hard_only,758,NEG_KMN_WA_00021,Washington,-119.44664230218785,47.93032256828383,negative,known_mining_area_nearby_negative,hard_mrds,0
hard_only,759,NEG_KMN_WA_00022,Washington,-121.15626370363805,48.57133986898116,negative,known_mining_area_nearby_negative,hard_mrds,0
hard_only,760,NEG_KMN_WA_00023,Washington,-121.85428629812009,47.86865973039115,negative,known_mining_area_nearby_negative,hard_mrds,0
hard_only,761,NEG_KMN_WA_00024,Washington,-120.3872720519579,47.565556908880446,negative,known_mining_area_nearby_negative,hard_mrds,0
hard_only,762,NEG_KMN_WA_00025,Washington,-118.36474874397175,48.75192793852934,negative,known_mining_area_nearby_negative,hard_mrds,0
hard_only,763,NEG_KMN_WA_00026,Washington,-124.08430064056131,47.89519605597917,negative,known_mining_area_nearby_negative,hard_mrds,0
hard_only,764,NEG_KMN_WA_00027,Washington,-117.65674869244623,47.26933470107314,negative,known_mining_area_nearby_negative,hard_mrds,0
hard_only,765,NEG_KMN_WA_00028,Washington,-124.00482466952968,47.23095862109085,negative,known_mining_area_nearby_negative,hard_mrds,0
hard_only,766,NEG_KMN_WA_00029,Washington,-122.01275321715605,46.16625294925514,negative,known_mining_area_nearby_negative,hard_mrds,0
hard_only,767,NEG_KMN_WA_00030,Washington,-122.06402303711764,47.101320303964094,negative,known_mining_area_nearby_negative,hard_mrds,0
hard_only,768,NEG_KMN_WA_00031,Washington,-120.1549094590269,47.52356258620403,negative,known_mining_area_nearby_negative,hard_mrds,0
hard_only,769,NEG_KMN_WA_00032,Washington,-118.2193041197238,48.25484328082505,negative,known_mining_area_nearby_negative,hard_mrds,0
hard_only,770,NEG_KMN_WA_00033,Washington,-122.33609314913002,45.68050786028372,negative,known_mining_area_nearby_negative,hard_mrds,0
hard_only,771,NEG_KMN_WA_00034,Washington,-122.23130213098,47.70420360842966,negative,known_mining_area_nearby_negative,hard_mrds,0
hard_only,772,NEG_KMN_WA_00035,Washington,-120.22177290748414,47.22492746989994,negative,known_mining_area_nearby_negative,hard_mrds,0
hard_only,773,NEG_KMN_WA_00036,Washington,-123.24922092497809,46.83351588385005,negative,known_mining_area_nearby_negative,hard_mrds,0
hard_only,774,NEG_KMN_WA_00037,Washington,-117.50969253892004,47.91887883704442,negative,known_mining_area_nearby_negative,hard_mrds,0
hard_only,775,NEG_KMN_WA_00038,Washington,-117.19685784758008,48.985349539187794,negative,known_mining_area_nearby_negative,hard_mrds,0
hard_only,776,NEG_KMN_WA_00039,Washington,-122.75209545776539,47.33926777197463,negative,known_mining_area_nearby_negative,hard_mrds,0
hard_only,777,NEG_KMN_WA_00040,Washington,-122.07823699545412,47.605411573360584,negative,known_mining_area_nearby_negative,hard_mrds,0
hard_only,778,NEG_KMN_WA_00041,Washington,-118.17255336956214,48.570727665003346,negative,known_mining_area_nearby_negative,hard_mrds,0
hard_only,779,NEG_KMN_WA_00042,Washington,-118.67976070585974,46.11728509846936,negative,known_mining_area_nearby_negative,hard_mrds,0
hard_only,780,NEG_KMN_WA_00043,Washington,-117.69735416170806,48.781344389028426,negative,known_mining_area_nearby_negative,hard_mrds,0
hard_only,781,NEG_KMN_WA_00044,Washington,-121.17310833275258,48.67963145562748,negative,known_mining_area_nearby_negative,hard_mrds,0
hard_only,782,NEG_KMN_WA_00045,Washington,-117.59987723467958,47.33111002427624,negative,known_mining_area_nearby_negative,hard_mrds,0
hard_only,783,NEG_KMN_WA_00046,Washington,-120.66556508983467,47.34632301390707,negative,known_mining_area_nearby_negative,hard_mrds,0
hard_only,784,NEG_KMN_WA_00047,Washington,-117.54794336743106,48.63790920301188,negative,known_mining_area_nearby_negative,hard_mrds,0
hard_only,785,NEG_KMN_WA_00048,Washington,-117.87182178035528,48.40936892198622,negative,known_mining_area_nearby_negative,hard_mrds,0
hard_only,786,NEG_KMN_WA_00049,Washington,-119.61811639584369,48.28596350092728,negative,known_mining_area_nearby_negative,hard_mrds,0
hard_only,787,NEG_KMN_WA_00050,Washington,-119.82794665390315,48.126024701981606,negative,known_mining_area_nearby_negative,hard_mrds,0
hard_only,788,NEG_KMN_WA_00051,Washington,-123.82415728864953,48.06730200566707,negative,known_mining_area_nearby_negative,hard_mrds,0
hard_only,789,NEG_KMN_WA_00052,Washington,-120.1202852670483,47.965596504769536,negative,known_mining_area_nearby_negative,hard_mrds,0
hard_only,790,NEG_KMN_WA_00053,Washington,-117.29077878430496,47.015394511455476,negative,known_mining_area_nearby_negative,hard_mrds,0
hard_only,791,NEG_KMN_WA_00054,Washington,-118.43866236811277,48.254511356003356,negative,known_mining_area_nearby_negative,hard_mrds,0
hard_only,792,NEG_KMN_WA_00055,Washington,-120.7823198842018,47.29320436211779,negative,known_mining_area_nearby_negative,hard_mrds,0
hard_only,793,NEG_KMN_WA_00056,Washington,-122.47961179192657,48.22185587298988,negative,known_mining_area_nearby_negative,hard_mrds,0
hard_only,794,NEG_KMN_WA_00057,Washington,-121.77203367313285,47.48988250690922,negative,known_mining_area_nearby_negative,hard_mrds,0
hard_only,795,NEG_KMN_WA_00058,Washington,-118.41515688349455,47.24834422510204,negative,known_mining_area_nearby_negative,hard_mrds,0
hard_only,796,NEG_KMN_WA_00059,Washington,-122.29122519766457,45.87865647812154,negative,known_mining_area_nearby_negative,hard_mrds,0
hard_only,797,NEG_KMN_WA_00060,Washington,-124.08741990660138,47.979034819743006,negative,known_mining_area_nearby_negative,hard_mrds,0
hard_only,798,NEG_KMN_WA_00061,Washington,-124.487012848409,47.97261351939611,negative,known_mining_area_nearby_negative,hard_mrds,0
hard_only,799,NEG_KMN_WA_00062,Washington,-117.54845840449036,48.87369353419106,negative,known_mining_area_nearby_negative,hard_mrds,0
hard_only,800,NEG_KMN_WA_00063,Washington,-121.81803361204777,48.653578067380465,negative,known_mining_area_nearby_negative,hard_mrds,0
hard_only,801,NEG_KMN_WA_00064,Washington,-119.23998597234265,48.11718595033005,negative,known_mining_area_nearby_negative,hard_mrds,0
hard_only,802,NEG_KMN_WA_00065,Washington,-119.74914475588116,48.85067689228727,negative,known_mining_area_nearby_negative,hard_mrds,0
hard_only,803,NEG_KMN_WA_00066,Washington,-118.70238823974853,47.02299431299126,negative,known_mining_area_nearby_negative,hard_mrds,0
hard_only,804,NEG_KMN_WA_00067,Washington,-121.02629671959073,48.516963291521336,negative,known_mining_area_nearby_negative,hard_mrds,0
hard_only,805,NEG_KMN_WA_00068,Washington,-121.86357175426213,48.787662905722314,negative,known_mining_area_nearby_negative,hard_mrds,0
hard_only,806,NEG_KMN_WA_00069,Washington,-119.1900414108834,46.094189459444905,negative,known_mining_area_nearby_negative,hard_mrds,0
hard_only,807,NEG_KMN_WA_00070,Washington,-123.82470677711274,48.059221681062326,negative,known_mining_area_nearby_negative,hard_mrds,0
hard_only,808,NEG_KMN_WA_00071,Washington,-119.99908255407843,48.493235462687586,negative,known_mining_area_nearby_negative,hard_mrds,0
hard_only,809,NEG_KMN_WA_00072,Washington,-119.41527417246482,48.69861053979831,negative,known_mining_area_nearby_negative,hard_mrds,0
hard_only,810,NEG_KMN_WA_00073,Washington,-117.644086087147,48.89230661272402,negative,known_mining_area_nearby_negative,hard_mrds,0
hard_only,811,NEG_KMN_WA_00074,Washington,-119.55967288289446,48.91370119467279,negative,known_mining_area_nearby_negative,hard_mrds,0
hard_only,812,NEG_KMN_WA_00075,Washington,-117.28604237379176,47.43477533633834,negative,known_mining_area_nearby_negative,hard_mrds,0
hard_only,813,NEG_KMN_WA_00076,Washington,-122.4690495911317,45.85131257044043,negative,known_mining_area_nearby_negative,hard_mrds,0
hard_only,814,NEG_KMN_WA_00077,Washington,-122.64718626771469,47.1231830380577,negative,known_mining_area_nearby_negative,hard_mrds,0
hard_only,815,NEG_KMN_WA_00078,Washington,-123.15978561295674,46.496215083681825,negative,known_mining_area_nearby_negative,hard_mrds,0
hard_only,816,NEG_KMN_WA_00079,Washington,-117.6406430748084,48.20849434223372,negative,known_mining_area_nearby_negative,hard_mrds,0
hard_only,817,NEG_KMN_WA_00080,Washington,-122.6938032956881,48.83506084025679,negative,known_mining_area_nearby_negative,hard_mrds,0
hard_only,818,NEG_KMN_WA_00081,Washington,-119.30604539293972,48.99797142829461,negative,known_mining_area_nearby_negative,hard_mrds,0
hard_only,819,NEG_KMN_WA_00082,Washington,-122.66761406954316,45.809197241818396,negative,known_mining_area_nearby_negative,hard_mrds,0
hard_only,820,NEG_KMN_WA_00083,Washington,-120.78401689162632,47.30620750688369,negative,known_mining_area_nearby_negative,hard_mrds,0
hard_only,821,NEG_KMN_WA_00084,Washington,-123.01320081455708,48.69823122712473,negative,known_mining_area_nearby_negative,hard_mrds,0
hard_only,822,NEG_KMN_WA_00085,Washington,-120.40389620416232,47.76986560611626,negative,known_mining_area_nearby_negative,hard_mrds,0
hard_only,823,NEG_KMN_WA_00086,Washington,-117.84291085342232,48.66260947590966,negative,known_mining_area_nearby_negative,hard_mrds,0
hard_only,824,NEG_KMN_WA_00087,Washington,-123.90982424517762,47.42085076025996,negative,known_mining_area_nearby_negative,hard_mrds,0
hard_only,825,NEG_KMN_WA_00088,Washington,-118.0732367168481,48.652428995737935,negative,known_mining_area_nearby_negative,hard_mrds,0
hard_only,826,NEG_KMN_WA_00089,Washington,-119.53526178537987,47.68962335327108,negative,known_mining_area_nearby_negative,hard_mrds,0
hard_only,827,NEG_KMN_WA_00090,Washington,-123.7670653408947,46.976504223173166,negative,known_mining_area_nearby_negative,hard_mrds,0
hard_only,828,NEG_KMN_WA_00091,Washington,-117.79038882567068,48.96355168817376,negative,known_mining_area_nearby_negative,hard_mrds,0
hard_only,829,NEG_KMN_WA_00092,Washington,-117.06434711786778,47.515459271927796,negative,known_mining_area_nearby_negative,hard_mrds,0
hard_only,830,NEG_KMN_WA_00093,Washington,-118.89636396759545,48.45281055764637,negative,known_mining_area_nearby_negative,hard_mrds,0
hard_only,831,NEG_KMN_WA_00094,Washington,-123.21884272773275,47.2975989497731,negative,known_mining_area_nearby_negative,hard_mrds,0
hard_only,832,NEG_KMN_WA_00095,Washington,-118.15818465190108,48.356308549154505,negative,known_mining_area_nearby_negative,hard_mrds,0
hard_only,833,NEG_KMN_WA_00096,Washington,-122.76342774965332,45.83144884822332,negative,known_mining_area_nearby_negative,hard_mrds,0
hard_only,834,NEG_KMN_WA_00097,Washington,-117.35258716174377,46.84924562719071,negative,known_mining_area_nearby_negative,hard_mrds,0
hard_only,835,NEG_KMN_WA_00098,Washington,-120.5193168974389,47.824136357378265,negative,known_mining_area_nearby_negative,hard_mrds,0
hard_only,836,NEG_KMN_WA_00099,Washington,-118.10984578797388,47.491768281735204,negative,known_mining_area_nearby_negative,hard_mrds,0
hard_only,837,NEG_KMN_WA_00100,Washington,-117.23602172455429,46.29776330070888,negative,known_mining_area_nearby_negative,hard_mrds,0
hard_only,838,NEG_KMN_WA_00101,Washington,-123.88190832202554,47.9366921859929,negative,known_mining_area_nearby_negative,hard_mrds,0
hard_only,839,NEG_KMN_WA_00102,Washington,-119.8261620984976,47.26790060594732,negative,known_mining_area_nearby_negative,hard_mrds,0
hard_only,840,NEG_KMN_WA_00103,Washington,-119.85040833286155,46.12036209637409,negative,known_mining_area_nearby_negative,hard_mrds,0
hard_only,841,NEG_KMN_WA_00104,Washington,-118.46709822310231,48.18439520650266,negative,known_mining_area_nearby_negative,hard_mrds,0
hard_only,842,NEG_KMN_WA_00105,Washington,-122.72926742024782,46.48692339704298,negative,known_mining_area_nearby_negative,hard_mrds,0
hard_only,843,NEG_KMN_WA_00106,Washington,-124.53832931333602,48.077696498541286,negative,known_mining_area_nearby_negative,hard_mrds,0
hard_only,844,NEG_KMN_WA_00107,Washington,-118.09669906990172,48.33745507073126,negative,known_mining_area_nearby_negative,hard_mrds,0
hard_only,845,NEG_KMN_WA_00108,Washington,-122.7977901090573,46.0378026012476,negative,known_mining_area_nearby_negative,hard_mrds,0
hard_only,846,NEG_KMN_WA_00109,Washington,-119.2366819411028,46.15715965338066,negative,known_mining_area_nearby_negative,hard_mrds,0
hard_only,847,NEG_KMN_WA_00110,Washington,-121.60348170107972,48.436167785056895,negative,known_mining_area_nearby_negative,hard_mrds,0
hard_only,848,NEG_KMN_WA_00111,Washington,-119.7692822689553,48.10841023996709,negative,known_mining_area_nearby_negative,hard_mrds,0
hard_only,849,NEG_KMN_WA_00112,Washington,-119.58803006192068,47.10343516740917,negative,known_mining_area_nearby_negative,hard_mrds,0
hard_only,850,NEG_KMN_WA_00113,Washington,-122.86142840790114,47.30746864241136,negative,known_mining_area_nearby_negative,hard_mrds,0
hard_only,851,NEG_KMN_WA_00114,Washington,-119.1887519917625,46.143554142936146,negative,known_mining_area_nearby_negative,hard_mrds,0
hard_only,852,NEG_KMN_WA_00115,Washington,-118.93121486002315,46.12558847827828,negative,known_mining_area_nearby_negative,hard_mrds,0
hard_only,853,NEG_KMN_WA_00116,Washington,-117.05916776155442,47.76356830531789,negative,known_mining_area_nearby_negative,hard_mrds,0
hard_only,854,NEG_KMN_WA_00117,Washington,-119.16173076375958,48.007776918985286,negative,known_mining_area_nearby_negative,hard_mrds,0
hard_only,855,NEG_KMN_WA_00118,Washington,-118.32792621789986,46.33921728432336,negative,known_mining_area_nearby_negative,hard_mrds,0
hard_only,856,NEG_KMN_WA_00119,Washington,-117.49555652528113,48.734643288048176,negative,known_mining_area_nearby_negative,hard_mrds,0
hard_only,857,NEG_KMN_WA_00120,Washington,-122.07370541707121,46.61125488008633,negative,known_mining_area_nearby_negative,hard_mrds,0
hard_only,858,NEG_KMN_WA_00121,Washington,-121.57676904918605,48.65538542345875,negative,known_mining_area_nearby_negative,hard_mrds,0
hard_only,859,NEG_KMN_WA_00122,Washington,-119.63450500156785,47.336004515445495,negative,known_mining_area_nearby_negative,hard_mrds,0
hard_only,860,NEG_KMN_WA_00123,Washington,-117.07745916756477,48.34311559365881,negative,known_mining_area_nearby_negative,hard_mrds,0
hard_only,861,NEG_KMN_WA_00124,Washington,-122.27151566891803,47.58862098137728,negative,known_mining_area_nearby_negative,hard_mrds,0
hard_only,862,NEG_KMN_WA_00125,Washington,-121.95539798090931,48.63105193765528,negative,known_mining_area_nearby_negative,hard_mrds,0
hard_only,863,NEG_KMN_WA_00126,Washington,-117.64052037018297,46.63553307032316,negative,known_mining_area_nearby_negative,hard_mrds,0
hard_only,864,NEG_KMN_WA_00127,Washington,-119.68837155646406,48.36898970881239,negative,known_mining_area_nearby_negative,hard_mrds,0
hard_only,865,NEG_KMN_WA_00128,Washington,-117.85369574088463,47.476331640894585,negative,known_mining_area_nearby_negative,hard_mrds,0
hard_only,866,NEG_KMN_WA_00129,Washington,-118.83247925484056,47.06989921044881,negative,known_mining_area_nearby_negative,hard_mrds,0
hard_only,867,NEG_KMN_WA_00130,Washington,-122.72704627882399,45.951089344919126,negative,known_mining_area_nearby_negative,hard_mrds,0
hard_only,868,NEG_KMN_WA_00131,Washington,-117.23562249652252,48.70565985664369,negative,known_mining_area_nearby_negative,hard_mrds,0
hard_only,869,NEG_KMN_WA_00132,Washington,-120.01950962792108,46.815548384310915,negative,known_mining_area_nearby_negative,hard_mrds,0
hard_only,870,NEG_KMN_WA_00133,Washington,-118.75941894547287,47.30845654979747,negative,known_mining_area_nearby_negative,hard_mrds,0
hard_only,871,NEG_KMN_WA_00134,Washington,-118.18283251148813,48.79466212015738,negative,known_mining_area_nearby_negative,hard_mrds,0
hard_only,872,NEG_KMN_WA_00135,Washington,-122.46855886272778,47.21718459178705,negative,known_mining_area_nearby_negative,hard_mrds,0
hard_only,873,NEG_KMN_WA_00136,Washington,-117.14305969356695,47.809209098885525,negative,known_mining_area_nearby_negative,hard_mrds,0
hard_only,874,NEG_KMN_WA_00137,Washington,-118.26254748000855,48.315066679350636,negative,known_mining_area_nearby_negative,hard_mrds,0
hard_only,875,NEG_KMN_WA_00138,Washington,-118.5628951227277,48.17149860909981,negative,known_mining_area_nearby_negative,hard_mrds,0
hard_only,876,NEG_KMN_WA_00139,Washington,-119.26090089472405,47.01871887392399,negative,known_mining_area_nearby_negative,hard_mrds,0
hard_only,877,NEG_KMN_WA_00140,Washington,-118.15159234221363,47.89466963711522,negative,known_mining_area_nearby_negative,hard_mrds,0
hard_only,878,NEG_KMN_WA_00141,Washington,-118.12468426065931,48.211900490967,negative,known_mining_area_nearby_negative,hard_mrds,0
hard_only,879,NEG_KMN_WA_00142,Washington,-119.47917163353259,45.95143054367256,negative,known_mining_area_nearby_negative,hard_mrds,0
hard_only,880,NEG_KMN_WA_00143,Washington,-119.76474435772082,46.34319816141227,negative,known_mining_area_nearby_negative,hard_mrds,0
hard_only,881,NEG_KMN_WA_00144,Washington,-121.70223753813758,48.68022135570656,negative,known_mining_area_nearby_negative,hard_mrds,0
hard_only,882,NEG_KMN_WA_00145,Washington,-119.62937789827964,47.04330275775374,negative,known_mining_area_nearby_negative,hard_mrds,0
hard_only,883,NEG_KMN_WA_00146,Washington,-121.79172811651836,48.755983829882865,negative,known_mining_area_nearby_negative,hard_mrds,0
hard_only,884,NEG_KMN_WA_00147,Washington,-117.44711089103765,48.99224746973857,negative,known_mining_area_nearby_negative,hard_mrds,0
hard_only,885,NEG_KMN_WA_00148,Washington,-121.74736012279664,48.66824827285316,negative,known_mining_area_nearby_negative,hard_mrds,0
hard_only,886,NEG_KMN_WA_00149,Washington,-119.93741622531883,48.25496458749179,negative,known_mining_area_nearby_negative,hard_mrds,0
hard_only,887,NEG_KMN_WA_00150,Washington,-120.08435311981856,48.407176505517725,negative,known_mining_area_nearby_negative,hard_mrds,0
hard_only,888,NEG_KMN_WA_00151,Washington,-117.82037001210875,47.612679961548295,negative,known_mining_area_nearby_negative,hard_mrds,0
hard_only,889,NEG_KMN_WA_00152,Washington,-117.10584165559146,47.786218134516325,negative,known_mining_area_nearby_negative,hard_mrds,0
hard_only,890,NEG_KMN_WA_00153,Washington,-118.72978119299944,48.40032611404693,negative,known_mining_area_nearby_negative,hard_mrds,0
hard_only,891,NEG_KMN_WA_00154,Washington,-120.25160097674774,47.42473888060769,negative,known_mining_area_nearby_negative,hard_mrds,0
hard_only,892,NEG_KMN_WA_00155,Washington,-123.0481811000825,48.53700150038394,negative,known_mining_area_nearby_negative,hard_mrds,0
hard_only,893,NEG_KMN_WA_00156,Washington,-122.61771637435743,48.19105034859698,negative,known_mining_area_nearby_negative,hard_mrds,0
hard_only,894,NEG_KMN_WA_00157,Washington,-121.78517860424131,47.42916921637252,negative,known_mining_area_nearby_negative,hard_mrds,0
hard_only,895,NEG_KMN_WA_00158,Washington,-118.55476428952466,47.09717342191031,negative,known_mining_area_nearby_negative,hard_mrds,0
hard_only,896,NEG_KMN_WA_00159,Washington,-122.3335251802979,48.64131091051859,negative,known_mining_area_nearby_negative,hard_mrds,0
hard_only,897,NEG_KMN_WA_00160,Washington,-118.84289229433358,48.64588815250138,negative,known_mining_area_nearby_negative,hard_mrds,0
hard_only,898,NEG_KMN_WA_00161,Washington,-124.3126975147569,47.952527855588286,negative,known_mining_area_nearby_negative,hard_mrds,0
hard_only,899,NEG_KMN_WA_00162,Washington,-118.74628818211261,47.16901758512137,negative,known_mining_area_nearby_negative,hard_mrds,0
hard_only,900,NEG_KMN_WA_00163,Washington,-120.92845914087087,48.69488020549481,negative,known_mining_area_nearby_negative,hard_mrds,0
hard_only,901,NEG_KMN_WA_00164,Washington,-123.61007160080226,46.53349387640894,negative,known_mining_area_nearby_negative,hard_mrds,0
hard_only,902,NEG_KMN_WA_00165,Washington,-121.41776331861007,45.990986043138285,negative,known_mining_area_nearby_negative,hard_mrds,0
hard_only,903,NEG_KMN_WA_00166,Washington,-119.07300243253576,46.0654861435169,negative,known_mining_area_nearby_negative,hard_mrds,0
hard_only,904,NEG_KMN_WA_00167,Washington,-122.34185332443639,46.08220802672253,negative,known_mining_area_nearby_negative,hard_mrds,0
hard_only,905,NEG_KMN_WA_00168,Washington,-117.15699388128945,46.79382178926365,negative,known_mining_area_nearby_negative,hard_mrds,0
hard_only,906,NEG_KMN_WA_00169,Washington,-117.75575795426244,48.1413917809728,negative,known_mining_area_nearby_negative,hard_mrds,0
hard_only,907,NEG_KMN_WA_00170,Washington,-120.08883654258784,47.21136992191748,negative,known_mining_area_nearby_negative,hard_mrds,0
hard_only,908,NEG_KMN_WA_00171,Washington,-122.40661771476903,46.72632788755931,negative,known_mining_area_nearby_negative,hard_mrds,0
hard_only,909,NEG_KMN_WA_00172,Washington,-119.95934823306709,47.365872073499595,negative,known_mining_area_nearby_negative,hard_mrds,0
hard_only,910,NEG_KMN_WA_00173,Washington,-117.38578026629648,48.67247403187105,negative,known_mining_area_nearby_negative,hard_mrds,0
hard_only,911,NEG_KMN_WA_00174,Washington,-122.7237083434577,47.85118848394809,negative,known_mining_area_nearby_negative,hard_mrds,0
hard_only,912,NEG_KMN_WA_00175,Washington,-121.97784324887175,48.5302377057853,negative,known_mining_area_nearby_negative,hard_mrds,0
hard_only,913,NEG_KMN_WA_00176,Washington,-123.06675141744313,47.562318517617626,negative,known_mining_area_nearby_negative,hard_mrds,0
hard_only,914,NEG_KMN_WA_00177,Washington,-117.49805943619128,47.536638673638244,negative,known_mining_area_nearby_negative,hard_mrds,0
hard_only,915,NEG_KMN_WA_00178,Washington,-117.58274215215431,48.120376263305026,negative,known_mining_area_nearby_negative,hard_mrds,0
hard_only,916,NEG_KMN_WA_00179,Washington,-118.29297829550114,48.075710588970246,negative,known_mining_area_nearby_negative,hard_mrds,0
hard_only,917,NEG_KMN_WA_00180,Washington,-119.99995843478752,47.95928158457053,negative,known_mining_area_nearby_negative,hard_mrds,0
hard_only,918,NEG_KMN_WA_00181,Washington,-119.55468967321895,47.07510611163868,negative,known_mining_area_nearby_negative,hard_mrds,0
hard_only,919,NEG_KMN_WA_00182,Washington,-123.7468689152297,46.524472138364196,negative,known_mining_area_nearby_negative,hard_mrds,0
hard_only,920,NEG_KMN_WA_00183,Washington,-118.88280207894002,48.57446784105707,negative,known_mining_area_nearby_negative,hard_mrds,0
hard_only,921,NEG_KMN_WA_00184,Washington,-123.6044172873286,48.0137437325079,negative,known_mining_area_nearby_negative,hard_mrds,0
hard_only,922,NEG_KMN_WA_00185,Washington,-118.17653935742521,48.12992319958671,negative,known_mining_area_nearby_negative,hard_mrds,0
hard_only,923,NEG_KMN_WA_00186,Washington,-119.43161489696041,47.7387730526901,negative,known_mining_area_nearby_negative,hard_mrds,0
hard_only,924,NEG_KMN_WA_00187,Washington,-118.73875446974739,48.62540470485844,negative,known_mining_area_nearby_negative,hard_mrds,0
hard_only,925,NEG_KMN_WA_00188,Washington,-122.44925614957447,46.80324402504101,negative,known_mining_area_nearby_negative,hard_mrds,0
hard_only,926,NEG_KMN_WA_00189,Washington,-120.46444623708112,47.720509383412065,negative,known_mining_area_nearby_negative,hard_mrds,0
hard_only,927,NEG_KMN_WA_00190,Washington,-121.03198007204185,46.860369139193814,negative,known_mining_area_nearby_negative,hard_mrds,0
hard_only,928,NEG_KMN_WA_00191,Washington,-121.88250887986567,46.58817929943509,negative,known_mining_area_nearby_negative,hard_mrds,0
hard_only,929,NEG_KMN_WA_00192,Washington,-118.56252803315022,47.78828932411994,negative,known_mining_area_nearby_negative,hard_mrds,0
hard_only,930,NEG_KMN_WA_00193,Washington,-124.13038460331074,47.38973939605563,negative,known_mining_area_nearby_negative,hard_mrds,0
hard_only,931,NEG_KMN_WA_00194,Washington,-117.98252638521228,47.87114293192285,negative,known_mining_area_nearby_negative,hard_mrds,0
hard_only,932,NEG_KMN_WA_00195,Washington,-118.05759378762787,46.224800968330726,negative,known_mining_area_nearby_negative,hard_mrds,0
hard_only,933,NEG_KMN_WA_00196,Washington,-117.8925940454809,47.46506432300511,negative,known_mining_area_nearby_negative,hard_mrds,0
hard_only,934,NEG_KMN_WA_00197,Washington,-122.30481274189219,48.304654317382,negative,known_mining_area_nearby_negative,hard_mrds,0
hard_only,935,NEG_KMN_WA_00198,Washington,-117.67964505361994,48.75519274256529,negative,known_mining_area_nearby_negative,hard_mrds,0
hard_only,936,NEG_KMN_WA_00199,Washington,-122.06079389304182,48.0980182759819,negative,known_mining_area_nearby_negative,hard_mrds,0
hard_only,937,NEG_KMN_WA_00200,Washington,-122.22743394067663,48.43418614476299,negative,known_mining_area_nearby_negative,hard_mrds,0
hard_only,938,NEG_KMN_WA_00201,Washington,-119.89339745835889,48.24415259299836,negative,known_mining_area_nearby_negative,hard_mrds,0
hard_only,939,NEG_KMN_WA_00202,Washington,-122.00109819408641,48.1901824399816,negative,known_mining_area_nearby_negative,hard_mrds,0
hard_only,940,NEG_KMN_WA_00203,Washington,-117.65646610082763,48.717749348199554,negative,known_mining_area_nearby_negative,hard_mrds,0
hard_only,941,NEG_KMN_WA_00204,Washington,-118.44403927698158,48.181500539210795,negative,known_mining_area_nearby_negative,hard_mrds,0
hard_only,942,NEG_KMN_WA_00205,Washington,-119.79265954552153,46.35549950227599,negative,known_mining_area_nearby_negative,hard_mrds,0
hard_only,943,NEG_KMN_WA_00206,Washington,-119.67109604319575,48.285309901321604,negative,known_mining_area_nearby_negative,hard_mrds,0
hard_only,944,NEG_KMN_WA_00207,Washington,-118.70993508394827,48.04775951219949,negative,known_mining_area_nearby_negative,hard_mrds,0
hard_only,945,NEG_KMN_WA_00208,Washington,-117.38796574220942,48.78527170047789,negative,known_mining_area_nearby_negative,hard_mrds,0
hard_only,946,NEG_KMN_WA_00209,Washington,-124.09383124288729,47.369230045062025,negative,known_mining_area_nearby_negative,hard_mrds,0
hard_only,947,NEG_KMN_WA_00210,Washington,-121.37162883138916,48.690123777731316,negative,known_mining_area_nearby_negative,hard_mrds,0
hard_only,948,NEG_KMN_WA_00211,Washington,-123.86072546676417,46.53017344849776,negative,known_mining_area_nearby_negative,hard_mrds,0
hard_only,949,NEG_KMN_WA_00212,Washington,-123.34479065976961,46.33952504399016,negative,known_mining_area_nearby_negative,hard_mrds,0
hard_only,950,NEG_KMN_WA_00213,Washington,-117.97949675961422,46.92449255841451,negative,known_mining_area_nearby_negative,hard_mrds,0
hard_only,951,NEG_KMN_WA_00214,Washington,-124.02678399952026,47.055397423447886,negative,known_mining_area_nearby_negative,hard_mrds,0
hard_only,952,NEG_KMN_WA_00215,Washington,-121.71725841544082,48.377875312135494,negative,known_mining_area_nearby_negative,hard_mrds,0
hard_only,953,NEG_KMN_WA_00216,Washington,-119.4094852745144,48.40963774528789,negative,known_mining_area_nearby_negative,hard_mrds,0
hard_only,954,NEG_KMN_WA_00217,Washington,-123.23010705799368,46.627694938972304,negative,known_mining_area_nearby_negative,hard_mrds,0
hard_only,955,NEG_KMN_WA_00218,Washington,-120.92951617763254,45.725914016604584,negative,known_mining_area_nearby_negative,hard_mrds,0
hard_only,956,NEG_KMN_WA_00219,Washington,-117.924199398756,48.583075558175885,negative,known_mining_area_nearby_negative,hard_mrds,0
hard_only,957,NEG_KMN_WA_00220,Washington,-123.44734435832692,47.94905835938673,negative,known_mining_area_nearby_negative,hard_mrds,0
hard_only,958,NEG_KMN_WA_00221,Washington,-118.02310453015207,47.635021683127555,negative,known_mining_area_nearby_negative,hard_mrds,0
hard_only,959,NEG_KMN_WA_00222,Washington,-123.78523889210555,46.96779618998897,negative,known_mining_area_nearby_negative,hard_mrds,0
hard_only,960,NEG_KMN_WA_00223,Washington,-118.62558899933703,47.5211803613723,negative,known_mining_area_nearby_negative,hard_mrds,0
hard_only,961,NEG_KMN_WA_00224,Washington,-118.30318296131946,46.44022203272547,negative,known_mining_area_nearby_negative,hard_mrds,0
hard_only,962,NEG_KMN_WA_00225,Washington,-119.22807731687465,47.262578847215735,negative,known_mining_area_nearby_negative,hard_mrds,0
hard_only,963,NEG_KMN_WA_00226,Washington,-120.48825518965054,47.45468427676237,negative,known_mining_area_nearby_negative,hard_mrds,0
hard_only,964,NEG_KMN_WA_00227,Washington,-118.18913334362696,48.54472577662188,negative,known_mining_area_nearby_negative,hard_mrds,0
hard_only,965,NEG_KMN_WA_00228,Washington,-121.59277418123014,47.16701525783714,negative,known_mining_area_nearby_negative,hard_mrds,0
hard_only,966,NEG_KMN_WA_00229,Washington,-118.02236871958468,46.46044520149523,negative,known_mining_area_nearby_negative,hard_mrds,0
hard_only,967,NEG_KMN_WA_00230,Washington,-124.1409735042127,48.12177492097801,negative,known_mining_area_nearby_negative,hard_mrds,0
hard_only,968,NEG_KMN_WA_00231,Washington,-121.9200264825526,48.10291033908183,negative,known_mining_area_nearby_negative,hard_mrds,0
hard_only,969,NEG_KMN_WA_00232,Washington,-119.42544701071284,46.75708257247659,negative,known_mining_area_nearby_negative,hard_mrds,0
hard_only,970,NEG_KMN_WA_00233,Washington,-117.05496019944235,47.91219991777893,negative,known_mining_area_nearby_negative,hard_mrds,0
hard_only,971,NEG_KMN_WA_00234,Washington,-119.46444573943978,48.3865453904038,negative,known_mining_area_nearby_negative,hard_mrds,0
hard_only,972,NEG_KMN_WA_00235,Washington,-118.18545140639196,48.17597463667488,negative,known_mining_area_nearby_negative,hard_mrds,0
hard_only,973,NEG_KMN_WA_00236,Washington,-117.90205925930587,48.548130026253865,negative,known_mining_area_nearby_negative,hard_mrds,0
hard_only,974,NEG_KMN_WA_00237,Washington,-117.93417191556023,48.69469815688409,negative,known_mining_area_nearby_negative,hard_mrds,0
hard_only,975,NEG_KMN_WA_00238,Washington,-118.15855407876927,47.971353391103264,negative,known_mining_area_nearby_negative,hard_mrds,0
hard_only,976,NEG_KMN_WA_00239,Washington,-120.00270438847463,48.01235349881897,negative,known_mining_area_nearby_negative,hard_mrds,0
hard_only,977,NEG_KMN_WA_00240,Washington,-122.18441540741946,47.71939166678764,negative,known_mining_area_nearby_negative,hard_mrds,0
hard_only,978,NEG_KMN_WA_00241,Washington,-123.0722877273663,47.02669285418544,negative,known_mining_area_nearby_negative,hard_mrds,0
hard_only,979,NEG_KMN_WA_00242,Washington,-122.11440703681933,45.62455141573347,negative,known_mining_area_nearby_negative,hard_mrds,0
hard_only,980,NEG_KMN_WA_00243,Washington,-122.51683856078085,47.14490255241585,negative,known_mining_area_nearby_negative,hard_mrds,0
hard_only,981,NEG_KMN_WA_00244,Washington,-120.33405518091206,46.557333985462066,negative,known_mining_area_nearby_negative,hard_mrds,0
hard_only,982,NEG_KMN_WA_00245,Washington,-123.60171840410129,47.46399588773141,negative,known_mining_area_nearby_negative,hard_mrds,0
hard_only,983,NEG_KMN_WA_00246,Washington,-123.6110759010727,47.44012973794148,negative,known_mining_area_nearby_negative,hard_mrds,0
hard_only,984,NEG_KMN_WA_00247,Washington,-118.80003542815865,47.40555352336035,negative,known_mining_area_nearby_negative,hard_mrds,0
hard_only,985,NEG_KMN_WA_00248,Washington,-120.72873324581599,47.740774426555234,negative,known_mining_area_nearby_negative,hard_mrds,0
hard_only,986,NEG_KMN_WA_00249,Washington,-119.14328193725544,46.49209921417547,negative,known_mining_area_nearby_negative,hard_mrds,0
hard_only,987,NEG_KMN_WA_00250,Washington,-117.40518140417208,47.54240133937742,negative,known_mining_area_nearby_negative,hard_mrds,0
hard_only,988,NEG_KMN_WA_00251,Washington,-117.22738506661665,46.67248477500462,negative,known_mining_area_nearby_negative,hard_mrds,0
hard_only,989,NEG_KMN_WA_00252,Washington,-122.2548977551046,48.72784136631075,negative,known_mining_area_nearby_negative,hard_mrds,0
hard_only,990,NEG_KMN_WA_00253,Washington,-118.07465083276514,47.77791634534919,negative,known_mining_area_nearby_negative,hard_mrds,0
hard_only,991,NEG_KMN_WA_00254,Washington,-124.18378604880019,47.63053953608541,negative,known_mining_area_nearby_negative,hard_mrds,0
hard_only,992,NEG_KMN_WA_00255,Washington,-117.93614210731482,48.4284412843983,negative,known_mining_area_nearby_negative,hard_mrds,0
hard_only,993,NEG_KMN_WA_00256,Washington,-117.9664388953612,48.13403001295422,negative,known_mining_area_nearby_negative,hard_mrds,0
hard_only,994,NEG_KMN_WA_00257,Washington,-123.74115339728417,47.04001164651706,negative,known_mining_area_nearby_negative,hard_mrds,0
hard_only,995,NEG_KMN_WA_00258,Washington,-118.17934879873195,47.983523818341546,negative,known_mining_area_nearby_negative,hard_mrds,0
hard_only,996,NEG_KMN_WA_00259,Washington,-117.54073323880027,48.86491809699292,negative,known_mining_area_nearby_negative,hard_mrds,0
hard_only,997,NEG_KMN_WA_00260,Washington,-117.30715711990132,47.6656218678933,negative,known_mining_area_nearby_negative,hard_mrds,0
hard_only,998,NEG_KMN_WA_00261,Washington,-118.28100858602687,48.082329804625324,negative,known_mining_area_nearby_negative,hard_mrds,0
hard_only,999,NEG_KMN_WA_00262,Washington,-117.1390378377705,46.072753071128055,negative,known_mining_area_nearby_negative,hard_mrds,0
hard_only,1000,NEG_KMN_WA_00263,Washington,-122.2722439679643,48.83069247797674,negative,known_mining_area_nearby_negative,hard_mrds,0
hard_only,1001,NEG_KMN_WA_00264,Washington,-122.58450824508384,46.34419678291361,negative,known_mining_area_nearby_negative,hard_mrds,0
hard_only,1002,NEG_KMN_WA_00265,Washington,-117.51510622017014,47.668105222826306,negative,known_mining_area_nearby_negative,hard_mrds,0
hard_only,1003,NEG_KMN_WA_00266,Washington,-123.91510845761803,46.843902793260554,negative,known_mining_area_nearby_negative,hard_mrds,0
hard_only,1004,NEG_KMN_WA_00267,Washington,-121.73693528505135,47.20724994250604,negative,known_mining_area_nearby_negative,hard_mrds,0
hard_only,1005,NEG_KMN_WA_00268,Washington,-123.65346915443268,47.99685660235182,negative,known_mining_area_nearby_negative,hard_mrds,0
hard_only,1006,NEG_KMN_WA_00269,Washington,-123.19011229754244,46.87268492360439,negative,known_mining_area_nearby_negative,hard_mrds,0
hard_only,1007,NEG_KMN_WA_00270,Washington,-119.64162388353594,48.02241741512909,negative,known_mining_area_nearby_negative,hard_mrds,0
hard_only,1008,NEG_KMN_WA_00271,Washington,-122.2820088842953,47.35049172509561,negative,known_mining_area_nearby_negative,hard_mrds,0
hard_only,1009,NEG_KMN_WA_00272,Washington,-117.35631509829341,48.90671435307228,negative,known_mining_area_nearby_negative,hard_mrds,0
hard_only,1010,NEG_KMN_WA_00273,Washington,-119.11771946371624,46.82899635860344,negative,known_mining_area_nearby_negative,hard_mrds,0
hard_only,1011,NEG_KMN_WA_00274,Washington,-122.36240951632021,46.10584103487095,negative,known_mining_area_nearby_negative,hard_mrds,0
hard_only,1012,NEG_KMN_WA_00275,Washington,-119.64184620285732,48.10945616839226,negative,known_mining_area_nearby_negative,hard_mrds,0
hard_only,1013,NEG_KMN_WA_00276,Washington,-117.11763769677896,47.42442339210031,negative,known_mining_area_nearby_negative,hard_mrds,0
hard_only,1014,NEG_KMN_WA_00277,Washington,-117.35928447764462,47.6842671562898,negative,known_mining_area_nearby_negative,hard_mrds,0
hard_only,1015,NEG_KMN_WA_00278,Washington,-123.15769429469401,46.25884744925032,negative,known_mining_area_nearby_negative,hard_mrds,0
hard_only,1016,NEG_KMN_WA_00279,Washington,-117.77704150712054,48.38562204369872,negative,known_mining_area_nearby_negative,hard_mrds,0
hard_only,1017,NEG_KMN_WA_00280,Washington,-122.58600254978484,48.38157253266083,negative,known_mining_area_nearby_negative,hard_mrds,0
hard_only,1018,NEG_KMN_WA_00281,Washington,-119.61400504557344,47.38018651356581,negative,known_mining_area_nearby_negative,hard_mrds,0
hard_only,1019,NEG_KMN_WA_00282,Washington,-123.91476354052384,46.89571204801259,negative,known_mining_area_nearby_negative,hard_mrds,0
hard_only,1020,NEG_KMN_WA_00283,Washington,-117.50563977434035,47.47381891887577,negative,known_mining_area_nearby_negative,hard_mrds,0
hard_only,1021,NEG_KMN_WA_00284,Washington,-119.5267791159618,48.84534630901036,negative,known_mining_area_nearby_negative,hard_mrds,0
hard_only,1022,NEG_KMN_WA_00285,Washington,-122.16037402663642,47.645517283280725,negative,known_mining_area_nearby_negative,hard_mrds,0
hard_only,1023,NEG_KMN_WA_00286,Washington,-122.25665474380327,48.57599397495348,negative,known_mining_area_nearby_negative,hard_mrds,0
hard_only,1024,NEG_KMN_WA_00287,Washington,-117.95765496935076,47.07731494297751,negative,known_mining_area_nearby_negative,hard_mrds,0
hard_only,1025,NEG_KMN_WA_00288,Washington,-122.890317749112,46.55533442703908,negative,known_mining_area_nearby_negative,hard_mrds,0
hard_only,1026,NEG_KMN_WA_00289,Washington,-117.51434080579503,48.89511238836555,negative,known_mining_area_nearby_negative,hard_mrds,0
hard_only,1027,NEG_KMN_WA_00290,Washington,-118.47484943792807,48.58032757518481,negative,known_mining_area_nearby_negative,hard_mrds,0
hard_only,1028,NEG_KMN_WA_00291,Washington,-122.37532162468233,47.701637829718265,negative,known_mining_area_nearby_negative,hard_mrds,0
hard_only,1029,NEG_KMN_WA_00292,Washington,-123.00852322587161,47.10955920601964,negative,known_mining_area_nearby_negative,hard_mrds,0
hard_only,1030,NEG_KMN_WA_00293,Washington,-122.00489461096129,47.930953352585,negative,known_mining_area_nearby_negative,hard_mrds,0
hard_only,1031,NEG_KMN_WA_00294,Washington,-122.23303928360804,47.382632837276425,negative,known_mining_area_nearby_negative,hard_mrds,0
hard_only,1032,NEG_KMN_WA_00295,Washington,-117.18408620577463,48.15017713390033,negative,known_mining_area_nearby_negative,hard_mrds,0
hard_only,1033,NEG_KMN_WA_00296,Washington,-117.47098562708567,47.6452338699431,negative,known_mining_area_nearby_negative,hard_mrds,0
hard_only,1034,NEG_KMN_WA_00297,Washington,-117.77415313644838,48.24424847723158,negative,known_mining_area_nearby_negative,hard_mrds,0
hard_only,1035,NEG_KMN_WA_00298,Washington,-119.3778510052029,46.17254669039032,negative,known_mining_area_nearby_negative,hard_mrds,0
hard_only,1036,NEG_KMN_WA_00299,Washington,-119.20795754524215,46.490926108543704,negative,known_mining_area_nearby_negative,hard_mrds,0
hard_only,1037,NEG_KMN_WA_00300,Washington,-122.33489754383265,48.13072801105228,negative,known_mining_area_nearby_negative,hard_mrds,0
hard_only,1038,NEG_KMN_WA_00301,Washington,-120.12334463631464,46.34024933527372,negative,known_mining_area_nearby_negative,hard_mrds,0
hard_only,1039,NEG_KMN_WA_00302,Washington,-118.30872602976899,48.13980766038373,negative,known_mining_area_nearby_negative,hard_mrds,0
hard_only,1040,NEG_KMN_WA_00303,Washington,-118.16475195764906,47.1251670393417,negative,known_mining_area_nearby_negative,hard_mrds,0
hard_only,1041,NEG_KMN_WA_00304,Washington,-117.3052549603945,48.14957545741382,negative,known_mining_area_nearby_negative,hard_mrds,0
hard_only,1042,NEG_KMN_WA_00305,Washington,-123.19200256167835,47.685827551431736,negative,known_mining_area_nearby_negative,hard_mrds,0
hard_only,1043,NEG_KMN_WA_00306,Washington,-121.86830339811945,48.670303523936425,negative,known_mining_area_nearby_negative,hard_mrds,0
hard_only,1044,NEG_KMN_WA_00307,Washington,-122.74145130046026,47.23048641068194,negative,known_mining_area_nearby_negative,hard_mrds,0
hard_only,1045,NEG_KMN_WA_00308,Washington,-117.3985729587634,47.07380636519835,negative,known_mining_area_nearby_negative,hard_mrds,0
hard_only,1046,NEG_KMN_WA_00309,Washington,-117.91359386580189,48.468626582558166,negative,known_mining_area_nearby_negative,hard_mrds,0
hard_only,1047,NEG_KMN_WA_00310,Washington,-117.19097619946922,47.845831661902956,negative,known_mining_area_nearby_negative,hard_mrds,0
hard_only,1048,NEG_KMN_WA_00311,Washington,-122.20703319489638,47.50454716831145,negative,known_mining_area_nearby_negative,hard_mrds,0
hard_only,1049,NEG_KMN_WA_00312,Washington,-121.99411478783009,48.043857289321146,negative,known_mining_area_nearby_negative,hard_mrds,0
hard_only,1050,NEG_KMN_WA_00313,Washington,-118.26910989813496,48.200446727266666,negative,known_mining_area_nearby_negative,hard_mrds,0
hard_only,1051,NEG_KMN_WA_00314,Washington,-121.8672688063096,48.35391931907774,negative,known_mining_area_nearby_negative,hard_mrds,0
hard_only,1052,NEG_KMN_WA_00315,Washington,-118.68520433643494,48.47236402471562,negative,known_mining_area_nearby_negative,hard_mrds,0
hard_only,1053,NEG_KMN_WA_00316,Washington,-120.94064811822852,46.461993067990846,negative,known_mining_area_nearby_negative,hard_mrds,0
hard_only,1054,NEG_KMN_WA_00317,Washington,-117.48563489825187,47.94222443475125,negative,known_mining_area_nearby_negative,hard_mrds,0
hard_only,1055,NEG_KMN_WA_00318,Washington,-122.1925663077667,48.27520267053105,negative,known_mining_area_nearby_negative,hard_mrds,0
hard_only,1056,NEG_KMN_WA_00319,Washington,-123.14243332197952,48.57405606426182,negative,known_mining_area_nearby_negative,hard_mrds,0
hard_only,1057,NEG_KMN_WA_00320,Washington,-123.37086404806917,47.97440662683492,negative,known_mining_area_nearby_negative,hard_mrds,0
hard_only,1058,NEG_KMN_WA_00321,Washington,-122.3028970958926,47.039506368327515,negative,known_mining_area_nearby_negative,hard_mrds,0
hard_only,1059,NEG_KMN_WA_00322,Washington,-120.01309507582528,47.15043558700776,negative,known_mining_area_nearby_negative,hard_mrds,0
hard_only,1060,NEG_KMN_WA_00323,Washington,-120.01224910958649,47.148579678610574,negative,known_mining_area_nearby_negative,hard_mrds,0
hard_only,1061,NEG_KMN_WA_00324,Washington,-123.87012193658188,48.05403010265343,negative,known_mining_area_nearby_negative,hard_mrds,0
hard_only,1062,NEG_KMN_WA_00325,Washington,-117.42095042059873,48.60188137358565,negative,known_mining_area_nearby_negative,hard_mrds,0
hard_only,1063,NEG_KMN_WA_00326,Washington,-122.39449643702176,48.69222805205296,negative,known_mining_area_nearby_negative,hard_mrds,0
hard_only,1064,NEG_KMN_WA_00327,Washington,-117.48264552167552,48.99357506828712,negative,known_mining_area_nearby_negative,hard_mrds,0
hard_only,1065,NEG_KMN_WA_00328,Washington,-120.19899974981098,46.66119647319055,negative,known_mining_area_nearby_negative,hard_mrds,0
hard_only,1066,NEG_KMN_WA_00329,Washington,-122.74002590748256,46.43901028851158,negative,known_mining_area_nearby_negative,hard_mrds,0
hard_only,1067,NEG_KMN_WA_00330,Washington,-124.13281682469119,47.14457307117119,negative,known_mining_area_nearby_negative,hard_mrds,0
hard_only,1068,NEG_KMN_WA_00331,Washington,-122.29029439264417,46.715641063960916,negative,known_mining_area_nearby_negative,hard_mrds,0
hard_only,1069,NEG_KMN_WA_00332,Washington,-123.45817634564003,48.05530233245149,negative,known_mining_area_nearby_negative,hard_mrds,0
hard_only,1070,NEG_KMN_WA_00333,Washington,-122.52311026685243,46.49317384112963,negative,known_mining_area_nearby_negative,hard_mrds,0
hard_only,1071,NEG_KMN_WA_00334,Washington,-118.40034501349857,48.538168997063714,negative,known_mining_area_nearby_negative,hard_mrds,0
hard_only,1072,NEG_KMN_WA_00335,Washington,-118.92791330845404,46.3511824729663,negative,known_mining_area_nearby_negative,hard_mrds,0
hard_only,1073,NEG_KMN_WA_00336,Washington,-117.96106087323784,47.94476954656278,negative,known_mining_area_nearby_negative,hard_mrds,0
hard_only,1074,NEG_KMN_WA_00337,Washington,-117.43564767398567,48.947501402514575,negative,known_mining_area_nearby_negative,hard_mrds,0
hard_only,1075,NEG_KMN_WA_00338,Washington,-122.01353210267541,48.9199098319166,negative,known_mining_area_nearby_negative,hard_mrds,0
hard_only,1076,NEG_KMN_WA_00339,Washington,-118.26841970135763,48.291226176774344,negative,known_mining_area_nearby_negative,hard_mrds,0
hard_only,1077,NEG_KMN_WA_00340,Washington,-122.88851051419164,47.28862792122704,negative,known_mining_area_nearby_negative,hard_mrds,0
hard_only,1078,NEG_KMN_WA_00341,Washington,-118.88362414290219,48.32209899768998,negative,known_mining_area_nearby_negative,hard_mrds,0
hard_only,1079,NEG_KMN_WA_00342,Washington,-118.08265554492493,47.204808666077845,negative,known_mining_area_nearby_negative,hard_mrds,0
hard_only,1080,NEG_KMN_WA_00343,Washington,-118.03418562526849,47.87909183070112,negative,known_mining_area_nearby_negative,hard_mrds,0
hard_only,1081,NEG_KMN_WA_00344,Washington,-117.59458571247325,48.14840672744775,negative,known_mining_area_nearby_negative,hard_mrds,0
hard_only,1082,NEG_KMN_WA_00345,Washington,-117.3169409594214,46.728073793658616,negative,known_mining_area_nearby_negative,hard_mrds,0
hard_only,1083,NEG_KMN_WA_00346,Washington,-122.57230086898824,47.55399349979064,negative,known_mining_area_nearby_negative,hard_mrds,0
hard_only,1084,NEG_KMN_WA_00347,Washington,-119.35637752610575,46.23060657596151,negative,known_mining_area_nearby_negative,hard_mrds,0
hard_only,1085,NEG_KMN_WA_00348,Washington,-117.14911748233953,47.943994979391086,negative,known_mining_area_nearby_negative,hard_mrds,0
hard_only,1086,NEG_KMN_WA_00349,Washington,-122.81327744561202,48.13066521268042,negative,known_mining_area_nearby_negative,hard_mrds,0
hard_only,1087,NEG_KMN_WA_00350,Washington,-118.8281170182538,47.68052728634015,negative,known_mining_area_nearby_negative,hard_mrds,0
hard_only,1088,NEG_KMN_WA_00351,Washington,-123.27116692372226,47.240570730855225,negative,known_mining_area_nearby_negative,hard_mrds,0
hard_only,1089,NEG_KMN_WA_00352,Washington,-118.84486389548948,48.52438440631528,negative,known_mining_area_nearby_negative,hard_mrds,0
hard_only,1090,NEG_KMN_WA_00353,Washington,-122.46800796601798,48.95179754106977,negative,known_mining_area_nearby_negative,hard_mrds,0
hard_only,1091,NEG_KMN_WA_00354,Washington,-119.68606838453053,48.75793635599065,negative,known_mining_area_nearby_negative,hard_mrds,0
hard_only,1092,NEG_KMN_WA_00355,Washington,-118.37862960222367,46.02538122704038,negative,known_mining_area_nearby_negative,hard_mrds,0
hard_only,1093,NEG_KMN_WA_00356,Washington,-117.15805231519244,46.53020778437659,negative,known_mining_area_nearby_negative,hard_mrds,0
hard_only,1094,NEG_KMN_WA_00357,Washington,-118.70020621552135,46.03348742840112,negative,known_mining_area_nearby_negative,hard_mrds,0
hard_only,1095,NEG_KMN_WA_00358,Washington,-119.87808016059978,47.02172940092702,negative,known_mining_area_nearby_negative,hard_mrds,0
hard_only,1096,NEG_KMN_WA_00359,Washington,-119.3902655351331,48.826104714859255,negative,known_mining_area_nearby_negative,hard_mrds,0
hard_only,1097,NEG_KMN_WA_00360,Washington,-119.01526304250172,46.10694540156249,negative,known_mining_area_nearby_negative,hard_mrds,0
hard_only,1098,NEG_KMN_WA_00361,Washington,-119.08294504865808,46.616919885418596,negative,known_mining_area_nearby_negative,hard_mrds,0
hard_only,1099,NEG_KMN_WA_00362,Washington,-119.70415158806236,48.99524499174847,negative,known_mining_area_nearby_negative,hard_mrds,0
hard_only,1100,NEG_KMN_WA_00363,Washington,-120.49356365331346,46.54571131124139,negative,known_mining_area_nearby_negative,hard_mrds,0
hard_only,1101,NEG_KMN_WA_00364,Washington,-117.47059639379779,46.69061568849391,negative,known_mining_area_nearby_negative,hard_mrds,0
hard_only,1102,NEG_KMN_WA_00365,Washington,-120.88563475589183,47.94031984953609,negative,known_mining_area_nearby_negative,hard_mrds,0
hard_only,1103,NEG_KMN_WA_00366,Washington,-123.02870188585484,46.496205477363,negative,known_mining_area_nearby_negative,hard_mrds,0
hard_only,1104,NEG_KMN_WA_00367,Washington,-118.01690326017399,46.33116410613886,negative,known_mining_area_nearby_negative,hard_mrds,0
hard_only,1105,NEG_KMN_WA_00368,Washington,-119.21399822174749,48.230988412956144,negative,known_mining_area_nearby_negative,hard_mrds,0
hard_only,1106,NEG_KMN_WA_00369,Washington,-117.8248399722512,48.13783652199414,negative,known_mining_area_nearby_negative,hard_mrds,0
hard_only,1107,NEG_KMN_WA_00370,Washington,-117.2233701416385,47.74746758923924,negative,known_mining_area_nearby_negative,hard_mrds,0
hard_only,1108,NEG_KMN_NE_00001,Nevada,-118.59601498479418,40.23633566264916,negative,known_mining_area_nearby_negative,hard_mrds,0
hard_only,1109,NEG_KMN_NE_00002,Nevada,-115.55453646142905,40.42589409756083,negative,known_mining_area_nearby_negative,hard_mrds,0
hard_only,1110,NEG_KMN_NE_00003,Nevada,-115.88215136602975,40.19491476322365,negative,known_mining_area_nearby_negative,hard_mrds,0
hard_only,1111,NEG_KMN_NE_00004,Nevada,-117.58734538381185,41.025108702804474,negative,known_mining_area_nearby_negative,hard_mrds,0
hard_only,1112,NEG_KMN_NE_00005,Nevada,-114.7150795926018,38.90313825100646,negative,known_mining_area_nearby_negative,hard_mrds,0
hard_only,1113,NEG_KMN_NE_00006,Nevada,-114.61011941309334,39.200260882530266,negative,known_mining_area_nearby_negative,hard_mrds,0
hard_only,1114,NEG_KMN_NE_00007,Nevada,-119.26629943525052,38.7139294920099,negative,known_mining_area_nearby_negative,hard_mrds,0
hard_only,1115,NEG_KMN_NE_00008,Nevada,-117.91102468314631,40.61358593985009,negative,known_mining_area_nearby_negative,hard_mrds,0
hard_only,1116,NEG_KMN_NE_00009,Nevada,-115.96677456190679,37.06120240244523,negative,known_mining_area_nearby_negative,hard_mrds,0
hard_only,1117,NEG_KMN_NE_00010,Nevada,-116.3615922244345,40.59958797367368,negative,known_mining_area_nearby_negative,hard_mrds,0
hard_only,1118,NEG_KMN_NE_00011,Nevada,-117.09578292648109,38.35812221176511,negative,known_mining_area_nearby_negative,hard_mrds,0
hard_only,1119,NEG_KMN_NE_00012,Nevada,-117.56539710237695,41.10094328942174,negative,known_mining_area_nearby_negative,hard_mrds,0
hard_only,1120,NEG_KMN_NE_00013,Nevada,-119.29570733739592,41.8244606455915,negative,known_mining_area_nearby_negative,hard_mrds,0
hard_only,1121,NEG_KMN_NE_00014,Nevada,-114.97875248551713,40.07074186927676,negative,known_mining_area_nearby_negative,hard_mrds,0
hard_only,1122,NEG_KMN_NE_00015,Nevada,-115.99251938943894,37.87547478105255,negative,known_mining_area_nearby_negative,hard_mrds,0
hard_only,1123,NEG_KMN_NE_00016,Nevada,-118.84445993107641,39.265028732615676,negative,known_mining_area_nearby_negative,hard_mrds,0
hard_only,1124,NEG_KMN_NE_00017,Nevada,-115.01352467107245,41.478560854500465,negative,known_mining_area_nearby_negative,hard_mrds,0
hard_only,1125,NEG_KMN_NE_00018,Nevada,-116.00696268933513,41.804955248727076,negative,known_mining_area_nearby_negative,hard_mrds,0
hard_only,1126,NEG_KMN_NE_00019,Nevada,-117.43421271296347,41.50042917564408,negative,known_mining_area_nearby_negative,hard_mrds,0
hard_only,1127,NEG_KMN_NE_00020,Nevada,-116.90403136304155,40.12708870406451,negative,known_mining_area_nearby_negative,hard_mrds,0
hard_only,1128,NEG_KMN_NE_00021,Nevada,-117.94347865571393,37.92992436518848,negative,known_mining_area_nearby_negative,hard_mrds,0
hard_only,1129,NEG_KMN_NE_00022,Nevada,-114.84007494047256,39.90255328621221,negative,known_mining_area_nearby_negative,hard_mrds,0
hard_only,1130,NEG_KMN_NE_00023,Nevada,-117.40025790073986,41.45434161041976,negative,known_mining_area_nearby_negative,hard_mrds,0
hard_only,1131,NEG_KMN_NE_00024,Nevada,-119.37548327350879,40.340643006451174,negative,known_mining_area_nearby_negative,hard_mrds,0
hard_only,1132,NEG_KMN_NE_00025,Nevada,-116.85162910740382,40.33996860748868,negative,known_mining_area_nearby_negative,hard_mrds,0
hard_only,1133,NEG_KMN_NE_00026,Nevada,-117.89313723773995,38.20469664579585,negative,known_mining_area_nearby_negative,hard_mrds,0
hard_only,1134,NEG_KMN_NE_00027,Nevada,-118.06285699266783,39.87168435692201,negative,known_mining_area_nearby_negative,hard_mrds,0
hard_only,1135,NEG_KMN_NE_00028,Nevada,-116.65683551857057,39.53259119500944,negative,known_mining_area_nearby_negative,hard_mrds,0
hard_only,1136,NEG_KMN_NE_00029,Nevada,-115.4423006949828,40.75656197778643,negative,known_mining_area_nearby_negative,hard_mrds,0
hard_only,1137,NEG_KMN_NE_00030,Nevada,-116.60094861138128,40.36368024615554,negative,known_mining_area_nearby_negative,hard_mrds,0
hard_only,1138,NEG_KMN_NE_00031,Nevada,-115.93346851403817,41.634950559529955,negative,known_mining_area_nearby_negative,hard_mrds,0
hard_only,1139,NEG_KMN_NE_00032,Nevada,-118.46733317069402,41.4828321655344,negative,known_mining_area_nearby_negative,hard_mrds,0
hard_only,1140,NEG_KMN_NE_00033,Nevada,-116.96661917654978,40.25601599978091,negative,known_mining_area_nearby_negative,hard_mrds,0
hard_only,1141,NEG_KMN_NE_00034,Nevada,-115.02464215329161,36.136627490712826,negative,known_mining_area_nearby_negative,hard_mrds,0
hard_only,1142,NEG_KMN_NE_00035,Nevada,-117.27013313263882,39.515225932621746,negative,known_mining_area_nearby_negative,hard_mrds,0
hard_only,1143,NEG_KMN_NE_00036,Nevada,-115.55816302225253,41.59112333906036,negative,known_mining_area_nearby_negative,hard_mrds,0
hard_only,1144,NEG_KMN_NE_00037,Nevada,-119.27329376616223,40.423441501377845,negative,known_mining_area_nearby_negative,hard_mrds,0
hard_only,1145,NEG_KMN_NE_00038,Nevada,-118.21229263481405,40.84664032325154,negative,known_mining_area_nearby_negative,hard_mrds,0
hard_only,1146,NEG_KMN_NE_00039,Nevada,-115.2664098446541,36.10430500118079,negative,known_mining_area_nearby_negative,hard_mrds,0
hard_only,1147,NEG_KMN_NE_00040,Nevada,-119.38351367588143,41.03169226034796,negative,known_mining_area_nearby_negative,hard_mrds,0
hard_only,1148,NEG_KMN_NE_00041,Nevada,-118.7168982959252,40.15781860065498,negative,known_mining_area_nearby_negative,hard_mrds,0
hard_only,1149,NEG_KMN_NE_00042,Nevada,-117.37227259455204,38.39884906550527,negative,known_mining_area_nearby_negative,hard_mrds,0
hard_only,1150,NEG_KMN_NE_00043,Nevada,-116.64049678649195,40.47333026114034,negative,known_mining_area_nearby_negative,hard_mrds,0
hard_only,1151,NEG_KMN_NE_00044,Nevada,-116.87389402061712,40.44565191462457,negative,known_mining_area_nearby_negative,hard_mrds,0
hard_only,1152,NEG_KMN_NE_00045,Nevada,-117.16083724832379,39.916790050759346,negative,known_mining_area_nearby_negative,hard_mrds,0
hard_only,1153,NEG_KMN_NE_00046,Nevada,-114.34178294051225,36.636386014478006,negative,known_mining_area_nearby_negative,hard_mrds,0
hard_only,1154,NEG_KMN_NE_00047,Nevada,-116.47634031557544,39.02732772644611,negative,known_mining_area_nearby_negative,hard_mrds,0
hard_only,1155,NEG_KMN_NE_00048,Nevada,-115.04874641812029,36.22411702305614,negative,known_mining_area_nearby_negative,hard_mrds,0
hard_only,1156,NEG_KMN_NE_00049,Nevada,-117.36925431470218,40.83146641676057,negative,known_mining_area_nearby_negative,hard_mrds,0
hard_only,1157,NEG_KMN_NE_00050,Nevada,-116.85244848099319,36.80587014532464,negative,known_mining_area_nearby_negative,hard_mrds,0
hard_only,1158,NEG_KMN_NE_00051,Nevada,-115.62794450934399,35.82979429786378,negative,known_mining_area_nearby_negative,hard_mrds,0
hard_only,1159,NEG_KMN_NE_00052,Nevada,-115.76331315031877,39.67147174446207,negative,known_mining_area_nearby_negative,hard_mrds,0
hard_only,1160,NEG_KMN_NE_00053,Nevada,-118.96234915707186,39.69780568902393,negative,known_mining_area_nearby_negative,hard_mrds,0
hard_only,1161,NEG_KMN_NE_00054,Nevada,-118.92241701890777,41.86104894723538,negative,known_mining_area_nearby_negative,hard_mrds,0
hard_only,1162,NEG_KMN_NE_00055,Nevada,-117.63913042707202,38.99145779747665,negative,known_mining_area_nearby_negative,hard_mrds,0
hard_only,1163,NEG_KMN_NE_00056,Nevada,-119.43669928717571,41.12533696330998,negative,known_mining_area_nearby_negative,hard_mrds,0
hard_only,1164,NEG_KMN_NE_00057,Nevada,-114.3830447545215,36.20280696176896,negative,known_mining_area_nearby_negative,hard_mrds,0
hard_only,1165,NEG_KMN_NE_00058,Nevada,-115.38465392353595,35.81098893904959,negative,known_mining_area_nearby_negative,hard_mrds,0
hard_only,1166,NEG_KMN_NE_00059,Nevada,-118.47012263822387,38.56138727619471,negative,known_mining_area_nearby_negative,hard_mrds,0
hard_only,1167,NEG_KMN_NE_00060,Nevada,-117.71998207474485,40.96548361565204,negative,known_mining_area_nearby_negative,hard_mrds,0
hard_only,1168,NEG_KMN_NE_00061,Nevada,-116.55870351201304,37.055831662814555,negative,known_mining_area_nearby_negative,hard_mrds,0
hard_only,1169,NEG_KMN_NE_00062,Nevada,-117.52469774915403,38.67420160836547,negative,known_mining_area_nearby_negative,hard_mrds,0
hard_only,1170,NEG_KMN_NE_00063,Nevada,-117.34134287385677,41.514325183121905,negative,known_mining_area_nearby_negative,hard_mrds,0
hard_only,1171,NEG_KMN_NE_00064,Nevada,-115.95114497632233,40.202502222937575,negative,known_mining_area_nearby_negative,hard_mrds,0
hard_only,1172,NEG_KMN_NE_00065,Nevada,-117.2474921220217,39.56976296448664,negative,known_mining_area_nearby_negative,hard_mrds,0
hard_only,1173,NEG_KMN_NE_00066,Nevada,-118.10262316510074,40.454913086855335,negative,known_mining_area_nearby_negative,hard_mrds,0
hard_only,1174,NEG_KMN_NE_00067,Nevada,-117.03584437809639,39.23808231983354,negative,known_mining_area_nearby_negative,hard_mrds,0
hard_only,1175,NEG_KMN_NE_00068,Nevada,-117.8821743703536,38.28432667946477,negative,known_mining_area_nearby_negative,hard_mrds,0
hard_only,1176,NEG_KMN_NE_00069,Nevada,-115.47482872080934,37.769209215671786,negative,known_mining_area_nearby_negative,hard_mrds,0
hard_only,1177,NEG_KMN_NE_00070,Nevada,-115.47874321275037,39.389012518853775,negative,known_mining_area_nearby_negative,hard_mrds,0
hard_only,1178,NEG_KMN_NE_00071,Nevada,-116.78518739134739,40.673858825064976,negative,known_mining_area_nearby_negative,hard_mrds,0
hard_only,1179,NEG_KMN_NE_00072,Nevada,-118.4482460853053,41.185944557721314,negative,known_mining_area_nearby_negative,hard_mrds,0
hard_only,1180,NEG_KMN_NE_00073,Nevada,-118.62019387333498,38.53222784032786,negative,known_mining_area_nearby_negative,hard_mrds,0
hard_only,1181,NEG_KMN_NE_00074,Nevada,-116.99644859184377,39.887340940254546,negative,known_mining_area_nearby_negative,hard_mrds,0
hard_only,1182,NEG_KMN_NE_00075,Nevada,-117.89102534966469,41.90079479196921,negative,known_mining_area_nearby_negative,hard_mrds,0
hard_only,1183,NEG_KMN_NE_00076,Nevada,-114.99206791235906,36.08884908205675,negative,known_mining_area_nearby_negative,hard_mrds,0
hard_only,1184,NEG_KMN_NE_00077,Nevada,-118.58433344824493,38.76939439717538,negative,known_mining_area_nearby_negative,hard_mrds,0
hard_only,1185,NEG_KMN_NE_00078,Nevada,-117.45383197723845,40.705786059792324,negative,known_mining_area_nearby_negative,hard_mrds,0
hard_only,1186,NEG_KMN_NE_00079,Nevada,-114.12064418071157,39.46237419567612,negative,known_mining_area_nearby_negative,hard_mrds,0
hard_only,1187,NEG_KMN_NE_00080,Nevada,-114.93471810230994,41.42777385031717,negative,known_mining_area_nearby_negative,hard_mrds,0
hard_only,1188,NEG_KMN_NE_00081,Nevada,-114.63014426731365,39.76781239744973,negative,known_mining_area_nearby_negative,hard_mrds,0
hard_only,1189,NEG_KMN_NE_00082,Nevada,-114.22057120872228,41.52461124711533,negative,known_mining_area_nearby_negative,hard_mrds,0
hard_only,1190,NEG_KMN_NE_00083,Nevada,-119.6632194541935,40.38081985404296,negative,known_mining_area_nearby_negative,hard_mrds,0
hard_only,1191,NEG_KMN_NE_00084,Nevada,-117.34399961057227,38.96538432187533,negative,known_mining_area_nearby_negative,hard_mrds,0
hard_only,1192,NEG_KMN_NE_00085,Nevada,-116.81461277022805,38.77252366388331,negative,known_mining_area_nearby_negative,hard_mrds,0
hard_only,1193,NEG_KMN_NE_00086,Nevada,-116.0660994944513,40.656484221129205,negative,known_mining_area_nearby_negative,hard_mrds,0
hard_only,1194,NEG_KMN_NE_00087,Nevada,-116.00905685161933,39.49565912414118,negative,known_mining_area_nearby_negative,hard_mrds,0
hard_only,1195,NEG_KMN_NE_00088,Nevada,-114.4217520884385,37.34535050995105,negative,known_mining_area_nearby_negative,hard_mrds,0
hard_only,1196,NEG_KMN_NE_00089,Nevada,-115.09240435942019,40.31043257891933,negative,known_mining_area_nearby_negative,hard_mrds,0
hard_only,1197,NEG_KMN_NE_00090,Nevada,-117.94064196240805,38.17615335848912,negative,known_mining_area_nearby_negative,hard_mrds,0
hard_only,1198,NEG_KMN_NE_00091,Nevada,-117.76792486758069,39.282164914679136,negative,known_mining_area_nearby_negative,hard_mrds,0
hard_only,1199,NEG_KMN_NE_00092,Nevada,-117.05398686700755,37.712073164284305,negative,known_mining_area_nearby_negative,hard_mrds,0
hard_only,1200,NEG_KMN_NE_00093,Nevada,-114.38558225817837,39.358224817936744,negative,known_mining_area_nearby_negative,hard_mrds,0
hard_only,1201,NEG_KMN_NE_00094,Nevada,-119.4591481216384,40.382646061262314,negative,known_mining_area_nearby_negative,hard_mrds,0
hard_only,1202,NEG_KMN_NE_00095,Nevada,-119.43452680084499,39.38491721014892,negative,known_mining_area_nearby_negative,hard_mrds,0
hard_only,1203,NEG_KMN_NE_00096,Nevada,-116.22169058785676,38.82925477206281,negative,known_mining_area_nearby_negative,hard_mrds,0
hard_only,1204,NEG_KMN_NE_00097,Nevada,-116.7967845001723,39.164210855941484,negative,known_mining_area_nearby_negative,hard_mrds,0
hard_only,1205,NEG_KMN_NE_00098,Nevada,-115.47543255282187,35.978364709211235,negative,known_mining_area_nearby_negative,hard_mrds,0
hard_only,1206,NEG_KMN_NE_00099,Nevada,-114.97535626862339,39.44149435816555,negative,known_mining_area_nearby_negative,hard_mrds,0
hard_only,1207,NEG_KMN_NE_00100,Nevada,-118.3450794865264,40.37356136213706,negative,known_mining_area_nearby_negative,hard_mrds,0
hard_only,1208,NEG_KMN_NE_00101,Nevada,-116.97438266343323,40.20720747770362,negative,known_mining_area_nearby_negative,hard_mrds,0
hard_only,1209,NEG_KMN_NE_00102,Nevada,-114.70057819631188,39.629028017075576,negative,known_mining_area_nearby_negative,hard_mrds,0
hard_only,1210,NEG_KMN_NE_00103,Nevada,-119.39644441847679,40.918759151444114,negative,known_mining_area_nearby_negative,hard_mrds,0
hard_only,1211,NEG_KMN_NE_00104,Nevada,-118.57700414220841,38.51211306998109,negative,known_mining_area_nearby_negative,hard_mrds,0
hard_only,1212,NEG_KMN_NE_00105,Nevada,-118.74364529875561,38.56416267467715,negative,known_mining_area_nearby_negative,hard_mrds,0
hard_only,1213,NEG_KMN_NE_00106,Nevada,-119.0602199310764,38.452317816385865,negative,known_mining_area_nearby_negative,hard_mrds,0
hard_only,1214,NEG_KMN_NE_00107,Nevada,-116.18031317044063,40.782738625801755,negative,known_mining_area_nearby_negative,hard_mrds,0
hard_only,1215,NEG_KMN_NE_00108,Nevada,-119.9093406448655,39.49301031591316,negative,known_mining_area_nearby_negative,hard_mrds,0
hard_only,1216,NEG_KMN_NE_00109,Nevada,-116.81100051676066,38.531604893879496,negative,known_mining_area_nearby_negative,hard_mrds,0
hard_only,1217,NEG_KMN_NE_00110,Nevada,-118.01960519691545,39.439576353460964,negative,known_mining_area_nearby_negative,hard_mrds,0
hard_only,1218,NEG_KMN_NE_00111,Nevada,-115.61118794469559,36.47056051665224,negative,known_mining_area_nearby_negative,hard_mrds,0
hard_only,1219,NEG_KMN_NE_00112,Nevada,-119.46445804668934,39.33591604927887,negative,known_mining_area_nearby_negative,hard_mrds,0
hard_only,1220,NEG_KMN_NE_00113,Nevada,-116.40081508578788,40.2920830633465,negative,known_mining_area_nearby_negative,hard_mrds,0
hard_only,1221,NEG_KMN_NE_00114,Nevada,-114.72444371943914,38.196438228091175,negative,known_mining_area_nearby_negative,hard_mrds,0
hard_only,1222,NEG_KMN_NE_00115,Nevada,-117.2269620374712,37.6204820706953,negative,known_mining_area_nearby_negative,hard_mrds,0
hard_only,1223,NEG_KMN_NE_00116,Nevada,-115.48861833355159,41.122701229855046,negative,known_mining_area_nearby_negative,hard_mrds,0
hard_only,1224,NEG_KMN_NE_00117,Nevada,-115.98304317879956,40.36419701156877,negative,known_mining_area_nearby_negative,hard_mrds,0
hard_only,1225,NEG_KMN_NE_00118,Nevada,-114.51407450696615,37.77956489295045,negative,known_mining_area_nearby_negative,hard_mrds,0
hard_only,1226,NEG_KMN_NE_00119,Nevada,-118.2633946341291,39.818800856221564,negative,known_mining_area_nearby_negative,hard_mrds,0
hard_only,1227,NEG_KMN_NE_00120,Nevada,-115.99383051753404,37.94563563941168,negative,known_mining_area_nearby_negative,hard_mrds,0
hard_only,1228,NEG_KMN_NE_00121,Nevada,-114.76720210878807,39.59089940446868,negative,known_mining_area_nearby_negative,hard_mrds,0
hard_only,1229,NEG_KMN_NE_00122,Nevada,-117.00610819438373,39.50018822857546,negative,known_mining_area_nearby_negative,hard_mrds,0
hard_only,1230,NEG_KMN_NE_00123,Nevada,-114.55376500621202,38.70195021433041,negative,known_mining_area_nearby_negative,hard_mrds,0
hard_only,1231,NEG_KMN_NE_00124,Nevada,-114.80602253539593,36.587095959724664,negative,known_mining_area_nearby_negative,hard_mrds,0
hard_only,1232,NEG_KMN_NE_00125,Nevada,-118.81572311440061,39.88406618298087,negative,known_mining_area_nearby_negative,hard_mrds,0
hard_only,1233,NEG_KMN_NE_00126,Nevada,-117.31254636853816,39.77796578062223,negative,known_mining_area_nearby_negative,hard_mrds,0
hard_only,1234,NEG_KMN_NE_00127,Nevada,-116.35355816682409,41.508314931085685,negative,known_mining_area_nearby_negative,hard_mrds,0
hard_only,1235,NEG_KMN_NE_00128,Nevada,-117.04029219671042,38.16457818618329,negative,known_mining_area_nearby_negative,hard_mrds,0
hard_only,1236,NEG_KMN_NE_00129,Nevada,-116.8473719638294,40.342660166107336,negative,known_mining_area_nearby_negative,hard_mrds,0
hard_only,1237,NEG_KMN_NE_00130,Nevada,-118.80201156350165,38.42277967979356,negative,known_mining_area_nearby_negative,hard_mrds,0
hard_only,1238,NEG_KMN_NE_00131,Nevada,-116.90163031595552,38.72543642684856,negative,known_mining_area_nearby_negative,hard_mrds,0
hard_only,1239,NEG_KMN_NE_00132,Nevada,-115.41385741225173,40.304307471346036,negative,known_mining_area_nearby_negative,hard_mrds,0
hard_only,1240,NEG_KMN_NE_00133,Nevada,-119.64826760162595,40.634168596753284,negative,known_mining_area_nearby_negative,hard_mrds,0
hard_only,1241,NEG_KMN_NE_00134,Nevada,-119.5457032156666,39.16766373031008,negative,known_mining_area_nearby_negative,hard_mrds,0
hard_only,1242,NEG_KMN_NE_00135,Nevada,-119.40162699447336,39.2939980444504,negative,known_mining_area_nearby_negative,hard_mrds,0
hard_only,1243,NEG_KMN_NE_00136,Nevada,-117.2096098493372,41.3125189796307,negative,known_mining_area_nearby_negative,hard_mrds,0
hard_only,1244,NEG_KMN_NE_00137,Nevada,-114.41204024852965,37.7722286538727,negative,known_mining_area_nearby_negative,hard_mrds,0
hard_only,1245,NEG_KMN_NE_00138,Nevada,-118.0272923124212,37.91833827640277,negative,known_mining_area_nearby_negative,hard_mrds,0
hard_only,1246,NEG_KMN_NE_00139,Nevada,-117.57153664313012,39.708525525875416,negative,known_mining_area_nearby_negative,hard_mrds,0
hard_only,1247,NEG_KMN_NE_00140,Nevada,-114.72486175890867,38.0574045668204,negative,known_mining_area_nearby_negative,hard_mrds,0
hard_only,1248,NEG_KMN_NE_00141,Nevada,-114.65821127160842,36.61074124150264,negative,known_mining_area_nearby_negative,hard_mrds,0
hard_only,1249,NEG_KMN_NE_00142,Nevada,-114.68457703372815,37.86431000954505,negative,known_mining_area_nearby_negative,hard_mrds,0
hard_only,1250,NEG_KMN_NE_00143,Nevada,-114.67535564556937,41.31262375039912,negative,known_mining_area_nearby_negative,hard_mrds,0
hard_only,1251,NEG_KMN_NE_00144,Nevada,-118.13554850944695,39.98497497421851,negative,known_mining_area_nearby_negative,hard_mrds,0
hard_only,1252,NEG_KMN_NE_00145,Nevada,-114.2252483591605,39.78042714556858,negative,known_mining_area_nearby_negative,hard_mrds,0
hard_only,1253,NEG_KMN_NE_00146,Nevada,-118.5155775309226,40.094969545400055,negative,known_mining_area_nearby_negative,hard_mrds,0
hard_only,1254,NEG_KMN_NE_00147,Nevada,-114.35004803701997,36.643364069823825,negative,known_mining_area_nearby_negative,hard_mrds,0
hard_only,1255,NEG_KMN_NE_00148,Nevada,-117.9759394973454,37.743253813082546,negative,known_mining_area_nearby_negative,hard_mrds,0
hard_only,1256,NEG_KMN_NE_00149,Nevada,-118.25943685200889,40.23382676918345,negative,known_mining_area_nearby_negative,hard_mrds,0
hard_only,1257,NEG_KMN_NE_00150,Nevada,-116.45194557382854,36.665503876376036,negative,known_mining_area_nearby_negative,hard_mrds,0
hard_only,1258,NEG_KMN_NE_00151,Nevada,-116.31846114722794,41.06834086213572,negative,known_mining_area_nearby_negative,hard_mrds,0
hard_only,1259,NEG_KMN_NE_00152,Nevada,-116.75564220333854,39.0504018361687,negative,known_mining_area_nearby_negative,hard_mrds,0
hard_only,1260,NEG_KMN_NE_00153,Nevada,-116.27767476871236,40.39581106725014,negative,known_mining_area_nearby_negative,hard_mrds,0
hard_only,1261,NEG_KMN_NE_00154,Nevada,-117.78090483748315,37.79457103124555,negative,known_mining_area_nearby_negative,hard_mrds,0
hard_only,1262,NEG_KMN_NE_00155,Nevada,-117.41811409944683,39.03205274813667,negative,known_mining_area_nearby_negative,hard_mrds,0
hard_only,1263,NEG_KMN_NE_00156,Nevada,-114.22022623985032,36.38635448400412,negative,known_mining_area_nearby_negative,hard_mrds,0
hard_only,1264,NEG_KMN_NE_00157,Nevada,-116.84441599348327,38.77893538262404,negative,known_mining_area_nearby_negative,hard_mrds,0
hard_only,1265,NEG_KMN_NE_00158,Nevada,-117.55815507309615,37.9031740120597,negative,known_mining_area_nearby_negative,hard_mrds,0
hard_only,1266,NEG_KMN_NE_00159,Nevada,-118.49404598334672,40.48518337216532,negative,known_mining_area_nearby_negative,hard_mrds,0
hard_only,1267,NEG_KMN_NE_00160,Nevada,-116.29347491233233,41.17221220477385,negative,known_mining_area_nearby_negative,hard_mrds,0
hard_only,1268,NEG_KMN_NE_00161,Nevada,-119.09674281652138,41.90736723298818,negative,known_mining_area_nearby_negative,hard_mrds,0
hard_only,1269,NEG_KMN_NE_00162,Nevada,-116.50629363119901,41.18066541109085,negative,known_mining_area_nearby_negative,hard_mrds,0
hard_only,1270,NEG_KMN_NE_00163,Nevada,-119.30991313231465,38.6065598357148,negative,known_mining_area_nearby_negative,hard_mrds,0
hard_only,1271,NEG_KMN_NE_00164,Nevada,-114.74368383153296,39.715351409720704,negative,known_mining_area_nearby_negative,hard_mrds,0
hard_only,1272,NEG_KMN_NE_00165,Nevada,-116.93712751612236,40.810206903023335,negative,known_mining_area_nearby_negative,hard_mrds,0
hard_only,1273,NEG_KMN_NE_00166,Nevada,-114.73227544384088,36.359480452398316,negative,known_mining_area_nearby_negative,hard_mrds,0
hard_only,1274,NEG_KMN_NE_00167,Nevada,-118.09381482232288,40.212667401672896,negative,known_mining_area_nearby_negative,hard_mrds,0
hard_only,1275,NEG_KMN_NE_00168,Nevada,-118.8162419106298,40.15791772811881,negative,known_mining_area_nearby_negative,hard_mrds,0
hard_only,1276,NEG_KMN_NE_00169,Nevada,-117.9817978312044,37.78952172813082,negative,known_mining_area_nearby_negative,hard_mrds,0
hard_only,1277,NEG_KMN_NE_00170,Nevada,-117.91867911666088,39.79131541684293,negative,known_mining_area_nearby_negative,hard_mrds,0
hard_only,1278,NEG_KMN_NE_00171,Nevada,-116.19810453747141,40.231255216472135,negative,known_mining_area_nearby_negative,hard_mrds,0
hard_only,1279,NEG_KMN_NE_00172,Nevada,-119.46518863262799,38.68563172871798,negative,known_mining_area_nearby_negative,hard_mrds,0
hard_only,1280,NEG_KMN_NE_00173,Nevada,-114.15930263810083,38.7746059228851,negative,known_mining_area_nearby_negative,hard_mrds,0
hard_only,1281,NEG_KMN_NE_00174,Nevada,-116.78242615591483,40.167960380992454,negative,known_mining_area_nearby_negative,hard_mrds,0
hard_only,1282,NEG_KMN_NE_00175,Nevada,-117.81692447787782,39.78799927014478,negative,known_mining_area_nearby_negative,hard_mrds,0
hard_only,1283,NEG_KMN_NE_00176,Nevada,-118.0806172357187,40.49254053162593,negative,known_mining_area_nearby_negative,hard_mrds,0
hard_only,1284,NEG_KMN_NE_00177,Nevada,-114.7753287095635,36.47937399229595,negative,known_mining_area_nearby_negative,hard_mrds,0
hard_only,1285,NEG_KMN_NE_00178,Nevada,-117.79511444523632,37.45615909701321,negative,known_mining_area_nearby_negative,hard_mrds,0
hard_only,1286,NEG_KMN_NE_00179,Nevada,-117.30479905796119,38.516761799926385,negative,known_mining_area_nearby_negative,hard_mrds,0
hard_only,1287,NEG_KMN_NE_00180,Nevada,-114.73961042624836,38.078283702559105,negative,known_mining_area_nearby_negative,hard_mrds,0
hard_only,1288,NEG_KMN_NE_00181,Nevada,-117.38712782545434,37.24310533294339,negative,known_mining_area_nearby_negative,hard_mrds,0
hard_only,1289,NEG_KMN_NE_00182,Nevada,-117.7322762491466,37.75883108470043,negative,known_mining_area_nearby_negative,hard_mrds,0
hard_only,1290,NEG_KMN_NE_00183,Nevada,-118.71209005181157,41.39473516031608,negative,known_mining_area_nearby_negative,hard_mrds,0
hard_only,1291,NEG_KMN_NE_00184,Nevada,-114.67942420985037,37.39247407375261,negative,known_mining_area_nearby_negative,hard_mrds,0
hard_only,1292,NEG_KMN_NE_00185,Nevada,-118.02499508835035,38.09114183322906,negative,known_mining_area_nearby_negative,hard_mrds,0
hard_only,1293,NEG_KMN_NE_00186,Nevada,-116.04076747788747,39.675952372963984,negative,known_mining_area_nearby_negative,hard_mrds,0
hard_only,1294,NEG_KMN_NE_00187,Nevada,-115.99809379356896,41.581514358967745,negative,known_mining_area_nearby_negative,hard_mrds,0
hard_only,1295,NEG_KMN_NE_00188,Nevada,-115.37883022182632,39.030007444584925,negative,known_mining_area_nearby_negative,hard_mrds,0
hard_only,1296,NEG_KMN_NE_00189,Nevada,-114.9455554063399,40.75133794728126,negative,known_mining_area_nearby_negative,hard_mrds,0
hard_only,1297,NEG_KMN_NE_00190,Nevada,-117.7678382184269,37.76575566510584,negative,known_mining_area_nearby_negative,hard_mrds,0
hard_only,1298,NEG_KMN_NE_00191,Nevada,-117.87537756768711,37.661236587073155,negative,known_mining_area_nearby_negative,hard_mrds,0
hard_only,1299,NEG_KMN_NE_00192,Nevada,-116.00295387590415,38.152129430040034,negative,known_mining_area_nearby_negative,hard_mrds,0
hard_only,1300,NEG_KMN_NE_00193,Nevada,-117.42061049318352,41.2008862035219,negative,known_mining_area_nearby_negative,hard_mrds,0
hard_only,1301,NEG_KMN_NE_00194,Nevada,-115.78590096557514,41.17689922228868,negative,known_mining_area_nearby_negative,hard_mrds,0
hard_only,1302,NEG_KMN_NE_00195,Nevada,-119.85318693040347,39.61097016462845,negative,known_mining_area_nearby_negative,hard_mrds,0
hard_only,1303,NEG_KMN_NE_00196,Nevada,-117.66557766764424,37.6192330410055,negative,known_mining_area_nearby_negative,hard_mrds,0
hard_only,1304,NEG_KMN_NE_00197,Nevada,-119.46022795455792,40.33330638454083,negative,known_mining_area_nearby_negative,hard_mrds,0
hard_only,1305,NEG_KMN_NE_00198,Nevada,-115.8476141041674,41.685286918854025,negative,known_mining_area_nearby_negative,hard_mrds,0
hard_only,1306,NEG_KMN_NE_00199,Nevada,-118.71183781186085,39.549213182556564,negative,known_mining_area_nearby_negative,hard_mrds,0
hard_only,1307,NEG_KMN_NE_00200,Nevada,-115.3478885209521,38.43952641768865,negative,known_mining_area_nearby_negative,hard_mrds,0
hard_only,1308,NEG_KMN_NE_00201,Nevada,-117.36274935171627,37.57360335009068,negative,known_mining_area_nearby_negative,hard_mrds,0
hard_only,1309,NEG_KMN_NE_00202,Nevada,-114.15741223829912,39.110495453834915,negative,known_mining_area_nearby_negative,hard_mrds,0
hard_only,1310,NEG_KMN_NE_00203,Nevada,-116.92035230860904,38.60507608359115,negative,known_mining_area_nearby_negative,hard_mrds,0
hard_only,1311,NEG_KMN_NE_00204,Nevada,-118.40856389651373,38.731592478763076,negative,known_mining_area_nearby_negative,hard_mrds,0
hard_only,1312,NEG_KMN_NE_00205,Nevada,-116.40887876413649,41.49835623772521,negative,known_mining_area_nearby_negative,hard_mrds,0
hard_only,1313,NEG_KMN_NE_00206,Nevada,-116.44230263550946,40.94017736780422,negative,known_mining_area_nearby_negative,hard_mrds,0
hard_only,1314,NEG_KMN_NE_00207,Nevada,-115.36862551988537,35.72846267363615,negative,known_mining_area_nearby_negative,hard_mrds,0
hard_only,1315,NEG_KMN_NE_00208,Nevada,-117.46648973242361,38.15120838914481,negative,known_mining_area_nearby_negative,hard_mrds,0
hard_only,1316,NEG_KMN_NE_00209,Nevada,-118.26191348998145,40.3203658047609,negative,known_mining_area_nearby_negative,hard_mrds,0
hard_only,1317,NEG_KMN_NE_00210,Nevada,-115.5057064116445,35.84226249586879,negative,known_mining_area_nearby_negative,hard_mrds,0
hard_only,1318,NEG_KMN_NE_00211,Nevada,-114.40879038407746,36.271796242916174,negative,known_mining_area_nearby_negative,hard_mrds,0
hard_only,1319,NEG_KMN_NE_00212,Nevada,-116.65062100119837,36.672517397191946,negative,known_mining_area_nearby_negative,hard_mrds,0
hard_only,1320,NEG_KMN_NE_00213,Nevada,-116.91388025485702,38.726538460837425,negative,known_mining_area_nearby_negative,hard_mrds,0
hard_only,1321,NEG_KMN_NE_00214,Nevada,-117.49821014654867,38.446948809798194,negative,known_mining_area_nearby_negative,hard_mrds,0
hard_only,1322,NEG_KMN_NE_00215,Nevada,-119.62619890776483,39.43537405109797,negative,known_mining_area_nearby_negative,hard_mrds,0
hard_only,1323,NEG_KMN_NE_00216,Nevada,-116.76716443288228,39.466696053002664,negative,known_mining_area_nearby_negative,hard_mrds,0
hard_only,1324,NEG_KMN_NE_00217,Nevada,-116.18217067830926,41.46852097471463,negative,known_mining_area_nearby_negative,hard_mrds,0
hard_only,1325,NEG_KMN_NE_00218,Nevada,-118.46677890668207,38.78325732407034,negative,known_mining_area_nearby_negative,hard_mrds,0
hard_only,1326,NEG_KMN_NE_00219,Nevada,-117.982850528335,40.75418396255379,negative,known_mining_area_nearby_negative,hard_mrds,0
hard_only,1327,NEG_KMN_NE_00220,Nevada,-115.68910670433172,40.11350235436015,negative,known_mining_area_nearby_negative,hard_mrds,0
hard_only,1328,NEG_KMN_NE_00221,Nevada,-118.18735839285046,41.56038062729833,negative,known_mining_area_nearby_negative,hard_mrds,0
hard_only,1329,NEG_KMN_NE_00222,Nevada,-119.76828733238261,39.96852928029704,negative,known_mining_area_nearby_negative,hard_mrds,0
hard_only,1330,NEG_KMN_NE_00223,Nevada,-118.45326744635986,40.729043367150005,negative,known_mining_area_nearby_negative,hard_mrds,0
hard_only,1331,NEG_KMN_NE_00224,Nevada,-117.54636653068593,41.35466306535631,negative,known_mining_area_nearby_negative,hard_mrds,0
hard_only,1332,NEG_KMN_NE_00225,Nevada,-117.66960461765086,39.336555143522475,negative,known_mining_area_nearby_negative,hard_mrds,0
hard_only,1333,NEG_KMN_NE_00226,Nevada,-114.85421062560954,36.166575700558944,negative,known_mining_area_nearby_negative,hard_mrds,0
hard_only,1334,NEG_KMN_NE_00227,Nevada,-117.40740368171282,40.84494650560905,negative,known_mining_area_nearby_negative,hard_mrds,0
hard_only,1335,NEG_KMN_NE_00228,Nevada,-118.74498127200741,38.355411060068874,negative,known_mining_area_nearby_negative,hard_mrds,0
hard_only,1336,NEG_KMN_NE_00229,Nevada,-118.71214104761293,41.090857762200976,negative,known_mining_area_nearby_negative,hard_mrds,0
hard_only,1337,NEG_KMN_NE_00230,Nevada,-117.22972957003742,37.97684221219287,negative,known_mining_area_nearby_negative,hard_mrds,0
hard_only,1338,NEG_KMN_NE_00231,Nevada,-116.92175688157806,39.00049650222465,negative,known_mining_area_nearby_negative,hard_mrds,0
hard_only,1339,NEG_KMN_NE_00232,Nevada,-116.49149853645815,36.98393959718409,negative,known_mining_area_nearby_negative,hard_mrds,0
hard_only,1340,NEG_KMN_NE_00233,Nevada,-119.62847794128265,40.091860027104104,negative,known_mining_area_nearby_negative,hard_mrds,0
hard_only,1341,NEG_KMN_NE_00234,Nevada,-115.71431197757431,36.047879267756784,negative,known_mining_area_nearby_negative,hard_mrds,0
hard_only,1342,NEG_KMN_NE_00235,Nevada,-118.12308557974325,39.54530390622354,negative,known_mining_area_nearby_negative,hard_mrds,0
hard_only,1343,NEG_KMN_NE_00236,Nevada,-118.32201771934842,41.10201001754063,negative,known_mining_area_nearby_negative,hard_mrds,0
hard_only,1344,NEG_KMN_NE_00237,Nevada,-118.74563974200538,39.488691018206644,negative,known_mining_area_nearby_negative,hard_mrds,0
hard_only,1345,NEG_KMN_NE_00238,Nevada,-119.26648864173069,39.459921660939585,negative,known_mining_area_nearby_negative,hard_mrds,0
hard_only,1346,NEG_KMN_NE_00239,Nevada,-119.46719819321163,39.5189643730342,negative,known_mining_area_nearby_negative,hard_mrds,0
hard_only,1347,NEG_KMN_NE_00240,Nevada,-114.31210149928347,37.89196284652448,negative,known_mining_area_nearby_negative,hard_mrds,0
hard_only,1348,NEG_KMN_NE_00241,Nevada,-115.53098919338174,38.125139733242435,negative,known_mining_area_nearby_negative,hard_mrds,0
hard_only,1349,NEG_KMN_NE_00242,Nevada,-117.16495515311686,38.577365715502445,negative,known_mining_area_nearby_negative,hard_mrds,0
hard_only,1350,NEG_KMN_NE_00243,Nevada,-114.75694902547946,36.40256456542424,negative,known_mining_area_nearby_negative,hard_mrds,0
hard_only,1351,NEG_KMN_NE_00244,Nevada,-118.23968893167898,37.86239196565779,negative,known_mining_area_nearby_negative,hard_mrds,0
hard_only,1352,NEG_KMN_NE_00245,Nevada,-118.50518560837338,40.48429275193999,negative,known_mining_area_nearby_negative,hard_mrds,0
hard_only,1353,NEG_KMN_NE_00246,Nevada,-117.96485672724378,40.380668647174666,negative,known_mining_area_nearby_negative,hard_mrds,0
hard_only,1354,NEG_KMN_NE_00247,Nevada,-118.82157789827238,40.25870738532196,negative,known_mining_area_nearby_negative,hard_mrds,0
hard_only,1355,NEG_KMN_NE_00248,Nevada,-118.04576778430089,40.860585984261874,negative,known_mining_area_nearby_negative,hard_mrds,0
hard_only,1356,NEG_KMN_NE_00249,Nevada,-116.19578208212681,37.16739491822001,negative,known_mining_area_nearby_negative,hard_mrds,0
hard_only,1357,NEG_KMN_NE_00250,Nevada,-118.44902837108623,39.0460558361676,negative,known_mining_area_nearby_negative,hard_mrds,0
hard_only,1358,NEG_KMN_NE_00251,Nevada,-118.04223965182462,38.30657456601104,negative,known_mining_area_nearby_negative,hard_mrds,0
hard_only,1359,NEG_KMN_NE_00252,Nevada,-117.46418875712413,38.29667921398144,negative,known_mining_area_nearby_negative,hard_mrds,0
hard_only,1360,NEG_KMN_NE_00253,Nevada,-119.89059662705648,39.11854712866162,negative,known_mining_area_nearby_negative,hard_mrds,0
hard_only,1361,NEG_KMN_NE_00254,Nevada,-119.47112390733793,40.35986851506636,negative,known_mining_area_nearby_negative,hard_mrds,0
hard_only,1362,NEG_KMN_NE_00255,Nevada,-117.76688895129053,39.88214099036445,negative,known_mining_area_nearby_negative,hard_mrds,0
hard_only,1363,NEG_KMN_NE_00256,Nevada,-114.12132682263677,38.92018226372218,negative,known_mining_area_nearby_negative,hard_mrds,0
hard_only,1364,NEG_KMN_NE_00257,Nevada,-115.55438291187721,41.88548302006524,negative,known_mining_area_nearby_negative,hard_mrds,0
hard_only,1365,NEG_KMN_NE_00258,Nevada,-118.33396678966437,39.97242657719338,negative,known_mining_area_nearby_negative,hard_mrds,0
hard_only,1366,NEG_KMN_NE_00259,Nevada,-118.80132435186226,38.31219674002907,negative,known_mining_area_nearby_negative,hard_mrds,0
hard_only,1367,NEG_KMN_NE_00260,Nevada,-117.96224674040491,40.20652594069518,negative,known_mining_area_nearby_negative,hard_mrds,0
hard_only,1368,NEG_KMN_NE_00261,Nevada,-119.30754239549015,40.288127670923885,negative,known_mining_area_nearby_negative,hard_mrds,0
hard_only,1369,NEG_KMN_NE_00262,Nevada,-117.12624389095765,38.673263140240124,negative,known_mining_area_nearby_negative,hard_mrds,0
hard_only,1370,NEG_KMN_NE_00263,Nevada,-116.96950753920163,38.00465660415472,negative,known_mining_area_nearby_negative,hard_mrds,0
hard_only,1371,NEG_KMN_NE_00264,Nevada,-114.57748294451721,38.14298452976394,negative,known_mining_area_nearby_negative,hard_mrds,0
hard_only,1372,NEG_KMN_NE_00265,Nevada,-117.84575888911792,38.01546534973293,negative,known_mining_area_nearby_negative,hard_mrds,0
hard_only,1373,NEG_KMN_NE_00266,Nevada,-116.16754091280484,38.12402135334745,negative,known_mining_area_nearby_negative,hard_mrds,0
hard_only,1374,NEG_KMN_NE_00267,Nevada,-115.39436335469259,36.46710474792739,negative,known_mining_area_nearby_negative,hard_mrds,0
hard_only,1375,NEG_KMN_NE_00268,Nevada,-117.05666890832896,40.965952789742325,negative,known_mining_area_nearby_negative,hard_mrds,0
hard_only,1376,NEG_KMN_NE_00269,Nevada,-118.4458237136023,41.199698836697955,negative,known_mining_area_nearby_negative,hard_mrds,0
hard_only,1377,NEG_KMN_NE_00270,Nevada,-119.9247493026005,40.523941899369866,negative,known_mining_area_nearby_negative,hard_mrds,0
hard_only,1378,NEG_KMN_NE_00271,Nevada,-116.1171318624925,41.91070734969319,negative,known_mining_area_nearby_negative,hard_mrds,0
hard_only,1379,NEG_KMN_NE_00272,Nevada,-116.9792953052447,37.03424453429755,negative,known_mining_area_nearby_negative,hard_mrds,0
hard_only,1380,NEG_KMN_NE_00273,Nevada,-114.4063322625629,39.02329783196065,negative,known_mining_area_nearby_negative,hard_mrds,0
hard_only,1381,NEG_KMN_NE_00274,Nevada,-117.04619244885566,39.34528731827186,negative,known_mining_area_nearby_negative,hard_mrds,0
hard_only,1382,NEG_KMN_NE_00275,Nevada,-114.73708425427753,39.804794980745875,negative,known_mining_area_nearby_negative,hard_mrds,0
hard_only,1383,NEG_KMN_NE_00276,Nevada,-115.85041057585698,37.96614314472848,negative,known_mining_area_nearby_negative,hard_mrds,0
hard_only,1384,NEG_KMN_NE_00277,Nevada,-116.04782587301332,41.1616130106565,negative,known_mining_area_nearby_negative,hard_mrds,0
hard_only,1385,NEG_KMN_NE_00278,Nevada,-118.1588376567575,40.03444867594689,negative,known_mining_area_nearby_negative,hard_mrds,0
hard_only,1386,NEG_KMN_NE_00279,Nevada,-117.67267018161601,38.63758264074,negative,known_mining_area_nearby_negative,hard_mrds,0
hard_only,1387,NEG_KMN_NE_00280,Nevada,-118.50344813610036,41.09346489392241,negative,known_mining_area_nearby_negative,hard_mrds,0
hard_only,1388,NEG_KMN_NE_00001,New Mexico,-104.67958216937268,35.64360083945728,negative,known_mining_area_nearby_negative,hard_mrds,0
hard_only,1389,NEG_KMN_NE_00002,New Mexico,-107.92804285943186,35.358108660498715,negative,known_mining_area_nearby_negative,hard_mrds,0
hard_only,1390,NEG_KMN_NE_00003,New Mexico,-103.99316609280959,32.841237879627656,negative,known_mining_area_nearby_negative,hard_mrds,0
hard_only,1391,NEG_KMN_NE_00004,New Mexico,-106.53406350225077,35.02660637888602,negative,known_mining_area_nearby_negative,hard_mrds,0
hard_only,1392,NEG_KMN_NE_00005,New Mexico,-106.93186445103868,34.1054004090392,negative,known_mining_area_nearby_negative,hard_mrds,0
hard_only,1393,NEG_KMN_NE_00006,New Mexico,-107.41797783557763,33.46117216260781,negative,known_mining_area_nearby_negative,hard_mrds,0
hard_only,1394,NEG_KMN_NE_00007,New Mexico,-103.13342440723773,32.37494220189893,negative,known_mining_area_nearby_negative,hard_mrds,0
hard_only,1395,NEG_KMN_NE_00008,New Mexico,-108.0112248696908,35.34962901102078,negative,known_mining_area_nearby_negative,hard_mrds,0
hard_only,1396,NEG_KMN_NE_00009,New Mexico,-108.78361591422299,35.45313021938852,negative,known_mining_area_nearby_negative,hard_mrds,0
hard_only,1397,NEG_KMN_NE_00010,New Mexico,-104.60526730905599,36.07513995088605,negative,known_mining_area_nearby_negative,hard_mrds,0
hard_only,1398,NEG_KMN_NE_00011,New Mexico,-108.46678678374877,31.883965311017846,negative,known_mining_area_nearby_negative,hard_mrds,0
hard_only,1399,NEG_KMN_NE_00012,New Mexico,-106.3934470955935,35.921476038343144,negative,known_mining_area_nearby_negative,hard_mrds,0
hard_only,1400,NEG_KMN_NE_00013,New Mexico,-106.83665397854003,32.47181058187391,negative,known_mining_area_nearby_negative,hard_mrds,0
hard_only,1401,NEG_KMN_NE_00014,New Mexico,-103.89939358337153,32.82087554163644,negative,known_mining_area_nearby_negative,hard_mrds,0
hard_only,1402,NEG_KMN_NE_00015,New Mexico,-103.95797201716323,32.37185020620591,negative,known_mining_area_nearby_negative,hard_mrds,0
hard_only,1403,NEG_KMN_NE_00016,New Mexico,-103.3046042680702,32.48318738310338,negative,known_mining_area_nearby_negative,hard_mrds,0
hard_only,1404,NEG_KMN_NE_00017,New Mexico,-103.27237018209166,32.393859256544545,negative,known_mining_area_nearby_negative,hard_mrds,0
hard_only,1405,NEG_KMN_NE_00018,New Mexico,-104.22271060300733,34.52597220878721,negative,known_mining_area_nearby_negative,hard_mrds,0
hard_only,1406,NEG_KMN_NE_00019,New Mexico,-104.82875303095517,34.84034168979348,negative,known_mining_area_nearby_negative,hard_mrds,0
hard_only,1407,NEG_KMN_NE_00020,New Mexico,-107.24604136879111,34.91332054652124,negative,known_mining_area_nearby_negative,hard_mrds,0
hard_only,1408,NEG_KMN_NE_00021,New Mexico,-103.63459712820003,33.31151133974985,negative,known_mining_area_nearby_negative,hard_mrds,0
hard_only,1409,NEG_KMN_NE_00022,New Mexico,-107.66681326422577,32.20038076628281,negative,known_mining_area_nearby_negative,hard_mrds,0
hard_only,1410,NEG_KMN_NE_00023,New Mexico,-106.98824212052818,33.762175286582135,negative,known_mining_area_nearby_negative,hard_mrds,0
hard_only,1411,NEG_KMN_NE_00024,New Mexico,-106.79353155636318,32.049519572526414,negative,known_mining_area_nearby_negative,hard_mrds,0
hard_only,1412,NEG_KMN_NE_00025,New Mexico,-108.60080568934245,32.337077303111336,negative,known_mining_area_nearby_negative,hard_mrds,0
hard_only,1413,NEG_KMN_NE_00026,New Mexico,-105.44008559548439,35.95605242661579,negative,known_mining_area_nearby_negative,hard_mrds,0
hard_only,1414,NEG_KMN_NE_00027,New Mexico,-104.42292824072575,32.78362107760915,negative,known_mining_area_nearby_negative,hard_mrds,0
hard_only,1415,NEG_KMN_NE_00028,New Mexico,-107.09401571148413,32.819322578302575,negative,known_mining_area_nearby_negative,hard_mrds,0
hard_only,1416,NEG_KMN_NE_00029,New Mexico,-108.71386805655436,32.258288679263295,negative,known_mining_area_nearby_negative,hard_mrds,0
hard_only,1417,NEG_KMN_NE_00030,New Mexico,-107.39168000217592,31.834781268295377,negative,known_mining_area_nearby_negative,hard_mrds,0
hard_only,1418,NEG_KMN_NE_00031,New Mexico,-108.77566796891574,32.38037473218716,negative,known_mining_area_nearby_negative,hard_mrds,0
hard_only,1419,NEG_KMN_NE_00032,New Mexico,-103.43994579431245,33.46702162613478,negative,known_mining_area_nearby_negative,hard_mrds,0
hard_only,1420,NEG_KMN_NE_00033,New Mexico,-106.75861778958773,35.4410835865296,negative,known_mining_area_nearby_negative,hard_mrds,0
hard_only,1421,NEG_KMN_NE_00034,New Mexico,-105.76499530083953,36.402560129179165,negative,known_mining_area_nearby_negative,hard_mrds,0
hard_only,1422,NEG_KMN_NE_00035,New Mexico,-103.54843921529698,33.177007646919094,negative,known_mining_area_nearby_negative,hard_mrds,0
hard_only,1423,NEG_KMN_NE_00036,New Mexico,-103.78295326020572,32.87158329168673,negative,known_mining_area_nearby_negative,hard_mrds,0
hard_only,1424,NEG_KMN_NE_00037,New Mexico,-106.13642617733677,36.29668108745141,negative,known_mining_area_nearby_negative,hard_mrds,0
hard_only,1425,NEG_KMN_NE_00038,New Mexico,-106.2461359197282,32.24522423056407,negative,known_mining_area_nearby_negative,hard_mrds,0
hard_only,1426,NEG_KMN_NE_00039,New Mexico,-107.6351190582846,35.227691607571124,negative,known_mining_area_nearby_negative,hard_mrds,0
hard_only,1427,NEG_KMN_NE_00040,New Mexico,-103.8210052348403,32.95658101964162,negative,known_mining_area_nearby_negative,hard_mrds,0
hard_only,1428,NEG_KMN_NE_00041,New Mexico,-108.84107594533509,33.61487175251739,negative,known_mining_area_nearby_negative,hard_mrds,0
hard_only,1429,NEG_KMN_NE_00042,New Mexico,-103.24846183265754,33.62652196102618,negative,known_mining_area_nearby_negative,hard_mrds,0
hard_only,1430,NEG_KMN_NE_00043,New Mexico,-106.32310764718011,36.79469129008374,negative,known_mining_area_nearby_negative,hard_mrds,0
hard_only,1431,NEG_KMN_NE_00044,New Mexico,-103.83843859954368,32.28721979644209,negative,known_mining_area_nearby_negative,hard_mrds,0
hard_only,1432,NEG_KMN_NE_00045,New Mexico,-107.61967816557717,35.17045749558606,negative,known_mining_area_nearby_negative,hard_mrds,0
hard_only,1433,NEG_KMN_NE_00046,New Mexico,-106.6714660577457,32.37241779366342,negative,known_mining_area_nearby_negative,hard_mrds,0
hard_only,1434,NEG_KMN_NE_00047,New Mexico,-106.75048888166168,35.75713208729446,negative,known_mining_area_nearby_negative,hard_mrds,0
hard_only,1435,NEG_KMN_NE_00048,New Mexico,-103.7711192337091,36.43558446789863,negative,known_mining_area_nearby_negative,hard_mrds,0
hard_only,1436,NEG_KMN_NE_00049,New Mexico,-103.25604629989346,34.51208082623728,negative,known_mining_area_nearby_negative,hard_mrds,0
hard_only,1437,NEG_KMN_NE_00050,New Mexico,-105.40500445938602,36.07447182441406,negative,known_mining_area_nearby_negative,hard_mrds,0
hard_only,1438,NEG_KMN_NE_00051,New Mexico,-105.33411672908096,34.068831253410636,negative,known_mining_area_nearby_negative,hard_mrds,0
hard_only,1439,NEG_KMN_NE_00052,New Mexico,-105.48391150302064,34.179012804391604,negative,known_mining_area_nearby_negative,hard_mrds,0
hard_only,1440,NEG_KMN_NE_00053,New Mexico,-106.05458107451574,36.34453630413847,negative,known_mining_area_nearby_negative,hard_mrds,0
hard_only,1441,NEG_KMN_NE_00054,New Mexico,-105.1553940090397,35.851008019039725,negative,known_mining_area_nearby_negative,hard_mrds,0
hard_only,1442,NEG_KMN_NE_00055,New Mexico,-107.93953878033989,32.63772581826242,negative,known_mining_area_nearby_negative,hard_mrds,0
hard_only,1443,NEG_KMN_NE_00056,New Mexico,-105.78415378049692,34.11232263557253,negative,known_mining_area_nearby_negative,hard_mrds,0
hard_only,1444,NEG_KMN_NE_00057,New Mexico,-107.3552917335424,34.10536952665211,negative,known_mining_area_nearby_negative,hard_mrds,0
hard_only,1445,NEG_KMN_NE_00058,New Mexico,-107.95174828961308,36.826811096616545,negative,known_mining_area_nearby_negative,hard_mrds,0
hard_only,1446,NEG_KMN_NE_00059,New Mexico,-106.99911496329457,36.152336339640584,negative,known_mining_area_nearby_negative,hard_mrds,0
hard_only,1447,NEG_KMN_NE_00060,New Mexico,-108.20187274557753,35.51513837583331,negative,known_mining_area_nearby_negative,hard_mrds,0
hard_only,1448,NEG_KMN_NE_00061,New Mexico,-106.05816606094743,36.29219402807619,negative,known_mining_area_nearby_negative,hard_mrds,0
hard_only,1449,NEG_KMN_NE_00062,New Mexico,-105.72270278291279,33.05772093685952,negative,known_mining_area_nearby_negative,hard_mrds,0
hard_only,1450,NEG_KMN_NE_00063,New Mexico,-103.41355350897277,32.68978940726287,negative,known_mining_area_nearby_negative,hard_mrds,0
hard_only,1451,NEG_KMN_NE_00064,New Mexico,-107.64122626825912,32.52312863642074,negative,known_mining_area_nearby_negative,hard_mrds,0
hard_only,1452,NEG_KMN_NE_00065,New Mexico,-105.83811419241977,33.402653014477735,negative,known_mining_area_nearby_negative,hard_mrds,0
hard_only,1453,NEG_KMN_NE_00066,New Mexico,-104.80804245817654,36.20315128438514,negative,known_mining_area_nearby_negative,hard_mrds,0
hard_only,1454,NEG_KMN_NE_00067,New Mexico,-104.44031299165624,32.86586275653419,negative,known_mining_area_nearby_negative,hard_mrds,0
hard_only,1455,NEG_KMN_NE_00068,New Mexico,-103.29636451064226,32.585972550677916,negative,known_mining_area_nearby_negative,hard_mrds,0
hard_only,1456,NEG_KMN_NE_00069,New Mexico,-105.70338339551552,36.51617920142585,negative,known_mining_area_nearby_negative,hard_mrds,0
hard_only,1457,NEG_KMN_NE_00070,New Mexico,-106.38837924933324,36.792902825379606,negative,known_mining_area_nearby_negative,hard_mrds,0
hard_only,1458,NEG_KMN_OR_00001,Oregon,-120.66909800127678,43.28661241020359,negative,known_mining_area_nearby_negative,hard_mrds,0
hard_only,1459,NEG_KMN_OR_00002,Oregon,-118.60580606502333,45.260797122096356,negative,known_mining_area_nearby_negative,hard_mrds,0
hard_only,1460,NEG_KMN_OR_00003,Oregon,-122.42662066720828,44.956099887879226,negative,known_mining_area_nearby_negative,hard_mrds,0
hard_only,1461,NEG_KMN_OR_00004,Oregon,-123.30229984038425,44.322196281578016,negative,known_mining_area_nearby_negative,hard_mrds,0
hard_only,1462,NEG_KMN_OR_00005,Oregon,-123.00448591918052,42.40149135944438,negative,known_mining_area_nearby_negative,hard_mrds,0
hard_only,1463,NEG_KMN_OR_00006,Oregon,-118.85645370899255,45.87121302054509,negative,known_mining_area_nearby_negative,hard_mrds,0
hard_only,1464,NEG_KMN_OR_00007,Oregon,-121.10995295456866,45.29896456510547,negative,known_mining_area_nearby_negative,hard_mrds,0
hard_only,1465,NEG_KMN_OR_00008,Oregon,-122.89287989516981,45.125997997204536,negative,known_mining_area_nearby_negative,hard_mrds,0
hard_only,1466,NEG_KMN_OR_00009,Oregon,-120.3628192785585,44.648798730159186,negative,known_mining_area_nearby_negative,hard_mrds,0
hard_only,1467,NEG_KMN_OR_00010,Oregon,-117.57792223549535,45.793363945596546,negative,known_mining_area_nearby_negative,hard_mrds,0
hard_only,1468,NEG_KMN_OR_00011,Oregon,-122.49760028032472,45.05692318250958,negative,known_mining_area_nearby_negative,hard_mrds,0
hard_only,1469,NEG_KMN_OR_00012,Oregon,-123.25915310403815,42.63981774376495,negative,known_mining_area_nearby_negative,hard_mrds,0
hard_only,1470,NEG_KMN_OR_00013,Oregon,-122.91755725309207,42.68904044137449,negative,known_mining_area_nearby_negative,hard_mrds,0
hard_only,1471,NEG_KMN_OR_00014,Oregon,-121.96526126389051,45.16140631419919,negative,known_mining_area_nearby_negative,hard_mrds,0
hard_only,1472,NEG_KMN_OR_00015,Oregon,-118.19730312007073,45.13536694066693,negative,known_mining_area_nearby_negative,hard_mrds,0
hard_only,1473,NEG_KMN_OR_00016,Oregon,-122.58703886147634,44.37154263003726,negative,known_mining_area_nearby_negative,hard_mrds,0
hard_only,1474,NEG_KMN_OR_00017,Oregon,-123.92853894760839,42.10409046594409,negative,known_mining_area_nearby_negative,hard_mrds,0
hard_only,1475,NEG_KMN_OR_00018,Oregon,-123.93071778311588,42.215258860445076,negative,known_mining_area_nearby_negative,hard_mrds,0
hard_only,1476,NEG_KMN_OR_00019,Oregon,-121.64006209058738,42.135252315450884,negative,known_mining_area_nearby_negative,hard_mrds,0
hard_only,1477,NEG_KMN_OR_00020,Oregon,-123.89342863263488,42.30732002784027,negative,known_mining_area_nearby_negative,hard_mrds,0
hard_only,1478,NEG_KMN_OR_00021,Oregon,-122.96470919032697,42.35051943310093,negative,known_mining_area_nearby_negative,hard_mrds,0
hard_only,1479,NEG_KMN_OR_00022,Oregon,-123.32152872821757,42.706124527417074,negative,known_mining_area_nearby_negative,hard_mrds,0
hard_only,1480,NEG_KMN_OR_00023,Oregon,-123.13134956120979,45.86045002017762,negative,known_mining_area_nearby_negative,hard_mrds,0
hard_only,1481,NEG_KMN_OR_00024,Oregon,-121.3413217756227,43.99825623078186,negative,known_mining_area_nearby_negative,hard_mrds,0
hard_only,1482,NEG_KMN_OR_00025,Oregon,-123.169836908445,42.61817562255416,negative,known_mining_area_nearby_negative,hard_mrds,0
hard_only,1483,NEG_KMN_OR_00026,Oregon,-122.7418432590905,44.67738022221462,negative,known_mining_area_nearby_negative,hard_mrds,0
hard_only,1484,NEG_KMN_OR_00027,Oregon,-121.43547460228558,42.42953243236666,negative,known_mining_area_nearby_negative,hard_mrds,0
hard_only,1485,NEG_KMN_OR_00028,Oregon,-122.22048003423328,45.21207743396865,negative,known_mining_area_nearby_negative,hard_mrds,0
hard_only,1486,NEG_KMN_OR_00029,Oregon,-123.04666815675193,42.74168353322988,negative,known_mining_area_nearby_negative,hard_mrds,0
hard_only,1487,NEG_KMN_OR_00030,Oregon,-117.19736367730559,44.22622638929565,negative,known_mining_area_nearby_negative,hard_mrds,0
hard_only,1488,NEG_KMN_OR_00031,Oregon,-123.91752154574101,42.732936645504076,negative,known_mining_area_nearby_negative,hard_mrds,0
hard_only,1489,NEG_KMN_OR_00032,Oregon,-120.5875787304077,44.985297856269995,negative,known_mining_area_nearby_negative,hard_mrds,0
hard_only,1490,NEG_KMN_OR_00033,Oregon,-123.91548495131633,42.33852154262062,negative,known_mining_area_nearby_negative,hard_mrds,0
hard_only,1491,NEG_KMN_OR_00034,Oregon,-120.43246882138646,42.04362568257577,negative,known_mining_area_nearby_negative,hard_mrds,0
hard_only,1492,NEG_KMN_OR_00035,Oregon,-122.96840310359414,45.966303097375466,negative,known_mining_area_nearby_negative,hard_mrds,0
hard_only,1493,NEG_KMN_OR_00036,Oregon,-123.57790576612496,46.19275239971712,negative,known_mining_area_nearby_negative,hard_mrds,0
hard_only,1494,NEG_KMN_OR_00037,Oregon,-117.83951823510074,45.78654444818459,negative,known_mining_area_nearby_negative,hard_mrds,0
hard_only,1495,NEG_KMN_OR_00038,Oregon,-123.0425677022439,44.24699242158579,negative,known_mining_area_nearby_negative,hard_mrds,0
hard_only,1496,NEG_KMN_OR_00039,Oregon,-123.85362734684037,44.74039062078997,negative,known_mining_area_nearby_negative,hard_mrds,0
hard_only,1497,NEG_KMN_OR_00040,Oregon,-123.10774670551507,45.18639558629741,negative,known_mining_area_nearby_negative,hard_mrds,0
hard_only,1498,NEG_KMN_OR_00041,Oregon,-123.04389138701004,44.620455910556714,negative,known_mining_area_nearby_negative,hard_mrds,0
hard_only,1499,NEG_KMN_OR_00042,Oregon,-117.49786175537793,45.31584750342688,negative,known_mining_area_nearby_negative,hard_mrds,0
hard_only,1500,NEG_KMN_OR_00043,Oregon,-121.44735522278961,44.57765203756921,negative,known_mining_area_nearby_negative,hard_mrds,0
hard_only,1501,NEG_KMN_OR_00044,Oregon,-118.52642040460114,44.78372185008502,negative,known_mining_area_nearby_negative,hard_mrds,0
hard_only,1502,NEG_KMN_OR_00045,Oregon,-122.97218978707838,44.483484074750116,negative,known_mining_area_nearby_negative,hard_mrds,0
hard_only,1503,NEG_KMN_OR_00046,Oregon,-122.32034150470582,44.939017783501015,negative,known_mining_area_nearby_negative,hard_mrds,0
hard_only,1504,NEG_KMN_OR_00047,Oregon,-121.8845207140418,45.108692473360165,negative,known_mining_area_nearby_negative,hard_mrds,0
hard_only,1505,NEG_KMN_OR_00048,Oregon,-122.068468434426,45.09815354776236,negative,known_mining_area_nearby_negative,hard_mrds,0
hard_only,1506,NEG_KMN_OR_00049,Oregon,-120.89566548714714,44.51735265773091,negative,known_mining_area_nearby_negative,hard_mrds,0
hard_only,1507,NEG_KMN_OR_00050,Oregon,-121.19854553079301,43.24928313049767,negative,known_mining_area_nearby_negative,hard_mrds,0
hard_only,1508,NEG_KMN_UT_00001,Utah,-111.95622921809473,38.573741346584946,negative,known_mining_area_nearby_negative,hard_mrds,0
hard_only,1509,NEG_KMN_UT_00002,Utah,-110.15394020951612,40.69495638790454,negative,known_mining_area_nearby_negative,hard_mrds,0
hard_only,1510,NEG_KMN_UT_00003,Utah,-111.81492943101898,40.77046230138856,negative,known_mining_area_nearby_negative,hard_mrds,0
hard_only,1511,NEG_KMN_UT_00004,Utah,-110.79471934049843,38.472684623463714,negative,known_mining_area_nearby_negative,hard_mrds,0
hard_only,1512,NEG_KMN_UT_00005,Utah,-113.3925279411356,38.174160113998504,negative,known_mining_area_nearby_negative,hard_mrds,0
hard_only,1513,NEG_KMN_UT_00006,Utah,-112.81018751076488,40.96712047681757,negative,known_mining_area_nearby_negative,hard_mrds,0
hard_only,1514,NEG_KMN_UT_00007,Utah,-111.50861585753563,39.1438340668811,negative,known_mining_area_nearby_negative,hard_mrds,0
hard_only,1515,NEG_KMN_UT_00008,Utah,-113.37500042585918,41.3697825249714,negative,known_mining_area_nearby_negative,hard_mrds,0
hard_only,1516,NEG_KMN_UT_00009,Utah,-109.55380253936016,38.07441754656725,negative,known_mining_area_nearby_negative,hard_mrds,0
hard_only,1517,NEG_KMN_UT_00010,Utah,-112.51943302472489,38.43200272744064,negative,known_mining_area_nearby_negative,hard_mrds,0
hard_only,1518,NEG_KMN_UT_00011,Utah,-109.50967532167101,38.931834405418485,negative,known_mining_area_nearby_negative,hard_mrds,0
hard_only,1519,NEG_KMN_UT_00012,Utah,-112.51323855630108,39.31871787113189,negative,known_mining_area_nearby_negative,hard_mrds,0
hard_only,1520,NEG_KMN_UT_00013,Utah,-110.39562932442266,37.93482601262618,negative,known_mining_area_nearby_negative,hard_mrds,0
hard_only,1521,NEG_KMN_UT_00014,Utah,-112.08112706010337,38.67994356802749,negative,known_mining_area_nearby_negative,hard_mrds,0
hard_only,1522,NEG_KMN_UT_00015,Utah,-110.88012522420291,39.44117485225614,negative,known_mining_area_nearby_negative,hard_mrds,0
hard_only,1523,NEG_KMN_UT_00016,Utah,-110.3292182631426,38.589065262243004,negative,known_mining_area_nearby_negative,hard_mrds,0
hard_only,1524,NEG_KMN_UT_00017,Utah,-112.76522158615074,37.15437313282699,negative,known_mining_area_nearby_negative,hard_mrds,0
hard_only,1525,NEG_KMN_UT_00018,Utah,-112.22871106880251,38.1703258058067,negative,known_mining_area_nearby_negative,hard_mrds,0
hard_only,1526,NEG_KMN_UT_00019,Utah,-112.4073492544884,39.998621726194074,negative,known_mining_area_nearby_negative,hard_mrds,0
hard_only,1527,NEG_KMN_UT_00020,Utah,-111.92385023605254,41.802985328693495,negative,known_mining_area_nearby_negative,hard_mrds,0
hard_only,1528,NEG_KMN_UT_00021,Utah,-109.66148928490861,40.04273253021787,negative,known_mining_area_nearby_negative,hard_mrds,0
hard_only,1529,NEG_KMN_UT_00022,Utah,-113.49787898847501,41.75498742582421,negative,known_mining_area_nearby_negative,hard_mrds,0
hard_only,1530,NEG_KMN_UT_00023,Utah,-113.52111609390136,38.3981184394164,negative,known_mining_area_nearby_negative,hard_mrds,0
hard_only,1531,NEG_KMN_UT_00024,Utah,-112.34654283463044,38.85071065294627,negative,known_mining_area_nearby_negative,hard_mrds,0
hard_only,1532,NEG_KMN_UT_00025,Utah,-113.08955573134875,39.90624040056953,negative,known_mining_area_nearby_negative,hard_mrds,0
hard_only,1533,NEG_KMN_UT_00026,Utah,-110.79426564642034,38.04800296134203,negative,known_mining_area_nearby_negative,hard_mrds,0
hard_only,1534,NEG_KMN_UT_00027,Utah,-112.53260067174045,39.12479123264127,negative,known_mining_area_nearby_negative,hard_mrds,0
hard_only,1535,NEG_KMN_UT_00028,Utah,-112.1617465443826,39.394811249502574,negative,known_mining_area_nearby_negative,hard_mrds,0
hard_only,1536,NEG_KMN_UT_00029,Utah,-110.59072341872644,37.68258150650609,negative,known_mining_area_nearby_negative,hard_mrds,0
hard_only,1537,NEG_KMN_UT_00030,Utah,-112.13167222636582,39.65921075406757,negative,known_mining_area_nearby_negative,hard_mrds,0
hard_only,1538,NEG_KMN_UT_00031,Utah,-111.76361971905305,38.7634407999611,negative,known_mining_area_nearby_negative,hard_mrds,0
hard_only,1539,NEG_KMN_UT_00032,Utah,-111.68033235088683,39.704999999127516,negative,known_mining_area_nearby_negative,hard_mrds,0
hard_only,1540,NEG_KMN_UT_00033,Utah,-109.51320199981296,38.747256931748154,negative,known_mining_area_nearby_negative,hard_mrds,0
hard_only,1541,NEG_KMN_UT_00034,Utah,-113.28722588355896,37.82941146316209,negative,known_mining_area_nearby_negative,hard_mrds,0
hard_only,1542,NEG_KMN_UT_00035,Utah,-111.05021163438664,38.537413674244405,negative,known_mining_area_nearby_negative,hard_mrds,0
hard_only,1543,NEG_KMN_UT_00036,Utah,-109.59404807016381,37.781484872870365,negative,known_mining_area_nearby_negative,hard_mrds,0
hard_only,1544,NEG_KMN_UT_00037,Utah,-110.58266076607129,37.679142195678416,negative,known_mining_area_nearby_negative,hard_mrds,0
hard_only,1545,NEG_KMN_UT_00038,Utah,-109.25262414281792,38.752456698566036,negative,known_mining_area_nearby_negative,hard_mrds,0
hard_only,1546,NEG_KMN_UT_00039,Utah,-109.62037715674182,38.72768411616996,negative,known_mining_area_nearby_negative,hard_mrds,0
hard_only,1547,NEG_KMN_UT_00040,Utah,-113.2231672207779,39.93469701051718,negative,known_mining_area_nearby_negative,hard_mrds,0
hard_only,1548,NEG_KMN_UT_00041,Utah,-109.50615224104189,38.3640637514325,negative,known_mining_area_nearby_negative,hard_mrds,0
hard_only,1549,NEG_KMN_UT_00042,Utah,-113.412115938498,41.93989693444784,negative,known_mining_area_nearby_negative,hard_mrds,0
hard_only,1550,NEG_KMN_UT_00043,Utah,-110.33575877660752,37.07954086641234,negative,known_mining_area_nearby_negative,hard_mrds,0
hard_only,1551,NEG_KMN_UT_00044,Utah,-113.67889310018677,38.349501948452826,negative,known_mining_area_nearby_negative,hard_mrds,0
hard_only,1552,NEG_KMN_UT_00045,Utah,-110.84478081200075,39.63368129216481,negative,known_mining_area_nearby_negative,hard_mrds,0
hard_only,1553,NEG_KMN_UT_00046,Utah,-109.25333875284167,37.68097724470846,negative,known_mining_area_nearby_negative,hard_mrds,0
hard_only,1554,NEG_KMN_UT_00047,Utah,-111.71141523369442,40.39595075983772,negative,known_mining_area_nearby_negative,hard_mrds,0
hard_only,1555,NEG_KMN_UT_00048,Utah,-112.84550537726244,39.95217684550758,negative,known_mining_area_nearby_negative,hard_mrds,0
hard_only,1556,NEG_KMN_UT_00049,Utah,-112.46164204355591,37.884663100549055,negative,known_mining_area_nearby_negative,hard_mrds,0
hard_only,1557,NEG_KMN_UT_00050,Utah,-109.08686176698416,38.77271473522377,negative,known_mining_area_nearby_negative,hard_mrds,0
hard_only,1558,NEG_KMN_WY_00001,Wyoming,-108.17671599713805,41.85007707402473,negative,known_mining_area_nearby_negative,hard_mrds,0
hard_only,1559,NEG_KMN_WY_00002,Wyoming,-107.2983364401357,44.29667074141858,negative,known_mining_area_nearby_negative,hard_mrds,0
hard_only,1560,NEG_KMN_WY_00003,Wyoming,-106.83858752752207,41.67561630572831,negative,known_mining_area_nearby_negative,hard_mrds,0
hard_only,1561,NEG_KMN_WY_00004,Wyoming,-107.36643739076237,42.85975209137344,negative,known_mining_area_nearby_negative,hard_mrds,0
hard_only,1562,NEG_KMN_WY_00005,Wyoming,-110.98764240884839,42.75617602752554,negative,known_mining_area_nearby_negative,hard_mrds,0
hard_only,1563,NEG_KMN_WY_00006,Wyoming,-106.24007418759936,43.03997162287874,negative,known_mining_area_nearby_negative,hard_mrds,0
hard_only,1564,NEG_KMN_WY_00007,Wyoming,-105.74674565014561,43.85813367273748,negative,known_mining_area_nearby_negative,hard_mrds,0
hard_only,1565,NEG_KMN_WY_00008,Wyoming,-105.80169842832157,43.96744776252973,negative,known_mining_area_nearby_negative,hard_mrds,0
hard_only,1566,NEG_KMN_WY_00009,Wyoming,-106.25868791100015,41.09518204584035,negative,known_mining_area_nearby_negative,hard_mrds,0
hard_only,1567,NEG_KMN_WY_00010,Wyoming,-105.90301666773667,43.73059494982451,negative,known_mining_area_nearby_negative,hard_mrds,0
hard_only,1568,NEG_KMN_WY_00011,Wyoming,-107.47346982807653,42.69565177261885,negative,known_mining_area_nearby_negative,hard_mrds,0
hard_only,1569,NEG_KMN_WY_00012,Wyoming,-107.12516112059132,43.3240750718623,negative,known_mining_area_nearby_negative,hard_mrds,0
hard_only,1570,NEG_KMN_WY_00013,Wyoming,-107.06418719063083,43.41085934191296,negative,known_mining_area_nearby_negative,hard_mrds,0
hard_only,1571,NEG_KMN_WY_00014,Wyoming,-106.61339471999565,41.47380527829925,negative,known_mining_area_nearby_negative,hard_mrds,0
hard_only,1572,NEG_KMN_WY_00015,Wyoming,-107.24196044787857,42.90243268197918,negative,known_mining_area_nearby_negative,hard_mrds,0
hard_only,1573,NEG_KMN_WY_00016,Wyoming,-106.66062581283995,42.50431486372186,negative,known_mining_area_nearby_negative,hard_mrds,0
hard_only,1574,NEG_KMN_WY_00017,Wyoming,-105.74004805362898,43.969327861819245,negative,known_mining_area_nearby_negative,hard_mrds,0
hard_only,1575,NEG_KMN_WY_00018,Wyoming,-105.7281308917112,43.628579965416705,negative,known_mining_area_nearby_negative,hard_mrds,0
hard_only,1576,NEG_KMN_WY_00019,Wyoming,-107.89187300651548,44.99927513812107,negative,known_mining_area_nearby_negative,hard_mrds,0
hard_only,1577,NEG_KMN_WY_00020,Wyoming,-109.24151190032586,41.18875673248191,negative,known_mining_area_nearby_negative,hard_mrds,0
hard_only,1578,NEG_KMN_WY_00021,Wyoming,-108.28428936024477,44.99006991255493,negative,known_mining_area_nearby_negative,hard_mrds,0
hard_only,1579,NEG_KMN_WY_00022,Wyoming,-105.21389773744727,43.78152675000988,negative,known_mining_area_nearby_negative,hard_mrds,0
hard_only,1580,NEG_KMN_WY_00023,Wyoming,-107.61228154377903,44.37366952476509,negative,known_mining_area_nearby_negative,hard_mrds,0
hard_only,1581,NEG_KMN_WY_00024,Wyoming,-104.50884337467528,43.08955222056151,negative,known_mining_area_nearby_negative,hard_mrds,0
hard_only,1582,NEG_KMN_WY_00025,Wyoming,-104.76725583999576,42.21136567359523,negative,known_mining_area_nearby_negative,hard_mrds,0
hard_only,1583,NEG_KMN_WY_00026,Wyoming,-106.54234787491987,43.61194431713639,negative,known_mining_area_nearby_negative,hard_mrds,0
hard_only,1584,NEG_KMN_WY_00027,Wyoming,-105.17829831464803,42.545959934871235,negative,known_mining_area_nearby_negative,hard_mrds,0
hard_only,1585,NEG_KMN_WY_00028,Wyoming,-105.81491944237433,41.36151786548139,negative,known_mining_area_nearby_negative,hard_mrds,0
hard_only,1586,NEG_KMN_WY_00029,Wyoming,-106.47942042437705,43.79561369704264,negative,known_mining_area_nearby_negative,hard_mrds,0
hard_only,1587,NEG_KMN_WY_00030,Wyoming,-105.78723780143054,43.74992595578544,negative,known_mining_area_nearby_negative,hard_mrds,0
hard_only,1588,NEG_KMN_WY_00031,Wyoming,-109.26198509181376,43.32709357712441,negative,known_mining_area_nearby_negative,hard_mrds,0
hard_only,1589,NEG_KMN_WY_00032,Wyoming,-106.3142845774218,42.60447020781545,negative,known_mining_area_nearby_negative,hard_mrds,0
hard_only,1590,NEG_KMN_WY_00033,Wyoming,-106.23428325144954,42.782048682456946,negative,known_mining_area_nearby_negative,hard_mrds,0
hard_only,1591,NEG_KMN_WY_00034,Wyoming,-104.1081661757193,44.42453737890222,negative,known_mining_area_nearby_negative,hard_mrds,0
hard_only,1592,NEG_KMN_WY_00035,Wyoming,-105.04635707235116,44.49877759327616,negative,known_mining_area_nearby_negative,hard_mrds,0
hard_only,1593,NEG_KMN_WY_00036,Wyoming,-106.13331386871369,41.047924468408915,negative,known_mining_area_nearby_negative,hard_mrds,0
hard_only,1594,NEG_KMN_WY_00037,Wyoming,-106.27191978035694,42.1219864664399,negative,known_mining_area_nearby_negative,hard_mrds,0
hard_only,1595,NEG_KMN_WY_00038,Wyoming,-104.41091532209487,44.43827867426303,negative,known_mining_area_nearby_negative,hard_mrds,0
hard_only,1596,NEG_KMN_WY_00039,Wyoming,-104.93679284227073,42.7122893910079,negative,known_mining_area_nearby_negative,hard_mrds,0
hard_only,1597,NEG_KMN_WY_00040,Wyoming,-105.99052267332098,43.63867946585576,negative,known_mining_area_nearby_negative,hard_mrds,0
hard_only,1598,NEG_KMN_WY_00041,Wyoming,-107.94382590034621,42.64712584376352,negative,known_mining_area_nearby_negative,hard_mrds,0
hard_only,1599,NEG_KMN_WY_00042,Wyoming,-107.74356948134977,42.540819363311215,negative,known_mining_area_nearby_negative,hard_mrds,0
hard_only,1600,NEG_KMN_WY_00043,Wyoming,-106.25798748440934,42.3217789063084,negative,known_mining_area_nearby_negative,hard_mrds,0
hard_only,1601,NEG_KMN_WY_00044,Wyoming,-110.89821165626142,43.008652465140734,negative,known_mining_area_nearby_negative,hard_mrds,0
hard_only,1602,NEG_KMN_WY_00045,Wyoming,-106.15758092779424,43.66761621710023,negative,known_mining_area_nearby_negative,hard_mrds,0
hard_only,1603,NEG_KMN_WY_00046,Wyoming,-106.67408429727993,43.778889627997124,negative,known_mining_area_nearby_negative,hard_mrds,0
hard_only,1604,NEG_KMN_WY_00047,Wyoming,-107.52064006614125,42.60910979323863,negative,known_mining_area_nearby_negative,hard_mrds,0
hard_only,1605,NEG_KMN_WY_00048,Wyoming,-107.6585025293092,42.51495938834736,negative,known_mining_area_nearby_negative,hard_mrds,0
hard_only,1606,NEG_KMN_WY_00049,Wyoming,-105.71801020714236,43.78436703311768,negative,known_mining_area_nearby_negative,hard_mrds,0
hard_only,1607,NEG_KMN_WY_00050,Wyoming,-106.2312322580446,41.65233594187603,negative,known_mining_area_nearby_negative,hard_mrds,0
hard_only,1608,NEG_KMN_CO_00001,Colorado,-105.03973948483457,39.60693095681576,negative,known_mining_area_nearby_negative,hard_mrds,0
hard_only,1609,NEG_KMN_CO_00002,Colorado,-105.04835276731194,38.57950193807102,negative,known_mining_area_nearby_negative,hard_mrds,0
hard_only,1610,NEG_KMN_CO_00003,Colorado,-106.11549444657243,38.64464894303007,negative,known_mining_area_nearby_negative,hard_mrds,0
hard_only,1611,NEG_KMN_CO_00004,Colorado,-108.77638473511269,38.60508490242844,negative,known_mining_area_nearby_negative,hard_mrds,0
hard_only,1612,NEG_KMN_CO_00005,Colorado,-105.92151436939514,40.385766118497365,negative,known_mining_area_nearby_negative,hard_mrds,0
hard_only,1613,NEG_KMN_CO_00006,Colorado,-102.73932965246496,40.790572564501886,negative,known_mining_area_nearby_negative,hard_mrds,0
hard_only,1614,NEG_KMN_CO_00007,Colorado,-105.49791781685474,39.925358875148284,negative,known_mining_area_nearby_negative,hard_mrds,0
hard_only,1615,NEG_KMN_CO_00008,Colorado,-108.75641725418541,37.97078016700975,negative,known_mining_area_nearby_negative,hard_mrds,0
hard_only,1616,NEG_KMN_CO_00009,Colorado,-102.6593062413283,38.13003105706546,negative,known_mining_area_nearby_negative,hard_mrds,0
hard_only,1617,NEG_KMN_CO_00010,Colorado,-105.36606742240099,40.74694279700668,negative,known_mining_area_nearby_negative,hard_mrds,0
hard_only,1618,NEG_KMN_CO_00011,Colorado,-105.41774228681385,39.07424538706906,negative,known_mining_area_nearby_negative,hard_mrds,0
hard_only,1619,NEG_KMN_CO_00012,Colorado,-105.15220184263904,38.63360296690719,negative,known_mining_area_nearby_negative,hard_mrds,0
hard_only,1620,NEG_KMN_CO_00013,Colorado,-107.0457296758741,39.072492689618585,negative,known_mining_area_nearby_negative,hard_mrds,0
hard_only,1621,NEG_KMN_CO_00014,Colorado,-104.58727922260971,40.36473226626176,negative,known_mining_area_nearby_negative,hard_mrds,0
hard_only,1622,NEG_KMN_CO_00015,Colorado,-106.18709419604835,39.19100458783733,negative,known_mining_area_nearby_negative,hard_mrds,0
hard_only,1623,NEG_KMN_CO_00016,Colorado,-108.83792990524466,38.16037739402949,negative,known_mining_area_nearby_negative,hard_mrds,0
hard_only,1624,NEG_KMN_CO_00017,Colorado,-106.11768765775827,40.2267426141858,negative,known_mining_area_nearby_negative,hard_mrds,0
hard_only,1625,NEG_KMN_CO_00018,Colorado,-106.36906770230485,39.446970344777654,negative,known_mining_area_nearby_negative,hard_mrds,0
hard_only,1626,NEG_KMN_CO_00019,Colorado,-109.01291572465584,38.39948742178007,negative,known_mining_area_nearby_negative,hard_mrds,0
hard_only,1627,NEG_KMN_CO_00020,Colorado,-105.18496197290528,39.35231000594725,negative,known_mining_area_nearby_negative,hard_mrds,0
hard_only,1628,NEG_KMN_CO_00021,Colorado,-105.97895774413894,38.52510602041865,negative,known_mining_area_nearby_negative,hard_mrds,0
hard_only,1629,NEG_KMN_CO_00022,Colorado,-105.38508819794777,38.86952996222235,negative,known_mining_area_nearby_negative,hard_mrds,0
hard_only,1630,NEG_KMN_CO_00023,Colorado,-108.81715788409184,38.39920687050921,negative,known_mining_area_nearby_negative,hard_mrds,0
hard_only,1631,NEG_KMN_CO_00024,Colorado,-108.93690192845457,38.034126672233185,negative,known_mining_area_nearby_negative,hard_mrds,0
hard_only,1632,NEG_KMN_CO_00025,Colorado,-108.84132960907448,37.94426470322428,negative,known_mining_area_nearby_negative,hard_mrds,0
hard_only,1633,NEG_KMN_CO_00026,Colorado,-108.65425626103695,38.22281815086796,negative,known_mining_area_nearby_negative,hard_mrds,0
hard_only,1634,NEG_KMN_CO_00027,Colorado,-105.59302462700072,38.86013305730861,negative,known_mining_area_nearby_negative,hard_mrds,0
hard_only,1635,NEG_KMN_CO_00028,Colorado,-108.88736130174209,38.9127264002515,negative,known_mining_area_nearby_negative,hard_mrds,0
hard_only,1636,NEG_KMN_CO_00029,Colorado,-105.17350896695928,39.66361371671814,negative,known_mining_area_nearby_negative,hard_mrds,0
hard_only,1637,NEG_KMN_CO_00030,Colorado,-104.01693734952369,39.566757742256804,negative,known_mining_area_nearby_negative,hard_mrds,0
hard_only,1638,NEG_KMN_CO_00031,Colorado,-108.36538122292131,38.879068381284526,negative,known_mining_area_nearby_negative,hard_mrds,0
hard_only,1639,NEG_KMN_CO_00032,Colorado,-108.75089465509097,38.27010348203999,negative,known_mining_area_nearby_negative,hard_mrds,0
hard_only,1640,NEG_KMN_CO_00033,Colorado,-108.74833261227116,38.48982145141416,negative,known_mining_area_nearby_negative,hard_mrds,0
hard_only,1641,NEG_KMN_CO_00034,Colorado,-105.5251784534064,40.18839559095286,negative,known_mining_area_nearby_negative,hard_mrds,0
hard_only,1642,NEG_KMN_CO_00035,Colorado,-106.29359371317184,39.06833826878053,negative,known_mining_area_nearby_negative,hard_mrds,0
hard_only,1643,NEG_KMN_CO_00036,Colorado,-104.96718302888883,39.125916979833605,negative,known_mining_area_nearby_negative,hard_mrds,0
hard_only,1644,NEG_KMN_CO_00037,Colorado,-105.14684814359907,40.62588379618542,negative,known_mining_area_nearby_negative,hard_mrds,0
hard_only,1645,NEG_KMN_CO_00038,Colorado,-104.71617766530801,38.44575710275881,negative,known_mining_area_nearby_negative,hard_mrds,0
hard_only,1646,NEG_KMN_CO_00039,Colorado,-102.11105882142937,40.891361232766975,negative,known_mining_area_nearby_negative,hard_mrds,0
hard_only,1647,NEG_KMN_CO_00040,Colorado,-105.86549741253805,38.82269583955919,negative,known_mining_area_nearby_negative,hard_mrds,0
hard_only,1648,NEG_KMN_ID_00001,Idaho,-116.55712547976816,43.39079907667946,negative,known_mining_area_nearby_negative,hard_mrds,0
hard_only,1649,NEG_KMN_ID_00002,Idaho,-115.2076703153416,45.02431976617581,negative,known_mining_area_nearby_negative,hard_mrds,0
hard_only,1650,NEG_KMN_ID_00003,Idaho,-113.33334383981628,44.67840948426119,negative,known_mining_area_nearby_negative,hard_mrds,0
hard_only,1651,NEG_KMN_ID_00004,Idaho,-114.44826993186336,43.52490764009609,negative,known_mining_area_nearby_negative,hard_mrds,0
hard_only,1652,NEG_KMN_ID_00005,Idaho,-114.73930358415885,44.49645226563817,negative,known_mining_area_nearby_negative,hard_mrds,0
hard_only,1653,NEG_KMN_ID_00006,Idaho,-114.21529581382606,44.128311056723646,negative,known_mining_area_nearby_negative,hard_mrds,0
hard_only,1654,NEG_KMN_ID_00007,Idaho,-114.78091933270076,44.43821253010042,negative,known_mining_area_nearby_negative,hard_mrds,0
hard_only,1655,NEG_KMN_ID_00008,Idaho,-114.26335067663734,43.23133212451165,negative,known_mining_area_nearby_negative,hard_mrds,0
hard_only,1656,NEG_KMN_ID_00009,Idaho,-116.37284219364153,47.43626012779137,negative,known_mining_area_nearby_negative,hard_mrds,0
hard_only,1657,NEG_KMN_ID_00010,Idaho,-116.6872108687839,43.65009958804628,negative,known_mining_area_nearby_negative,hard_mrds,0
hard_only,1658,NEG_KMN_ID_00011,Idaho,-116.94734192612111,43.57344553545196,negative,known_mining_area_nearby_negative,hard_mrds,0
hard_only,1659,NEG_KMN_ID_00012,Idaho,-116.3956432010678,46.734490907579854,negative,known_mining_area_nearby_negative,hard_mrds,0
hard_only,1660,NEG_KMN_ID_00013,Idaho,-112.10448718918036,42.603175168067295,negative,known_mining_area_nearby_negative,hard_mrds,0
hard_only,1661,NEG_KMN_ID_00014,Idaho,-112.67051604888007,44.00511321185048,negative,known_mining_area_nearby_negative,hard_mrds,0
hard_only,1662,NEG_KMN_ID_00015,Idaho,-114.54355789210865,43.31381742683294,negative,known_mining_area_nearby_negative,hard_mrds,0
hard_only,1663,NEG_KMN_ID_00016,Idaho,-115.2953596917202,45.581214855749494,negative,known_mining_area_nearby_negative,hard_mrds,0
hard_only,1664,NEG_KMN_ID_00017,Idaho,-116.23914416046279,48.18333769757428,negative,known_mining_area_nearby_negative,hard_mrds,0
hard_only,1665,NEG_KMN_ID_00018,Idaho,-111.4265120950356,43.20964857336777,negative,known_mining_area_nearby_negative,hard_mrds,0
hard_only,1666,NEG_KMN_ID_00019,Idaho,-116.92087349770162,47.24403611691209,negative,known_mining_area_nearby_negative,hard_mrds,0
hard_only,1667,NEG_KMN_ID_00020,Idaho,-115.32033245094806,45.0185133951158,negative,known_mining_area_nearby_negative,hard_mrds,0
hard_only,1668,NEG_KMN_ID_00021,Idaho,-116.1856582994331,47.331023480722166,negative,known_mining_area_nearby_negative,hard_mrds,0
hard_only,1669,NEG_KMN_ID_00022,Idaho,-111.87461005515047,43.64139095478506,negative,known_mining_area_nearby_negative,hard_mrds,0
hard_only,1670,NEG_KMN_ID_00023,Idaho,-115.54634630814655,45.89456130622941,negative,known_mining_area_nearby_negative,hard_mrds,0
hard_only,1671,NEG_KMN_ID_00024,Idaho,-116.39854573213586,43.53470572327378,negative,known_mining_area_nearby_negative,hard_mrds,0
hard_only,1672,NEG_KMN_ID_00025,Idaho,-116.11704521446558,43.9427832774183,negative,known_mining_area_nearby_negative,hard_mrds,0
hard_only,1673,NEG_KMN_ID_00026,Idaho,-116.19086620173198,46.0837865642467,negative,known_mining_area_nearby_negative,hard_mrds,0
hard_only,1674,NEG_KMN_ID_00027,Idaho,-111.53285123510864,43.916613042035294,negative,known_mining_area_nearby_negative,hard_mrds,0
hard_only,1675,NEG_KMN_ID_00028,Idaho,-116.26156607536979,48.43735357503219,negative,known_mining_area_nearby_negative,hard_mrds,0
hard_only,1676,NEG_KMN_ID_00029,Idaho,-114.54842185751454,43.91215886075356,negative,known_mining_area_nearby_negative,hard_mrds,0
hard_only,1677,NEG_KMN_ID_00030,Idaho,-115.31307988573445,44.95160375930935,negative,known_mining_area_nearby_negative,hard_mrds,0
hard_only,1678,NEG_KMN_ID_00031,Idaho,-112.53629361448407,42.28369523337415,negative,known_mining_area_nearby_negative,hard_mrds,0
hard_only,1679,NEG_KMN_ID_00032,Idaho,-113.77432753926445,42.75656071133175,negative,known_mining_area_nearby_negative,hard_mrds,0
hard_only,1680,NEG_KMN_ID_00033,Idaho,-116.43298293927535,47.06989502784168,negative,known_mining_area_nearby_negative,hard_mrds,0
hard_only,1681,NEG_KMN_ID_00034,Idaho,-111.90447394411558,43.836894371201616,negative,known_mining_area_nearby_negative,hard_mrds,0
hard_only,1682,NEG_KMN_ID_00035,Idaho,-116.52333461227317,48.15816545067748,negative,known_mining_area_nearby_negative,hard_mrds,0
hard_only,1683,NEG_KMN_ID_00036,Idaho,-114.21094186759268,42.52336807205924,negative,known_mining_area_nearby_negative,hard_mrds,0
hard_only,1684,NEG_KMN_ID_00037,Idaho,-114.43641405082099,43.65886887815311,negative,known_mining_area_nearby_negative,hard_mrds,0
hard_only,1685,NEG_KMN_ID_00038,Idaho,-113.62434808202318,44.74238092029926,negative,known_mining_area_nearby_negative,hard_mrds,0
hard_only,1686,NEG_KMN_ID_00039,Idaho,-114.19338203140649,45.131178020486935,negative,known_mining_area_nearby_negative,hard_mrds,0
hard_only,1687,NEG_KMN_ID_00040,Idaho,-116.95032019567145,46.73473471983147,negative,known_mining_area_nearby_negative,hard_mrds,0
hard_only,1688,NEG_KMN_MO_00001,Montana,-104.56183357289433,48.44511062135344,negative,known_mining_area_nearby_negative,hard_mrds,0
hard_only,1689,NEG_KMN_MO_00002,Montana,-114.46353122218909,47.030201725286645,negative,known_mining_area_nearby_negative,hard_mrds,0
hard_only,1690,NEG_KMN_MO_00003,Montana,-109.31104476613564,47.124693085344745,negative,known_mining_area_nearby_negative,hard_mrds,0
hard_only,1691,NEG_KMN_MO_00004,Montana,-113.37847984033033,46.15546075666363,negative,known_mining_area_nearby_negative,hard_mrds,0
hard_only,1692,NEG_KMN_MO_00005,Montana,-113.26647676731625,46.232903887592286,negative,known_mining_area_nearby_negative,hard_mrds,0
hard_only,1693,NEG_KMN_MO_00006,Montana,-113.38411350972729,46.44336337489954,negative,known_mining_area_nearby_negative,hard_mrds,0
hard_only,1694,NEG_KMN_MO_00007,Montana,-111.96291293765694,46.09040690974157,negative,known_mining_area_nearby_negative,hard_mrds,0
hard_only,1695,NEG_KMN_MO_00008,Montana,-110.77212757605878,45.14612209734827,negative,known_mining_area_nearby_negative,hard_mrds,0
hard_only,1696,NEG_KMN_MO_00009,Montana,-112.49386385521859,45.05903445879512,negative,known_mining_area_nearby_negative,hard_mrds,0
hard_only,1697,NEG_KMN_MO_00010,Montana,-113.54783611269556,46.30517451412625,negative,known_mining_area_nearby_negative,hard_mrds,0
hard_only,1698,NEG_KMN_MO_00011,Montana,-115.33017708581713,47.5776054307281,negative,known_mining_area_nearby_negative,hard_mrds,0
hard_only,1699,NEG_KMN_MO_00012,Montana,-112.8999074079839,48.5966877160084,negative,known_mining_area_nearby_negative,hard_mrds,0
hard_only,1700,NEG_KMN_MO_00013,Montana,-111.26705355317506,45.25610609049034,negative,known_mining_area_nearby_negative,hard_mrds,0
hard_only,1701,NEG_KMN_MO_00014,Montana,-112.52089039694232,45.00097175453532,negative,known_mining_area_nearby_negative,hard_mrds,0
hard_only,1702,NEG_KMN_MO_00015,Montana,-113.04755604138694,46.46999490557169,negative,known_mining_area_nearby_negative,hard_mrds,0
hard_only,1703,NEG_KMN_MO_00016,Montana,-112.59941004528253,45.3364631159306,negative,known_mining_area_nearby_negative,hard_mrds,0
hard_only,1704,NEG_KMN_MO_00017,Montana,-110.26295408309181,45.41889893186613,negative,known_mining_area_nearby_negative,hard_mrds,0
hard_only,1705,NEG_KMN_MO_00018,Montana,-110.42222669508845,46.96376597487122,negative,known_mining_area_nearby_negative,hard_mrds,0
hard_only,1706,NEG_KMN_MO_00019,Montana,-112.90269340242736,46.52723561564908,negative,known_mining_area_nearby_negative,hard_mrds,0
hard_only,1707,NEG_KMN_MO_00020,Montana,-110.67736053375029,46.87717072427253,negative,known_mining_area_nearby_negative,hard_mrds,0
hard_only,1708,NEG_KMN_MO_00021,Montana,-112.05069388643568,44.917757996299066,negative,known_mining_area_nearby_negative,hard_mrds,0
hard_only,1709,NEG_KMN_MO_00022,Montana,-112.12616208971951,46.37635318049117,negative,known_mining_area_nearby_negative,hard_mrds,0
hard_only,1710,NEG_KMN_MO_00023,Montana,-112.23625474526574,46.487745955634736,negative,known_mining_area_nearby_negative,hard_mrds,0
hard_only,1711,NEG_KMN_MO_00024,Montana,-113.14236598191889,46.18730955436045,negative,known_mining_area_nearby_negative,hard_mrds,0
hard_only,1712,NEG_KMN_MO_00025,Montana,-112.62852799196259,45.53074203112388,negative,known_mining_area_nearby_negative,hard_mrds,0
hard_only,1713,NEG_KMN_MO_00026,Montana,-111.08292025033927,46.32926447906387,negative,known_mining_area_nearby_negative,hard_mrds,0
hard_only,1714,NEG_KMN_MO_00027,Montana,-111.95538156309647,45.93325219266607,negative,known_mining_area_nearby_negative,hard_mrds,0
hard_only,1715,NEG_KMN_MO_00028,Montana,-109.45252139144372,47.32782788597843,negative,known_mining_area_nearby_negative,hard_mrds,0
hard_only,1716,NEG_KMN_MO_00029,Montana,-113.23795413499874,46.72139497732545,negative,known_mining_area_nearby_negative,hard_mrds,0
hard_only,1717,NEG_KMN_MO_00030,Montana,-112.80721639537518,47.174483476959516,negative,known_mining_area_nearby_negative,hard_mrds,0
hard_only,1718,NEG_KMN_CA_00001,California,-120.85364935117866,38.46576967564577,negative,known_mining_area_nearby_negative,hard_mrds,0
hard_only,1719,NEG_KMN_CA_00002,California,-122.75753598547703,40.10767102589427,negative,known_mining_area_nearby_negative,hard_mrds,0
hard_only,1720,NEG_KMN_CA_00003,California,-118.58151321294105,37.74467441938443,negative,known_mining_area_nearby_negative,hard_mrds,0
hard_only,1721,NEG_KMN_CA_00004,California,-120.82759371585786,38.158194932181964,negative,known_mining_area_nearby_negative,hard_mrds,0
hard_only,1722,NEG_KMN_CA_00005,California,-121.68155287994256,37.56370739966179,negative,known_mining_area_nearby_negative,hard_mrds,0
hard_only,1723,NEG_KMN_CA_00006,California,-121.7781755556004,39.959129317474286,negative,known_mining_area_nearby_negative,hard_mrds,0
hard_only,1724,NEG_KMN_CA_00007,California,-122.57654259876887,41.533756191415094,negative,known_mining_area_nearby_negative,hard_mrds,0
hard_only,1725,NEG_KMN_CA_00008,California,-120.3774097398375,38.175020158127175,negative,known_mining_area_nearby_negative,hard_mrds,0
hard_only,1726,NEG_KMN_CA_00009,California,-120.90355282874964,39.49396637619265,negative,known_mining_area_nearby_negative,hard_mrds,0
hard_only,1727,NEG_KMN_CA_00010,California,-121.50585936952314,37.51060620722961,negative,known_mining_area_nearby_negative,hard_mrds,0
hard_only,1728,NEG_KMN_CA_00011,California,-117.8562822140367,35.347233402795474,negative,known_mining_area_nearby_negative,hard_mrds,0
hard_only,1729,NEG_KMN_CA_00012,California,-116.00561508955172,32.97064696852962,negative,known_mining_area_nearby_negative,hard_mrds,0
hard_only,1730,NEG_KMN_CA_00013,California,-122.24828756070315,37.94345956785593,negative,known_mining_area_nearby_negative,hard_mrds,0
hard_only,1731,NEG_KMN_CA_00014,California,-117.80040612993605,36.194909453943126,negative,known_mining_area_nearby_negative,hard_mrds,0
hard_only,1732,NEG_KMN_CA_00015,California,-122.0833754958191,38.625675440371175,negative,known_mining_area_nearby_negative,hard_mrds,0
hard_only,1733,NEG_KMN_CA_00016,California,-123.68280726894125,41.65958114120094,negative,known_mining_area_nearby_negative,hard_mrds,0
hard_only,1734,NEG_KMN_CA_00017,California,-121.45304956042162,37.270389087488745,negative,known_mining_area_nearby_negative,hard_mrds,0
hard_only,1735,NEG_KMN_CA_00018,California,-121.04151114710396,38.68174979336638,negative,known_mining_area_nearby_negative,hard_mrds,0
hard_only,1736,NEG_KMN_CA_00019,California,-121.1685355077957,39.43028220200923,negative,known_mining_area_nearby_negative,hard_mrds,0
hard_only,1737,NEG_KMN_CA_00020,California,-118.59523839728439,35.70580841807675,negative,known_mining_area_nearby_negative,hard_mrds,0
background_only,0,POS_10026848,Arizona,-110.798,33.0662,positive,,,1
background_only,1,POS_10026888,Arizona,-109.535,32.88149,positive,,,1
background_only,2,POS_10026923,Arizona,-111.857,34.48255,positive,,,1
background_only,3,POS_10027008,Arizona,-109.653,32.94593,positive,,,1
background_only,4,POS_10027031,Arizona,-109.606,32.94177,positive,,,1
background_only,5,POS_10037125,Arizona,-112.334,34.36394,positive,,,1
background_only,6,POS_10039593,Arizona,-111.073,31.98651,positive,,,1
background_only,7,POS_10039668,Arizona,-111.082,32.02762,positive,,,1
background_only,8,POS_10039675,Arizona,-111.079,32.14568,positive,,,1
background_only,9,POS_10039684,Arizona,-111.538,32.41622,positive,,,1
background_only,10,POS_10039685,Arizona,-111.503,32.39705,positive,,,1
background_only,11,POS_10039895,Arizona,-111.533,32.44094,positive,,,1
background_only,12,POS_10046235,Arizona,-109.902,31.43708,positive,,,1
background_only,13,POS_10046238,Arizona,-109.899,31.43264,positive,,,1
background_only,14,POS_10046248,Arizona,-109.915,31.44097,positive,,,1
background_only,15,POS_10046282,Arizona,-112.055,32.58927,positive,,,1
background_only,16,POS_10048292,Arizona,-109.361,33.11371,positive,,,1
background_only,17,POS_10048337,Arizona,-110.719,31.50375,positive,,,1
background_only,18,POS_10048777,Arizona,-110.031,32.09012,positive,,,1
background_only,19,POS_10067172,Arizona,-111.58,33.11398,positive,,,1
background_only,20,POS_10072137,Arizona,-112.584,34.49172,positive,,,1
background_only,21,POS_10095027,Arizona,-110.578,32.38733,positive,,,1
background_only,22,POS_10096999,Arizona,-109.675,32.96149,positive,,,1
background_only,23,POS_10104070,Arizona,-109.987,31.48875,positive,,,1
background_only,24,POS_10104088,Arizona,-110.942,33.33425,positive,,,1
background_only,25,POS_10111429,Arizona,-111.064,31.99234,positive,,,1
background_only,26,POS_10113259,Arizona,-110.693,32.6837,positive,,,1
background_only,27,POS_10113316,Arizona,-111.882,32.89979,positive,,,1
background_only,28,POS_10113726,Arizona,-111.216,33.03569,positive,,,1
background_only,29,POS_10113911,Arizona,-114.15,35.36422,positive,,,1
background_only,30,POS_10137553,Arizona,-111.065,33.30539,positive,,,1
background_only,31,POS_10137918,Arizona,-111.149,31.87152,positive,,,1
background_only,32,POS_10161929,Arizona,-111.502,32.39371,positive,,,1
background_only,33,POS_10162257,Arizona,-111.901,32.5168,positive,,,1
background_only,34,POS_10162326,Arizona,-113.209,34.58474,positive,,,1
background_only,35,POS_10184420,Arizona,-110.876,33.40698,positive,,,1
background_only,36,POS_10185792,Arizona,-110.905,33.40978,positive,,,1
background_only,37,POS_10186051,Arizona,-110.887,33.40818,positive,,,1
background_only,38,POS_10186598,Arizona,-111.431,33.04785,positive,,,1
background_only,39,POS_10209543,Arizona,-109.623,32.93085,positive,,,1
background_only,40,POS_10209824,Arizona,-110.903,33.34178,positive,,,1
background_only,41,POS_10210616,Arizona,-110.992,33.18315,positive,,,1
background_only,42,POS_10210685,Arizona,-110.759,31.83263,positive,,,1
background_only,43,POS_10234135,Arizona,-110.742,33.05899,positive,,,1
background_only,44,POS_10234825,Arizona,-111.051,31.90822,positive,,,1
background_only,45,POS_10257231,Arizona,-110.882,33.44588,positive,,,1
background_only,46,POS_10258292,Arizona,-110.965,33.41228,positive,,,1
background_only,47,POS_10282444,Arizona,-109.354,33.089,positive,,,1
background_only,48,POS_10282707,Arizona,-109.908,31.44044,positive,,,1
background_only,49,POS_10282908,Arizona,-110.876,33.39178,positive,,,1
background_only,50,POS_10283179,Arizona,-111.817,32.95465,positive,,,1
background_only,51,POS_10283204,Arizona,-112.869,32.354,positive,,,1
background_only,52,POS_10400304,Arizona,-112.346,34.0375,positive,,,1
background_only,53,POS_10400314,Arizona,-109.654,32.9468,positive,,,1
background_only,54,POS_10400395,Arizona,-110.998,33.378,positive,,,1
background_only,55,POS_60000203,Arizona,-110.784,31.86683,positive,,,1
background_only,56,POS_60000298,Arizona,-111.541,32.42041,positive,,,1
background_only,57,POS_60000891,Arizona,-111.084,31.96682,positive,,,1
background_only,58,POS_10109418,California,-120.775,40.2032,positive,,,1
background_only,59,POS_10261965,California,-120.784,40.21657,positive,,,1
background_only,60,POS_10008353,Colorado,-108.001,37.85,positive,,,1
background_only,61,POS_10012295,Colorado,-105.373,38.11807,positive,,,1
background_only,62,POS_10264283,Colorado,-108.089,37.40671,positive,,,1
background_only,63,POS_10400263,Colorado,-105.487,37.57174,positive,,,1
background_only,64,POS_10078685,Idaho,-115.784,44.03598,positive,,,1
background_only,65,POS_10089294,Idaho,-113.669,43.89197,positive,,,1
background_only,66,POS_10096858,Idaho,-113.995,45.35629,positive,,,1
background_only,67,POS_10193063,Idaho,-113.675,43.88977,positive,,,1
background_only,68,POS_10173000,Montana,-112.527,46.0202,positive,,,1
background_only,69,POS_10221947,Montana,-112.363,47.0233,positive,,,1
background_only,70,POS_60001622,Montana,-112.53,46.0249,positive,,,1
background_only,71,POS_10037318,Nevada,-115.024,39.26133,positive,,,1
background_only,72,POS_10037319,Nevada,-115.021,39.25994,positive,,,1
background_only,73,POS_10037320,Nevada,-114.999,39.25772,positive,,,1
background_only,74,POS_10037321,Nevada,-115.031,39.263,positive,,,1
background_only,75,POS_10044011,Nevada,-117.034,40.61768,positive,,,1
background_only,76,POS_10044060,Nevada,-117.201,40.61657,positive,,,1
background_only,77,POS_10047445,Nevada,-117.741,40.29434,positive,,,1
background_only,78,POS_10047487,Nevada,-119.109,39.84295,positive,,,1
background_only,79,POS_10047490,Nevada,-119.103,39.896,positive,,,1
background_only,80,POS_10048830,Nevada,-119.271,38.95991,positive,,,1
background_only,81,POS_10080427,Nevada,-114.972,39.25772,positive,,,1
background_only,82,POS_10149678,Nevada,-119.194,38.98351,positive,,,1
background_only,83,POS_10310303,Nevada,-117.143,40.50851,positive,,,1
background_only,84,POS_10310307,Nevada,-117.126,40.545,positive,,,1
background_only,85,POS_10310327,Nevada,-117.037,40.61212,positive,,,1
background_only,86,POS_10310360,Nevada,-117.952,38.78159,positive,,,1
background_only,87,POS_10310385,Nevada,-119.271,38.95991,positive,,,1
background_only,88,POS_10310387,Nevada,-119.241,39.04741,positive,,,1
background_only,89,POS_10310388,Nevada,-119.185,39.01491,positive,,,1
background_only,90,POS_10310402,Nevada,-114.999,39.25661,positive,,,1
background_only,91,POS_10310421,Nevada,-117.125,40.5473,positive,,,1
background_only,92,POS_10310428,Nevada,-115.101,39.79993,positive,,,1
background_only,93,POS_10310521,Nevada,-114.776,41.78056,positive,,,1
background_only,94,POS_10310523,Nevada,-114.552,40.32909,positive,,,1
background_only,95,POS_10310559,Nevada,-118.097,38.50798,positive,,,1
background_only,96,POS_60000966,Nevada,-114.999,39.25664,positive,,,1
background_only,97,POS_60001009,Nevada,-117.143,40.5085,positive,,,1
background_only,98,POS_60001650,Nevada,-114.996,39.25684,positive,,,1
background_only,99,POS_10012285,New Mexico,-108.373,32.6404,positive,,,1
background_only,100,POS_10064808,New Mexico,-108.098,32.85289,positive,,,1
background_only,101,POS_10087992,New Mexico,-108.066,32.794,positive,,,1
background_only,102,POS_10097383,New Mexico,-108.097,32.84761,positive,,,1
background_only,103,POS_10097911,New Mexico,-108.08,32.85428,positive,,,1
background_only,104,POS_10150841,New Mexico,-107.542,32.96821,positive,,,1
background_only,105,POS_10174772,New Mexico,-108.373,32.63622,positive,,,1
background_only,106,POS_10033433,Oregon,-118.093,44.22486,positive,,,1
background_only,107,POS_10036279,Oregon,-118.663,42.01793,positive,,,1
background_only,108,POS_10040246,Oregon,-118.651,42.12793,positive,,,1
background_only,109,POS_10053081,Oregon,-118.711,42.2507,positive,,,1
background_only,110,POS_10095161,Oregon,-118.217,44.30264,positive,,,1
background_only,111,POS_10042180,Utah,-112.103,39.89856,positive,,,1
background_only,112,POS_10069296,Utah,-112.146,40.52077,positive,,,1
background_only,113,POS_10101379,Utah,-113.131,38.48329,positive,,,1
background_only,114,POS_10129805,Utah,-112.146,40.52074,positive,,,1
background_only,115,POS_60000887,Utah,-112.151,40.51664,positive,,,1
background_only,116,POS_10008482,Washington,-121.256,47.42482,positive,,,1
background_only,117,POS_10008495,Washington,-120.98,48.1976,positive,,,1
background_only,118,POS_10009065,Washington,-121.559,48.22509,positive,,,1
background_only,119,POS_10036827,Washington,-121.594,47.91592,positive,,,1
background_only,120,POS_10041702,Washington,-120.583,48.45038,positive,,,1
background_only,121,POS_10042397,Washington,-120.975,47.50121,positive,,,1
background_only,122,POS_10047804,Washington,-121.133,48.97288,positive,,,1
background_only,123,POS_10047836,Washington,-121.79,46.36064,positive,,,1
background_only,124,POS_10048437,Washington,-121.218,48.35482,positive,,,1
background_only,125,POS_10048438,Washington,-120.557,48.21843,positive,,,1
background_only,126,POS_10048439,Washington,-121.125,47.37538,positive,,,1
background_only,127,POS_10048440,Washington,-121.662,47.689,positive,,,1
background_only,128,POS_10048441,Washington,-121.335,47.45482,positive,,,1
background_only,129,POS_10048444,Washington,-121.346,47.51792,positive,,,1
background_only,130,POS_10048445,Washington,-121.415,46.87899,positive,,,1
background_only,131,POS_10048446,Washington,-121.416,47.95288,positive,,,1
background_only,132,POS_10048447,Washington,-120.886,48.15843,positive,,,1
background_only,133,POS_10048448,Washington,-120.857,48.27176,positive,,,1
background_only,134,POS_10048449,Washington,-120.418,48.76177,positive,,,1
background_only,135,POS_10048588,Washington,-121.413,47.94426,positive,,,1
background_only,136,POS_10048594,Washington,-121.404,47.94565,positive,,,1
background_only,137,POS_10048596,Washington,-120.944,48.17788,positive,,,1
background_only,138,POS_10048601,Washington,-121.151,47.98315,positive,,,1
background_only,139,POS_10048648,Washington,-121.471,46.52065,positive,,,1
background_only,140,POS_10048655,Washington,-121.34,47.52093,positive,,,1
background_only,141,POS_10055922,Washington,-121.346,47.51788,positive,,,1
background_only,142,POS_10055923,Washington,-121.369,47.49649,positive,,,1
background_only,143,POS_10056009,Washington,-120.383,48.61455,positive,,,1
background_only,144,POS_10095364,Washington,-121.505,48.00841,positive,,,1
background_only,145,POS_10095811,Washington,-121.357,46.79399,positive,,,1
background_only,146,POS_10097315,Washington,-122.082,46.3562,positive,,,1
background_only,147,POS_10101419,Washington,-121.35,46.76871,positive,,,1
background_only,148,POS_10107717,Washington,-121.24,47.55899,positive,,,1
background_only,149,POS_10107742,Washington,-120.32,48.79066,positive,,,1
background_only,150,POS_10131061,Washington,-121.35,47.51152,positive,,,1
background_only,151,POS_10277595,Washington,-122.084,46.35591,positive,,,1
background_only,152,POS_10301870,Washington,-122.077,46.35791,positive,,,1
background_only,153,POS_10106252,Wyoming,-105.186,41.14469,positive,,,1
background_only,154,POS_10133042,Wyoming,-109.285,43.87493,positive,,,1
background_only,155,POS_10400361,Wyoming,-109.638,44.0318,positive,,,1
background_only,156,POS_60000972,Wyoming,-105.189,41.145,positive,,,1
background_only,157,POS_60001624,Wyoming,-109.303,43.873,positive,,,1
background_only,158,NEU_BKG_000001,Arizona,-109.6154684282813,33.48387545223156,neutral,neutral_unlabeled_background,background_proxy,0
background_only,159,NEU_BKG_000002,Arizona,-110.33525289809339,36.3829527844391,neutral,neutral_unlabeled_background,background_proxy,0
background_only,160,NEU_BKG_000003,Arizona,-110.21831137238239,35.93621159211369,neutral,neutral_unlabeled_background,background_proxy,0
background_only,161,NEU_BKG_000004,Arizona,-110.04112100633174,33.687950910810684,neutral,neutral_unlabeled_background,background_proxy,0
background_only,162,NEU_BKG_000005,Arizona,-112.71282785799417,35.09751873334132,neutral,neutral_unlabeled_background,background_proxy,0
background_only,163,NEU_BKG_000006,Arizona,-110.85169677976069,35.41484544071321,neutral,neutral_unlabeled_background,background_proxy,0
background_only,164,NEU_BKG_000007,Arizona,-112.90433171444712,35.439568043380355,neutral,neutral_unlabeled_background,background_proxy,0
background_only,165,NEU_BKG_000008,Arizona,-110.97878779632663,34.423063063119,neutral,neutral_unlabeled_background,background_proxy,0
background_only,166,NEU_BKG_000009,Arizona,-114.27591257853962,35.62929579339172,neutral,neutral_unlabeled_background,background_proxy,0
background_only,167,NEU_BKG_000010,Arizona,-110.13090859910766,35.18173369738985,neutral,neutral_unlabeled_background,background_proxy,0
background_only,168,NEU_BKG_000011,Arizona,-110.48048113133734,35.304002927631196,neutral,neutral_unlabeled_background,background_proxy,0
background_only,169,NEU_BKG_000012,Arizona,-109.3904244352865,34.841518969549746,neutral,neutral_unlabeled_background,background_proxy,0
background_only,170,NEU_BKG_000013,Arizona,-110.48908295005118,34.80426263505219,neutral,neutral_unlabeled_background,background_proxy,0
background_only,171,NEU_BKG_000014,Arizona,-110.77600290543488,36.5757547909472,neutral,neutral_unlabeled_background,background_proxy,0
background_only,172,NEU_BKG_000015,Arizona,-112.88912724717808,32.93078519773871,neutral,neutral_unlabeled_background,background_proxy,0
background_only,173,NEU_BKG_000016,Arizona,-109.74033844783393,35.19776387898026,neutral,neutral_unlabeled_background,background_proxy,0
background_only,174,NEU_BKG_000017,Arizona,-111.55723355268245,36.35580358791757,neutral,neutral_unlabeled_background,background_proxy,0
background_only,175,NEU_BKG_000018,Arizona,-110.60805186193987,34.53158939991076,neutral,neutral_unlabeled_background,background_proxy,0
background_only,176,NEU_BKG_000019,Arizona,-110.90824078065492,34.619825520283534,neutral,neutral_unlabeled_background,background_proxy,0
background_only,177,NEU_BKG_000020,Arizona,-111.0375956252418,36.66279965416035,neutral,neutral_unlabeled_background,background_proxy,0
background_only,178,NEU_BKG_000021,Arizona,-110.58110340133959,34.74698137065072,neutral,neutral_unlabeled_background,background_proxy,0
background_only,179,NEU_BKG_000022,Arizona,-113.7505855579068,32.48269239266008,neutral,neutral_unlabeled_background,background_proxy,0
background_only,180,NEU_BKG_000023,Arizona,-110.50525968117738,35.29239200421724,neutral,neutral_unlabeled_background,background_proxy,0
background_only,181,NEU_BKG_000024,Arizona,-113.86450050705912,34.59452723204309,neutral,neutral_unlabeled_background,background_proxy,0
background_only,182,NEU_BKG_000025,Arizona,-109.95134769670258,33.402632768216904,neutral,neutral_unlabeled_background,background_proxy,0
background_only,183,NEU_BKG_000026,Arizona,-112.27298397411845,35.65094170486064,neutral,neutral_unlabeled_background,background_proxy,0
background_only,184,NEU_BKG_000027,Arizona,-113.47114913064848,36.80300119969843,neutral,neutral_unlabeled_background,background_proxy,0
background_only,185,NEU_BKG_000028,Arizona,-109.81468333790961,36.65551637968666,neutral,neutral_unlabeled_background,background_proxy,0
background_only,186,NEU_BKG_000029,Arizona,-112.02386957251635,36.61705180761276,neutral,neutral_unlabeled_background,background_proxy,0
background_only,187,NEU_BKG_000030,Arizona,-113.30023687030807,32.649752055821295,neutral,neutral_unlabeled_background,background_proxy,0
background_only,188,NEU_BKG_000031,Arizona,-110.04417304942064,36.496059063203894,neutral,neutral_unlabeled_background,background_proxy,0
background_only,189,NEU_BKG_000032,Arizona,-109.98542762671208,33.4935767963513,neutral,neutral_unlabeled_background,background_proxy,0
background_only,190,NEU_BKG_000033,Arizona,-110.8572782827078,34.52744314375887,neutral,neutral_unlabeled_background,background_proxy,0
background_only,191,NEU_BKG_000034,Arizona,-110.57831115253187,36.20044923165141,neutral,neutral_unlabeled_background,background_proxy,0
background_only,192,NEU_BKG_000035,Arizona,-110.69072687742079,36.0326643399294,neutral,neutral_unlabeled_background,background_proxy,0
background_only,193,NEU_BKG_000036,Arizona,-109.5796749368504,33.35436164317016,neutral,neutral_unlabeled_background,background_proxy,0
background_only,194,NEU_BKG_000037,Arizona,-112.5409315872979,33.16133295944748,neutral,neutral_unlabeled_background,background_proxy,0
background_only,195,NEU_BKG_000038,Arizona,-112.16771724933801,36.56954516228632,neutral,neutral_unlabeled_background,background_proxy,0
background_only,196,NEU_BKG_000039,Arizona,-113.49602384692885,35.69260979921311,neutral,neutral_unlabeled_background,background_proxy,0
background_only,197,NEU_BKG_000040,Arizona,-112.14712716564156,36.848693825946974,neutral,neutral_unlabeled_background,background_proxy,0
background_only,198,NEU_BKG_000041,Arizona,-110.27794212008432,34.5289333271346,neutral,neutral_unlabeled_background,background_proxy,0
background_only,199,NEU_BKG_000042,Arizona,-113.01490579045023,35.39244427019557,neutral,neutral_unlabeled_background,background_proxy,0
background_only,200,NEU_BKG_000043,Arizona,-109.45452911346497,34.89743873665339,neutral,neutral_unlabeled_background,background_proxy,0
background_only,201,NEU_BKG_000044,Arizona,-111.17588284113934,36.88963741124274,neutral,neutral_unlabeled_background,background_proxy,0
background_only,202,NEU_BKG_000045,Arizona,-112.78048135483941,35.66042053654289,neutral,neutral_unlabeled_background,background_proxy,0
background_only,203,NEU_BKG_000046,Arizona,-109.83282690088022,33.51257996223432,neutral,neutral_unlabeled_background,background_proxy,0
background_only,204,NEU_BKG_000047,Arizona,-113.37564897284133,34.9592817937151,neutral,neutral_unlabeled_background,background_proxy,0
background_only,205,NEU_BKG_000048,Arizona,-112.47864560206833,35.52646599023487,neutral,neutral_unlabeled_background,background_proxy,0
background_only,206,NEU_BKG_000049,Arizona,-113.12136338402739,35.72796944477336,neutral,neutral_unlabeled_background,background_proxy,0
background_only,207,NEU_BKG_000050,Arizona,-113.78375021894718,36.60853327051994,neutral,neutral_unlabeled_background,background_proxy,0
background_only,208,NEU_BKG_000051,Arizona,-110.77073427855352,36.22249525250567,neutral,neutral_unlabeled_background,background_proxy,0
background_only,209,NEU_BKG_000052,Arizona,-110.65525786331887,36.23088968206577,neutral,neutral_unlabeled_background,background_proxy,0
background_only,210,NEU_BKG_000053,Arizona,-112.3257149962096,36.43485478912294,neutral,neutral_unlabeled_background,background_proxy,0
background_only,211,NEU_BKG_000054,Arizona,-113.64888744664876,35.19350896713773,neutral,neutral_unlabeled_background,background_proxy,0
background_only,212,NEU_BKG_000055,Arizona,-109.37050677187675,36.19393458483138,neutral,neutral_unlabeled_background,background_proxy,0
background_only,213,NEU_BKG_000056,Arizona,-112.44124715211018,35.947309911239394,neutral,neutral_unlabeled_background,background_proxy,0
background_only,214,NEU_BKG_000057,Arizona,-112.55516915232887,32.90351585210607,neutral,neutral_unlabeled_background,background_proxy,0
background_only,215,NEU_BKG_000058,Arizona,-110.12673154926128,33.52453459608985,neutral,neutral_unlabeled_background,background_proxy,0
background_only,216,NEU_BKG_000059,Arizona,-111.13879144661576,34.951587296170615,neutral,neutral_unlabeled_background,background_proxy,0
background_only,217,NEU_BKG_000060,Arizona,-110.67568125940682,36.99278558057726,neutral,neutral_unlabeled_background,background_proxy,0
background_only,218,NEU_BKG_000061,Arizona,-109.43561002902784,31.81687595439388,neutral,neutral_unlabeled_background,background_proxy,0
background_only,219,NEU_BKG_000062,Arizona,-113.53475079794585,35.622689494373766,neutral,neutral_unlabeled_background,background_proxy,0
background_only,220,NEU_BKG_000063,Arizona,-111.2253802862702,36.53127108333127,neutral,neutral_unlabeled_background,background_proxy,0
background_only,221,NEU_BKG_000064,Arizona,-110.84894554881824,36.743387885494954,neutral,neutral_unlabeled_background,background_proxy,0
background_only,222,NEU_BKG_000065,Arizona,-109.84736053507747,33.55357190958147,neutral,neutral_unlabeled_background,background_proxy,0
background_only,223,NEU_BKG_000066,Arizona,-109.68484760056975,35.40216163240846,neutral,neutral_unlabeled_background,background_proxy,0
background_only,224,NEU_BKG_000067,Arizona,-110.5049512574371,35.28845568396989,neutral,neutral_unlabeled_background,background_proxy,0
background_only,225,NEU_BKG_000068,Arizona,-112.78507155671433,35.45688920311945,neutral,neutral_unlabeled_background,background_proxy,0
background_only,226,NEU_BKG_000069,Arizona,-111.2668158944824,36.435231593684165,neutral,neutral_unlabeled_background,background_proxy,0
background_only,227,NEU_BKG_000070,Arizona,-111.66349853080885,35.734504755386375,neutral,neutral_unlabeled_background,background_proxy,0
background_only,228,NEU_BKG_000071,Arizona,-111.99313263401136,36.91815891613568,neutral,neutral_unlabeled_background,background_proxy,0
background_only,229,NEU_BKG_000072,Arizona,-111.87694941369605,36.86720165544234,neutral,neutral_unlabeled_background,background_proxy,0
background_only,230,NEU_BKG_000073,Arizona,-110.61923735910693,35.991818362088,neutral,neutral_unlabeled_background,background_proxy,0
background_only,231,NEU_BKG_000074,Arizona,-112.55155262234514,36.26514171032649,neutral,neutral_unlabeled_background,background_proxy,0
background_only,232,NEU_BKG_000075,Arizona,-109.84982827122792,33.22396918923331,neutral,neutral_unlabeled_background,background_proxy,0
background_only,233,NEU_BKG_000076,Arizona,-113.37861891203747,32.64663758592276,neutral,neutral_unlabeled_background,background_proxy,0
background_only,234,NEU_BKG_000077,Arizona,-111.5267978020938,36.10348821177435,neutral,neutral_unlabeled_background,background_proxy,0
background_only,235,NEU_BKG_000078,Arizona,-109.85893580052378,33.621356968140425,neutral,neutral_unlabeled_background,background_proxy,0
background_only,236,NEU_BKG_000079,Arizona,-110.9733549071225,34.69098075074463,neutral,neutral_unlabeled_background,background_proxy,0
background_only,237,NEU_BKG_000080,Arizona,-110.67676680478743,34.65403219548446,neutral,neutral_unlabeled_background,background_proxy,0
background_only,238,NEU_BKG_000081,Arizona,-113.01200747178424,35.455653533490384,neutral,neutral_unlabeled_background,background_proxy,0
background_only,239,NEU_BKG_000082,Arizona,-110.66304973103782,36.67815053447559,neutral,neutral_unlabeled_background,background_proxy,0
background_only,240,NEU_BKG_000083,Arizona,-113.55969475267446,35.790136674966305,neutral,neutral_unlabeled_background,background_proxy,0
background_only,241,NEU_BKG_000084,Arizona,-113.50141252457074,35.654213311917246,neutral,neutral_unlabeled_background,background_proxy,0
background_only,242,NEU_BKG_000085,Arizona,-110.93053364823099,34.72200256590881,neutral,neutral_unlabeled_background,background_proxy,0
background_only,243,NEU_BKG_000086,Arizona,-109.66669190083377,35.97159526281281,neutral,neutral_unlabeled_background,background_proxy,0
background_only,244,NEU_BKG_000087,Arizona,-112.69504315354745,32.58046494603179,neutral,neutral_unlabeled_background,background_proxy,0
background_only,245,NEU_BKG_000088,Arizona,-112.9122306394394,36.229219250629214,neutral,neutral_unlabeled_background,background_proxy,0
background_only,246,NEU_BKG_000089,Arizona,-110.62677942196422,34.642882660967416,neutral,neutral_unlabeled_background,background_proxy,0
background_only,247,NEU_BKG_000090,Arizona,-112.95183057715569,36.99044255833725,neutral,neutral_unlabeled_background,background_proxy,0
background_only,248,NEU_BKG_000091,Arizona,-113.0596335344515,36.63173719175072,neutral,neutral_unlabeled_background,background_proxy,0
background_only,249,NEU_BKG_000092,Arizona,-113.55892017110199,36.64834526501529,neutral,neutral_unlabeled_background,background_proxy,0
background_only,250,NEU_BKG_000093,Arizona,-109.18531445743643,34.76014132578748,neutral,neutral_unlabeled_background,background_proxy,0
background_only,251,NEU_BKG_000094,Arizona,-110.71698010176797,34.63675967890224,neutral,neutral_unlabeled_background,background_proxy,0
background_only,252,NEU_BKG_000095,Arizona,-111.15540453878656,36.74152010844336,neutral,neutral_unlabeled_background,background_proxy,0
background_only,253,NEU_BKG_000096,Arizona,-110.13692022355167,32.59289816133014,neutral,neutral_unlabeled_background,background_proxy,0
background_only,254,NEU_BKG_000097,Arizona,-110.82341473749216,35.79413441784251,neutral,neutral_unlabeled_background,background_proxy,0
background_only,255,NEU_BKG_000098,Arizona,-112.23164510612958,36.57569489621597,neutral,neutral_unlabeled_background,background_proxy,0
background_only,256,NEU_BKG_000099,Arizona,-110.3943982033388,35.1337097168848,neutral,neutral_unlabeled_background,background_proxy,0
background_only,257,NEU_BKG_000100,Arizona,-113.60532875043522,32.15544954569883,neutral,neutral_unlabeled_background,background_proxy,0
background_only,258,NEU_BKG_000101,Arizona,-112.77949861548205,35.72924426536087,neutral,neutral_unlabeled_background,background_proxy,0
background_only,259,NEU_BKG_000102,Arizona,-110.68000415400384,34.5308331034541,neutral,neutral_unlabeled_background,background_proxy,0
background_only,260,NEU_BKG_000103,Arizona,-110.06996689185085,35.070827341877454,neutral,neutral_unlabeled_background,background_proxy,0
background_only,261,NEU_BKG_000104,Arizona,-109.73944152505314,35.470893449843665,neutral,neutral_unlabeled_background,background_proxy,0
background_only,262,NEU_BKG_000105,Arizona,-111.65835689641625,36.29120843365651,neutral,neutral_unlabeled_background,background_proxy,0
background_only,263,NEU_BKG_000106,Arizona,-110.93290179862605,36.81958433164326,neutral,neutral_unlabeled_background,background_proxy,0
background_only,264,NEU_BKG_000107,Arizona,-113.15196702432304,35.49924725355647,neutral,neutral_unlabeled_background,background_proxy,0
background_only,265,NEU_BKG_000108,Arizona,-110.88047355483968,34.51619833110868,neutral,neutral_unlabeled_background,background_proxy,0
background_only,266,NEU_BKG_000109,Arizona,-110.3674972270105,36.60106601875883,neutral,neutral_unlabeled_background,background_proxy,0
background_only,267,NEU_BKG_000110,Arizona,-111.03814152810544,36.62965604170414,neutral,neutral_unlabeled_background,background_proxy,0
background_only,268,NEU_BKG_000111,Arizona,-110.26725680625114,35.65588633058135,neutral,neutral_unlabeled_background,background_proxy,0
background_only,269,NEU_BKG_000112,Arizona,-110.26630559769247,35.33434645342264,neutral,neutral_unlabeled_background,background_proxy,0
background_only,270,NEU_BKG_000113,Arizona,-112.22522378247241,36.53082985027174,neutral,neutral_unlabeled_background,background_proxy,0
background_only,271,NEU_BKG_000114,Arizona,-110.11642362652915,36.36958345403409,neutral,neutral_unlabeled_background,background_proxy,0
background_only,272,NEU_BKG_000115,Arizona,-112.1008397406392,36.797376563753794,neutral,neutral_unlabeled_background,background_proxy,0
background_only,273,NEU_BKG_000116,Arizona,-109.08908969800395,34.854523458152066,neutral,neutral_unlabeled_background,background_proxy,0
background_only,274,NEU_BKG_000117,Arizona,-113.21061853312128,32.838337294447356,neutral,neutral_unlabeled_background,background_proxy,0
background_only,275,NEU_BKG_000118,Arizona,-111.81093873083638,36.438419340992446,neutral,neutral_unlabeled_background,background_proxy,0
background_only,276,NEU_BKG_000119,Arizona,-110.4659361579542,36.14199996373855,neutral,neutral_unlabeled_background,background_proxy,0
background_only,277,NEU_BKG_000120,Arizona,-110.79205627593889,36.730282880898926,neutral,neutral_unlabeled_background,background_proxy,0
background_only,278,NEU_BKG_000121,Arizona,-114.13203705420004,34.93378785088751,neutral,neutral_unlabeled_background,background_proxy,0
background_only,279,NEU_BKG_000122,Arizona,-113.33107473303728,36.499951303513775,neutral,neutral_unlabeled_background,background_proxy,0
background_only,280,NEU_BKG_000123,Arizona,-112.5399859443833,35.85176415706627,neutral,neutral_unlabeled_background,background_proxy,0
background_only,281,NEU_BKG_000124,Arizona,-112.66728951594379,31.907057739132007,neutral,neutral_unlabeled_background,background_proxy,0
background_only,282,NEU_BKG_000125,Arizona,-113.03727796975618,36.98538192630534,neutral,neutral_unlabeled_background,background_proxy,0
background_only,283,NEU_BKG_000126,Arizona,-110.95508752584703,34.46643177488849,neutral,neutral_unlabeled_background,background_proxy,0
background_only,284,NEU_BKG_000127,Arizona,-114.3796138857922,33.17136101764282,neutral,neutral_unlabeled_background,background_proxy,0
background_only,285,NEU_BKG_000128,Arizona,-109.69130966966728,36.66434928857194,neutral,neutral_unlabeled_background,background_proxy,0
background_only,286,NEU_BKG_000129,Arizona,-110.82583278918699,36.311565971279435,neutral,neutral_unlabeled_background,background_proxy,0
background_only,287,NEU_BKG_000130,Arizona,-109.73443616004121,35.37906031866043,neutral,neutral_unlabeled_background,background_proxy,0
background_only,288,NEU_BKG_000131,Arizona,-109.7943490148891,35.404698981315185,neutral,neutral_unlabeled_background,background_proxy,0
background_only,289,NEU_BKG_000132,Arizona,-111.65175943501067,36.5196655068998,neutral,neutral_unlabeled_background,background_proxy,0
background_only,290,NEU_BKG_000133,Arizona,-110.77190890584676,34.571485912788525,neutral,neutral_unlabeled_background,background_proxy,0
background_only,291,NEU_BKG_000134,Arizona,-112.15071629063804,36.51768457470214,neutral,neutral_unlabeled_background,background_proxy,0
background_only,292,NEU_BKG_000135,Arizona,-112.62062548621327,35.10603648276446,neutral,neutral_unlabeled_background,background_proxy,0
background_only,293,NEU_BKG_000136,Arizona,-109.8194693514661,36.64105782060916,neutral,neutral_unlabeled_background,background_proxy,0
background_only,294,NEU_BKG_000137,Arizona,-110.77368488328587,34.85474730595234,neutral,neutral_unlabeled_background,background_proxy,0
background_only,295,NEU_BKG_000138,Arizona,-109.1621096626083,36.19854707227076,neutral,neutral_unlabeled_background,background_proxy,0
background_only,296,NEU_BKG_000139,Arizona,-111.93842457036929,35.868383180582576,neutral,neutral_unlabeled_background,background_proxy,0
background_only,297,NEU_BKG_000140,Arizona,-112.76817435670239,35.997668651052926,neutral,neutral_unlabeled_background,background_proxy,0
background_only,298,NEU_BKG_000141,Arizona,-110.60069051881833,35.643635908276416,neutral,neutral_unlabeled_background,background_proxy,0
background_only,299,NEU_BKG_000142,Arizona,-109.45127923243585,31.80511352534849,neutral,neutral_unlabeled_background,background_proxy,0
background_only,300,NEU_BKG_000143,Arizona,-111.2497175447592,36.25771985382414,neutral,neutral_unlabeled_background,background_proxy,0
background_only,301,NEU_BKG_000144,Arizona,-109.70621398821147,36.58570143855474,neutral,neutral_unlabeled_background,background_proxy,0
background_only,302,NEU_BKG_000145,Arizona,-112.67884008178252,35.390432470680025,neutral,neutral_unlabeled_background,background_proxy,0
background_only,303,NEU_BKG_000146,Arizona,-110.43614530312827,35.675116715906185,neutral,neutral_unlabeled_background,background_proxy,0
background_only,304,NEU_BKG_000147,Arizona,-112.50026890431472,35.700531627712834,neutral,neutral_unlabeled_background,background_proxy,0
background_only,305,NEU_BKG_000148,Arizona,-109.89677416503473,34.54234246078099,neutral,neutral_unlabeled_background,background_proxy,0
background_only,306,NEU_BKG_000149,Arizona,-111.17421981444532,36.6140412959024,neutral,neutral_unlabeled_background,background_proxy,0
background_only,307,NEU_BKG_000150,Arizona,-113.77652988268184,36.726318207338075,neutral,neutral_unlabeled_background,background_proxy,0
background_only,308,NEU_BKG_000151,Arizona,-110.55596636681852,36.422642744852844,neutral,neutral_unlabeled_background,background_proxy,0
background_only,309,NEU_BKG_000152,Arizona,-110.40263963653933,34.589515287979864,neutral,neutral_unlabeled_background,background_proxy,0
background_only,310,NEU_BKG_000153,Arizona,-113.6083515869117,33.27194895733085,neutral,neutral_unlabeled_background,background_proxy,0
background_only,311,NEU_BKG_000154,Arizona,-113.63927907635305,33.264072389811595,neutral,neutral_unlabeled_background,background_proxy,0
background_only,312,NEU_BKG_000155,Arizona,-113.86690677592622,36.18187357727177,neutral,neutral_unlabeled_background,background_proxy,0
background_only,313,NEU_BKG_000156,Arizona,-110.76394282268889,36.95328208773519,neutral,neutral_unlabeled_background,background_proxy,0
background_only,314,NEU_BKG_000157,Arizona,-111.29670508515414,35.40090290283969,neutral,neutral_unlabeled_background,background_proxy,0
background_only,315,NEU_BKG_000158,Arizona,-111.95144945056737,31.65523738762852,neutral,neutral_unlabeled_background,background_proxy,0
background_only,316,NEU_BKG_000159,Arizona,-111.84679036175486,36.964747953648754,neutral,neutral_unlabeled_background,background_proxy,0
background_only,317,NEU_BKG_000160,Arizona,-112.94466531071782,35.46783925535898,neutral,neutral_unlabeled_background,background_proxy,0
background_only,318,NEU_BKG_000161,Arizona,-109.17520958984733,34.81564802934402,neutral,neutral_unlabeled_background,background_proxy,0
background_only,319,NEU_BKG_000162,Arizona,-109.85000787933043,33.25929886170452,neutral,neutral_unlabeled_background,background_proxy,0
background_only,320,NEU_BKG_000163,Arizona,-111.71784020688568,34.19767668230107,neutral,neutral_unlabeled_background,background_proxy,0
background_only,321,NEU_BKG_000164,Arizona,-109.74442959578694,35.788399097172494,neutral,neutral_unlabeled_background,background_proxy,0
background_only,322,NEU_BKG_000165,Arizona,-110.89637625799428,35.65941022878828,neutral,neutral_unlabeled_background,background_proxy,0
background_only,323,NEU_BKG_000166,Arizona,-112.83482517412888,36.98898155172259,neutral,neutral_unlabeled_background,background_proxy,0
background_only,324,NEU_BKG_000167,Arizona,-113.18759364402032,35.853185946989626,neutral,neutral_unlabeled_background,background_proxy,0
background_only,325,NEU_BKG_000168,Arizona,-111.85491548133008,36.108026063480686,neutral,neutral_unlabeled_background,background_proxy,0
background_only,326,NEU_BKG_000169,Arizona,-110.66468048956268,36.8732030445212,neutral,neutral_unlabeled_background,background_proxy,0
background_only,327,NEU_BKG_000170,Arizona,-109.36427883612376,34.7189614239504,neutral,neutral_unlabeled_background,background_proxy,0
background_only,328,NEU_BKG_000171,Arizona,-110.99421334149834,34.460898117759655,neutral,neutral_unlabeled_background,background_proxy,0
background_only,329,NEU_BKG_000172,Arizona,-109.83858321114751,33.87710079822259,neutral,neutral_unlabeled_background,background_proxy,0
background_only,330,NEU_BKG_000173,Arizona,-110.5181562977298,36.23899271491496,neutral,neutral_unlabeled_background,background_proxy,0
background_only,331,NEU_BKG_000174,Arizona,-110.07223653806871,35.14521031262207,neutral,neutral_unlabeled_background,background_proxy,0
background_only,332,NEU_BKG_000175,Arizona,-110.79046946659624,34.69269227660436,neutral,neutral_unlabeled_background,background_proxy,0
background_only,333,NEU_BKG_000176,Arizona,-110.8675825374665,34.90463944629274,neutral,neutral_unlabeled_background,background_proxy,0
background_only,334,NEU_BKG_000177,Arizona,-113.04406873941481,35.97713411444306,neutral,neutral_unlabeled_background,background_proxy,0
background_only,335,NEU_BKG_000178,Arizona,-112.51427285822622,32.60899987265406,neutral,neutral_unlabeled_background,background_proxy,0
background_only,336,NEU_BKG_000179,Arizona,-114.04067736924209,34.51646707837269,neutral,neutral_unlabeled_background,background_proxy,0
background_only,337,NEU_BKG_000180,Arizona,-110.2205807170529,32.57110616279608,neutral,neutral_unlabeled_background,background_proxy,0
background_only,338,NEU_BKG_000181,Arizona,-109.2624356993709,31.65996984443349,neutral,neutral_unlabeled_background,background_proxy,0
background_only,339,NEU_BKG_000182,Arizona,-109.54827908028172,33.92349171226971,neutral,neutral_unlabeled_background,background_proxy,0
background_only,340,NEU_BKG_000183,Arizona,-109.72921413522971,36.14148029645398,neutral,neutral_unlabeled_background,background_proxy,0
background_only,341,NEU_BKG_000184,Arizona,-110.6707633087703,34.45585486758461,neutral,neutral_unlabeled_background,background_proxy,0
background_only,342,NEU_BKG_000185,Arizona,-113.15292865180223,36.33325881297666,neutral,neutral_unlabeled_background,background_proxy,0
background_only,343,NEU_BKG_000186,Arizona,-111.55509407842678,36.457380443611704,neutral,neutral_unlabeled_background,background_proxy,0
background_only,344,NEU_BKG_000187,Arizona,-112.34227746622973,35.64822571574249,neutral,neutral_unlabeled_background,background_proxy,0
background_only,345,NEU_BKG_000188,Arizona,-113.45226900202894,35.938579183470125,neutral,neutral_unlabeled_background,background_proxy,0
background_only,346,NEU_BKG_000189,Arizona,-113.80155260545969,32.56998531356363,neutral,neutral_unlabeled_background,background_proxy,0
background_only,347,NEU_BKG_000190,Arizona,-113.2756683056729,32.890598992148995,neutral,neutral_unlabeled_background,background_proxy,0
background_only,348,NEU_BKG_000191,Arizona,-112.89321626814923,32.69038885603408,neutral,neutral_unlabeled_background,background_proxy,0
background_only,349,NEU_BKG_000192,Arizona,-109.63934155461934,35.45129396441489,neutral,neutral_unlabeled_background,background_proxy,0
background_only,350,NEU_BKG_000193,Arizona,-111.93176137767985,36.52332564601084,neutral,neutral_unlabeled_background,background_proxy,0
background_only,351,NEU_BKG_000194,Arizona,-110.82922285454335,34.83670191074166,neutral,neutral_unlabeled_background,background_proxy,0
background_only,352,NEU_BKG_000195,Arizona,-109.51702057323679,34.96453813414175,neutral,neutral_unlabeled_background,background_proxy,0
background_only,353,NEU_BKG_000196,Arizona,-109.71050753873698,33.33118596067838,neutral,neutral_unlabeled_background,background_proxy,0
background_only,354,NEU_BKG_000197,Arizona,-113.57141974039536,36.34569768870035,neutral,neutral_unlabeled_background,background_proxy,0
background_only,355,NEU_BKG_000198,Arizona,-111.19354568911946,34.792397293323276,neutral,neutral_unlabeled_background,background_proxy,0
background_only,356,NEU_BKG_000199,Arizona,-109.56945429022778,33.38888899096202,neutral,neutral_unlabeled_background,background_proxy,0
background_only,357,NEU_BKG_000200,Arizona,-110.73427070119494,34.661052402166824,neutral,neutral_unlabeled_background,background_proxy,0
background_only,358,NEU_BKG_000201,Arizona,-110.3875613916776,36.298141220914154,neutral,neutral_unlabeled_background,background_proxy,0
background_only,359,NEU_BKG_000202,Arizona,-112.77572556344788,35.401901156197596,neutral,neutral_unlabeled_background,background_proxy,0
background_only,360,NEU_BKG_000203,Arizona,-110.86310504586554,36.718660894108304,neutral,neutral_unlabeled_background,background_proxy,0
background_only,361,NEU_BKG_000204,Arizona,-111.8195584060079,36.389637937917925,neutral,neutral_unlabeled_background,background_proxy,0
background_only,362,NEU_BKG_000205,Arizona,-110.60833831325712,35.65570201795698,neutral,neutral_unlabeled_background,background_proxy,0
background_only,363,NEU_BKG_000206,Arizona,-111.94903852329004,36.4376583196292,neutral,neutral_unlabeled_background,background_proxy,0
background_only,364,NEU_BKG_000207,Arizona,-113.30607543598946,36.262764647194054,neutral,neutral_unlabeled_background,background_proxy,0
background_only,365,NEU_BKG_000208,Arizona,-112.09803471165482,35.72755575124371,neutral,neutral_unlabeled_background,background_proxy,0
background_only,366,NEU_BKG_000209,Arizona,-112.68862967619656,34.828849741937894,neutral,neutral_unlabeled_background,background_proxy,0
background_only,367,NEU_BKG_000210,Arizona,-109.19980730121189,31.363444176369747,neutral,neutral_unlabeled_background,background_proxy,0
background_only,368,NEU_BKG_000211,Arizona,-113.56958764767369,35.62905311888081,neutral,neutral_unlabeled_background,background_proxy,0
background_only,369,NEU_BKG_000212,Arizona,-113.3567547205112,34.97364452963395,neutral,neutral_unlabeled_background,background_proxy,0
background_only,370,NEU_BKG_000213,Arizona,-111.67393132094074,33.40364342549414,neutral,neutral_unlabeled_background,background_proxy,0
background_only,371,NEU_BKG_000214,Arizona,-109.19813453260805,31.732462606958013,neutral,neutral_unlabeled_background,background_proxy,0
background_only,372,NEU_BKG_000215,Arizona,-112.770263932266,35.886176523322426,neutral,neutral_unlabeled_background,background_proxy,0
background_only,373,NEU_BKG_000216,Arizona,-109.16573087838317,34.56192401391092,neutral,neutral_unlabeled_background,background_proxy,0
background_only,374,NEU_BKG_000217,Arizona,-113.11297349734333,32.58088616244712,neutral,neutral_unlabeled_background,background_proxy,0
background_only,375,NEU_BKG_000218,Arizona,-111.0422034051679,34.78269525219605,neutral,neutral_unlabeled_background,background_proxy,0
background_only,376,NEU_BKG_000219,Arizona,-110.38607532761263,35.454089770593185,neutral,neutral_unlabeled_background,background_proxy,0
background_only,377,NEU_BKG_000220,Arizona,-112.21882905707727,36.51212364151154,neutral,neutral_unlabeled_background,background_proxy,0
background_only,378,NEU_BKG_000221,Arizona,-110.93325555285305,34.61480965537898,neutral,neutral_unlabeled_background,background_proxy,0
background_only,379,NEU_BKG_000222,Arizona,-113.02575138175112,34.88513046959281,neutral,neutral_unlabeled_background,background_proxy,0
background_only,380,NEU_BKG_000223,Arizona,-111.37122420324538,36.49727428746332,neutral,neutral_unlabeled_background,background_proxy,0
background_only,381,NEU_BKG_000224,Arizona,-111.8264228867598,35.62728031739953,neutral,neutral_unlabeled_background,background_proxy,0
background_only,382,NEU_BKG_000225,Arizona,-112.32031751057022,36.51690727167476,neutral,neutral_unlabeled_background,background_proxy,0
background_only,383,NEU_BKG_000226,Arizona,-109.72193208941374,35.849152874386526,neutral,neutral_unlabeled_background,background_proxy,0
background_only,384,NEU_BKG_000227,Arizona,-110.6969104475224,35.90596923859055,neutral,neutral_unlabeled_background,background_proxy,0
background_only,385,NEU_BKG_000228,Arizona,-110.77955533769662,36.85157452131818,neutral,neutral_unlabeled_background,background_proxy,0
background_only,386,NEU_BKG_000229,Arizona,-110.45925049470988,36.136857743508834,neutral,neutral_unlabeled_background,background_proxy,0
background_only,387,NEU_BKG_000230,Arizona,-110.55036152716166,34.649715115898836,neutral,neutral_unlabeled_background,background_proxy,0
background_only,388,NEU_BKG_000231,Arizona,-113.43219873372304,35.97190727686783,neutral,neutral_unlabeled_background,background_proxy,0
background_only,389,NEU_BKG_000232,Arizona,-113.06018769416286,36.86202601072232,neutral,neutral_unlabeled_background,background_proxy,0
background_only,390,NEU_BKG_000233,Arizona,-112.63395116695827,35.76510245732724,neutral,neutral_unlabeled_background,background_proxy,0
background_only,391,NEU_BKG_000234,Arizona,-110.00217700505092,33.623594036840245,neutral,neutral_unlabeled_background,background_proxy,0
background_only,392,NEU_BKG_000235,Arizona,-113.4127318362669,36.41242103919449,neutral,neutral_unlabeled_background,background_proxy,0
background_only,393,NEU_BKG_000236,Arizona,-111.73639236344266,35.634536204264165,neutral,neutral_unlabeled_background,background_proxy,0
background_only,394,NEU_BKG_000237,Arizona,-113.05964001761741,35.47743334327734,neutral,neutral_unlabeled_background,background_proxy,0
background_only,395,NEU_BKG_000238,Arizona,-112.7771421005599,36.405065408206006,neutral,neutral_unlabeled_background,background_proxy,0
background_only,396,NEU_BKG_000239,Arizona,-109.84761856468032,34.64690333186952,neutral,neutral_unlabeled_background,background_proxy,0
background_only,397,NEU_BKG_000240,Arizona,-109.95487238209019,35.16324090658338,neutral,neutral_unlabeled_background,background_proxy,0
background_only,398,NEU_BKG_000241,Arizona,-112.4615985705031,36.10940166900389,neutral,neutral_unlabeled_background,background_proxy,0
background_only,399,NEU_BKG_000242,Arizona,-111.3188912453921,36.24223847002385,neutral,neutral_unlabeled_background,background_proxy,0
background_only,400,NEU_BKG_000243,Arizona,-113.21122466779056,36.850871683731455,neutral,neutral_unlabeled_background,background_proxy,0
background_only,401,NEU_BKG_000244,Arizona,-110.04480827742947,33.33910678615437,neutral,neutral_unlabeled_background,background_proxy,0
background_only,402,NEU_BKG_000245,Arizona,-109.07356801678633,34.75062684245427,neutral,neutral_unlabeled_background,background_proxy,0
background_only,403,NEU_BKG_000246,Arizona,-110.25753538748783,36.202942317028615,neutral,neutral_unlabeled_background,background_proxy,0
background_only,404,NEU_BKG_000247,Arizona,-113.01712992996244,33.356959925245356,neutral,neutral_unlabeled_background,background_proxy,0
background_only,405,NEU_BKG_000248,Arizona,-111.54941149679657,36.37792556083138,neutral,neutral_unlabeled_background,background_proxy,0
background_only,406,NEU_BKG_000249,Arizona,-109.05026757484102,32.48524653234819,neutral,neutral_unlabeled_background,background_proxy,0
background_only,407,NEU_BKG_000250,Arizona,-112.42055830566014,36.66149300007606,neutral,neutral_unlabeled_background,background_proxy,0
background_only,408,NEU_BKG_000251,Arizona,-110.39714547753915,36.25867769922935,neutral,neutral_unlabeled_background,background_proxy,0
background_only,409,NEU_BKG_000252,Arizona,-109.80585441256854,33.37808216281975,neutral,neutral_unlabeled_background,background_proxy,0
background_only,410,NEU_BKG_000253,Arizona,-112.79067791657447,35.042609700897025,neutral,neutral_unlabeled_background,background_proxy,0
background_only,411,NEU_BKG_000254,Arizona,-113.41977552537186,36.6342916891628,neutral,neutral_unlabeled_background,background_proxy,0
background_only,412,NEU_BKG_000255,Arizona,-110.79507848641545,36.23365161253255,neutral,neutral_unlabeled_background,background_proxy,0
background_only,413,NEU_BKG_000256,Arizona,-110.31186563088467,36.266582771190976,neutral,neutral_unlabeled_background,background_proxy,0
background_only,414,NEU_BKG_000257,Arizona,-112.5009062904667,35.790684859188595,neutral,neutral_unlabeled_background,background_proxy,0
background_only,415,NEU_BKG_000258,Arizona,-110.654485922413,35.93575605270266,neutral,neutral_unlabeled_background,background_proxy,0
background_only,416,NEU_BKG_000259,Arizona,-109.69979682438404,35.452746083764794,neutral,neutral_unlabeled_background,background_proxy,0
background_only,417,NEU_BKG_000260,Arizona,-111.8157959740855,36.22884701756819,neutral,neutral_unlabeled_background,background_proxy,0
background_only,418,NEU_BKG_000261,Arizona,-111.42198948603323,36.82875268480306,neutral,neutral_unlabeled_background,background_proxy,0
background_only,419,NEU_BKG_000262,Arizona,-110.65714396425939,35.54552802454971,neutral,neutral_unlabeled_background,background_proxy,0
background_only,420,NEU_BKG_000263,Arizona,-112.55678714413732,36.60783373255333,neutral,neutral_unlabeled_background,background_proxy,0
background_only,421,NEU_BKG_000264,Arizona,-112.73517424219256,35.96753408313741,neutral,neutral_unlabeled_background,background_proxy,0
background_only,422,NEU_BKG_000265,Arizona,-109.57651892241543,34.74190031295307,neutral,neutral_unlabeled_background,background_proxy,0
background_only,423,NEU_BKG_000266,Arizona,-109.26221074472569,34.34580148267836,neutral,neutral_unlabeled_background,background_proxy,0
background_only,424,NEU_BKG_000267,Arizona,-113.2287851592477,32.380833495789325,neutral,neutral_unlabeled_background,background_proxy,0
background_only,425,NEU_BKG_000268,Arizona,-113.04605701089177,33.36274665204924,neutral,neutral_unlabeled_background,background_proxy,0
background_only,426,NEU_BKG_000269,Arizona,-113.84362204360005,36.1658574220955,neutral,neutral_unlabeled_background,background_proxy,0
background_only,427,NEU_BKG_000270,Arizona,-114.35116339747154,33.172013406462646,neutral,neutral_unlabeled_background,background_proxy,0
background_only,428,NEU_BKG_000271,Arizona,-113.37705423989573,35.991632394056026,neutral,neutral_unlabeled_background,background_proxy,0
background_only,429,NEU_BKG_000272,Arizona,-112.31001396210279,35.582707079941834,neutral,neutral_unlabeled_background,background_proxy,0
background_only,430,NEU_BKG_000273,Arizona,-110.6335725413305,36.81486958667524,neutral,neutral_unlabeled_background,background_proxy,0
background_only,431,NEU_BKG_000274,Arizona,-111.94452928730692,35.67315113210749,neutral,neutral_unlabeled_background,background_proxy,0
background_only,432,NEU_BKG_000275,Arizona,-109.18010145814013,34.89340726543274,neutral,neutral_unlabeled_background,background_proxy,0
background_only,433,NEU_BKG_000276,Arizona,-110.62522063159307,36.89095603434553,neutral,neutral_unlabeled_background,background_proxy,0
background_only,434,NEU_BKG_000277,Arizona,-109.33937838131742,35.50702576405026,neutral,neutral_unlabeled_background,background_proxy,0
background_only,435,NEU_BKG_000278,Arizona,-113.09785843353679,35.537635695886046,neutral,neutral_unlabeled_background,background_proxy,0
background_only,436,NEU_BKG_000279,Arizona,-112.79587236005183,35.01449100433795,neutral,neutral_unlabeled_background,background_proxy,0
background_only,437,NEU_BKG_000280,Arizona,-112.81439522152911,36.371858376433124,neutral,neutral_unlabeled_background,background_proxy,0
background_only,438,NEU_BKG_000281,Arizona,-113.49586385473584,32.629686728342556,neutral,neutral_unlabeled_background,background_proxy,0
background_only,439,NEU_BKG_000282,Arizona,-113.0715012030533,35.94729598151416,neutral,neutral_unlabeled_background,background_proxy,0
background_only,440,NEU_BKG_000283,Arizona,-110.7390878284243,36.948048272828444,neutral,neutral_unlabeled_background,background_proxy,0
background_only,441,NEU_BKG_000284,Arizona,-110.93846237424737,36.91126236537079,neutral,neutral_unlabeled_background,background_proxy,0
background_only,442,NEU_BKG_000285,Arizona,-110.53869395245962,34.77785968896217,neutral,neutral_unlabeled_background,background_proxy,0
background_only,443,NEU_BKG_000286,Arizona,-111.40649698606302,36.29672643007285,neutral,neutral_unlabeled_background,background_proxy,0
background_only,444,NEU_BKG_000287,Arizona,-110.60156647229324,34.82291945842951,neutral,neutral_unlabeled_background,background_proxy,0
background_only,445,NEU_BKG_000288,Arizona,-111.76829667199927,36.98732659514512,neutral,neutral_unlabeled_background,background_proxy,0
background_only,446,NEU_BKG_000289,Arizona,-109.92379421504313,36.56328288383001,neutral,neutral_unlabeled_background,background_proxy,0
background_only,447,NEU_BKG_000290,Arizona,-109.3015580903621,35.666352212938534,neutral,neutral_unlabeled_background,background_proxy,0
background_only,448,NEU_BKG_000291,Arizona,-111.23845226621486,36.54990304531138,neutral,neutral_unlabeled_background,background_proxy,0
background_only,449,NEU_BKG_000292,Arizona,-111.60545894542314,36.59212296213895,neutral,neutral_unlabeled_background,background_proxy,0
background_only,450,NEU_BKG_000293,Arizona,-113.32607318787623,32.46444805157795,neutral,neutral_unlabeled_background,background_proxy,0
background_only,451,NEU_BKG_000294,Arizona,-112.90584043656101,36.10698990166748,neutral,neutral_unlabeled_background,background_proxy,0
background_only,452,NEU_BKG_000295,Arizona,-110.36054944057136,35.671719259719744,neutral,neutral_unlabeled_background,background_proxy,0
background_only,453,NEU_BKG_000296,Arizona,-113.25704065273725,36.861123471231714,neutral,neutral_unlabeled_background,background_proxy,0
background_only,454,NEU_BKG_000297,Arizona,-113.87248746601318,36.486954989149325,neutral,neutral_unlabeled_background,background_proxy,0
background_only,455,NEU_BKG_000298,Arizona,-109.16457087377799,34.74675063996315,neutral,neutral_unlabeled_background,background_proxy,0
background_only,456,NEU_BKG_000299,Arizona,-113.70575597053507,35.84591975016763,neutral,neutral_unlabeled_background,background_proxy,0
background_only,457,NEU_BKG_000300,Arizona,-112.46030803728722,32.49041986457105,neutral,neutral_unlabeled_background,background_proxy,0
background_only,458,NEU_BKG_000301,Arizona,-110.68175088385819,35.54669650527205,neutral,neutral_unlabeled_background,background_proxy,0
background_only,459,NEU_BKG_000302,Arizona,-114.12197189994428,35.678795637354945,neutral,neutral_unlabeled_background,background_proxy,0
background_only,460,NEU_BKG_000303,Arizona,-112.54671853030581,36.49350744741966,neutral,neutral_unlabeled_background,background_proxy,0
background_only,461,NEU_BKG_000304,Arizona,-111.01863738730592,36.97042885676725,neutral,neutral_unlabeled_background,background_proxy,0
background_only,462,NEU_BKG_000305,Arizona,-110.1814914857779,35.5765316570316,neutral,neutral_unlabeled_background,background_proxy,0
background_only,463,NEU_BKG_000306,Arizona,-112.18795963844687,36.45965552547769,neutral,neutral_unlabeled_background,background_proxy,0
background_only,464,NEU_BKG_000307,Arizona,-112.4497802742765,35.73686047273566,neutral,neutral_unlabeled_background,background_proxy,0
background_only,465,NEU_BKG_000308,Arizona,-109.20156835093844,34.358786048696466,neutral,neutral_unlabeled_background,background_proxy,0
background_only,466,NEU_BKG_000309,Arizona,-112.75621392762734,35.03565583107663,neutral,neutral_unlabeled_background,background_proxy,0
background_only,467,NEU_BKG_000310,Arizona,-113.26576455485439,34.89046618490595,neutral,neutral_unlabeled_background,background_proxy,0
background_only,468,NEU_BKG_000311,Arizona,-112.26396564842618,36.319549040567665,neutral,neutral_unlabeled_background,background_proxy,0
background_only,469,NEU_BKG_000312,Arizona,-109.16812233865245,36.23086874096191,neutral,neutral_unlabeled_background,background_proxy,0
background_only,470,NEU_BKG_000313,Arizona,-113.10429104070904,34.93368958935444,neutral,neutral_unlabeled_background,background_proxy,0
background_only,471,NEU_BKG_000314,Arizona,-110.41690513172121,33.192680117229145,neutral,neutral_unlabeled_background,background_proxy,0
background_only,472,NEU_BKG_000315,Arizona,-109.48363852899624,32.028087053654744,neutral,neutral_unlabeled_background,background_proxy,0
background_only,473,NEU_BKG_000316,Arizona,-110.55708542425563,34.67066405509822,neutral,neutral_unlabeled_background,background_proxy,0
background_only,474,NEU_BKG_000317,Arizona,-113.5324268673757,35.584642142301746,neutral,neutral_unlabeled_background,background_proxy,0
background_only,475,NEU_BKG_000318,Arizona,-109.6489815939734,33.250675062433615,neutral,neutral_unlabeled_background,background_proxy,0
background_only,476,NEU_BKG_000319,Arizona,-110.54646961680044,36.11855089096235,neutral,neutral_unlabeled_background,background_proxy,0
background_only,477,NEU_BKG_000320,Arizona,-114.03367763634813,33.1374557896401,neutral,neutral_unlabeled_background,background_proxy,0
background_only,478,NEU_BKG_000321,Arizona,-111.65268042379066,36.12255560997197,neutral,neutral_unlabeled_background,background_proxy,0
background_only,479,NEU_BKG_000322,Arizona,-111.39650535874121,36.763517936842,neutral,neutral_unlabeled_background,background_proxy,0
background_only,480,NEU_BKG_000323,Arizona,-113.54909320154673,32.1669984636098,neutral,neutral_unlabeled_background,background_proxy,0
background_only,481,NEU_BKG_000324,Arizona,-112.05022247973554,35.75786904019843,neutral,neutral_unlabeled_background,background_proxy,0
background_only,482,NEU_BKG_000325,Arizona,-110.45637091123233,36.55207121421518,neutral,neutral_unlabeled_background,background_proxy,0
background_only,483,NEU_BKG_000326,Arizona,-111.5756913076846,36.157207182507584,neutral,neutral_unlabeled_background,background_proxy,0
background_only,484,NEU_BKG_000327,Arizona,-110.87233861606227,35.76554636564538,neutral,neutral_unlabeled_background,background_proxy,0
background_only,485,NEU_BKG_000328,Arizona,-113.88525511796382,35.97597837381098,neutral,neutral_unlabeled_background,background_proxy,0
background_only,486,NEU_BKG_000329,Arizona,-109.36645439817241,36.17466633295906,neutral,neutral_unlabeled_background,background_proxy,0
background_only,487,NEU_BKG_000330,Arizona,-110.05750667373539,35.88368451034565,neutral,neutral_unlabeled_background,background_proxy,0
background_only,488,NEU_BKG_000331,Arizona,-112.81215483134717,35.741829816849766,neutral,neutral_unlabeled_background,background_proxy,0
background_only,489,NEU_BKG_000332,Arizona,-113.20286644363183,33.53786106568363,neutral,neutral_unlabeled_background,background_proxy,0
background_only,490,NEU_BKG_000333,Arizona,-111.97006775940302,36.397921239583106,neutral,neutral_unlabeled_background,background_proxy,0
background_only,491,NEU_BKG_000334,Arizona,-110.59141116120546,34.81912105553125,neutral,neutral_unlabeled_background,background_proxy,0
background_only,492,NEU_BKG_000335,Arizona,-109.68865342015643,35.875631014127194,neutral,neutral_unlabeled_background,background_proxy,0
background_only,493,NEU_BKG_000336,Arizona,-109.30340478985174,34.699369088644055,neutral,neutral_unlabeled_background,background_proxy,0
background_only,494,NEU_BKG_000337,Arizona,-113.51835230453466,35.65714765835158,neutral,neutral_unlabeled_background,background_proxy,0
background_only,495,NEU_BKG_000338,Arizona,-110.63999373800823,36.82537417826735,neutral,neutral_unlabeled_background,background_proxy,0
background_only,496,NEU_BKG_000339,Arizona,-113.23319884889317,32.308288209731785,neutral,neutral_unlabeled_background,background_proxy,0
background_only,497,NEU_BKG_000340,Arizona,-113.5094433387732,35.46928203072541,neutral,neutral_unlabeled_background,background_proxy,0
background_only,498,NEU_BKG_000341,Arizona,-110.63110079349786,34.705538833273,neutral,neutral_unlabeled_background,background_proxy,0
background_only,499,NEU_BKG_000342,Arizona,-111.45959117719404,36.28132029615477,neutral,neutral_unlabeled_background,background_proxy,0
background_only,500,NEU_BKG_000343,Arizona,-110.15659991452945,36.54275754581194,neutral,neutral_unlabeled_background,background_proxy,0
background_only,501,NEU_BKG_000344,Arizona,-110.96425929451918,36.5494442484103,neutral,neutral_unlabeled_background,background_proxy,0
background_only,502,NEU_BKG_000345,Arizona,-112.47274617093689,35.77809267791765,neutral,neutral_unlabeled_background,background_proxy,0
background_only,503,NEU_BKG_000346,Arizona,-113.39840847321281,36.502519260647745,neutral,neutral_unlabeled_background,background_proxy,0
background_only,504,NEU_BKG_000347,Arizona,-113.1875927323811,35.35982605756335,neutral,neutral_unlabeled_background,background_proxy,0
background_only,505,NEU_BKG_000348,Arizona,-113.19883677071448,34.934197033276114,neutral,neutral_unlabeled_background,background_proxy,0
background_only,506,NEU_BKG_000349,Arizona,-110.90985589783571,36.86925021858572,neutral,neutral_unlabeled_background,background_proxy,0
background_only,507,NEU_BKG_000350,Arizona,-113.26156909081278,33.95161180192121,neutral,neutral_unlabeled_background,background_proxy,0
background_only,508,NEU_BKG_000351,Arizona,-113.80280499999563,34.5759090027799,neutral,neutral_unlabeled_background,background_proxy,0
background_only,509,NEU_BKG_000352,Arizona,-112.48353465388585,35.97188073425523,neutral,neutral_unlabeled_background,background_proxy,0
background_only,510,NEU_BKG_000353,Arizona,-114.14226082719784,32.41673683083806,neutral,neutral_unlabeled_background,background_proxy,0
background_only,511,NEU_BKG_000354,Arizona,-112.57887427914093,32.571988436101094,neutral,neutral_unlabeled_background,background_proxy,0
background_only,512,NEU_BKG_000355,Arizona,-110.82853367955657,34.44483270985725,neutral,neutral_unlabeled_background,background_proxy,0
background_only,513,NEU_BKG_000356,Arizona,-112.32178682440717,35.43239158816265,neutral,neutral_unlabeled_background,background_proxy,0
background_only,514,NEU_BKG_000357,Arizona,-110.02906336319693,35.996791045363295,neutral,neutral_unlabeled_background,background_proxy,0
background_only,515,NEU_BKG_000358,Arizona,-113.48119965022784,36.60686498655432,neutral,neutral_unlabeled_background,background_proxy,0
background_only,516,NEU_BKG_000359,Arizona,-111.39317082727688,36.39670280362304,neutral,neutral_unlabeled_background,background_proxy,0
background_only,517,NEU_BKG_000360,Arizona,-111.95276519676437,36.198316116981246,neutral,neutral_unlabeled_background,background_proxy,0
background_only,518,NEU_BKG_000361,Arizona,-112.93769262669319,36.970158460902475,neutral,neutral_unlabeled_background,background_proxy,0
background_only,519,NEU_BKG_000362,Arizona,-110.9666600341374,34.71008293470802,neutral,neutral_unlabeled_background,background_proxy,0
background_only,520,NEU_BKG_000363,Arizona,-111.58934922802685,36.12338153536709,neutral,neutral_unlabeled_background,background_proxy,0
background_only,521,NEU_BKG_000364,Arizona,-113.94621927238013,36.379215904845914,neutral,neutral_unlabeled_background,background_proxy,0
background_only,522,NEU_BKG_000365,Arizona,-111.86594490435967,35.88752723757892,neutral,neutral_unlabeled_background,background_proxy,0
background_only,523,NEU_BKG_000366,Arizona,-110.52228044640367,36.015225138427596,neutral,neutral_unlabeled_background,background_proxy,0
background_only,524,NEU_BKG_000367,Arizona,-112.50154502116497,36.44682468869284,neutral,neutral_unlabeled_background,background_proxy,0
background_only,525,NEU_BKG_000368,Arizona,-110.65578371293451,35.67417799684382,neutral,neutral_unlabeled_background,background_proxy,0
background_only,526,NEU_BKG_000369,Arizona,-112.0142395867017,35.69206238254987,neutral,neutral_unlabeled_background,background_proxy,0
background_only,527,NEU_BKG_000370,Arizona,-111.48359163489093,36.23771392830278,neutral,neutral_unlabeled_background,background_proxy,0
background_only,528,NEU_BKG_000371,Arizona,-109.81671218095528,35.323591142123085,neutral,neutral_unlabeled_background,background_proxy,0
background_only,529,NEU_BKG_000372,Arizona,-113.60326859769366,35.79564573510869,neutral,neutral_unlabeled_background,background_proxy,0
background_only,530,NEU_BKG_000373,Arizona,-111.01986835855885,35.63860784767491,neutral,neutral_unlabeled_background,background_proxy,0
background_only,531,NEU_BKG_000374,Arizona,-110.80486263205071,35.83322807590194,neutral,neutral_unlabeled_background,background_proxy,0
background_only,532,NEU_BKG_000375,Arizona,-109.98775742583885,34.6236395999635,neutral,neutral_unlabeled_background,background_proxy,0
background_only,533,NEU_BKG_000376,Arizona,-109.81628264862675,33.27840206003777,neutral,neutral_unlabeled_background,background_proxy,0
background_only,534,NEU_BKG_000377,Arizona,-111.31476517349824,36.71326431571512,neutral,neutral_unlabeled_background,background_proxy,0
background_only,535,NEU_BKG_000378,Arizona,-109.23326232890854,34.34993581156319,neutral,neutral_unlabeled_background,background_proxy,0
background_only,536,NEU_BKG_000379,Arizona,-110.91311843875137,35.79597692212089,neutral,neutral_unlabeled_background,background_proxy,0
background_only,537,NEU_BKG_000380,Arizona,-111.10673708654862,35.48731359806085,neutral,neutral_unlabeled_background,background_proxy,0
background_only,538,NEU_BKG_000381,Arizona,-110.4721185699431,34.64419798387134,neutral,neutral_unlabeled_background,background_proxy,0
background_only,539,NEU_BKG_000382,Arizona,-110.68910531129028,34.42266327179499,neutral,neutral_unlabeled_background,background_proxy,0
background_only,540,NEU_BKG_000383,Arizona,-110.97742997735875,34.80362202786887,neutral,neutral_unlabeled_background,background_proxy,0
background_only,541,NEU_BKG_000384,Arizona,-112.43990315356572,36.117889104047656,neutral,neutral_unlabeled_background,background_proxy,0
background_only,542,NEU_BKG_000385,Arizona,-109.99816726539161,33.31144202789699,neutral,neutral_unlabeled_background,background_proxy,0
background_only,543,NEU_BKG_000386,Arizona,-109.75485384494522,35.8221333781698,neutral,neutral_unlabeled_background,background_proxy,0
background_only,544,NEU_BKG_000387,Arizona,-113.2295596725518,36.56831235851557,neutral,neutral_unlabeled_background,background_proxy,0
background_only,545,NEU_BKG_000388,Arizona,-109.7275595384773,35.93567917158177,neutral,neutral_unlabeled_background,background_proxy,0
background_only,546,NEU_BKG_000389,Arizona,-110.82150109096462,34.76450450435089,neutral,neutral_unlabeled_background,background_proxy,0
background_only,547,NEU_BKG_000390,Arizona,-112.48193720254548,35.49389962841779,neutral,neutral_unlabeled_background,background_proxy,0
background_only,548,NEU_BKG_000391,Arizona,-110.73836258185077,36.049248886346916,neutral,neutral_unlabeled_background,background_proxy,0
background_only,549,NEU_BKG_000392,Arizona,-110.13524129090635,35.99640869839359,neutral,neutral_unlabeled_background,background_proxy,0
background_only,550,NEU_BKG_000393,Arizona,-112.84767223672868,36.28178116976987,neutral,neutral_unlabeled_background,background_proxy,0
background_only,551,NEU_BKG_000394,Arizona,-111.91623734437881,36.15358910466653,neutral,neutral_unlabeled_background,background_proxy,0
background_only,552,NEU_BKG_000395,Arizona,-109.71000822592478,31.66504029810634,neutral,neutral_unlabeled_background,background_proxy,0
background_only,553,NEU_BKG_000396,Arizona,-113.79237105817293,35.85236968150326,neutral,neutral_unlabeled_background,background_proxy,0
background_only,554,NEU_BKG_000397,Arizona,-110.9672284143238,36.94786295364532,neutral,neutral_unlabeled_background,background_proxy,0
background_only,555,NEU_BKG_000398,Arizona,-110.57273014959742,35.62369717462643,neutral,neutral_unlabeled_background,background_proxy,0
background_only,556,NEU_BKG_000399,Arizona,-113.03316218034813,36.55881802149338,neutral,neutral_unlabeled_background,background_proxy,0
background_only,557,NEU_BKG_000400,Arizona,-109.38392173709933,34.752987772118516,neutral,neutral_unlabeled_background,background_proxy,0
background_only,558,NEU_BKG_000401,Arizona,-110.86738517173256,36.22813161253505,neutral,neutral_unlabeled_background,background_proxy,0
background_only,559,NEU_BKG_000402,Arizona,-112.35278919685392,36.08588098717856,neutral,neutral_unlabeled_background,background_proxy,0
background_only,560,NEU_BKG_000403,Arizona,-111.83768228830341,36.9768040641498,neutral,neutral_unlabeled_background,background_proxy,0
background_only,561,NEU_BKG_000404,Arizona,-111.56222552236679,36.496764747433616,neutral,neutral_unlabeled_background,background_proxy,0
background_only,562,NEU_BKG_000405,Arizona,-109.27000154392985,31.696228565827376,neutral,neutral_unlabeled_background,background_proxy,0
background_only,563,NEU_BKG_000406,Arizona,-110.66101867615271,36.15956040007728,neutral,neutral_unlabeled_background,background_proxy,0
background_only,564,NEU_BKG_000407,Arizona,-112.50287579897056,36.464438335828405,neutral,neutral_unlabeled_background,background_proxy,0
background_only,565,NEU_BKG_000408,Arizona,-109.90423537748836,36.636029380011564,neutral,neutral_unlabeled_background,background_proxy,0
background_only,566,NEU_BKG_000409,Arizona,-113.3379920241288,36.33118169465723,neutral,neutral_unlabeled_background,background_proxy,0
background_only,567,NEU_BKG_000410,Arizona,-110.54248919573935,36.09954011340322,neutral,neutral_unlabeled_background,background_proxy,0
background_only,568,NEU_BKG_000411,Arizona,-109.40253459510264,34.87577543432055,neutral,neutral_unlabeled_background,background_proxy,0
background_only,569,NEU_BKG_000412,Arizona,-110.08893710738515,35.055015907885036,neutral,neutral_unlabeled_background,background_proxy,0
background_only,570,NEU_BKG_000413,Arizona,-109.68111963244579,35.49051000253509,neutral,neutral_unlabeled_background,background_proxy,0
background_only,571,NEU_BKG_000414,Arizona,-112.70008682825619,35.652120234287615,neutral,neutral_unlabeled_background,background_proxy,0
background_only,572,NEU_BKG_000415,Arizona,-109.59633605198896,33.37027748818791,neutral,neutral_unlabeled_background,background_proxy,0
background_only,573,NEU_BKG_000416,Arizona,-110.34899257121401,35.286190929360245,neutral,neutral_unlabeled_background,background_proxy,0
background_only,574,NEU_BKG_000417,Arizona,-113.23917005281439,32.31467396873781,neutral,neutral_unlabeled_background,background_proxy,0
background_only,575,NEU_BKG_000418,Arizona,-114.34475839350948,35.610302495535315,neutral,neutral_unlabeled_background,background_proxy,0
background_only,576,NEU_BKG_000419,Arizona,-109.27108577435762,34.721403908296956,neutral,neutral_unlabeled_background,background_proxy,0
background_only,577,NEU_BKG_000420,Arizona,-112.87651564853252,35.64739011905985,neutral,neutral_unlabeled_background,background_proxy,0
background_only,578,NEU_BKG_000421,Arizona,-112.49610810431346,36.67676455813948,neutral,neutral_unlabeled_background,background_proxy,0
background_only,579,NEU_BKG_000422,Arizona,-110.80646882520176,36.01149113279626,neutral,neutral_unlabeled_background,background_proxy,0
background_only,580,NEU_BKG_000423,Arizona,-112.94817349296876,32.6220791210001,neutral,neutral_unlabeled_background,background_proxy,0
background_only,581,NEU_BKG_000424,Arizona,-112.50962944101767,35.978558832996995,neutral,neutral_unlabeled_background,background_proxy,0
background_only,582,NEU_BKG_000425,Arizona,-109.82292808339236,33.70165994071046,neutral,neutral_unlabeled_background,background_proxy,0
background_only,583,NEU_BKG_000426,Arizona,-109.86892021865792,33.25314766254841,neutral,neutral_unlabeled_background,background_proxy,0
background_only,584,NEU_BKG_000427,Arizona,-110.55869394784565,36.445603139334615,neutral,neutral_unlabeled_background,background_proxy,0
background_only,585,NEU_BKG_000428,Arizona,-112.98730485176577,36.51904963592489,neutral,neutral_unlabeled_background,background_proxy,0
background_only,586,NEU_BKG_000429,Arizona,-113.07609952792033,35.013612156050016,neutral,neutral_unlabeled_background,background_proxy,0
background_only,587,NEU_BKG_000430,Arizona,-110.20581896354955,36.45388143286996,neutral,neutral_unlabeled_background,background_proxy,0
background_only,588,NEU_BKG_000431,Arizona,-109.38260128281348,31.86667269802845,neutral,neutral_unlabeled_background,background_proxy,0
background_only,589,NEU_BKG_000432,Arizona,-110.00018660618105,33.47810244343275,neutral,neutral_unlabeled_background,background_proxy,0
background_only,590,NEU_BKG_000433,Arizona,-110.94487986492136,36.87552436030595,neutral,neutral_unlabeled_background,background_proxy,0
background_only,591,NEU_BKG_000434,Arizona,-109.8709283101144,33.32376733745749,neutral,neutral_unlabeled_background,background_proxy,0
background_only,592,NEU_BKG_000435,Arizona,-109.86142141149409,36.68770487089889,neutral,neutral_unlabeled_background,background_proxy,0
background_only,593,NEU_BKG_000436,Arizona,-113.6537269916569,32.331983025797854,neutral,neutral_unlabeled_background,background_proxy,0
background_only,594,NEU_BKG_000437,Arizona,-110.63987690599241,34.48699660108502,neutral,neutral_unlabeled_background,background_proxy,0
background_only,595,NEU_BKG_000438,Arizona,-110.67096546765157,36.09771611671987,neutral,neutral_unlabeled_background,background_proxy,0
background_only,596,NEU_BKG_000439,Arizona,-109.66241073580058,35.82840415078404,neutral,neutral_unlabeled_background,background_proxy,0
background_only,597,NEU_BKG_000440,Arizona,-109.95375130701973,33.37272923446694,neutral,neutral_unlabeled_background,background_proxy,0
background_only,598,NEU_BKG_000441,Arizona,-113.35421490193659,32.626363011004244,neutral,neutral_unlabeled_background,background_proxy,0
background_only,599,NEU_BKG_000442,Arizona,-113.97949380594493,34.47606703783233,neutral,neutral_unlabeled_background,background_proxy,0
background_only,600,NEU_BKG_000443,Arizona,-110.65908793482606,34.513998113641215,neutral,neutral_unlabeled_background,background_proxy,0
background_only,601,NEU_BKG_000444,Arizona,-112.56867692437433,32.616754046038196,neutral,neutral_unlabeled_background,background_proxy,0
background_only,602,NEU_BKG_000445,Arizona,-111.05018689168745,35.45090708770968,neutral,neutral_unlabeled_background,background_proxy,0
background_only,603,NEU_BKG_000446,Arizona,-111.0699727562045,35.615522625509385,neutral,neutral_unlabeled_background,background_proxy,0
background_only,604,NEU_BKG_000447,Arizona,-109.99764261448051,35.155894250447645,neutral,neutral_unlabeled_background,background_proxy,0
background_only,605,NEU_BKG_000448,Arizona,-111.24792696667792,36.26808931790866,neutral,neutral_unlabeled_background,background_proxy,0
background_only,606,NEU_BKG_000449,Arizona,-113.20127737869745,32.51990023535394,neutral,neutral_unlabeled_background,background_proxy,0
background_only,607,NEU_BKG_000450,Arizona,-111.90367977214905,36.89246595169528,neutral,neutral_unlabeled_background,background_proxy,0
background_only,608,NEU_BKG_000451,Arizona,-111.71719524536401,36.49667884579484,neutral,neutral_unlabeled_background,background_proxy,0
background_only,609,NEU_BKG_000452,Arizona,-113.61821360888725,35.51067524470267,neutral,neutral_unlabeled_background,background_proxy,0
background_only,610,NEU_BKG_000453,Arizona,-109.15067571401549,32.37740221869343,neutral,neutral_unlabeled_background,background_proxy,0
background_only,611,NEU_BKG_000454,Arizona,-111.73137363341597,35.76519275988575,neutral,neutral_unlabeled_background,background_proxy,0
background_only,612,NEU_BKG_000455,Arizona,-110.80331654180175,35.79430039429846,neutral,neutral_unlabeled_background,background_proxy,0
background_only,613,NEU_BKG_000456,Arizona,-110.5527349947116,36.89343382831003,neutral,neutral_unlabeled_background,background_proxy,0
background_only,614,NEU_BKG_000457,Arizona,-109.7124381804514,36.691011091780986,neutral,neutral_unlabeled_background,background_proxy,0
background_only,615,NEU_BKG_000458,Arizona,-112.01953613322085,35.77654478744405,neutral,neutral_unlabeled_background,background_proxy,0
background_only,616,NEU_BKG_000459,Arizona,-112.60764073405993,35.83425052386985,neutral,neutral_unlabeled_background,background_proxy,0
background_only,617,NEU_BKG_000460,Arizona,-110.51669206198234,36.31803118991927,neutral,neutral_unlabeled_background,background_proxy,0
background_only,618,NEU_BKG_000461,Arizona,-109.73623668613598,34.46856341986849,neutral,neutral_unlabeled_background,background_proxy,0
background_only,619,NEU_BKG_000462,Arizona,-112.54645673204078,35.89782427725584,neutral,neutral_unlabeled_background,background_proxy,0
background_only,620,NEU_BKG_000463,Arizona,-110.69170490250545,35.97344029461963,neutral,neutral_unlabeled_background,background_proxy,0
background_only,621,NEU_BKG_000464,Arizona,-110.08364704343606,35.95630730905811,neutral,neutral_unlabeled_background,background_proxy,0
background_only,622,NEU_BKG_000465,Arizona,-112.55749597633623,35.98022426960408,neutral,neutral_unlabeled_background,background_proxy,0
background_only,623,NEU_BKG_000466,Arizona,-112.8933138805056,33.34978655373303,neutral,neutral_unlabeled_background,background_proxy,0
background_only,624,NEU_BKG_000467,Arizona,-111.64306365827704,36.56332880076695,neutral,neutral_unlabeled_background,background_proxy,0
background_only,625,NEU_BKG_000468,Arizona,-113.59559865050001,33.41081369032927,neutral,neutral_unlabeled_background,background_proxy,0
background_only,626,NEU_BKG_000469,Arizona,-110.9827401035507,36.69510979380087,neutral,neutral_unlabeled_background,background_proxy,0
background_only,627,NEU_BKG_000470,Arizona,-111.81014141640595,36.52755004845829,neutral,neutral_unlabeled_background,background_proxy,0
background_only,628,NEU_BKG_000471,Arizona,-113.09509197031915,32.67430025927858,neutral,neutral_unlabeled_background,background_proxy,0
background_only,629,NEU_BKG_000472,Arizona,-113.32612322362368,36.00690795688781,neutral,neutral_unlabeled_background,background_proxy,0
background_only,630,NEU_BKG_000473,Arizona,-113.5778769564695,36.428624796934194,neutral,neutral_unlabeled_background,background_proxy,0
background_only,631,NEU_BKG_000474,Arizona,-109.95661679234462,33.52436409113145,neutral,neutral_unlabeled_background,background_proxy,0
background_only,632,NEU_BKG_000475,Arizona,-109.46007348087998,34.564401724242884,neutral,neutral_unlabeled_background,background_proxy,0
background_only,633,NEU_BKG_000476,Arizona,-110.62523237925782,36.11345264330921,neutral,neutral_unlabeled_background,background_proxy,0
background_only,634,NEU_BKG_000477,Arizona,-112.78567998080466,36.40759414795604,neutral,neutral_unlabeled_background,background_proxy,0
background_only,635,NEU_BKG_000478,Arizona,-113.17734947273559,32.61457392863694,neutral,neutral_unlabeled_background,background_proxy,0
background_only,636,NEU_BKG_000479,Arizona,-109.05811533912747,34.79034654775687,neutral,neutral_unlabeled_background,background_proxy,0
background_only,637,NEU_BKG_000480,Arizona,-113.15730189110826,36.570381602066966,neutral,neutral_unlabeled_background,background_proxy,0
background_only,638,NEU_BKG_000481,Arizona,-111.10107528738457,34.7838851756322,neutral,neutral_unlabeled_background,background_proxy,0
background_only,639,NEU_BKG_000482,Arizona,-113.00470211450433,35.42948649090042,neutral,neutral_unlabeled_background,background_proxy,0
background_only,640,NEU_BKG_000483,Arizona,-113.26180484967135,35.72547462882651,neutral,neutral_unlabeled_background,background_proxy,0
background_only,641,NEU_BKG_000484,Arizona,-113.10904958044277,34.92191132105771,neutral,neutral_unlabeled_background,background_proxy,0
background_only,642,NEU_BKG_000485,Arizona,-114.33711829248169,33.372539626412895,neutral,neutral_unlabeled_background,background_proxy,0
background_only,643,NEU_BKG_000486,Arizona,-111.40458450993401,36.43507107739509,neutral,neutral_unlabeled_background,background_proxy,0
background_only,644,NEU_BKG_000487,Arizona,-109.1394065301484,32.482359613943046,neutral,neutral_unlabeled_background,background_proxy,0
background_only,645,NEU_BKG_000488,Arizona,-113.85933030843789,36.518480473039475,neutral,neutral_unlabeled_background,background_proxy,0
background_only,646,NEU_BKG_000489,Arizona,-110.53178601915417,36.370954051451896,neutral,neutral_unlabeled_background,background_proxy,0
background_only,647,NEU_BKG_000490,Arizona,-111.92701134499515,35.0652617790316,neutral,neutral_unlabeled_background,background_proxy,0
background_only,648,NEU_BKG_000491,Arizona,-111.11398486143318,36.85541999428169,neutral,neutral_unlabeled_background,background_proxy,0
background_only,649,NEU_BKG_000492,Arizona,-110.2118318475114,34.703173957555066,neutral,neutral_unlabeled_background,background_proxy,0
background_only,650,NEU_BKG_000493,Arizona,-112.42919888874867,36.06632690396529,neutral,neutral_unlabeled_background,background_proxy,0
background_only,651,NEU_BKG_000494,Arizona,-110.79738296272788,36.6892762735509,neutral,neutral_unlabeled_background,background_proxy,0
background_only,652,NEU_BKG_000495,Arizona,-109.84137964020108,33.647341064100885,neutral,neutral_unlabeled_background,background_proxy,0
background_only,653,NEU_BKG_000496,Arizona,-113.1116347715144,32.57499100989233,neutral,neutral_unlabeled_background,background_proxy,0
background_only,654,NEU_BKG_000497,Arizona,-109.83234651229655,33.23117836703014,neutral,neutral_unlabeled_background,background_proxy,0
background_only,655,NEU_BKG_000498,Arizona,-112.26641891479272,36.352478552626266,neutral,neutral_unlabeled_background,background_proxy,0
background_only,656,NEU_BKG_000499,Arizona,-114.04690374556792,34.52541439971036,neutral,neutral_unlabeled_background,background_proxy,0
background_only,657,NEU_BKG_000500,Arizona,-113.93648592825842,36.30815112213758,neutral,neutral_unlabeled_background,background_proxy,0
background_only,658,NEU_BKG_000501,Arizona,-109.7871721674839,33.32683101670538,neutral,neutral_unlabeled_background,background_proxy,0
background_only,659,NEU_BKG_000502,Arizona,-110.1905983148267,36.49400731518178,neutral,neutral_unlabeled_background,background_proxy,0
background_only,660,NEU_BKG_000503,Arizona,-112.68557917285715,32.646893762306874,neutral,neutral_unlabeled_background,background_proxy,0
background_only,661,NEU_BKG_000504,Arizona,-112.94057657363103,34.99957288507568,neutral,neutral_unlabeled_background,background_proxy,0
background_only,662,NEU_BKG_000505,Arizona,-110.27139525725178,35.33793273454131,neutral,neutral_unlabeled_background,background_proxy,0
background_only,663,NEU_BKG_000506,Arizona,-112.43468377243364,36.47829503101653,neutral,neutral_unlabeled_background,background_proxy,0
background_only,664,NEU_BKG_000507,Arizona,-113.76623495835179,33.573840117655315,neutral,neutral_unlabeled_background,background_proxy,0
background_only,665,NEU_BKG_000508,Arizona,-109.78877738767494,35.984171998545534,neutral,neutral_unlabeled_background,background_proxy,0
background_only,666,NEU_BKG_000509,Arizona,-113.41998060291004,35.70459149907681,neutral,neutral_unlabeled_background,background_proxy,0
background_only,667,NEU_BKG_000510,Arizona,-109.91815554692772,35.14220071680404,neutral,neutral_unlabeled_background,background_proxy,0
background_only,668,NEU_BKG_000511,Arizona,-112.90462003393809,34.969868784528884,neutral,neutral_unlabeled_background,background_proxy,0
background_only,669,NEU_BKG_000512,Arizona,-109.90465450308197,33.482975353813096,neutral,neutral_unlabeled_background,background_proxy,0
background_only,670,NEU_BKG_000513,Arizona,-113.3574386441596,36.33358042291122,neutral,neutral_unlabeled_background,background_proxy,0
background_only,671,NEU_BKG_000514,Arizona,-109.45611420536365,34.6977040437988,neutral,neutral_unlabeled_background,background_proxy,0
background_only,672,NEU_BKG_000515,Arizona,-112.81474983015376,35.89112840286804,neutral,neutral_unlabeled_background,background_proxy,0
background_only,673,NEU_BKG_000516,Arizona,-113.09418476892594,35.022148827400514,neutral,neutral_unlabeled_background,background_proxy,0
background_only,674,NEU_BKG_000517,Arizona,-110.13923417013287,36.113666244032814,neutral,neutral_unlabeled_background,background_proxy,0
background_only,675,NEU_BKG_000518,Arizona,-113.56004368287746,32.663428594421816,neutral,neutral_unlabeled_background,background_proxy,0
background_only,676,NEU_BKG_000519,Arizona,-112.69942078355264,35.04492333154786,neutral,neutral_unlabeled_background,background_proxy,0
background_only,677,NEU_BKG_000520,Arizona,-111.05471313948155,35.53998243559651,neutral,neutral_unlabeled_background,background_proxy,0
background_only,678,NEU_BKG_000521,Arizona,-112.88186902485525,36.365929585983,neutral,neutral_unlabeled_background,background_proxy,0
background_only,679,NEU_BKG_000522,Arizona,-111.84378865263781,35.72761324795262,neutral,neutral_unlabeled_background,background_proxy,0
background_only,680,NEU_BKG_000523,Arizona,-113.17146168076279,33.46839722577294,neutral,neutral_unlabeled_background,background_proxy,0
background_only,681,NEU_BKG_000524,Arizona,-109.8054698196202,35.9273868059147,neutral,neutral_unlabeled_background,background_proxy,0
background_only,682,NEU_BKG_000525,Arizona,-110.60173599442737,35.723780550546046,neutral,neutral_unlabeled_background,background_proxy,0
background_only,683,NEU_BKG_000526,Arizona,-109.16348482074419,36.26464435975434,neutral,neutral_unlabeled_background,background_proxy,0
background_only,684,NEU_BKG_000527,Arizona,-110.03504131729996,36.58236184844154,neutral,neutral_unlabeled_background,background_proxy,0
background_only,685,NEU_BKG_000528,Arizona,-109.09079201173718,34.79334894506968,neutral,neutral_unlabeled_background,background_proxy,0
background_only,686,NEU_BKG_000529,Arizona,-112.4335149640927,35.66265651475136,neutral,neutral_unlabeled_background,background_proxy,0
background_only,687,NEU_BKG_000530,Arizona,-112.47635428920455,36.56613046655825,neutral,neutral_unlabeled_background,background_proxy,0
background_only,688,NEU_BKG_000531,Arizona,-113.91953465577879,35.97838476060773,neutral,neutral_unlabeled_background,background_proxy,0
background_only,689,NEU_BKG_000532,Arizona,-110.9006058316025,36.55157845815422,neutral,neutral_unlabeled_background,background_proxy,0
background_only,690,NEU_BKG_000533,Arizona,-110.25235472629082,35.50652653305323,neutral,neutral_unlabeled_background,background_proxy,0
background_only,691,NEU_BKG_000534,Arizona,-113.19283930565159,36.60255236531375,neutral,neutral_unlabeled_background,background_proxy,0
background_only,692,NEU_BKG_000535,Arizona,-113.35938971909324,35.78546723498098,neutral,neutral_unlabeled_background,background_proxy,0
background_only,693,NEU_BKG_000536,Arizona,-109.80424357857655,33.52831995508552,neutral,neutral_unlabeled_background,background_proxy,0
background_only,694,NEU_BKG_000537,Arizona,-113.19288050638411,33.50728876868658,neutral,neutral_unlabeled_background,background_proxy,0
background_only,695,NEU_BKG_000538,Arizona,-110.53988578569478,34.64665344924473,neutral,neutral_unlabeled_background,background_proxy,0
background_only,696,NEU_BKG_000539,Arizona,-109.87008788696232,35.24376000960088,neutral,neutral_unlabeled_background,background_proxy,0
background_only,697,NEU_BKG_000540,Arizona,-109.46986130586464,36.56482656037067,neutral,neutral_unlabeled_background,background_proxy,0
background_only,698,NEU_BKG_000541,Arizona,-110.29729570785103,35.62587557956161,neutral,neutral_unlabeled_background,background_proxy,0
background_only,699,NEU_BKG_000542,Arizona,-113.41401675890516,32.20656827414458,neutral,neutral_unlabeled_background,background_proxy,0
background_only,700,NEU_BKG_000543,Arizona,-113.03972885615539,36.68343174004167,neutral,neutral_unlabeled_background,background_proxy,0
background_only,701,NEU_BKG_000544,Arizona,-110.43288091671216,35.703597868458104,neutral,neutral_unlabeled_background,background_proxy,0
background_only,702,NEU_BKG_000545,Arizona,-112.74440711850494,35.995687421889606,neutral,neutral_unlabeled_background,background_proxy,0
background_only,703,NEU_BKG_000546,Arizona,-110.74934302583375,34.63866051636823,neutral,neutral_unlabeled_background,background_proxy,0
background_only,704,NEU_BKG_000547,Arizona,-114.30777292975934,35.63252145261636,neutral,neutral_unlabeled_background,background_proxy,0
background_only,705,NEU_BKG_000548,Arizona,-109.85363197536574,35.197173717733136,neutral,neutral_unlabeled_background,background_proxy,0
background_only,706,NEU_BKG_000549,Arizona,-113.46571227946716,36.49293785347863,neutral,neutral_unlabeled_background,background_proxy,0
background_only,707,NEU_BKG_000550,Arizona,-109.92022248589751,33.57126159954153,neutral,neutral_unlabeled_background,background_proxy,0
background_only,708,NEU_BKG_000551,Arizona,-109.77153912739684,35.830382297910106,neutral,neutral_unlabeled_background,background_proxy,0
background_only,709,NEU_BKG_000552,Arizona,-110.37517532351326,34.75646220132283,neutral,neutral_unlabeled_background,background_proxy,0
background_only,710,NEU_BKG_000553,Arizona,-109.84967462980087,34.48141899543242,neutral,neutral_unlabeled_background,background_proxy,0
background_only,711,NEU_BKG_000554,Arizona,-109.96591259097795,34.53322408377667,neutral,neutral_unlabeled_background,background_proxy,0
background_only,712,NEU_BKG_000555,Arizona,-110.07163121624097,34.634839333476826,neutral,neutral_unlabeled_background,background_proxy,0
background_only,713,NEU_BKG_000556,Arizona,-110.30749277040672,34.708232238076,neutral,neutral_unlabeled_background,background_proxy,0
background_only,714,NEU_BKG_000557,Arizona,-111.70836993872884,35.57764902775436,neutral,neutral_unlabeled_background,background_proxy,0
background_only,715,NEU_BKG_000558,Arizona,-111.72622886430061,36.486872809358616,neutral,neutral_unlabeled_background,background_proxy,0
background_only,716,NEU_BKG_000559,Arizona,-109.8651062407021,35.41336566437548,neutral,neutral_unlabeled_background,background_proxy,0
background_only,717,NEU_BKG_000560,Arizona,-109.69827879082276,35.8282042944989,neutral,neutral_unlabeled_background,background_proxy,0
background_only,718,NEU_BKG_000561,Arizona,-113.494245048897,35.844198190334595,neutral,neutral_unlabeled_background,background_proxy,0
background_only,719,NEU_BKG_000562,Arizona,-110.21360341723478,36.07460718432772,neutral,neutral_unlabeled_background,background_proxy,0
background_only,720,NEU_BKG_000563,Arizona,-109.71800007209178,36.73512131846673,neutral,neutral_unlabeled_background,background_proxy,0
background_only,721,NEU_BKG_000564,Arizona,-111.13392691097575,36.87752410308215,neutral,neutral_unlabeled_background,background_proxy,0
background_only,722,NEU_BKG_000565,Arizona,-110.2702792274975,35.45401191996912,neutral,neutral_unlabeled_background,background_proxy,0
background_only,723,NEU_BKG_000566,Arizona,-113.12271469659639,33.11763498557565,neutral,neutral_unlabeled_background,background_proxy,0
background_only,724,NEU_BKG_000567,Arizona,-112.56349066415801,36.46305334015647,neutral,neutral_unlabeled_background,background_proxy,0
background_only,725,NEU_BKG_000568,Arizona,-111.5854199437989,36.15012078179701,neutral,neutral_unlabeled_background,background_proxy,0
background_only,726,NEU_BKG_000569,Arizona,-109.7775493991905,36.1143171444161,neutral,neutral_unlabeled_background,background_proxy,0
background_only,727,NEU_BKG_000570,Arizona,-112.81689682972164,35.987893206631874,neutral,neutral_unlabeled_background,background_proxy,0
background_only,728,NEU_BKG_000571,Arizona,-109.2709049706104,36.20970534778525,neutral,neutral_unlabeled_background,background_proxy,0
background_only,729,NEU_BKG_000572,Arizona,-109.86121980694351,35.32371757436861,neutral,neutral_unlabeled_background,background_proxy,0
background_only,730,NEU_BKG_000573,Arizona,-109.78626735465993,35.36471578887439,neutral,neutral_unlabeled_background,background_proxy,0
background_only,731,NEU_BKG_000574,Arizona,-110.5148948972086,34.61173520953706,neutral,neutral_unlabeled_background,background_proxy,0
background_only,732,NEU_BKG_000575,Arizona,-112.084966280032,36.97502541672929,neutral,neutral_unlabeled_background,background_proxy,0
background_only,733,NEU_BKG_000576,Arizona,-113.37056030558965,35.75245182110632,neutral,neutral_unlabeled_background,background_proxy,0
background_only,734,NEU_BKG_000577,Arizona,-112.53122894103299,36.59226738854346,neutral,neutral_unlabeled_background,background_proxy,0
background_only,735,NEU_BKG_000578,Arizona,-110.6861698843476,34.83623948139233,neutral,neutral_unlabeled_background,background_proxy,0
background_only,736,NEU_BKG_000579,Arizona,-110.01754752294549,36.00604266795907,neutral,neutral_unlabeled_background,background_proxy,0
background_only,737,NEU_BKG_000580,Arizona,-109.17192635257345,34.634980595795795,neutral,neutral_unlabeled_background,background_proxy,0
background_only,738,NEU_BKG_000581,Washington,-119.54140707268989,46.673531733657185,neutral,neutral_unlabeled_background,background_proxy,0
background_only,739,NEU_BKG_000582,Washington,-117.57445036082942,46.16501111884979,neutral,neutral_unlabeled_background,background_proxy,0
background_only,740,NEU_BKG_000583,Washington,-124.30005223605554,47.431463644498415,neutral,neutral_unlabeled_background,background_proxy,0
background_only,741,NEU_BKG_000584,Washington,-120.83224989144311,46.24225004499765,neutral,neutral_unlabeled_background,background_proxy,0
background_only,742,NEU_BKG_000585,Washington,-119.5967522275856,46.68200172546376,neutral,neutral_unlabeled_background,background_proxy,0
background_only,743,NEU_BKG_000586,Washington,-121.08891307598672,46.15776352642084,neutral,neutral_unlabeled_background,background_proxy,0
background_only,744,NEU_BKG_000587,Washington,-124.0764371409961,47.95260572684681,neutral,neutral_unlabeled_background,background_proxy,0
background_only,745,NEU_BKG_000588,Washington,-120.16884470688551,45.9776956419668,neutral,neutral_unlabeled_background,background_proxy,0
background_only,746,NEU_BKG_000589,Washington,-120.62662943143219,46.51388521983871,neutral,neutral_unlabeled_background,background_proxy,0
background_only,747,NEU_BKG_000590,Washington,-121.06498588598787,46.05293984395218,neutral,neutral_unlabeled_background,background_proxy,0
background_only,748,NEU_BKG_000591,Washington,-120.20071288293012,45.96793371800063,neutral,neutral_unlabeled_background,background_proxy,0
background_only,749,NEU_BKG_000592,Washington,-123.90959719871687,47.73912473074557,neutral,neutral_unlabeled_background,background_proxy,0
background_only,750,NEU_BKG_000593,Washington,-117.48427227796057,46.08808833207051,neutral,neutral_unlabeled_background,background_proxy,0
background_only,751,NEU_BKG_000594,Washington,-120.15574229944116,47.11788096534138,neutral,neutral_unlabeled_background,background_proxy,0
background_only,752,NEU_BKG_000595,Washington,-117.55304573192596,47.045610138427655,neutral,neutral_unlabeled_background,background_proxy,0
background_only,753,NEU_BKG_000596,Washington,-120.10999430873768,45.951270988002804,neutral,neutral_unlabeled_background,background_proxy,0
background_only,754,NEU_BKG_000597,Washington,-118.57961083913077,48.42104927208015,neutral,neutral_unlabeled_background,background_proxy,0
background_only,755,NEU_BKG_000598,Washington,-123.76498266649362,47.89829490937357,neutral,neutral_unlabeled_background,background_proxy,0
background_only,756,NEU_BKG_000599,Washington,-123.52208344721357,47.28580923170607,neutral,neutral_unlabeled_background,background_proxy,0
background_only,757,NEU_BKG_000600,Washington,-123.6051272808277,47.747645116991215,neutral,neutral_unlabeled_background,background_proxy,0
background_only,758,NEU_BKG_000601,Washington,-119.66839391546132,47.063172356034364,neutral,neutral_unlabeled_background,background_proxy,0
background_only,759,NEU_BKG_000602,Washington,-117.6710387917706,46.18541758234905,neutral,neutral_unlabeled_background,background_proxy,0
background_only,760,NEU_BKG_000603,Washington,-120.2215971051033,47.117395140483644,neutral,neutral_unlabeled_background,background_proxy,0
background_only,761,NEU_BKG_000604,Washington,-117.63401534719596,46.75147715136894,neutral,neutral_unlabeled_background,background_proxy,0
background_only,762,NEU_BKG_000605,Washington,-119.77689073026544,46.412899411105045,neutral,neutral_unlabeled_background,background_proxy,0
background_only,763,NEU_BKG_000606,Washington,-123.7238961924399,47.7430300194606,neutral,neutral_unlabeled_background,background_proxy,0
background_only,764,NEU_BKG_000607,Washington,-120.2643520948492,47.16578618085274,neutral,neutral_unlabeled_background,background_proxy,0
background_only,765,NEU_BKG_000608,Washington,-124.28211095674446,47.41334003886274,neutral,neutral_unlabeled_background,background_proxy,0
background_only,766,NEU_BKG_000609,Washington,-117.48336634787675,46.10549102634645,neutral,neutral_unlabeled_background,background_proxy,0
background_only,767,NEU_BKG_000610,Washington,-120.8488928219249,46.208232601367506,neutral,neutral_unlabeled_background,background_proxy,0
background_only,768,NEU_BKG_000611,Washington,-118.38247386249095,46.220744620351226,neutral,neutral_unlabeled_background,background_proxy,0
background_only,769,NEU_BKG_000612,Washington,-121.40463885410982,48.758294600396205,neutral,neutral_unlabeled_background,background_proxy,0
background_only,770,NEU_BKG_000613,Washington,-124.56164009103668,48.33797385994657,neutral,neutral_unlabeled_background,background_proxy,0
background_only,771,NEU_BKG_000614,Washington,-120.27661613184553,45.894051374555076,neutral,neutral_unlabeled_background,background_proxy,0
background_only,772,NEU_BKG_000615,Washington,-117.70262100994248,46.097768153125195,neutral,neutral_unlabeled_background,background_proxy,0
background_only,773,NEU_BKG_000616,Washington,-120.3548648291345,47.236464450509786,neutral,neutral_unlabeled_background,background_proxy,0
background_only,774,NEU_BKG_000617,Washington,-118.35116041637536,46.508085481282336,neutral,neutral_unlabeled_background,background_proxy,0
background_only,775,NEU_BKG_000618,Washington,-119.89559322673739,48.23640403578493,neutral,neutral_unlabeled_background,background_proxy,0
background_only,776,NEU_BKG_000619,Washington,-124.05545996055713,47.36639685244532,neutral,neutral_unlabeled_background,background_proxy,0
background_only,777,NEU_BKG_000620,Washington,-123.92867917825527,47.88589847696789,neutral,neutral_unlabeled_background,background_proxy,0
background_only,778,NEU_BKG_000621,Washington,-123.83931890437272,47.64562244203752,neutral,neutral_unlabeled_background,background_proxy,0
background_only,779,NEU_BKG_000622,Washington,-123.81448306383082,47.78431924304899,neutral,neutral_unlabeled_background,background_proxy,0
background_only,780,NEU_BKG_000623,Washington,-120.25673524001652,46.62858434975111,neutral,neutral_unlabeled_background,background_proxy,0
background_only,781,NEU_BKG_000624,Washington,-117.57671000712627,46.21056308578341,neutral,neutral_unlabeled_background,background_proxy,0
background_only,782,NEU_BKG_000625,Washington,-120.65301567932133,46.49632447699855,neutral,neutral_unlabeled_background,background_proxy,0
background_only,783,NEU_BKG_000626,Washington,-123.5026311639326,47.86644648662,neutral,neutral_unlabeled_background,background_proxy,0
background_only,784,NEU_BKG_000627,Washington,-124.09062391590825,47.93581694803116,neutral,neutral_unlabeled_background,background_proxy,0
background_only,785,NEU_BKG_000628,Washington,-118.04056063950938,46.67591933003905,neutral,neutral_unlabeled_background,background_proxy,0
background_only,786,NEU_BKG_000629,Washington,-123.39046984838933,47.304824757387806,neutral,neutral_unlabeled_background,background_proxy,0
background_only,787,NEU_BKG_000630,Washington,-120.99719183121202,46.345263320852986,neutral,neutral_unlabeled_background,background_proxy,0
background_only,788,NEU_BKG_000631,Washington,-123.45690642882276,47.87695136763849,neutral,neutral_unlabeled_background,background_proxy,0
background_only,789,NEU_BKG_000632,Washington,-121.13465911511031,46.23752251062896,neutral,neutral_unlabeled_background,background_proxy,0
background_only,790,NEU_BKG_000633,Washington,-117.7233498033789,46.08002881277041,neutral,neutral_unlabeled_background,background_proxy,0
background_only,791,NEU_BKG_000634,Washington,-120.60622765606841,46.28847782927527,neutral,neutral_unlabeled_background,background_proxy,0
background_only,792,NEU_BKG_000635,Washington,-120.96083676379932,46.380267018587325,neutral,neutral_unlabeled_background,background_proxy,0
background_only,793,NEU_BKG_000636,Washington,-123.5496093007106,47.78749555470008,neutral,neutral_unlabeled_background,background_proxy,0
background_only,794,NEU_BKG_000637,Washington,-120.92572529082679,46.115896896176224,neutral,neutral_unlabeled_background,background_proxy,0
background_only,795,NEU_BKG_000638,Washington,-117.68448485964929,46.73067267382311,neutral,neutral_unlabeled_background,background_proxy,0
background_only,796,NEU_BKG_000639,Washington,-118.80431237929727,47.05899607645811,neutral,neutral_unlabeled_background,background_proxy,0
background_only,797,NEU_BKG_000640,Washington,-121.87601480901402,46.62895763578083,neutral,neutral_unlabeled_background,background_proxy,0
background_only,798,NEU_BKG_000641,Washington,-119.88911580156608,48.288361027276274,neutral,neutral_unlabeled_background,background_proxy,0
background_only,799,NEU_BKG_000642,Washington,-120.91389375385742,46.95681624893456,neutral,neutral_unlabeled_background,background_proxy,0
background_only,800,NEU_BKG_000643,Washington,-120.21429372898179,47.164708532310435,neutral,neutral_unlabeled_background,background_proxy,0
background_only,801,NEU_BKG_000644,Washington,-117.73197368073362,46.07906490552418,neutral,neutral_unlabeled_background,background_proxy,0
background_only,802,NEU_BKG_000645,Washington,-117.82142921807521,46.0203090571015,neutral,neutral_unlabeled_background,background_proxy,0
background_only,803,NEU_BKG_000646,Washington,-117.49507221813325,46.6890757187497,neutral,neutral_unlabeled_background,background_proxy,0
background_only,804,NEU_BKG_000647,Washington,-124.09206537097845,47.368923835428774,neutral,neutral_unlabeled_background,background_proxy,0
background_only,805,NEU_BKG_000648,Washington,-119.50929870264079,46.64518681046397,neutral,neutral_unlabeled_background,background_proxy,0
background_only,806,NEU_BKG_000649,Washington,-123.6305412064205,47.78334610500076,neutral,neutral_unlabeled_background,background_proxy,0
background_only,807,NEU_BKG_000650,Washington,-123.49343435483325,47.86106030053746,neutral,neutral_unlabeled_background,background_proxy,0
background_only,808,NEU_BKG_000651,Washington,-123.77546798851331,47.821369167174595,neutral,neutral_unlabeled_background,background_proxy,0
background_only,809,NEU_BKG_000652,Washington,-123.61482437974678,47.85268010987086,neutral,neutral_unlabeled_background,background_proxy,0
background_only,810,NEU_BKG_000653,Washington,-117.44602633461115,46.2401361724993,neutral,neutral_unlabeled_background,background_proxy,0
background_only,811,NEU_BKG_000654,Washington,-120.99721544843233,46.479225782161365,neutral,neutral_unlabeled_background,background_proxy,0
background_only,812,NEU_BKG_000655,Washington,-118.60914867523697,48.38951655329032,neutral,neutral_unlabeled_background,background_proxy,0
background_only,813,NEU_BKG_000656,Washington,-117.42412745256755,46.15358976582309,neutral,neutral_unlabeled_background,background_proxy,0
background_only,814,NEU_BKG_000657,Washington,-124.31614680479754,47.41118098676073,neutral,neutral_unlabeled_background,background_proxy,0
background_only,815,NEU_BKG_000658,Washington,-120.85226195120633,46.438019354129366,neutral,neutral_unlabeled_background,background_proxy,0
background_only,816,NEU_BKG_000659,Washington,-120.68042375553811,46.23771367756547,neutral,neutral_unlabeled_background,background_proxy,0
background_only,817,NEU_BKG_000660,Washington,-117.81819162687813,46.07505551887085,neutral,neutral_unlabeled_background,background_proxy,0
background_only,818,NEU_BKG_000661,Washington,-121.17736863699545,46.33219325948312,neutral,neutral_unlabeled_background,background_proxy,0
background_only,819,NEU_BKG_000662,Washington,-117.66222030357153,46.1970907558448,neutral,neutral_unlabeled_background,background_proxy,0
background_only,820,NEU_BKG_000663,Washington,-120.9890387081356,46.17060017549535,neutral,neutral_unlabeled_background,background_proxy,0
background_only,821,NEU_BKG_000664,Washington,-120.23478210633769,45.88567225864337,neutral,neutral_unlabeled_background,background_proxy,0
background_only,822,NEU_BKG_000665,Washington,-118.02474116424744,46.20054003879267,neutral,neutral_unlabeled_background,background_proxy,0
background_only,823,NEU_BKG_000666,Washington,-120.68152106842729,46.114211317426836,neutral,neutral_unlabeled_background,background_proxy,0
background_only,824,NEU_BKG_000667,Washington,-123.93708182690033,47.75891415712504,neutral,neutral_unlabeled_background,background_proxy,0
background_only,825,NEU_BKG_000668,Washington,-123.83210584074223,47.656492565326836,neutral,neutral_unlabeled_background,background_proxy,0
background_only,826,NEU_BKG_000669,Washington,-118.3344046162869,46.884897589909016,neutral,neutral_unlabeled_background,background_proxy,0
background_only,827,NEU_BKG_000670,Washington,-120.91369812798061,46.31259756810961,neutral,neutral_unlabeled_background,background_proxy,0
background_only,828,NEU_BKG_000671,Washington,-120.70916393204106,46.18135997189966,neutral,neutral_unlabeled_background,background_proxy,0
background_only,829,NEU_BKG_000672,Washington,-117.64687429821193,46.732089178819606,neutral,neutral_unlabeled_background,background_proxy,0
background_only,830,NEU_BKG_000673,Washington,-121.1473059908783,46.13661928561411,neutral,neutral_unlabeled_background,background_proxy,0
background_only,831,NEU_BKG_000674,Washington,-119.16260573889855,46.02116212486484,neutral,neutral_unlabeled_background,background_proxy,0
background_only,832,NEU_BKG_000675,Washington,-120.1579802581781,46.62394927750719,neutral,neutral_unlabeled_background,background_proxy,0
background_only,833,NEU_BKG_000676,Washington,-123.68322699972627,47.825032773985086,neutral,neutral_unlabeled_background,background_proxy,0
background_only,834,NEU_BKG_000677,Washington,-123.56149217972975,47.85854640863918,neutral,neutral_unlabeled_background,background_proxy,0
background_only,835,NEU_BKG_000678,Washington,-117.84292499515885,46.08312646203905,neutral,neutral_unlabeled_background,background_proxy,0
background_only,836,NEU_BKG_000679,Washington,-117.86731001631182,46.19369042110906,neutral,neutral_unlabeled_background,background_proxy,0
background_only,837,NEU_BKG_000680,Washington,-118.0453855551817,46.6559452207615,neutral,neutral_unlabeled_background,background_proxy,0
background_only,838,NEU_BKG_000681,Washington,-120.97493899680615,46.602996273617414,neutral,neutral_unlabeled_background,background_proxy,0
background_only,839,NEU_BKG_000682,Washington,-117.4278514257776,46.11998878823577,neutral,neutral_unlabeled_background,background_proxy,0
background_only,840,NEU_BKG_000683,Washington,-117.39504894066768,46.12004649968484,neutral,neutral_unlabeled_background,background_proxy,0
background_only,841,NEU_BKG_000684,Washington,-124.59183726231306,48.32972498052736,neutral,neutral_unlabeled_background,background_proxy,0
background_only,842,NEU_BKG_000685,Washington,-121.1273808522417,46.38143844989077,neutral,neutral_unlabeled_background,background_proxy,0
background_only,843,NEU_BKG_000686,Washington,-123.97741732183033,47.729223770202516,neutral,neutral_unlabeled_background,background_proxy,0
background_only,844,NEU_BKG_000687,Washington,-121.08903257446583,45.812373689131455,neutral,neutral_unlabeled_background,background_proxy,0
background_only,845,NEU_BKG_000688,Washington,-118.82175633236902,46.54316176324441,neutral,neutral_unlabeled_background,background_proxy,0
background_only,846,NEU_BKG_000689,Washington,-123.77852260402008,47.88225327009951,neutral,neutral_unlabeled_background,background_proxy,0
background_only,847,NEU_BKG_000690,Washington,-117.61826387870175,46.08885687471346,neutral,neutral_unlabeled_background,background_proxy,0
background_only,848,NEU_BKG_000691,Washington,-117.8491820754899,46.17597047874752,neutral,neutral_unlabeled_background,background_proxy,0
background_only,849,NEU_BKG_000692,Washington,-123.50165734231273,47.72871693295164,neutral,neutral_unlabeled_background,background_proxy,0
background_only,850,NEU_BKG_000693,Washington,-120.83109286247364,46.22129106360004,neutral,neutral_unlabeled_background,background_proxy,0
background_only,851,NEU_BKG_000694,Washington,-121.7098713984897,46.0183950561619,neutral,neutral_unlabeled_background,background_proxy,0
background_only,852,NEU_BKG_000695,Washington,-120.63025301868825,46.32750165988511,neutral,neutral_unlabeled_background,background_proxy,0
background_only,853,NEU_BKG_000696,Washington,-121.05821142996614,46.37034570785934,neutral,neutral_unlabeled_background,background_proxy,0
background_only,854,NEU_BKG_000697,Washington,-123.74614561492167,47.847461912288324,neutral,neutral_unlabeled_background,background_proxy,0
background_only,855,NEU_BKG_000698,Washington,-117.70589172662352,46.74700051908425,neutral,neutral_unlabeled_background,background_proxy,0
background_only,856,NEU_BKG_000699,Washington,-120.00138408487818,45.96000409570721,neutral,neutral_unlabeled_background,background_proxy,0
background_only,857,NEU_BKG_000700,Washington,-121.07472349114585,46.421509777576375,neutral,neutral_unlabeled_background,background_proxy,0
background_only,858,NEU_BKG_000701,Washington,-117.57915435587235,47.028404099093166,neutral,neutral_unlabeled_background,background_proxy,0
background_only,859,NEU_BKG_000702,Washington,-118.57029934404056,47.59737909878917,neutral,neutral_unlabeled_background,background_proxy,0
background_only,860,NEU_BKG_000703,Washington,-123.44581415694489,47.67273559564089,neutral,neutral_unlabeled_background,background_proxy,0
background_only,861,NEU_BKG_000704,Washington,-120.01187734348302,46.57989314336227,neutral,neutral_unlabeled_background,background_proxy,0
background_only,862,NEU_BKG_000705,Washington,-119.13286099591637,48.04633167448096,neutral,neutral_unlabeled_background,background_proxy,0
background_only,863,NEU_BKG_000706,Washington,-123.92690587096502,47.699257748431855,neutral,neutral_unlabeled_background,background_proxy,0
background_only,864,NEU_BKG_000707,Washington,-120.86958285908962,46.200175386387,neutral,neutral_unlabeled_background,background_proxy,0
background_only,865,NEU_BKG_000708,Washington,-124.20346623714896,47.96832120556566,neutral,neutral_unlabeled_background,background_proxy,0
background_only,866,NEU_BKG_000709,Washington,-120.6737799005404,46.262787201942345,neutral,neutral_unlabeled_background,background_proxy,0
background_only,867,NEU_BKG_000710,Washington,-117.61090378320851,46.709804648576906,neutral,neutral_unlabeled_background,background_proxy,0
background_only,868,NEU_BKG_000711,Washington,-119.39732476544295,46.70530253502273,neutral,neutral_unlabeled_background,background_proxy,0
background_only,869,NEU_BKG_000712,Washington,-119.6100062073451,47.11596463481676,neutral,neutral_unlabeled_background,background_proxy,0
background_only,870,NEU_BKG_000713,Washington,-117.55127576089308,46.03739177980811,neutral,neutral_unlabeled_background,background_proxy,0
background_only,871,NEU_BKG_000714,Washington,-119.72335280546545,45.968369054151204,neutral,neutral_unlabeled_background,background_proxy,0
background_only,872,NEU_BKG_000715,Washington,-120.92007196553557,46.35748765703586,neutral,neutral_unlabeled_background,background_proxy,0
background_only,873,NEU_BKG_000716,Washington,-124.06775085491067,47.34055037650505,neutral,neutral_unlabeled_background,background_proxy,0
background_only,874,NEU_BKG_000717,Washington,-119.97564282218231,48.47614667008808,neutral,neutral_unlabeled_background,background_proxy,0
background_only,875,NEU_BKG_000718,Washington,-124.17618684474807,47.35007294254812,neutral,neutral_unlabeled_background,background_proxy,0
background_only,876,NEU_BKG_000719,Washington,-120.70791399050316,48.97922033151777,neutral,neutral_unlabeled_background,background_proxy,0
background_only,877,NEU_BKG_000720,Washington,-120.92866057968189,46.03035964843072,neutral,neutral_unlabeled_background,background_proxy,0
background_only,878,NEU_BKG_000721,Washington,-119.57106641069285,46.71542240200941,neutral,neutral_unlabeled_background,background_proxy,0
background_only,879,NEU_BKG_000722,Washington,-117.73410345904499,46.02687181575614,neutral,neutral_unlabeled_background,background_proxy,0
background_only,880,NEU_BKG_000723,Washington,-119.73203956529171,46.737673298153126,neutral,neutral_unlabeled_background,background_proxy,0
background_only,881,NEU_BKG_000724,Washington,-117.46193796610014,46.13489164913119,neutral,neutral_unlabeled_background,background_proxy,0
background_only,882,NEU_BKG_000725,Washington,-117.78052048972398,46.08285782831692,neutral,neutral_unlabeled_background,background_proxy,0
background_only,883,NEU_BKG_000726,Washington,-123.77705608023305,47.70450014297089,neutral,neutral_unlabeled_background,background_proxy,0
background_only,884,NEU_BKG_000727,Washington,-117.64642967103026,46.16792627464294,neutral,neutral_unlabeled_background,background_proxy,0
background_only,885,NEU_BKG_000728,Washington,-119.98293752213212,46.03696040735718,neutral,neutral_unlabeled_background,background_proxy,0
background_only,886,NEU_BKG_000729,Washington,-124.24689196921126,47.35112519386592,neutral,neutral_unlabeled_background,background_proxy,0
background_only,887,NEU_BKG_000730,Washington,-119.25680551098914,47.513612329425605,neutral,neutral_unlabeled_background,background_proxy,0
background_only,888,NEU_BKG_000731,Washington,-121.03291007834584,46.0627033220869,neutral,neutral_unlabeled_background,background_proxy,0
background_only,889,NEU_BKG_000732,Washington,-121.09828926579281,46.20703674278321,neutral,neutral_unlabeled_background,background_proxy,0
background_only,890,NEU_BKG_000733,Washington,-120.8947754850146,46.094228833502,neutral,neutral_unlabeled_background,background_proxy,0
background_only,891,NEU_BKG_000734,Washington,-119.5801927764283,46.630709394256385,neutral,neutral_unlabeled_background,background_proxy,0
background_only,892,NEU_BKG_000735,Washington,-117.882630970296,46.11422138216502,neutral,neutral_unlabeled_background,background_proxy,0
background_only,893,NEU_BKG_000736,Washington,-117.84230092737812,46.20133615684862,neutral,neutral_unlabeled_background,background_proxy,0
background_only,894,NEU_BKG_000737,Washington,-120.05730933173831,45.9793873631836,neutral,neutral_unlabeled_background,background_proxy,0
background_only,895,NEU_BKG_000738,Washington,-120.6721407201134,46.47379774137815,neutral,neutral_unlabeled_background,background_proxy,0
background_only,896,NEU_BKG_000739,Washington,-120.28286610213411,47.11362766196193,neutral,neutral_unlabeled_background,background_proxy,0
background_only,897,NEU_BKG_000740,Washington,-123.63081390802435,47.85200233769058,neutral,neutral_unlabeled_background,background_proxy,0
background_only,898,NEU_BKG_000741,Washington,-119.81018668994518,46.40604655839278,neutral,neutral_unlabeled_background,background_proxy,0
background_only,899,NEU_BKG_000742,Washington,-118.62431135544486,47.54366830205095,neutral,neutral_unlabeled_background,background_proxy,0
background_only,900,NEU_BKG_000743,Washington,-121.12120872155447,46.33500677982682,neutral,neutral_unlabeled_background,background_proxy,0
background_only,901,NEU_BKG_000744,Washington,-121.10601641050489,46.10704928850086,neutral,neutral_unlabeled_background,background_proxy,0
background_only,902,NEU_BKG_000745,Washington,-118.43752967906617,46.55363758731946,neutral,neutral_unlabeled_background,background_proxy,0
background_only,903,NEU_BKG_000746,Washington,-117.66168448770385,46.71915150006334,neutral,neutral_unlabeled_background,background_proxy,0
background_only,904,NEU_BKG_000747,Washington,-118.86512047089198,47.16319476986154,neutral,neutral_unlabeled_background,background_proxy,0
background_only,905,NEU_BKG_000748,Washington,-118.0130592073545,46.62546045536013,neutral,neutral_unlabeled_background,background_proxy,0
background_only,906,NEU_BKG_000749,Washington,-123.81683687466338,47.86635619735996,neutral,neutral_unlabeled_background,background_proxy,0
background_only,907,NEU_BKG_000750,Washington,-120.12473061449337,45.943119999296755,neutral,neutral_unlabeled_background,background_proxy,0
background_only,908,NEU_BKG_000751,Washington,-117.680110014164,46.728888314737155,neutral,neutral_unlabeled_background,background_proxy,0
background_only,909,NEU_BKG_000752,Washington,-123.86586341979458,47.6284371901774,neutral,neutral_unlabeled_background,background_proxy,0
background_only,910,NEU_BKG_000753,Washington,-124.05099388618295,47.31222470856243,neutral,neutral_unlabeled_background,background_proxy,0
background_only,911,NEU_BKG_000754,Washington,-118.84944401684506,46.5089573366135,neutral,neutral_unlabeled_background,background_proxy,0
background_only,912,NEU_BKG_000755,Washington,-120.10085260101565,46.61706256897277,neutral,neutral_unlabeled_background,background_proxy,0
background_only,913,NEU_BKG_000756,Washington,-120.62091201773622,46.35710394680095,neutral,neutral_unlabeled_background,background_proxy,0
background_only,914,NEU_BKG_000757,Washington,-120.86898389422268,46.94064085178941,neutral,neutral_unlabeled_background,background_proxy,0
background_only,915,NEU_BKG_000758,Washington,-120.12075303355661,46.762909393240434,neutral,neutral_unlabeled_background,background_proxy,0
background_only,916,NEU_BKG_000759,Washington,-123.92153844551127,46.75000910482545,neutral,neutral_unlabeled_background,background_proxy,0
background_only,917,NEU_BKG_000760,Washington,-123.9028841970117,47.62993792234505,neutral,neutral_unlabeled_background,background_proxy,0
background_only,918,NEU_BKG_000761,Washington,-123.52902509784387,47.771446309056,neutral,neutral_unlabeled_background,background_proxy,0
background_only,919,NEU_BKG_000762,Washington,-117.81619497774354,46.157363351493665,neutral,neutral_unlabeled_background,background_proxy,0
background_only,920,NEU_BKG_000763,Washington,-120.6760254987975,46.12414354357345,neutral,neutral_unlabeled_background,background_proxy,0
background_only,921,NEU_BKG_000764,Washington,-120.17946485374104,46.18301630808999,neutral,neutral_unlabeled_background,background_proxy,0
background_only,922,NEU_BKG_000765,Washington,-120.68204593624047,48.98519960816036,neutral,neutral_unlabeled_background,background_proxy,0
background_only,923,NEU_BKG_000766,Washington,-121.0545564944732,46.178900608844366,neutral,neutral_unlabeled_background,background_proxy,0
background_only,924,NEU_BKG_000767,Washington,-118.55362366127744,48.440470343406474,neutral,neutral_unlabeled_background,background_proxy,0
background_only,925,NEU_BKG_000768,Washington,-123.93222478207136,47.68414895745583,neutral,neutral_unlabeled_background,background_proxy,0
background_only,926,NEU_BKG_000769,Washington,-120.164433631309,45.91436506518439,neutral,neutral_unlabeled_background,background_proxy,0
background_only,927,NEU_BKG_000770,Washington,-120.88995044499757,46.45762804314109,neutral,neutral_unlabeled_background,background_proxy,0
background_only,928,NEU_BKG_000771,Washington,-123.40604304098291,47.90402713444787,neutral,neutral_unlabeled_background,background_proxy,0
background_only,929,NEU_BKG_000772,Washington,-124.17179560018594,47.96495145085387,neutral,neutral_unlabeled_background,background_proxy,0
background_only,930,NEU_BKG_000773,Washington,-123.51584156597339,47.83426846097448,neutral,neutral_unlabeled_background,background_proxy,0
background_only,931,NEU_BKG_000774,Washington,-119.29624012503784,47.50395693036538,neutral,neutral_unlabeled_background,background_proxy,0
background_only,932,NEU_BKG_000775,Washington,-123.56593432090335,47.26973512678173,neutral,neutral_unlabeled_background,background_proxy,0
background_only,933,NEU_BKG_000776,Washington,-117.53327623873577,46.040890900722765,neutral,neutral_unlabeled_background,background_proxy,0
background_only,934,NEU_BKG_000777,Washington,-117.5373972179991,47.09504863895103,neutral,neutral_unlabeled_background,background_proxy,0
background_only,935,NEU_BKG_000778,Washington,-120.76908868133252,46.232106397179706,neutral,neutral_unlabeled_background,background_proxy,0
background_only,936,NEU_BKG_000779,Washington,-120.60112330486675,46.27649848495753,neutral,neutral_unlabeled_background,background_proxy,0
background_only,937,NEU_BKG_000780,Washington,-120.69142155622662,46.48637792620102,neutral,neutral_unlabeled_background,background_proxy,0
background_only,938,NEU_BKG_000781,Washington,-117.57905195810393,47.0296785614146,neutral,neutral_unlabeled_background,background_proxy,0
background_only,939,NEU_BKG_000782,Washington,-120.2990855630731,46.12859204337107,neutral,neutral_unlabeled_background,background_proxy,0
background_only,940,NEU_BKG_000783,Washington,-119.98510368400505,48.48751047376121,neutral,neutral_unlabeled_background,background_proxy,0
background_only,941,NEU_BKG_000784,Washington,-120.19228430806741,45.969215888422944,neutral,neutral_unlabeled_background,background_proxy,0
background_only,942,NEU_BKG_000785,Washington,-119.71581816791596,46.374531571398805,neutral,neutral_unlabeled_background,background_proxy,0
background_only,943,NEU_BKG_000786,Washington,-117.38023695505194,46.13662536907302,neutral,neutral_unlabeled_background,background_proxy,0
background_only,944,NEU_BKG_000787,Washington,-121.87278765621548,46.65221853343072,neutral,neutral_unlabeled_background,background_proxy,0
background_only,945,NEU_BKG_000788,Washington,-118.56125333683683,46.48205602021799,neutral,neutral_unlabeled_background,background_proxy,0
background_only,946,NEU_BKG_000789,Washington,-123.71853424317473,47.83174456821629,neutral,neutral_unlabeled_background,background_proxy,0
background_only,947,NEU_BKG_000790,Washington,-120.65751096449046,46.51711497036674,neutral,neutral_unlabeled_background,background_proxy,0
background_only,948,NEU_BKG_000791,Washington,-120.19430465465099,45.89478274485173,neutral,neutral_unlabeled_background,background_proxy,0
background_only,949,NEU_BKG_000792,Washington,-118.376147332162,46.18196602787829,neutral,neutral_unlabeled_background,background_proxy,0
background_only,950,NEU_BKG_000793,Washington,-123.80643563793919,47.87885825305157,neutral,neutral_unlabeled_background,background_proxy,0
background_only,951,NEU_BKG_000794,Washington,-118.05699367954901,46.63964310637512,neutral,neutral_unlabeled_background,background_proxy,0
background_only,952,NEU_BKG_000795,Washington,-122.4996363310931,46.12584403595155,neutral,neutral_unlabeled_background,background_proxy,0
background_only,953,NEU_BKG_000796,Washington,-123.49822955118286,47.788929450086904,neutral,neutral_unlabeled_background,background_proxy,0
background_only,954,NEU_BKG_000797,Washington,-121.52625832023983,48.668828803879535,neutral,neutral_unlabeled_background,background_proxy,0
background_only,955,NEU_BKG_000798,Washington,-121.05463382691792,46.18881628759441,neutral,neutral_unlabeled_background,background_proxy,0
background_only,956,NEU_BKG_000799,Washington,-117.48958098106901,46.697403383334084,neutral,neutral_unlabeled_background,background_proxy,0
background_only,957,NEU_BKG_000800,Washington,-117.9605574143939,46.181880636639825,neutral,neutral_unlabeled_background,background_proxy,0
background_only,958,NEU_BKG_000801,Washington,-119.48910692923445,46.64866388802394,neutral,neutral_unlabeled_background,background_proxy,0
background_only,959,NEU_BKG_000802,Washington,-121.06759228038963,46.08136464934505,neutral,neutral_unlabeled_background,background_proxy,0
background_only,960,NEU_BKG_000803,Washington,-121.0189237105705,46.43754469885203,neutral,neutral_unlabeled_background,background_proxy,0
background_only,961,NEU_BKG_000804,Washington,-123.34036409908389,47.91779334105066,neutral,neutral_unlabeled_background,background_proxy,0
background_only,962,NEU_BKG_000805,Washington,-117.5587024458387,46.078456933675646,neutral,neutral_unlabeled_background,background_proxy,0
background_only,963,NEU_BKG_000806,Washington,-121.01456890250924,46.176984627586776,neutral,neutral_unlabeled_background,background_proxy,0
background_only,964,NEU_BKG_000807,Washington,-117.65018327721137,46.12362585763659,neutral,neutral_unlabeled_background,background_proxy,0
background_only,965,NEU_BKG_000808,Washington,-120.12272301679532,47.150981408102844,neutral,neutral_unlabeled_background,background_proxy,0
background_only,966,NEU_BKG_000809,Washington,-117.7816430868181,46.02903775489303,neutral,neutral_unlabeled_background,background_proxy,0
background_only,967,NEU_BKG_000810,Washington,-119.79400341929758,47.393927704745394,neutral,neutral_unlabeled_background,background_proxy,0
background_only,968,NEU_BKG_000811,Washington,-123.54951282741519,47.28237636507699,neutral,neutral_unlabeled_background,background_proxy,0
background_only,969,NEU_BKG_000812,Washington,-123.92183620549389,47.807186461549925,neutral,neutral_unlabeled_background,background_proxy,0
background_only,970,NEU_BKG_000813,Washington,-118.36423195358078,46.24348640932983,neutral,neutral_unlabeled_background,background_proxy,0
background_only,971,NEU_BKG_000814,Washington,-120.3108230019802,47.210930545705196,neutral,neutral_unlabeled_background,background_proxy,0
background_only,972,NEU_BKG_000815,Washington,-118.22922353031223,46.92771618172178,neutral,neutral_unlabeled_background,background_proxy,0
background_only,973,NEU_BKG_000816,Washington,-123.3139048420196,47.92010795598863,neutral,neutral_unlabeled_background,background_proxy,0
background_only,974,NEU_BKG_000817,Washington,-120.02677217145617,46.59373988373619,neutral,neutral_unlabeled_background,background_proxy,0
background_only,975,NEU_BKG_000818,Washington,-120.16965338949704,47.12774056190943,neutral,neutral_unlabeled_background,background_proxy,0
background_only,976,NEU_BKG_000819,Washington,-122.4737870373487,46.126281591186334,neutral,neutral_unlabeled_background,background_proxy,0
background_only,977,NEU_BKG_000820,Washington,-120.26374870835018,45.8938827903965,neutral,neutral_unlabeled_background,background_proxy,0
background_only,978,NEU_BKG_000821,Washington,-120.68452963964751,46.4367218000633,neutral,neutral_unlabeled_background,background_proxy,0
background_only,979,NEU_BKG_000822,Washington,-124.32118391825507,47.395978530445944,neutral,neutral_unlabeled_background,background_proxy,0
background_only,980,NEU_BKG_000823,Washington,-120.89917167834385,46.211717101864416,neutral,neutral_unlabeled_background,background_proxy,0
background_only,981,NEU_BKG_000824,Washington,-119.63042610423553,47.087348725453076,neutral,neutral_unlabeled_background,background_proxy,0
background_only,982,NEU_BKG_000825,Washington,-118.84624756731237,47.09179433094808,neutral,neutral_unlabeled_background,background_proxy,0
background_only,983,NEU_BKG_000826,Washington,-123.68944790690809,47.861881978731894,neutral,neutral_unlabeled_background,background_proxy,0
background_only,984,NEU_BKG_000827,Washington,-123.82151519562848,47.743340600132505,neutral,neutral_unlabeled_background,background_proxy,0
background_only,985,NEU_BKG_000828,Washington,-119.51129192905569,46.47363728998714,neutral,neutral_unlabeled_background,background_proxy,0
background_only,986,NEU_BKG_000829,Washington,-123.85833089149217,47.837747760587206,neutral,neutral_unlabeled_background,background_proxy,0
background_only,987,NEU_BKG_000830,Washington,-123.86422632834137,47.607767719179,neutral,neutral_unlabeled_background,background_proxy,0
background_only,988,NEU_BKG_000831,Washington,-118.51853070971441,47.59941821438402,neutral,neutral_unlabeled_background,background_proxy,0
background_only,989,NEU_BKG_000832,Washington,-117.48245480308715,46.70387792171796,neutral,neutral_unlabeled_background,background_proxy,0
background_only,990,NEU_BKG_000833,Washington,-120.1828179391634,46.176863002464394,neutral,neutral_unlabeled_background,background_proxy,0
background_only,991,NEU_BKG_000834,Washington,-121.07323399518174,46.39143479118899,neutral,neutral_unlabeled_background,background_proxy,0
background_only,992,NEU_BKG_000835,Washington,-121.04796735251297,46.46346161011662,neutral,neutral_unlabeled_background,background_proxy,0
background_only,993,NEU_BKG_000836,Washington,-117.67101015357764,46.732523956075916,neutral,neutral_unlabeled_background,background_proxy,0
background_only,994,NEU_BKG_000837,Washington,-120.08091204141822,45.96721402172396,neutral,neutral_unlabeled_background,background_proxy,0
background_only,995,NEU_BKG_000838,Washington,-118.48039590310829,47.57322004655161,neutral,neutral_unlabeled_background,background_proxy,0
background_only,996,NEU_BKG_000839,Washington,-120.1585301007029,47.17074822547707,neutral,neutral_unlabeled_background,background_proxy,0
background_only,997,NEU_BKG_000840,Washington,-123.69274109643567,47.827532298389976,neutral,neutral_unlabeled_background,background_proxy,0
background_only,998,NEU_BKG_000841,Washington,-120.13161217909767,46.59298577267335,neutral,neutral_unlabeled_background,background_proxy,0
background_only,999,NEU_BKG_000842,Washington,-124.1344213037062,47.35655777165935,neutral,neutral_unlabeled_background,background_proxy,0
background_only,1000,NEU_BKG_000843,Washington,-119.95793251954142,45.96771000897242,neutral,neutral_unlabeled_background,background_proxy,0
background_only,1001,NEU_BKG_000844,Washington,-119.5143213160195,46.01289488655022,neutral,neutral_unlabeled_background,background_proxy,0
background_only,1002,NEU_BKG_000845,Washington,-119.70328705182177,46.423074433183345,neutral,neutral_unlabeled_background,background_proxy,0
background_only,1003,NEU_BKG_000846,Washington,-121.06942479621515,46.147044827637544,neutral,neutral_unlabeled_background,background_proxy,0
background_only,1004,NEU_BKG_000847,Washington,-119.5669490937397,46.680829660960484,neutral,neutral_unlabeled_background,background_proxy,0
background_only,1005,NEU_BKG_000848,Washington,-120.87093495108005,46.421182573193406,neutral,neutral_unlabeled_background,background_proxy,0
background_only,1006,NEU_BKG_000849,Washington,-120.66535773752352,46.16570517539696,neutral,neutral_unlabeled_background,background_proxy,0
background_only,1007,NEU_BKG_000850,Washington,-123.97436627183855,47.735922333671,neutral,neutral_unlabeled_background,background_proxy,0
background_only,1008,NEU_BKG_000851,Washington,-118.38749406510293,46.58006900504408,neutral,neutral_unlabeled_background,background_proxy,0
background_only,1009,NEU_BKG_000852,Washington,-117.57920218226026,46.00387054746216,neutral,neutral_unlabeled_background,background_proxy,0
background_only,1010,NEU_BKG_000853,Washington,-120.13256237164963,46.60014347120753,neutral,neutral_unlabeled_background,background_proxy,0
background_only,1011,NEU_BKG_000854,Washington,-121.09910134584683,46.14912912816596,neutral,neutral_unlabeled_background,background_proxy,0
background_only,1012,NEU_BKG_000855,Washington,-123.683305815797,47.85261239101721,neutral,neutral_unlabeled_background,background_proxy,0
background_only,1013,NEU_BKG_000856,Washington,-123.9233752213084,47.72738403983798,neutral,neutral_unlabeled_background,background_proxy,0
background_only,1014,NEU_BKG_000857,Washington,-122.4965316259888,46.11125172748824,neutral,neutral_unlabeled_background,background_proxy,0
background_only,1015,NEU_BKG_000858,Washington,-117.57857624707094,46.005847768707994,neutral,neutral_unlabeled_background,background_proxy,0
background_only,1016,NEU_BKG_000859,Washington,-123.81835584530356,47.86194167001119,neutral,neutral_unlabeled_background,background_proxy,0
background_only,1017,NEU_BKG_000860,Washington,-123.34936857996532,46.33168862901331,neutral,neutral_unlabeled_background,background_proxy,0
background_only,1018,NEU_BKG_000861,Washington,-123.74319679724724,47.82928321209219,neutral,neutral_unlabeled_background,background_proxy,0
background_only,1019,NEU_BKG_000862,Washington,-121.07623874891665,45.79839342499207,neutral,neutral_unlabeled_background,background_proxy,0
background_only,1020,NEU_BKG_000863,Washington,-120.97147311856783,46.50646099807216,neutral,neutral_unlabeled_background,background_proxy,0
background_only,1021,NEU_BKG_000864,Washington,-120.91863282021887,46.648836763817506,neutral,neutral_unlabeled_background,background_proxy,0
background_only,1022,NEU_BKG_000865,Washington,-118.87963450995028,46.5021792554518,neutral,neutral_unlabeled_background,background_proxy,0
background_only,1023,NEU_BKG_000866,Washington,-119.52194343803328,46.617776524479865,neutral,neutral_unlabeled_background,background_proxy,0
background_only,1024,NEU_BKG_000867,Washington,-121.0222721233049,46.11839494485717,neutral,neutral_unlabeled_background,background_proxy,0
background_only,1025,NEU_BKG_000868,Washington,-117.54019239247044,46.70359544720379,neutral,neutral_unlabeled_background,background_proxy,0
background_only,1026,NEU_BKG_000869,Washington,-123.66700037206719,47.78424839301925,neutral,neutral_unlabeled_background,background_proxy,0
background_only,1027,NEU_BKG_000870,Washington,-120.62240747909824,46.27244146958581,neutral,neutral_unlabeled_background,background_proxy,0
background_only,1028,NEU_BKG_000871,Washington,-117.55353778557335,46.150887250213124,neutral,neutral_unlabeled_background,background_proxy,0
background_only,1029,NEU_BKG_000872,Washington,-123.66936997286206,47.7134428462565,neutral,neutral_unlabeled_background,background_proxy,0
background_only,1030,NEU_BKG_000873,Washington,-124.17123685706382,47.6480020362571,neutral,neutral_unlabeled_background,background_proxy,0
background_only,1031,NEU_BKG_000874,Washington,-119.76469493016157,45.944046367908065,neutral,neutral_unlabeled_background,background_proxy,0
background_only,1032,NEU_BKG_000875,Washington,-123.30967587256015,47.889947595272666,neutral,neutral_unlabeled_background,background_proxy,0
background_only,1033,NEU_BKG_000876,Washington,-120.9591052091836,46.556222180583916,neutral,neutral_unlabeled_background,background_proxy,0
background_only,1034,NEU_BKG_000877,Washington,-119.74410395325839,47.38746629868553,neutral,neutral_unlabeled_background,background_proxy,0
background_only,1035,NEU_BKG_000878,Washington,-120.71876521669154,46.102973564448746,neutral,neutral_unlabeled_background,background_proxy,0
background_only,1036,NEU_BKG_000879,Washington,-120.17279569709035,45.9527581560143,neutral,neutral_unlabeled_background,background_proxy,0
background_only,1037,NEU_BKG_000880,Washington,-117.57983772320092,46.69757160302152,neutral,neutral_unlabeled_background,background_proxy,0
background_only,1038,NEU_BKG_000881,Washington,-121.73400559288496,46.07085213015372,neutral,neutral_unlabeled_background,background_proxy,0
background_only,1039,NEU_BKG_000882,Washington,-121.0299159778769,46.2537210997657,neutral,neutral_unlabeled_background,background_proxy,0
background_only,1040,NEU_BKG_000883,Washington,-120.85809390270369,46.951359367645395,neutral,neutral_unlabeled_background,background_proxy,0
background_only,1041,NEU_BKG_000884,Washington,-124.01391731096827,47.94790503224397,neutral,neutral_unlabeled_background,background_proxy,0
background_only,1042,NEU_BKG_000885,Washington,-118.50544484648978,46.56922688644564,neutral,neutral_unlabeled_background,background_proxy,0
background_only,1043,NEU_BKG_000886,Washington,-118.60119406815686,47.56278595897854,neutral,neutral_unlabeled_background,background_proxy,0
background_only,1044,NEU_BKG_000887,Washington,-121.07375925207168,46.43797195165807,neutral,neutral_unlabeled_background,background_proxy,0
background_only,1045,NEU_BKG_000888,Washington,-118.88313719985484,47.04664156089769,neutral,neutral_unlabeled_background,background_proxy,0
background_only,1046,NEU_BKG_000889,Washington,-121.0769931303823,46.379162982622454,neutral,neutral_unlabeled_background,background_proxy,0
background_only,1047,NEU_BKG_000890,Washington,-121.32166149083048,46.05492900450095,neutral,neutral_unlabeled_background,background_proxy,0
background_only,1048,NEU_BKG_000891,Washington,-120.9858601707795,46.219905671598056,neutral,neutral_unlabeled_background,background_proxy,0
background_only,1049,NEU_BKG_000892,Washington,-120.08264731964717,45.923967927866926,neutral,neutral_unlabeled_background,background_proxy,0
background_only,1050,NEU_BKG_000893,Washington,-120.13844688891785,46.631106077736256,neutral,neutral_unlabeled_background,background_proxy,0
background_only,1051,NEU_BKG_000894,Washington,-120.80270084551839,46.948551946796336,neutral,neutral_unlabeled_background,background_proxy,0
background_only,1052,NEU_BKG_000895,Washington,-120.13248465536299,46.613774509581816,neutral,neutral_unlabeled_background,background_proxy,0
background_only,1053,NEU_BKG_000896,Washington,-117.9487521021917,46.07288445564782,neutral,neutral_unlabeled_background,background_proxy,0
background_only,1054,NEU_BKG_000897,Washington,-119.62663400344718,46.713418927835,neutral,neutral_unlabeled_background,background_proxy,0
background_only,1055,NEU_BKG_000898,Washington,-119.40848674835098,46.40154259689858,neutral,neutral_unlabeled_background,background_proxy,0
background_only,1056,NEU_BKG_000899,Washington,-123.51320182432053,47.80290336552807,neutral,neutral_unlabeled_background,background_proxy,0
background_only,1057,NEU_BKG_000900,Washington,-121.01255541261511,46.33987158507247,neutral,neutral_unlabeled_background,background_proxy,0
background_only,1058,NEU_BKG_000901,Washington,-123.65541787127249,47.802842133077014,neutral,neutral_unlabeled_background,background_proxy,0
background_only,1059,NEU_BKG_000902,Washington,-120.34811942154792,46.12726923707796,neutral,neutral_unlabeled_background,background_proxy,0
background_only,1060,NEU_BKG_000903,Washington,-120.22471654527234,47.14514841983163,neutral,neutral_unlabeled_background,background_proxy,0
background_only,1061,NEU_BKG_000904,Washington,-120.97627212181987,46.58952773054287,neutral,neutral_unlabeled_background,background_proxy,0
background_only,1062,NEU_BKG_000905,Washington,-120.25502945300428,45.899576987399016,neutral,neutral_unlabeled_background,background_proxy,0
background_only,1063,NEU_BKG_000906,Washington,-123.77471956871132,47.80498199377266,neutral,neutral_unlabeled_background,background_proxy,0
background_only,1064,NEU_BKG_000907,Washington,-117.64790891123317,46.17603206073092,neutral,neutral_unlabeled_background,background_proxy,0
background_only,1065,NEU_BKG_000908,Washington,-120.83591665591334,46.94381308616053,neutral,neutral_unlabeled_background,background_proxy,0
background_only,1066,NEU_BKG_000909,Washington,-123.6062023586079,47.866113534555566,neutral,neutral_unlabeled_background,background_proxy,0
background_only,1067,NEU_BKG_000910,Washington,-123.73687351738337,47.86079281952194,neutral,neutral_unlabeled_background,background_proxy,0
background_only,1068,NEU_BKG_000911,Washington,-123.88657392612278,47.80245577670324,neutral,neutral_unlabeled_background,background_proxy,0
background_only,1069,NEU_BKG_000912,Washington,-124.29297623730167,47.357778920446606,neutral,neutral_unlabeled_background,background_proxy,0
background_only,1070,NEU_BKG_000913,Washington,-123.81971165285893,47.64434181708258,neutral,neutral_unlabeled_background,background_proxy,0
background_only,1071,NEU_BKG_000914,Washington,-121.02408612649235,46.38515359728037,neutral,neutral_unlabeled_background,background_proxy,0
background_only,1072,NEU_BKG_000915,Washington,-120.18002539199358,45.98309275380567,neutral,neutral_unlabeled_background,background_proxy,0
background_only,1073,NEU_BKG_000916,Washington,-120.63732660735933,46.44745319345583,neutral,neutral_unlabeled_background,background_proxy,0
background_only,1074,NEU_BKG_000917,Washington,-121.13548984438982,46.36277805751081,neutral,neutral_unlabeled_background,background_proxy,0
background_only,1075,NEU_BKG_000918,Washington,-124.53113807835177,48.324151640911666,neutral,neutral_unlabeled_background,background_proxy,0
background_only,1076,NEU_BKG_000919,Washington,-123.76575308398179,47.642876764979995,neutral,neutral_unlabeled_background,background_proxy,0
background_only,1077,NEU_BKG_000920,Washington,-120.16944731508258,47.10994182816654,neutral,neutral_unlabeled_background,background_proxy,0
background_only,1078,NEU_BKG_000921,Washington,-119.43417062741949,46.708229729787085,neutral,neutral_unlabeled_background,background_proxy,0
background_only,1079,NEU_BKG_000922,Washington,-117.44694226009263,46.20978118218532,neutral,neutral_unlabeled_background,background_proxy,0
background_only,1080,NEU_BKG_000923,Washington,-120.85669221963487,46.949331568642066,neutral,neutral_unlabeled_background,background_proxy,0
background_only,1081,NEU_BKG_000924,Washington,-117.80032511199741,46.093404478132605,neutral,neutral_unlabeled_background,background_proxy,0
background_only,1082,NEU_BKG_000925,Washington,-121.18176498863409,45.884026211707805,neutral,neutral_unlabeled_background,background_proxy,0
background_only,1083,NEU_BKG_000926,Washington,-121.03941808559448,46.080283459518405,neutral,neutral_unlabeled_background,background_proxy,0
background_only,1084,NEU_BKG_000927,Washington,-121.14061317474919,46.19956089061432,neutral,neutral_unlabeled_background,background_proxy,0
background_only,1085,NEU_BKG_000928,Washington,-122.46813486900835,46.11769143441022,neutral,neutral_unlabeled_background,background_proxy,0
background_only,1086,NEU_BKG_000929,Washington,-121.83975094038848,46.66317408353914,neutral,neutral_unlabeled_background,background_proxy,0
background_only,1087,NEU_BKG_000930,Washington,-120.37776073821405,47.2529481912721,neutral,neutral_unlabeled_background,background_proxy,0
background_only,1088,NEU_BKG_000931,Washington,-120.63504398081851,48.99389478984446,neutral,neutral_unlabeled_background,background_proxy,0
background_only,1089,NEU_BKG_000932,Washington,-117.59095907031015,46.09559969215754,neutral,neutral_unlabeled_background,background_proxy,0
background_only,1090,NEU_BKG_000933,Washington,-120.9867363796374,46.359394670278576,neutral,neutral_unlabeled_background,background_proxy,0
background_only,1091,NEU_BKG_000934,Washington,-120.20377051872714,47.16685716473202,neutral,neutral_unlabeled_background,background_proxy,0
background_only,1092,NEU_BKG_000935,Washington,-123.51772995113045,47.28377584421965,neutral,neutral_unlabeled_background,background_proxy,0
background_only,1093,NEU_BKG_000936,Washington,-121.03995613488914,46.34716760811142,neutral,neutral_unlabeled_background,background_proxy,0
background_only,1094,NEU_BKG_000937,Washington,-117.58651042275734,47.02096266375278,neutral,neutral_unlabeled_background,background_proxy,0
background_only,1095,NEU_BKG_000938,Washington,-117.8892123042151,46.14044714550346,neutral,neutral_unlabeled_background,background_proxy,0
background_only,1096,NEU_BKG_000939,Washington,-120.94799666496698,46.58027154855238,neutral,neutral_unlabeled_background,background_proxy,0
background_only,1097,NEU_BKG_000940,Washington,-124.07988090978846,47.33047677168772,neutral,neutral_unlabeled_background,background_proxy,0
background_only,1098,NEU_BKG_000941,Washington,-120.1825355232918,45.968566029291765,neutral,neutral_unlabeled_background,background_proxy,0
background_only,1099,NEU_BKG_000942,Washington,-123.71985545820888,47.8700079468464,neutral,neutral_unlabeled_background,background_proxy,0
background_only,1100,NEU_BKG_000943,Washington,-124.06003749366542,47.93061527308958,neutral,neutral_unlabeled_background,background_proxy,0
background_only,1101,NEU_BKG_000944,Washington,-120.97798568564892,46.402611023419496,neutral,neutral_unlabeled_background,background_proxy,0
background_only,1102,NEU_BKG_000945,Washington,-118.87285092937601,47.140341128252345,neutral,neutral_unlabeled_background,background_proxy,0
background_only,1103,NEU_BKG_000946,Washington,-120.908228455042,46.116590512060476,neutral,neutral_unlabeled_background,background_proxy,0
background_only,1104,NEU_BKG_000947,Washington,-120.1543995738945,45.99016682199257,neutral,neutral_unlabeled_background,background_proxy,0
background_only,1105,NEU_BKG_000948,Washington,-121.54473641374086,48.652679253381265,neutral,neutral_unlabeled_background,background_proxy,0
background_only,1106,NEU_BKG_000949,Washington,-124.09792004415947,47.94992967551811,neutral,neutral_unlabeled_background,background_proxy,0
background_only,1107,NEU_BKG_000950,Washington,-121.08967951166156,46.14249459437974,neutral,neutral_unlabeled_background,background_proxy,0
background_only,1108,NEU_BKG_000951,Nevada,-116.15756470812047,38.31026907045336,neutral,neutral_unlabeled_background,background_proxy,0
background_only,1109,NEU_BKG_000952,Nevada,-119.6819526217531,40.76535024201553,neutral,neutral_unlabeled_background,background_proxy,0
background_only,1110,NEU_BKG_000953,Nevada,-114.42964936904602,36.774662514822715,neutral,neutral_unlabeled_background,background_proxy,0
background_only,1111,NEU_BKG_000954,Nevada,-117.08385404740284,41.03251907469677,neutral,neutral_unlabeled_background,background_proxy,0
background_only,1112,NEU_BKG_000955,Nevada,-114.35456794074736,41.45006728908667,neutral,neutral_unlabeled_background,background_proxy,0
background_only,1113,NEU_BKG_000956,Nevada,-115.7852441605457,36.47106881021898,neutral,neutral_unlabeled_background,background_proxy,0
background_only,1114,NEU_BKG_000957,Nevada,-117.05708345268708,41.025529820160315,neutral,neutral_unlabeled_background,background_proxy,0
background_only,1115,NEU_BKG_000958,Nevada,-119.97047856641836,41.347592871882306,neutral,neutral_unlabeled_background,background_proxy,0
background_only,1116,NEU_BKG_000959,Nevada,-115.43622214823985,36.48158890995114,neutral,neutral_unlabeled_background,background_proxy,0
background_only,1117,NEU_BKG_000960,Nevada,-119.8864231169581,41.74912778740491,neutral,neutral_unlabeled_background,background_proxy,0
background_only,1118,NEU_BKG_000961,Nevada,-115.28305531025852,37.08005884703469,neutral,neutral_unlabeled_background,background_proxy,0
background_only,1119,NEU_BKG_000962,Nevada,-115.5302614496288,37.47527541230856,neutral,neutral_unlabeled_background,background_proxy,0
background_only,1120,NEU_BKG_000963,Nevada,-118.886488282652,41.25882117711475,neutral,neutral_unlabeled_background,background_proxy,0
background_only,1121,NEU_BKG_000964,Nevada,-115.42215520423221,36.94042590883555,neutral,neutral_unlabeled_background,background_proxy,0
background_only,1122,NEU_BKG_000965,Nevada,-119.8710013178658,41.11927371113946,neutral,neutral_unlabeled_background,background_proxy,0
background_only,1123,NEU_BKG_000966,Nevada,-115.94030189854237,36.747681844823646,neutral,neutral_unlabeled_background,background_proxy,0
background_only,1124,NEU_BKG_000967,Nevada,-116.70458807004218,41.59972588457941,neutral,neutral_unlabeled_background,background_proxy,0
background_only,1125,NEU_BKG_000968,Nevada,-117.14269430688195,41.88034180852956,neutral,neutral_unlabeled_background,background_proxy,0
background_only,1126,NEU_BKG_000969,Nevada,-114.43585297163358,41.99510197812479,neutral,neutral_unlabeled_background,background_proxy,0
background_only,1127,NEU_BKG_000970,Nevada,-115.23202253519604,40.38351011584907,neutral,neutral_unlabeled_background,background_proxy,0
background_only,1128,NEU_BKG_000971,Nevada,-115.8496651656738,36.76779202342998,neutral,neutral_unlabeled_background,background_proxy,0
background_only,1129,NEU_BKG_000972,Nevada,-114.90834258053842,35.29341733237034,neutral,neutral_unlabeled_background,background_proxy,0
background_only,1130,NEU_BKG_000973,Nevada,-116.2270526518694,38.41125121408622,neutral,neutral_unlabeled_background,background_proxy,0
background_only,1131,NEU_BKG_000974,Nevada,-114.58835400873276,41.387160906517074,neutral,neutral_unlabeled_background,background_proxy,0
background_only,1132,NEU_BKG_000975,Nevada,-115.47510884467077,37.432153673373115,neutral,neutral_unlabeled_background,background_proxy,0
background_only,1133,NEU_BKG_000976,Nevada,-116.35961974840549,39.112380469418675,neutral,neutral_unlabeled_background,background_proxy,0
background_only,1134,NEU_BKG_000977,Nevada,-116.6410392398159,41.99343550299736,neutral,neutral_unlabeled_background,background_proxy,0
background_only,1135,NEU_BKG_000978,Nevada,-116.49275851948391,39.280830417538276,neutral,neutral_unlabeled_background,background_proxy,0
background_only,1136,NEU_BKG_000979,Nevada,-114.2687993050266,41.49584289081312,neutral,neutral_unlabeled_background,background_proxy,0
background_only,1137,NEU_BKG_000980,Nevada,-117.45383858540085,39.22108062606037,neutral,neutral_unlabeled_background,background_proxy,0
background_only,1138,NEU_BKG_000981,Nevada,-115.32994655958531,36.645760884710675,neutral,neutral_unlabeled_background,background_proxy,0
background_only,1139,NEU_BKG_000982,Nevada,-116.04820705020904,37.06934477017446,neutral,neutral_unlabeled_background,background_proxy,0
background_only,1140,NEU_BKG_000983,Nevada,-114.387190657361,41.39927468195132,neutral,neutral_unlabeled_background,background_proxy,0
background_only,1141,NEU_BKG_000984,Nevada,-115.28140764637996,37.84937353327159,neutral,neutral_unlabeled_background,background_proxy,0
background_only,1142,NEU_BKG_000985,Nevada,-116.21858029247383,38.39054014605797,neutral,neutral_unlabeled_background,background_proxy,0
background_only,1143,NEU_BKG_000986,Nevada,-115.91864473136432,37.27170227947937,neutral,neutral_unlabeled_background,background_proxy,0
background_only,1144,NEU_BKG_000987,Nevada,-115.13767073245201,41.13297626904053,neutral,neutral_unlabeled_background,background_proxy,0
background_only,1145,NEU_BKG_000988,Nevada,-119.87325846597457,41.23175864975013,neutral,neutral_unlabeled_background,background_proxy,0
background_only,1146,NEU_BKG_000989,Nevada,-117.26021543385677,41.952724242985234,neutral,neutral_unlabeled_background,background_proxy,0
background_only,1147,NEU_BKG_000990,Nevada,-117.18995088790055,37.169072532089935,neutral,neutral_unlabeled_background,background_proxy,0
background_only,1148,NEU_BKG_000991,Nevada,-116.46679535019652,37.7498320179745,neutral,neutral_unlabeled_background,background_proxy,0
background_only,1149,NEU_BKG_000992,Nevada,-115.95751117017217,36.74684678157693,neutral,neutral_unlabeled_background,background_proxy,0
background_only,1150,NEU_BKG_000993,Nevada,-114.11315100742594,40.102159688722374,neutral,neutral_unlabeled_background,background_proxy,0
background_only,1151,NEU_BKG_000994,Nevada,-114.96257240687292,37.09916458053603,neutral,neutral_unlabeled_background,background_proxy,0
background_only,1152,NEU_BKG_000995,Nevada,-114.99169986838467,37.94088921414936,neutral,neutral_unlabeled_background,background_proxy,0
background_only,1153,NEU_BKG_000996,Nevada,-115.29014436549727,36.64633802055186,neutral,neutral_unlabeled_background,background_proxy,0
background_only,1154,NEU_BKG_000997,Nevada,-114.56103314181786,41.41363667992916,neutral,neutral_unlabeled_background,background_proxy,0
background_only,1155,NEU_BKG_000998,Nevada,-115.03595694812132,36.914012767275,neutral,neutral_unlabeled_background,background_proxy,0
background_only,1156,NEU_BKG_000999,Nevada,-114.21541524224968,39.98890558334318,neutral,neutral_unlabeled_background,background_proxy,0
background_only,1157,NEU_BKG_001000,Nevada,-116.60751994285944,37.81180239224335,neutral,neutral_unlabeled_background,background_proxy,0
background_only,1158,NEU_BKG_001001,Nevada,-115.68986830438993,39.77928021401768,neutral,neutral_unlabeled_background,background_proxy,0
background_only,1159,NEU_BKG_001002,Nevada,-115.32482638918403,39.476492585744126,neutral,neutral_unlabeled_background,background_proxy,0
background_only,1160,NEU_BKG_001003,Nevada,-119.92849758528305,41.439431281585975,neutral,neutral_unlabeled_background,background_proxy,0
background_only,1161,NEU_BKG_001004,Nevada,-114.70323790849572,37.76610879379998,neutral,neutral_unlabeled_background,background_proxy,0
background_only,1162,NEU_BKG_001005,Nevada,-116.31287098791968,39.01602457970844,neutral,neutral_unlabeled_background,background_proxy,0
background_only,1163,NEU_BKG_001006,Nevada,-114.76524454773282,38.88921378724437,neutral,neutral_unlabeled_background,background_proxy,0
background_only,1164,NEU_BKG_001007,Nevada,-116.48567661881218,37.15145752049907,neutral,neutral_unlabeled_background,background_proxy,0
background_only,1165,NEU_BKG_001008,Nevada,-115.88400327185347,36.74107302820177,neutral,neutral_unlabeled_background,background_proxy,0
background_only,1166,NEU_BKG_001009,Nevada,-115.50472314816227,37.51893351517233,neutral,neutral_unlabeled_background,background_proxy,0
background_only,1167,NEU_BKG_001010,Nevada,-115.75566598782567,36.90186822269277,neutral,neutral_unlabeled_background,background_proxy,0
background_only,1168,NEU_BKG_001011,Nevada,-115.78022145556864,37.04451280046698,neutral,neutral_unlabeled_background,background_proxy,0
background_only,1169,NEU_BKG_001012,Nevada,-114.99675663579342,37.16819442519532,neutral,neutral_unlabeled_background,background_proxy,0
background_only,1170,NEU_BKG_001013,Nevada,-115.12566488869663,40.107072943345216,neutral,neutral_unlabeled_background,background_proxy,0
background_only,1171,NEU_BKG_001014,Nevada,-116.48773738513607,37.12561346296819,neutral,neutral_unlabeled_background,background_proxy,0
background_only,1172,NEU_BKG_001015,Nevada,-114.9645858414364,37.150751368694145,neutral,neutral_unlabeled_background,background_proxy,0
background_only,1173,NEU_BKG_001016,Nevada,-115.16209901797038,37.10241642932516,neutral,neutral_unlabeled_background,background_proxy,0
background_only,1174,NEU_BKG_001017,Nevada,-117.36342730868866,41.82096595180119,neutral,neutral_unlabeled_background,background_proxy,0
background_only,1175,NEU_BKG_001018,Nevada,-114.90972843522202,37.369950915120825,neutral,neutral_unlabeled_background,background_proxy,0
background_only,1176,NEU_BKG_001019,Nevada,-116.92864649960187,41.1832129503758,neutral,neutral_unlabeled_background,background_proxy,0
background_only,1177,NEU_BKG_001020,Nevada,-115.18605286571619,37.76466157903146,neutral,neutral_unlabeled_background,background_proxy,0
background_only,1178,NEU_BKG_001021,Nevada,-115.71038367724275,39.61594827773529,neutral,neutral_unlabeled_background,background_proxy,0
background_only,1179,NEU_BKG_001022,Nevada,-117.25245079821643,41.84714321558769,neutral,neutral_unlabeled_background,background_proxy,0
background_only,1180,NEU_BKG_001023,Nevada,-116.33475518877798,39.26943041849462,neutral,neutral_unlabeled_background,background_proxy,0
background_only,1181,NEU_BKG_001024,Nevada,-117.13927780603962,41.41695071004116,neutral,neutral_unlabeled_background,background_proxy,0
background_only,1182,NEU_BKG_001025,Nevada,-116.80778031115152,37.95878172480396,neutral,neutral_unlabeled_background,background_proxy,0
background_only,1183,NEU_BKG_001026,Nevada,-116.06918651143512,36.706429741525014,neutral,neutral_unlabeled_background,background_proxy,0
background_only,1184,NEU_BKG_001027,Nevada,-115.9546828022514,40.0539826700195,neutral,neutral_unlabeled_background,background_proxy,0
background_only,1185,NEU_BKG_001028,Nevada,-115.95946714982844,37.91650327129699,neutral,neutral_unlabeled_background,background_proxy,0
background_only,1186,NEU_BKG_001029,Nevada,-115.41459991181507,40.831321797338326,neutral,neutral_unlabeled_background,background_proxy,0
background_only,1187,NEU_BKG_001030,Nevada,-114.6581537578241,40.64335906220172,neutral,neutral_unlabeled_background,background_proxy,0
background_only,1188,NEU_BKG_001031,Nevada,-115.6937032530768,36.12280292938341,neutral,neutral_unlabeled_background,background_proxy,0
background_only,1189,NEU_BKG_001032,Nevada,-116.06063531071527,36.66413923541329,neutral,neutral_unlabeled_background,background_proxy,0
background_only,1190,NEU_BKG_001033,Nevada,-115.68268169409221,41.52673950349826,neutral,neutral_unlabeled_background,background_proxy,0
background_only,1191,NEU_BKG_001034,Nevada,-115.33804471142749,41.47269063169437,neutral,neutral_unlabeled_background,background_proxy,0
background_only,1192,NEU_BKG_001035,Nevada,-119.7751763163855,40.69914358120213,neutral,neutral_unlabeled_background,background_proxy,0
background_only,1193,NEU_BKG_001036,Nevada,-116.43383747850518,37.365981654123686,neutral,neutral_unlabeled_background,background_proxy,0
background_only,1194,NEU_BKG_001037,Nevada,-118.54679154085578,38.179520057558406,neutral,neutral_unlabeled_background,background_proxy,0
background_only,1195,NEU_BKG_001038,Nevada,-116.97908837073417,41.44945252754232,neutral,neutral_unlabeled_background,background_proxy,0
background_only,1196,NEU_BKG_001039,Nevada,-115.91263602384534,36.70569222325322,neutral,neutral_unlabeled_background,background_proxy,0
background_only,1197,NEU_BKG_001040,Nevada,-117.27276703496369,41.907092110028294,neutral,neutral_unlabeled_background,background_proxy,0
background_only,1198,NEU_BKG_001041,Nevada,-114.80644887851665,40.674606569567075,neutral,neutral_unlabeled_background,background_proxy,0
background_only,1199,NEU_BKG_001042,Nevada,-114.24861892481874,38.68629069432497,neutral,neutral_unlabeled_background,background_proxy,0
background_only,1200,NEU_BKG_001043,Nevada,-115.16285065027556,36.81362036731689,neutral,neutral_unlabeled_background,background_proxy,0
background_only,1201,NEU_BKG_001044,Nevada,-115.81387341474888,40.304490347167295,neutral,neutral_unlabeled_background,background_proxy,0
background_only,1202,NEU_BKG_001045,Nevada,-117.24711765313747,41.51370491837286,neutral,neutral_unlabeled_background,background_proxy,0
background_only,1203,NEU_BKG_001046,Nevada,-117.08703824457879,41.80421686486936,neutral,neutral_unlabeled_background,background_proxy,0
background_only,1204,NEU_BKG_001047,Nevada,-114.10910413336417,38.24132962313323,neutral,neutral_unlabeled_background,background_proxy,0
background_only,1205,NEU_BKG_001048,Nevada,-114.80130730817068,38.44055285010858,neutral,neutral_unlabeled_background,background_proxy,0
background_only,1206,NEU_BKG_001049,Nevada,-116.48545961980635,36.562510142381136,neutral,neutral_unlabeled_background,background_proxy,0
background_only,1207,NEU_BKG_001050,Nevada,-116.35947882695714,36.78257842295191,neutral,neutral_unlabeled_background,background_proxy,0
background_only,1208,NEU_BKG_001051,Nevada,-115.85184556436475,38.682866130508195,neutral,neutral_unlabeled_background,background_proxy,0
background_only,1209,NEU_BKG_001052,Nevada,-115.14803678601585,41.283566054232764,neutral,neutral_unlabeled_background,background_proxy,0
background_only,1210,NEU_BKG_001053,Nevada,-114.4865392083143,38.21864124843345,neutral,neutral_unlabeled_background,background_proxy,0
background_only,1211,NEU_BKG_001054,Nevada,-115.18119733710282,38.19861836550986,neutral,neutral_unlabeled_background,background_proxy,0
background_only,1212,NEU_BKG_001055,Nevada,-119.75293562015997,41.92780584057523,neutral,neutral_unlabeled_background,background_proxy,0
background_only,1213,NEU_BKG_001056,Nevada,-116.43135041545949,39.24394009612192,neutral,neutral_unlabeled_background,background_proxy,0
background_only,1214,NEU_BKG_001057,Nevada,-119.84434595377162,40.834370894183174,neutral,neutral_unlabeled_background,background_proxy,0
background_only,1215,NEU_BKG_001058,Nevada,-119.87128099611806,41.34875684886896,neutral,neutral_unlabeled_background,background_proxy,0
background_only,1216,NEU_BKG_001059,Nevada,-116.01190289665323,38.88930388067094,neutral,neutral_unlabeled_background,background_proxy,0
background_only,1217,NEU_BKG_001060,Nevada,-115.69844063152966,36.02177186877275,neutral,neutral_unlabeled_background,background_proxy,0
background_only,1218,NEU_BKG_001061,Nevada,-116.7847252321504,41.70553215306756,neutral,neutral_unlabeled_background,background_proxy,0
background_only,1219,NEU_BKG_001062,Nevada,-115.34938297599136,38.003566746271595,neutral,neutral_unlabeled_background,background_proxy,0
background_only,1220,NEU_BKG_001063,Nevada,-115.50539978698465,36.44866067629771,neutral,neutral_unlabeled_background,background_proxy,0
background_only,1221,NEU_BKG_001064,Nevada,-114.46193805112006,38.251141879743216,neutral,neutral_unlabeled_background,background_proxy,0
background_only,1222,NEU_BKG_001065,Nevada,-116.14048474586774,37.768157443796674,neutral,neutral_unlabeled_background,background_proxy,0
background_only,1223,NEU_BKG_001066,Nevada,-115.4507896391057,41.448525632874166,neutral,neutral_unlabeled_background,background_proxy,0
background_only,1224,NEU_BKG_001067,Nevada,-115.2195311881582,40.9683277342837,neutral,neutral_unlabeled_background,background_proxy,0
background_only,1225,NEU_BKG_001068,Nevada,-117.04649365623918,41.054429734703135,neutral,neutral_unlabeled_background,background_proxy,0
background_only,1226,NEU_BKG_001069,Nevada,-116.05788298820737,37.88758281355842,neutral,neutral_unlabeled_background,background_proxy,0
background_only,1227,NEU_BKG_001070,Nevada,-116.78428771849744,41.05719848857512,neutral,neutral_unlabeled_background,background_proxy,0
background_only,1228,NEU_BKG_001071,Nevada,-116.73080605140157,41.766107320466745,neutral,neutral_unlabeled_background,background_proxy,0
background_only,1229,NEU_BKG_001072,Nevada,-116.84785439593026,37.955893677031774,neutral,neutral_unlabeled_background,background_proxy,0
background_only,1230,NEU_BKG_001073,Nevada,-114.47211808698601,38.48312739439399,neutral,neutral_unlabeled_background,background_proxy,0
background_only,1231,NEU_BKG_001074,Nevada,-116.29336777844534,37.10143315769181,neutral,neutral_unlabeled_background,background_proxy,0
background_only,1232,NEU_BKG_001075,Nevada,-115.44594497544499,37.887722040384354,neutral,neutral_unlabeled_background,background_proxy,0
background_only,1233,NEU_BKG_001076,Nevada,-115.40455709663827,36.408121666889684,neutral,neutral_unlabeled_background,background_proxy,0
background_only,1234,NEU_BKG_001077,Nevada,-114.99702584443614,37.41352562691213,neutral,neutral_unlabeled_background,background_proxy,0
background_only,1235,NEU_BKG_001078,Nevada,-116.46656999828666,39.60951929484344,neutral,neutral_unlabeled_background,background_proxy,0
background_only,1236,NEU_BKG_001079,Nevada,-118.10712772530889,41.55818943443656,neutral,neutral_unlabeled_background,background_proxy,0
background_only,1237,NEU_BKG_001080,Nevada,-114.14921701464156,38.31787267591983,neutral,neutral_unlabeled_background,background_proxy,0
background_only,1238,NEU_BKG_001081,Nevada,-115.95564675125287,40.05625102559688,neutral,neutral_unlabeled_background,background_proxy,0
background_only,1239,NEU_BKG_001082,Nevada,-115.90611081167212,37.50854186412985,neutral,neutral_unlabeled_background,background_proxy,0
background_only,1240,NEU_BKG_001083,Nevada,-115.74194200884486,37.04899210923711,neutral,neutral_unlabeled_background,background_proxy,0
background_only,1241,NEU_BKG_001084,Nevada,-116.67605657429584,41.932613348656474,neutral,neutral_unlabeled_background,background_proxy,0
background_only,1242,NEU_BKG_001085,Nevada,-116.5864535702811,41.792474645646436,neutral,neutral_unlabeled_background,background_proxy,0
background_only,1243,NEU_BKG_001086,Nevada,-116.02429574583836,36.585252916237195,neutral,neutral_unlabeled_background,background_proxy,0
background_only,1244,NEU_BKG_001087,Nevada,-115.63797100148211,36.70442109378487,neutral,neutral_unlabeled_background,background_proxy,0
background_only,1245,NEU_BKG_001088,Nevada,-114.84944764852604,37.9768600420603,neutral,neutral_unlabeled_background,background_proxy,0
background_only,1246,NEU_BKG_001089,Nevada,-115.76586501440293,40.26567031086258,neutral,neutral_unlabeled_background,background_proxy,0
background_only,1247,NEU_BKG_001090,Nevada,-115.32092151598705,36.43251541745924,neutral,neutral_unlabeled_background,background_proxy,0
background_only,1248,NEU_BKG_001091,Nevada,-115.74926857581177,40.69949457132406,neutral,neutral_unlabeled_background,background_proxy,0
background_only,1249,NEU_BKG_001092,Nevada,-116.02295514960814,37.08568988215821,neutral,neutral_unlabeled_background,background_proxy,0
background_only,1250,NEU_BKG_001093,Nevada,-115.25185504174053,39.47189550109043,neutral,neutral_unlabeled_background,background_proxy,0
background_only,1251,NEU_BKG_001094,Nevada,-116.18650167107208,37.44514839591054,neutral,neutral_unlabeled_background,background_proxy,0
background_only,1252,NEU_BKG_001095,Nevada,-118.72177165856763,41.13677705714302,neutral,neutral_unlabeled_background,background_proxy,0
background_only,1253,NEU_BKG_001096,Nevada,-115.33539492231279,37.03851088545494,neutral,neutral_unlabeled_background,background_proxy,0
background_only,1254,NEU_BKG_001097,Nevada,-117.02958832902047,41.79104439638653,neutral,neutral_unlabeled_background,background_proxy,0
background_only,1255,NEU_BKG_001098,Nevada,-116.08719352087054,36.616125288364515,neutral,neutral_unlabeled_background,background_proxy,0
background_only,1256,NEU_BKG_001099,Nevada,-115.2621628726762,37.80230854742679,neutral,neutral_unlabeled_background,background_proxy,0
background_only,1257,NEU_BKG_001100,Nevada,-115.30115074985768,37.78682448326658,neutral,neutral_unlabeled_background,background_proxy,0
background_only,1258,NEU_BKG_001101,Nevada,-116.98010414098529,37.068912926773635,neutral,neutral_unlabeled_background,background_proxy,0
background_only,1259,NEU_BKG_001102,Nevada,-115.66975261875737,41.038348084347994,neutral,neutral_unlabeled_background,background_proxy,0
background_only,1260,NEU_BKG_001103,Nevada,-114.51589277070214,41.34754311970307,neutral,neutral_unlabeled_background,background_proxy,0
background_only,1261,NEU_BKG_001104,Nevada,-114.3008029878671,39.864285246701115,neutral,neutral_unlabeled_background,background_proxy,0
background_only,1262,NEU_BKG_001105,Nevada,-116.14969052820865,38.42671749413292,neutral,neutral_unlabeled_background,background_proxy,0
background_only,1263,NEU_BKG_001106,Nevada,-116.01744579061685,38.43101193014521,neutral,neutral_unlabeled_background,background_proxy,0
background_only,1264,NEU_BKG_001107,Nevada,-116.90528334466427,37.08150978366225,neutral,neutral_unlabeled_background,background_proxy,0
background_only,1265,NEU_BKG_001108,Nevada,-115.09484964338138,40.582030077683676,neutral,neutral_unlabeled_background,background_proxy,0
background_only,1266,NEU_BKG_001109,Nevada,-114.30763096901067,39.98652530494104,neutral,neutral_unlabeled_background,background_proxy,0
background_only,1267,NEU_BKG_001110,Nevada,-115.47144290335724,37.47739078174773,neutral,neutral_unlabeled_background,background_proxy,0
background_only,1268,NEU_BKG_001111,Nevada,-116.79783974258339,40.82965252785332,neutral,neutral_unlabeled_background,background_proxy,0
background_only,1269,NEU_BKG_001112,Nevada,-114.26892364344916,39.957561137914524,neutral,neutral_unlabeled_background,background_proxy,0
background_only,1270,NEU_BKG_001113,Nevada,-115.56027984940063,41.268781635899316,neutral,neutral_unlabeled_background,background_proxy,0
background_only,1271,NEU_BKG_001114,Nevada,-115.16355864076247,37.748912245677744,neutral,neutral_unlabeled_background,background_proxy,0
background_only,1272,NEU_BKG_001115,Nevada,-116.06675428871556,38.8451243277237,neutral,neutral_unlabeled_background,background_proxy,0
background_only,1273,NEU_BKG_001116,Nevada,-116.17817208957231,41.97356152797599,neutral,neutral_unlabeled_background,background_proxy,0
background_only,1274,NEU_BKG_001117,Nevada,-115.6757450739242,40.44222819357236,neutral,neutral_unlabeled_background,background_proxy,0
background_only,1275,NEU_BKG_001118,Nevada,-115.17191246106651,40.99352725502841,neutral,neutral_unlabeled_background,background_proxy,0
background_only,1276,NEU_BKG_001119,Nevada,-115.22270678257505,40.92854819197318,neutral,neutral_unlabeled_background,background_proxy,0
background_only,1277,NEU_BKG_001120,Nevada,-119.84238666321696,40.742779439692725,neutral,neutral_unlabeled_background,background_proxy,0
background_only,1278,NEU_BKG_001121,Nevada,-119.95549411373783,41.3164530057782,neutral,neutral_unlabeled_background,background_proxy,0
background_only,1279,NEU_BKG_001122,Nevada,-114.06489798731577,38.572534829976185,neutral,neutral_unlabeled_background,background_proxy,0
background_only,1280,NEU_BKG_001123,Nevada,-115.16257217632734,41.32220353200131,neutral,neutral_unlabeled_background,background_proxy,0
background_only,1281,NEU_BKG_001124,Nevada,-117.06264069519358,41.049886659282464,neutral,neutral_unlabeled_background,background_proxy,0
background_only,1282,NEU_BKG_001125,Nevada,-119.9912759548982,40.72993753387101,neutral,neutral_unlabeled_background,background_proxy,0
background_only,1283,NEU_BKG_001126,Nevada,-119.64671068938118,40.604888625815846,neutral,neutral_unlabeled_background,background_proxy,0
background_only,1284,NEU_BKG_001127,Nevada,-116.98575258145546,41.760748709829386,neutral,neutral_unlabeled_background,background_proxy,0
background_only,1285,NEU_BKG_001128,Nevada,-115.65096671518022,37.02830748711684,neutral,neutral_unlabeled_background,background_proxy,0
background_only,1286,NEU_BKG_001129,Nevada,-116.86812825514578,41.801326675897265,neutral,neutral_unlabeled_background,background_proxy,0
background_only,1287,NEU_BKG_001130,Nevada,-115.81360229856088,40.23806704134038,neutral,neutral_unlabeled_background,background_proxy,0
background_only,1288,NEU_BKG_001131,Nevada,-115.60834701905449,36.72405294337644,neutral,neutral_unlabeled_background,background_proxy,0
background_only,1289,NEU_BKG_001132,Nevada,-116.53229135847322,39.34048816708102,neutral,neutral_unlabeled_background,background_proxy,0
background_only,1290,NEU_BKG_001133,Nevada,-114.12476218589356,38.44984412433124,neutral,neutral_unlabeled_background,background_proxy,0
background_only,1291,NEU_BKG_001134,Nevada,-115.19602734205078,41.162982787206715,neutral,neutral_unlabeled_background,background_proxy,0
background_only,1292,NEU_BKG_001135,Nevada,-115.62920756468547,37.288959761765874,neutral,neutral_unlabeled_background,background_proxy,0
background_only,1293,NEU_BKG_001136,Nevada,-115.39370636321324,36.56844623863564,neutral,neutral_unlabeled_background,background_proxy,0
background_only,1294,NEU_BKG_001137,Nevada,-119.86356206607866,41.96381050037109,neutral,neutral_unlabeled_background,background_proxy,0
background_only,1295,NEU_BKG_001138,Nevada,-116.80383562710543,41.68790842754461,neutral,neutral_unlabeled_background,background_proxy,0
background_only,1296,NEU_BKG_001139,Nevada,-116.57720329106584,41.80065624401309,neutral,neutral_unlabeled_background,background_proxy,0
background_only,1297,NEU_BKG_001140,Nevada,-116.73698146761132,41.63219424674223,neutral,neutral_unlabeled_background,background_proxy,0
background_only,1298,NEU_BKG_001141,Nevada,-114.7213181598624,38.89583226451807,neutral,neutral_unlabeled_background,background_proxy,0
background_only,1299,NEU_BKG_001142,Nevada,-116.30871276483528,40.07854779505283,neutral,neutral_unlabeled_background,background_proxy,0
background_only,1300,NEU_BKG_001143,Nevada,-115.77664254899378,36.57864698884928,neutral,neutral_unlabeled_background,background_proxy,0
background_only,1301,NEU_BKG_001144,Nevada,-119.70815321079947,41.93029104325888,neutral,neutral_unlabeled_background,background_proxy,0
background_only,1302,NEU_BKG_001145,Nevada,-116.24891011614795,37.07186543421438,neutral,neutral_unlabeled_background,background_proxy,0
background_only,1303,NEU_BKG_001146,Nevada,-119.7520694647128,41.27054292720521,neutral,neutral_unlabeled_background,background_proxy,0
background_only,1304,NEU_BKG_001147,Nevada,-116.8287917059055,41.37638635141777,neutral,neutral_unlabeled_background,background_proxy,0
background_only,1305,NEU_BKG_001148,Nevada,-115.28265616973395,36.7007884364217,neutral,neutral_unlabeled_background,background_proxy,0
background_only,1306,NEU_BKG_001149,Nevada,-118.09889188387741,41.12923088130599,neutral,neutral_unlabeled_background,background_proxy,0
background_only,1307,NEU_BKG_001150,Nevada,-115.45380386867785,41.51637718009382,neutral,neutral_unlabeled_background,background_proxy,0
background_only,1308,NEU_BKG_001151,Nevada,-114.89203846205378,36.99093887276643,neutral,neutral_unlabeled_background,background_proxy,0
background_only,1309,NEU_BKG_001152,Nevada,-116.62972509986741,39.257827573430504,neutral,neutral_unlabeled_background,background_proxy,0
background_only,1310,NEU_BKG_001153,Nevada,-115.80250063316277,36.74272341392343,neutral,neutral_unlabeled_background,background_proxy,0
background_only,1311,NEU_BKG_001154,Nevada,-116.45094751084453,41.890120734182375,neutral,neutral_unlabeled_background,background_proxy,0
background_only,1312,NEU_BKG_001155,Nevada,-114.99789718314396,37.017735879052864,neutral,neutral_unlabeled_background,background_proxy,0
background_only,1313,NEU_BKG_001156,Nevada,-116.78038121236969,41.42534802191712,neutral,neutral_unlabeled_background,background_proxy,0
background_only,1314,NEU_BKG_001157,Nevada,-115.6239297374839,36.09984675781585,neutral,neutral_unlabeled_background,background_proxy,0
background_only,1315,NEU_BKG_001158,Nevada,-119.80867897784647,41.45798019936351,neutral,neutral_unlabeled_background,background_proxy,0
background_only,1316,NEU_BKG_001159,Nevada,-116.16991741128797,38.83998199256212,neutral,neutral_unlabeled_background,background_proxy,0
background_only,1317,NEU_BKG_001160,Nevada,-114.4753900019297,38.21939058530423,neutral,neutral_unlabeled_background,background_proxy,0
background_only,1318,NEU_BKG_001161,Nevada,-117.33784244594666,39.41642759436118,neutral,neutral_unlabeled_background,background_proxy,0
background_only,1319,NEU_BKG_001162,Nevada,-114.18430510441037,38.737393276551664,neutral,neutral_unlabeled_background,background_proxy,0
background_only,1320,NEU_BKG_001163,Nevada,-119.53989605192547,41.91992739727745,neutral,neutral_unlabeled_background,background_proxy,0
background_only,1321,NEU_BKG_001164,Nevada,-114.78640643914666,38.0107103482256,neutral,neutral_unlabeled_background,background_proxy,0
background_only,1322,NEU_BKG_001165,Nevada,-119.7453763896119,41.95422012373596,neutral,neutral_unlabeled_background,background_proxy,0
background_only,1323,NEU_BKG_001166,Nevada,-116.53506212674841,41.95584149614149,neutral,neutral_unlabeled_background,background_proxy,0
background_only,1324,NEU_BKG_001167,Nevada,-115.91244747395768,40.114627946006834,neutral,neutral_unlabeled_background,background_proxy,0
background_only,1325,NEU_BKG_001168,Nevada,-116.82699539237242,41.973532997660925,neutral,neutral_unlabeled_background,background_proxy,0
background_only,1326,NEU_BKG_001169,Nevada,-114.80312872188891,38.01062675190145,neutral,neutral_unlabeled_background,background_proxy,0
background_only,1327,NEU_BKG_001170,Nevada,-118.94656397672698,41.16971478000649,neutral,neutral_unlabeled_background,background_proxy,0
background_only,1328,NEU_BKG_001171,Nevada,-116.4461965288798,39.264547355739175,neutral,neutral_unlabeled_background,background_proxy,0
background_only,1329,NEU_BKG_001172,Nevada,-115.61207486212693,37.005025270614574,neutral,neutral_unlabeled_background,background_proxy,0
background_only,1330,NEU_BKG_001173,Nevada,-116.99541674269022,41.114614278904,neutral,neutral_unlabeled_background,background_proxy,0
background_only,1331,NEU_BKG_001174,Nevada,-118.35450824856301,41.73041269684727,neutral,neutral_unlabeled_background,background_proxy,0
background_only,1332,NEU_BKG_001175,Nevada,-117.10084705649824,41.0345078316702,neutral,neutral_unlabeled_background,background_proxy,0
background_only,1333,NEU_BKG_001176,Nevada,-115.23826368481465,40.46600880034217,neutral,neutral_unlabeled_background,background_proxy,0
background_only,1334,NEU_BKG_001177,Nevada,-114.64001104923847,38.45690654735145,neutral,neutral_unlabeled_background,background_proxy,0
background_only,1335,NEU_BKG_001178,Nevada,-114.6384093528583,40.78712520074543,neutral,neutral_unlabeled_background,background_proxy,0
background_only,1336,NEU_BKG_001179,Nevada,-116.788072741167,37.1906955928736,neutral,neutral_unlabeled_background,background_proxy,0
background_only,1337,NEU_BKG_001180,Nevada,-116.47439004165425,37.460692906996776,neutral,neutral_unlabeled_background,background_proxy,0
background_only,1338,NEU_BKG_001181,Nevada,-116.15951114140512,37.841549392240694,neutral,neutral_unlabeled_background,background_proxy,0
background_only,1339,NEU_BKG_001182,Nevada,-115.08945756147385,37.152082291064104,neutral,neutral_unlabeled_background,background_proxy,0
background_only,1340,NEU_BKG_001183,Nevada,-114.88774158320389,38.18009922451387,neutral,neutral_unlabeled_background,background_proxy,0
background_only,1341,NEU_BKG_001184,Nevada,-119.92992634607596,41.302738190051194,neutral,neutral_unlabeled_background,background_proxy,0
background_only,1342,NEU_BKG_001185,Nevada,-115.8511870783446,39.09509554157636,neutral,neutral_unlabeled_background,background_proxy,0
background_only,1343,NEU_BKG_001186,Nevada,-116.28397166067766,37.78610238227854,neutral,neutral_unlabeled_background,background_proxy,0
background_only,1344,NEU_BKG_001187,Nevada,-116.01859651413291,39.06380168447774,neutral,neutral_unlabeled_background,background_proxy,0
background_only,1345,NEU_BKG_001188,Nevada,-118.42070319385998,41.647882484084874,neutral,neutral_unlabeled_background,background_proxy,0
background_only,1346,NEU_BKG_001189,Nevada,-115.40966900783293,37.149400807174366,neutral,neutral_unlabeled_background,background_proxy,0
background_only,1347,NEU_BKG_001190,Nevada,-116.99327512438896,41.487225645573794,neutral,neutral_unlabeled_background,background_proxy,0
background_only,1348,NEU_BKG_001191,Nevada,-116.42533941261316,40.02716254545878,neutral,neutral_unlabeled_background,background_proxy,0
background_only,1349,NEU_BKG_001192,Nevada,-114.97793625062998,37.11531694018621,neutral,neutral_unlabeled_background,background_proxy,0
background_only,1350,NEU_BKG_001193,Nevada,-117.34776179712385,41.924495694055366,neutral,neutral_unlabeled_background,background_proxy,0
background_only,1351,NEU_BKG_001194,Nevada,-119.99787217755011,41.733055964279856,neutral,neutral_unlabeled_background,background_proxy,0
background_only,1352,NEU_BKG_001195,Nevada,-116.3429853722502,39.08063947067397,neutral,neutral_unlabeled_background,background_proxy,0
background_only,1353,NEU_BKG_001196,Nevada,-115.34729232869849,36.90465283507857,neutral,neutral_unlabeled_background,background_proxy,0
background_only,1354,NEU_BKG_001197,Nevada,-116.65461911341085,39.20132491823021,neutral,neutral_unlabeled_background,background_proxy,0
background_only,1355,NEU_BKG_001198,Nevada,-117.15799447994367,41.46059310395287,neutral,neutral_unlabeled_background,background_proxy,0
background_only,1356,NEU_BKG_001199,Nevada,-116.41741483111912,36.895109171362435,neutral,neutral_unlabeled_background,background_proxy,0
background_only,1357,NEU_BKG_001200,Nevada,-115.34340037270553,40.855215413780904,neutral,neutral_unlabeled_background,background_proxy,0
background_only,1358,NEU_BKG_001201,Nevada,-114.99315878730515,37.25240217971981,neutral,neutral_unlabeled_background,background_proxy,0
background_only,1359,NEU_BKG_001202,Nevada,-115.71254390120653,35.972290631402785,neutral,neutral_unlabeled_background,background_proxy,0
background_only,1360,NEU_BKG_001203,Nevada,-118.10380550578152,41.504439993742444,neutral,neutral_unlabeled_background,background_proxy,0
background_only,1361,NEU_BKG_001204,Nevada,-117.176122780883,41.914353241378066,neutral,neutral_unlabeled_background,background_proxy,0
background_only,1362,NEU_BKG_001205,Nevada,-114.09225598014783,38.379186286973756,neutral,neutral_unlabeled_background,background_proxy,0
background_only,1363,NEU_BKG_001206,Nevada,-114.86085989645417,37.8908832352799,neutral,neutral_unlabeled_background,background_proxy,0
background_only,1364,NEU_BKG_001207,Nevada,-115.77292779264214,40.25966533801745,neutral,neutral_unlabeled_background,background_proxy,0
background_only,1365,NEU_BKG_001208,Nevada,-115.36422184918062,38.017292513513276,neutral,neutral_unlabeled_background,background_proxy,0
background_only,1366,NEU_BKG_001209,Nevada,-114.46967334788428,39.81612524664031,neutral,neutral_unlabeled_background,background_proxy,0
background_only,1367,NEU_BKG_001210,Nevada,-114.44745685653223,40.80290460086436,neutral,neutral_unlabeled_background,background_proxy,0
background_only,1368,NEU_BKG_001211,Nevada,-119.89653291884672,41.83113348300916,neutral,neutral_unlabeled_background,background_proxy,0
background_only,1369,NEU_BKG_001212,Nevada,-116.40649656706725,36.9437078916215,neutral,neutral_unlabeled_background,background_proxy,0
background_only,1370,NEU_BKG_001213,Nevada,-116.29536241906257,37.32443350945528,neutral,neutral_unlabeled_background,background_proxy,0
background_only,1371,NEU_BKG_001214,Nevada,-117.00429236554568,41.03654081240241,neutral,neutral_unlabeled_background,background_proxy,0
background_only,1372,NEU_BKG_001215,Nevada,-114.80665430779399,37.76600393306126,neutral,neutral_unlabeled_background,background_proxy,0
background_only,1373,NEU_BKG_001216,Nevada,-116.77657075750635,41.38184993274966,neutral,neutral_unlabeled_background,background_proxy,0
background_only,1374,NEU_BKG_001217,Nevada,-119.85592758498913,41.387471703661596,neutral,neutral_unlabeled_background,background_proxy,0
background_only,1375,NEU_BKG_001218,Nevada,-114.19970941362384,41.87339775466305,neutral,neutral_unlabeled_background,background_proxy,0
background_only,1376,NEU_BKG_001219,Nevada,-114.60280581489405,38.948513379115234,neutral,neutral_unlabeled_background,background_proxy,0
background_only,1377,NEU_BKG_001220,Nevada,-115.3296895754443,40.027274134505376,neutral,neutral_unlabeled_background,background_proxy,0
background_only,1378,NEU_BKG_001221,Nevada,-116.08774727840778,38.38620476704867,neutral,neutral_unlabeled_background,background_proxy,0
background_only,1379,NEU_BKG_001222,Nevada,-119.90539254277483,40.75406578419501,neutral,neutral_unlabeled_background,background_proxy,0
background_only,1380,NEU_BKG_001223,Nevada,-115.32849432351274,37.50904515176756,neutral,neutral_unlabeled_background,background_proxy,0
background_only,1381,NEU_BKG_001224,Nevada,-119.6940723968355,41.14828072172442,neutral,neutral_unlabeled_background,background_proxy,0
background_only,1382,NEU_BKG_001225,Nevada,-115.4433353843656,36.572632340541894,neutral,neutral_unlabeled_background,background_proxy,0
background_only,1383,NEU_BKG_001226,Nevada,-115.6955055357781,40.41036609649896,neutral,neutral_unlabeled_background,background_proxy,0
background_only,1384,NEU_BKG_001227,Nevada,-117.10677373951562,41.08752570441139,neutral,neutral_unlabeled_background,background_proxy,0
background_only,1385,NEU_BKG_001228,Nevada,-115.35646969982416,37.93998722109113,neutral,neutral_unlabeled_background,background_proxy,0
background_only,1386,NEU_BKG_001229,Nevada,-116.71172166932102,37.42759219303657,neutral,neutral_unlabeled_background,background_proxy,0
background_only,1387,NEU_BKG_001230,Nevada,-115.59045607091736,41.05507024504914,neutral,neutral_unlabeled_background,background_proxy,0
background_only,1388,NEU_BKG_001231,New Mexico,-106.86229996352861,36.85184113536673,neutral,neutral_unlabeled_background,background_proxy,0
background_only,1389,NEU_BKG_001232,New Mexico,-109.03363198861607,33.65300011878644,neutral,neutral_unlabeled_background,background_proxy,0
background_only,1390,NEU_BKG_001233,New Mexico,-104.08984156597519,33.25061173360669,neutral,neutral_unlabeled_background,background_proxy,0
background_only,1391,NEU_BKG_001234,New Mexico,-105.05747876520206,34.46978373494712,neutral,neutral_unlabeled_background,background_proxy,0
background_only,1392,NEU_BKG_001235,New Mexico,-107.50775255214958,33.74796675890783,neutral,neutral_unlabeled_background,background_proxy,0
background_only,1393,NEU_BKG_001236,New Mexico,-107.56641328521448,34.66811646228693,neutral,neutral_unlabeled_background,background_proxy,0
background_only,1394,NEU_BKG_001237,New Mexico,-103.0536724597907,34.10067955235314,neutral,neutral_unlabeled_background,background_proxy,0
background_only,1395,NEU_BKG_001238,New Mexico,-104.44429042160537,34.6923428178117,neutral,neutral_unlabeled_background,background_proxy,0
background_only,1396,NEU_BKG_001239,New Mexico,-108.99920162302575,34.07962629180854,neutral,neutral_unlabeled_background,background_proxy,0
background_only,1397,NEU_BKG_001240,New Mexico,-104.73622562240973,36.66387753743909,neutral,neutral_unlabeled_background,background_proxy,0
background_only,1398,NEU_BKG_001241,New Mexico,-107.94472861696828,33.855458571998774,neutral,neutral_unlabeled_background,background_proxy,0
background_only,1399,NEU_BKG_001242,New Mexico,-104.5073404346515,34.66315715414618,neutral,neutral_unlabeled_background,background_proxy,0
background_only,1400,NEU_BKG_001243,New Mexico,-105.79710997283091,34.56959071543945,neutral,neutral_unlabeled_background,background_proxy,0
background_only,1401,NEU_BKG_001244,New Mexico,-107.64501617357526,33.74254786581397,neutral,neutral_unlabeled_background,background_proxy,0
background_only,1402,NEU_BKG_001245,New Mexico,-103.81123896857467,33.59687221517351,neutral,neutral_unlabeled_background,background_proxy,0
background_only,1403,NEU_BKG_001246,New Mexico,-105.22638612483584,33.09453296333691,neutral,neutral_unlabeled_background,background_proxy,0
background_only,1404,NEU_BKG_001247,New Mexico,-106.27789705491688,32.78897471817587,neutral,neutral_unlabeled_background,background_proxy,0
background_only,1405,NEU_BKG_001248,New Mexico,-105.18208153738321,34.290864140501796,neutral,neutral_unlabeled_background,background_proxy,0
background_only,1406,NEU_BKG_001249,New Mexico,-107.74742843063248,33.89539887011456,neutral,neutral_unlabeled_background,background_proxy,0
background_only,1407,NEU_BKG_001250,New Mexico,-104.3933864279698,34.84422252645597,neutral,neutral_unlabeled_background,background_proxy,0
background_only,1408,NEU_BKG_001251,New Mexico,-103.23873893050992,35.930860035467035,neutral,neutral_unlabeled_background,background_proxy,0
background_only,1409,NEU_BKG_001252,New Mexico,-105.03012211256697,32.49105923961999,neutral,neutral_unlabeled_background,background_proxy,0
background_only,1410,NEU_BKG_001253,New Mexico,-104.69937789876155,36.601689833410596,neutral,neutral_unlabeled_background,background_proxy,0
background_only,1411,NEU_BKG_001254,New Mexico,-103.74726020648424,34.05040008588783,neutral,neutral_unlabeled_background,background_proxy,0
background_only,1412,NEU_BKG_001255,New Mexico,-108.25817744745197,34.941976322736956,neutral,neutral_unlabeled_background,background_proxy,0
background_only,1413,NEU_BKG_001256,New Mexico,-108.28365821886838,36.32717890175667,neutral,neutral_unlabeled_background,background_proxy,0
background_only,1414,NEU_BKG_001257,New Mexico,-108.97911320702784,34.50920101747684,neutral,neutral_unlabeled_background,background_proxy,0
background_only,1415,NEU_BKG_001258,New Mexico,-108.4340461683762,36.12345072442447,neutral,neutral_unlabeled_background,background_proxy,0
background_only,1416,NEU_BKG_001259,New Mexico,-105.41275637169676,35.198009348496115,neutral,neutral_unlabeled_background,background_proxy,0
background_only,1417,NEU_BKG_001260,New Mexico,-103.0979340840236,35.81396794187125,neutral,neutral_unlabeled_background,background_proxy,0
background_only,1418,NEU_BKG_001261,New Mexico,-107.37292778096614,36.95191172704903,neutral,neutral_unlabeled_background,background_proxy,0
background_only,1419,NEU_BKG_001262,New Mexico,-105.41066127813714,34.20285122693337,neutral,neutral_unlabeled_background,background_proxy,0
background_only,1420,NEU_BKG_001263,New Mexico,-105.90711693623098,34.38139401347481,neutral,neutral_unlabeled_background,background_proxy,0
background_only,1421,NEU_BKG_001264,New Mexico,-106.68761919473046,31.98165273787757,neutral,neutral_unlabeled_background,background_proxy,0
background_only,1422,NEU_BKG_001265,New Mexico,-108.2582447321648,31.342370605093883,neutral,neutral_unlabeled_background,background_proxy,0
background_only,1423,NEU_BKG_001266,New Mexico,-108.96625056466702,31.394215816404447,neutral,neutral_unlabeled_background,background_proxy,0
background_only,1424,NEU_BKG_001267,New Mexico,-108.99474708052288,33.31839703137044,neutral,neutral_unlabeled_background,background_proxy,0
background_only,1425,NEU_BKG_001268,New Mexico,-105.2181411389963,34.24393265264233,neutral,neutral_unlabeled_background,background_proxy,0
background_only,1426,NEU_BKG_001269,New Mexico,-108.02784386388505,36.28531058839032,neutral,neutral_unlabeled_background,background_proxy,0
background_only,1427,NEU_BKG_001270,New Mexico,-104.73308669610621,33.77259660175229,neutral,neutral_unlabeled_background,background_proxy,0
background_only,1428,NEU_BKG_001271,New Mexico,-105.39810749699947,33.072023465758164,neutral,neutral_unlabeled_background,background_proxy,0
background_only,1429,NEU_BKG_001272,New Mexico,-105.46656984235882,34.312788237761225,neutral,neutral_unlabeled_background,background_proxy,0
background_only,1430,NEU_BKG_001273,New Mexico,-108.39151180883465,33.24495250690049,neutral,neutral_unlabeled_background,background_proxy,0
background_only,1431,NEU_BKG_001274,New Mexico,-103.27354912497907,36.7750846199936,neutral,neutral_unlabeled_background,background_proxy,0
background_only,1432,NEU_BKG_001275,New Mexico,-108.24711025542932,34.94303849322761,neutral,neutral_unlabeled_background,background_proxy,0
background_only,1433,NEU_BKG_001276,New Mexico,-108.52913317973564,36.115539656519815,neutral,neutral_unlabeled_background,background_proxy,0
background_only,1434,NEU_BKG_001277,New Mexico,-105.64416691947241,32.34477841765684,neutral,neutral_unlabeled_background,background_proxy,0
background_only,1435,NEU_BKG_001278,New Mexico,-108.19350814206543,35.92124513000405,neutral,neutral_unlabeled_background,background_proxy,0
background_only,1436,NEU_BKG_001279,New Mexico,-107.54325963261235,34.72426944700978,neutral,neutral_unlabeled_background,background_proxy,0
background_only,1437,NEU_BKG_001280,New Mexico,-108.34134531467453,34.69214742467239,neutral,neutral_unlabeled_background,background_proxy,0
background_only,1438,NEU_BKG_001281,New Mexico,-105.14272884458764,34.37207616943523,neutral,neutral_unlabeled_background,background_proxy,0
background_only,1439,NEU_BKG_001282,New Mexico,-108.559219858523,36.12101989616602,neutral,neutral_unlabeled_background,background_proxy,0
background_only,1440,NEU_BKG_001283,New Mexico,-105.02674943616333,36.61553159950454,neutral,neutral_unlabeled_background,background_proxy,0
background_only,1441,NEU_BKG_001284,New Mexico,-107.62423780859288,34.266461274481564,neutral,neutral_unlabeled_background,background_proxy,0
background_only,1442,NEU_BKG_001285,New Mexico,-106.19115273832519,32.283687431596896,neutral,neutral_unlabeled_background,background_proxy,0
background_only,1443,NEU_BKG_001286,New Mexico,-104.36958032877901,33.92385816496345,neutral,neutral_unlabeled_background,background_proxy,0
background_only,1444,NEU_BKG_001287,New Mexico,-106.64699865888157,33.99735871891827,neutral,neutral_unlabeled_background,background_proxy,0
background_only,1445,NEU_BKG_001288,New Mexico,-107.284483094624,36.642822737065714,neutral,neutral_unlabeled_background,background_proxy,0
background_only,1446,NEU_BKG_001289,New Mexico,-104.79011245017944,33.92294756544608,neutral,neutral_unlabeled_background,background_proxy,0
background_only,1447,NEU_BKG_001290,New Mexico,-104.03117816134016,35.57473431822974,neutral,neutral_unlabeled_background,background_proxy,0
background_only,1448,NEU_BKG_001291,New Mexico,-104.22591102277646,33.16917989453153,neutral,neutral_unlabeled_background,background_proxy,0
background_only,1449,NEU_BKG_001292,New Mexico,-107.92453469078696,34.506403738560635,neutral,neutral_unlabeled_background,background_proxy,0
background_only,1450,NEU_BKG_001293,New Mexico,-105.7825957657708,32.30188871962401,neutral,neutral_unlabeled_background,background_proxy,0
background_only,1451,NEU_BKG_001294,New Mexico,-106.84468722711966,32.97443091073301,neutral,neutral_unlabeled_background,background_proxy,0
background_only,1452,NEU_BKG_001295,New Mexico,-108.76978063706103,34.6504562280828,neutral,neutral_unlabeled_background,background_proxy,0
background_only,1453,NEU_BKG_001296,New Mexico,-105.07801063053435,36.94052956502313,neutral,neutral_unlabeled_background,background_proxy,0
background_only,1454,NEU_BKG_001297,New Mexico,-107.89469477497379,34.643074095189675,neutral,neutral_unlabeled_background,background_proxy,0
background_only,1455,NEU_BKG_001298,New Mexico,-104.60994348963152,32.672864980964995,neutral,neutral_unlabeled_background,background_proxy,0
background_only,1456,NEU_BKG_001299,New Mexico,-108.83516923798605,35.743337227305794,neutral,neutral_unlabeled_background,background_proxy,0
background_only,1457,NEU_BKG_001300,New Mexico,-105.38292563772148,33.767980844244946,neutral,neutral_unlabeled_background,background_proxy,0
background_only,1458,NEU_BKG_001301,Oregon,-117.61356058476957,43.35041660388931,neutral,neutral_unlabeled_background,background_proxy,0
background_only,1459,NEU_BKG_001302,Oregon,-119.9146736688229,45.15865789085648,neutral,neutral_unlabeled_background,background_proxy,0
background_only,1460,NEU_BKG_001303,Oregon,-117.2214646500511,42.22477441462273,neutral,neutral_unlabeled_background,background_proxy,0
background_only,1461,NEU_BKG_001304,Oregon,-117.51945997044695,42.49484395794246,neutral,neutral_unlabeled_background,background_proxy,0
background_only,1462,NEU_BKG_001305,Oregon,-122.32303732356259,42.44527246981386,neutral,neutral_unlabeled_background,background_proxy,0
background_only,1463,NEU_BKG_001306,Oregon,-117.53851883057794,42.576637049322976,neutral,neutral_unlabeled_background,background_proxy,0
background_only,1464,NEU_BKG_001307,Oregon,-118.03972880862918,43.08580769322991,neutral,neutral_unlabeled_background,background_proxy,0
background_only,1465,NEU_BKG_001308,Oregon,-120.01572560451096,43.28482851465461,neutral,neutral_unlabeled_background,background_proxy,0
background_only,1466,NEU_BKG_001309,Oregon,-117.31444101671902,42.348563163537335,neutral,neutral_unlabeled_background,background_proxy,0
background_only,1467,NEU_BKG_001310,Oregon,-122.28077769198076,42.562937370191776,neutral,neutral_unlabeled_background,background_proxy,0
background_only,1468,NEU_BKG_001311,Oregon,-120.60128794507298,43.36648669786305,neutral,neutral_unlabeled_background,background_proxy,0
background_only,1469,NEU_BKG_001312,Oregon,-120.24611121291198,43.35641574972471,neutral,neutral_unlabeled_background,background_proxy,0
background_only,1470,NEU_BKG_001313,Oregon,-119.12285616213997,42.6503558287962,neutral,neutral_unlabeled_background,background_proxy,0
background_only,1471,NEU_BKG_001314,Oregon,-122.28037759519272,43.40162003630746,neutral,neutral_unlabeled_background,background_proxy,0
background_only,1472,NEU_BKG_001315,Oregon,-121.47481306283478,44.456199268214704,neutral,neutral_unlabeled_background,background_proxy,0
background_only,1473,NEU_BKG_001316,Oregon,-120.76415046350178,43.435750685785194,neutral,neutral_unlabeled_background,background_proxy,0
background_only,1474,NEU_BKG_001317,Oregon,-120.03537046189834,44.20699149898562,neutral,neutral_unlabeled_background,background_proxy,0
background_only,1475,NEU_BKG_001318,Oregon,-119.26906221258884,43.135725264001096,neutral,neutral_unlabeled_background,background_proxy,0
background_only,1476,NEU_BKG_001319,Oregon,-123.9528560825551,43.23127147109262,neutral,neutral_unlabeled_background,background_proxy,0
background_only,1477,NEU_BKG_001320,Oregon,-117.53716579579567,42.57497058778019,neutral,neutral_unlabeled_background,background_proxy,0
background_only,1478,NEU_BKG_001321,Oregon,-123.89712591858289,44.192026558507635,neutral,neutral_unlabeled_background,background_proxy,0
background_only,1479,NEU_BKG_001322,Oregon,-120.10321374190342,44.46881736031108,neutral,neutral_unlabeled_background,background_proxy,0
background_only,1480,NEU_BKG_001323,Oregon,-117.95225549841476,43.49160202638717,neutral,neutral_unlabeled_background,background_proxy,0
background_only,1481,NEU_BKG_001324,Oregon,-122.22009973009041,42.36672470858669,neutral,neutral_unlabeled_background,background_proxy,0
background_only,1482,NEU_BKG_001325,Oregon,-120.27539631409157,43.24515116302266,neutral,neutral_unlabeled_background,background_proxy,0
background_only,1483,NEU_BKG_001326,Oregon,-117.10542708372628,45.65639046324709,neutral,neutral_unlabeled_background,background_proxy,0
background_only,1484,NEU_BKG_001327,Oregon,-121.28095015210299,43.4740672386406,neutral,neutral_unlabeled_background,background_proxy,0
background_only,1485,NEU_BKG_001328,Oregon,-121.27262124809675,43.21598888705283,neutral,neutral_unlabeled_background,background_proxy,0
background_only,1486,NEU_BKG_001329,Oregon,-120.02372752672315,44.23172448631012,neutral,neutral_unlabeled_background,background_proxy,0
background_only,1487,NEU_BKG_001330,Oregon,-121.06970276616903,43.658963641073186,neutral,neutral_unlabeled_background,background_proxy,0
background_only,1488,NEU_BKG_001331,Oregon,-119.92932073710107,44.271443635783704,neutral,neutral_unlabeled_background,background_proxy,0
background_only,1489,NEU_BKG_001332,Oregon,-117.45163434605942,43.027846481501584,neutral,neutral_unlabeled_background,background_proxy,0
background_only,1490,NEU_BKG_001333,Oregon,-121.54722676392961,44.59798375590684,neutral,neutral_unlabeled_background,background_proxy,0
background_only,1491,NEU_BKG_001334,Oregon,-122.02146915642474,43.86905067001271,neutral,neutral_unlabeled_background,background_proxy,0
background_only,1492,NEU_BKG_001335,Oregon,-116.75025141755856,45.404252379724625,neutral,neutral_unlabeled_background,background_proxy,0
background_only,1493,NEU_BKG_001336,Oregon,-119.22089161698608,43.36983465922177,neutral,neutral_unlabeled_background,background_proxy,0
background_only,1494,NEU_BKG_001337,Oregon,-118.28121563726428,42.02970740049243,neutral,neutral_unlabeled_background,background_proxy,0
background_only,1495,NEU_BKG_001338,Oregon,-121.36386579656174,43.44375615602555,neutral,neutral_unlabeled_background,background_proxy,0
background_only,1496,NEU_BKG_001339,Oregon,-119.89882065924037,44.33405295445324,neutral,neutral_unlabeled_background,background_proxy,0
background_only,1497,NEU_BKG_001340,Oregon,-119.75911888083999,44.221291487822704,neutral,neutral_unlabeled_background,background_proxy,0
background_only,1498,NEU_BKG_001341,Oregon,-119.5395948726463,43.18262025325813,neutral,neutral_unlabeled_background,background_proxy,0
background_only,1499,NEU_BKG_001342,Oregon,-118.09040303279055,42.203326934325055,neutral,neutral_unlabeled_background,background_proxy,0
background_only,1500,NEU_BKG_001343,Oregon,-120.00352886863287,43.38637126130108,neutral,neutral_unlabeled_background,background_proxy,0
background_only,1501,NEU_BKG_001344,Oregon,-118.43506867361397,43.00336333968645,neutral,neutral_unlabeled_background,background_proxy,0
background_only,1502,NEU_BKG_001345,Oregon,-121.1121769266906,42.897245095822946,neutral,neutral_unlabeled_background,background_proxy,0
background_only,1503,NEU_BKG_001346,Oregon,-117.2196899379918,42.20640612936983,neutral,neutral_unlabeled_background,background_proxy,0
background_only,1504,NEU_BKG_001347,Oregon,-120.35840739311561,45.19966779672956,neutral,neutral_unlabeled_background,background_proxy,0
background_only,1505,NEU_BKG_001348,Oregon,-124.03438402491952,43.845496102817854,neutral,neutral_unlabeled_background,background_proxy,0
background_only,1506,NEU_BKG_001349,Oregon,-119.36033374597672,42.531011830758246,neutral,neutral_unlabeled_background,background_proxy,0
background_only,1507,NEU_BKG_001350,Oregon,-120.36441240854491,43.20257006502786,neutral,neutral_unlabeled_background,background_proxy,0
background_only,1508,NEU_BKG_001351,Utah,-111.7254936581942,37.59322491495335,neutral,neutral_unlabeled_background,background_proxy,0
background_only,1509,NEU_BKG_001352,Utah,-111.15840409270935,40.86661976352092,neutral,neutral_unlabeled_background,background_proxy,0
background_only,1510,NEU_BKG_001353,Utah,-110.13765777732304,39.695379423747475,neutral,neutral_unlabeled_background,background_proxy,0
background_only,1511,NEU_BKG_001354,Utah,-109.54810411150028,37.112764377854916,neutral,neutral_unlabeled_background,background_proxy,0
background_only,1512,NEU_BKG_001355,Utah,-109.34562911734265,40.72141998046872,neutral,neutral_unlabeled_background,background_proxy,0
background_only,1513,NEU_BKG_001356,Utah,-113.66872056289732,38.962277681827615,neutral,neutral_unlabeled_background,background_proxy,0
background_only,1514,NEU_BKG_001357,Utah,-111.53349293091432,37.23656971551473,neutral,neutral_unlabeled_background,background_proxy,0
background_only,1515,NEU_BKG_001358,Utah,-110.1024597618599,39.79069647394617,neutral,neutral_unlabeled_background,background_proxy,0
background_only,1516,NEU_BKG_001359,Utah,-113.62941223326084,40.72229778003235,neutral,neutral_unlabeled_background,background_proxy,0
background_only,1517,NEU_BKG_001360,Utah,-110.76571475720586,40.60883009195652,neutral,neutral_unlabeled_background,background_proxy,0
background_only,1518,NEU_BKG_001361,Utah,-109.19397495161316,39.30849454910091,neutral,neutral_unlabeled_background,background_proxy,0
background_only,1519,NEU_BKG_001362,Utah,-113.7389028026418,40.34347728657405,neutral,neutral_unlabeled_background,background_proxy,0
background_only,1520,NEU_BKG_001363,Utah,-112.92431423288008,39.698509374003535,neutral,neutral_unlabeled_background,background_proxy,0
background_only,1521,NEU_BKG_001364,Utah,-110.09096040212115,40.72516302029092,neutral,neutral_unlabeled_background,background_proxy,0
background_only,1522,NEU_BKG_001365,Utah,-111.05319993528414,39.905842328065745,neutral,neutral_unlabeled_background,background_proxy,0
background_only,1523,NEU_BKG_001366,Utah,-110.28219378925101,40.80327465719693,neutral,neutral_unlabeled_background,background_proxy,0
background_only,1524,NEU_BKG_001367,Utah,-110.19546815062316,38.629901071562756,neutral,neutral_unlabeled_background,background_proxy,0
background_only,1525,NEU_BKG_001368,Utah,-113.11850179819497,38.89560037966399,neutral,neutral_unlabeled_background,background_proxy,0
background_only,1526,NEU_BKG_001369,Utah,-112.900384435927,37.22008981994067,neutral,neutral_unlabeled_background,background_proxy,0
background_only,1527,NEU_BKG_001370,Utah,-111.61133560090694,38.15150312697751,neutral,neutral_unlabeled_background,background_proxy,0
background_only,1528,NEU_BKG_001371,Utah,-109.92908853150698,38.03442600668407,neutral,neutral_unlabeled_background,background_proxy,0
background_only,1529,NEU_BKG_001372,Utah,-113.56247851432016,39.45610172722152,neutral,neutral_unlabeled_background,background_proxy,0
background_only,1530,NEU_BKG_001373,Utah,-112.4577314832168,39.60134358331342,neutral,neutral_unlabeled_background,background_proxy,0
background_only,1531,NEU_BKG_001374,Utah,-111.69114058570337,38.037936319059106,neutral,neutral_unlabeled_background,background_proxy,0
background_only,1532,NEU_BKG_001375,Utah,-111.08871039546464,37.023444991002144,neutral,neutral_unlabeled_background,background_proxy,0
background_only,1533,NEU_BKG_001376,Utah,-110.49662924353075,39.840882625423994,neutral,neutral_unlabeled_background,background_proxy,0
background_only,1534,NEU_BKG_001377,Utah,-109.58399454329046,37.076365576045234,neutral,neutral_unlabeled_background,background_proxy,0
background_only,1535,NEU_BKG_001378,Utah,-110.8982779797747,37.98610322998059,neutral,neutral_unlabeled_background,background_proxy,0
background_only,1536,NEU_BKG_001379,Utah,-110.57509385319868,40.76737083959049,neutral,neutral_unlabeled_background,background_proxy,0
background_only,1537,NEU_BKG_001380,Utah,-110.92841872387463,37.325277652662365,neutral,neutral_unlabeled_background,background_proxy,0
background_only,1538,NEU_BKG_001381,Utah,-113.51099057660383,38.97144444518942,neutral,neutral_unlabeled_background,background_proxy,0
background_only,1539,NEU_BKG_001382,Utah,-113.72940105304073,39.99787498800508,neutral,neutral_unlabeled_background,background_proxy,0
background_only,1540,NEU_BKG_001383,Utah,-111.04084901379228,37.218921803368026,neutral,neutral_unlabeled_background,background_proxy,0
background_only,1541,NEU_BKG_001384,Utah,-113.48949067514464,39.98743835206943,neutral,neutral_unlabeled_background,background_proxy,0
background_only,1542,NEU_BKG_001385,Utah,-112.95663366629022,37.21953867956503,neutral,neutral_unlabeled_background,background_proxy,0
background_only,1543,NEU_BKG_001386,Utah,-110.49962172076057,37.354964055032376,neutral,neutral_unlabeled_background,background_proxy,0
background_only,1544,NEU_BKG_001387,Utah,-112.92246550287993,37.22024001695843,neutral,neutral_unlabeled_background,background_proxy,0
background_only,1545,NEU_BKG_001388,Utah,-110.69030018448092,39.980463704033326,neutral,neutral_unlabeled_background,background_proxy,0
background_only,1546,NEU_BKG_001389,Utah,-110.0207112564025,39.85510911427307,neutral,neutral_unlabeled_background,background_proxy,0
background_only,1547,NEU_BKG_001390,Utah,-110.4227412135314,39.74159426183988,neutral,neutral_unlabeled_background,background_proxy,0
background_only,1548,NEU_BKG_001391,Utah,-110.85620417929313,37.454423908469515,neutral,neutral_unlabeled_background,background_proxy,0
background_only,1549,NEU_BKG_001392,Utah,-110.92345448646545,37.94140542096302,neutral,neutral_unlabeled_background,background_proxy,0
background_only,1550,NEU_BKG_001393,Utah,-110.78994188897589,40.67643431230656,neutral,neutral_unlabeled_background,background_proxy,0
background_only,1551,NEU_BKG_001394,Utah,-109.25064748063542,39.295460679640236,neutral,neutral_unlabeled_background,background_proxy,0
background_only,1552,NEU_BKG_001395,Utah,-109.2054941213298,39.9372074157803,neutral,neutral_unlabeled_background,background_proxy,0
background_only,1553,NEU_BKG_001396,Utah,-110.84889535437046,37.42358834809036,neutral,neutral_unlabeled_background,background_proxy,0
background_only,1554,NEU_BKG_001397,Utah,-111.47712485410378,37.22313407266689,neutral,neutral_unlabeled_background,background_proxy,0
background_only,1555,NEU_BKG_001398,Utah,-110.00262724865075,39.68349868305223,neutral,neutral_unlabeled_background,background_proxy,0
background_only,1556,NEU_BKG_001399,Utah,-110.89924145737298,37.03306552774638,neutral,neutral_unlabeled_background,background_proxy,0
background_only,1557,NEU_BKG_001400,Utah,-113.73784316124508,38.94441741235757,neutral,neutral_unlabeled_background,background_proxy,0
background_only,1558,NEU_BKG_001401,Wyoming,-109.6006183445407,42.508628783060814,neutral,neutral_unlabeled_background,background_proxy,0
background_only,1559,NEU_BKG_001402,Wyoming,-105.2810155186219,44.64118071502308,neutral,neutral_unlabeled_background,background_proxy,0
background_only,1560,NEU_BKG_001403,Wyoming,-110.27553362511581,41.05789575048481,neutral,neutral_unlabeled_background,background_proxy,0
background_only,1561,NEU_BKG_001404,Wyoming,-107.0699888754266,42.674786434757245,neutral,neutral_unlabeled_background,background_proxy,0
background_only,1562,NEU_BKG_001405,Wyoming,-110.01154591893648,42.15675498486333,neutral,neutral_unlabeled_background,background_proxy,0
background_only,1563,NEU_BKG_001406,Wyoming,-108.22380988969962,42.41099693324509,neutral,neutral_unlabeled_background,background_proxy,0
background_only,1564,NEU_BKG_001407,Wyoming,-108.32270100114077,44.480267724892556,neutral,neutral_unlabeled_background,background_proxy,0
background_only,1565,NEU_BKG_001408,Wyoming,-104.31315277351501,43.388550068203564,neutral,neutral_unlabeled_background,background_proxy,0
background_only,1566,NEU_BKG_001409,Wyoming,-105.34444408431659,43.87927704811581,neutral,neutral_unlabeled_background,background_proxy,0
background_only,1567,NEU_BKG_001410,Wyoming,-104.83525254276026,43.650864636957046,neutral,neutral_unlabeled_background,background_proxy,0
background_only,1568,NEU_BKG_001411,Wyoming,-110.53027671674084,44.77993139252625,neutral,neutral_unlabeled_background,background_proxy,0
background_only,1569,NEU_BKG_001412,Wyoming,-110.86281879111368,44.9052537782386,neutral,neutral_unlabeled_background,background_proxy,0
background_only,1570,NEU_BKG_001413,Wyoming,-109.53222084558809,42.985872235461976,neutral,neutral_unlabeled_background,background_proxy,0
background_only,1571,NEU_BKG_001414,Wyoming,-105.62212142604068,44.083324422657135,neutral,neutral_unlabeled_background,background_proxy,0
background_only,1572,NEU_BKG_001415,Wyoming,-104.52531471515694,41.31332710060053,neutral,neutral_unlabeled_background,background_proxy,0
background_only,1573,NEU_BKG_001416,Wyoming,-104.15907902857211,42.528884970020215,neutral,neutral_unlabeled_background,background_proxy,0
background_only,1574,NEU_BKG_001417,Wyoming,-106.63426187599748,42.42797116528296,neutral,neutral_unlabeled_background,background_proxy,0
background_only,1575,NEU_BKG_001418,Wyoming,-105.70832307597927,44.643729434197155,neutral,neutral_unlabeled_background,background_proxy,0
background_only,1576,NEU_BKG_001419,Wyoming,-105.42689083946026,44.717314590863225,neutral,neutral_unlabeled_background,background_proxy,0
background_only,1577,NEU_BKG_001420,Wyoming,-105.24643446951431,43.97989294961024,neutral,neutral_unlabeled_background,background_proxy,0
background_only,1578,NEU_BKG_001421,Wyoming,-104.4592781104666,43.4670338185258,neutral,neutral_unlabeled_background,background_proxy,0
background_only,1579,NEU_BKG_001422,Wyoming,-104.46374527537847,41.570658033388895,neutral,neutral_unlabeled_background,background_proxy,0
background_only,1580,NEU_BKG_001423,Wyoming,-109.66336013480081,42.57048241827986,neutral,neutral_unlabeled_background,background_proxy,0
background_only,1581,NEU_BKG_001424,Wyoming,-109.33858779480396,43.08061433796734,neutral,neutral_unlabeled_background,background_proxy,0
background_only,1582,NEU_BKG_001425,Wyoming,-106.10241613294127,44.362422221127765,neutral,neutral_unlabeled_background,background_proxy,0
background_only,1583,NEU_BKG_001426,Wyoming,-105.4188076873128,44.91085212148749,neutral,neutral_unlabeled_background,background_proxy,0
background_only,1584,NEU_BKG_001427,Wyoming,-105.72188330072866,44.44873269200392,neutral,neutral_unlabeled_background,background_proxy,0
background_only,1585,NEU_BKG_001428,Wyoming,-104.21959179732023,42.95952892082368,neutral,neutral_unlabeled_background,background_proxy,0
background_only,1586,NEU_BKG_001429,Wyoming,-110.82319399668903,44.52773805707919,neutral,neutral_unlabeled_background,background_proxy,0
background_only,1587,NEU_BKG_001430,Wyoming,-105.21869417527759,44.304854502854695,neutral,neutral_unlabeled_background,background_proxy,0
background_only,1588,NEU_BKG_001431,Wyoming,-105.08649848490357,44.77959325440483,neutral,neutral_unlabeled_background,background_proxy,0
background_only,1589,NEU_BKG_001432,Wyoming,-105.39719175404545,44.40938643884012,neutral,neutral_unlabeled_background,background_proxy,0
background_only,1590,NEU_BKG_001433,Wyoming,-105.79910195583429,41.69806627040672,neutral,neutral_unlabeled_background,background_proxy,0
background_only,1591,NEU_BKG_001434,Wyoming,-106.9723119798479,42.97875141337052,neutral,neutral_unlabeled_background,background_proxy,0
background_only,1592,NEU_BKG_001435,Wyoming,-110.87787212875854,44.32575082838477,neutral,neutral_unlabeled_background,background_proxy,0
background_only,1593,NEU_BKG_001436,Wyoming,-108.23614602863331,44.474008649785226,neutral,neutral_unlabeled_background,background_proxy,0
background_only,1594,NEU_BKG_001437,Wyoming,-106.00105465863247,44.686266597701525,neutral,neutral_unlabeled_background,background_proxy,0
background_only,1595,NEU_BKG_001438,Wyoming,-108.05365131843465,43.63529568202276,neutral,neutral_unlabeled_background,background_proxy,0
background_only,1596,NEU_BKG_001439,Wyoming,-108.13838646380023,43.16576252171468,neutral,neutral_unlabeled_background,background_proxy,0
background_only,1597,NEU_BKG_001440,Wyoming,-107.77917834071334,41.27463976711628,neutral,neutral_unlabeled_background,background_proxy,0
background_only,1598,NEU_BKG_001441,Wyoming,-109.59443421459395,42.1376109840179,neutral,neutral_unlabeled_background,background_proxy,0
background_only,1599,NEU_BKG_001442,Wyoming,-109.91103552872626,44.87426202585949,neutral,neutral_unlabeled_background,background_proxy,0
background_only,1600,NEU_BKG_001443,Wyoming,-104.74315076609577,43.796645199033044,neutral,neutral_unlabeled_background,background_proxy,0
background_only,1601,NEU_BKG_001444,Wyoming,-108.85774877964583,44.03814870323139,neutral,neutral_unlabeled_background,background_proxy,0
background_only,1602,NEU_BKG_001445,Wyoming,-104.23811304540784,41.226179032934375,neutral,neutral_unlabeled_background,background_proxy,0
background_only,1603,NEU_BKG_001446,Wyoming,-109.64525570481511,43.04365350595322,neutral,neutral_unlabeled_background,background_proxy,0
background_only,1604,NEU_BKG_001447,Wyoming,-104.81487086177734,43.245783217707604,neutral,neutral_unlabeled_background,background_proxy,0
background_only,1605,NEU_BKG_001448,Wyoming,-111.00959185429309,44.625632938292064,neutral,neutral_unlabeled_background,background_proxy,0
background_only,1606,NEU_BKG_001449,Wyoming,-105.69671408446128,44.62661287463274,neutral,neutral_unlabeled_background,background_proxy,0
background_only,1607,NEU_BKG_001450,Wyoming,-105.54384430052222,44.61658838277647,neutral,neutral_unlabeled_background,background_proxy,0
background_only,1608,NEU_BKG_001451,Colorado,-103.48471521521448,37.47438726381731,neutral,neutral_unlabeled_background,background_proxy,0
background_only,1609,NEU_BKG_001452,Colorado,-106.69458080649255,37.79488887547367,neutral,neutral_unlabeled_background,background_proxy,0
background_only,1610,NEU_BKG_001453,Colorado,-104.24502029274706,40.52138528885089,neutral,neutral_unlabeled_background,background_proxy,0
background_only,1611,NEU_BKG_001454,Colorado,-103.9531679938398,40.99489271423838,neutral,neutral_unlabeled_background,background_proxy,0
background_only,1612,NEU_BKG_001455,Colorado,-103.82174409934387,40.72061554682545,neutral,neutral_unlabeled_background,background_proxy,0
background_only,1613,NEU_BKG_001456,Colorado,-104.44412250669953,39.87990847868914,neutral,neutral_unlabeled_background,background_proxy,0
background_only,1614,NEU_BKG_001457,Colorado,-108.91711437192264,39.75084515861203,neutral,neutral_unlabeled_background,background_proxy,0
background_only,1615,NEU_BKG_001458,Colorado,-103.57342954204945,37.660677880848155,neutral,neutral_unlabeled_background,background_proxy,0
background_only,1616,NEU_BKG_001459,Colorado,-103.94450792005338,40.94261569780847,neutral,neutral_unlabeled_background,background_proxy,0
background_only,1617,NEU_BKG_001460,Colorado,-108.91762395656443,39.93212947335622,neutral,neutral_unlabeled_background,background_proxy,0
background_only,1618,NEU_BKG_001461,Colorado,-102.97552523784178,39.31239018598763,neutral,neutral_unlabeled_background,background_proxy,0
background_only,1619,NEU_BKG_001462,Colorado,-103.26319714223379,38.457468279004,neutral,neutral_unlabeled_background,background_proxy,0
background_only,1620,NEU_BKG_001463,Colorado,-102.07973508003896,37.784285054434555,neutral,neutral_unlabeled_background,background_proxy,0
background_only,1621,NEU_BKG_001464,Colorado,-102.97161075349698,37.211499456883644,neutral,neutral_unlabeled_background,background_proxy,0
background_only,1622,NEU_BKG_001465,Colorado,-103.59354487725705,40.59170634833361,neutral,neutral_unlabeled_background,background_proxy,0
background_only,1623,NEU_BKG_001466,Colorado,-102.3496344353893,39.01193558337346,neutral,neutral_unlabeled_background,background_proxy,0
background_only,1624,NEU_BKG_001467,Colorado,-102.12586939812898,40.65941017762576,neutral,neutral_unlabeled_background,background_proxy,0
background_only,1625,NEU_BKG_001468,Colorado,-103.03812585283575,39.7357862652213,neutral,neutral_unlabeled_background,background_proxy,0
background_only,1626,NEU_BKG_001469,Colorado,-102.29058632781184,38.695348272563876,neutral,neutral_unlabeled_background,background_proxy,0
background_only,1627,NEU_BKG_001470,Colorado,-105.50353805431361,37.25229701254774,neutral,neutral_unlabeled_background,background_proxy,0
background_only,1628,NEU_BKG_001471,Colorado,-102.81519371960665,37.11928047320263,neutral,neutral_unlabeled_background,background_proxy,0
background_only,1629,NEU_BKG_001472,Colorado,-104.19171145893102,38.404127852652145,neutral,neutral_unlabeled_background,background_proxy,0
background_only,1630,NEU_BKG_001473,Colorado,-103.27406224507696,38.478955545286524,neutral,neutral_unlabeled_background,background_proxy,0
background_only,1631,NEU_BKG_001474,Colorado,-107.92208665851943,39.6329762929647,neutral,neutral_unlabeled_background,background_proxy,0
background_only,1632,NEU_BKG_001475,Colorado,-104.09612447350813,38.293409339744485,neutral,neutral_unlabeled_background,background_proxy,0
background_only,1633,NEU_BKG_001476,Colorado,-103.8426330940565,38.386589721108734,neutral,neutral_unlabeled_background,background_proxy,0
background_only,1634,NEU_BKG_001477,Colorado,-108.32908586931482,40.256419866510946,neutral,neutral_unlabeled_background,background_proxy,0
background_only,1635,NEU_BKG_001478,Colorado,-103.2864303747158,37.11029628264678,neutral,neutral_unlabeled_background,background_proxy,0
background_only,1636,NEU_BKG_001479,Colorado,-103.74819093644179,40.07649034777995,neutral,neutral_unlabeled_background,background_proxy,0
background_only,1637,NEU_BKG_001480,Colorado,-102.30286058112537,38.24962919599697,neutral,neutral_unlabeled_background,background_proxy,0
background_only,1638,NEU_BKG_001481,Colorado,-107.36670899658627,40.96548563675651,neutral,neutral_unlabeled_background,background_proxy,0
background_only,1639,NEU_BKG_001482,Colorado,-108.3670122475889,37.77372151593468,neutral,neutral_unlabeled_background,background_proxy,0
background_only,1640,NEU_BKG_001483,Colorado,-102.70834762136693,37.32089036144726,neutral,neutral_unlabeled_background,background_proxy,0
background_only,1641,NEU_BKG_001484,Colorado,-103.87302776594335,40.979594886156896,neutral,neutral_unlabeled_background,background_proxy,0
background_only,1642,NEU_BKG_001485,Colorado,-102.97391382631764,39.099534787962796,neutral,neutral_unlabeled_background,background_proxy,0
background_only,1643,NEU_BKG_001486,Colorado,-107.28337832736399,38.751904234052304,neutral,neutral_unlabeled_background,background_proxy,0
background_only,1644,NEU_BKG_001487,Colorado,-102.64510461540914,37.18431634495361,neutral,neutral_unlabeled_background,background_proxy,0
background_only,1645,NEU_BKG_001488,Colorado,-108.57906541108733,39.40119300221513,neutral,neutral_unlabeled_background,background_proxy,0
background_only,1646,NEU_BKG_001489,Colorado,-103.92313915260954,40.20632618993596,neutral,neutral_unlabeled_background,background_proxy,0
background_only,1647,NEU_BKG_001490,Colorado,-103.92288538858749,37.97094967878671,neutral,neutral_unlabeled_background,background_proxy,0
background_only,1648,NEU_BKG_001491,Idaho,-115.87579303155549,47.82182698903854,neutral,neutral_unlabeled_background,background_proxy,0
background_only,1649,NEU_BKG_001492,Idaho,-111.83299563978748,42.46727007482987,neutral,neutral_unlabeled_background,background_proxy,0
background_only,1650,NEU_BKG_001493,Idaho,-116.34150285749736,44.38799797161221,neutral,neutral_unlabeled_background,background_proxy,0
background_only,1651,NEU_BKG_001494,Idaho,-113.05881253440562,43.512200493205995,neutral,neutral_unlabeled_background,background_proxy,0
background_only,1652,NEU_BKG_001495,Idaho,-115.15144687737468,42.55213340080695,neutral,neutral_unlabeled_background,background_proxy,0
background_only,1653,NEU_BKG_001496,Idaho,-116.8332155027281,42.45987115434254,neutral,neutral_unlabeled_background,background_proxy,0
background_only,1654,NEU_BKG_001497,Idaho,-113.01437834835036,43.291471905444695,neutral,neutral_unlabeled_background,background_proxy,0
background_only,1655,NEU_BKG_001498,Idaho,-113.93518665303517,44.53921078220182,neutral,neutral_unlabeled_background,background_proxy,0
background_only,1656,NEU_BKG_001499,Idaho,-111.22199079865335,44.36529227537678,neutral,neutral_unlabeled_background,background_proxy,0
background_only,1657,NEU_BKG_001500,Idaho,-115.49343707187514,42.73016656422833,neutral,neutral_unlabeled_background,background_proxy,0
background_only,1658,NEU_BKG_001501,Idaho,-116.10463815743184,42.29136432735925,neutral,neutral_unlabeled_background,background_proxy,0
background_only,1659,NEU_BKG_001502,Idaho,-115.54972082448572,43.43899786588652,neutral,neutral_unlabeled_background,background_proxy,0
background_only,1660,NEU_BKG_001503,Idaho,-114.922170567588,42.292649014124954,neutral,neutral_unlabeled_background,background_proxy,0
background_only,1661,NEU_BKG_001504,Idaho,-116.35667904541926,42.46236662144698,neutral,neutral_unlabeled_background,background_proxy,0
background_only,1662,NEU_BKG_001505,Idaho,-112.9765072271882,42.91910346430862,neutral,neutral_unlabeled_background,background_proxy,0
background_only,1663,NEU_BKG_001506,Idaho,-113.06201997919047,43.49092609379519,neutral,neutral_unlabeled_background,background_proxy,0
background_only,1664,NEU_BKG_001507,Idaho,-115.91468804415751,42.58878466304646,neutral,neutral_unlabeled_background,background_proxy,0
background_only,1665,NEU_BKG_001508,Idaho,-112.31018802314534,43.47519998210919,neutral,neutral_unlabeled_background,background_proxy,0
background_only,1666,NEU_BKG_001509,Idaho,-113.63200639504467,43.214338024417614,neutral,neutral_unlabeled_background,background_proxy,0
background_only,1667,NEU_BKG_001510,Idaho,-116.9416541909337,42.19741848507749,neutral,neutral_unlabeled_background,background_proxy,0
background_only,1668,NEU_BKG_001511,Idaho,-113.22384283724101,43.17181062206416,neutral,neutral_unlabeled_background,background_proxy,0
background_only,1669,NEU_BKG_001512,Idaho,-112.90531693346908,43.627786249076976,neutral,neutral_unlabeled_background,background_proxy,0
background_only,1670,NEU_BKG_001513,Idaho,-113.07636965076811,43.15412083943828,neutral,neutral_unlabeled_background,background_proxy,0
background_only,1671,NEU_BKG_001514,Idaho,-116.19676776722731,43.31941353028019,neutral,neutral_unlabeled_background,background_proxy,0
background_only,1672,NEU_BKG_001515,Idaho,-114.76588040649804,46.12061133509305,neutral,neutral_unlabeled_background,background_proxy,0
background_only,1673,NEU_BKG_001516,Idaho,-115.4418025162627,46.33115331641851,neutral,neutral_unlabeled_background,background_proxy,0
background_only,1674,NEU_BKG_001517,Idaho,-113.74744837093526,43.27256216865811,neutral,neutral_unlabeled_background,background_proxy,0
background_only,1675,NEU_BKG_001518,Idaho,-113.61692764523221,42.84530706579815,neutral,neutral_unlabeled_background,background_proxy,0
background_only,1676,NEU_BKG_001519,Idaho,-116.19204327453141,47.99175098231948,neutral,neutral_unlabeled_background,background_proxy,0
background_only,1677,NEU_BKG_001520,Idaho,-112.75698635047186,42.22540321009822,neutral,neutral_unlabeled_background,background_proxy,0
background_only,1678,NEU_BKG_001521,Idaho,-115.82353931214313,43.037679050673354,neutral,neutral_unlabeled_background,background_proxy,0
background_only,1679,NEU_BKG_001522,Idaho,-113.26965444390316,43.78725324156592,neutral,neutral_unlabeled_background,background_proxy,0
background_only,1680,NEU_BKG_001523,Idaho,-114.80136820694511,45.50527416823047,neutral,neutral_unlabeled_background,background_proxy,0
background_only,1681,NEU_BKG_001524,Idaho,-113.91035930355643,42.6920804997274,neutral,neutral_unlabeled_background,background_proxy,0
background_only,1682,NEU_BKG_001525,Idaho,-115.9615422114286,42.64407213656579,neutral,neutral_unlabeled_background,background_proxy,0
background_only,1683,NEU_BKG_001526,Idaho,-113.64573019677967,43.12438849966655,neutral,neutral_unlabeled_background,background_proxy,0
background_only,1684,NEU_BKG_001527,Idaho,-113.21932876935843,43.9545546383713,neutral,neutral_unlabeled_background,background_proxy,0
background_only,1685,NEU_BKG_001528,Idaho,-116.14889928826526,42.40192004209946,neutral,neutral_unlabeled_background,background_proxy,0
background_only,1686,NEU_BKG_001529,Idaho,-115.82853981574134,43.05637932867574,neutral,neutral_unlabeled_background,background_proxy,0
background_only,1687,NEU_BKG_001530,Idaho,-112.95645513199717,43.160145029169456,neutral,neutral_unlabeled_background,background_proxy,0
background_only,1688,NEU_BKG_001531,Montana,-104.52218879774992,46.76139884777987,neutral,neutral_unlabeled_background,background_proxy,0
background_only,1689,NEU_BKG_001532,Montana,-113.38803727113836,48.03267873102855,neutral,neutral_unlabeled_background,background_proxy,0
background_only,1690,NEU_BKG_001533,Montana,-108.22619286501438,48.94653527253616,neutral,neutral_unlabeled_background,background_proxy,0
background_only,1691,NEU_BKG_001534,Montana,-109.35893328827896,46.44149548849757,neutral,neutral_unlabeled_background,background_proxy,0
background_only,1692,NEU_BKG_001535,Montana,-110.38693464643838,47.50026000750276,neutral,neutral_unlabeled_background,background_proxy,0
background_only,1693,NEU_BKG_001536,Montana,-108.07213261337947,45.58501923129083,neutral,neutral_unlabeled_background,background_proxy,0
background_only,1694,NEU_BKG_001537,Montana,-108.02855570056494,48.64977930734145,neutral,neutral_unlabeled_background,background_proxy,0
background_only,1695,NEU_BKG_001538,Montana,-112.44192992228966,47.4716574303789,neutral,neutral_unlabeled_background,background_proxy,0
background_only,1696,NEU_BKG_001539,Montana,-105.3329992349015,48.96740574192718,neutral,neutral_unlabeled_background,background_proxy,0
background_only,1697,NEU_BKG_001540,Montana,-107.16660605019236,45.08639737473693,neutral,neutral_unlabeled_background,background_proxy,0
background_only,1698,NEU_BKG_001541,Montana,-105.94003386494472,45.132937930696755,neutral,neutral_unlabeled_background,background_proxy,0
background_only,1699,NEU_BKG_001542,Montana,-104.84365961392824,45.300503251580956,neutral,neutral_unlabeled_background,background_proxy,0
background_only,1700,NEU_BKG_001543,Montana,-112.22723597980314,47.469437415776646,neutral,neutral_unlabeled_background,background_proxy,0
background_only,1701,NEU_BKG_001544,Montana,-104.7818217007177,45.27173991240866,neutral,neutral_unlabeled_background,background_proxy,0
background_only,1702,NEU_BKG_001545,Montana,-106.63452696065121,48.46527078212925,neutral,neutral_unlabeled_background,background_proxy,0
background_only,1703,NEU_BKG_001546,Montana,-104.12476811573683,48.049304830407294,neutral,neutral_unlabeled_background,background_proxy,0
background_only,1704,NEU_BKG_001547,Montana,-108.72570871213478,47.61374806772079,neutral,neutral_unlabeled_background,background_proxy,0
background_only,1705,NEU_BKG_001548,Montana,-105.87741216867325,46.54093083214241,neutral,neutral_unlabeled_background,background_proxy,0
background_only,1706,NEU_BKG_001549,Montana,-113.91631851871983,47.67415658999797,neutral,neutral_unlabeled_background,background_proxy,0
background_only,1707,NEU_BKG_001550,Montana,-104.37383553636795,48.139362559710925,neutral,neutral_unlabeled_background,background_proxy,0
background_only,1708,NEU_BKG_001551,Montana,-112.34426999814116,47.440851703234856,neutral,neutral_unlabeled_background,background_proxy,0
background_only,1709,NEU_BKG_001552,Montana,-104.12989616638559,48.4713617152621,neutral,neutral_unlabeled_background,background_proxy,0
background_only,1710,NEU_BKG_001553,Montana,-107.4655616269159,48.152405803332535,neutral,neutral_unlabeled_background,background_proxy,0
background_only,1711,NEU_BKG_001554,Montana,-113.00562460050271,48.303605888118646,neutral,neutral_unlabeled_background,background_proxy,0
background_only,1712,NEU_BKG_001555,Montana,-104.93444762354885,47.931538369327065,neutral,neutral_unlabeled_background,background_proxy,0
background_only,1713,NEU_BKG_001556,Montana,-105.1646631153732,48.89059370893328,neutral,neutral_unlabeled_background,background_proxy,0
background_only,1714,NEU_BKG_001557,Montana,-104.8980990234129,45.593305810327394,neutral,neutral_unlabeled_background,background_proxy,0
background_only,1715,NEU_BKG_001558,Montana,-105.06165906453738,45.5053949826452,neutral,neutral_unlabeled_background,background_proxy,0
background_only,1716,NEU_BKG_001559,Montana,-109.97129469049472,46.37296868845186,neutral,neutral_unlabeled_background,background_proxy,0
background_only,1717,NEU_BKG_001560,Montana,-107.91971235290211,48.698907011940975,neutral,neutral_unlabeled_background,background_proxy,0
background_only,1718,NEU_BKG_001561,California,-119.86363336164041,36.479778503298064,neutral,neutral_unlabeled_background,background_proxy,0
background_only,1719,NEU_BKG_001562,California,-120.01267096889565,41.1529809646671,neutral,neutral_unlabeled_background,background_proxy,0
background_only,1720,NEU_BKG_001563,California,-120.03760731973041,36.441131270299465,neutral,neutral_unlabeled_background,background_proxy,0
background_only,1721,NEU_BKG_001564,California,-121.78943752199002,38.41845230298369,neutral,neutral_unlabeled_background,background_proxy,0
background_only,1722,NEU_BKG_001565,California,-121.03679292289667,37.05443122084892,neutral,neutral_unlabeled_background,background_proxy,0
background_only,1723,NEU_BKG_001566,California,-119.68568105569085,36.5098345306694,neutral,neutral_unlabeled_background,background_proxy,0
background_only,1724,NEU_BKG_001567,California,-119.41764704180898,36.21662055280374,neutral,neutral_unlabeled_background,background_proxy,0
background_only,1725,NEU_BKG_001568,California,-122.25306611475362,41.82156804211007,neutral,neutral_unlabeled_background,background_proxy,0
background_only,1726,NEU_BKG_001569,California,-118.243268047848,36.23270415522131,neutral,neutral_unlabeled_background,background_proxy,0
background_only,1727,NEU_BKG_001570,California,-119.74507988992252,34.04552177401134,neutral,neutral_unlabeled_background,background_proxy,0
background_only,1728,NEU_BKG_001571,California,-119.57235035104284,35.93498737200838,neutral,neutral_unlabeled_background,background_proxy,0
background_only,1729,NEU_BKG_001572,California,-121.51088557841607,38.115943717870024,neutral,neutral_unlabeled_background,background_proxy,0
background_only,1730,NEU_BKG_001573,California,-121.7760022636012,38.42316048373445,neutral,neutral_unlabeled_background,background_proxy,0
background_only,1731,NEU_BKG_001574,California,-116.9593699456517,35.489214614681565,neutral,neutral_unlabeled_background,background_proxy,0
background_only,1732,NEU_BKG_001575,California,-123.56935474519021,39.554486509680956,neutral,neutral_unlabeled_background,background_proxy,0
background_only,1733,NEU_BKG_001576,California,-119.92912531554086,35.04330335261138,neutral,neutral_unlabeled_background,background_proxy,0
background_only,1734,NEU_BKG_001577,California,-119.52608686894352,36.297566867485045,neutral,neutral_unlabeled_background,background_proxy,0
background_only,1735,NEU_BKG_001578,California,-119.61782624180346,37.909017335507166,neutral,neutral_unlabeled_background,background_proxy,0
background_only,1736,NEU_BKG_001579,California,-120.18832082266218,36.74248751567341,neutral,neutral_unlabeled_background,background_proxy,0
background_only,1737,NEU_BKG_001580,California,-116.93040101475945,35.46875535486076,neutral,neutral_unlabeled_background,background_proxy,0
mixed_50_50,0,POS_10026848,Arizona,-110.798,33.0662,positive,,,1
mixed_50_50,1,POS_10026888,Arizona,-109.535,32.88149,positive,,,1
mixed_50_50,2,POS_10026923,Arizona,-111.857,34.48255,positive,,,1
mixed_50_50,3,POS_10027008,Arizona,-109.653,32.94593,positive,,,1
mixed_50_50,4,POS_10027031,Arizona,-109.606,32.94177,positive,,,1
mixed_50_50,5,POS_10037125,Arizona,-112.334,34.36394,positive,,,1
mixed_50_50,6,POS_10039593,Arizona,-111.073,31.98651,positive,,,1
mixed_50_50,7,POS_10039668,Arizona,-111.082,32.02762,positive,,,1
mixed_50_50,8,POS_10039675,Arizona,-111.079,32.14568,positive,,,1
mixed_50_50,9,POS_10039684,Arizona,-111.538,32.41622,positive,,,1
mixed_50_50,10,POS_10039685,Arizona,-111.503,32.39705,positive,,,1
mixed_50_50,11,POS_10039895,Arizona,-111.533,32.44094,positive,,,1
mixed_50_50,12,POS_10046235,Arizona,-109.902,31.43708,positive,,,1
mixed_50_50,13,POS_10046238,Arizona,-109.899,31.43264,positive,,,1
mixed_50_50,14,POS_10046248,Arizona,-109.915,31.44097,positive,,,1
mixed_50_50,15,POS_10046282,Arizona,-112.055,32.58927,positive,,,1
mixed_50_50,16,POS_10048292,Arizona,-109.361,33.11371,positive,,,1
mixed_50_50,17,POS_10048337,Arizona,-110.719,31.50375,positive,,,1
mixed_50_50,18,POS_10048777,Arizona,-110.031,32.09012,positive,,,1
mixed_50_50,19,POS_10067172,Arizona,-111.58,33.11398,positive,,,1
mixed_50_50,20,POS_10072137,Arizona,-112.584,34.49172,positive,,,1
mixed_50_50,21,POS_10095027,Arizona,-110.578,32.38733,positive,,,1
mixed_50_50,22,POS_10096999,Arizona,-109.675,32.96149,positive,,,1
mixed_50_50,23,POS_10104070,Arizona,-109.987,31.48875,positive,,,1
mixed_50_50,24,POS_10104088,Arizona,-110.942,33.33425,positive,,,1
mixed_50_50,25,POS_10111429,Arizona,-111.064,31.99234,positive,,,1
mixed_50_50,26,POS_10113259,Arizona,-110.693,32.6837,positive,,,1
mixed_50_50,27,POS_10113316,Arizona,-111.882,32.89979,positive,,,1
mixed_50_50,28,POS_10113726,Arizona,-111.216,33.03569,positive,,,1
mixed_50_50,29,POS_10113911,Arizona,-114.15,35.36422,positive,,,1
mixed_50_50,30,POS_10137553,Arizona,-111.065,33.30539,positive,,,1
mixed_50_50,31,POS_10137918,Arizona,-111.149,31.87152,positive,,,1
mixed_50_50,32,POS_10161929,Arizona,-111.502,32.39371,positive,,,1
mixed_50_50,33,POS_10162257,Arizona,-111.901,32.5168,positive,,,1
mixed_50_50,34,POS_10162326,Arizona,-113.209,34.58474,positive,,,1
mixed_50_50,35,POS_10184420,Arizona,-110.876,33.40698,positive,,,1
mixed_50_50,36,POS_10185792,Arizona,-110.905,33.40978,positive,,,1
mixed_50_50,37,POS_10186051,Arizona,-110.887,33.40818,positive,,,1
mixed_50_50,38,POS_10186598,Arizona,-111.431,33.04785,positive,,,1
mixed_50_50,39,POS_10209543,Arizona,-109.623,32.93085,positive,,,1
mixed_50_50,40,POS_10209824,Arizona,-110.903,33.34178,positive,,,1
mixed_50_50,41,POS_10210616,Arizona,-110.992,33.18315,positive,,,1
mixed_50_50,42,POS_10210685,Arizona,-110.759,31.83263,positive,,,1
mixed_50_50,43,POS_10234135,Arizona,-110.742,33.05899,positive,,,1
mixed_50_50,44,POS_10234825,Arizona,-111.051,31.90822,positive,,,1
mixed_50_50,45,POS_10257231,Arizona,-110.882,33.44588,positive,,,1
mixed_50_50,46,POS_10258292,Arizona,-110.965,33.41228,positive,,,1
mixed_50_50,47,POS_10282444,Arizona,-109.354,33.089,positive,,,1
mixed_50_50,48,POS_10282707,Arizona,-109.908,31.44044,positive,,,1
mixed_50_50,49,POS_10282908,Arizona,-110.876,33.39178,positive,,,1
mixed_50_50,50,POS_10283179,Arizona,-111.817,32.95465,positive,,,1
mixed_50_50,51,POS_10283204,Arizona,-112.869,32.354,positive,,,1
mixed_50_50,52,POS_10400304,Arizona,-112.346,34.0375,positive,,,1
mixed_50_50,53,POS_10400314,Arizona,-109.654,32.9468,positive,,,1
mixed_50_50,54,POS_10400395,Arizona,-110.998,33.378,positive,,,1
mixed_50_50,55,POS_60000203,Arizona,-110.784,31.86683,positive,,,1
mixed_50_50,56,POS_60000298,Arizona,-111.541,32.42041,positive,,,1
mixed_50_50,57,POS_60000891,Arizona,-111.084,31.96682,positive,,,1
mixed_50_50,58,POS_10109418,California,-120.775,40.2032,positive,,,1
mixed_50_50,59,POS_10261965,California,-120.784,40.21657,positive,,,1
mixed_50_50,60,POS_10008353,Colorado,-108.001,37.85,positive,,,1
mixed_50_50,61,POS_10012295,Colorado,-105.373,38.11807,positive,,,1
mixed_50_50,62,POS_10264283,Colorado,-108.089,37.40671,positive,,,1
mixed_50_50,63,POS_10400263,Colorado,-105.487,37.57174,positive,,,1
mixed_50_50,64,POS_10078685,Idaho,-115.784,44.03598,positive,,,1
mixed_50_50,65,POS_10089294,Idaho,-113.669,43.89197,positive,,,1
mixed_50_50,66,POS_10096858,Idaho,-113.995,45.35629,positive,,,1
mixed_50_50,67,POS_10193063,Idaho,-113.675,43.88977,positive,,,1
mixed_50_50,68,POS_10173000,Montana,-112.527,46.0202,positive,,,1
mixed_50_50,69,POS_10221947,Montana,-112.363,47.0233,positive,,,1
mixed_50_50,70,POS_60001622,Montana,-112.53,46.0249,positive,,,1
mixed_50_50,71,POS_10037318,Nevada,-115.024,39.26133,positive,,,1
mixed_50_50,72,POS_10037319,Nevada,-115.021,39.25994,positive,,,1
mixed_50_50,73,POS_10037320,Nevada,-114.999,39.25772,positive,,,1
mixed_50_50,74,POS_10037321,Nevada,-115.031,39.263,positive,,,1
mixed_50_50,75,POS_10044011,Nevada,-117.034,40.61768,positive,,,1
mixed_50_50,76,POS_10044060,Nevada,-117.201,40.61657,positive,,,1
mixed_50_50,77,POS_10047445,Nevada,-117.741,40.29434,positive,,,1
mixed_50_50,78,POS_10047487,Nevada,-119.109,39.84295,positive,,,1
mixed_50_50,79,POS_10047490,Nevada,-119.103,39.896,positive,,,1
mixed_50_50,80,POS_10048830,Nevada,-119.271,38.95991,positive,,,1
mixed_50_50,81,POS_10080427,Nevada,-114.972,39.25772,positive,,,1
mixed_50_50,82,POS_10149678,Nevada,-119.194,38.98351,positive,,,1
mixed_50_50,83,POS_10310303,Nevada,-117.143,40.50851,positive,,,1
mixed_50_50,84,POS_10310307,Nevada,-117.126,40.545,positive,,,1
mixed_50_50,85,POS_10310327,Nevada,-117.037,40.61212,positive,,,1
mixed_50_50,86,POS_10310360,Nevada,-117.952,38.78159,positive,,,1
mixed_50_50,87,POS_10310385,Nevada,-119.271,38.95991,positive,,,1
mixed_50_50,88,POS_10310387,Nevada,-119.241,39.04741,positive,,,1
mixed_50_50,89,POS_10310388,Nevada,-119.185,39.01491,positive,,,1
mixed_50_50,90,POS_10310402,Nevada,-114.999,39.25661,positive,,,1
mixed_50_50,91,POS_10310421,Nevada,-117.125,40.5473,positive,,,1
mixed_50_50,92,POS_10310428,Nevada,-115.101,39.79993,positive,,,1
mixed_50_50,93,POS_10310521,Nevada,-114.776,41.78056,positive,,,1
mixed_50_50,94,POS_10310523,Nevada,-114.552,40.32909,positive,,,1
mixed_50_50,95,POS_10310559,Nevada,-118.097,38.50798,positive,,,1
mixed_50_50,96,POS_60000966,Nevada,-114.999,39.25664,positive,,,1
mixed_50_50,97,POS_60001009,Nevada,-117.143,40.5085,positive,,,1
mixed_50_50,98,POS_60001650,Nevada,-114.996,39.25684,positive,,,1
mixed_50_50,99,POS_10012285,New Mexico,-108.373,32.6404,positive,,,1
mixed_50_50,100,POS_10064808,New Mexico,-108.098,32.85289,positive,,,1
mixed_50_50,101,POS_10087992,New Mexico,-108.066,32.794,positive,,,1
mixed_50_50,102,POS_10097383,New Mexico,-108.097,32.84761,positive,,,1
mixed_50_50,103,POS_10097911,New Mexico,-108.08,32.85428,positive,,,1
mixed_50_50,104,POS_10150841,New Mexico,-107.542,32.96821,positive,,,1
mixed_50_50,105,POS_10174772,New Mexico,-108.373,32.63622,positive,,,1
mixed_50_50,106,POS_10033433,Oregon,-118.093,44.22486,positive,,,1
mixed_50_50,107,POS_10036279,Oregon,-118.663,42.01793,positive,,,1
mixed_50_50,108,POS_10040246,Oregon,-118.651,42.12793,positive,,,1
mixed_50_50,109,POS_10053081,Oregon,-118.711,42.2507,positive,,,1
mixed_50_50,110,POS_10095161,Oregon,-118.217,44.30264,positive,,,1
mixed_50_50,111,POS_10042180,Utah,-112.103,39.89856,positive,,,1
mixed_50_50,112,POS_10069296,Utah,-112.146,40.52077,positive,,,1
mixed_50_50,113,POS_10101379,Utah,-113.131,38.48329,positive,,,1
mixed_50_50,114,POS_10129805,Utah,-112.146,40.52074,positive,,,1
mixed_50_50,115,POS_60000887,Utah,-112.151,40.51664,positive,,,1
mixed_50_50,116,POS_10008482,Washington,-121.256,47.42482,positive,,,1
mixed_50_50,117,POS_10008495,Washington,-120.98,48.1976,positive,,,1
mixed_50_50,118,POS_10009065,Washington,-121.559,48.22509,positive,,,1
mixed_50_50,119,POS_10036827,Washington,-121.594,47.91592,positive,,,1
mixed_50_50,120,POS_10041702,Washington,-120.583,48.45038,positive,,,1
mixed_50_50,121,POS_10042397,Washington,-120.975,47.50121,positive,,,1
mixed_50_50,122,POS_10047804,Washington,-121.133,48.97288,positive,,,1
mixed_50_50,123,POS_10047836,Washington,-121.79,46.36064,positive,,,1
mixed_50_50,124,POS_10048437,Washington,-121.218,48.35482,positive,,,1
mixed_50_50,125,POS_10048438,Washington,-120.557,48.21843,positive,,,1
mixed_50_50,126,POS_10048439,Washington,-121.125,47.37538,positive,,,1
mixed_50_50,127,POS_10048440,Washington,-121.662,47.689,positive,,,1
mixed_50_50,128,POS_10048441,Washington,-121.335,47.45482,positive,,,1
mixed_50_50,129,POS_10048444,Washington,-121.346,47.51792,positive,,,1
mixed_50_50,130,POS_10048445,Washington,-121.415,46.87899,positive,,,1
mixed_50_50,131,POS_10048446,Washington,-121.416,47.95288,positive,,,1
mixed_50_50,132,POS_10048447,Washington,-120.886,48.15843,positive,,,1
mixed_50_50,133,POS_10048448,Washington,-120.857,48.27176,positive,,,1
mixed_50_50,134,POS_10048449,Washington,-120.418,48.76177,positive,,,1
mixed_50_50,135,POS_10048588,Washington,-121.413,47.94426,positive,,,1
mixed_50_50,136,POS_10048594,Washington,-121.404,47.94565,positive,,,1
mixed_50_50,137,POS_10048596,Washington,-120.944,48.17788,positive,,,1
mixed_50_50,138,POS_10048601,Washington,-121.151,47.98315,positive,,,1
mixed_50_50,139,POS_10048648,Washington,-121.471,46.52065,positive,,,1
mixed_50_50,140,POS_10048655,Washington,-121.34,47.52093,positive,,,1
mixed_50_50,141,POS_10055922,Washington,-121.346,47.51788,positive,,,1
mixed_50_50,142,POS_10055923,Washington,-121.369,47.49649,positive,,,1
mixed_50_50,143,POS_10056009,Washington,-120.383,48.61455,positive,,,1
mixed_50_50,144,POS_10095364,Washington,-121.505,48.00841,positive,,,1
mixed_50_50,145,POS_10095811,Washington,-121.357,46.79399,positive,,,1
mixed_50_50,146,POS_10097315,Washington,-122.082,46.3562,positive,,,1
mixed_50_50,147,POS_10101419,Washington,-121.35,46.76871,positive,,,1
mixed_50_50,148,POS_10107717,Washington,-121.24,47.55899,positive,,,1
mixed_50_50,149,POS_10107742,Washington,-120.32,48.79066,positive,,,1
mixed_50_50,150,POS_10131061,Washington,-121.35,47.51152,positive,,,1
mixed_50_50,151,POS_10277595,Washington,-122.084,46.35591,positive,,,1
mixed_50_50,152,POS_10301870,Washington,-122.077,46.35791,positive,,,1
mixed_50_50,153,POS_10106252,Wyoming,-105.186,41.14469,positive,,,1
mixed_50_50,154,POS_10133042,Wyoming,-109.285,43.87493,positive,,,1
mixed_50_50,155,POS_10400361,Wyoming,-109.638,44.0318,positive,,,1
mixed_50_50,156,POS_60000972,Wyoming,-105.189,41.145,positive,,,1
mixed_50_50,157,POS_60001624,Wyoming,-109.303,43.873,positive,,,1
mixed_50_50,158,NEG_KMN_AR_00002,Arizona,-111.25539594529528,33.89380168337428,negative,known_mining_area_nearby_negative,hard_mrds,0
mixed_50_50,159,NEG_KMN_AR_00003,Arizona,-113.3508863667285,34.33245613730309,negative,known_mining_area_nearby_negative,hard_mrds,0
mixed_50_50,160,NEG_KMN_AR_00005,Arizona,-109.67002471522107,31.841468979441466,negative,known_mining_area_nearby_negative,hard_mrds,0
mixed_50_50,161,NEG_KMN_AR_00007,Arizona,-111.9960892550103,35.15992995082598,negative,known_mining_area_nearby_negative,hard_mrds,0
mixed_50_50,162,NEG_KMN_AR_00008,Arizona,-114.41978717413019,33.65361307270258,negative,known_mining_area_nearby_negative,hard_mrds,0
mixed_50_50,163,NEG_KMN_AR_00009,Arizona,-109.96687429668202,32.3430416642081,negative,known_mining_area_nearby_negative,hard_mrds,0
mixed_50_50,164,NEG_KMN_AR_00011,Arizona,-113.86855179272357,33.736813940475606,negative,known_mining_area_nearby_negative,hard_mrds,0
mixed_50_50,165,NEG_KMN_AR_00013,Arizona,-109.50086199309169,32.438075949991244,negative,known_mining_area_nearby_negative,hard_mrds,0
mixed_50_50,166,NEG_KMN_AR_00016,Arizona,-111.8755460806803,33.48126629069485,negative,known_mining_area_nearby_negative,hard_mrds,0
mixed_50_50,167,NEG_KMN_AR_00019,Arizona,-112.32959908326097,31.767950840803504,negative,known_mining_area_nearby_negative,hard_mrds,0
mixed_50_50,168,NEG_KMN_AR_00025,Arizona,-109.23485996726362,32.28976431006278,negative,known_mining_area_nearby_negative,hard_mrds,0
mixed_50_50,169,NEG_KMN_AR_00026,Arizona,-112.27421980669334,32.15399833454063,negative,known_mining_area_nearby_negative,hard_mrds,0
mixed_50_50,170,NEG_KMN_AR_00030,Arizona,-110.72075098230994,33.98122252259555,negative,known_mining_area_nearby_negative,hard_mrds,0
mixed_50_50,171,NEG_KMN_AR_00032,Arizona,-113.19343745010667,34.38451797094258,negative,known_mining_area_nearby_negative,hard_mrds,0
mixed_50_50,172,NEG_KMN_AR_00033,Arizona,-114.47954422459628,32.405833022312166,negative,known_mining_area_nearby_negative,hard_mrds,0
mixed_50_50,173,NEG_KMN_AR_00034,Arizona,-112.02585201143961,33.73274621812334,negative,known_mining_area_nearby_negative,hard_mrds,0
mixed_50_50,174,NEG_KMN_AR_00036,Arizona,-112.54303053953339,32.24593096402476,negative,known_mining_area_nearby_negative,hard_mrds,0
mixed_50_50,175,NEG_KMN_AR_00039,Arizona,-114.05296094000937,34.92633956891299,negative,known_mining_area_nearby_negative,hard_mrds,0
mixed_50_50,176,NEG_KMN_AR_00041,Arizona,-113.6745030942676,34.55287716112817,negative,known_mining_area_nearby_negative,hard_mrds,0
mixed_50_50,177,NEG_KMN_AR_00042,Arizona,-112.98006063256912,33.80294030289286,negative,known_mining_area_nearby_negative,hard_mrds,0
mixed_50_50,178,NEG_KMN_AR_00043,Arizona,-109.31332285667088,36.90257820606173,negative,known_mining_area_nearby_negative,hard_mrds,0
mixed_50_50,179,NEG_KMN_AR_00044,Arizona,-114.60438566577295,32.585874127891664,negative,known_mining_area_nearby_negative,hard_mrds,0
mixed_50_50,180,NEG_KMN_AR_00045,Arizona,-111.75062340888906,35.47440425261435,negative,known_mining_area_nearby_negative,hard_mrds,0
mixed_50_50,181,NEG_KMN_AR_00048,Arizona,-110.76884069901547,33.90027127142149,negative,known_mining_area_nearby_negative,hard_mrds,0
mixed_50_50,182,NEG_KMN_AR_00049,Arizona,-114.21609872302554,32.62670748558803,negative,known_mining_area_nearby_negative,hard_mrds,0
mixed_50_50,183,NEG_KMN_AR_00051,Arizona,-109.11328433563745,32.28317044485465,negative,known_mining_area_nearby_negative,hard_mrds,0
mixed_50_50,184,NEG_KMN_AR_00052,Arizona,-111.47987637042831,35.328756681380106,negative,known_mining_area_nearby_negative,hard_mrds,0
mixed_50_50,185,NEG_KMN_AR_00053,Arizona,-110.99528440856534,34.152243060832475,negative,known_mining_area_nearby_negative,hard_mrds,0
mixed_50_50,186,NEG_KMN_AR_00058,Arizona,-112.36968026949967,36.98489346692453,negative,known_mining_area_nearby_negative,hard_mrds,0
mixed_50_50,187,NEG_KMN_AR_00062,Arizona,-109.09323360575286,36.93562241820802,negative,known_mining_area_nearby_negative,hard_mrds,0
mixed_50_50,188,NEG_KMN_AR_00063,Arizona,-112.38549702050989,35.640861453546144,negative,known_mining_area_nearby_negative,hard_mrds,0
mixed_50_50,189,NEG_KMN_AR_00064,Arizona,-113.65842178547075,32.973845487261016,negative,known_mining_area_nearby_negative,hard_mrds,0
mixed_50_50,190,NEG_KMN_AR_00065,Arizona,-112.19608179410977,33.74424722709842,negative,known_mining_area_nearby_negative,hard_mrds,0
mixed_50_50,191,NEG_KMN_AR_00066,Arizona,-111.61050685891462,35.42713423930427,negative,known_mining_area_nearby_negative,hard_mrds,0
mixed_50_50,192,NEG_KMN_AR_00068,Arizona,-114.78567950560421,32.566493822152566,negative,known_mining_area_nearby_negative,hard_mrds,0
mixed_50_50,193,NEG_KMN_AR_00069,Arizona,-110.26878032420927,32.94226607504033,negative,known_mining_area_nearby_negative,hard_mrds,0
mixed_50_50,194,NEG_KMN_AR_00070,Arizona,-109.65595048722832,31.608946276812475,negative,known_mining_area_nearby_negative,hard_mrds,0
mixed_50_50,195,NEG_KMN_AR_00072,Arizona,-113.99563198338706,33.97776135654101,negative,known_mining_area_nearby_negative,hard_mrds,0
mixed_50_50,196,NEG_KMN_AR_00075,Arizona,-110.03175966058734,35.73386178919476,negative,known_mining_area_nearby_negative,hard_mrds,0
mixed_50_50,197,NEG_KMN_AR_00078,Arizona,-111.81878233578459,34.01343878677741,negative,known_mining_area_nearby_negative,hard_mrds,0
mixed_50_50,198,NEG_KMN_AR_00079,Arizona,-114.29710205902876,32.55013454631859,negative,known_mining_area_nearby_negative,hard_mrds,0
mixed_50_50,199,NEG_KMN_AR_00084,Arizona,-112.82374755689398,33.772918131495864,negative,known_mining_area_nearby_negative,hard_mrds,0
mixed_50_50,200,NEG_KMN_AR_00086,Arizona,-113.88203001640949,36.920911345640704,negative,known_mining_area_nearby_negative,hard_mrds,0
mixed_50_50,201,NEG_KMN_AR_00088,Arizona,-110.58301782590217,33.92883054474823,negative,known_mining_area_nearby_negative,hard_mrds,0
mixed_50_50,202,NEG_KMN_AR_00090,Arizona,-114.0637141151472,32.95219621259111,negative,known_mining_area_nearby_negative,hard_mrds,0
mixed_50_50,203,NEG_KMN_AR_00094,Arizona,-113.21064616055361,33.848111341365694,negative,known_mining_area_nearby_negative,hard_mrds,0
mixed_50_50,204,NEG_KMN_AR_00095,Arizona,-110.44764669650044,34.91922519762749,negative,known_mining_area_nearby_negative,hard_mrds,0
mixed_50_50,205,NEG_KMN_AR_00099,Arizona,-113.91782876276784,32.99221137150596,negative,known_mining_area_nearby_negative,hard_mrds,0
mixed_50_50,206,NEG_KMN_AR_00100,Arizona,-112.12689193721741,33.58334816049049,negative,known_mining_area_nearby_negative,hard_mrds,0
mixed_50_50,207,NEG_KMN_AR_00102,Arizona,-109.68411351470189,31.58862272719606,negative,known_mining_area_nearby_negative,hard_mrds,0
mixed_50_50,208,NEG_KMN_AR_00105,Arizona,-114.14398903739027,33.83196103433381,negative,known_mining_area_nearby_negative,hard_mrds,0
mixed_50_50,209,NEG_KMN_AR_00109,Arizona,-110.30240765241507,31.884263257518583,negative,known_mining_area_nearby_negative,hard_mrds,0
mixed_50_50,210,NEG_KMN_AR_00110,Arizona,-113.39573778507861,35.204648989925644,negative,known_mining_area_nearby_negative,hard_mrds,0
mixed_50_50,211,NEG_KMN_AR_00111,Arizona,-114.50809051868112,35.20022354865824,negative,known_mining_area_nearby_negative,hard_mrds,0
mixed_50_50,212,NEG_KMN_AR_00112,Arizona,-111.10829301108049,35.9769280324848,negative,known_mining_area_nearby_negative,hard_mrds,0
mixed_50_50,213,NEG_KMN_AR_00114,Arizona,-109.24593363918319,32.24648125544199,negative,known_mining_area_nearby_negative,hard_mrds,0
mixed_50_50,214,NEG_KMN_AR_00116,Arizona,-110.44120795146205,35.00035200101028,negative,known_mining_area_nearby_negative,hard_mrds,0
mixed_50_50,215,NEG_KMN_AR_00119,Arizona,-111.11214290825285,33.9285644689445,negative,known_mining_area_nearby_negative,hard_mrds,0
mixed_50_50,216,NEG_KMN_AR_00123,Arizona,-109.65532451742052,33.586032632061745,negative,known_mining_area_nearby_negative,hard_mrds,0
mixed_50_50,217,NEG_KMN_AR_00125,Arizona,-109.86458931465916,33.55418382333575,negative,known_mining_area_nearby_negative,hard_mrds,0
mixed_50_50,218,NEG_KMN_AR_00128,Arizona,-113.374325128299,33.63950971335341,negative,known_mining_area_nearby_negative,hard_mrds,0
mixed_50_50,219,NEG_KMN_AR_00130,Arizona,-111.34397615486387,33.66578286850676,negative,known_mining_area_nearby_negative,hard_mrds,0
mixed_50_50,220,NEG_KMN_AR_00132,Arizona,-111.3543616151477,32.68046529614856,negative,known_mining_area_nearby_negative,hard_mrds,0
mixed_50_50,221,NEG_KMN_AR_00141,Arizona,-110.38506790474446,31.9497977707106,negative,known_mining_area_nearby_negative,hard_mrds,0
mixed_50_50,222,NEG_KMN_AR_00144,Arizona,-110.1216808358289,36.818271278249085,negative,known_mining_area_nearby_negative,hard_mrds,0
mixed_50_50,223,NEG_KMN_AR_00148,Arizona,-114.46299130937109,32.691473276258925,negative,known_mining_area_nearby_negative,hard_mrds,0
mixed_50_50,224,NEG_KMN_AR_00150,Arizona,-109.52997113407429,33.83265119926121,negative,known_mining_area_nearby_negative,hard_mrds,0
mixed_50_50,225,NEG_KMN_AR_00151,Arizona,-111.65751456988124,35.75750968528545,negative,known_mining_area_nearby_negative,hard_mrds,0
mixed_50_50,226,NEG_KMN_AR_00153,Arizona,-111.68204007401926,34.20316981298438,negative,known_mining_area_nearby_negative,hard_mrds,0
mixed_50_50,227,NEG_KMN_AR_00156,Arizona,-111.79066617132673,35.302917695176276,negative,known_mining_area_nearby_negative,hard_mrds,0
mixed_50_50,228,NEG_KMN_AR_00157,Arizona,-114.66351557849282,32.715291364572856,negative,known_mining_area_nearby_negative,hard_mrds,0
mixed_50_50,229,NEG_KMN_AR_00160,Arizona,-114.15208923905732,33.92148215564424,negative,known_mining_area_nearby_negative,hard_mrds,0
mixed_50_50,230,NEG_KMN_AR_00161,Arizona,-110.09287498775319,34.760307166112604,negative,known_mining_area_nearby_negative,hard_mrds,0
mixed_50_50,231,NEG_KMN_AR_00162,Arizona,-109.56351351099403,32.455750772258334,negative,known_mining_area_nearby_negative,hard_mrds,0
mixed_50_50,232,NEG_KMN_AR_00163,Arizona,-111.72639750104145,35.423491718157656,negative,known_mining_area_nearby_negative,hard_mrds,0
mixed_50_50,233,NEG_KMN_AR_00164,Arizona,-112.47005863226093,33.20501197545384,negative,known_mining_area_nearby_negative,hard_mrds,0
mixed_50_50,234,NEG_KMN_AR_00167,Arizona,-110.27629667847958,32.267937032096434,negative,known_mining_area_nearby_negative,hard_mrds,0
mixed_50_50,235,NEG_KMN_AR_00168,Arizona,-114.25056384687116,32.42688023374431,negative,known_mining_area_nearby_negative,hard_mrds,0
mixed_50_50,236,NEG_KMN_AR_00171,Arizona,-111.1423898107355,35.28592331542548,negative,known_mining_area_nearby_negative,hard_mrds,0
mixed_50_50,237,NEG_KMN_AR_00175,Arizona,-109.84490903375865,33.86716217757295,negative,known_mining_area_nearby_negative,hard_mrds,0
mixed_50_50,238,NEG_KMN_AR_00176,Arizona,-110.98778284175853,34.19856499705161,negative,known_mining_area_nearby_negative,hard_mrds,0
mixed_50_50,239,NEG_KMN_AR_00177,Arizona,-109.46430481251411,36.73199536091685,negative,known_mining_area_nearby_negative,hard_mrds,0
mixed_50_50,240,NEG_KMN_AR_00178,Arizona,-110.87655361732237,34.029982850430855,negative,known_mining_area_nearby_negative,hard_mrds,0
mixed_50_50,241,NEG_KMN_AR_00185,Arizona,-109.35123722651366,36.263684945861556,negative,known_mining_area_nearby_negative,hard_mrds,0
mixed_50_50,242,NEG_KMN_AR_00189,Arizona,-109.21678323834999,36.50525560719019,negative,known_mining_area_nearby_negative,hard_mrds,0
mixed_50_50,243,NEG_KMN_AR_00190,Arizona,-111.8381335212373,35.14902267528643,negative,known_mining_area_nearby_negative,hard_mrds,0
mixed_50_50,244,NEG_KMN_AR_00192,Arizona,-113.56977912566276,33.70667621282409,negative,known_mining_area_nearby_negative,hard_mrds,0
mixed_50_50,245,NEG_KMN_AR_00193,Arizona,-113.5141810908176,33.68265530691346,negative,known_mining_area_nearby_negative,hard_mrds,0
mixed_50_50,246,NEG_KMN_AR_00194,Arizona,-113.0562979516692,33.701371595582195,negative,known_mining_area_nearby_negative,hard_mrds,0
mixed_50_50,247,NEG_KMN_AR_00195,Arizona,-113.46512850703209,33.90551685461772,negative,known_mining_area_nearby_negative,hard_mrds,0
mixed_50_50,248,NEG_KMN_AR_00197,Arizona,-111.50374132363072,31.925661887288733,negative,known_mining_area_nearby_negative,hard_mrds,0
mixed_50_50,249,NEG_KMN_AR_00198,Arizona,-111.47002644251211,34.14864637213514,negative,known_mining_area_nearby_negative,hard_mrds,0
mixed_50_50,250,NEG_KMN_AR_00199,Arizona,-113.38166576843975,34.37159446225667,negative,known_mining_area_nearby_negative,hard_mrds,0
mixed_50_50,251,NEG_KMN_AR_00202,Arizona,-112.73751063251814,33.88471058854876,negative,known_mining_area_nearby_negative,hard_mrds,0
mixed_50_50,252,NEG_KMN_AR_00203,Arizona,-111.5053418709166,34.67452041222,negative,known_mining_area_nearby_negative,hard_mrds,0
mixed_50_50,253,NEG_KMN_AR_00204,Arizona,-113.3295944132476,33.748659781391595,negative,known_mining_area_nearby_negative,hard_mrds,0
mixed_50_50,254,NEG_KMN_AR_00205,Arizona,-113.20268288461995,32.97997044555952,negative,known_mining_area_nearby_negative,hard_mrds,0
mixed_50_50,255,NEG_KMN_AR_00207,Arizona,-110.20596575029617,33.79430992517678,negative,known_mining_area_nearby_negative,hard_mrds,0
mixed_50_50,256,NEG_KMN_AR_00214,Arizona,-110.55622986606323,33.774653252738524,negative,known_mining_area_nearby_negative,hard_mrds,0
mixed_50_50,257,NEG_KMN_AR_00219,Arizona,-113.55397918345363,32.894593387258034,negative,known_mining_area_nearby_negative,hard_mrds,0
mixed_50_50,258,NEG_KMN_AR_00220,Arizona,-114.46287775462179,32.59517799004777,negative,known_mining_area_nearby_negative,hard_mrds,0
mixed_50_50,259,NEG_KMN_AR_00223,Arizona,-112.10171309115503,31.862456869864644,negative,known_mining_area_nearby_negative,hard_mrds,0
mixed_50_50,260,NEG_KMN_AR_00225,Arizona,-111.68942146603734,35.27395430859219,negative,known_mining_area_nearby_negative,hard_mrds,0
mixed_50_50,261,NEG_KMN_AR_00228,Arizona,-112.30699972926709,34.868339274104684,negative,known_mining_area_nearby_negative,hard_mrds,0
mixed_50_50,262,NEG_KMN_AR_00230,Arizona,-109.82644011703701,33.993675427890636,negative,known_mining_area_nearby_negative,hard_mrds,0
mixed_50_50,263,NEG_KMN_AR_00232,Arizona,-112.8776492106158,34.58834043321361,negative,known_mining_area_nearby_negative,hard_mrds,0
mixed_50_50,264,NEG_KMN_AR_00233,Arizona,-113.93736165546318,35.049247364562575,negative,known_mining_area_nearby_negative,hard_mrds,0
mixed_50_50,265,NEG_KMN_AR_00234,Arizona,-112.87372109057611,34.06661379501623,negative,known_mining_area_nearby_negative,hard_mrds,0
mixed_50_50,266,NEG_KMN_AR_00235,Arizona,-113.8429762611762,34.689971024469955,negative,known_mining_area_nearby_negative,hard_mrds,0
mixed_50_50,267,NEG_KMN_AR_00236,Arizona,-110.28212652121914,36.65347214800422,negative,known_mining_area_nearby_negative,hard_mrds,0
mixed_50_50,268,NEG_KMN_AR_00237,Arizona,-113.42357998898194,33.89690735398681,negative,known_mining_area_nearby_negative,hard_mrds,0
mixed_50_50,269,NEG_KMN_AR_00238,Arizona,-111.6981663519527,35.3412298055113,negative,known_mining_area_nearby_negative,hard_mrds,0
mixed_50_50,270,NEG_KMN_AR_00240,Arizona,-111.98239918815023,33.92539170014688,negative,known_mining_area_nearby_negative,hard_mrds,0
mixed_50_50,271,NEG_KMN_AR_00241,Arizona,-113.76522662700563,34.65452598933458,negative,known_mining_area_nearby_negative,hard_mrds,0
mixed_50_50,272,NEG_KMN_AR_00242,Arizona,-112.29382117323678,34.68083707816527,negative,known_mining_area_nearby_negative,hard_mrds,0
mixed_50_50,273,NEG_KMN_AR_00244,Arizona,-111.82429272854972,34.01228005477571,negative,known_mining_area_nearby_negative,hard_mrds,0
mixed_50_50,274,NEG_KMN_AR_00247,Arizona,-113.39560202695941,33.56076602156193,negative,known_mining_area_nearby_negative,hard_mrds,0
mixed_50_50,275,NEG_KMN_AR_00250,Arizona,-109.48657842407238,36.702860307031266,negative,known_mining_area_nearby_negative,hard_mrds,0
mixed_50_50,276,NEG_KMN_AR_00251,Arizona,-113.42467576758463,33.44860026027787,negative,known_mining_area_nearby_negative,hard_mrds,0
mixed_50_50,277,NEG_KMN_AR_00253,Arizona,-111.74702566046068,34.67640593927561,negative,known_mining_area_nearby_negative,hard_mrds,0
mixed_50_50,278,NEG_KMN_AR_00255,Arizona,-111.77088677881687,36.86765169267552,negative,known_mining_area_nearby_negative,hard_mrds,0
mixed_50_50,279,NEG_KMN_AR_00256,Arizona,-109.49545182434747,35.29023871326532,negative,known_mining_area_nearby_negative,hard_mrds,0
mixed_50_50,280,NEG_KMN_AR_00258,Arizona,-114.2319573359415,34.12521447245189,negative,known_mining_area_nearby_negative,hard_mrds,0
mixed_50_50,281,NEG_KMN_AR_00260,Arizona,-113.94327717001244,32.76447423330256,negative,known_mining_area_nearby_negative,hard_mrds,0
mixed_50_50,282,NEG_KMN_AR_00265,Arizona,-111.68308218656534,34.98423969286939,negative,known_mining_area_nearby_negative,hard_mrds,0
mixed_50_50,283,NEG_KMN_AR_00267,Arizona,-110.49385783791047,32.75303764143359,negative,known_mining_area_nearby_negative,hard_mrds,0
mixed_50_50,284,NEG_KMN_AR_00268,Arizona,-114.72362935421972,32.644575966105435,negative,known_mining_area_nearby_negative,hard_mrds,0
mixed_50_50,285,NEG_KMN_AR_00273,Arizona,-111.40533743840876,35.59031591837868,negative,known_mining_area_nearby_negative,hard_mrds,0
mixed_50_50,286,NEG_KMN_AR_00275,Arizona,-112.9330120648209,34.264676620021206,negative,known_mining_area_nearby_negative,hard_mrds,0
mixed_50_50,287,NEG_KMN_AR_00279,Arizona,-112.47672653120895,35.37972461611862,negative,known_mining_area_nearby_negative,hard_mrds,0
mixed_50_50,288,NEG_KMN_AR_00280,Arizona,-112.69111057316974,34.78529605833793,negative,known_mining_area_nearby_negative,hard_mrds,0
mixed_50_50,289,NEG_KMN_AR_00281,Arizona,-111.6511950013167,31.78098861014557,negative,known_mining_area_nearby_negative,hard_mrds,0
mixed_50_50,290,NEG_KMN_AR_00287,Arizona,-112.8423166820017,33.54366655674121,negative,known_mining_area_nearby_negative,hard_mrds,0
mixed_50_50,291,NEG_KMN_AR_00289,Arizona,-114.17080732392185,34.041603916574424,negative,known_mining_area_nearby_negative,hard_mrds,0
mixed_50_50,292,NEG_KMN_AR_00290,Arizona,-109.36437887619303,35.635402158132344,negative,known_mining_area_nearby_negative,hard_mrds,0
mixed_50_50,293,NEG_KMN_AR_00291,Arizona,-111.45655414234056,35.0017439973757,negative,known_mining_area_nearby_negative,hard_mrds,0
mixed_50_50,294,NEG_KMN_AR_00293,Arizona,-113.88155679921937,32.864201810096446,negative,known_mining_area_nearby_negative,hard_mrds,0
mixed_50_50,295,NEG_KMN_AR_00294,Arizona,-109.41134346583209,33.372944421017166,negative,known_mining_area_nearby_negative,hard_mrds,0
mixed_50_50,296,NEG_KMN_AR_00295,Arizona,-109.47060468566764,34.348001696781274,negative,known_mining_area_nearby_negative,hard_mrds,0
mixed_50_50,297,NEG_KMN_AR_00297,Arizona,-110.71255243234634,33.97807680449212,negative,known_mining_area_nearby_negative,hard_mrds,0
mixed_50_50,298,NEG_KMN_AR_00299,Arizona,-113.39549296928158,36.84441039894166,negative,known_mining_area_nearby_negative,hard_mrds,0
mixed_50_50,299,NEG_KMN_AR_00301,Arizona,-111.25512941738009,34.57167869431797,negative,known_mining_area_nearby_negative,hard_mrds,0
mixed_50_50,300,NEG_KMN_AR_00302,Arizona,-111.30797689908457,34.15634007731709,negative,known_mining_area_nearby_negative,hard_mrds,0
mixed_50_50,301,NEG_KMN_AR_00303,Arizona,-111.06698825133446,33.98122940459842,negative,known_mining_area_nearby_negative,hard_mrds,0
mixed_50_50,302,NEG_KMN_AR_00306,Arizona,-111.38916960705745,31.719235844860506,negative,known_mining_area_nearby_negative,hard_mrds,0
mixed_50_50,303,NEG_KMN_AR_00311,Arizona,-112.90600363132779,33.93790473335436,negative,known_mining_area_nearby_negative,hard_mrds,0
mixed_50_50,304,NEG_KMN_AR_00314,Arizona,-110.99151753197481,33.74299206671399,negative,known_mining_area_nearby_negative,hard_mrds,0
mixed_50_50,305,NEG_KMN_AR_00316,Arizona,-109.98143282224737,33.96211715185947,negative,known_mining_area_nearby_negative,hard_mrds,0
mixed_50_50,306,NEG_KMN_AR_00318,Arizona,-113.92645378632687,36.58034638529419,negative,known_mining_area_nearby_negative,hard_mrds,0
mixed_50_50,307,NEG_KMN_AR_00321,Arizona,-110.89132084401751,34.98253823324005,negative,known_mining_area_nearby_negative,hard_mrds,0
mixed_50_50,308,NEG_KMN_AR_00323,Arizona,-111.3929372395628,33.881961563774965,negative,known_mining_area_nearby_negative,hard_mrds,0
mixed_50_50,309,NEG_KMN_AR_00324,Arizona,-112.49317744505663,35.251261141217185,negative,known_mining_area_nearby_negative,hard_mrds,0
mixed_50_50,310,NEG_KMN_AR_00325,Arizona,-110.90955508623358,32.539826571362546,negative,known_mining_area_nearby_negative,hard_mrds,0
mixed_50_50,311,NEG_KMN_AR_00328,Arizona,-109.54637819830953,31.95807940561403,negative,known_mining_area_nearby_negative,hard_mrds,0
mixed_50_50,312,NEG_KMN_AR_00330,Arizona,-112.17442013424636,34.6587110586868,negative,known_mining_area_nearby_negative,hard_mrds,0
mixed_50_50,313,NEG_KMN_AR_00331,Arizona,-112.66854238155247,34.23008699194571,negative,known_mining_area_nearby_negative,hard_mrds,0
mixed_50_50,314,NEG_KMN_AR_00332,Arizona,-112.98621223188889,34.209017056870444,negative,known_mining_area_nearby_negative,hard_mrds,0
mixed_50_50,315,NEG_KMN_AR_00333,Arizona,-109.59999252049118,31.805099498255764,negative,known_mining_area_nearby_negative,hard_mrds,0
mixed_50_50,316,NEG_KMN_AR_00338,Arizona,-109.89847223620461,35.39606274965965,negative,known_mining_area_nearby_negative,hard_mrds,0
mixed_50_50,317,NEG_KMN_AR_00342,Arizona,-114.20680708868088,33.96229009672565,negative,known_mining_area_nearby_negative,hard_mrds,0
mixed_50_50,318,NEG_KMN_AR_00343,Arizona,-110.35648020708567,31.905525075153164,negative,known_mining_area_nearby_negative,hard_mrds,0
mixed_50_50,319,NEG_KMN_AR_00344,Arizona,-111.15542849433893,34.256291921746175,negative,known_mining_area_nearby_negative,hard_mrds,0
mixed_50_50,320,NEG_KMN_AR_00349,Arizona,-113.2510347662668,33.895548912525825,negative,known_mining_area_nearby_negative,hard_mrds,0
mixed_50_50,321,NEG_KMN_AR_00351,Arizona,-109.52541566940391,35.07210319926832,negative,known_mining_area_nearby_negative,hard_mrds,0
mixed_50_50,322,NEG_KMN_AR_00352,Arizona,-109.60276459091449,35.99546448878635,negative,known_mining_area_nearby_negative,hard_mrds,0
mixed_50_50,323,NEG_KMN_AR_00353,Arizona,-114.07822320069869,33.72808778044401,negative,known_mining_area_nearby_negative,hard_mrds,0
mixed_50_50,324,NEG_KMN_AR_00355,Arizona,-109.10703871169073,31.969143917929536,negative,known_mining_area_nearby_negative,hard_mrds,0
mixed_50_50,325,NEG_KMN_AR_00356,Arizona,-114.16753980470008,33.815938037948776,negative,known_mining_area_nearby_negative,hard_mrds,0
mixed_50_50,326,NEG_KMN_AR_00362,Arizona,-111.24315771104347,32.420101067898365,negative,known_mining_area_nearby_negative,hard_mrds,0
mixed_50_50,327,NEG_KMN_AR_00363,Arizona,-112.77438934756941,35.38116929283598,negative,known_mining_area_nearby_negative,hard_mrds,0
mixed_50_50,328,NEG_KMN_AR_00365,Arizona,-113.6967665683319,32.747471138897396,negative,known_mining_area_nearby_negative,hard_mrds,0
mixed_50_50,329,NEG_KMN_AR_00369,Arizona,-110.07695452156986,31.753490581444744,negative,known_mining_area_nearby_negative,hard_mrds,0
mixed_50_50,330,NEG_KMN_AR_00372,Arizona,-112.223863961539,33.74890684910794,negative,known_mining_area_nearby_negative,hard_mrds,0
mixed_50_50,331,NEG_KMN_AR_00374,Arizona,-111.95311104620384,36.132763631904034,negative,known_mining_area_nearby_negative,hard_mrds,0
mixed_50_50,332,NEG_KMN_AR_00375,Arizona,-113.67428532142571,34.37675211682783,negative,known_mining_area_nearby_negative,hard_mrds,0
mixed_50_50,333,NEG_KMN_AR_00376,Arizona,-112.13218401668655,36.03189521946294,negative,known_mining_area_nearby_negative,hard_mrds,0
mixed_50_50,334,NEG_KMN_AR_00377,Arizona,-111.35165551563466,34.267786818066355,negative,known_mining_area_nearby_negative,hard_mrds,0
mixed_50_50,335,NEG_KMN_AR_00379,Arizona,-111.85850032287271,33.633835728031926,negative,known_mining_area_nearby_negative,hard_mrds,0
mixed_50_50,336,NEG_KMN_AR_00380,Arizona,-112.10904573881112,32.03259873697853,negative,known_mining_area_nearby_negative,hard_mrds,0
mixed_50_50,337,NEG_KMN_AR_00381,Arizona,-110.62361094100112,33.72653748578656,negative,known_mining_area_nearby_negative,hard_mrds,0
mixed_50_50,338,NEG_KMN_AR_00384,Arizona,-110.08318195550112,34.587220341292884,negative,known_mining_area_nearby_negative,hard_mrds,0
mixed_50_50,339,NEG_KMN_AR_00385,Arizona,-114.42286196146279,32.87287417797692,negative,known_mining_area_nearby_negative,hard_mrds,0
mixed_50_50,340,NEG_KMN_AR_00387,Arizona,-110.05935060841819,36.16554148460292,negative,known_mining_area_nearby_negative,hard_mrds,0
mixed_50_50,341,NEG_KMN_AR_00389,Arizona,-109.14813892732116,33.831901180321715,negative,known_mining_area_nearby_negative,hard_mrds,0
mixed_50_50,342,NEG_KMN_AR_00393,Arizona,-111.77042267226346,33.506557622029234,negative,known_mining_area_nearby_negative,hard_mrds,0
mixed_50_50,343,NEG_KMN_AR_00394,Arizona,-111.95297232752512,31.81553314404679,negative,known_mining_area_nearby_negative,hard_mrds,0
mixed_50_50,344,NEG_KMN_AR_00395,Arizona,-114.30203997639103,33.433944350206666,negative,known_mining_area_nearby_negative,hard_mrds,0
mixed_50_50,345,NEG_KMN_AR_00396,Arizona,-110.46731971108244,34.45154967240802,negative,known_mining_area_nearby_negative,hard_mrds,0
mixed_50_50,346,NEG_KMN_AR_00397,Arizona,-114.03833765996512,33.56185506500931,negative,known_mining_area_nearby_negative,hard_mrds,0
mixed_50_50,347,NEG_KMN_AR_00401,Arizona,-112.02635314091367,35.2412939794853,negative,known_mining_area_nearby_negative,hard_mrds,0
mixed_50_50,348,NEG_KMN_AR_00404,Arizona,-113.81258164823333,34.38258720820438,negative,known_mining_area_nearby_negative,hard_mrds,0
mixed_50_50,349,NEG_KMN_AR_00405,Arizona,-112.27529458596894,34.624363861641775,negative,known_mining_area_nearby_negative,hard_mrds,0
mixed_50_50,350,NEG_KMN_AR_00408,Arizona,-114.34397451861531,33.14532983516558,negative,known_mining_area_nearby_negative,hard_mrds,0
mixed_50_50,351,NEG_KMN_AR_00409,Arizona,-114.49368898268403,32.621342102676046,negative,known_mining_area_nearby_negative,hard_mrds,0
mixed_50_50,352,NEG_KMN_AR_00410,Arizona,-109.90131463633651,32.29186203165195,negative,known_mining_area_nearby_negative,hard_mrds,0
mixed_50_50,353,NEG_KMN_AR_00414,Arizona,-110.28891003117019,33.73331430407262,negative,known_mining_area_nearby_negative,hard_mrds,0
mixed_50_50,354,NEG_KMN_AR_00415,Arizona,-113.40714096593581,34.46592856484352,negative,known_mining_area_nearby_negative,hard_mrds,0
mixed_50_50,355,NEG_KMN_AR_00416,Arizona,-109.70390630349311,31.8735020386998,negative,known_mining_area_nearby_negative,hard_mrds,0
mixed_50_50,356,NEG_KMN_AR_00420,Arizona,-109.59571380817033,31.584393662184556,negative,known_mining_area_nearby_negative,hard_mrds,0
mixed_50_50,357,NEG_KMN_AR_00421,Arizona,-109.69401646317283,34.147986269068845,negative,known_mining_area_nearby_negative,hard_mrds,0
mixed_50_50,358,NEG_KMN_AR_00424,Arizona,-109.33846361873736,36.7299233389547,negative,known_mining_area_nearby_negative,hard_mrds,0
mixed_50_50,359,NEG_KMN_AR_00426,Arizona,-111.60373517472277,31.88202192139405,negative,known_mining_area_nearby_negative,hard_mrds,0
mixed_50_50,360,NEG_KMN_AR_00429,Arizona,-110.37577336068074,36.79559691777876,negative,known_mining_area_nearby_negative,hard_mrds,0
mixed_50_50,361,NEG_KMN_AR_00431,Arizona,-112.5625855280673,35.15088046164117,negative,known_mining_area_nearby_negative,hard_mrds,0
mixed_50_50,362,NEG_KMN_AR_00432,Arizona,-109.1207001885831,34.21458651038914,negative,known_mining_area_nearby_negative,hard_mrds,0
mixed_50_50,363,NEG_KMN_AR_00434,Arizona,-113.244007132972,36.85258821562542,negative,known_mining_area_nearby_negative,hard_mrds,0
mixed_50_50,364,NEG_KMN_AR_00435,Arizona,-114.14856810018222,33.77635461938749,negative,known_mining_area_nearby_negative,hard_mrds,0
mixed_50_50,365,NEG_KMN_AR_00436,Arizona,-112.90569455050547,33.888962594460104,negative,known_mining_area_nearby_negative,hard_mrds,0
mixed_50_50,366,NEG_KMN_AR_00440,Arizona,-109.22506696078665,32.26336228948293,negative,known_mining_area_nearby_negative,hard_mrds,0
mixed_50_50,367,NEG_KMN_AR_00442,Arizona,-110.85184029112423,33.87133434958193,negative,known_mining_area_nearby_negative,hard_mrds,0
mixed_50_50,368,NEG_KMN_AR_00443,Arizona,-111.78310005643584,33.64159848203319,negative,known_mining_area_nearby_negative,hard_mrds,0
mixed_50_50,369,NEG_KMN_AR_00445,Arizona,-109.76603559901685,33.966598128990036,negative,known_mining_area_nearby_negative,hard_mrds,0
mixed_50_50,370,NEG_KMN_AR_00447,Arizona,-109.73853300777034,32.033601148742015,negative,known_mining_area_nearby_negative,hard_mrds,0
mixed_50_50,371,NEG_KMN_AR_00448,Arizona,-114.15041072425811,34.07069048354557,negative,known_mining_area_nearby_negative,hard_mrds,0
mixed_50_50,372,NEG_KMN_AR_00451,Arizona,-109.41867739107448,36.56187878285352,negative,known_mining_area_nearby_negative,hard_mrds,0
mixed_50_50,373,NEG_KMN_AR_00454,Arizona,-113.52721463437456,33.8387245582572,negative,known_mining_area_nearby_negative,hard_mrds,0
mixed_50_50,374,NEG_KMN_AR_00455,Arizona,-111.43029406772985,33.79154155978296,negative,known_mining_area_nearby_negative,hard_mrds,0
mixed_50_50,375,NEG_KMN_AR_00456,Arizona,-109.63606296273053,32.19028348587656,negative,known_mining_area_nearby_negative,hard_mrds,0
mixed_50_50,376,NEG_KMN_AR_00457,Arizona,-109.15935619897436,34.44459016803557,negative,known_mining_area_nearby_negative,hard_mrds,0
mixed_50_50,377,NEG_KMN_AR_00459,Arizona,-109.70604526393515,32.534471491069674,negative,known_mining_area_nearby_negative,hard_mrds,0
mixed_50_50,378,NEG_KMN_AR_00460,Arizona,-110.57091812350944,33.86806919082583,negative,known_mining_area_nearby_negative,hard_mrds,0
mixed_50_50,379,NEG_KMN_AR_00461,Arizona,-109.49288931942192,35.63544075400791,negative,known_mining_area_nearby_negative,hard_mrds,0
mixed_50_50,380,NEG_KMN_AR_00462,Arizona,-110.22901314319552,34.1331700513116,negative,known_mining_area_nearby_negative,hard_mrds,0
mixed_50_50,381,NEG_KMN_AR_00463,Arizona,-110.0447766189198,36.46920045101069,negative,known_mining_area_nearby_negative,hard_mrds,0
mixed_50_50,382,NEG_KMN_AR_00466,Arizona,-111.5742552529922,34.685908419999826,negative,known_mining_area_nearby_negative,hard_mrds,0
mixed_50_50,383,NEG_KMN_AR_00467,Arizona,-114.19749949693966,32.84560390284221,negative,known_mining_area_nearby_negative,hard_mrds,0
mixed_50_50,384,NEG_KMN_AR_00470,Arizona,-111.77604940118596,31.771609062207485,negative,known_mining_area_nearby_negative,hard_mrds,0
mixed_50_50,385,NEG_KMN_AR_00471,Arizona,-109.84696681593897,34.78495660845239,negative,known_mining_area_nearby_negative,hard_mrds,0
mixed_50_50,386,NEG_KMN_AR_00474,Arizona,-110.43197438249035,31.839521556509407,negative,known_mining_area_nearby_negative,hard_mrds,0
mixed_50_50,387,NEG_KMN_AR_00476,Arizona,-111.47964480354472,35.239624759473976,negative,known_mining_area_nearby_negative,hard_mrds,0
mixed_50_50,388,NEG_KMN_AR_00478,Arizona,-109.85691085411963,31.6348249706449,negative,known_mining_area_nearby_negative,hard_mrds,0
mixed_50_50,389,NEG_KMN_AR_00481,Arizona,-111.74364767039833,35.80424987686989,negative,known_mining_area_nearby_negative,hard_mrds,0
mixed_50_50,390,NEG_KMN_AR_00484,Arizona,-110.2372523173413,32.93405569635582,negative,known_mining_area_nearby_negative,hard_mrds,0
mixed_50_50,391,NEG_KMN_AR_00485,Arizona,-113.67608832407814,33.58384745540421,negative,known_mining_area_nearby_negative,hard_mrds,0
mixed_50_50,392,NEG_KMN_AR_00487,Arizona,-109.15901015933588,36.89754526408262,negative,known_mining_area_nearby_negative,hard_mrds,0
mixed_50_50,393,NEG_KMN_AR_00488,Arizona,-110.99027062402422,34.00326780415945,negative,known_mining_area_nearby_negative,hard_mrds,0
mixed_50_50,394,NEG_KMN_AR_00492,Arizona,-114.59010758102625,32.66445944789247,negative,known_mining_area_nearby_negative,hard_mrds,0
mixed_50_50,395,NEG_KMN_AR_00494,Arizona,-109.39473852633193,34.28323463567195,negative,known_mining_area_nearby_negative,hard_mrds,0
mixed_50_50,396,NEG_KMN_AR_00497,Arizona,-110.24264976822161,31.701031591543895,negative,known_mining_area_nearby_negative,hard_mrds,0
mixed_50_50,397,NEG_KMN_AR_00498,Arizona,-109.46650261232935,33.980903749880866,negative,known_mining_area_nearby_negative,hard_mrds,0
mixed_50_50,398,NEG_KMN_AR_00500,Arizona,-111.77716855376559,34.19671559137273,negative,known_mining_area_nearby_negative,hard_mrds,0
mixed_50_50,399,NEG_KMN_AR_00502,Arizona,-114.01274026090192,34.09597608631859,negative,known_mining_area_nearby_negative,hard_mrds,0
mixed_50_50,400,NEG_KMN_AR_00503,Arizona,-112.04402811705944,31.923336937797817,negative,known_mining_area_nearby_negative,hard_mrds,0
mixed_50_50,401,NEG_KMN_AR_00504,Arizona,-112.8645234690224,35.088870126410015,negative,known_mining_area_nearby_negative,hard_mrds,0
mixed_50_50,402,NEG_KMN_AR_00505,Arizona,-110.31366487506614,32.178837382368116,negative,known_mining_area_nearby_negative,hard_mrds,0
mixed_50_50,403,NEG_KMN_AR_00506,Arizona,-109.71434820635915,32.41257601861081,negative,known_mining_area_nearby_negative,hard_mrds,0
mixed_50_50,404,NEG_KMN_AR_00507,Arizona,-109.77950442112746,32.0165424930053,negative,known_mining_area_nearby_negative,hard_mrds,0
mixed_50_50,405,NEG_KMN_AR_00509,Arizona,-111.17485776342392,35.69091949461403,negative,known_mining_area_nearby_negative,hard_mrds,0
mixed_50_50,406,NEG_KMN_AR_00511,Arizona,-111.14511981517455,35.37256604545726,negative,known_mining_area_nearby_negative,hard_mrds,0
mixed_50_50,407,NEG_KMN_AR_00512,Arizona,-109.42002369118336,34.1030591076344,negative,known_mining_area_nearby_negative,hard_mrds,0
mixed_50_50,408,NEG_KMN_AR_00514,Arizona,-110.43953378597269,33.621951421655226,negative,known_mining_area_nearby_negative,hard_mrds,0
mixed_50_50,409,NEG_KMN_AR_00521,Arizona,-113.23791513181601,33.745425352183,negative,known_mining_area_nearby_negative,hard_mrds,0
mixed_50_50,410,NEG_KMN_AR_00523,Arizona,-113.54849165130997,34.47573368057475,negative,known_mining_area_nearby_negative,hard_mrds,0
mixed_50_50,411,NEG_KMN_AR_00524,Arizona,-109.37844429791784,32.30186704440992,negative,known_mining_area_nearby_negative,hard_mrds,0
mixed_50_50,412,NEG_KMN_AR_00526,Arizona,-112.89603823081177,33.35307306700023,negative,known_mining_area_nearby_negative,hard_mrds,0
mixed_50_50,413,NEG_KMN_AR_00528,Arizona,-110.70927141493189,35.11736382075299,negative,known_mining_area_nearby_negative,hard_mrds,0
mixed_50_50,414,NEG_KMN_AR_00529,Arizona,-109.23629708100685,34.09132524661245,negative,known_mining_area_nearby_negative,hard_mrds,0
mixed_50_50,415,NEG_KMN_AR_00530,Arizona,-111.38461031582932,31.989183940428667,negative,known_mining_area_nearby_negative,hard_mrds,0
mixed_50_50,416,NEG_KMN_AR_00531,Arizona,-112.79521539646112,36.35279155315068,negative,known_mining_area_nearby_negative,hard_mrds,0
mixed_50_50,417,NEG_KMN_AR_00532,Arizona,-110.64329508275642,33.3601150691403,negative,known_mining_area_nearby_negative,hard_mrds,0
mixed_50_50,418,NEG_KMN_AR_00534,Arizona,-110.79141798319131,33.86524936983309,negative,known_mining_area_nearby_negative,hard_mrds,0
mixed_50_50,419,NEG_KMN_AR_00535,Arizona,-111.00642285138065,33.9641462340062,negative,known_mining_area_nearby_negative,hard_mrds,0
mixed_50_50,420,NEG_KMN_AR_00536,Arizona,-111.45099545390349,35.22710494120599,negative,known_mining_area_nearby_negative,hard_mrds,0
mixed_50_50,421,NEG_KMN_AR_00537,Arizona,-111.41311004654835,33.933791512846376,negative,known_mining_area_nearby_negative,hard_mrds,0
mixed_50_50,422,NEG_KMN_AR_00538,Arizona,-112.26306200940178,32.188528581730026,negative,known_mining_area_nearby_negative,hard_mrds,0
mixed_50_50,423,NEG_KMN_AR_00539,Arizona,-112.38871622735161,34.80869576130326,negative,known_mining_area_nearby_negative,hard_mrds,0
mixed_50_50,424,NEG_KMN_AR_00540,Arizona,-109.7993358532317,34.222525375998096,negative,known_mining_area_nearby_negative,hard_mrds,0
mixed_50_50,425,NEG_KMN_AR_00542,Arizona,-113.22496719016277,32.88089917350779,negative,known_mining_area_nearby_negative,hard_mrds,0
mixed_50_50,426,NEG_KMN_AR_00544,Arizona,-113.96866388357637,33.729757712557166,negative,known_mining_area_nearby_negative,hard_mrds,0
mixed_50_50,427,NEG_KMN_AR_00545,Arizona,-113.78082463015488,34.20366685414302,negative,known_mining_area_nearby_negative,hard_mrds,0
mixed_50_50,428,NEG_KMN_AR_00548,Arizona,-114.58808732476734,33.126164747355595,negative,known_mining_area_nearby_negative,hard_mrds,0
mixed_50_50,429,NEG_KMN_AR_00550,Arizona,-111.74519566910556,32.03634745226818,negative,known_mining_area_nearby_negative,hard_mrds,0
mixed_50_50,430,NEG_KMN_AR_00552,Arizona,-110.97100128916657,31.576165738126218,negative,known_mining_area_nearby_negative,hard_mrds,0
mixed_50_50,431,NEG_KMN_AR_00553,Arizona,-109.35258457962323,34.374630205155924,negative,known_mining_area_nearby_negative,hard_mrds,0
mixed_50_50,432,NEG_KMN_AR_00556,Arizona,-110.849159910259,33.75431330756532,negative,known_mining_area_nearby_negative,hard_mrds,0
mixed_50_50,433,NEG_KMN_AR_00557,Arizona,-112.10414801925549,33.25777268023648,negative,known_mining_area_nearby_negative,hard_mrds,0
mixed_50_50,434,NEG_KMN_AR_00558,Arizona,-111.47229970478321,35.35299988659977,negative,known_mining_area_nearby_negative,hard_mrds,0
mixed_50_50,435,NEG_KMN_AR_00560,Arizona,-110.24520539647318,33.87115456828916,negative,known_mining_area_nearby_negative,hard_mrds,0
mixed_50_50,436,NEG_KMN_AR_00563,Arizona,-110.20237735314743,33.34461434319784,negative,known_mining_area_nearby_negative,hard_mrds,0
mixed_50_50,437,NEG_KMN_AR_00565,Arizona,-112.53379460985559,34.99401155429707,negative,known_mining_area_nearby_negative,hard_mrds,0
mixed_50_50,438,NEG_KMN_AR_00568,Arizona,-112.3047797223245,34.95854122121138,negative,known_mining_area_nearby_negative,hard_mrds,0
mixed_50_50,439,NEG_KMN_AR_00569,Arizona,-113.94010719155358,33.75204932482912,negative,known_mining_area_nearby_negative,hard_mrds,0
mixed_50_50,440,NEG_KMN_AR_00570,Arizona,-110.01519172253455,34.97923585628729,negative,known_mining_area_nearby_negative,hard_mrds,0
mixed_50_50,441,NEG_KMN_AR_00572,Arizona,-109.63217629107982,32.15010288980622,negative,known_mining_area_nearby_negative,hard_mrds,0
mixed_50_50,442,NEG_KMN_AR_00573,Arizona,-112.22292455829944,33.705143237095605,negative,known_mining_area_nearby_negative,hard_mrds,0
mixed_50_50,443,NEG_KMN_AR_00574,Arizona,-109.40576185733141,35.01407759745281,negative,known_mining_area_nearby_negative,hard_mrds,0
mixed_50_50,444,NEG_KMN_AR_00575,Arizona,-112.14354395830935,35.14170130772576,negative,known_mining_area_nearby_negative,hard_mrds,0
mixed_50_50,445,NEG_KMN_AR_00577,Arizona,-114.3911830015141,35.84084108758912,negative,known_mining_area_nearby_negative,hard_mrds,0
mixed_50_50,446,NEG_KMN_AR_00578,Arizona,-110.01597226938026,33.014952447075935,negative,known_mining_area_nearby_negative,hard_mrds,0
mixed_50_50,447,NEG_KMN_AR_00579,Arizona,-109.25377243204514,36.577412516161615,negative,known_mining_area_nearby_negative,hard_mrds,0
mixed_50_50,448,NEG_KMN_WA_00003,Washington,-122.46607047088776,47.02260563012098,negative,known_mining_area_nearby_negative,hard_mrds,0
mixed_50_50,449,NEG_KMN_WA_00006,Washington,-117.48934233728346,47.54773130627265,negative,known_mining_area_nearby_negative,hard_mrds,0
mixed_50_50,450,NEG_KMN_WA_00008,Washington,-122.47877127281077,46.207765680664295,negative,known_mining_area_nearby_negative,hard_mrds,0
mixed_50_50,451,NEG_KMN_WA_00010,Washington,-118.27828599865438,47.11919002488175,negative,known_mining_area_nearby_negative,hard_mrds,0
mixed_50_50,452,NEG_KMN_WA_00011,Washington,-122.46316216136029,48.946231244913,negative,known_mining_area_nearby_negative,hard_mrds,0
mixed_50_50,453,NEG_KMN_WA_00012,Washington,-117.64629123152463,48.49724062215221,negative,known_mining_area_nearby_negative,hard_mrds,0
mixed_50_50,454,NEG_KMN_WA_00016,Washington,-117.80605714973694,48.72866091489411,negative,known_mining_area_nearby_negative,hard_mrds,0
mixed_50_50,455,NEG_KMN_WA_00017,Washington,-122.1027115244458,47.71514917157503,negative,known_mining_area_nearby_negative,hard_mrds,0
mixed_50_50,456,NEG_KMN_WA_00022,Washington,-121.15626370363805,48.57133986898116,negative,known_mining_area_nearby_negative,hard_mrds,0
mixed_50_50,457,NEG_KMN_WA_00023,Washington,-121.85428629812009,47.86865973039115,negative,known_mining_area_nearby_negative,hard_mrds,0
mixed_50_50,458,NEG_KMN_WA_00024,Washington,-120.3872720519579,47.565556908880446,negative,known_mining_area_nearby_negative,hard_mrds,0
mixed_50_50,459,NEG_KMN_WA_00026,Washington,-124.08430064056131,47.89519605597917,negative,known_mining_area_nearby_negative,hard_mrds,0
mixed_50_50,460,NEG_KMN_WA_00028,Washington,-124.00482466952968,47.23095862109085,negative,known_mining_area_nearby_negative,hard_mrds,0
mixed_50_50,461,NEG_KMN_WA_00031,Washington,-120.1549094590269,47.52356258620403,negative,known_mining_area_nearby_negative,hard_mrds,0
mixed_50_50,462,NEG_KMN_WA_00034,Washington,-122.23130213098,47.70420360842966,negative,known_mining_area_nearby_negative,hard_mrds,0
mixed_50_50,463,NEG_KMN_WA_00036,Washington,-123.24922092497809,46.83351588385005,negative,known_mining_area_nearby_negative,hard_mrds,0
mixed_50_50,464,NEG_KMN_WA_00037,Washington,-117.50969253892004,47.91887883704442,negative,known_mining_area_nearby_negative,hard_mrds,0
mixed_50_50,465,NEG_KMN_WA_00038,Washington,-117.19685784758008,48.985349539187794,negative,known_mining_area_nearby_negative,hard_mrds,0
mixed_50_50,466,NEG_KMN_WA_00039,Washington,-122.75209545776539,47.33926777197463,negative,known_mining_area_nearby_negative,hard_mrds,0
mixed_50_50,467,NEG_KMN_WA_00040,Washington,-122.07823699545412,47.605411573360584,negative,known_mining_area_nearby_negative,hard_mrds,0
mixed_50_50,468,NEG_KMN_WA_00041,Washington,-118.17255336956214,48.570727665003346,negative,known_mining_area_nearby_negative,hard_mrds,0
mixed_50_50,469,NEG_KMN_WA_00043,Washington,-117.69735416170806,48.781344389028426,negative,known_mining_area_nearby_negative,hard_mrds,0
mixed_50_50,470,NEG_KMN_WA_00044,Washington,-121.17310833275258,48.67963145562748,negative,known_mining_area_nearby_negative,hard_mrds,0
mixed_50_50,471,NEG_KMN_WA_00045,Washington,-117.59987723467958,47.33111002427624,negative,known_mining_area_nearby_negative,hard_mrds,0
mixed_50_50,472,NEG_KMN_WA_00046,Washington,-120.66556508983467,47.34632301390707,negative,known_mining_area_nearby_negative,hard_mrds,0
mixed_50_50,473,NEG_KMN_WA_00047,Washington,-117.54794336743106,48.63790920301188,negative,known_mining_area_nearby_negative,hard_mrds,0
mixed_50_50,474,NEG_KMN_WA_00048,Washington,-117.87182178035528,48.40936892198622,negative,known_mining_area_nearby_negative,hard_mrds,0
mixed_50_50,475,NEG_KMN_WA_00050,Washington,-119.82794665390315,48.126024701981606,negative,known_mining_area_nearby_negative,hard_mrds,0
mixed_50_50,476,NEG_KMN_WA_00053,Washington,-117.29077878430496,47.015394511455476,negative,known_mining_area_nearby_negative,hard_mrds,0
mixed_50_50,477,NEG_KMN_WA_00056,Washington,-122.47961179192657,48.22185587298988,negative,known_mining_area_nearby_negative,hard_mrds,0
mixed_50_50,478,NEG_KMN_WA_00061,Washington,-124.487012848409,47.97261351939611,negative,known_mining_area_nearby_negative,hard_mrds,0
mixed_50_50,479,NEG_KMN_WA_00062,Washington,-117.54845840449036,48.87369353419106,negative,known_mining_area_nearby_negative,hard_mrds,0
mixed_50_50,480,NEG_KMN_WA_00063,Washington,-121.81803361204777,48.653578067380465,negative,known_mining_area_nearby_negative,hard_mrds,0
mixed_50_50,481,NEG_KMN_WA_00065,Washington,-119.74914475588116,48.85067689228727,negative,known_mining_area_nearby_negative,hard_mrds,0
mixed_50_50,482,NEG_KMN_WA_00066,Washington,-118.70238823974853,47.02299431299126,negative,known_mining_area_nearby_negative,hard_mrds,0
mixed_50_50,483,NEG_KMN_WA_00067,Washington,-121.02629671959073,48.516963291521336,negative,known_mining_area_nearby_negative,hard_mrds,0
mixed_50_50,484,NEG_KMN_WA_00068,Washington,-121.86357175426213,48.787662905722314,negative,known_mining_area_nearby_negative,hard_mrds,0
mixed_50_50,485,NEG_KMN_WA_00070,Washington,-123.82470677711274,48.059221681062326,negative,known_mining_area_nearby_negative,hard_mrds,0
mixed_50_50,486,NEG_KMN_WA_00073,Washington,-117.644086087147,48.89230661272402,negative,known_mining_area_nearby_negative,hard_mrds,0
mixed_50_50,487,NEG_KMN_WA_00074,Washington,-119.55967288289446,48.91370119467279,negative,known_mining_area_nearby_negative,hard_mrds,0
mixed_50_50,488,NEG_KMN_WA_00075,Washington,-117.28604237379176,47.43477533633834,negative,known_mining_area_nearby_negative,hard_mrds,0
mixed_50_50,489,NEG_KMN_WA_00076,Washington,-122.4690495911317,45.85131257044043,negative,known_mining_area_nearby_negative,hard_mrds,0
mixed_50_50,490,NEG_KMN_WA_00080,Washington,-122.6938032956881,48.83506084025679,negative,known_mining_area_nearby_negative,hard_mrds,0
mixed_50_50,491,NEG_KMN_WA_00081,Washington,-119.30604539293972,48.99797142829461,negative,known_mining_area_nearby_negative,hard_mrds,0
mixed_50_50,492,NEG_KMN_WA_00082,Washington,-122.66761406954316,45.809197241818396,negative,known_mining_area_nearby_negative,hard_mrds,0
mixed_50_50,493,NEG_KMN_WA_00084,Washington,-123.01320081455708,48.69823122712473,negative,known_mining_area_nearby_negative,hard_mrds,0
mixed_50_50,494,NEG_KMN_WA_00090,Washington,-123.7670653408947,46.976504223173166,negative,known_mining_area_nearby_negative,hard_mrds,0
mixed_50_50,495,NEG_KMN_WA_00092,Washington,-117.06434711786778,47.515459271927796,negative,known_mining_area_nearby_negative,hard_mrds,0
mixed_50_50,496,NEG_KMN_WA_00095,Washington,-118.15818465190108,48.356308549154505,negative,known_mining_area_nearby_negative,hard_mrds,0
mixed_50_50,497,NEG_KMN_WA_00096,Washington,-122.76342774965332,45.83144884822332,negative,known_mining_area_nearby_negative,hard_mrds,0
mixed_50_50,498,NEG_KMN_WA_00097,Washington,-117.35258716174377,46.84924562719071,negative,known_mining_area_nearby_negative,hard_mrds,0
mixed_50_50,499,NEG_KMN_WA_00098,Washington,-120.5193168974389,47.824136357378265,negative,known_mining_area_nearby_negative,hard_mrds,0
mixed_50_50,500,NEG_KMN_WA_00101,Washington,-123.88190832202554,47.9366921859929,negative,known_mining_area_nearby_negative,hard_mrds,0
mixed_50_50,501,NEG_KMN_WA_00102,Washington,-119.8261620984976,47.26790060594732,negative,known_mining_area_nearby_negative,hard_mrds,0
mixed_50_50,502,NEG_KMN_WA_00105,Washington,-122.72926742024782,46.48692339704298,negative,known_mining_area_nearby_negative,hard_mrds,0
mixed_50_50,503,NEG_KMN_WA_00106,Washington,-124.53832931333602,48.077696498541286,negative,known_mining_area_nearby_negative,hard_mrds,0
mixed_50_50,504,NEG_KMN_WA_00108,Washington,-122.7977901090573,46.0378026012476,negative,known_mining_area_nearby_negative,hard_mrds,0
mixed_50_50,505,NEG_KMN_WA_00109,Washington,-119.2366819411028,46.15715965338066,negative,known_mining_area_nearby_negative,hard_mrds,0
mixed_50_50,506,NEG_KMN_WA_00110,Washington,-121.60348170107972,48.436167785056895,negative,known_mining_area_nearby_negative,hard_mrds,0
mixed_50_50,507,NEG_KMN_WA_00112,Washington,-119.58803006192068,47.10343516740917,negative,known_mining_area_nearby_negative,hard_mrds,0
mixed_50_50,508,NEG_KMN_WA_00114,Washington,-119.1887519917625,46.143554142936146,negative,known_mining_area_nearby_negative,hard_mrds,0
mixed_50_50,509,NEG_KMN_WA_00117,Washington,-119.16173076375958,48.007776918985286,negative,known_mining_area_nearby_negative,hard_mrds,0
mixed_50_50,510,NEG_KMN_WA_00120,Washington,-122.07370541707121,46.61125488008633,negative,known_mining_area_nearby_negative,hard_mrds,0
mixed_50_50,511,NEG_KMN_WA_00122,Washington,-119.63450500156785,47.336004515445495,negative,known_mining_area_nearby_negative,hard_mrds,0
mixed_50_50,512,NEG_KMN_WA_00123,Washington,-117.07745916756477,48.34311559365881,negative,known_mining_area_nearby_negative,hard_mrds,0
mixed_50_50,513,NEG_KMN_WA_00124,Washington,-122.27151566891803,47.58862098137728,negative,known_mining_area_nearby_negative,hard_mrds,0
mixed_50_50,514,NEG_KMN_WA_00126,Washington,-117.64052037018297,46.63553307032316,negative,known_mining_area_nearby_negative,hard_mrds,0
mixed_50_50,515,NEG_KMN_WA_00127,Washington,-119.68837155646406,48.36898970881239,negative,known_mining_area_nearby_negative,hard_mrds,0
mixed_50_50,516,NEG_KMN_WA_00128,Washington,-117.85369574088463,47.476331640894585,negative,known_mining_area_nearby_negative,hard_mrds,0
mixed_50_50,517,NEG_KMN_WA_00129,Washington,-118.83247925484056,47.06989921044881,negative,known_mining_area_nearby_negative,hard_mrds,0
mixed_50_50,518,NEG_KMN_WA_00130,Washington,-122.72704627882399,45.951089344919126,negative,known_mining_area_nearby_negative,hard_mrds,0
mixed_50_50,519,NEG_KMN_WA_00132,Washington,-120.01950962792108,46.815548384310915,negative,known_mining_area_nearby_negative,hard_mrds,0
mixed_50_50,520,NEG_KMN_WA_00133,Washington,-118.75941894547287,47.30845654979747,negative,known_mining_area_nearby_negative,hard_mrds,0
mixed_50_50,521,NEG_KMN_WA_00135,Washington,-122.46855886272778,47.21718459178705,negative,known_mining_area_nearby_negative,hard_mrds,0
mixed_50_50,522,NEG_KMN_WA_00136,Washington,-117.14305969356695,47.809209098885525,negative,known_mining_area_nearby_negative,hard_mrds,0
mixed_50_50,523,NEG_KMN_WA_00138,Washington,-118.5628951227277,48.17149860909981,negative,known_mining_area_nearby_negative,hard_mrds,0
mixed_50_50,524,NEG_KMN_WA_00139,Washington,-119.26090089472405,47.01871887392399,negative,known_mining_area_nearby_negative,hard_mrds,0
mixed_50_50,525,NEG_KMN_WA_00140,Washington,-118.15159234221363,47.89466963711522,negative,known_mining_area_nearby_negative,hard_mrds,0
mixed_50_50,526,NEG_KMN_WA_00141,Washington,-118.12468426065931,48.211900490967,negative,known_mining_area_nearby_negative,hard_mrds,0
mixed_50_50,527,NEG_KMN_WA_00143,Washington,-119.76474435772082,46.34319816141227,negative,known_mining_area_nearby_negative,hard_mrds,0
mixed_50_50,528,NEG_KMN_WA_00145,Washington,-119.62937789827964,47.04330275775374,negative,known_mining_area_nearby_negative,hard_mrds,0
mixed_50_50,529,NEG_KMN_WA_00146,Washington,-121.79172811651836,48.755983829882865,negative,known_mining_area_nearby_negative,hard_mrds,0
mixed_50_50,530,NEG_KMN_WA_00147,Washington,-117.44711089103765,48.99224746973857,negative,known_mining_area_nearby_negative,hard_mrds,0
mixed_50_50,531,NEG_KMN_WA_00148,Washington,-121.74736012279664,48.66824827285316,negative,known_mining_area_nearby_negative,hard_mrds,0
mixed_50_50,532,NEG_KMN_WA_00149,Washington,-119.93741622531883,48.25496458749179,negative,known_mining_area_nearby_negative,hard_mrds,0
mixed_50_50,533,NEG_KMN_WA_00150,Washington,-120.08435311981856,48.407176505517725,negative,known_mining_area_nearby_negative,hard_mrds,0
mixed_50_50,534,NEG_KMN_WA_00152,Washington,-117.10584165559146,47.786218134516325,negative,known_mining_area_nearby_negative,hard_mrds,0
mixed_50_50,535,NEG_KMN_WA_00155,Washington,-123.0481811000825,48.53700150038394,negative,known_mining_area_nearby_negative,hard_mrds,0
mixed_50_50,536,NEG_KMN_WA_00156,Washington,-122.61771637435743,48.19105034859698,negative,known_mining_area_nearby_negative,hard_mrds,0
mixed_50_50,537,NEG_KMN_WA_00157,Washington,-121.78517860424131,47.42916921637252,negative,known_mining_area_nearby_negative,hard_mrds,0
mixed_50_50,538,NEG_KMN_WA_00159,Washington,-122.3335251802979,48.64131091051859,negative,known_mining_area_nearby_negative,hard_mrds,0
mixed_50_50,539,NEG_KMN_WA_00167,Washington,-122.34185332443639,46.08220802672253,negative,known_mining_area_nearby_negative,hard_mrds,0
mixed_50_50,540,NEG_KMN_WA_00168,Washington,-117.15699388128945,46.79382178926365,negative,known_mining_area_nearby_negative,hard_mrds,0
mixed_50_50,541,NEG_KMN_WA_00172,Washington,-119.95934823306709,47.365872073499595,negative,known_mining_area_nearby_negative,hard_mrds,0
mixed_50_50,542,NEG_KMN_WA_00176,Washington,-123.06675141744313,47.562318517617626,negative,known_mining_area_nearby_negative,hard_mrds,0
mixed_50_50,543,NEG_KMN_WA_00177,Washington,-117.49805943619128,47.536638673638244,negative,known_mining_area_nearby_negative,hard_mrds,0
mixed_50_50,544,NEG_KMN_WA_00180,Washington,-119.99995843478752,47.95928158457053,negative,known_mining_area_nearby_negative,hard_mrds,0
mixed_50_50,545,NEG_KMN_WA_00181,Washington,-119.55468967321895,47.07510611163868,negative,known_mining_area_nearby_negative,hard_mrds,0
mixed_50_50,546,NEG_KMN_WA_00184,Washington,-123.6044172873286,48.0137437325079,negative,known_mining_area_nearby_negative,hard_mrds,0
mixed_50_50,547,NEG_KMN_WA_00185,Washington,-118.17653935742521,48.12992319958671,negative,known_mining_area_nearby_negative,hard_mrds,0
mixed_50_50,548,NEG_KMN_WA_00186,Washington,-119.43161489696041,47.7387730526901,negative,known_mining_area_nearby_negative,hard_mrds,0
mixed_50_50,549,NEG_KMN_WA_00187,Washington,-118.73875446974739,48.62540470485844,negative,known_mining_area_nearby_negative,hard_mrds,0
mixed_50_50,550,NEG_KMN_WA_00190,Washington,-121.03198007204185,46.860369139193814,negative,known_mining_area_nearby_negative,hard_mrds,0
mixed_50_50,551,NEG_KMN_WA_00193,Washington,-124.13038460331074,47.38973939605563,negative,known_mining_area_nearby_negative,hard_mrds,0
mixed_50_50,552,NEG_KMN_WA_00194,Washington,-117.98252638521228,47.87114293192285,negative,known_mining_area_nearby_negative,hard_mrds,0
mixed_50_50,553,NEG_KMN_WA_00195,Washington,-118.05759378762787,46.224800968330726,negative,known_mining_area_nearby_negative,hard_mrds,0
mixed_50_50,554,NEG_KMN_WA_00197,Washington,-122.30481274189219,48.304654317382,negative,known_mining_area_nearby_negative,hard_mrds,0
mixed_50_50,555,NEG_KMN_WA_00198,Washington,-117.67964505361994,48.75519274256529,negative,known_mining_area_nearby_negative,hard_mrds,0
mixed_50_50,556,NEG_KMN_WA_00205,Washington,-119.79265954552153,46.35549950227599,negative,known_mining_area_nearby_negative,hard_mrds,0
mixed_50_50,557,NEG_KMN_WA_00207,Washington,-118.70993508394827,48.04775951219949,negative,known_mining_area_nearby_negative,hard_mrds,0
mixed_50_50,558,NEG_KMN_WA_00209,Washington,-124.09383124288729,47.369230045062025,negative,known_mining_area_nearby_negative,hard_mrds,0
mixed_50_50,559,NEG_KMN_WA_00211,Washington,-123.86072546676417,46.53017344849776,negative,known_mining_area_nearby_negative,hard_mrds,0
mixed_50_50,560,NEG_KMN_WA_00212,Washington,-123.34479065976961,46.33952504399016,negative,known_mining_area_nearby_negative,hard_mrds,0
mixed_50_50,561,NEG_KMN_WA_00213,Washington,-117.97949675961422,46.92449255841451,negative,known_mining_area_nearby_negative,hard_mrds,0
mixed_50_50,562,NEG_KMN_WA_00217,Washington,-123.23010705799368,46.627694938972304,negative,known_mining_area_nearby_negative,hard_mrds,0
mixed_50_50,563,NEG_KMN_WA_00218,Washington,-120.92951617763254,45.725914016604584,negative,known_mining_area_nearby_negative,hard_mrds,0
mixed_50_50,564,NEG_KMN_WA_00219,Washington,-117.924199398756,48.583075558175885,negative,known_mining_area_nearby_negative,hard_mrds,0
mixed_50_50,565,NEG_KMN_WA_00221,Washington,-118.02310453015207,47.635021683127555,negative,known_mining_area_nearby_negative,hard_mrds,0
mixed_50_50,566,NEG_KMN_WA_00224,Washington,-118.30318296131946,46.44022203272547,negative,known_mining_area_nearby_negative,hard_mrds,0
mixed_50_50,567,NEG_KMN_WA_00225,Washington,-119.22807731687465,47.262578847215735,negative,known_mining_area_nearby_negative,hard_mrds,0
mixed_50_50,568,NEG_KMN_WA_00228,Washington,-121.59277418123014,47.16701525783714,negative,known_mining_area_nearby_negative,hard_mrds,0
mixed_50_50,569,NEG_KMN_WA_00229,Washington,-118.02236871958468,46.46044520149523,negative,known_mining_area_nearby_negative,hard_mrds,0
mixed_50_50,570,NEG_KMN_WA_00232,Washington,-119.42544701071284,46.75708257247659,negative,known_mining_area_nearby_negative,hard_mrds,0
mixed_50_50,571,NEG_KMN_WA_00235,Washington,-118.18545140639196,48.17597463667488,negative,known_mining_area_nearby_negative,hard_mrds,0
mixed_50_50,572,NEG_KMN_WA_00236,Washington,-117.90205925930587,48.548130026253865,negative,known_mining_area_nearby_negative,hard_mrds,0
mixed_50_50,573,NEG_KMN_WA_00238,Washington,-118.15855407876927,47.971353391103264,negative,known_mining_area_nearby_negative,hard_mrds,0
mixed_50_50,574,NEG_KMN_WA_00245,Washington,-123.60171840410129,47.46399588773141,negative,known_mining_area_nearby_negative,hard_mrds,0
mixed_50_50,575,NEG_KMN_WA_00246,Washington,-123.6110759010727,47.44012973794148,negative,known_mining_area_nearby_negative,hard_mrds,0
mixed_50_50,576,NEG_KMN_WA_00247,Washington,-118.80003542815865,47.40555352336035,negative,known_mining_area_nearby_negative,hard_mrds,0
mixed_50_50,577,NEG_KMN_WA_00249,Washington,-119.14328193725544,46.49209921417547,negative,known_mining_area_nearby_negative,hard_mrds,0
mixed_50_50,578,NEG_KMN_WA_00252,Washington,-122.2548977551046,48.72784136631075,negative,known_mining_area_nearby_negative,hard_mrds,0
mixed_50_50,579,NEG_KMN_WA_00255,Washington,-117.93614210731482,48.4284412843983,negative,known_mining_area_nearby_negative,hard_mrds,0
mixed_50_50,580,NEG_KMN_WA_00256,Washington,-117.9664388953612,48.13403001295422,negative,known_mining_area_nearby_negative,hard_mrds,0
mixed_50_50,581,NEG_KMN_WA_00257,Washington,-123.74115339728417,47.04001164651706,negative,known_mining_area_nearby_negative,hard_mrds,0
mixed_50_50,582,NEG_KMN_WA_00258,Washington,-118.17934879873195,47.983523818341546,negative,known_mining_area_nearby_negative,hard_mrds,0
mixed_50_50,583,NEG_KMN_WA_00261,Washington,-118.28100858602687,48.082329804625324,negative,known_mining_area_nearby_negative,hard_mrds,0
mixed_50_50,584,NEG_KMN_WA_00266,Washington,-123.91510845761803,46.843902793260554,negative,known_mining_area_nearby_negative,hard_mrds,0
mixed_50_50,585,NEG_KMN_WA_00267,Washington,-121.73693528505135,47.20724994250604,negative,known_mining_area_nearby_negative,hard_mrds,0
mixed_50_50,586,NEG_KMN_WA_00270,Washington,-119.64162388353594,48.02241741512909,negative,known_mining_area_nearby_negative,hard_mrds,0
mixed_50_50,587,NEG_KMN_WA_00272,Washington,-117.35631509829341,48.90671435307228,negative,known_mining_area_nearby_negative,hard_mrds,0
mixed_50_50,588,NEG_KMN_WA_00273,Washington,-119.11771946371624,46.82899635860344,negative,known_mining_area_nearby_negative,hard_mrds,0
mixed_50_50,589,NEG_KMN_WA_00274,Washington,-122.36240951632021,46.10584103487095,negative,known_mining_area_nearby_negative,hard_mrds,0
mixed_50_50,590,NEG_KMN_WA_00278,Washington,-123.15769429469401,46.25884744925032,negative,known_mining_area_nearby_negative,hard_mrds,0
mixed_50_50,591,NEG_KMN_WA_00279,Washington,-117.77704150712054,48.38562204369872,negative,known_mining_area_nearby_negative,hard_mrds,0
mixed_50_50,592,NEG_KMN_WA_00280,Washington,-122.58600254978484,48.38157253266083,negative,known_mining_area_nearby_negative,hard_mrds,0
mixed_50_50,593,NEG_KMN_WA_00282,Washington,-123.91476354052384,46.89571204801259,negative,known_mining_area_nearby_negative,hard_mrds,0
mixed_50_50,594,NEG_KMN_WA_00284,Washington,-119.5267791159618,48.84534630901036,negative,known_mining_area_nearby_negative,hard_mrds,0
mixed_50_50,595,NEG_KMN_WA_00285,Washington,-122.16037402663642,47.645517283280725,negative,known_mining_area_nearby_negative,hard_mrds,0
mixed_50_50,596,NEG_KMN_WA_00288,Washington,-122.890317749112,46.55533442703908,negative,known_mining_area_nearby_negative,hard_mrds,0
mixed_50_50,597,NEG_KMN_WA_00289,Washington,-117.51434080579503,48.89511238836555,negative,known_mining_area_nearby_negative,hard_mrds,0
mixed_50_50,598,NEG_KMN_WA_00290,Washington,-118.47484943792807,48.58032757518481,negative,known_mining_area_nearby_negative,hard_mrds,0
mixed_50_50,599,NEG_KMN_WA_00291,Washington,-122.37532162468233,47.701637829718265,negative,known_mining_area_nearby_negative,hard_mrds,0
mixed_50_50,600,NEG_KMN_WA_00293,Washington,-122.00489461096129,47.930953352585,negative,known_mining_area_nearby_negative,hard_mrds,0
mixed_50_50,601,NEG_KMN_WA_00296,Washington,-117.47098562708567,47.6452338699431,negative,known_mining_area_nearby_negative,hard_mrds,0
mixed_50_50,602,NEG_KMN_WA_00298,Washington,-119.3778510052029,46.17254669039032,negative,known_mining_area_nearby_negative,hard_mrds,0
mixed_50_50,603,NEG_KMN_WA_00305,Washington,-123.19200256167835,47.685827551431736,negative,known_mining_area_nearby_negative,hard_mrds,0
mixed_50_50,604,NEG_KMN_WA_00307,Washington,-122.74145130046026,47.23048641068194,negative,known_mining_area_nearby_negative,hard_mrds,0
mixed_50_50,605,NEG_KMN_WA_00308,Washington,-117.3985729587634,47.07380636519835,negative,known_mining_area_nearby_negative,hard_mrds,0
mixed_50_50,606,NEG_KMN_WA_00314,Washington,-121.8672688063096,48.35391931907774,negative,known_mining_area_nearby_negative,hard_mrds,0
mixed_50_50,607,NEG_KMN_WA_00315,Washington,-118.68520433643494,48.47236402471562,negative,known_mining_area_nearby_negative,hard_mrds,0
mixed_50_50,608,NEG_KMN_WA_00316,Washington,-120.94064811822852,46.461993067990846,negative,known_mining_area_nearby_negative,hard_mrds,0
mixed_50_50,609,NEG_KMN_WA_00320,Washington,-123.37086404806917,47.97440662683492,negative,known_mining_area_nearby_negative,hard_mrds,0
mixed_50_50,610,NEG_KMN_WA_00321,Washington,-122.3028970958926,47.039506368327515,negative,known_mining_area_nearby_negative,hard_mrds,0
mixed_50_50,611,NEG_KMN_WA_00324,Washington,-123.87012193658188,48.05403010265343,negative,known_mining_area_nearby_negative,hard_mrds,0
mixed_50_50,612,NEG_KMN_WA_00326,Washington,-122.39449643702176,48.69222805205296,negative,known_mining_area_nearby_negative,hard_mrds,0
mixed_50_50,613,NEG_KMN_WA_00327,Washington,-117.48264552167552,48.99357506828712,negative,known_mining_area_nearby_negative,hard_mrds,0
mixed_50_50,614,NEG_KMN_WA_00330,Washington,-124.13281682469119,47.14457307117119,negative,known_mining_area_nearby_negative,hard_mrds,0
mixed_50_50,615,NEG_KMN_WA_00331,Washington,-122.29029439264417,46.715641063960916,negative,known_mining_area_nearby_negative,hard_mrds,0
mixed_50_50,616,NEG_KMN_WA_00332,Washington,-123.45817634564003,48.05530233245149,negative,known_mining_area_nearby_negative,hard_mrds,0
mixed_50_50,617,NEG_KMN_WA_00334,Washington,-118.40034501349857,48.538168997063714,negative,known_mining_area_nearby_negative,hard_mrds,0
mixed_50_50,618,NEG_KMN_WA_00335,Washington,-118.92791330845404,46.3511824729663,negative,known_mining_area_nearby_negative,hard_mrds,0
mixed_50_50,619,NEG_KMN_WA_00336,Washington,-117.96106087323784,47.94476954656278,negative,known_mining_area_nearby_negative,hard_mrds,0
mixed_50_50,620,NEG_KMN_WA_00340,Washington,-122.88851051419164,47.28862792122704,negative,known_mining_area_nearby_negative,hard_mrds,0
mixed_50_50,621,NEG_KMN_WA_00342,Washington,-118.08265554492493,47.204808666077845,negative,known_mining_area_nearby_negative,hard_mrds,0
mixed_50_50,622,NEG_KMN_WA_00347,Washington,-119.35637752610575,46.23060657596151,negative,known_mining_area_nearby_negative,hard_mrds,0
mixed_50_50,623,NEG_KMN_WA_00350,Washington,-118.8281170182538,47.68052728634015,negative,known_mining_area_nearby_negative,hard_mrds,0
mixed_50_50,624,NEG_KMN_WA_00351,Washington,-123.27116692372226,47.240570730855225,negative,known_mining_area_nearby_negative,hard_mrds,0
mixed_50_50,625,NEG_KMN_WA_00355,Washington,-118.37862960222367,46.02538122704038,negative,known_mining_area_nearby_negative,hard_mrds,0
mixed_50_50,626,NEG_KMN_WA_00356,Washington,-117.15805231519244,46.53020778437659,negative,known_mining_area_nearby_negative,hard_mrds,0
mixed_50_50,627,NEG_KMN_WA_00360,Washington,-119.01526304250172,46.10694540156249,negative,known_mining_area_nearby_negative,hard_mrds,0
mixed_50_50,628,NEG_KMN_WA_00361,Washington,-119.08294504865808,46.616919885418596,negative,known_mining_area_nearby_negative,hard_mrds,0
mixed_50_50,629,NEG_KMN_WA_00365,Washington,-120.88563475589183,47.94031984953609,negative,known_mining_area_nearby_negative,hard_mrds,0
mixed_50_50,630,NEG_KMN_WA_00366,Washington,-123.02870188585484,46.496205477363,negative,known_mining_area_nearby_negative,hard_mrds,0
mixed_50_50,631,NEG_KMN_WA_00368,Washington,-119.21399822174749,48.230988412956144,negative,known_mining_area_nearby_negative,hard_mrds,0
mixed_50_50,632,NEG_KMN_WA_00369,Washington,-117.8248399722512,48.13783652199414,negative,known_mining_area_nearby_negative,hard_mrds,0
mixed_50_50,633,NEG_KMN_NE_00001,Nevada,-118.59601498479418,40.23633566264916,negative,known_mining_area_nearby_negative,hard_mrds,0
mixed_50_50,634,NEG_KMN_NE_00002,Nevada,-115.55453646142905,40.42589409756083,negative,known_mining_area_nearby_negative,hard_mrds,0
mixed_50_50,635,NEG_KMN_NE_00003,Nevada,-115.88215136602975,40.19491476322365,negative,known_mining_area_nearby_negative,hard_mrds,0
mixed_50_50,636,NEG_KMN_NE_00006,Nevada,-114.61011941309334,39.200260882530266,negative,known_mining_area_nearby_negative,hard_mrds,0
mixed_50_50,637,NEG_KMN_NE_00007,Nevada,-119.26629943525052,38.7139294920099,negative,known_mining_area_nearby_negative,hard_mrds,0
mixed_50_50,638,NEG_KMN_NE_00008,Nevada,-117.91102468314631,40.61358593985009,negative,known_mining_area_nearby_negative,hard_mrds,0
mixed_50_50,639,NEG_KMN_NE_00009,Nevada,-115.96677456190679,37.06120240244523,negative,known_mining_area_nearby_negative,hard_mrds,0
mixed_50_50,640,NEG_KMN_NE_00010,Nevada,-116.3615922244345,40.59958797367368,negative,known_mining_area_nearby_negative,hard_mrds,0
mixed_50_50,641,NEG_KMN_NE_00012,Nevada,-117.56539710237695,41.10094328942174,negative,known_mining_area_nearby_negative,hard_mrds,0
mixed_50_50,642,NEG_KMN_NE_00015,Nevada,-115.99251938943894,37.87547478105255,negative,known_mining_area_nearby_negative,hard_mrds,0
mixed_50_50,643,NEG_KMN_NE_00017,Nevada,-115.01352467107245,41.478560854500465,negative,known_mining_area_nearby_negative,hard_mrds,0
mixed_50_50,644,NEG_KMN_NE_00019,Nevada,-117.43421271296347,41.50042917564408,negative,known_mining_area_nearby_negative,hard_mrds,0
mixed_50_50,645,NEG_KMN_NE_00020,Nevada,-116.90403136304155,40.12708870406451,negative,known_mining_area_nearby_negative,hard_mrds,0
mixed_50_50,646,NEG_KMN_NE_00021,Nevada,-117.94347865571393,37.92992436518848,negative,known_mining_area_nearby_negative,hard_mrds,0
mixed_50_50,647,NEG_KMN_NE_00022,Nevada,-114.84007494047256,39.90255328621221,negative,known_mining_area_nearby_negative,hard_mrds,0
mixed_50_50,648,NEG_KMN_NE_00025,Nevada,-116.85162910740382,40.33996860748868,negative,known_mining_area_nearby_negative,hard_mrds,0
mixed_50_50,649,NEG_KMN_NE_00027,Nevada,-118.06285699266783,39.87168435692201,negative,known_mining_area_nearby_negative,hard_mrds,0
mixed_50_50,650,NEG_KMN_NE_00028,Nevada,-116.65683551857057,39.53259119500944,negative,known_mining_area_nearby_negative,hard_mrds,0
mixed_50_50,651,NEG_KMN_NE_00029,Nevada,-115.4423006949828,40.75656197778643,negative,known_mining_area_nearby_negative,hard_mrds,0
mixed_50_50,652,NEG_KMN_NE_00030,Nevada,-116.60094861138128,40.36368024615554,negative,known_mining_area_nearby_negative,hard_mrds,0
mixed_50_50,653,NEG_KMN_NE_00031,Nevada,-115.93346851403817,41.634950559529955,negative,known_mining_area_nearby_negative,hard_mrds,0
mixed_50_50,654,NEG_KMN_NE_00032,Nevada,-118.46733317069402,41.4828321655344,negative,known_mining_area_nearby_negative,hard_mrds,0
mixed_50_50,655,NEG_KMN_NE_00033,Nevada,-116.96661917654978,40.25601599978091,negative,known_mining_area_nearby_negative,hard_mrds,0
mixed_50_50,656,NEG_KMN_NE_00034,Nevada,-115.02464215329161,36.136627490712826,negative,known_mining_area_nearby_negative,hard_mrds,0
mixed_50_50,657,NEG_KMN_NE_00035,Nevada,-117.27013313263882,39.515225932621746,negative,known_mining_area_nearby_negative,hard_mrds,0
mixed_50_50,658,NEG_KMN_NE_00037,Nevada,-119.27329376616223,40.423441501377845,negative,known_mining_area_nearby_negative,hard_mrds,0
mixed_50_50,659,NEG_KMN_NE_00038,Nevada,-118.21229263481405,40.84664032325154,negative,known_mining_area_nearby_negative,hard_mrds,0
mixed_50_50,660,NEG_KMN_NE_00040,Nevada,-119.38351367588143,41.03169226034796,negative,known_mining_area_nearby_negative,hard_mrds,0
mixed_50_50,661,NEG_KMN_NE_00043,Nevada,-116.64049678649195,40.47333026114034,negative,known_mining_area_nearby_negative,hard_mrds,0
mixed_50_50,662,NEG_KMN_NE_00044,Nevada,-116.87389402061712,40.44565191462457,negative,known_mining_area_nearby_negative,hard_mrds,0
mixed_50_50,663,NEG_KMN_NE_00045,Nevada,-117.16083724832379,39.916790050759346,negative,known_mining_area_nearby_negative,hard_mrds,0
mixed_50_50,664,NEG_KMN_NE_00046,Nevada,-114.34178294051225,36.636386014478006,negative,known_mining_area_nearby_negative,hard_mrds,0
mixed_50_50,665,NEG_KMN_NE_00049,Nevada,-117.36925431470218,40.83146641676057,negative,known_mining_area_nearby_negative,hard_mrds,0
mixed_50_50,666,NEG_KMN_NE_00050,Nevada,-116.85244848099319,36.80587014532464,negative,known_mining_area_nearby_negative,hard_mrds,0
mixed_50_50,667,NEG_KMN_NE_00054,Nevada,-118.92241701890777,41.86104894723538,negative,known_mining_area_nearby_negative,hard_mrds,0
mixed_50_50,668,NEG_KMN_NE_00059,Nevada,-118.47012263822387,38.56138727619471,negative,known_mining_area_nearby_negative,hard_mrds,0
mixed_50_50,669,NEG_KMN_NE_00061,Nevada,-116.55870351201304,37.055831662814555,negative,known_mining_area_nearby_negative,hard_mrds,0
mixed_50_50,670,NEG_KMN_NE_00065,Nevada,-117.2474921220217,39.56976296448664,negative,known_mining_area_nearby_negative,hard_mrds,0
mixed_50_50,671,NEG_KMN_NE_00068,Nevada,-117.8821743703536,38.28432667946477,negative,known_mining_area_nearby_negative,hard_mrds,0
mixed_50_50,672,NEG_KMN_NE_00070,Nevada,-115.47874321275037,39.389012518853775,negative,known_mining_area_nearby_negative,hard_mrds,0
mixed_50_50,673,NEG_KMN_NE_00073,Nevada,-118.62019387333498,38.53222784032786,negative,known_mining_area_nearby_negative,hard_mrds,0
mixed_50_50,674,NEG_KMN_NE_00075,Nevada,-117.89102534966469,41.90079479196921,negative,known_mining_area_nearby_negative,hard_mrds,0
mixed_50_50,675,NEG_KMN_NE_00076,Nevada,-114.99206791235906,36.08884908205675,negative,known_mining_area_nearby_negative,hard_mrds,0
mixed_50_50,676,NEG_KMN_NE_00077,Nevada,-118.58433344824493,38.76939439717538,negative,known_mining_area_nearby_negative,hard_mrds,0
mixed_50_50,677,NEG_KMN_NE_00079,Nevada,-114.12064418071157,39.46237419567612,negative,known_mining_area_nearby_negative,hard_mrds,0
mixed_50_50,678,NEG_KMN_NE_00080,Nevada,-114.93471810230994,41.42777385031717,negative,known_mining_area_nearby_negative,hard_mrds,0
mixed_50_50,679,NEG_KMN_NE_00084,Nevada,-117.34399961057227,38.96538432187533,negative,known_mining_area_nearby_negative,hard_mrds,0
mixed_50_50,680,NEG_KMN_NE_00086,Nevada,-116.0660994944513,40.656484221129205,negative,known_mining_area_nearby_negative,hard_mrds,0
mixed_50_50,681,NEG_KMN_NE_00087,Nevada,-116.00905685161933,39.49565912414118,negative,known_mining_area_nearby_negative,hard_mrds,0
mixed_50_50,682,NEG_KMN_NE_00091,Nevada,-117.76792486758069,39.282164914679136,negative,known_mining_area_nearby_negative,hard_mrds,0
mixed_50_50,683,NEG_KMN_NE_00092,Nevada,-117.05398686700755,37.712073164284305,negative,known_mining_area_nearby_negative,hard_mrds,0
mixed_50_50,684,NEG_KMN_NE_00094,Nevada,-119.4591481216384,40.382646061262314,negative,known_mining_area_nearby_negative,hard_mrds,0
mixed_50_50,685,NEG_KMN_NE_00095,Nevada,-119.43452680084499,39.38491721014892,negative,known_mining_area_nearby_negative,hard_mrds,0
mixed_50_50,686,NEG_KMN_NE_00098,Nevada,-115.47543255282187,35.978364709211235,negative,known_mining_area_nearby_negative,hard_mrds,0
mixed_50_50,687,NEG_KMN_NE_00103,Nevada,-119.39644441847679,40.918759151444114,negative,known_mining_area_nearby_negative,hard_mrds,0
mixed_50_50,688,NEG_KMN_NE_00104,Nevada,-118.57700414220841,38.51211306998109,negative,known_mining_area_nearby_negative,hard_mrds,0
mixed_50_50,689,NEG_KMN_NE_00105,Nevada,-118.74364529875561,38.56416267467715,negative,known_mining_area_nearby_negative,hard_mrds,0
mixed_50_50,690,NEG_KMN_NE_00107,Nevada,-116.18031317044063,40.782738625801755,negative,known_mining_area_nearby_negative,hard_mrds,0
mixed_50_50,691,NEG_KMN_NE_00108,Nevada,-119.9093406448655,39.49301031591316,negative,known_mining_area_nearby_negative,hard_mrds,0
mixed_50_50,692,NEG_KMN_NE_00109,Nevada,-116.81100051676066,38.531604893879496,negative,known_mining_area_nearby_negative,hard_mrds,0
mixed_50_50,693,NEG_KMN_NE_00110,Nevada,-118.01960519691545,39.439576353460964,negative,known_mining_area_nearby_negative,hard_mrds,0
mixed_50_50,694,NEG_KMN_NE_00111,Nevada,-115.61118794469559,36.47056051665224,negative,known_mining_area_nearby_negative,hard_mrds,0
mixed_50_50,695,NEG_KMN_NE_00113,Nevada,-116.40081508578788,40.2920830633465,negative,known_mining_area_nearby_negative,hard_mrds,0
mixed_50_50,696,NEG_KMN_NE_00115,Nevada,-117.2269620374712,37.6204820706953,negative,known_mining_area_nearby_negative,hard_mrds,0
mixed_50_50,697,NEG_KMN_NE_00116,Nevada,-115.48861833355159,41.122701229855046,negative,known_mining_area_nearby_negative,hard_mrds,0
mixed_50_50,698,NEG_KMN_NE_00117,Nevada,-115.98304317879956,40.36419701156877,negative,known_mining_area_nearby_negative,hard_mrds,0
mixed_50_50,699,NEG_KMN_NE_00118,Nevada,-114.51407450696615,37.77956489295045,negative,known_mining_area_nearby_negative,hard_mrds,0
mixed_50_50,700,NEG_KMN_NE_00120,Nevada,-115.99383051753404,37.94563563941168,negative,known_mining_area_nearby_negative,hard_mrds,0
mixed_50_50,701,NEG_KMN_NE_00121,Nevada,-114.76720210878807,39.59089940446868,negative,known_mining_area_nearby_negative,hard_mrds,0
mixed_50_50,702,NEG_KMN_NE_00125,Nevada,-118.81572311440061,39.88406618298087,negative,known_mining_area_nearby_negative,hard_mrds,0
mixed_50_50,703,NEG_KMN_NE_00128,Nevada,-117.04029219671042,38.16457818618329,negative,known_mining_area_nearby_negative,hard_mrds,0
mixed_50_50,704,NEG_KMN_NE_00131,Nevada,-116.90163031595552,38.72543642684856,negative,known_mining_area_nearby_negative,hard_mrds,0
mixed_50_50,705,NEG_KMN_NE_00133,Nevada,-119.64826760162595,40.634168596753284,negative,known_mining_area_nearby_negative,hard_mrds,0
mixed_50_50,706,NEG_KMN_NE_00134,Nevada,-119.5457032156666,39.16766373031008,negative,known_mining_area_nearby_negative,hard_mrds,0
mixed_50_50,707,NEG_KMN_NE_00135,Nevada,-119.40162699447336,39.2939980444504,negative,known_mining_area_nearby_negative,hard_mrds,0
mixed_50_50,708,NEG_KMN_NE_00138,Nevada,-118.0272923124212,37.91833827640277,negative,known_mining_area_nearby_negative,hard_mrds,0
mixed_50_50,709,NEG_KMN_NE_00139,Nevada,-117.57153664313012,39.708525525875416,negative,known_mining_area_nearby_negative,hard_mrds,0
mixed_50_50,710,NEG_KMN_NE_00140,Nevada,-114.72486175890867,38.0574045668204,negative,known_mining_area_nearby_negative,hard_mrds,0
mixed_50_50,711,NEG_KMN_NE_00146,Nevada,-118.5155775309226,40.094969545400055,negative,known_mining_area_nearby_negative,hard_mrds,0
mixed_50_50,712,NEG_KMN_NE_00149,Nevada,-118.25943685200889,40.23382676918345,negative,known_mining_area_nearby_negative,hard_mrds,0
mixed_50_50,713,NEG_KMN_NE_00150,Nevada,-116.45194557382854,36.665503876376036,negative,known_mining_area_nearby_negative,hard_mrds,0
mixed_50_50,714,NEG_KMN_NE_00151,Nevada,-116.31846114722794,41.06834086213572,negative,known_mining_area_nearby_negative,hard_mrds,0
mixed_50_50,715,NEG_KMN_NE_00153,Nevada,-116.27767476871236,40.39581106725014,negative,known_mining_area_nearby_negative,hard_mrds,0
mixed_50_50,716,NEG_KMN_NE_00154,Nevada,-117.78090483748315,37.79457103124555,negative,known_mining_area_nearby_negative,hard_mrds,0
mixed_50_50,717,NEG_KMN_NE_00155,Nevada,-117.41811409944683,39.03205274813667,negative,known_mining_area_nearby_negative,hard_mrds,0
mixed_50_50,718,NEG_KMN_NE_00157,Nevada,-116.84441599348327,38.77893538262404,negative,known_mining_area_nearby_negative,hard_mrds,0
mixed_50_50,719,NEG_KMN_NE_00159,Nevada,-118.49404598334672,40.48518337216532,negative,known_mining_area_nearby_negative,hard_mrds,0
mixed_50_50,720,NEG_KMN_NE_00160,Nevada,-116.29347491233233,41.17221220477385,negative,known_mining_area_nearby_negative,hard_mrds,0
mixed_50_50,721,NEG_KMN_NE_00165,Nevada,-116.93712751612236,40.810206903023335,negative,known_mining_area_nearby_negative,hard_mrds,0
mixed_50_50,722,NEG_KMN_NE_00166,Nevada,-114.73227544384088,36.359480452398316,negative,known_mining_area_nearby_negative,hard_mrds,0
mixed_50_50,723,NEG_KMN_NE_00167,Nevada,-118.09381482232288,40.212667401672896,negative,known_mining_area_nearby_negative,hard_mrds,0
mixed_50_50,724,NEG_KMN_NE_00175,Nevada,-117.81692447787782,39.78799927014478,negative,known_mining_area_nearby_negative,hard_mrds,0
mixed_50_50,725,NEG_KMN_NE_00178,Nevada,-117.79511444523632,37.45615909701321,negative,known_mining_area_nearby_negative,hard_mrds,0
mixed_50_50,726,NEG_KMN_NE_00181,Nevada,-117.38712782545434,37.24310533294339,negative,known_mining_area_nearby_negative,hard_mrds,0
mixed_50_50,727,NEG_KMN_NE_00182,Nevada,-117.7322762491466,37.75883108470043,negative,known_mining_area_nearby_negative,hard_mrds,0
mixed_50_50,728,NEG_KMN_NE_00183,Nevada,-118.71209005181157,41.39473516031608,negative,known_mining_area_nearby_negative,hard_mrds,0
mixed_50_50,729,NEG_KMN_NE_00187,Nevada,-115.99809379356896,41.581514358967745,negative,known_mining_area_nearby_negative,hard_mrds,0
mixed_50_50,730,NEG_KMN_NE_00188,Nevada,-115.37883022182632,39.030007444584925,negative,known_mining_area_nearby_negative,hard_mrds,0
mixed_50_50,731,NEG_KMN_NE_00190,Nevada,-117.7678382184269,37.76575566510584,negative,known_mining_area_nearby_negative,hard_mrds,0
mixed_50_50,732,NEG_KMN_NE_00193,Nevada,-117.42061049318352,41.2008862035219,negative,known_mining_area_nearby_negative,hard_mrds,0
mixed_50_50,733,NEG_KMN_NE_00194,Nevada,-115.78590096557514,41.17689922228868,negative,known_mining_area_nearby_negative,hard_mrds,0
mixed_50_50,734,NEG_KMN_NE_00197,Nevada,-119.46022795455792,40.33330638454083,negative,known_mining_area_nearby_negative,hard_mrds,0
mixed_50_50,735,NEG_KMN_NE_00200,Nevada,-115.3478885209521,38.43952641768865,negative,known_mining_area_nearby_negative,hard_mrds,0
mixed_50_50,736,NEG_KMN_NE_00201,Nevada,-117.36274935171627,37.57360335009068,negative,known_mining_area_nearby_negative,hard_mrds,0
mixed_50_50,737,NEG_KMN_NE_00203,Nevada,-116.92035230860904,38.60507608359115,negative,known_mining_area_nearby_negative,hard_mrds,0
mixed_50_50,738,NEG_KMN_NE_00204,Nevada,-118.40856389651373,38.731592478763076,negative,known_mining_area_nearby_negative,hard_mrds,0
mixed_50_50,739,NEG_KMN_NE_00206,Nevada,-116.44230263550946,40.94017736780422,negative,known_mining_area_nearby_negative,hard_mrds,0
mixed_50_50,740,NEG_KMN_NE_00207,Nevada,-115.36862551988537,35.72846267363615,negative,known_mining_area_nearby_negative,hard_mrds,0
mixed_50_50,741,NEG_KMN_NE_00208,Nevada,-117.46648973242361,38.15120838914481,negative,known_mining_area_nearby_negative,hard_mrds,0
mixed_50_50,742,NEG_KMN_NE_00210,Nevada,-115.5057064116445,35.84226249586879,negative,known_mining_area_nearby_negative,hard_mrds,0
mixed_50_50,743,NEG_KMN_NE_00212,Nevada,-116.65062100119837,36.672517397191946,negative,known_mining_area_nearby_negative,hard_mrds,0
mixed_50_50,744,NEG_KMN_NE_00214,Nevada,-117.49821014654867,38.446948809798194,negative,known_mining_area_nearby_negative,hard_mrds,0
mixed_50_50,745,NEG_KMN_NE_00221,Nevada,-118.18735839285046,41.56038062729833,negative,known_mining_area_nearby_negative,hard_mrds,0
mixed_50_50,746,NEG_KMN_NE_00222,Nevada,-119.76828733238261,39.96852928029704,negative,known_mining_area_nearby_negative,hard_mrds,0
mixed_50_50,747,NEG_KMN_NE_00224,Nevada,-117.54636653068593,41.35466306535631,negative,known_mining_area_nearby_negative,hard_mrds,0
mixed_50_50,748,NEG_KMN_NE_00227,Nevada,-117.40740368171282,40.84494650560905,negative,known_mining_area_nearby_negative,hard_mrds,0
mixed_50_50,749,NEG_KMN_NE_00230,Nevada,-117.22972957003742,37.97684221219287,negative,known_mining_area_nearby_negative,hard_mrds,0
mixed_50_50,750,NEG_KMN_NE_00232,Nevada,-116.49149853645815,36.98393959718409,negative,known_mining_area_nearby_negative,hard_mrds,0
mixed_50_50,751,NEG_KMN_NE_00233,Nevada,-119.62847794128265,40.091860027104104,negative,known_mining_area_nearby_negative,hard_mrds,0
mixed_50_50,752,NEG_KMN_NE_00234,Nevada,-115.71431197757431,36.047879267756784,negative,known_mining_area_nearby_negative,hard_mrds,0
mixed_50_50,753,NEG_KMN_NE_00235,Nevada,-118.12308557974325,39.54530390622354,negative,known_mining_area_nearby_negative,hard_mrds,0
mixed_50_50,754,NEG_KMN_NE_00236,Nevada,-118.32201771934842,41.10201001754063,negative,known_mining_area_nearby_negative,hard_mrds,0
mixed_50_50,755,NEG_KMN_NE_00239,Nevada,-119.46719819321163,39.5189643730342,negative,known_mining_area_nearby_negative,hard_mrds,0
mixed_50_50,756,NEG_KMN_NE_00240,Nevada,-114.31210149928347,37.89196284652448,negative,known_mining_area_nearby_negative,hard_mrds,0
mixed_50_50,757,NEG_KMN_NE_00241,Nevada,-115.53098919338174,38.125139733242435,negative,known_mining_area_nearby_negative,hard_mrds,0
mixed_50_50,758,NEG_KMN_NE_00244,Nevada,-118.23968893167898,37.86239196565779,negative,known_mining_area_nearby_negative,hard_mrds,0
mixed_50_50,759,NEG_KMN_NE_00245,Nevada,-118.50518560837338,40.48429275193999,negative,known_mining_area_nearby_negative,hard_mrds,0
mixed_50_50,760,NEG_KMN_NE_00248,Nevada,-118.04576778430089,40.860585984261874,negative,known_mining_area_nearby_negative,hard_mrds,0
mixed_50_50,761,NEG_KMN_NE_00249,Nevada,-116.19578208212681,37.16739491822001,negative,known_mining_area_nearby_negative,hard_mrds,0
mixed_50_50,762,NEG_KMN_NE_00252,Nevada,-117.46418875712413,38.29667921398144,negative,known_mining_area_nearby_negative,hard_mrds,0
mixed_50_50,763,NEG_KMN_NE_00254,Nevada,-119.47112390733793,40.35986851506636,negative,known_mining_area_nearby_negative,hard_mrds,0
mixed_50_50,764,NEG_KMN_NE_00255,Nevada,-117.76688895129053,39.88214099036445,negative,known_mining_area_nearby_negative,hard_mrds,0
mixed_50_50,765,NEG_KMN_NE_00261,Nevada,-119.30754239549015,40.288127670923885,negative,known_mining_area_nearby_negative,hard_mrds,0
mixed_50_50,766,NEG_KMN_NE_00262,Nevada,-117.12624389095765,38.673263140240124,negative,known_mining_area_nearby_negative,hard_mrds,0
mixed_50_50,767,NEG_KMN_NE_00265,Nevada,-117.84575888911792,38.01546534973293,negative,known_mining_area_nearby_negative,hard_mrds,0
mixed_50_50,768,NEG_KMN_NE_00266,Nevada,-116.16754091280484,38.12402135334745,negative,known_mining_area_nearby_negative,hard_mrds,0
mixed_50_50,769,NEG_KMN_NE_00270,Nevada,-119.9247493026005,40.523941899369866,negative,known_mining_area_nearby_negative,hard_mrds,0
mixed_50_50,770,NEG_KMN_NE_00274,Nevada,-117.04619244885566,39.34528731827186,negative,known_mining_area_nearby_negative,hard_mrds,0
mixed_50_50,771,NEG_KMN_NE_00279,Nevada,-117.67267018161601,38.63758264074,negative,known_mining_area_nearby_negative,hard_mrds,0
mixed_50_50,772,NEG_KMN_NE_00280,Nevada,-118.50344813610036,41.09346489392241,negative,known_mining_area_nearby_negative,hard_mrds,0
mixed_50_50,773,NEG_KMN_NE_00003,New Mexico,-103.99316609280959,32.841237879627656,negative,known_mining_area_nearby_negative,hard_mrds,0
mixed_50_50,774,NEG_KMN_NE_00004,New Mexico,-106.53406350225077,35.02660637888602,negative,known_mining_area_nearby_negative,hard_mrds,0
mixed_50_50,775,NEG_KMN_NE_00007,New Mexico,-103.13342440723773,32.37494220189893,negative,known_mining_area_nearby_negative,hard_mrds,0
mixed_50_50,776,NEG_KMN_NE_00008,New Mexico,-108.0112248696908,35.34962901102078,negative,known_mining_area_nearby_negative,hard_mrds,0
mixed_50_50,777,NEG_KMN_NE_00010,New Mexico,-104.60526730905599,36.07513995088605,negative,known_mining_area_nearby_negative,hard_mrds,0
mixed_50_50,778,NEG_KMN_NE_00011,New Mexico,-108.46678678374877,31.883965311017846,negative,known_mining_area_nearby_negative,hard_mrds,0
mixed_50_50,779,NEG_KMN_NE_00013,New Mexico,-106.83665397854003,32.47181058187391,negative,known_mining_area_nearby_negative,hard_mrds,0
mixed_50_50,780,NEG_KMN_NE_00014,New Mexico,-103.89939358337153,32.82087554163644,negative,known_mining_area_nearby_negative,hard_mrds,0
mixed_50_50,781,NEG_KMN_NE_00020,New Mexico,-107.24604136879111,34.91332054652124,negative,known_mining_area_nearby_negative,hard_mrds,0
mixed_50_50,782,NEG_KMN_NE_00024,New Mexico,-106.79353155636318,32.049519572526414,negative,known_mining_area_nearby_negative,hard_mrds,0
mixed_50_50,783,NEG_KMN_NE_00025,New Mexico,-108.60080568934245,32.337077303111336,negative,known_mining_area_nearby_negative,hard_mrds,0
mixed_50_50,784,NEG_KMN_NE_00026,New Mexico,-105.44008559548439,35.95605242661579,negative,known_mining_area_nearby_negative,hard_mrds,0
mixed_50_50,785,NEG_KMN_NE_00027,New Mexico,-104.42292824072575,32.78362107760915,negative,known_mining_area_nearby_negative,hard_mrds,0
mixed_50_50,786,NEG_KMN_NE_00028,New Mexico,-107.09401571148413,32.819322578302575,negative,known_mining_area_nearby_negative,hard_mrds,0
mixed_50_50,787,NEG_KMN_NE_00033,New Mexico,-106.75861778958773,35.4410835865296,negative,known_mining_area_nearby_negative,hard_mrds,0
mixed_50_50,788,NEG_KMN_NE_00037,New Mexico,-106.13642617733677,36.29668108745141,negative,known_mining_area_nearby_negative,hard_mrds,0
mixed_50_50,789,NEG_KMN_NE_00038,New Mexico,-106.2461359197282,32.24522423056407,negative,known_mining_area_nearby_negative,hard_mrds,0
mixed_50_50,790,NEG_KMN_NE_00039,New Mexico,-107.6351190582846,35.227691607571124,negative,known_mining_area_nearby_negative,hard_mrds,0
mixed_50_50,791,NEG_KMN_NE_00040,New Mexico,-103.8210052348403,32.95658101964162,negative,known_mining_area_nearby_negative,hard_mrds,0
mixed_50_50,792,NEG_KMN_NE_00041,New Mexico,-108.84107594533509,33.61487175251739,negative,known_mining_area_nearby_negative,hard_mrds,0
mixed_50_50,793,NEG_KMN_NE_00044,New Mexico,-103.83843859954368,32.28721979644209,negative,known_mining_area_nearby_negative,hard_mrds,0
mixed_50_50,794,NEG_KMN_NE_00045,New Mexico,-107.61967816557717,35.17045749558606,negative,known_mining_area_nearby_negative,hard_mrds,0
mixed_50_50,795,NEG_KMN_NE_00049,New Mexico,-103.25604629989346,34.51208082623728,negative,known_mining_area_nearby_negative,hard_mrds,0
mixed_50_50,796,NEG_KMN_NE_00051,New Mexico,-105.33411672908096,34.068831253410636,negative,known_mining_area_nearby_negative,hard_mrds,0
mixed_50_50,797,NEG_KMN_NE_00052,New Mexico,-105.48391150302064,34.179012804391604,negative,known_mining_area_nearby_negative,hard_mrds,0
mixed_50_50,798,NEG_KMN_NE_00058,New Mexico,-107.95174828961308,36.826811096616545,negative,known_mining_area_nearby_negative,hard_mrds,0
mixed_50_50,799,NEG_KMN_NE_00059,New Mexico,-106.99911496329457,36.152336339640584,negative,known_mining_area_nearby_negative,hard_mrds,0
mixed_50_50,800,NEG_KMN_NE_00061,New Mexico,-106.05816606094743,36.29219402807619,negative,known_mining_area_nearby_negative,hard_mrds,0
mixed_50_50,801,NEG_KMN_NE_00063,New Mexico,-103.41355350897277,32.68978940726287,negative,known_mining_area_nearby_negative,hard_mrds,0
mixed_50_50,802,NEG_KMN_NE_00064,New Mexico,-107.64122626825912,32.52312863642074,negative,known_mining_area_nearby_negative,hard_mrds,0
mixed_50_50,803,NEG_KMN_NE_00065,New Mexico,-105.83811419241977,33.402653014477735,negative,known_mining_area_nearby_negative,hard_mrds,0
mixed_50_50,804,NEG_KMN_NE_00067,New Mexico,-104.44031299165624,32.86586275653419,negative,known_mining_area_nearby_negative,hard_mrds,0
mixed_50_50,805,NEG_KMN_NE_00068,New Mexico,-103.29636451064226,32.585972550677916,negative,known_mining_area_nearby_negative,hard_mrds,0
mixed_50_50,806,NEG_KMN_NE_00069,New Mexico,-105.70338339551552,36.51617920142585,negative,known_mining_area_nearby_negative,hard_mrds,0
mixed_50_50,807,NEG_KMN_NE_00070,New Mexico,-106.38837924933324,36.792902825379606,negative,known_mining_area_nearby_negative,hard_mrds,0
mixed_50_50,808,NEG_KMN_OR_00006,Oregon,-118.85645370899255,45.87121302054509,negative,known_mining_area_nearby_negative,hard_mrds,0
mixed_50_50,809,NEG_KMN_OR_00007,Oregon,-121.10995295456866,45.29896456510547,negative,known_mining_area_nearby_negative,hard_mrds,0
mixed_50_50,810,NEG_KMN_OR_00009,Oregon,-120.3628192785585,44.648798730159186,negative,known_mining_area_nearby_negative,hard_mrds,0
mixed_50_50,811,NEG_KMN_OR_00012,Oregon,-123.25915310403815,42.63981774376495,negative,known_mining_area_nearby_negative,hard_mrds,0
mixed_50_50,812,NEG_KMN_OR_00013,Oregon,-122.91755725309207,42.68904044137449,negative,known_mining_area_nearby_negative,hard_mrds,0
mixed_50_50,813,NEG_KMN_OR_00018,Oregon,-123.93071778311588,42.215258860445076,negative,known_mining_area_nearby_negative,hard_mrds,0
mixed_50_50,814,NEG_KMN_OR_00019,Oregon,-121.64006209058738,42.135252315450884,negative,known_mining_area_nearby_negative,hard_mrds,0
mixed_50_50,815,NEG_KMN_OR_00021,Oregon,-122.96470919032697,42.35051943310093,negative,known_mining_area_nearby_negative,hard_mrds,0
mixed_50_50,816,NEG_KMN_OR_00024,Oregon,-121.3413217756227,43.99825623078186,negative,known_mining_area_nearby_negative,hard_mrds,0
mixed_50_50,817,NEG_KMN_OR_00026,Oregon,-122.7418432590905,44.67738022221462,negative,known_mining_area_nearby_negative,hard_mrds,0
mixed_50_50,818,NEG_KMN_OR_00029,Oregon,-123.04666815675193,42.74168353322988,negative,known_mining_area_nearby_negative,hard_mrds,0
mixed_50_50,819,NEG_KMN_OR_00033,Oregon,-123.91548495131633,42.33852154262062,negative,known_mining_area_nearby_negative,hard_mrds,0
mixed_50_50,820,NEG_KMN_OR_00034,Oregon,-120.43246882138646,42.04362568257577,negative,known_mining_area_nearby_negative,hard_mrds,0
mixed_50_50,821,NEG_KMN_OR_00036,Oregon,-123.57790576612496,46.19275239971712,negative,known_mining_area_nearby_negative,hard_mrds,0
mixed_50_50,822,NEG_KMN_OR_00037,Oregon,-117.83951823510074,45.78654444818459,negative,known_mining_area_nearby_negative,hard_mrds,0
mixed_50_50,823,NEG_KMN_OR_00038,Oregon,-123.0425677022439,44.24699242158579,negative,known_mining_area_nearby_negative,hard_mrds,0
mixed_50_50,824,NEG_KMN_OR_00040,Oregon,-123.10774670551507,45.18639558629741,negative,known_mining_area_nearby_negative,hard_mrds,0
mixed_50_50,825,NEG_KMN_OR_00042,Oregon,-117.49786175537793,45.31584750342688,negative,known_mining_area_nearby_negative,hard_mrds,0
mixed_50_50,826,NEG_KMN_OR_00043,Oregon,-121.44735522278961,44.57765203756921,negative,known_mining_area_nearby_negative,hard_mrds,0
mixed_50_50,827,NEG_KMN_OR_00045,Oregon,-122.97218978707838,44.483484074750116,negative,known_mining_area_nearby_negative,hard_mrds,0
mixed_50_50,828,NEG_KMN_OR_00046,Oregon,-122.32034150470582,44.939017783501015,negative,known_mining_area_nearby_negative,hard_mrds,0
mixed_50_50,829,NEG_KMN_OR_00047,Oregon,-121.8845207140418,45.108692473360165,negative,known_mining_area_nearby_negative,hard_mrds,0
mixed_50_50,830,NEG_KMN_OR_00048,Oregon,-122.068468434426,45.09815354776236,negative,known_mining_area_nearby_negative,hard_mrds,0
mixed_50_50,831,NEG_KMN_OR_00049,Oregon,-120.89566548714714,44.51735265773091,negative,known_mining_area_nearby_negative,hard_mrds,0
mixed_50_50,832,NEG_KMN_OR_00050,Oregon,-121.19854553079301,43.24928313049767,negative,known_mining_area_nearby_negative,hard_mrds,0
mixed_50_50,833,NEG_KMN_UT_00007,Utah,-111.50861585753563,39.1438340668811,negative,known_mining_area_nearby_negative,hard_mrds,0
mixed_50_50,834,NEG_KMN_UT_00010,Utah,-112.51943302472489,38.43200272744064,negative,known_mining_area_nearby_negative,hard_mrds,0
mixed_50_50,835,NEG_KMN_UT_00011,Utah,-109.50967532167101,38.931834405418485,negative,known_mining_area_nearby_negative,hard_mrds,0
mixed_50_50,836,NEG_KMN_UT_00013,Utah,-110.39562932442266,37.93482601262618,negative,known_mining_area_nearby_negative,hard_mrds,0
mixed_50_50,837,NEG_KMN_UT_00015,Utah,-110.88012522420291,39.44117485225614,negative,known_mining_area_nearby_negative,hard_mrds,0
mixed_50_50,838,NEG_KMN_UT_00016,Utah,-110.3292182631426,38.589065262243004,negative,known_mining_area_nearby_negative,hard_mrds,0
mixed_50_50,839,NEG_KMN_UT_00017,Utah,-112.76522158615074,37.15437313282699,negative,known_mining_area_nearby_negative,hard_mrds,0
mixed_50_50,840,NEG_KMN_UT_00019,Utah,-112.4073492544884,39.998621726194074,negative,known_mining_area_nearby_negative,hard_mrds,0
mixed_50_50,841,NEG_KMN_UT_00020,Utah,-111.92385023605254,41.802985328693495,negative,known_mining_area_nearby_negative,hard_mrds,0
mixed_50_50,842,NEG_KMN_UT_00025,Utah,-113.08955573134875,39.90624040056953,negative,known_mining_area_nearby_negative,hard_mrds,0
mixed_50_50,843,NEG_KMN_UT_00028,Utah,-112.1617465443826,39.394811249502574,negative,known_mining_area_nearby_negative,hard_mrds,0
mixed_50_50,844,NEG_KMN_UT_00029,Utah,-110.59072341872644,37.68258150650609,negative,known_mining_area_nearby_negative,hard_mrds,0
mixed_50_50,845,NEG_KMN_UT_00031,Utah,-111.76361971905305,38.7634407999611,negative,known_mining_area_nearby_negative,hard_mrds,0
mixed_50_50,846,NEG_KMN_UT_00033,Utah,-109.51320199981296,38.747256931748154,negative,known_mining_area_nearby_negative,hard_mrds,0
mixed_50_50,847,NEG_KMN_UT_00035,Utah,-111.05021163438664,38.537413674244405,negative,known_mining_area_nearby_negative,hard_mrds,0
mixed_50_50,848,NEG_KMN_UT_00036,Utah,-109.59404807016381,37.781484872870365,negative,known_mining_area_nearby_negative,hard_mrds,0
mixed_50_50,849,NEG_KMN_UT_00037,Utah,-110.58266076607129,37.679142195678416,negative,known_mining_area_nearby_negative,hard_mrds,0
mixed_50_50,850,NEG_KMN_UT_00038,Utah,-109.25262414281792,38.752456698566036,negative,known_mining_area_nearby_negative,hard_mrds,0
mixed_50_50,851,NEG_KMN_UT_00040,Utah,-113.2231672207779,39.93469701051718,negative,known_mining_area_nearby_negative,hard_mrds,0
mixed_50_50,852,NEG_KMN_UT_00043,Utah,-110.33575877660752,37.07954086641234,negative,known_mining_area_nearby_negative,hard_mrds,0
mixed_50_50,853,NEG_KMN_UT_00046,Utah,-109.25333875284167,37.68097724470846,negative,known_mining_area_nearby_negative,hard_mrds,0
mixed_50_50,854,NEG_KMN_UT_00047,Utah,-111.71141523369442,40.39595075983772,negative,known_mining_area_nearby_negative,hard_mrds,0
mixed_50_50,855,NEG_KMN_UT_00048,Utah,-112.84550537726244,39.95217684550758,negative,known_mining_area_nearby_negative,hard_mrds,0
mixed_50_50,856,NEG_KMN_UT_00049,Utah,-112.46164204355591,37.884663100549055,negative,known_mining_area_nearby_negative,hard_mrds,0
mixed_50_50,857,NEG_KMN_UT_00050,Utah,-109.08686176698416,38.77271473522377,negative,known_mining_area_nearby_negative,hard_mrds,0
mixed_50_50,858,NEG_KMN_WY_00006,Wyoming,-106.24007418759936,43.03997162287874,negative,known_mining_area_nearby_negative,hard_mrds,0
mixed_50_50,859,NEG_KMN_WY_00009,Wyoming,-106.25868791100015,41.09518204584035,negative,known_mining_area_nearby_negative,hard_mrds,0
mixed_50_50,860,NEG_KMN_WY_00010,Wyoming,-105.90301666773667,43.73059494982451,negative,known_mining_area_nearby_negative,hard_mrds,0
mixed_50_50,861,NEG_KMN_WY_00011,Wyoming,-107.47346982807653,42.69565177261885,negative,known_mining_area_nearby_negative,hard_mrds,0
mixed_50_50,862,NEG_KMN_WY_00013,Wyoming,-107.06418719063083,43.41085934191296,negative,known_mining_area_nearby_negative,hard_mrds,0
mixed_50_50,863,NEG_KMN_WY_00015,Wyoming,-107.24196044787857,42.90243268197918,negative,known_mining_area_nearby_negative,hard_mrds,0
mixed_50_50,864,NEG_KMN_WY_00016,Wyoming,-106.66062581283995,42.50431486372186,negative,known_mining_area_nearby_negative,hard_mrds,0
mixed_50_50,865,NEG_KMN_WY_00019,Wyoming,-107.89187300651548,44.99927513812107,negative,known_mining_area_nearby_negative,hard_mrds,0
mixed_50_50,866,NEG_KMN_WY_00020,Wyoming,-109.24151190032586,41.18875673248191,negative,known_mining_area_nearby_negative,hard_mrds,0
mixed_50_50,867,NEG_KMN_WY_00024,Wyoming,-104.50884337467528,43.08955222056151,negative,known_mining_area_nearby_negative,hard_mrds,0
mixed_50_50,868,NEG_KMN_WY_00028,Wyoming,-105.81491944237433,41.36151786548139,negative,known_mining_area_nearby_negative,hard_mrds,0
mixed_50_50,869,NEG_KMN_WY_00029,Wyoming,-106.47942042437705,43.79561369704264,negative,known_mining_area_nearby_negative,hard_mrds,0
mixed_50_50,870,NEG_KMN_WY_00030,Wyoming,-105.78723780143054,43.74992595578544,negative,known_mining_area_nearby_negative,hard_mrds,0
mixed_50_50,871,NEG_KMN_WY_00031,Wyoming,-109.26198509181376,43.32709357712441,negative,known_mining_area_nearby_negative,hard_mrds,0
mixed_50_50,872,NEG_KMN_WY_00032,Wyoming,-106.3142845774218,42.60447020781545,negative,known_mining_area_nearby_negative,hard_mrds,0
mixed_50_50,873,NEG_KMN_WY_00034,Wyoming,-104.1081661757193,44.42453737890222,negative,known_mining_area_nearby_negative,hard_mrds,0
mixed_50_50,874,NEG_KMN_WY_00035,Wyoming,-105.04635707235116,44.49877759327616,negative,known_mining_area_nearby_negative,hard_mrds,0
mixed_50_50,875,NEG_KMN_WY_00036,Wyoming,-106.13331386871369,41.047924468408915,negative,known_mining_area_nearby_negative,hard_mrds,0
mixed_50_50,876,NEG_KMN_WY_00039,Wyoming,-104.93679284227073,42.7122893910079,negative,known_mining_area_nearby_negative,hard_mrds,0
mixed_50_50,877,NEG_KMN_WY_00045,Wyoming,-106.15758092779424,43.66761621710023,negative,known_mining_area_nearby_negative,hard_mrds,0
mixed_50_50,878,NEG_KMN_WY_00046,Wyoming,-106.67408429727993,43.778889627997124,negative,known_mining_area_nearby_negative,hard_mrds,0
mixed_50_50,879,NEG_KMN_WY_00047,Wyoming,-107.52064006614125,42.60910979323863,negative,known_mining_area_nearby_negative,hard_mrds,0
mixed_50_50,880,NEG_KMN_WY_00048,Wyoming,-107.6585025293092,42.51495938834736,negative,known_mining_area_nearby_negative,hard_mrds,0
mixed_50_50,881,NEG_KMN_WY_00049,Wyoming,-105.71801020714236,43.78436703311768,negative,known_mining_area_nearby_negative,hard_mrds,0
mixed_50_50,882,NEG_KMN_WY_00050,Wyoming,-106.2312322580446,41.65233594187603,negative,known_mining_area_nearby_negative,hard_mrds,0
mixed_50_50,883,NEG_KMN_CO_00001,Colorado,-105.03973948483457,39.60693095681576,negative,known_mining_area_nearby_negative,hard_mrds,0
mixed_50_50,884,NEG_KMN_CO_00003,Colorado,-106.11549444657243,38.64464894303007,negative,known_mining_area_nearby_negative,hard_mrds,0
mixed_50_50,885,NEG_KMN_CO_00004,Colorado,-108.77638473511269,38.60508490242844,negative,known_mining_area_nearby_negative,hard_mrds,0
mixed_50_50,886,NEG_KMN_CO_00005,Colorado,-105.92151436939514,40.385766118497365,negative,known_mining_area_nearby_negative,hard_mrds,0
mixed_50_50,887,NEG_KMN_CO_00006,Colorado,-102.73932965246496,40.790572564501886,negative,known_mining_area_nearby_negative,hard_mrds,0
mixed_50_50,888,NEG_KMN_CO_00010,Colorado,-105.36606742240099,40.74694279700668,negative,known_mining_area_nearby_negative,hard_mrds,0
mixed_50_50,889,NEG_KMN_CO_00012,Colorado,-105.15220184263904,38.63360296690719,negative,known_mining_area_nearby_negative,hard_mrds,0
mixed_50_50,890,NEG_KMN_CO_00013,Colorado,-107.0457296758741,39.072492689618585,negative,known_mining_area_nearby_negative,hard_mrds,0
mixed_50_50,891,NEG_KMN_CO_00018,Colorado,-106.36906770230485,39.446970344777654,negative,known_mining_area_nearby_negative,hard_mrds,0
mixed_50_50,892,NEG_KMN_CO_00019,Colorado,-109.01291572465584,38.39948742178007,negative,known_mining_area_nearby_negative,hard_mrds,0
mixed_50_50,893,NEG_KMN_CO_00020,Colorado,-105.18496197290528,39.35231000594725,negative,known_mining_area_nearby_negative,hard_mrds,0
mixed_50_50,894,NEG_KMN_CO_00024,Colorado,-108.93690192845457,38.034126672233185,negative,known_mining_area_nearby_negative,hard_mrds,0
mixed_50_50,895,NEG_KMN_CO_00025,Colorado,-108.84132960907448,37.94426470322428,negative,known_mining_area_nearby_negative,hard_mrds,0
mixed_50_50,896,NEG_KMN_CO_00027,Colorado,-105.59302462700072,38.86013305730861,negative,known_mining_area_nearby_negative,hard_mrds,0
mixed_50_50,897,NEG_KMN_CO_00029,Colorado,-105.17350896695928,39.66361371671814,negative,known_mining_area_nearby_negative,hard_mrds,0
mixed_50_50,898,NEG_KMN_CO_00030,Colorado,-104.01693734952369,39.566757742256804,negative,known_mining_area_nearby_negative,hard_mrds,0
mixed_50_50,899,NEG_KMN_CO_00032,Colorado,-108.75089465509097,38.27010348203999,negative,known_mining_area_nearby_negative,hard_mrds,0
mixed_50_50,900,NEG_KMN_CO_00033,Colorado,-108.74833261227116,38.48982145141416,negative,known_mining_area_nearby_negative,hard_mrds,0
mixed_50_50,901,NEG_KMN_CO_00034,Colorado,-105.5251784534064,40.18839559095286,negative,known_mining_area_nearby_negative,hard_mrds,0
mixed_50_50,902,NEG_KMN_CO_00036,Colorado,-104.96718302888883,39.125916979833605,negative,known_mining_area_nearby_negative,hard_mrds,0
mixed_50_50,903,NEG_KMN_ID_00002,Idaho,-115.2076703153416,45.02431976617581,negative,known_mining_area_nearby_negative,hard_mrds,0
mixed_50_50,904,NEG_KMN_ID_00003,Idaho,-113.33334383981628,44.67840948426119,negative,known_mining_area_nearby_negative,hard_mrds,0
mixed_50_50,905,NEG_KMN_ID_00006,Idaho,-114.21529581382606,44.128311056723646,negative,known_mining_area_nearby_negative,hard_mrds,0
mixed_50_50,906,NEG_KMN_ID_00007,Idaho,-114.78091933270076,44.43821253010042,negative,known_mining_area_nearby_negative,hard_mrds,0
mixed_50_50,907,NEG_KMN_ID_00010,Idaho,-116.6872108687839,43.65009958804628,negative,known_mining_area_nearby_negative,hard_mrds,0
mixed_50_50,908,NEG_KMN_ID_00012,Idaho,-116.3956432010678,46.734490907579854,negative,known_mining_area_nearby_negative,hard_mrds,0
mixed_50_50,909,NEG_KMN_ID_00015,Idaho,-114.54355789210865,43.31381742683294,negative,known_mining_area_nearby_negative,hard_mrds,0
mixed_50_50,910,NEG_KMN_ID_00018,Idaho,-111.4265120950356,43.20964857336777,negative,known_mining_area_nearby_negative,hard_mrds,0
mixed_50_50,911,NEG_KMN_ID_00020,Idaho,-115.32033245094806,45.0185133951158,negative,known_mining_area_nearby_negative,hard_mrds,0
mixed_50_50,912,NEG_KMN_ID_00022,Idaho,-111.87461005515047,43.64139095478506,negative,known_mining_area_nearby_negative,hard_mrds,0
mixed_50_50,913,NEG_KMN_ID_00023,Idaho,-115.54634630814655,45.89456130622941,negative,known_mining_area_nearby_negative,hard_mrds,0
mixed_50_50,914,NEG_KMN_ID_00024,Idaho,-116.39854573213586,43.53470572327378,negative,known_mining_area_nearby_negative,hard_mrds,0
mixed_50_50,915,NEG_KMN_ID_00025,Idaho,-116.11704521446558,43.9427832774183,negative,known_mining_area_nearby_negative,hard_mrds,0
mixed_50_50,916,NEG_KMN_ID_00026,Idaho,-116.19086620173198,46.0837865642467,negative,known_mining_area_nearby_negative,hard_mrds,0
mixed_50_50,917,NEG_KMN_ID_00029,Idaho,-114.54842185751454,43.91215886075356,negative,known_mining_area_nearby_negative,hard_mrds,0
mixed_50_50,918,NEG_KMN_ID_00033,Idaho,-116.43298293927535,47.06989502784168,negative,known_mining_area_nearby_negative,hard_mrds,0
mixed_50_50,919,NEG_KMN_ID_00035,Idaho,-116.52333461227317,48.15816545067748,negative,known_mining_area_nearby_negative,hard_mrds,0
mixed_50_50,920,NEG_KMN_ID_00036,Idaho,-114.21094186759268,42.52336807205924,negative,known_mining_area_nearby_negative,hard_mrds,0
mixed_50_50,921,NEG_KMN_ID_00038,Idaho,-113.62434808202318,44.74238092029926,negative,known_mining_area_nearby_negative,hard_mrds,0
mixed_50_50,922,NEG_KMN_ID_00040,Idaho,-116.95032019567145,46.73473471983147,negative,known_mining_area_nearby_negative,hard_mrds,0
mixed_50_50,923,NEG_KMN_MO_00001,Montana,-104.56183357289433,48.44511062135344,negative,known_mining_area_nearby_negative,hard_mrds,0
mixed_50_50,924,NEG_KMN_MO_00003,Montana,-109.31104476613564,47.124693085344745,negative,known_mining_area_nearby_negative,hard_mrds,0
mixed_50_50,925,NEG_KMN_MO_00004,Montana,-113.37847984033033,46.15546075666363,negative,known_mining_area_nearby_negative,hard_mrds,0
mixed_50_50,926,NEG_KMN_MO_00005,Montana,-113.26647676731625,46.232903887592286,negative,known_mining_area_nearby_negative,hard_mrds,0
mixed_50_50,927,NEG_KMN_MO_00007,Montana,-111.96291293765694,46.09040690974157,negative,known_mining_area_nearby_negative,hard_mrds,0
mixed_50_50,928,NEG_KMN_MO_00008,Montana,-110.77212757605878,45.14612209734827,negative,known_mining_area_nearby_negative,hard_mrds,0
mixed_50_50,929,NEG_KMN_MO_00009,Montana,-112.49386385521859,45.05903445879512,negative,known_mining_area_nearby_negative,hard_mrds,0
mixed_50_50,930,NEG_KMN_MO_00012,Montana,-112.8999074079839,48.5966877160084,negative,known_mining_area_nearby_negative,hard_mrds,0
mixed_50_50,931,NEG_KMN_MO_00013,Montana,-111.26705355317506,45.25610609049034,negative,known_mining_area_nearby_negative,hard_mrds,0
mixed_50_50,932,NEG_KMN_MO_00021,Montana,-112.05069388643568,44.917757996299066,negative,known_mining_area_nearby_negative,hard_mrds,0
mixed_50_50,933,NEG_KMN_MO_00022,Montana,-112.12616208971951,46.37635318049117,negative,known_mining_area_nearby_negative,hard_mrds,0
mixed_50_50,934,NEG_KMN_MO_00025,Montana,-112.62852799196259,45.53074203112388,negative,known_mining_area_nearby_negative,hard_mrds,0
mixed_50_50,935,NEG_KMN_MO_00027,Montana,-111.95538156309647,45.93325219266607,negative,known_mining_area_nearby_negative,hard_mrds,0
mixed_50_50,936,NEG_KMN_MO_00029,Montana,-113.23795413499874,46.72139497732545,negative,known_mining_area_nearby_negative,hard_mrds,0
mixed_50_50,937,NEG_KMN_MO_00030,Montana,-112.80721639537518,47.174483476959516,negative,known_mining_area_nearby_negative,hard_mrds,0
mixed_50_50,938,NEG_KMN_CA_00001,California,-120.85364935117866,38.46576967564577,negative,known_mining_area_nearby_negative,hard_mrds,0
mixed_50_50,939,NEG_KMN_CA_00003,California,-118.58151321294105,37.74467441938443,negative,known_mining_area_nearby_negative,hard_mrds,0
mixed_50_50,940,NEG_KMN_CA_00006,California,-121.7781755556004,39.959129317474286,negative,known_mining_area_nearby_negative,hard_mrds,0
mixed_50_50,941,NEG_KMN_CA_00008,California,-120.3774097398375,38.175020158127175,negative,known_mining_area_nearby_negative,hard_mrds,0
mixed_50_50,942,NEG_KMN_CA_00010,California,-121.50585936952314,37.51060620722961,negative,known_mining_area_nearby_negative,hard_mrds,0
mixed_50_50,943,NEG_KMN_CA_00015,California,-122.0833754958191,38.625675440371175,negative,known_mining_area_nearby_negative,hard_mrds,0
mixed_50_50,944,NEG_KMN_CA_00016,California,-123.68280726894125,41.65958114120094,negative,known_mining_area_nearby_negative,hard_mrds,0
mixed_50_50,945,NEG_KMN_CA_00017,California,-121.45304956042162,37.270389087488745,negative,known_mining_area_nearby_negative,hard_mrds,0
mixed_50_50,946,NEG_KMN_CA_00018,California,-121.04151114710396,38.68174979336638,negative,known_mining_area_nearby_negative,hard_mrds,0
mixed_50_50,947,NEG_KMN_CA_00019,California,-121.1685355077957,39.43028220200923,negative,known_mining_area_nearby_negative,hard_mrds,0
mixed_50_50,948,NEU_BKG_000002,Arizona,-110.33525289809339,36.3829527844391,neutral,neutral_unlabeled_background,background_proxy,0
mixed_50_50,949,NEU_BKG_000004,Arizona,-110.04112100633174,33.687950910810684,neutral,neutral_unlabeled_background,background_proxy,0
mixed_50_50,950,NEU_BKG_000005,Arizona,-112.71282785799417,35.09751873334132,neutral,neutral_unlabeled_background,background_proxy,0
mixed_50_50,951,NEU_BKG_000008,Arizona,-110.97878779632663,34.423063063119,neutral,neutral_unlabeled_background,background_proxy,0
mixed_50_50,952,NEU_BKG_000009,Arizona,-114.27591257853962,35.62929579339172,neutral,neutral_unlabeled_background,background_proxy,0
mixed_50_50,953,NEU_BKG_000010,Arizona,-110.13090859910766,35.18173369738985,neutral,neutral_unlabeled_background,background_proxy,0
mixed_50_50,954,NEU_BKG_000014,Arizona,-110.77600290543488,36.5757547909472,neutral,neutral_unlabeled_background,background_proxy,0
mixed_50_50,955,NEU_BKG_000016,Arizona,-109.74033844783393,35.19776387898026,neutral,neutral_unlabeled_background,background_proxy,0
mixed_50_50,956,NEU_BKG_000017,Arizona,-111.55723355268245,36.35580358791757,neutral,neutral_unlabeled_background,background_proxy,0
mixed_50_50,957,NEU_BKG_000020,Arizona,-111.0375956252418,36.66279965416035,neutral,neutral_unlabeled_background,background_proxy,0
mixed_50_50,958,NEU_BKG_000023,Arizona,-110.50525968117738,35.29239200421724,neutral,neutral_unlabeled_background,background_proxy,0
mixed_50_50,959,NEU_BKG_000024,Arizona,-113.86450050705912,34.59452723204309,neutral,neutral_unlabeled_background,background_proxy,0
mixed_50_50,960,NEU_BKG_000026,Arizona,-112.27298397411845,35.65094170486064,neutral,neutral_unlabeled_background,background_proxy,0
mixed_50_50,961,NEU_BKG_000029,Arizona,-112.02386957251635,36.61705180761276,neutral,neutral_unlabeled_background,background_proxy,0
mixed_50_50,962,NEU_BKG_000030,Arizona,-113.30023687030807,32.649752055821295,neutral,neutral_unlabeled_background,background_proxy,0
mixed_50_50,963,NEU_BKG_000031,Arizona,-110.04417304942064,36.496059063203894,neutral,neutral_unlabeled_background,background_proxy,0
mixed_50_50,964,NEU_BKG_000034,Arizona,-110.57831115253187,36.20044923165141,neutral,neutral_unlabeled_background,background_proxy,0
mixed_50_50,965,NEU_BKG_000035,Arizona,-110.69072687742079,36.0326643399294,neutral,neutral_unlabeled_background,background_proxy,0
mixed_50_50,966,NEU_BKG_000036,Arizona,-109.5796749368504,33.35436164317016,neutral,neutral_unlabeled_background,background_proxy,0
mixed_50_50,967,NEU_BKG_000040,Arizona,-112.14712716564156,36.848693825946974,neutral,neutral_unlabeled_background,background_proxy,0
mixed_50_50,968,NEU_BKG_000041,Arizona,-110.27794212008432,34.5289333271346,neutral,neutral_unlabeled_background,background_proxy,0
mixed_50_50,969,NEU_BKG_000042,Arizona,-113.01490579045023,35.39244427019557,neutral,neutral_unlabeled_background,background_proxy,0
mixed_50_50,970,NEU_BKG_000043,Arizona,-109.45452911346497,34.89743873665339,neutral,neutral_unlabeled_background,background_proxy,0
mixed_50_50,971,NEU_BKG_000044,Arizona,-111.17588284113934,36.88963741124274,neutral,neutral_unlabeled_background,background_proxy,0
mixed_50_50,972,NEU_BKG_000047,Arizona,-113.37564897284133,34.9592817937151,neutral,neutral_unlabeled_background,background_proxy,0
mixed_50_50,973,NEU_BKG_000048,Arizona,-112.47864560206833,35.52646599023487,neutral,neutral_unlabeled_background,background_proxy,0
mixed_50_50,974,NEU_BKG_000049,Arizona,-113.12136338402739,35.72796944477336,neutral,neutral_unlabeled_background,background_proxy,0
mixed_50_50,975,NEU_BKG_000050,Arizona,-113.78375021894718,36.60853327051994,neutral,neutral_unlabeled_background,background_proxy,0
mixed_50_50,976,NEU_BKG_000051,Arizona,-110.77073427855352,36.22249525250567,neutral,neutral_unlabeled_background,background_proxy,0
mixed_50_50,977,NEU_BKG_000052,Arizona,-110.65525786331887,36.23088968206577,neutral,neutral_unlabeled_background,background_proxy,0
mixed_50_50,978,NEU_BKG_000053,Arizona,-112.3257149962096,36.43485478912294,neutral,neutral_unlabeled_background,background_proxy,0
mixed_50_50,979,NEU_BKG_000055,Arizona,-109.37050677187675,36.19393458483138,neutral,neutral_unlabeled_background,background_proxy,0
mixed_50_50,980,NEU_BKG_000057,Arizona,-112.55516915232887,32.90351585210607,neutral,neutral_unlabeled_background,background_proxy,0
mixed_50_50,981,NEU_BKG_000058,Arizona,-110.12673154926128,33.52453459608985,neutral,neutral_unlabeled_background,background_proxy,0
mixed_50_50,982,NEU_BKG_000060,Arizona,-110.67568125940682,36.99278558057726,neutral,neutral_unlabeled_background,background_proxy,0
mixed_50_50,983,NEU_BKG_000066,Arizona,-109.68484760056975,35.40216163240846,neutral,neutral_unlabeled_background,background_proxy,0
mixed_50_50,984,NEU_BKG_000068,Arizona,-112.78507155671433,35.45688920311945,neutral,neutral_unlabeled_background,background_proxy,0
mixed_50_50,985,NEU_BKG_000069,Arizona,-111.2668158944824,36.435231593684165,neutral,neutral_unlabeled_background,background_proxy,0
mixed_50_50,986,NEU_BKG_000070,Arizona,-111.66349853080885,35.734504755386375,neutral,neutral_unlabeled_background,background_proxy,0
mixed_50_50,987,NEU_BKG_000073,Arizona,-110.61923735910693,35.991818362088,neutral,neutral_unlabeled_background,background_proxy,0
mixed_50_50,988,NEU_BKG_000075,Arizona,-109.84982827122792,33.22396918923331,neutral,neutral_unlabeled_background,background_proxy,0
mixed_50_50,989,NEU_BKG_000078,Arizona,-109.85893580052378,33.621356968140425,neutral,neutral_unlabeled_background,background_proxy,0
mixed_50_50,990,NEU_BKG_000081,Arizona,-113.01200747178424,35.455653533490384,neutral,neutral_unlabeled_background,background_proxy,0
mixed_50_50,991,NEU_BKG_000085,Arizona,-110.93053364823099,34.72200256590881,neutral,neutral_unlabeled_background,background_proxy,0
mixed_50_50,992,NEU_BKG_000089,Arizona,-110.62677942196422,34.642882660967416,neutral,neutral_unlabeled_background,background_proxy,0
mixed_50_50,993,NEU_BKG_000090,Arizona,-112.95183057715569,36.99044255833725,neutral,neutral_unlabeled_background,background_proxy,0
mixed_50_50,994,NEU_BKG_000092,Arizona,-113.55892017110199,36.64834526501529,neutral,neutral_unlabeled_background,background_proxy,0
mixed_50_50,995,NEU_BKG_000093,Arizona,-109.18531445743643,34.76014132578748,neutral,neutral_unlabeled_background,background_proxy,0
mixed_50_50,996,NEU_BKG_000100,Arizona,-113.60532875043522,32.15544954569883,neutral,neutral_unlabeled_background,background_proxy,0
mixed_50_50,997,NEU_BKG_000104,Arizona,-109.73944152505314,35.470893449843665,neutral,neutral_unlabeled_background,background_proxy,0
mixed_50_50,998,NEU_BKG_000109,Arizona,-110.3674972270105,36.60106601875883,neutral,neutral_unlabeled_background,background_proxy,0
mixed_50_50,999,NEU_BKG_000110,Arizona,-111.03814152810544,36.62965604170414,neutral,neutral_unlabeled_background,background_proxy,0
mixed_50_50,1000,NEU_BKG_000112,Arizona,-110.26630559769247,35.33434645342264,neutral,neutral_unlabeled_background,background_proxy,0
mixed_50_50,1001,NEU_BKG_000114,Arizona,-110.11642362652915,36.36958345403409,neutral,neutral_unlabeled_background,background_proxy,0
mixed_50_50,1002,NEU_BKG_000116,Arizona,-109.08908969800395,34.854523458152066,neutral,neutral_unlabeled_background,background_proxy,0
mixed_50_50,1003,NEU_BKG_000117,Arizona,-113.21061853312128,32.838337294447356,neutral,neutral_unlabeled_background,background_proxy,0
mixed_50_50,1004,NEU_BKG_000118,Arizona,-111.81093873083638,36.438419340992446,neutral,neutral_unlabeled_background,background_proxy,0
mixed_50_50,1005,NEU_BKG_000119,Arizona,-110.4659361579542,36.14199996373855,neutral,neutral_unlabeled_background,background_proxy,0
mixed_50_50,1006,NEU_BKG_000122,Arizona,-113.33107473303728,36.499951303513775,neutral,neutral_unlabeled_background,background_proxy,0
mixed_50_50,1007,NEU_BKG_000125,Arizona,-113.03727796975618,36.98538192630534,neutral,neutral_unlabeled_background,background_proxy,0
mixed_50_50,1008,NEU_BKG_000126,Arizona,-110.95508752584703,34.46643177488849,neutral,neutral_unlabeled_background,background_proxy,0
mixed_50_50,1009,NEU_BKG_000127,Arizona,-114.3796138857922,33.17136101764282,neutral,neutral_unlabeled_background,background_proxy,0
mixed_50_50,1010,NEU_BKG_000128,Arizona,-109.69130966966728,36.66434928857194,neutral,neutral_unlabeled_background,background_proxy,0
mixed_50_50,1011,NEU_BKG_000131,Arizona,-109.7943490148891,35.404698981315185,neutral,neutral_unlabeled_background,background_proxy,0
mixed_50_50,1012,NEU_BKG_000132,Arizona,-111.65175943501067,36.5196655068998,neutral,neutral_unlabeled_background,background_proxy,0
mixed_50_50,1013,NEU_BKG_000133,Arizona,-110.77190890584676,34.571485912788525,neutral,neutral_unlabeled_background,background_proxy,0
mixed_50_50,1014,NEU_BKG_000134,Arizona,-112.15071629063804,36.51768457470214,neutral,neutral_unlabeled_background,background_proxy,0
mixed_50_50,1015,NEU_BKG_000136,Arizona,-109.8194693514661,36.64105782060916,neutral,neutral_unlabeled_background,background_proxy,0
mixed_50_50,1016,NEU_BKG_000137,Arizona,-110.77368488328587,34.85474730595234,neutral,neutral_unlabeled_background,background_proxy,0
mixed_50_50,1017,NEU_BKG_000138,Arizona,-109.1621096626083,36.19854707227076,neutral,neutral_unlabeled_background,background_proxy,0
mixed_50_50,1018,NEU_BKG_000139,Arizona,-111.93842457036929,35.868383180582576,neutral,neutral_unlabeled_background,background_proxy,0
mixed_50_50,1019,NEU_BKG_000141,Arizona,-110.60069051881833,35.643635908276416,neutral,neutral_unlabeled_background,background_proxy,0
mixed_50_50,1020,NEU_BKG_000142,Arizona,-109.45127923243585,31.80511352534849,neutral,neutral_unlabeled_background,background_proxy,0
mixed_50_50,1021,NEU_BKG_000146,Arizona,-110.43614530312827,35.675116715906185,neutral,neutral_unlabeled_background,background_proxy,0
mixed_50_50,1022,NEU_BKG_000149,Arizona,-111.17421981444532,36.6140412959024,neutral,neutral_unlabeled_background,background_proxy,0
mixed_50_50,1023,NEU_BKG_000151,Arizona,-110.55596636681852,36.422642744852844,neutral,neutral_unlabeled_background,background_proxy,0
mixed_50_50,1024,NEU_BKG_000152,Arizona,-110.40263963653933,34.589515287979864,neutral,neutral_unlabeled_background,background_proxy,0
mixed_50_50,1025,NEU_BKG_000153,Arizona,-113.6083515869117,33.27194895733085,neutral,neutral_unlabeled_background,background_proxy,0
mixed_50_50,1026,NEU_BKG_000155,Arizona,-113.86690677592622,36.18187357727177,neutral,neutral_unlabeled_background,background_proxy,0
mixed_50_50,1027,NEU_BKG_000156,Arizona,-110.76394282268889,36.95328208773519,neutral,neutral_unlabeled_background,background_proxy,0
mixed_50_50,1028,NEU_BKG_000157,Arizona,-111.29670508515414,35.40090290283969,neutral,neutral_unlabeled_background,background_proxy,0
mixed_50_50,1029,NEU_BKG_000159,Arizona,-111.84679036175486,36.964747953648754,neutral,neutral_unlabeled_background,background_proxy,0
mixed_50_50,1030,NEU_BKG_000160,Arizona,-112.94466531071782,35.46783925535898,neutral,neutral_unlabeled_background,background_proxy,0
mixed_50_50,1031,NEU_BKG_000163,Arizona,-111.71784020688568,34.19767668230107,neutral,neutral_unlabeled_background,background_proxy,0
mixed_50_50,1032,NEU_BKG_000164,Arizona,-109.74442959578694,35.788399097172494,neutral,neutral_unlabeled_background,background_proxy,0
mixed_50_50,1033,NEU_BKG_000166,Arizona,-112.83482517412888,36.98898155172259,neutral,neutral_unlabeled_background,background_proxy,0
mixed_50_50,1034,NEU_BKG_000167,Arizona,-113.18759364402032,35.853185946989626,neutral,neutral_unlabeled_background,background_proxy,0
mixed_50_50,1035,NEU_BKG_000168,Arizona,-111.85491548133008,36.108026063480686,neutral,neutral_unlabeled_background,background_proxy,0
mixed_50_50,1036,NEU_BKG_000169,Arizona,-110.66468048956268,36.8732030445212,neutral,neutral_unlabeled_background,background_proxy,0
mixed_50_50,1037,NEU_BKG_000170,Arizona,-109.36427883612376,34.7189614239504,neutral,neutral_unlabeled_background,background_proxy,0
mixed_50_50,1038,NEU_BKG_000172,Arizona,-109.83858321114751,33.87710079822259,neutral,neutral_unlabeled_background,background_proxy,0
mixed_50_50,1039,NEU_BKG_000173,Arizona,-110.5181562977298,36.23899271491496,neutral,neutral_unlabeled_background,background_proxy,0
mixed_50_50,1040,NEU_BKG_000174,Arizona,-110.07223653806871,35.14521031262207,neutral,neutral_unlabeled_background,background_proxy,0
mixed_50_50,1041,NEU_BKG_000176,Arizona,-110.8675825374665,34.90463944629274,neutral,neutral_unlabeled_background,background_proxy,0
mixed_50_50,1042,NEU_BKG_000180,Arizona,-110.2205807170529,32.57110616279608,neutral,neutral_unlabeled_background,background_proxy,0
mixed_50_50,1043,NEU_BKG_000182,Arizona,-109.54827908028172,33.92349171226971,neutral,neutral_unlabeled_background,background_proxy,0
mixed_50_50,1044,NEU_BKG_000187,Arizona,-112.34227746622973,35.64822571574249,neutral,neutral_unlabeled_background,background_proxy,0
mixed_50_50,1045,NEU_BKG_000188,Arizona,-113.45226900202894,35.938579183470125,neutral,neutral_unlabeled_background,background_proxy,0
mixed_50_50,1046,NEU_BKG_000189,Arizona,-113.80155260545969,32.56998531356363,neutral,neutral_unlabeled_background,background_proxy,0
mixed_50_50,1047,NEU_BKG_000190,Arizona,-113.2756683056729,32.890598992148995,neutral,neutral_unlabeled_background,background_proxy,0
mixed_50_50,1048,NEU_BKG_000191,Arizona,-112.89321626814923,32.69038885603408,neutral,neutral_unlabeled_background,background_proxy,0
mixed_50_50,1049,NEU_BKG_000193,Arizona,-111.93176137767985,36.52332564601084,neutral,neutral_unlabeled_background,background_proxy,0
mixed_50_50,1050,NEU_BKG_000197,Arizona,-113.57141974039536,36.34569768870035,neutral,neutral_unlabeled_background,background_proxy,0
mixed_50_50,1051,NEU_BKG_000201,Arizona,-110.3875613916776,36.298141220914154,neutral,neutral_unlabeled_background,background_proxy,0
mixed_50_50,1052,NEU_BKG_000202,Arizona,-112.77572556344788,35.401901156197596,neutral,neutral_unlabeled_background,background_proxy,0
mixed_50_50,1053,NEU_BKG_000203,Arizona,-110.86310504586554,36.718660894108304,neutral,neutral_unlabeled_background,background_proxy,0
mixed_50_50,1054,NEU_BKG_000204,Arizona,-111.8195584060079,36.389637937917925,neutral,neutral_unlabeled_background,background_proxy,0
mixed_50_50,1055,NEU_BKG_000206,Arizona,-111.94903852329004,36.4376583196292,neutral,neutral_unlabeled_background,background_proxy,0
mixed_50_50,1056,NEU_BKG_000210,Arizona,-109.19980730121189,31.363444176369747,neutral,neutral_unlabeled_background,background_proxy,0
mixed_50_50,1057,NEU_BKG_000214,Arizona,-109.19813453260805,31.732462606958013,neutral,neutral_unlabeled_background,background_proxy,0
mixed_50_50,1058,NEU_BKG_000216,Arizona,-109.16573087838317,34.56192401391092,neutral,neutral_unlabeled_background,background_proxy,0
mixed_50_50,1059,NEU_BKG_000217,Arizona,-113.11297349734333,32.58088616244712,neutral,neutral_unlabeled_background,background_proxy,0
mixed_50_50,1060,NEU_BKG_000218,Arizona,-111.0422034051679,34.78269525219605,neutral,neutral_unlabeled_background,background_proxy,0
mixed_50_50,1061,NEU_BKG_000223,Arizona,-111.37122420324538,36.49727428746332,neutral,neutral_unlabeled_background,background_proxy,0
mixed_50_50,1062,NEU_BKG_000226,Arizona,-109.72193208941374,35.849152874386526,neutral,neutral_unlabeled_background,background_proxy,0
mixed_50_50,1063,NEU_BKG_000227,Arizona,-110.6969104475224,35.90596923859055,neutral,neutral_unlabeled_background,background_proxy,0
mixed_50_50,1064,NEU_BKG_000228,Arizona,-110.77955533769662,36.85157452131818,neutral,neutral_unlabeled_background,background_proxy,0
mixed_50_50,1065,NEU_BKG_000229,Arizona,-110.45925049470988,36.136857743508834,neutral,neutral_unlabeled_background,background_proxy,0
mixed_50_50,1066,NEU_BKG_000230,Arizona,-110.55036152716166,34.649715115898836,neutral,neutral_unlabeled_background,background_proxy,0
mixed_50_50,1067,NEU_BKG_000232,Arizona,-113.06018769416286,36.86202601072232,neutral,neutral_unlabeled_background,background_proxy,0
mixed_50_50,1068,NEU_BKG_000234,Arizona,-110.00217700505092,33.623594036840245,neutral,neutral_unlabeled_background,background_proxy,0
mixed_50_50,1069,NEU_BKG_000235,Arizona,-113.4127318362669,36.41242103919449,neutral,neutral_unlabeled_background,background_proxy,0
mixed_50_50,1070,NEU_BKG_000240,Arizona,-109.95487238209019,35.16324090658338,neutral,neutral_unlabeled_background,background_proxy,0
mixed_50_50,1071,NEU_BKG_000242,Arizona,-111.3188912453921,36.24223847002385,neutral,neutral_unlabeled_background,background_proxy,0
mixed_50_50,1072,NEU_BKG_000243,Arizona,-113.21122466779056,36.850871683731455,neutral,neutral_unlabeled_background,background_proxy,0
mixed_50_50,1073,NEU_BKG_000247,Arizona,-113.01712992996244,33.356959925245356,neutral,neutral_unlabeled_background,background_proxy,0
mixed_50_50,1074,NEU_BKG_000248,Arizona,-111.54941149679657,36.37792556083138,neutral,neutral_unlabeled_background,background_proxy,0
mixed_50_50,1075,NEU_BKG_000249,Arizona,-109.05026757484102,32.48524653234819,neutral,neutral_unlabeled_background,background_proxy,0
mixed_50_50,1076,NEU_BKG_000251,Arizona,-110.39714547753915,36.25867769922935,neutral,neutral_unlabeled_background,background_proxy,0
mixed_50_50,1077,NEU_BKG_000253,Arizona,-112.79067791657447,35.042609700897025,neutral,neutral_unlabeled_background,background_proxy,0
mixed_50_50,1078,NEU_BKG_000254,Arizona,-113.41977552537186,36.6342916891628,neutral,neutral_unlabeled_background,background_proxy,0
mixed_50_50,1079,NEU_BKG_000255,Arizona,-110.79507848641545,36.23365161253255,neutral,neutral_unlabeled_background,background_proxy,0
mixed_50_50,1080,NEU_BKG_000257,Arizona,-112.5009062904667,35.790684859188595,neutral,neutral_unlabeled_background,background_proxy,0
mixed_50_50,1081,NEU_BKG_000260,Arizona,-111.8157959740855,36.22884701756819,neutral,neutral_unlabeled_background,background_proxy,0
mixed_50_50,1082,NEU_BKG_000262,Arizona,-110.65714396425939,35.54552802454971,neutral,neutral_unlabeled_background,background_proxy,0
mixed_50_50,1083,NEU_BKG_000263,Arizona,-112.55678714413732,36.60783373255333,neutral,neutral_unlabeled_background,background_proxy,0
mixed_50_50,1084,NEU_BKG_000265,Arizona,-109.57651892241543,34.74190031295307,neutral,neutral_unlabeled_background,background_proxy,0
mixed_50_50,1085,NEU_BKG_000268,Arizona,-113.04605701089177,33.36274665204924,neutral,neutral_unlabeled_background,background_proxy,0
mixed_50_50,1086,NEU_BKG_000269,Arizona,-113.84362204360005,36.1658574220955,neutral,neutral_unlabeled_background,background_proxy,0
mixed_50_50,1087,NEU_BKG_000270,Arizona,-114.35116339747154,33.172013406462646,neutral,neutral_unlabeled_background,background_proxy,0
mixed_50_50,1088,NEU_BKG_000271,Arizona,-113.37705423989573,35.991632394056026,neutral,neutral_unlabeled_background,background_proxy,0
mixed_50_50,1089,NEU_BKG_000273,Arizona,-110.6335725413305,36.81486958667524,neutral,neutral_unlabeled_background,background_proxy,0
mixed_50_50,1090,NEU_BKG_000274,Arizona,-111.94452928730692,35.67315113210749,neutral,neutral_unlabeled_background,background_proxy,0
mixed_50_50,1091,NEU_BKG_000275,Arizona,-109.18010145814013,34.89340726543274,neutral,neutral_unlabeled_background,background_proxy,0
mixed_50_50,1092,NEU_BKG_000276,Arizona,-110.62522063159307,36.89095603434553,neutral,neutral_unlabeled_background,background_proxy,0
mixed_50_50,1093,NEU_BKG_000277,Arizona,-109.33937838131742,35.50702576405026,neutral,neutral_unlabeled_background,background_proxy,0
mixed_50_50,1094,NEU_BKG_000278,Arizona,-113.09785843353679,35.537635695886046,neutral,neutral_unlabeled_background,background_proxy,0
mixed_50_50,1095,NEU_BKG_000281,Arizona,-113.49586385473584,32.629686728342556,neutral,neutral_unlabeled_background,background_proxy,0
mixed_50_50,1096,NEU_BKG_000283,Arizona,-110.7390878284243,36.948048272828444,neutral,neutral_unlabeled_background,background_proxy,0
mixed_50_50,1097,NEU_BKG_000284,Arizona,-110.93846237424737,36.91126236537079,neutral,neutral_unlabeled_background,background_proxy,0
mixed_50_50,1098,NEU_BKG_000286,Arizona,-111.40649698606302,36.29672643007285,neutral,neutral_unlabeled_background,background_proxy,0
mixed_50_50,1099,NEU_BKG_000289,Arizona,-109.92379421504313,36.56328288383001,neutral,neutral_unlabeled_background,background_proxy,0
mixed_50_50,1100,NEU_BKG_000296,Arizona,-113.25704065273725,36.861123471231714,neutral,neutral_unlabeled_background,background_proxy,0
mixed_50_50,1101,NEU_BKG_000302,Arizona,-114.12197189994428,35.678795637354945,neutral,neutral_unlabeled_background,background_proxy,0
mixed_50_50,1102,NEU_BKG_000303,Arizona,-112.54671853030581,36.49350744741966,neutral,neutral_unlabeled_background,background_proxy,0
mixed_50_50,1103,NEU_BKG_000305,Arizona,-110.1814914857779,35.5765316570316,neutral,neutral_unlabeled_background,background_proxy,0
mixed_50_50,1104,NEU_BKG_000308,Arizona,-109.20156835093844,34.358786048696466,neutral,neutral_unlabeled_background,background_proxy,0
mixed_50_50,1105,NEU_BKG_000309,Arizona,-112.75621392762734,35.03565583107663,neutral,neutral_unlabeled_background,background_proxy,0
mixed_50_50,1106,NEU_BKG_000310,Arizona,-113.26576455485439,34.89046618490595,neutral,neutral_unlabeled_background,background_proxy,0
mixed_50_50,1107,NEU_BKG_000312,Arizona,-109.16812233865245,36.23086874096191,neutral,neutral_unlabeled_background,background_proxy,0
mixed_50_50,1108,NEU_BKG_000314,Arizona,-110.41690513172121,33.192680117229145,neutral,neutral_unlabeled_background,background_proxy,0
mixed_50_50,1109,NEU_BKG_000316,Arizona,-110.55708542425563,34.67066405509822,neutral,neutral_unlabeled_background,background_proxy,0
mixed_50_50,1110,NEU_BKG_000318,Arizona,-109.6489815939734,33.250675062433615,neutral,neutral_unlabeled_background,background_proxy,0
mixed_50_50,1111,NEU_BKG_000321,Arizona,-111.65268042379066,36.12255560997197,neutral,neutral_unlabeled_background,background_proxy,0
mixed_50_50,1112,NEU_BKG_000322,Arizona,-111.39650535874121,36.763517936842,neutral,neutral_unlabeled_background,background_proxy,0
mixed_50_50,1113,NEU_BKG_000323,Arizona,-113.54909320154673,32.1669984636098,neutral,neutral_unlabeled_background,background_proxy,0
mixed_50_50,1114,NEU_BKG_000325,Arizona,-110.45637091123233,36.55207121421518,neutral,neutral_unlabeled_background,background_proxy,0
mixed_50_50,1115,NEU_BKG_000327,Arizona,-110.87233861606227,35.76554636564538,neutral,neutral_unlabeled_background,background_proxy,0
mixed_50_50,1116,NEU_BKG_000328,Arizona,-113.88525511796382,35.97597837381098,neutral,neutral_unlabeled_background,background_proxy,0
mixed_50_50,1117,NEU_BKG_000329,Arizona,-109.36645439817241,36.17466633295906,neutral,neutral_unlabeled_background,background_proxy,0
mixed_50_50,1118,NEU_BKG_000331,Arizona,-112.81215483134717,35.741829816849766,neutral,neutral_unlabeled_background,background_proxy,0
mixed_50_50,1119,NEU_BKG_000332,Arizona,-113.20286644363183,33.53786106568363,neutral,neutral_unlabeled_background,background_proxy,0
mixed_50_50,1120,NEU_BKG_000336,Arizona,-109.30340478985174,34.699369088644055,neutral,neutral_unlabeled_background,background_proxy,0
mixed_50_50,1121,NEU_BKG_000339,Arizona,-113.23319884889317,32.308288209731785,neutral,neutral_unlabeled_background,background_proxy,0
mixed_50_50,1122,NEU_BKG_000340,Arizona,-113.5094433387732,35.46928203072541,neutral,neutral_unlabeled_background,background_proxy,0
mixed_50_50,1123,NEU_BKG_000341,Arizona,-110.63110079349786,34.705538833273,neutral,neutral_unlabeled_background,background_proxy,0
mixed_50_50,1124,NEU_BKG_000343,Arizona,-110.15659991452945,36.54275754581194,neutral,neutral_unlabeled_background,background_proxy,0
mixed_50_50,1125,NEU_BKG_000344,Arizona,-110.96425929451918,36.5494442484103,neutral,neutral_unlabeled_background,background_proxy,0
mixed_50_50,1126,NEU_BKG_000347,Arizona,-113.1875927323811,35.35982605756335,neutral,neutral_unlabeled_background,background_proxy,0
mixed_50_50,1127,NEU_BKG_000350,Arizona,-113.26156909081278,33.95161180192121,neutral,neutral_unlabeled_background,background_proxy,0
mixed_50_50,1128,NEU_BKG_000351,Arizona,-113.80280499999563,34.5759090027799,neutral,neutral_unlabeled_background,background_proxy,0
mixed_50_50,1129,NEU_BKG_000352,Arizona,-112.48353465388585,35.97188073425523,neutral,neutral_unlabeled_background,background_proxy,0
mixed_50_50,1130,NEU_BKG_000353,Arizona,-114.14226082719784,32.41673683083806,neutral,neutral_unlabeled_background,background_proxy,0
mixed_50_50,1131,NEU_BKG_000354,Arizona,-112.57887427914093,32.571988436101094,neutral,neutral_unlabeled_background,background_proxy,0
mixed_50_50,1132,NEU_BKG_000357,Arizona,-110.02906336319693,35.996791045363295,neutral,neutral_unlabeled_background,background_proxy,0
mixed_50_50,1133,NEU_BKG_000363,Arizona,-111.58934922802685,36.12338153536709,neutral,neutral_unlabeled_background,background_proxy,0
mixed_50_50,1134,NEU_BKG_000365,Arizona,-111.86594490435967,35.88752723757892,neutral,neutral_unlabeled_background,background_proxy,0
mixed_50_50,1135,NEU_BKG_000366,Arizona,-110.52228044640367,36.015225138427596,neutral,neutral_unlabeled_background,background_proxy,0
mixed_50_50,1136,NEU_BKG_000369,Arizona,-112.0142395867017,35.69206238254987,neutral,neutral_unlabeled_background,background_proxy,0
mixed_50_50,1137,NEU_BKG_000371,Arizona,-109.81671218095528,35.323591142123085,neutral,neutral_unlabeled_background,background_proxy,0
mixed_50_50,1138,NEU_BKG_000372,Arizona,-113.60326859769366,35.79564573510869,neutral,neutral_unlabeled_background,background_proxy,0
mixed_50_50,1139,NEU_BKG_000373,Arizona,-111.01986835855885,35.63860784767491,neutral,neutral_unlabeled_background,background_proxy,0
mixed_50_50,1140,NEU_BKG_000374,Arizona,-110.80486263205071,35.83322807590194,neutral,neutral_unlabeled_background,background_proxy,0
mixed_50_50,1141,NEU_BKG_000376,Arizona,-109.81628264862675,33.27840206003777,neutral,neutral_unlabeled_background,background_proxy,0
mixed_50_50,1142,NEU_BKG_000378,Arizona,-109.23326232890854,34.34993581156319,neutral,neutral_unlabeled_background,background_proxy,0
mixed_50_50,1143,NEU_BKG_000379,Arizona,-110.91311843875137,35.79597692212089,neutral,neutral_unlabeled_background,background_proxy,0
mixed_50_50,1144,NEU_BKG_000382,Arizona,-110.68910531129028,34.42266327179499,neutral,neutral_unlabeled_background,background_proxy,0
mixed_50_50,1145,NEU_BKG_000384,Arizona,-112.43990315356572,36.117889104047656,neutral,neutral_unlabeled_background,background_proxy,0
mixed_50_50,1146,NEU_BKG_000386,Arizona,-109.75485384494522,35.8221333781698,neutral,neutral_unlabeled_background,background_proxy,0
mixed_50_50,1147,NEU_BKG_000388,Arizona,-109.7275595384773,35.93567917158177,neutral,neutral_unlabeled_background,background_proxy,0
mixed_50_50,1148,NEU_BKG_000389,Arizona,-110.82150109096462,34.76450450435089,neutral,neutral_unlabeled_background,background_proxy,0
mixed_50_50,1149,NEU_BKG_000391,Arizona,-110.73836258185077,36.049248886346916,neutral,neutral_unlabeled_background,background_proxy,0
mixed_50_50,1150,NEU_BKG_000392,Arizona,-110.13524129090635,35.99640869839359,neutral,neutral_unlabeled_background,background_proxy,0
mixed_50_50,1151,NEU_BKG_000396,Arizona,-113.79237105817293,35.85236968150326,neutral,neutral_unlabeled_background,background_proxy,0
mixed_50_50,1152,NEU_BKG_000398,Arizona,-110.57273014959742,35.62369717462643,neutral,neutral_unlabeled_background,background_proxy,0
mixed_50_50,1153,NEU_BKG_000405,Arizona,-109.27000154392985,31.696228565827376,neutral,neutral_unlabeled_background,background_proxy,0
mixed_50_50,1154,NEU_BKG_000407,Arizona,-112.50287579897056,36.464438335828405,neutral,neutral_unlabeled_background,background_proxy,0
mixed_50_50,1155,NEU_BKG_000408,Arizona,-109.90423537748836,36.636029380011564,neutral,neutral_unlabeled_background,background_proxy,0
mixed_50_50,1156,NEU_BKG_000409,Arizona,-113.3379920241288,36.33118169465723,neutral,neutral_unlabeled_background,background_proxy,0
mixed_50_50,1157,NEU_BKG_000410,Arizona,-110.54248919573935,36.09954011340322,neutral,neutral_unlabeled_background,background_proxy,0
mixed_50_50,1158,NEU_BKG_000414,Arizona,-112.70008682825619,35.652120234287615,neutral,neutral_unlabeled_background,background_proxy,0
mixed_50_50,1159,NEU_BKG_000415,Arizona,-109.59633605198896,33.37027748818791,neutral,neutral_unlabeled_background,background_proxy,0
mixed_50_50,1160,NEU_BKG_000416,Arizona,-110.34899257121401,35.286190929360245,neutral,neutral_unlabeled_background,background_proxy,0
mixed_50_50,1161,NEU_BKG_000419,Arizona,-109.27108577435762,34.721403908296956,neutral,neutral_unlabeled_background,background_proxy,0
mixed_50_50,1162,NEU_BKG_000420,Arizona,-112.87651564853252,35.64739011905985,neutral,neutral_unlabeled_background,background_proxy,0
mixed_50_50,1163,NEU_BKG_000422,Arizona,-110.80646882520176,36.01149113279626,neutral,neutral_unlabeled_background,background_proxy,0
mixed_50_50,1164,NEU_BKG_000424,Arizona,-112.50962944101767,35.978558832996995,neutral,neutral_unlabeled_background,background_proxy,0
mixed_50_50,1165,NEU_BKG_000425,Arizona,-109.82292808339236,33.70165994071046,neutral,neutral_unlabeled_background,background_proxy,0
mixed_50_50,1166,NEU_BKG_000431,Arizona,-109.38260128281348,31.86667269802845,neutral,neutral_unlabeled_background,background_proxy,0
mixed_50_50,1167,NEU_BKG_000437,Arizona,-110.63987690599241,34.48699660108502,neutral,neutral_unlabeled_background,background_proxy,0
mixed_50_50,1168,NEU_BKG_000438,Arizona,-110.67096546765157,36.09771611671987,neutral,neutral_unlabeled_background,background_proxy,0
mixed_50_50,1169,NEU_BKG_000439,Arizona,-109.66241073580058,35.82840415078404,neutral,neutral_unlabeled_background,background_proxy,0
mixed_50_50,1170,NEU_BKG_000440,Arizona,-109.95375130701973,33.37272923446694,neutral,neutral_unlabeled_background,background_proxy,0
mixed_50_50,1171,NEU_BKG_000441,Arizona,-113.35421490193659,32.626363011004244,neutral,neutral_unlabeled_background,background_proxy,0
mixed_50_50,1172,NEU_BKG_000445,Arizona,-111.05018689168745,35.45090708770968,neutral,neutral_unlabeled_background,background_proxy,0
mixed_50_50,1173,NEU_BKG_000446,Arizona,-111.0699727562045,35.615522625509385,neutral,neutral_unlabeled_background,background_proxy,0
mixed_50_50,1174,NEU_BKG_000448,Arizona,-111.24792696667792,36.26808931790866,neutral,neutral_unlabeled_background,background_proxy,0
mixed_50_50,1175,NEU_BKG_000450,Arizona,-111.90367977214905,36.89246595169528,neutral,neutral_unlabeled_background,background_proxy,0
mixed_50_50,1176,NEU_BKG_000451,Arizona,-111.71719524536401,36.49667884579484,neutral,neutral_unlabeled_background,background_proxy,0
mixed_50_50,1177,NEU_BKG_000457,Arizona,-109.7124381804514,36.691011091780986,neutral,neutral_unlabeled_background,background_proxy,0
mixed_50_50,1178,NEU_BKG_000458,Arizona,-112.01953613322085,35.77654478744405,neutral,neutral_unlabeled_background,background_proxy,0
mixed_50_50,1179,NEU_BKG_000459,Arizona,-112.60764073405993,35.83425052386985,neutral,neutral_unlabeled_background,background_proxy,0
mixed_50_50,1180,NEU_BKG_000460,Arizona,-110.51669206198234,36.31803118991927,neutral,neutral_unlabeled_background,background_proxy,0
mixed_50_50,1181,NEU_BKG_000461,Arizona,-109.73623668613598,34.46856341986849,neutral,neutral_unlabeled_background,background_proxy,0
mixed_50_50,1182,NEU_BKG_000462,Arizona,-112.54645673204078,35.89782427725584,neutral,neutral_unlabeled_background,background_proxy,0
mixed_50_50,1183,NEU_BKG_000464,Arizona,-110.08364704343606,35.95630730905811,neutral,neutral_unlabeled_background,background_proxy,0
mixed_50_50,1184,NEU_BKG_000473,Arizona,-113.5778769564695,36.428624796934194,neutral,neutral_unlabeled_background,background_proxy,0
mixed_50_50,1185,NEU_BKG_000476,Arizona,-110.62523237925782,36.11345264330921,neutral,neutral_unlabeled_background,background_proxy,0
mixed_50_50,1186,NEU_BKG_000478,Arizona,-113.17734947273559,32.61457392863694,neutral,neutral_unlabeled_background,background_proxy,0
mixed_50_50,1187,NEU_BKG_000479,Arizona,-109.05811533912747,34.79034654775687,neutral,neutral_unlabeled_background,background_proxy,0
mixed_50_50,1188,NEU_BKG_000480,Arizona,-113.15730189110826,36.570381602066966,neutral,neutral_unlabeled_background,background_proxy,0
mixed_50_50,1189,NEU_BKG_000487,Arizona,-109.1394065301484,32.482359613943046,neutral,neutral_unlabeled_background,background_proxy,0
mixed_50_50,1190,NEU_BKG_000488,Arizona,-113.85933030843789,36.518480473039475,neutral,neutral_unlabeled_background,background_proxy,0
mixed_50_50,1191,NEU_BKG_000496,Arizona,-113.1116347715144,32.57499100989233,neutral,neutral_unlabeled_background,background_proxy,0
mixed_50_50,1192,NEU_BKG_000497,Arizona,-109.83234651229655,33.23117836703014,neutral,neutral_unlabeled_background,background_proxy,0
mixed_50_50,1193,NEU_BKG_000499,Arizona,-114.04690374556792,34.52541439971036,neutral,neutral_unlabeled_background,background_proxy,0
mixed_50_50,1194,NEU_BKG_000502,Arizona,-110.1905983148267,36.49400731518178,neutral,neutral_unlabeled_background,background_proxy,0
mixed_50_50,1195,NEU_BKG_000503,Arizona,-112.68557917285715,32.646893762306874,neutral,neutral_unlabeled_background,background_proxy,0
mixed_50_50,1196,NEU_BKG_000505,Arizona,-110.27139525725178,35.33793273454131,neutral,neutral_unlabeled_background,background_proxy,0
mixed_50_50,1197,NEU_BKG_000506,Arizona,-112.43468377243364,36.47829503101653,neutral,neutral_unlabeled_background,background_proxy,0
mixed_50_50,1198,NEU_BKG_000507,Arizona,-113.76623495835179,33.573840117655315,neutral,neutral_unlabeled_background,background_proxy,0
mixed_50_50,1199,NEU_BKG_000508,Arizona,-109.78877738767494,35.984171998545534,neutral,neutral_unlabeled_background,background_proxy,0
mixed_50_50,1200,NEU_BKG_000511,Arizona,-112.90462003393809,34.969868784528884,neutral,neutral_unlabeled_background,background_proxy,0
mixed_50_50,1201,NEU_BKG_000512,Arizona,-109.90465450308197,33.482975353813096,neutral,neutral_unlabeled_background,background_proxy,0
mixed_50_50,1202,NEU_BKG_000516,Arizona,-113.09418476892594,35.022148827400514,neutral,neutral_unlabeled_background,background_proxy,0
mixed_50_50,1203,NEU_BKG_000518,Arizona,-113.56004368287746,32.663428594421816,neutral,neutral_unlabeled_background,background_proxy,0
mixed_50_50,1204,NEU_BKG_000520,Arizona,-111.05471313948155,35.53998243559651,neutral,neutral_unlabeled_background,background_proxy,0
mixed_50_50,1205,NEU_BKG_000521,Arizona,-112.88186902485525,36.365929585983,neutral,neutral_unlabeled_background,background_proxy,0
mixed_50_50,1206,NEU_BKG_000522,Arizona,-111.84378865263781,35.72761324795262,neutral,neutral_unlabeled_background,background_proxy,0
mixed_50_50,1207,NEU_BKG_000523,Arizona,-113.17146168076279,33.46839722577294,neutral,neutral_unlabeled_background,background_proxy,0
mixed_50_50,1208,NEU_BKG_000525,Arizona,-110.60173599442737,35.723780550546046,neutral,neutral_unlabeled_background,background_proxy,0
mixed_50_50,1209,NEU_BKG_000528,Arizona,-109.09079201173718,34.79334894506968,neutral,neutral_unlabeled_background,background_proxy,0
mixed_50_50,1210,NEU_BKG_000530,Arizona,-112.47635428920455,36.56613046655825,neutral,neutral_unlabeled_background,background_proxy,0
mixed_50_50,1211,NEU_BKG_000531,Arizona,-113.91953465577879,35.97838476060773,neutral,neutral_unlabeled_background,background_proxy,0
mixed_50_50,1212,NEU_BKG_000532,Arizona,-110.9006058316025,36.55157845815422,neutral,neutral_unlabeled_background,background_proxy,0
mixed_50_50,1213,NEU_BKG_000533,Arizona,-110.25235472629082,35.50652653305323,neutral,neutral_unlabeled_background,background_proxy,0
mixed_50_50,1214,NEU_BKG_000536,Arizona,-109.80424357857655,33.52831995508552,neutral,neutral_unlabeled_background,background_proxy,0
mixed_50_50,1215,NEU_BKG_000537,Arizona,-113.19288050638411,33.50728876868658,neutral,neutral_unlabeled_background,background_proxy,0
mixed_50_50,1216,NEU_BKG_000539,Arizona,-109.87008788696232,35.24376000960088,neutral,neutral_unlabeled_background,background_proxy,0
mixed_50_50,1217,NEU_BKG_000541,Arizona,-110.29729570785103,35.62587557956161,neutral,neutral_unlabeled_background,background_proxy,0
mixed_50_50,1218,NEU_BKG_000542,Arizona,-113.41401675890516,32.20656827414458,neutral,neutral_unlabeled_background,background_proxy,0
mixed_50_50,1219,NEU_BKG_000543,Arizona,-113.03972885615539,36.68343174004167,neutral,neutral_unlabeled_background,background_proxy,0
mixed_50_50,1220,NEU_BKG_000544,Arizona,-110.43288091671216,35.703597868458104,neutral,neutral_unlabeled_background,background_proxy,0
mixed_50_50,1221,NEU_BKG_000548,Arizona,-109.85363197536574,35.197173717733136,neutral,neutral_unlabeled_background,background_proxy,0
mixed_50_50,1222,NEU_BKG_000549,Arizona,-113.46571227946716,36.49293785347863,neutral,neutral_unlabeled_background,background_proxy,0
mixed_50_50,1223,NEU_BKG_000554,Arizona,-109.96591259097795,34.53322408377667,neutral,neutral_unlabeled_background,background_proxy,0
mixed_50_50,1224,NEU_BKG_000558,Arizona,-111.72622886430061,36.486872809358616,neutral,neutral_unlabeled_background,background_proxy,0
mixed_50_50,1225,NEU_BKG_000559,Arizona,-109.8651062407021,35.41336566437548,neutral,neutral_unlabeled_background,background_proxy,0
mixed_50_50,1226,NEU_BKG_000560,Arizona,-109.69827879082276,35.8282042944989,neutral,neutral_unlabeled_background,background_proxy,0
mixed_50_50,1227,NEU_BKG_000564,Arizona,-111.13392691097575,36.87752410308215,neutral,neutral_unlabeled_background,background_proxy,0
mixed_50_50,1228,NEU_BKG_000565,Arizona,-110.2702792274975,35.45401191996912,neutral,neutral_unlabeled_background,background_proxy,0
mixed_50_50,1229,NEU_BKG_000566,Arizona,-113.12271469659639,33.11763498557565,neutral,neutral_unlabeled_background,background_proxy,0
mixed_50_50,1230,NEU_BKG_000568,Arizona,-111.5854199437989,36.15012078179701,neutral,neutral_unlabeled_background,background_proxy,0
mixed_50_50,1231,NEU_BKG_000569,Arizona,-109.7775493991905,36.1143171444161,neutral,neutral_unlabeled_background,background_proxy,0
mixed_50_50,1232,NEU_BKG_000571,Arizona,-109.2709049706104,36.20970534778525,neutral,neutral_unlabeled_background,background_proxy,0
mixed_50_50,1233,NEU_BKG_000572,Arizona,-109.86121980694351,35.32371757436861,neutral,neutral_unlabeled_background,background_proxy,0
mixed_50_50,1234,NEU_BKG_000573,Arizona,-109.78626735465993,35.36471578887439,neutral,neutral_unlabeled_background,background_proxy,0
mixed_50_50,1235,NEU_BKG_000576,Arizona,-113.37056030558965,35.75245182110632,neutral,neutral_unlabeled_background,background_proxy,0
mixed_50_50,1236,NEU_BKG_000577,Arizona,-112.53122894103299,36.59226738854346,neutral,neutral_unlabeled_background,background_proxy,0
mixed_50_50,1237,NEU_BKG_000578,Arizona,-110.6861698843476,34.83623948139233,neutral,neutral_unlabeled_background,background_proxy,0
mixed_50_50,1238,NEU_BKG_000581,Washington,-119.54140707268989,46.673531733657185,neutral,neutral_unlabeled_background,background_proxy,0
mixed_50_50,1239,NEU_BKG_000583,Washington,-124.30005223605554,47.431463644498415,neutral,neutral_unlabeled_background,background_proxy,0
mixed_50_50,1240,NEU_BKG_000587,Washington,-124.0764371409961,47.95260572684681,neutral,neutral_unlabeled_background,background_proxy,0
mixed_50_50,1241,NEU_BKG_000589,Washington,-120.62662943143219,46.51388521983871,neutral,neutral_unlabeled_background,background_proxy,0
mixed_50_50,1242,NEU_BKG_000590,Washington,-121.06498588598787,46.05293984395218,neutral,neutral_unlabeled_background,background_proxy,0
mixed_50_50,1243,NEU_BKG_000599,Washington,-123.52208344721357,47.28580923170607,neutral,neutral_unlabeled_background,background_proxy,0
mixed_50_50,1244,NEU_BKG_000601,Washington,-119.66839391546132,47.063172356034364,neutral,neutral_unlabeled_background,background_proxy,0
mixed_50_50,1245,NEU_BKG_000602,Washington,-117.6710387917706,46.18541758234905,neutral,neutral_unlabeled_background,background_proxy,0
mixed_50_50,1246,NEU_BKG_000603,Washington,-120.2215971051033,47.117395140483644,neutral,neutral_unlabeled_background,background_proxy,0
mixed_50_50,1247,NEU_BKG_000607,Washington,-120.2643520948492,47.16578618085274,neutral,neutral_unlabeled_background,background_proxy,0
mixed_50_50,1248,NEU_BKG_000608,Washington,-124.28211095674446,47.41334003886274,neutral,neutral_unlabeled_background,background_proxy,0
mixed_50_50,1249,NEU_BKG_000609,Washington,-117.48336634787675,46.10549102634645,neutral,neutral_unlabeled_background,background_proxy,0
mixed_50_50,1250,NEU_BKG_000611,Washington,-118.38247386249095,46.220744620351226,neutral,neutral_unlabeled_background,background_proxy,0
mixed_50_50,1251,NEU_BKG_000612,Washington,-121.40463885410982,48.758294600396205,neutral,neutral_unlabeled_background,background_proxy,0
mixed_50_50,1252,NEU_BKG_000613,Washington,-124.56164009103668,48.33797385994657,neutral,neutral_unlabeled_background,background_proxy,0
mixed_50_50,1253,NEU_BKG_000615,Washington,-117.70262100994248,46.097768153125195,neutral,neutral_unlabeled_background,background_proxy,0
mixed_50_50,1254,NEU_BKG_000616,Washington,-120.3548648291345,47.236464450509786,neutral,neutral_unlabeled_background,background_proxy,0
mixed_50_50,1255,NEU_BKG_000618,Washington,-119.89559322673739,48.23640403578493,neutral,neutral_unlabeled_background,background_proxy,0
mixed_50_50,1256,NEU_BKG_000619,Washington,-124.05545996055713,47.36639685244532,neutral,neutral_unlabeled_background,background_proxy,0
mixed_50_50,1257,NEU_BKG_000622,Washington,-123.81448306383082,47.78431924304899,neutral,neutral_unlabeled_background,background_proxy,0
mixed_50_50,1258,NEU_BKG_000623,Washington,-120.25673524001652,46.62858434975111,neutral,neutral_unlabeled_background,background_proxy,0
mixed_50_50,1259,NEU_BKG_000624,Washington,-117.57671000712627,46.21056308578341,neutral,neutral_unlabeled_background,background_proxy,0
mixed_50_50,1260,NEU_BKG_000625,Washington,-120.65301567932133,46.49632447699855,neutral,neutral_unlabeled_background,background_proxy,0
mixed_50_50,1261,NEU_BKG_000628,Washington,-118.04056063950938,46.67591933003905,neutral,neutral_unlabeled_background,background_proxy,0
mixed_50_50,1262,NEU_BKG_000630,Washington,-120.99719183121202,46.345263320852986,neutral,neutral_unlabeled_background,background_proxy,0
mixed_50_50,1263,NEU_BKG_000631,Washington,-123.45690642882276,47.87695136763849,neutral,neutral_unlabeled_background,background_proxy,0
mixed_50_50,1264,NEU_BKG_000632,Washington,-121.13465911511031,46.23752251062896,neutral,neutral_unlabeled_background,background_proxy,0
mixed_50_50,1265,NEU_BKG_000634,Washington,-120.60622765606841,46.28847782927527,neutral,neutral_unlabeled_background,background_proxy,0
mixed_50_50,1266,NEU_BKG_000636,Washington,-123.5496093007106,47.78749555470008,neutral,neutral_unlabeled_background,background_proxy,0
mixed_50_50,1267,NEU_BKG_000638,Washington,-117.68448485964929,46.73067267382311,neutral,neutral_unlabeled_background,background_proxy,0
mixed_50_50,1268,NEU_BKG_000640,Washington,-121.87601480901402,46.62895763578083,neutral,neutral_unlabeled_background,background_proxy,0
mixed_50_50,1269,NEU_BKG_000644,Washington,-117.73197368073362,46.07906490552418,neutral,neutral_unlabeled_background,background_proxy,0
mixed_50_50,1270,NEU_BKG_000647,Washington,-124.09206537097845,47.368923835428774,neutral,neutral_unlabeled_background,background_proxy,0
mixed_50_50,1271,NEU_BKG_000649,Washington,-123.6305412064205,47.78334610500076,neutral,neutral_unlabeled_background,background_proxy,0
mixed_50_50,1272,NEU_BKG_000650,Washington,-123.49343435483325,47.86106030053746,neutral,neutral_unlabeled_background,background_proxy,0
mixed_50_50,1273,NEU_BKG_000655,Washington,-118.60914867523697,48.38951655329032,neutral,neutral_unlabeled_background,background_proxy,0
mixed_50_50,1274,NEU_BKG_000658,Washington,-120.85226195120633,46.438019354129366,neutral,neutral_unlabeled_background,background_proxy,0
mixed_50_50,1275,NEU_BKG_000659,Washington,-120.68042375553811,46.23771367756547,neutral,neutral_unlabeled_background,background_proxy,0
mixed_50_50,1276,NEU_BKG_000664,Washington,-120.23478210633769,45.88567225864337,neutral,neutral_unlabeled_background,background_proxy,0
mixed_50_50,1277,NEU_BKG_000665,Washington,-118.02474116424744,46.20054003879267,neutral,neutral_unlabeled_background,background_proxy,0
mixed_50_50,1278,NEU_BKG_000667,Washington,-123.93708182690033,47.75891415712504,neutral,neutral_unlabeled_background,background_proxy,0
mixed_50_50,1279,NEU_BKG_000668,Washington,-123.83210584074223,47.656492565326836,neutral,neutral_unlabeled_background,background_proxy,0
mixed_50_50,1280,NEU_BKG_000670,Washington,-120.91369812798061,46.31259756810961,neutral,neutral_unlabeled_background,background_proxy,0
mixed_50_50,1281,NEU_BKG_000671,Washington,-120.70916393204106,46.18135997189966,neutral,neutral_unlabeled_background,background_proxy,0
mixed_50_50,1282,NEU_BKG_000672,Washington,-117.64687429821193,46.732089178819606,neutral,neutral_unlabeled_background,background_proxy,0
mixed_50_50,1283,NEU_BKG_000673,Washington,-121.1473059908783,46.13661928561411,neutral,neutral_unlabeled_background,background_proxy,0
mixed_50_50,1284,NEU_BKG_000674,Washington,-119.16260573889855,46.02116212486484,neutral,neutral_unlabeled_background,background_proxy,0
mixed_50_50,1285,NEU_BKG_000675,Washington,-120.1579802581781,46.62394927750719,neutral,neutral_unlabeled_background,background_proxy,0
mixed_50_50,1286,NEU_BKG_000676,Washington,-123.68322699972627,47.825032773985086,neutral,neutral_unlabeled_background,background_proxy,0
mixed_50_50,1287,NEU_BKG_000679,Washington,-117.86731001631182,46.19369042110906,neutral,neutral_unlabeled_background,background_proxy,0
mixed_50_50,1288,NEU_BKG_000680,Washington,-118.0453855551817,46.6559452207615,neutral,neutral_unlabeled_background,background_proxy,0
mixed_50_50,1289,NEU_BKG_000681,Washington,-120.97493899680615,46.602996273617414,neutral,neutral_unlabeled_background,background_proxy,0
mixed_50_50,1290,NEU_BKG_000682,Washington,-117.4278514257776,46.11998878823577,neutral,neutral_unlabeled_background,background_proxy,0
mixed_50_50,1291,NEU_BKG_000684,Washington,-124.59183726231306,48.32972498052736,neutral,neutral_unlabeled_background,background_proxy,0
mixed_50_50,1292,NEU_BKG_000686,Washington,-123.97741732183033,47.729223770202516,neutral,neutral_unlabeled_background,background_proxy,0
mixed_50_50,1293,NEU_BKG_000688,Washington,-118.82175633236902,46.54316176324441,neutral,neutral_unlabeled_background,background_proxy,0
mixed_50_50,1294,NEU_BKG_000691,Washington,-117.8491820754899,46.17597047874752,neutral,neutral_unlabeled_background,background_proxy,0
mixed_50_50,1295,NEU_BKG_000693,Washington,-120.83109286247364,46.22129106360004,neutral,neutral_unlabeled_background,background_proxy,0
mixed_50_50,1296,NEU_BKG_000694,Washington,-121.7098713984897,46.0183950561619,neutral,neutral_unlabeled_background,background_proxy,0
mixed_50_50,1297,NEU_BKG_000696,Washington,-121.05821142996614,46.37034570785934,neutral,neutral_unlabeled_background,background_proxy,0
mixed_50_50,1298,NEU_BKG_000701,Washington,-117.57915435587235,47.028404099093166,neutral,neutral_unlabeled_background,background_proxy,0
mixed_50_50,1299,NEU_BKG_000702,Washington,-118.57029934404056,47.59737909878917,neutral,neutral_unlabeled_background,background_proxy,0
mixed_50_50,1300,NEU_BKG_000703,Washington,-123.44581415694489,47.67273559564089,neutral,neutral_unlabeled_background,background_proxy,0
mixed_50_50,1301,NEU_BKG_000704,Washington,-120.01187734348302,46.57989314336227,neutral,neutral_unlabeled_background,background_proxy,0
mixed_50_50,1302,NEU_BKG_000705,Washington,-119.13286099591637,48.04633167448096,neutral,neutral_unlabeled_background,background_proxy,0
mixed_50_50,1303,NEU_BKG_000706,Washington,-123.92690587096502,47.699257748431855,neutral,neutral_unlabeled_background,background_proxy,0
mixed_50_50,1304,NEU_BKG_000707,Washington,-120.86958285908962,46.200175386387,neutral,neutral_unlabeled_background,background_proxy,0
mixed_50_50,1305,NEU_BKG_000709,Washington,-120.6737799005404,46.262787201942345,neutral,neutral_unlabeled_background,background_proxy,0
mixed_50_50,1306,NEU_BKG_000711,Washington,-119.39732476544295,46.70530253502273,neutral,neutral_unlabeled_background,background_proxy,0
mixed_50_50,1307,NEU_BKG_000714,Washington,-119.72335280546545,45.968369054151204,neutral,neutral_unlabeled_background,background_proxy,0
mixed_50_50,1308,NEU_BKG_000716,Washington,-124.06775085491067,47.34055037650505,neutral,neutral_unlabeled_background,background_proxy,0
mixed_50_50,1309,NEU_BKG_000717,Washington,-119.97564282218231,48.47614667008808,neutral,neutral_unlabeled_background,background_proxy,0
mixed_50_50,1310,NEU_BKG_000719,Washington,-120.70791399050316,48.97922033151777,neutral,neutral_unlabeled_background,background_proxy,0
mixed_50_50,1311,NEU_BKG_000720,Washington,-120.92866057968189,46.03035964843072,neutral,neutral_unlabeled_background,background_proxy,0
mixed_50_50,1312,NEU_BKG_000721,Washington,-119.57106641069285,46.71542240200941,neutral,neutral_unlabeled_background,background_proxy,0
mixed_50_50,1313,NEU_BKG_000723,Washington,-119.73203956529171,46.737673298153126,neutral,neutral_unlabeled_background,background_proxy,0
mixed_50_50,1314,NEU_BKG_000724,Washington,-117.46193796610014,46.13489164913119,neutral,neutral_unlabeled_background,background_proxy,0
mixed_50_50,1315,NEU_BKG_000726,Washington,-123.77705608023305,47.70450014297089,neutral,neutral_unlabeled_background,background_proxy,0
mixed_50_50,1316,NEU_BKG_000729,Washington,-124.24689196921126,47.35112519386592,neutral,neutral_unlabeled_background,background_proxy,0
mixed_50_50,1317,NEU_BKG_000732,Washington,-121.09828926579281,46.20703674278321,neutral,neutral_unlabeled_background,background_proxy,0
mixed_50_50,1318,NEU_BKG_000736,Washington,-117.84230092737812,46.20133615684862,neutral,neutral_unlabeled_background,background_proxy,0
mixed_50_50,1319,NEU_BKG_000737,Washington,-120.05730933173831,45.9793873631836,neutral,neutral_unlabeled_background,background_proxy,0
mixed_50_50,1320,NEU_BKG_000738,Washington,-120.6721407201134,46.47379774137815,neutral,neutral_unlabeled_background,background_proxy,0
mixed_50_50,1321,NEU_BKG_000740,Washington,-123.63081390802435,47.85200233769058,neutral,neutral_unlabeled_background,background_proxy,0
mixed_50_50,1322,NEU_BKG_000741,Washington,-119.81018668994518,46.40604655839278,neutral,neutral_unlabeled_background,background_proxy,0
mixed_50_50,1323,NEU_BKG_000745,Washington,-118.43752967906617,46.55363758731946,neutral,neutral_unlabeled_background,background_proxy,0
mixed_50_50,1324,NEU_BKG_000746,Washington,-117.66168448770385,46.71915150006334,neutral,neutral_unlabeled_background,background_proxy,0
mixed_50_50,1325,NEU_BKG_000748,Washington,-118.0130592073545,46.62546045536013,neutral,neutral_unlabeled_background,background_proxy,0
mixed_50_50,1326,NEU_BKG_000751,Washington,-117.680110014164,46.728888314737155,neutral,neutral_unlabeled_background,background_proxy,0
mixed_50_50,1327,NEU_BKG_000752,Washington,-123.86586341979458,47.6284371901774,neutral,neutral_unlabeled_background,background_proxy,0
mixed_50_50,1328,NEU_BKG_000756,Washington,-120.62091201773622,46.35710394680095,neutral,neutral_unlabeled_background,background_proxy,0
mixed_50_50,1329,NEU_BKG_000757,Washington,-120.86898389422268,46.94064085178941,neutral,neutral_unlabeled_background,background_proxy,0
mixed_50_50,1330,NEU_BKG_000758,Washington,-120.12075303355661,46.762909393240434,neutral,neutral_unlabeled_background,background_proxy,0
mixed_50_50,1331,NEU_BKG_000759,Washington,-123.92153844551127,46.75000910482545,neutral,neutral_unlabeled_background,background_proxy,0
mixed_50_50,1332,NEU_BKG_000760,Washington,-123.9028841970117,47.62993792234505,neutral,neutral_unlabeled_background,background_proxy,0
mixed_50_50,1333,NEU_BKG_000762,Washington,-117.81619497774354,46.157363351493665,neutral,neutral_unlabeled_background,background_proxy,0
mixed_50_50,1334,NEU_BKG_000765,Washington,-120.68204593624047,48.98519960816036,neutral,neutral_unlabeled_background,background_proxy,0
mixed_50_50,1335,NEU_BKG_000766,Washington,-121.0545564944732,46.178900608844366,neutral,neutral_unlabeled_background,background_proxy,0
mixed_50_50,1336,NEU_BKG_000768,Washington,-123.93222478207136,47.68414895745583,neutral,neutral_unlabeled_background,background_proxy,0
mixed_50_50,1337,NEU_BKG_000770,Washington,-120.88995044499757,46.45762804314109,neutral,neutral_unlabeled_background,background_proxy,0
mixed_50_50,1338,NEU_BKG_000772,Washington,-124.17179560018594,47.96495145085387,neutral,neutral_unlabeled_background,background_proxy,0
mixed_50_50,1339,NEU_BKG_000773,Washington,-123.51584156597339,47.83426846097448,neutral,neutral_unlabeled_background,background_proxy,0
mixed_50_50,1340,NEU_BKG_000774,Washington,-119.29624012503784,47.50395693036538,neutral,neutral_unlabeled_background,background_proxy,0
mixed_50_50,1341,NEU_BKG_000775,Washington,-123.56593432090335,47.26973512678173,neutral,neutral_unlabeled_background,background_proxy,0
mixed_50_50,1342,NEU_BKG_000776,Washington,-117.53327623873577,46.040890900722765,neutral,neutral_unlabeled_background,background_proxy,0
mixed_50_50,1343,NEU_BKG_000778,Washington,-120.76908868133252,46.232106397179706,neutral,neutral_unlabeled_background,background_proxy,0
mixed_50_50,1344,NEU_BKG_000779,Washington,-120.60112330486675,46.27649848495753,neutral,neutral_unlabeled_background,background_proxy,0
mixed_50_50,1345,NEU_BKG_000780,Washington,-120.69142155622662,46.48637792620102,neutral,neutral_unlabeled_background,background_proxy,0
mixed_50_50,1346,NEU_BKG_000782,Washington,-120.2990855630731,46.12859204337107,neutral,neutral_unlabeled_background,background_proxy,0
mixed_50_50,1347,NEU_BKG_000784,Washington,-120.19228430806741,45.969215888422944,neutral,neutral_unlabeled_background,background_proxy,0
mixed_50_50,1348,NEU_BKG_000785,Washington,-119.71581816791596,46.374531571398805,neutral,neutral_unlabeled_background,background_proxy,0
mixed_50_50,1349,NEU_BKG_000790,Washington,-120.65751096449046,46.51711497036674,neutral,neutral_unlabeled_background,background_proxy,0
mixed_50_50,1350,NEU_BKG_000796,Washington,-123.49822955118286,47.788929450086904,neutral,neutral_unlabeled_background,background_proxy,0
mixed_50_50,1351,NEU_BKG_000798,Washington,-121.05463382691792,46.18881628759441,neutral,neutral_unlabeled_background,background_proxy,0
mixed_50_50,1352,NEU_BKG_000799,Washington,-117.48958098106901,46.697403383334084,neutral,neutral_unlabeled_background,background_proxy,0
mixed_50_50,1353,NEU_BKG_000802,Washington,-121.06759228038963,46.08136464934505,neutral,neutral_unlabeled_background,background_proxy,0
mixed_50_50,1354,NEU_BKG_000803,Washington,-121.0189237105705,46.43754469885203,neutral,neutral_unlabeled_background,background_proxy,0
mixed_50_50,1355,NEU_BKG_000807,Washington,-117.65018327721137,46.12362585763659,neutral,neutral_unlabeled_background,background_proxy,0
mixed_50_50,1356,NEU_BKG_000808,Washington,-120.12272301679532,47.150981408102844,neutral,neutral_unlabeled_background,background_proxy,0
mixed_50_50,1357,NEU_BKG_000810,Washington,-119.79400341929758,47.393927704745394,neutral,neutral_unlabeled_background,background_proxy,0
mixed_50_50,1358,NEU_BKG_000811,Washington,-123.54951282741519,47.28237636507699,neutral,neutral_unlabeled_background,background_proxy,0
mixed_50_50,1359,NEU_BKG_000817,Washington,-120.02677217145617,46.59373988373619,neutral,neutral_unlabeled_background,background_proxy,0
mixed_50_50,1360,NEU_BKG_000822,Washington,-124.32118391825507,47.395978530445944,neutral,neutral_unlabeled_background,background_proxy,0
mixed_50_50,1361,NEU_BKG_000823,Washington,-120.89917167834385,46.211717101864416,neutral,neutral_unlabeled_background,background_proxy,0
mixed_50_50,1362,NEU_BKG_000824,Washington,-119.63042610423553,47.087348725453076,neutral,neutral_unlabeled_background,background_proxy,0
mixed_50_50,1363,NEU_BKG_000826,Washington,-123.68944790690809,47.861881978731894,neutral,neutral_unlabeled_background,background_proxy,0
mixed_50_50,1364,NEU_BKG_000829,Washington,-123.85833089149217,47.837747760587206,neutral,neutral_unlabeled_background,background_proxy,0
mixed_50_50,1365,NEU_BKG_000830,Washington,-123.86422632834137,47.607767719179,neutral,neutral_unlabeled_background,background_proxy,0
mixed_50_50,1366,NEU_BKG_000831,Washington,-118.51853070971441,47.59941821438402,neutral,neutral_unlabeled_background,background_proxy,0
mixed_50_50,1367,NEU_BKG_000833,Washington,-120.1828179391634,46.176863002464394,neutral,neutral_unlabeled_background,background_proxy,0
mixed_50_50,1368,NEU_BKG_000837,Washington,-120.08091204141822,45.96721402172396,neutral,neutral_unlabeled_background,background_proxy,0
mixed_50_50,1369,NEU_BKG_000839,Washington,-120.1585301007029,47.17074822547707,neutral,neutral_unlabeled_background,background_proxy,0
mixed_50_50,1370,NEU_BKG_000842,Washington,-124.1344213037062,47.35655777165935,neutral,neutral_unlabeled_background,background_proxy,0
mixed_50_50,1371,NEU_BKG_000844,Washington,-119.5143213160195,46.01289488655022,neutral,neutral_unlabeled_background,background_proxy,0
mixed_50_50,1372,NEU_BKG_000845,Washington,-119.70328705182177,46.423074433183345,neutral,neutral_unlabeled_background,background_proxy,0
mixed_50_50,1373,NEU_BKG_000849,Washington,-120.66535773752352,46.16570517539696,neutral,neutral_unlabeled_background,background_proxy,0
mixed_50_50,1374,NEU_BKG_000852,Washington,-117.57920218226026,46.00387054746216,neutral,neutral_unlabeled_background,background_proxy,0
mixed_50_50,1375,NEU_BKG_000854,Washington,-121.09910134584683,46.14912912816596,neutral,neutral_unlabeled_background,background_proxy,0
mixed_50_50,1376,NEU_BKG_000855,Washington,-123.683305815797,47.85261239101721,neutral,neutral_unlabeled_background,background_proxy,0
mixed_50_50,1377,NEU_BKG_000863,Washington,-120.97147311856783,46.50646099807216,neutral,neutral_unlabeled_background,background_proxy,0
mixed_50_50,1378,NEU_BKG_000864,Washington,-120.91863282021887,46.648836763817506,neutral,neutral_unlabeled_background,background_proxy,0
mixed_50_50,1379,NEU_BKG_000865,Washington,-118.87963450995028,46.5021792554518,neutral,neutral_unlabeled_background,background_proxy,0
mixed_50_50,1380,NEU_BKG_000867,Washington,-121.0222721233049,46.11839494485717,neutral,neutral_unlabeled_background,background_proxy,0
mixed_50_50,1381,NEU_BKG_000868,Washington,-117.54019239247044,46.70359544720379,neutral,neutral_unlabeled_background,background_proxy,0
mixed_50_50,1382,NEU_BKG_000870,Washington,-120.62240747909824,46.27244146958581,neutral,neutral_unlabeled_background,background_proxy,0
mixed_50_50,1383,NEU_BKG_000871,Washington,-117.55353778557335,46.150887250213124,neutral,neutral_unlabeled_background,background_proxy,0
mixed_50_50,1384,NEU_BKG_000872,Washington,-123.66936997286206,47.7134428462565,neutral,neutral_unlabeled_background,background_proxy,0
mixed_50_50,1385,NEU_BKG_000874,Washington,-119.76469493016157,45.944046367908065,neutral,neutral_unlabeled_background,background_proxy,0
mixed_50_50,1386,NEU_BKG_000876,Washington,-120.9591052091836,46.556222180583916,neutral,neutral_unlabeled_background,background_proxy,0
mixed_50_50,1387,NEU_BKG_000877,Washington,-119.74410395325839,47.38746629868553,neutral,neutral_unlabeled_background,background_proxy,0
mixed_50_50,1388,NEU_BKG_000878,Washington,-120.71876521669154,46.102973564448746,neutral,neutral_unlabeled_background,background_proxy,0
mixed_50_50,1389,NEU_BKG_000880,Washington,-117.57983772320092,46.69757160302152,neutral,neutral_unlabeled_background,background_proxy,0
mixed_50_50,1390,NEU_BKG_000881,Washington,-121.73400559288496,46.07085213015372,neutral,neutral_unlabeled_background,background_proxy,0
mixed_50_50,1391,NEU_BKG_000882,Washington,-121.0299159778769,46.2537210997657,neutral,neutral_unlabeled_background,background_proxy,0
mixed_50_50,1392,NEU_BKG_000883,Washington,-120.85809390270369,46.951359367645395,neutral,neutral_unlabeled_background,background_proxy,0
mixed_50_50,1393,NEU_BKG_000884,Washington,-124.01391731096827,47.94790503224397,neutral,neutral_unlabeled_background,background_proxy,0
mixed_50_50,1394,NEU_BKG_000887,Washington,-121.07375925207168,46.43797195165807,neutral,neutral_unlabeled_background,background_proxy,0
mixed_50_50,1395,NEU_BKG_000890,Washington,-121.32166149083048,46.05492900450095,neutral,neutral_unlabeled_background,background_proxy,0
mixed_50_50,1396,NEU_BKG_000894,Washington,-120.80270084551839,46.948551946796336,neutral,neutral_unlabeled_background,background_proxy,0
mixed_50_50,1397,NEU_BKG_000896,Washington,-117.9487521021917,46.07288445564782,neutral,neutral_unlabeled_background,background_proxy,0
mixed_50_50,1398,NEU_BKG_000899,Washington,-123.51320182432053,47.80290336552807,neutral,neutral_unlabeled_background,background_proxy,0
mixed_50_50,1399,NEU_BKG_000902,Washington,-120.34811942154792,46.12726923707796,neutral,neutral_unlabeled_background,background_proxy,0
mixed_50_50,1400,NEU_BKG_000903,Washington,-120.22471654527234,47.14514841983163,neutral,neutral_unlabeled_background,background_proxy,0
mixed_50_50,1401,NEU_BKG_000904,Washington,-120.97627212181987,46.58952773054287,neutral,neutral_unlabeled_background,background_proxy,0
mixed_50_50,1402,NEU_BKG_000906,Washington,-123.77471956871132,47.80498199377266,neutral,neutral_unlabeled_background,background_proxy,0
mixed_50_50,1403,NEU_BKG_000908,Washington,-120.83591665591334,46.94381308616053,neutral,neutral_unlabeled_background,background_proxy,0
mixed_50_50,1404,NEU_BKG_000909,Washington,-123.6062023586079,47.866113534555566,neutral,neutral_unlabeled_background,background_proxy,0
mixed_50_50,1405,NEU_BKG_000910,Washington,-123.73687351738337,47.86079281952194,neutral,neutral_unlabeled_background,background_proxy,0
mixed_50_50,1406,NEU_BKG_000912,Washington,-124.29297623730167,47.357778920446606,neutral,neutral_unlabeled_background,background_proxy,0
mixed_50_50,1407,NEU_BKG_000914,Washington,-121.02408612649235,46.38515359728037,neutral,neutral_unlabeled_background,background_proxy,0
mixed_50_50,1408,NEU_BKG_000915,Washington,-120.18002539199358,45.98309275380567,neutral,neutral_unlabeled_background,background_proxy,0
mixed_50_50,1409,NEU_BKG_000916,Washington,-120.63732660735933,46.44745319345583,neutral,neutral_unlabeled_background,background_proxy,0
mixed_50_50,1410,NEU_BKG_000917,Washington,-121.13548984438982,46.36277805751081,neutral,neutral_unlabeled_background,background_proxy,0
mixed_50_50,1411,NEU_BKG_000921,Washington,-119.43417062741949,46.708229729787085,neutral,neutral_unlabeled_background,background_proxy,0
mixed_50_50,1412,NEU_BKG_000924,Washington,-117.80032511199741,46.093404478132605,neutral,neutral_unlabeled_background,background_proxy,0
mixed_50_50,1413,NEU_BKG_000927,Washington,-121.14061317474919,46.19956089061432,neutral,neutral_unlabeled_background,background_proxy,0
mixed_50_50,1414,NEU_BKG_000928,Washington,-122.46813486900835,46.11769143441022,neutral,neutral_unlabeled_background,background_proxy,0
mixed_50_50,1415,NEU_BKG_000934,Washington,-120.20377051872714,47.16685716473202,neutral,neutral_unlabeled_background,background_proxy,0
mixed_50_50,1416,NEU_BKG_000936,Washington,-121.03995613488914,46.34716760811142,neutral,neutral_unlabeled_background,background_proxy,0
mixed_50_50,1417,NEU_BKG_000938,Washington,-117.8892123042151,46.14044714550346,neutral,neutral_unlabeled_background,background_proxy,0
mixed_50_50,1418,NEU_BKG_000939,Washington,-120.94799666496698,46.58027154855238,neutral,neutral_unlabeled_background,background_proxy,0
mixed_50_50,1419,NEU_BKG_000943,Washington,-124.06003749366542,47.93061527308958,neutral,neutral_unlabeled_background,background_proxy,0
mixed_50_50,1420,NEU_BKG_000944,Washington,-120.97798568564892,46.402611023419496,neutral,neutral_unlabeled_background,background_proxy,0
mixed_50_50,1421,NEU_BKG_000947,Washington,-120.1543995738945,45.99016682199257,neutral,neutral_unlabeled_background,background_proxy,0
mixed_50_50,1422,NEU_BKG_000950,Washington,-121.08967951166156,46.14249459437974,neutral,neutral_unlabeled_background,background_proxy,0
mixed_50_50,1423,NEU_BKG_000952,Nevada,-119.6819526217531,40.76535024201553,neutral,neutral_unlabeled_background,background_proxy,0
mixed_50_50,1424,NEU_BKG_000953,Nevada,-114.42964936904602,36.774662514822715,neutral,neutral_unlabeled_background,background_proxy,0
mixed_50_50,1425,NEU_BKG_000954,Nevada,-117.08385404740284,41.03251907469677,neutral,neutral_unlabeled_background,background_proxy,0
mixed_50_50,1426,NEU_BKG_000955,Nevada,-114.35456794074736,41.45006728908667,neutral,neutral_unlabeled_background,background_proxy,0
mixed_50_50,1427,NEU_BKG_000958,Nevada,-119.97047856641836,41.347592871882306,neutral,neutral_unlabeled_background,background_proxy,0
mixed_50_50,1428,NEU_BKG_000964,Nevada,-115.42215520423221,36.94042590883555,neutral,neutral_unlabeled_background,background_proxy,0
mixed_50_50,1429,NEU_BKG_000965,Nevada,-119.8710013178658,41.11927371113946,neutral,neutral_unlabeled_background,background_proxy,0
mixed_50_50,1430,NEU_BKG_000966,Nevada,-115.94030189854237,36.747681844823646,neutral,neutral_unlabeled_background,background_proxy,0
mixed_50_50,1431,NEU_BKG_000968,Nevada,-117.14269430688195,41.88034180852956,neutral,neutral_unlabeled_background,background_proxy,0
mixed_50_50,1432,NEU_BKG_000969,Nevada,-114.43585297163358,41.99510197812479,neutral,neutral_unlabeled_background,background_proxy,0
mixed_50_50,1433,NEU_BKG_000970,Nevada,-115.23202253519604,40.38351011584907,neutral,neutral_unlabeled_background,background_proxy,0
mixed_50_50,1434,NEU_BKG_000972,Nevada,-114.90834258053842,35.29341733237034,neutral,neutral_unlabeled_background,background_proxy,0
mixed_50_50,1435,NEU_BKG_000973,Nevada,-116.2270526518694,38.41125121408622,neutral,neutral_unlabeled_background,background_proxy,0
mixed_50_50,1436,NEU_BKG_000974,Nevada,-114.58835400873276,41.387160906517074,neutral,neutral_unlabeled_background,background_proxy,0
mixed_50_50,1437,NEU_BKG_000975,Nevada,-115.47510884467077,37.432153673373115,neutral,neutral_unlabeled_background,background_proxy,0
mixed_50_50,1438,NEU_BKG_000978,Nevada,-116.49275851948391,39.280830417538276,neutral,neutral_unlabeled_background,background_proxy,0
mixed_50_50,1439,NEU_BKG_000981,Nevada,-115.32994655958531,36.645760884710675,neutral,neutral_unlabeled_background,background_proxy,0
mixed_50_50,1440,NEU_BKG_000983,Nevada,-114.387190657361,41.39927468195132,neutral,neutral_unlabeled_background,background_proxy,0
mixed_50_50,1441,NEU_BKG_000984,Nevada,-115.28140764637996,37.84937353327159,neutral,neutral_unlabeled_background,background_proxy,0
mixed_50_50,1442,NEU_BKG_000985,Nevada,-116.21858029247383,38.39054014605797,neutral,neutral_unlabeled_background,background_proxy,0
mixed_50_50,1443,NEU_BKG_000987,Nevada,-115.13767073245201,41.13297626904053,neutral,neutral_unlabeled_background,background_proxy,0
mixed_50_50,1444,NEU_BKG_000989,Nevada,-117.26021543385677,41.952724242985234,neutral,neutral_unlabeled_background,background_proxy,0
mixed_50_50,1445,NEU_BKG_000990,Nevada,-117.18995088790055,37.169072532089935,neutral,neutral_unlabeled_background,background_proxy,0
mixed_50_50,1446,NEU_BKG_000992,Nevada,-115.95751117017217,36.74684678157693,neutral,neutral_unlabeled_background,background_proxy,0
mixed_50_50,1447,NEU_BKG_000993,Nevada,-114.11315100742594,40.102159688722374,neutral,neutral_unlabeled_background,background_proxy,0
mixed_50_50,1448,NEU_BKG_000994,Nevada,-114.96257240687292,37.09916458053603,neutral,neutral_unlabeled_background,background_proxy,0
mixed_50_50,1449,NEU_BKG_000996,Nevada,-115.29014436549727,36.64633802055186,neutral,neutral_unlabeled_background,background_proxy,0
mixed_50_50,1450,NEU_BKG_000997,Nevada,-114.56103314181786,41.41363667992916,neutral,neutral_unlabeled_background,background_proxy,0
mixed_50_50,1451,NEU_BKG_000999,Nevada,-114.21541524224968,39.98890558334318,neutral,neutral_unlabeled_background,background_proxy,0
mixed_50_50,1452,NEU_BKG_001003,Nevada,-119.92849758528305,41.439431281585975,neutral,neutral_unlabeled_background,background_proxy,0
mixed_50_50,1453,NEU_BKG_001006,Nevada,-114.76524454773282,38.88921378724437,neutral,neutral_unlabeled_background,background_proxy,0
mixed_50_50,1454,NEU_BKG_001007,Nevada,-116.48567661881218,37.15145752049907,neutral,neutral_unlabeled_background,background_proxy,0
mixed_50_50,1455,NEU_BKG_001010,Nevada,-115.75566598782567,36.90186822269277,neutral,neutral_unlabeled_background,background_proxy,0
mixed_50_50,1456,NEU_BKG_001016,Nevada,-115.16209901797038,37.10241642932516,neutral,neutral_unlabeled_background,background_proxy,0
mixed_50_50,1457,NEU_BKG_001020,Nevada,-115.18605286571619,37.76466157903146,neutral,neutral_unlabeled_background,background_proxy,0
mixed_50_50,1458,NEU_BKG_001021,Nevada,-115.71038367724275,39.61594827773529,neutral,neutral_unlabeled_background,background_proxy,0
mixed_50_50,1459,NEU_BKG_001022,Nevada,-117.25245079821643,41.84714321558769,neutral,neutral_unlabeled_background,background_proxy,0
mixed_50_50,1460,NEU_BKG_001024,Nevada,-117.13927780603962,41.41695071004116,neutral,neutral_unlabeled_background,background_proxy,0
mixed_50_50,1461,NEU_BKG_001026,Nevada,-116.06918651143512,36.706429741525014,neutral,neutral_unlabeled_background,background_proxy,0
mixed_50_50,1462,NEU_BKG_001027,Nevada,-115.9546828022514,40.0539826700195,neutral,neutral_unlabeled_background,background_proxy,0
mixed_50_50,1463,NEU_BKG_001028,Nevada,-115.95946714982844,37.91650327129699,neutral,neutral_unlabeled_background,background_proxy,0
mixed_50_50,1464,NEU_BKG_001030,Nevada,-114.6581537578241,40.64335906220172,neutral,neutral_unlabeled_background,background_proxy,0
mixed_50_50,1465,NEU_BKG_001031,Nevada,-115.6937032530768,36.12280292938341,neutral,neutral_unlabeled_background,background_proxy,0
mixed_50_50,1466,NEU_BKG_001032,Nevada,-116.06063531071527,36.66413923541329,neutral,neutral_unlabeled_background,background_proxy,0
mixed_50_50,1467,NEU_BKG_001033,Nevada,-115.68268169409221,41.52673950349826,neutral,neutral_unlabeled_background,background_proxy,0
mixed_50_50,1468,NEU_BKG_001036,Nevada,-116.43383747850518,37.365981654123686,neutral,neutral_unlabeled_background,background_proxy,0
mixed_50_50,1469,NEU_BKG_001040,Nevada,-117.27276703496369,41.907092110028294,neutral,neutral_unlabeled_background,background_proxy,0
mixed_50_50,1470,NEU_BKG_001042,Nevada,-114.24861892481874,38.68629069432497,neutral,neutral_unlabeled_background,background_proxy,0
mixed_50_50,1471,NEU_BKG_001044,Nevada,-115.81387341474888,40.304490347167295,neutral,neutral_unlabeled_background,background_proxy,0
mixed_50_50,1472,NEU_BKG_001045,Nevada,-117.24711765313747,41.51370491837286,neutral,neutral_unlabeled_background,background_proxy,0
mixed_50_50,1473,NEU_BKG_001046,Nevada,-117.08703824457879,41.80421686486936,neutral,neutral_unlabeled_background,background_proxy,0
mixed_50_50,1474,NEU_BKG_001048,Nevada,-114.80130730817068,38.44055285010858,neutral,neutral_unlabeled_background,background_proxy,0
mixed_50_50,1475,NEU_BKG_001049,Nevada,-116.48545961980635,36.562510142381136,neutral,neutral_unlabeled_background,background_proxy,0
mixed_50_50,1476,NEU_BKG_001053,Nevada,-114.4865392083143,38.21864124843345,neutral,neutral_unlabeled_background,background_proxy,0
mixed_50_50,1477,NEU_BKG_001054,Nevada,-115.18119733710282,38.19861836550986,neutral,neutral_unlabeled_background,background_proxy,0
mixed_50_50,1478,NEU_BKG_001056,Nevada,-116.43135041545949,39.24394009612192,neutral,neutral_unlabeled_background,background_proxy,0
mixed_50_50,1479,NEU_BKG_001057,Nevada,-119.84434595377162,40.834370894183174,neutral,neutral_unlabeled_background,background_proxy,0
mixed_50_50,1480,NEU_BKG_001058,Nevada,-119.87128099611806,41.34875684886896,neutral,neutral_unlabeled_background,background_proxy,0
mixed_50_50,1481,NEU_BKG_001062,Nevada,-115.34938297599136,38.003566746271595,neutral,neutral_unlabeled_background,background_proxy,0
mixed_50_50,1482,NEU_BKG_001065,Nevada,-116.14048474586774,37.768157443796674,neutral,neutral_unlabeled_background,background_proxy,0
mixed_50_50,1483,NEU_BKG_001067,Nevada,-115.2195311881582,40.9683277342837,neutral,neutral_unlabeled_background,background_proxy,0
mixed_50_50,1484,NEU_BKG_001068,Nevada,-117.04649365623918,41.054429734703135,neutral,neutral_unlabeled_background,background_proxy,0
mixed_50_50,1485,NEU_BKG_001069,Nevada,-116.05788298820737,37.88758281355842,neutral,neutral_unlabeled_background,background_proxy,0
mixed_50_50,1486,NEU_BKG_001071,Nevada,-116.73080605140157,41.766107320466745,neutral,neutral_unlabeled_background,background_proxy,0
mixed_50_50,1487,NEU_BKG_001072,Nevada,-116.84785439593026,37.955893677031774,neutral,neutral_unlabeled_background,background_proxy,0
mixed_50_50,1488,NEU_BKG_001073,Nevada,-114.47211808698601,38.48312739439399,neutral,neutral_unlabeled_background,background_proxy,0
mixed_50_50,1489,NEU_BKG_001074,Nevada,-116.29336777844534,37.10143315769181,neutral,neutral_unlabeled_background,background_proxy,0
mixed_50_50,1490,NEU_BKG_001077,Nevada,-114.99702584443614,37.41352562691213,neutral,neutral_unlabeled_background,background_proxy,0
mixed_50_50,1491,NEU_BKG_001079,Nevada,-118.10712772530889,41.55818943443656,neutral,neutral_unlabeled_background,background_proxy,0
mixed_50_50,1492,NEU_BKG_001080,Nevada,-114.14921701464156,38.31787267591983,neutral,neutral_unlabeled_background,background_proxy,0
mixed_50_50,1493,NEU_BKG_001081,Nevada,-115.95564675125287,40.05625102559688,neutral,neutral_unlabeled_background,background_proxy,0
mixed_50_50,1494,NEU_BKG_001082,Nevada,-115.90611081167212,37.50854186412985,neutral,neutral_unlabeled_background,background_proxy,0
mixed_50_50,1495,NEU_BKG_001083,Nevada,-115.74194200884486,37.04899210923711,neutral,neutral_unlabeled_background,background_proxy,0
mixed_50_50,1496,NEU_BKG_001084,Nevada,-116.67605657429584,41.932613348656474,neutral,neutral_unlabeled_background,background_proxy,0
mixed_50_50,1497,NEU_BKG_001085,Nevada,-116.5864535702811,41.792474645646436,neutral,neutral_unlabeled_background,background_proxy,0
mixed_50_50,1498,NEU_BKG_001088,Nevada,-114.84944764852604,37.9768600420603,neutral,neutral_unlabeled_background,background_proxy,0
mixed_50_50,1499,NEU_BKG_001089,Nevada,-115.76586501440293,40.26567031086258,neutral,neutral_unlabeled_background,background_proxy,0
mixed_50_50,1500,NEU_BKG_001090,Nevada,-115.32092151598705,36.43251541745924,neutral,neutral_unlabeled_background,background_proxy,0
mixed_50_50,1501,NEU_BKG_001093,Nevada,-115.25185504174053,39.47189550109043,neutral,neutral_unlabeled_background,background_proxy,0
mixed_50_50,1502,NEU_BKG_001097,Nevada,-117.02958832902047,41.79104439638653,neutral,neutral_unlabeled_background,background_proxy,0
mixed_50_50,1503,NEU_BKG_001099,Nevada,-115.2621628726762,37.80230854742679,neutral,neutral_unlabeled_background,background_proxy,0
mixed_50_50,1504,NEU_BKG_001103,Nevada,-114.51589277070214,41.34754311970307,neutral,neutral_unlabeled_background,background_proxy,0
mixed_50_50,1505,NEU_BKG_001104,Nevada,-114.3008029878671,39.864285246701115,neutral,neutral_unlabeled_background,background_proxy,0
mixed_50_50,1506,NEU_BKG_001105,Nevada,-116.14969052820865,38.42671749413292,neutral,neutral_unlabeled_background,background_proxy,0
mixed_50_50,1507,NEU_BKG_001107,Nevada,-116.90528334466427,37.08150978366225,neutral,neutral_unlabeled_background,background_proxy,0
mixed_50_50,1508,NEU_BKG_001109,Nevada,-114.30763096901067,39.98652530494104,neutral,neutral_unlabeled_background,background_proxy,0
mixed_50_50,1509,NEU_BKG_001111,Nevada,-116.79783974258339,40.82965252785332,neutral,neutral_unlabeled_background,background_proxy,0
mixed_50_50,1510,NEU_BKG_001112,Nevada,-114.26892364344916,39.957561137914524,neutral,neutral_unlabeled_background,background_proxy,0
mixed_50_50,1511,NEU_BKG_001114,Nevada,-115.16355864076247,37.748912245677744,neutral,neutral_unlabeled_background,background_proxy,0
mixed_50_50,1512,NEU_BKG_001115,Nevada,-116.06675428871556,38.8451243277237,neutral,neutral_unlabeled_background,background_proxy,0
mixed_50_50,1513,NEU_BKG_001117,Nevada,-115.6757450739242,40.44222819357236,neutral,neutral_unlabeled_background,background_proxy,0
mixed_50_50,1514,NEU_BKG_001122,Nevada,-114.06489798731577,38.572534829976185,neutral,neutral_unlabeled_background,background_proxy,0
mixed_50_50,1515,NEU_BKG_001123,Nevada,-115.16257217632734,41.32220353200131,neutral,neutral_unlabeled_background,background_proxy,0
mixed_50_50,1516,NEU_BKG_001124,Nevada,-117.06264069519358,41.049886659282464,neutral,neutral_unlabeled_background,background_proxy,0
mixed_50_50,1517,NEU_BKG_001125,Nevada,-119.9912759548982,40.72993753387101,neutral,neutral_unlabeled_background,background_proxy,0
mixed_50_50,1518,NEU_BKG_001126,Nevada,-119.64671068938118,40.604888625815846,neutral,neutral_unlabeled_background,background_proxy,0
mixed_50_50,1519,NEU_BKG_001127,Nevada,-116.98575258145546,41.760748709829386,neutral,neutral_unlabeled_background,background_proxy,0
mixed_50_50,1520,NEU_BKG_001128,Nevada,-115.65096671518022,37.02830748711684,neutral,neutral_unlabeled_background,background_proxy,0
mixed_50_50,1521,NEU_BKG_001130,Nevada,-115.81360229856088,40.23806704134038,neutral,neutral_unlabeled_background,background_proxy,0
mixed_50_50,1522,NEU_BKG_001131,Nevada,-115.60834701905449,36.72405294337644,neutral,neutral_unlabeled_background,background_proxy,0
mixed_50_50,1523,NEU_BKG_001132,Nevada,-116.53229135847322,39.34048816708102,neutral,neutral_unlabeled_background,background_proxy,0
mixed_50_50,1524,NEU_BKG_001135,Nevada,-115.62920756468547,37.288959761765874,neutral,neutral_unlabeled_background,background_proxy,0
mixed_50_50,1525,NEU_BKG_001137,Nevada,-119.86356206607866,41.96381050037109,neutral,neutral_unlabeled_background,background_proxy,0
mixed_50_50,1526,NEU_BKG_001139,Nevada,-116.57720329106584,41.80065624401309,neutral,neutral_unlabeled_background,background_proxy,0
mixed_50_50,1527,NEU_BKG_001142,Nevada,-116.30871276483528,40.07854779505283,neutral,neutral_unlabeled_background,background_proxy,0
mixed_50_50,1528,NEU_BKG_001143,Nevada,-115.77664254899378,36.57864698884928,neutral,neutral_unlabeled_background,background_proxy,0
mixed_50_50,1529,NEU_BKG_001146,Nevada,-119.7520694647128,41.27054292720521,neutral,neutral_unlabeled_background,background_proxy,0
mixed_50_50,1530,NEU_BKG_001147,Nevada,-116.8287917059055,41.37638635141777,neutral,neutral_unlabeled_background,background_proxy,0
mixed_50_50,1531,NEU_BKG_001149,Nevada,-118.09889188387741,41.12923088130599,neutral,neutral_unlabeled_background,background_proxy,0
mixed_50_50,1532,NEU_BKG_001150,Nevada,-115.45380386867785,41.51637718009382,neutral,neutral_unlabeled_background,background_proxy,0
mixed_50_50,1533,NEU_BKG_001151,Nevada,-114.89203846205378,36.99093887276643,neutral,neutral_unlabeled_background,background_proxy,0
mixed_50_50,1534,NEU_BKG_001153,Nevada,-115.80250063316277,36.74272341392343,neutral,neutral_unlabeled_background,background_proxy,0
mixed_50_50,1535,NEU_BKG_001154,Nevada,-116.45094751084453,41.890120734182375,neutral,neutral_unlabeled_background,background_proxy,0
mixed_50_50,1536,NEU_BKG_001159,Nevada,-116.16991741128797,38.83998199256212,neutral,neutral_unlabeled_background,background_proxy,0
mixed_50_50,1537,NEU_BKG_001161,Nevada,-117.33784244594666,39.41642759436118,neutral,neutral_unlabeled_background,background_proxy,0
mixed_50_50,1538,NEU_BKG_001167,Nevada,-115.91244747395768,40.114627946006834,neutral,neutral_unlabeled_background,background_proxy,0
mixed_50_50,1539,NEU_BKG_001171,Nevada,-116.4461965288798,39.264547355739175,neutral,neutral_unlabeled_background,background_proxy,0
mixed_50_50,1540,NEU_BKG_001172,Nevada,-115.61207486212693,37.005025270614574,neutral,neutral_unlabeled_background,background_proxy,0
mixed_50_50,1541,NEU_BKG_001173,Nevada,-116.99541674269022,41.114614278904,neutral,neutral_unlabeled_background,background_proxy,0
mixed_50_50,1542,NEU_BKG_001178,Nevada,-114.6384093528583,40.78712520074543,neutral,neutral_unlabeled_background,background_proxy,0
mixed_50_50,1543,NEU_BKG_001179,Nevada,-116.788072741167,37.1906955928736,neutral,neutral_unlabeled_background,background_proxy,0
mixed_50_50,1544,NEU_BKG_001181,Nevada,-116.15951114140512,37.841549392240694,neutral,neutral_unlabeled_background,background_proxy,0
mixed_50_50,1545,NEU_BKG_001189,Nevada,-115.40966900783293,37.149400807174366,neutral,neutral_unlabeled_background,background_proxy,0
mixed_50_50,1546,NEU_BKG_001193,Nevada,-117.34776179712385,41.924495694055366,neutral,neutral_unlabeled_background,background_proxy,0
mixed_50_50,1547,NEU_BKG_001201,Nevada,-114.99315878730515,37.25240217971981,neutral,neutral_unlabeled_background,background_proxy,0
mixed_50_50,1548,NEU_BKG_001202,Nevada,-115.71254390120653,35.972290631402785,neutral,neutral_unlabeled_background,background_proxy,0
mixed_50_50,1549,NEU_BKG_001203,Nevada,-118.10380550578152,41.504439993742444,neutral,neutral_unlabeled_background,background_proxy,0
mixed_50_50,1550,NEU_BKG_001205,Nevada,-114.09225598014783,38.379186286973756,neutral,neutral_unlabeled_background,background_proxy,0
mixed_50_50,1551,NEU_BKG_001207,Nevada,-115.77292779264214,40.25966533801745,neutral,neutral_unlabeled_background,background_proxy,0
mixed_50_50,1552,NEU_BKG_001210,Nevada,-114.44745685653223,40.80290460086436,neutral,neutral_unlabeled_background,background_proxy,0
mixed_50_50,1553,NEU_BKG_001211,Nevada,-119.89653291884672,41.83113348300916,neutral,neutral_unlabeled_background,background_proxy,0
mixed_50_50,1554,NEU_BKG_001213,Nevada,-116.29536241906257,37.32443350945528,neutral,neutral_unlabeled_background,background_proxy,0
mixed_50_50,1555,NEU_BKG_001214,Nevada,-117.00429236554568,41.03654081240241,neutral,neutral_unlabeled_background,background_proxy,0
mixed_50_50,1556,NEU_BKG_001216,Nevada,-116.77657075750635,41.38184993274966,neutral,neutral_unlabeled_background,background_proxy,0
mixed_50_50,1557,NEU_BKG_001217,Nevada,-119.85592758498913,41.387471703661596,neutral,neutral_unlabeled_background,background_proxy,0
mixed_50_50,1558,NEU_BKG_001218,Nevada,-114.19970941362384,41.87339775466305,neutral,neutral_unlabeled_background,background_proxy,0
mixed_50_50,1559,NEU_BKG_001219,Nevada,-114.60280581489405,38.948513379115234,neutral,neutral_unlabeled_background,background_proxy,0
mixed_50_50,1560,NEU_BKG_001223,Nevada,-115.32849432351274,37.50904515176756,neutral,neutral_unlabeled_background,background_proxy,0
mixed_50_50,1561,NEU_BKG_001227,Nevada,-117.10677373951562,41.08752570441139,neutral,neutral_unlabeled_background,background_proxy,0
mixed_50_50,1562,NEU_BKG_001229,Nevada,-116.71172166932102,37.42759219303657,neutral,neutral_unlabeled_background,background_proxy,0
mixed_50_50,1563,NEU_BKG_001233,New Mexico,-104.08984156597519,33.25061173360669,neutral,neutral_unlabeled_background,background_proxy,0
mixed_50_50,1564,NEU_BKG_001235,New Mexico,-107.50775255214958,33.74796675890783,neutral,neutral_unlabeled_background,background_proxy,0
mixed_50_50,1565,NEU_BKG_001239,New Mexico,-108.99920162302575,34.07962629180854,neutral,neutral_unlabeled_background,background_proxy,0
mixed_50_50,1566,NEU_BKG_001242,New Mexico,-104.5073404346515,34.66315715414618,neutral,neutral_unlabeled_background,background_proxy,0
mixed_50_50,1567,NEU_BKG_001243,New Mexico,-105.79710997283091,34.56959071543945,neutral,neutral_unlabeled_background,background_proxy,0
mixed_50_50,1568,NEU_BKG_001244,New Mexico,-107.64501617357526,33.74254786581397,neutral,neutral_unlabeled_background,background_proxy,0
mixed_50_50,1569,NEU_BKG_001246,New Mexico,-105.22638612483584,33.09453296333691,neutral,neutral_unlabeled_background,background_proxy,0
mixed_50_50,1570,NEU_BKG_001247,New Mexico,-106.27789705491688,32.78897471817587,neutral,neutral_unlabeled_background,background_proxy,0
mixed_50_50,1571,NEU_BKG_001249,New Mexico,-107.74742843063248,33.89539887011456,neutral,neutral_unlabeled_background,background_proxy,0
mixed_50_50,1572,NEU_BKG_001250,New Mexico,-104.3933864279698,34.84422252645597,neutral,neutral_unlabeled_background,background_proxy,0
mixed_50_50,1573,NEU_BKG_001252,New Mexico,-105.03012211256697,32.49105923961999,neutral,neutral_unlabeled_background,background_proxy,0
mixed_50_50,1574,NEU_BKG_001254,New Mexico,-103.74726020648424,34.05040008588783,neutral,neutral_unlabeled_background,background_proxy,0
mixed_50_50,1575,NEU_BKG_001255,New Mexico,-108.25817744745197,34.941976322736956,neutral,neutral_unlabeled_background,background_proxy,0
mixed_50_50,1576,NEU_BKG_001256,New Mexico,-108.28365821886838,36.32717890175667,neutral,neutral_unlabeled_background,background_proxy,0
mixed_50_50,1577,NEU_BKG_001259,New Mexico,-105.41275637169676,35.198009348496115,neutral,neutral_unlabeled_background,background_proxy,0
mixed_50_50,1578,NEU_BKG_001263,New Mexico,-105.90711693623098,34.38139401347481,neutral,neutral_unlabeled_background,background_proxy,0
mixed_50_50,1579,NEU_BKG_001265,New Mexico,-108.2582447321648,31.342370605093883,neutral,neutral_unlabeled_background,background_proxy,0
mixed_50_50,1580,NEU_BKG_001267,New Mexico,-108.99474708052288,33.31839703137044,neutral,neutral_unlabeled_background,background_proxy,0
mixed_50_50,1581,NEU_BKG_001269,New Mexico,-108.02784386388505,36.28531058839032,neutral,neutral_unlabeled_background,background_proxy,0
mixed_50_50,1582,NEU_BKG_001271,New Mexico,-105.39810749699947,33.072023465758164,neutral,neutral_unlabeled_background,background_proxy,0
mixed_50_50,1583,NEU_BKG_001272,New Mexico,-105.46656984235882,34.312788237761225,neutral,neutral_unlabeled_background,background_proxy,0
mixed_50_50,1584,NEU_BKG_001273,New Mexico,-108.39151180883465,33.24495250690049,neutral,neutral_unlabeled_background,background_proxy,0
mixed_50_50,1585,NEU_BKG_001274,New Mexico,-103.27354912497907,36.7750846199936,neutral,neutral_unlabeled_background,background_proxy,0
mixed_50_50,1586,NEU_BKG_001275,New Mexico,-108.24711025542932,34.94303849322761,neutral,neutral_unlabeled_background,background_proxy,0
mixed_50_50,1587,NEU_BKG_001277,New Mexico,-105.64416691947241,32.34477841765684,neutral,neutral_unlabeled_background,background_proxy,0
mixed_50_50,1588,NEU_BKG_001278,New Mexico,-108.19350814206543,35.92124513000405,neutral,neutral_unlabeled_background,background_proxy,0
mixed_50_50,1589,NEU_BKG_001280,New Mexico,-108.34134531467453,34.69214742467239,neutral,neutral_unlabeled_background,background_proxy,0
mixed_50_50,1590,NEU_BKG_001282,New Mexico,-108.559219858523,36.12101989616602,neutral,neutral_unlabeled_background,background_proxy,0
mixed_50_50,1591,NEU_BKG_001283,New Mexico,-105.02674943616333,36.61553159950454,neutral,neutral_unlabeled_background,background_proxy,0
mixed_50_50,1592,NEU_BKG_001284,New Mexico,-107.62423780859288,34.266461274481564,neutral,neutral_unlabeled_background,background_proxy,0
mixed_50_50,1593,NEU_BKG_001285,New Mexico,-106.19115273832519,32.283687431596896,neutral,neutral_unlabeled_background,background_proxy,0
mixed_50_50,1594,NEU_BKG_001287,New Mexico,-106.64699865888157,33.99735871891827,neutral,neutral_unlabeled_background,background_proxy,0
mixed_50_50,1595,NEU_BKG_001294,New Mexico,-106.84468722711966,32.97443091073301,neutral,neutral_unlabeled_background,background_proxy,0
mixed_50_50,1596,NEU_BKG_001298,New Mexico,-104.60994348963152,32.672864980964995,neutral,neutral_unlabeled_background,background_proxy,0
mixed_50_50,1597,NEU_BKG_001299,New Mexico,-108.83516923798605,35.743337227305794,neutral,neutral_unlabeled_background,background_proxy,0
mixed_50_50,1598,NEU_BKG_001301,Oregon,-117.61356058476957,43.35041660388931,neutral,neutral_unlabeled_background,background_proxy,0
mixed_50_50,1599,NEU_BKG_001303,Oregon,-117.2214646500511,42.22477441462273,neutral,neutral_unlabeled_background,background_proxy,0
mixed_50_50,1600,NEU_BKG_001305,Oregon,-122.32303732356259,42.44527246981386,neutral,neutral_unlabeled_background,background_proxy,0
mixed_50_50,1601,NEU_BKG_001307,Oregon,-118.03972880862918,43.08580769322991,neutral,neutral_unlabeled_background,background_proxy,0
mixed_50_50,1602,NEU_BKG_001310,Oregon,-122.28077769198076,42.562937370191776,neutral,neutral_unlabeled_background,background_proxy,0
mixed_50_50,1603,NEU_BKG_001311,Oregon,-120.60128794507298,43.36648669786305,neutral,neutral_unlabeled_background,background_proxy,0
mixed_50_50,1604,NEU_BKG_001313,Oregon,-119.12285616213997,42.6503558287962,neutral,neutral_unlabeled_background,background_proxy,0
mixed_50_50,1605,NEU_BKG_001314,Oregon,-122.28037759519272,43.40162003630746,neutral,neutral_unlabeled_background,background_proxy,0
mixed_50_50,1606,NEU_BKG_001316,Oregon,-120.76415046350178,43.435750685785194,neutral,neutral_unlabeled_background,background_proxy,0
mixed_50_50,1607,NEU_BKG_001318,Oregon,-119.26906221258884,43.135725264001096,neutral,neutral_unlabeled_background,background_proxy,0
mixed_50_50,1608,NEU_BKG_001320,Oregon,-117.53716579579567,42.57497058778019,neutral,neutral_unlabeled_background,background_proxy,0
mixed_50_50,1609,NEU_BKG_001321,Oregon,-123.89712591858289,44.192026558507635,neutral,neutral_unlabeled_background,background_proxy,0
mixed_50_50,1610,NEU_BKG_001322,Oregon,-120.10321374190342,44.46881736031108,neutral,neutral_unlabeled_background,background_proxy,0
mixed_50_50,1611,NEU_BKG_001325,Oregon,-120.27539631409157,43.24515116302266,neutral,neutral_unlabeled_background,background_proxy,0
mixed_50_50,1612,NEU_BKG_001327,Oregon,-121.28095015210299,43.4740672386406,neutral,neutral_unlabeled_background,background_proxy,0
mixed_50_50,1613,NEU_BKG_001330,Oregon,-121.06970276616903,43.658963641073186,neutral,neutral_unlabeled_background,background_proxy,0
mixed_50_50,1614,NEU_BKG_001333,Oregon,-121.54722676392961,44.59798375590684,neutral,neutral_unlabeled_background,background_proxy,0
mixed_50_50,1615,NEU_BKG_001336,Oregon,-119.22089161698608,43.36983465922177,neutral,neutral_unlabeled_background,background_proxy,0
mixed_50_50,1616,NEU_BKG_001337,Oregon,-118.28121563726428,42.02970740049243,neutral,neutral_unlabeled_background,background_proxy,0
mixed_50_50,1617,NEU_BKG_001341,Oregon,-119.5395948726463,43.18262025325813,neutral,neutral_unlabeled_background,background_proxy,0
mixed_50_50,1618,NEU_BKG_001342,Oregon,-118.09040303279055,42.203326934325055,neutral,neutral_unlabeled_background,background_proxy,0
mixed_50_50,1619,NEU_BKG_001344,Oregon,-118.43506867361397,43.00336333968645,neutral,neutral_unlabeled_background,background_proxy,0
mixed_50_50,1620,NEU_BKG_001345,Oregon,-121.1121769266906,42.897245095822946,neutral,neutral_unlabeled_background,background_proxy,0
mixed_50_50,1621,NEU_BKG_001346,Oregon,-117.2196899379918,42.20640612936983,neutral,neutral_unlabeled_background,background_proxy,0
mixed_50_50,1622,NEU_BKG_001350,Oregon,-120.36441240854491,43.20257006502786,neutral,neutral_unlabeled_background,background_proxy,0
mixed_50_50,1623,NEU_BKG_001351,Utah,-111.7254936581942,37.59322491495335,neutral,neutral_unlabeled_background,background_proxy,0
mixed_50_50,1624,NEU_BKG_001352,Utah,-111.15840409270935,40.86661976352092,neutral,neutral_unlabeled_background,background_proxy,0
mixed_50_50,1625,NEU_BKG_001356,Utah,-113.66872056289732,38.962277681827615,neutral,neutral_unlabeled_background,background_proxy,0
mixed_50_50,1626,NEU_BKG_001357,Utah,-111.53349293091432,37.23656971551473,neutral,neutral_unlabeled_background,background_proxy,0
mixed_50_50,1627,NEU_BKG_001361,Utah,-109.19397495161316,39.30849454910091,neutral,neutral_unlabeled_background,background_proxy,0
mixed_50_50,1628,NEU_BKG_001362,Utah,-113.7389028026418,40.34347728657405,neutral,neutral_unlabeled_background,background_proxy,0
mixed_50_50,1629,NEU_BKG_001364,Utah,-110.09096040212115,40.72516302029092,neutral,neutral_unlabeled_background,background_proxy,0
mixed_50_50,1630,NEU_BKG_001365,Utah,-111.05319993528414,39.905842328065745,neutral,neutral_unlabeled_background,background_proxy,0
mixed_50_50,1631,NEU_BKG_001367,Utah,-110.19546815062316,38.629901071562756,neutral,neutral_unlabeled_background,background_proxy,0
mixed_50_50,1632,NEU_BKG_001370,Utah,-111.61133560090694,38.15150312697751,neutral,neutral_unlabeled_background,background_proxy,0
mixed_50_50,1633,NEU_BKG_001373,Utah,-112.4577314832168,39.60134358331342,neutral,neutral_unlabeled_background,background_proxy,0
mixed_50_50,1634,NEU_BKG_001374,Utah,-111.69114058570337,38.037936319059106,neutral,neutral_unlabeled_background,background_proxy,0
mixed_50_50,1635,NEU_BKG_001377,Utah,-109.58399454329046,37.076365576045234,neutral,neutral_unlabeled_background,background_proxy,0
mixed_50_50,1636,NEU_BKG_001378,Utah,-110.8982779797747,37.98610322998059,neutral,neutral_unlabeled_background,background_proxy,0
mixed_50_50,1637,NEU_BKG_001381,Utah,-113.51099057660383,38.97144444518942,neutral,neutral_unlabeled_background,background_proxy,0
mixed_50_50,1638,NEU_BKG_001382,Utah,-113.72940105304073,39.99787498800508,neutral,neutral_unlabeled_background,background_proxy,0
mixed_50_50,1639,NEU_BKG_001383,Utah,-111.04084901379228,37.218921803368026,neutral,neutral_unlabeled_background,background_proxy,0
mixed_50_50,1640,NEU_BKG_001384,Utah,-113.48949067514464,39.98743835206943,neutral,neutral_unlabeled_background,background_proxy,0
mixed_50_50,1641,NEU_BKG_001385,Utah,-112.95663366629022,37.21953867956503,neutral,neutral_unlabeled_background,background_proxy,0
mixed_50_50,1642,NEU_BKG_001389,Utah,-110.0207112564025,39.85510911427307,neutral,neutral_unlabeled_background,background_proxy,0
mixed_50_50,1643,NEU_BKG_001395,Utah,-109.2054941213298,39.9372074157803,neutral,neutral_unlabeled_background,background_proxy,0
mixed_50_50,1644,NEU_BKG_001396,Utah,-110.84889535437046,37.42358834809036,neutral,neutral_unlabeled_background,background_proxy,0
mixed_50_50,1645,NEU_BKG_001397,Utah,-111.47712485410378,37.22313407266689,neutral,neutral_unlabeled_background,background_proxy,0
mixed_50_50,1646,NEU_BKG_001398,Utah,-110.00262724865075,39.68349868305223,neutral,neutral_unlabeled_background,background_proxy,0
mixed_50_50,1647,NEU_BKG_001399,Utah,-110.89924145737298,37.03306552774638,neutral,neutral_unlabeled_background,background_proxy,0
mixed_50_50,1648,NEU_BKG_001401,Wyoming,-109.6006183445407,42.508628783060814,neutral,neutral_unlabeled_background,background_proxy,0
mixed_50_50,1649,NEU_BKG_001404,Wyoming,-107.0699888754266,42.674786434757245,neutral,neutral_unlabeled_background,background_proxy,0
mixed_50_50,1650,NEU_BKG_001406,Wyoming,-108.22380988969962,42.41099693324509,neutral,neutral_unlabeled_background,background_proxy,0
mixed_50_50,1651,NEU_BKG_001407,Wyoming,-108.32270100114077,44.480267724892556,neutral,neutral_unlabeled_background,background_proxy,0
mixed_50_50,1652,NEU_BKG_001411,Wyoming,-110.53027671674084,44.77993139252625,neutral,neutral_unlabeled_background,background_proxy,0
mixed_50_50,1653,NEU_BKG_001413,Wyoming,-109.53222084558809,42.985872235461976,neutral,neutral_unlabeled_background,background_proxy,0
mixed_50_50,1654,NEU_BKG_001414,Wyoming,-105.62212142604068,44.083324422657135,neutral,neutral_unlabeled_background,background_proxy,0
mixed_50_50,1655,NEU_BKG_001417,Wyoming,-106.63426187599748,42.42797116528296,neutral,neutral_unlabeled_background,background_proxy,0
mixed_50_50,1656,NEU_BKG_001418,Wyoming,-105.70832307597927,44.643729434197155,neutral,neutral_unlabeled_background,background_proxy,0
mixed_50_50,1657,NEU_BKG_001421,Wyoming,-104.4592781104666,43.4670338185258,neutral,neutral_unlabeled_background,background_proxy,0
mixed_50_50,1658,NEU_BKG_001424,Wyoming,-109.33858779480396,43.08061433796734,neutral,neutral_unlabeled_background,background_proxy,0
mixed_50_50,1659,NEU_BKG_001427,Wyoming,-105.72188330072866,44.44873269200392,neutral,neutral_unlabeled_background,background_proxy,0
mixed_50_50,1660,NEU_BKG_001431,Wyoming,-105.08649848490357,44.77959325440483,neutral,neutral_unlabeled_background,background_proxy,0
mixed_50_50,1661,NEU_BKG_001432,Wyoming,-105.39719175404545,44.40938643884012,neutral,neutral_unlabeled_background,background_proxy,0
mixed_50_50,1662,NEU_BKG_001434,Wyoming,-106.9723119798479,42.97875141337052,neutral,neutral_unlabeled_background,background_proxy,0
mixed_50_50,1663,NEU_BKG_001435,Wyoming,-110.87787212875854,44.32575082838477,neutral,neutral_unlabeled_background,background_proxy,0
mixed_50_50,1664,NEU_BKG_001436,Wyoming,-108.23614602863331,44.474008649785226,neutral,neutral_unlabeled_background,background_proxy,0
mixed_50_50,1665,NEU_BKG_001437,Wyoming,-106.00105465863247,44.686266597701525,neutral,neutral_unlabeled_background,background_proxy,0
mixed_50_50,1666,NEU_BKG_001438,Wyoming,-108.05365131843465,43.63529568202276,neutral,neutral_unlabeled_background,background_proxy,0
mixed_50_50,1667,NEU_BKG_001441,Wyoming,-109.59443421459395,42.1376109840179,neutral,neutral_unlabeled_background,background_proxy,0
mixed_50_50,1668,NEU_BKG_001446,Wyoming,-109.64525570481511,43.04365350595322,neutral,neutral_unlabeled_background,background_proxy,0
mixed_50_50,1669,NEU_BKG_001447,Wyoming,-104.81487086177734,43.245783217707604,neutral,neutral_unlabeled_background,background_proxy,0
mixed_50_50,1670,NEU_BKG_001448,Wyoming,-111.00959185429309,44.625632938292064,neutral,neutral_unlabeled_background,background_proxy,0
mixed_50_50,1671,NEU_BKG_001449,Wyoming,-105.69671408446128,44.62661287463274,neutral,neutral_unlabeled_background,background_proxy,0
mixed_50_50,1672,NEU_BKG_001450,Wyoming,-105.54384430052222,44.61658838277647,neutral,neutral_unlabeled_background,background_proxy,0
mixed_50_50,1673,NEU_BKG_001453,Colorado,-104.24502029274706,40.52138528885089,neutral,neutral_unlabeled_background,background_proxy,0
mixed_50_50,1674,NEU_BKG_001454,Colorado,-103.9531679938398,40.99489271423838,neutral,neutral_unlabeled_background,background_proxy,0
mixed_50_50,1675,NEU_BKG_001455,Colorado,-103.82174409934387,40.72061554682545,neutral,neutral_unlabeled_background,background_proxy,0
mixed_50_50,1676,NEU_BKG_001459,Colorado,-103.94450792005338,40.94261569780847,neutral,neutral_unlabeled_background,background_proxy,0
mixed_50_50,1677,NEU_BKG_001460,Colorado,-108.91762395656443,39.93212947335622,neutral,neutral_unlabeled_background,background_proxy,0
mixed_50_50,1678,NEU_BKG_001461,Colorado,-102.97552523784178,39.31239018598763,neutral,neutral_unlabeled_background,background_proxy,0
mixed_50_50,1679,NEU_BKG_001462,Colorado,-103.26319714223379,38.457468279004,neutral,neutral_unlabeled_background,background_proxy,0
mixed_50_50,1680,NEU_BKG_001463,Colorado,-102.07973508003896,37.784285054434555,neutral,neutral_unlabeled_background,background_proxy,0
mixed_50_50,1681,NEU_BKG_001464,Colorado,-102.97161075349698,37.211499456883644,neutral,neutral_unlabeled_background,background_proxy,0
mixed_50_50,1682,NEU_BKG_001465,Colorado,-103.59354487725705,40.59170634833361,neutral,neutral_unlabeled_background,background_proxy,0
mixed_50_50,1683,NEU_BKG_001467,Colorado,-102.12586939812898,40.65941017762576,neutral,neutral_unlabeled_background,background_proxy,0
mixed_50_50,1684,NEU_BKG_001471,Colorado,-102.81519371960665,37.11928047320263,neutral,neutral_unlabeled_background,background_proxy,0
mixed_50_50,1685,NEU_BKG_001474,Colorado,-107.92208665851943,39.6329762929647,neutral,neutral_unlabeled_background,background_proxy,0
mixed_50_50,1686,NEU_BKG_001475,Colorado,-104.09612447350813,38.293409339744485,neutral,neutral_unlabeled_background,background_proxy,0
mixed_50_50,1687,NEU_BKG_001480,Colorado,-102.30286058112537,38.24962919599697,neutral,neutral_unlabeled_background,background_proxy,0
mixed_50_50,1688,NEU_BKG_001482,Colorado,-108.3670122475889,37.77372151593468,neutral,neutral_unlabeled_background,background_proxy,0
mixed_50_50,1689,NEU_BKG_001484,Colorado,-103.87302776594335,40.979594886156896,neutral,neutral_unlabeled_background,background_proxy,0
mixed_50_50,1690,NEU_BKG_001485,Colorado,-102.97391382631764,39.099534787962796,neutral,neutral_unlabeled_background,background_proxy,0
mixed_50_50,1691,NEU_BKG_001487,Colorado,-102.64510461540914,37.18431634495361,neutral,neutral_unlabeled_background,background_proxy,0
mixed_50_50,1692,NEU_BKG_001488,Colorado,-108.57906541108733,39.40119300221513,neutral,neutral_unlabeled_background,background_proxy,0
mixed_50_50,1693,NEU_BKG_001492,Idaho,-111.83299563978748,42.46727007482987,neutral,neutral_unlabeled_background,background_proxy,0
mixed_50_50,1694,NEU_BKG_001493,Idaho,-116.34150285749736,44.38799797161221,neutral,neutral_unlabeled_background,background_proxy,0
mixed_50_50,1695,NEU_BKG_001496,Idaho,-116.8332155027281,42.45987115434254,neutral,neutral_unlabeled_background,background_proxy,0
mixed_50_50,1696,NEU_BKG_001497,Idaho,-113.01437834835036,43.291471905444695,neutral,neutral_unlabeled_background,background_proxy,0
mixed_50_50,1697,NEU_BKG_001499,Idaho,-111.22199079865335,44.36529227537678,neutral,neutral_unlabeled_background,background_proxy,0
mixed_50_50,1698,NEU_BKG_001500,Idaho,-115.49343707187514,42.73016656422833,neutral,neutral_unlabeled_background,background_proxy,0
mixed_50_50,1699,NEU_BKG_001503,Idaho,-114.922170567588,42.292649014124954,neutral,neutral_unlabeled_background,background_proxy,0
mixed_50_50,1700,NEU_BKG_001504,Idaho,-116.35667904541926,42.46236662144698,neutral,neutral_unlabeled_background,background_proxy,0
mixed_50_50,1701,NEU_BKG_001505,Idaho,-112.9765072271882,42.91910346430862,neutral,neutral_unlabeled_background,background_proxy,0
mixed_50_50,1702,NEU_BKG_001506,Idaho,-113.06201997919047,43.49092609379519,neutral,neutral_unlabeled_background,background_proxy,0
mixed_50_50,1703,NEU_BKG_001510,Idaho,-116.9416541909337,42.19741848507749,neutral,neutral_unlabeled_background,background_proxy,0
mixed_50_50,1704,NEU_BKG_001513,Idaho,-113.07636965076811,43.15412083943828,neutral,neutral_unlabeled_background,background_proxy,0
mixed_50_50,1705,NEU_BKG_001516,Idaho,-115.4418025162627,46.33115331641851,neutral,neutral_unlabeled_background,background_proxy,0
mixed_50_50,1706,NEU_BKG_001517,Idaho,-113.74744837093526,43.27256216865811,neutral,neutral_unlabeled_background,background_proxy,0
mixed_50_50,1707,NEU_BKG_001519,Idaho,-116.19204327453141,47.99175098231948,neutral,neutral_unlabeled_background,background_proxy,0
mixed_50_50,1708,NEU_BKG_001520,Idaho,-112.75698635047186,42.22540321009822,neutral,neutral_unlabeled_background,background_proxy,0
mixed_50_50,1709,NEU_BKG_001525,Idaho,-115.9615422114286,42.64407213656579,neutral,neutral_unlabeled_background,background_proxy,0
mixed_50_50,1710,NEU_BKG_001526,Idaho,-113.64573019677967,43.12438849966655,neutral,neutral_unlabeled_background,background_proxy,0
mixed_50_50,1711,NEU_BKG_001527,Idaho,-113.21932876935843,43.9545546383713,neutral,neutral_unlabeled_background,background_proxy,0
mixed_50_50,1712,NEU_BKG_001530,Idaho,-112.95645513199717,43.160145029169456,neutral,neutral_unlabeled_background,background_proxy,0
mixed_50_50,1713,NEU_BKG_001532,Montana,-113.38803727113836,48.03267873102855,neutral,neutral_unlabeled_background,background_proxy,0
mixed_50_50,1714,NEU_BKG_001533,Montana,-108.22619286501438,48.94653527253616,neutral,neutral_unlabeled_background,background_proxy,0
mixed_50_50,1715,NEU_BKG_001535,Montana,-110.38693464643838,47.50026000750276,neutral,neutral_unlabeled_background,background_proxy,0
mixed_50_50,1716,NEU_BKG_001536,Montana,-108.07213261337947,45.58501923129083,neutral,neutral_unlabeled_background,background_proxy,0
mixed_50_50,1717,NEU_BKG_001538,Montana,-112.44192992228966,47.4716574303789,neutral,neutral_unlabeled_background,background_proxy,0
mixed_50_50,1718,NEU_BKG_001541,Montana,-105.94003386494472,45.132937930696755,neutral,neutral_unlabeled_background,background_proxy,0
mixed_50_50,1719,NEU_BKG_001544,Montana,-104.7818217007177,45.27173991240866,neutral,neutral_unlabeled_background,background_proxy,0
mixed_50_50,1720,NEU_BKG_001545,Montana,-106.63452696065121,48.46527078212925,neutral,neutral_unlabeled_background,background_proxy,0
mixed_50_50,1721,NEU_BKG_001546,Montana,-104.12476811573683,48.049304830407294,neutral,neutral_unlabeled_background,background_proxy,0
mixed_50_50,1722,NEU_BKG_001547,Montana,-108.72570871213478,47.61374806772079,neutral,neutral_unlabeled_background,background_proxy,0
mixed_50_50,1723,NEU_BKG_001548,Montana,-105.87741216867325,46.54093083214241,neutral,neutral_unlabeled_background,background_proxy,0
mixed_50_50,1724,NEU_BKG_001549,Montana,-113.91631851871983,47.67415658999797,neutral,neutral_unlabeled_background,background_proxy,0
mixed_50_50,1725,NEU_BKG_001552,Montana,-104.12989616638559,48.4713617152621,neutral,neutral_unlabeled_background,background_proxy,0
mixed_50_50,1726,NEU_BKG_001553,Montana,-107.4655616269159,48.152405803332535,neutral,neutral_unlabeled_background,background_proxy,0
mixed_50_50,1727,NEU_BKG_001560,Montana,-107.91971235290211,48.698907011940975,neutral,neutral_unlabeled_background,background_proxy,0
mixed_50_50,1728,NEU_BKG_001563,California,-120.03760731973041,36.441131270299465,neutral,neutral_unlabeled_background,background_proxy,0
mixed_50_50,1729,NEU_BKG_001567,California,-119.41764704180898,36.21662055280374,neutral,neutral_unlabeled_background,background_proxy,0
mixed_50_50,1730,NEU_BKG_001568,California,-122.25306611475362,41.82156804211007,neutral,neutral_unlabeled_background,background_proxy,0
mixed_50_50,1731,NEU_BKG_001570,California,-119.74507988992252,34.04552177401134,neutral,neutral_unlabeled_background,background_proxy,0
mixed_50_50,1732,NEU_BKG_001572,California,-121.51088557841607,38.115943717870024,neutral,neutral_unlabeled_background,background_proxy,0
mixed_50_50,1733,NEU_BKG_001573,California,-121.7760022636012,38.42316048373445,neutral,neutral_unlabeled_background,background_proxy,0
mixed_50_50,1734,NEU_BKG_001575,California,-123.56935474519021,39.554486509680956,neutral,neutral_unlabeled_background,background_proxy,0
mixed_50_50,1735,NEU_BKG_001577,California,-119.52608686894352,36.297566867485045,neutral,neutral_unlabeled_background,background_proxy,0
mixed_50_50,1736,NEU_BKG_001579,California,-120.18832082266218,36.74248751567341,neutral,neutral_unlabeled_background,background_proxy,0
mixed_50_50,1737,NEU_BKG_001580,California,-116.93040101475945,35.46875535486076,neutral,neutral_unlabeled_background,background_proxy,0
