sample_id,Y_label,latitude,longitude,state,aster_b04,aster_b05,aster_b06,aster_b07,aster_b08,aster_b09,aster_b6_b5,aster_b7_b8,aster_b5_b7,aster_b4_b9,aster_swir_brightness
NEG_KMN_AR_00001,0,34.710467906810386,-112.11316014987948,Arizona,,,,,,,,,,,
NEG_KMN_AR_00002,0,35.282395787884965,-111.4753314641698,Arizona,52.0,44.0,48.0,45.0,41.0,41.0,1.0909090909090908,1.0975609756097562,0.9777777777777776,1.2682926829268293,45.16666666666666
NEG_KMN_AR_00003,0,33.87016654679135,-112.87311000146052,Arizona,144.0,144.0,149.0,144.0,145.0,125.0,1.0347222222222223,0.993103448275862,1.0,1.152,141.83333333333334
NEG_KMN_AR_00004,0,32.69906329832093,-114.44171089992663,Arizona,,,,,,,,,,,
NEG_KMN_AR_00005,0,33.59203254647147,-113.10986808461944,Arizona,,,,,,,,,,,
NEG_KMN_AR_00006,0,36.547525911314615,-109.13356802198189,Arizona,93.0,85.0,88.0,82.0,82.0,80.0,1.035294117647059,1.0,1.0365853658536586,1.1625,85.0
NEG_KMN_AR_00007,0,33.63052939511292,-113.38459519616153,Arizona,118.0,107.0,114.0,109.0,105.0,82.0,1.0654205607476634,1.0380952380952382,0.981651376146789,1.4390243902439024,105.83333333333331
NEG_KMN_AR_00008,0,32.5345811302746,-109.6783953104566,Arizona,99.0,91.0,86.0,86.0,76.0,55.0,0.945054945054945,1.131578947368421,1.058139534883721,1.8,82.16666666666667
NEG_KMN_AR_00009,0,33.60796642980187,-112.9842764021804,Arizona,80.0,81.0,81.0,75.0,78.0,86.0,1.0,0.9615384615384616,1.08,0.9302325581395348,80.16666666666667
NEG_KMN_AR_00010,0,33.6971953385475,-111.06895254638454,Arizona,,,,,,,,,,,
NEG_KMN_AR_00011,0,35.177863534190145,-111.96603555279104,Arizona,58.5,47.333333333333336,49.66666666666666,43.5,44.0,48.0,1.0492957746478873,0.9886363636363636,1.0881226053639848,1.21875,48.5
NEG_KMN_AR_00012,0,36.25408919744255,-111.44918372044827,Arizona,147.0,149.5,154.5,148.0,147.5,123.0,1.0334448160535117,1.0033898305084743,1.010135135135135,1.195121951219512,144.91666666666666
NEG_KMN_AR_00013,0,32.044579085118976,-109.74268416776698,Arizona,,,,,,,,,,,
NEG_KMN_AR_00014,0,33.888114743102875,-112.14925424459534,Arizona,,,,,,,,,,,
NEG_KMN_AR_00015,0,33.48521976099212,-111.92676060190172,Arizona,,,,,,,,,,,
NEG_KMN_AR_00016,0,34.81464924435589,-110.7003043823538,Arizona,117.0,111.66666666666669,115.0,107.0,109.33333333333331,100.66666666666669,1.0298507462686566,0.978658536585366,1.043613707165109,1.1622516556291391,110.1111111111111
NEG_KMN_AR_00017,0,32.5162923403301,-114.6965126245484,Arizona,,,,,,,,,,,
NEG_KMN_AR_00018,0,33.34755107402584,-111.97837709061127,Arizona,,,,,,,,,,,
NEG_KMN_AR_00019,0,33.85164243463179,-113.19148255928258,Arizona,,,,,,,,,,,
NEG_KMN_AR_00020,0,32.68240760228859,-111.13015847418876,Arizona,51.0,55.0,65.0,41.0,40.0,47.0,1.181818181818182,1.025,1.3414634146341464,1.0851063829787233,49.833333333333336
NEG_KMN_AR_00021,0,34.08349650597217,-110.25122876219814,Arizona,,,,,,,,,,,
NEG_KMN_AR_00022,0,35.30194815713613,-109.15171866316484,Arizona,103.5,99.5,104.0,97.5,98.5,96.5,1.0452261306532664,0.9898477157360406,1.0205128205128204,1.072538860103627,99.91666666666669
NEG_KMN_AR_00023,0,35.24753252397211,-113.98021207092825,Arizona,133.0,132.0,136.0,143.0,144.0,120.0,1.0303030303030305,0.9930555555555556,0.9230769230769232,1.1083333333333334,134.66666666666666
NEG_KMN_AR_00024,0,35.166592074118114,-112.13134365919046,Arizona,104.0,96.0,99.0,115.0,106.0,89.0,1.03125,1.0849056603773586,0.8347826086956521,1.1685393258426966,101.5
NEG_KMN_AR_00025,0,34.75260111725222,-112.58962225449147,Arizona,88.0,79.0,82.0,78.0,74.0,63.0,1.0379746835443038,1.054054054054054,1.0128205128205128,1.3968253968253967,77.33333333333333
NEG_KMN_AR_00026,0,34.35643706341952,-109.67653518050378,Arizona,,,,,,,,,,,
NEG_KMN_AR_00027,0,32.46007127669681,-114.52210768911976,Arizona,,,,,,,,,,,
NEG_KMN_AR_00028,0,33.9401109193817,-111.3447800258325,Arizona,,,,,,,,,,,
NEG_KMN_AR_00029,0,34.0521099735311,-114.24707391939576,Arizona,,,,,,,,,,,
NEG_KMN_AR_00030,0,33.791933565491334,-109.1645998693508,Arizona,184.0,148.0,164.0,155.0,149.0,119.0,1.108108108108108,1.0402684563758389,0.9548387096774194,1.546218487394958,153.16666666666666
NEG_KMN_AR_00031,0,34.37824185726867,-113.65260081969598,Arizona,72.0,65.33333333333333,70.33333333333333,65.33333333333333,68.33333333333333,71.33333333333333,1.076530612244898,0.9560975609756096,1.0,1.0093457943925237,68.77777777777776
NEG_KMN_AR_00032,0,34.19414506261158,-110.06499895739135,Arizona,89.5,88.0,92.5,84.0,87.5,94.0,1.0511363636363635,0.96,1.0476190476190477,0.952127659574468,89.25
NEG_KMN_AR_00033,0,33.531125976686695,-110.16424440829604,Arizona,75.0,69.33333333333333,72.33333333333333,66.66666666666667,66.66666666666667,64.0,1.0432692307692308,1.0,1.0399999999999998,1.171875,69.0
NEG_KMN_AR_00034,0,35.056707716620345,-110.30212962216387,Arizona,165.0,141.0,156.0,142.0,141.0,134.0,1.1063829787234043,1.0070921985815602,0.9929577464788732,1.2313432835820894,146.5
NEG_KMN_AR_00035,0,34.196331895385164,-109.92100133024638,Arizona,105.0,102.0,106.0,98.0,101.0,107.0,1.03921568627451,0.9702970297029704,1.0408163265306123,0.9813084112149532,103.16666666666669
NEG_KMN_AR_00036,0,32.27182252992389,-109.47136893425797,Arizona,,,,,,,,,,,
NEG_KMN_AR_00037,0,36.17863623074766,-112.84133185300897,Arizona,,,,,,,,,,,
NEG_KMN_AR_00038,0,35.215098523033475,-113.47383272279262,Arizona,127.0,131.0,137.0,133.0,138.0,124.0,1.045801526717557,0.9637681159420288,0.9849624060150376,1.0241935483870968,131.66666666666666
NEG_KMN_AR_00039,0,34.764834250921155,-114.23891773245816,Arizona,,,,,,,,,,,
NEG_KMN_AR_00040,0,34.32487644063399,-109.80096225276752,Arizona,,,,,,,,,,,
NEG_KMN_AR_00041,0,36.69095402376064,-110.67997217988476,Arizona,132.0,128.0,133.0,132.0,126.0,93.0,1.0390625,1.0476190476190477,0.9696969696969696,1.4193548387096775,124.0
NEG_KMN_AR_00042,0,33.5656686604357,-112.08177687032024,Arizona,89.0,77.0,83.0,78.0,72.0,57.0,1.077922077922078,1.0833333333333333,0.9871794871794872,1.5614035087719298,76.0
NEG_KMN_AR_00043,0,36.16956638806783,-109.8029996514124,Arizona,62.333333333333336,52.333333333333336,55.333333333333336,48.333333333333336,47.333333333333336,50.66666666666666,1.0573248407643312,1.0211267605633805,1.0827586206896551,1.230263157894737,52.72222222222223
NEG_KMN_AR_00044,0,34.27649861178125,-113.48223447879934,Arizona,102.0,94.0,111.0,112.0,105.0,96.0,1.180851063829787,1.0666666666666669,0.8392857142857143,1.0625,103.33333333333331
NEG_KMN_AR_00045,0,34.04320195712642,-110.9623852430076,Arizona,,,,,,,,,,,
NEG_KMN_AR_00046,0,33.32873639788751,-112.74274576938762,Arizona,64.5,64.0,67.0,63.5,67.0,72.0,1.046875,0.9477611940298508,1.0078740157480317,0.8958333333333334,66.33333333333333
NEG_KMN_AR_00047,0,32.25416849861696,-112.21885236518916,Arizona,132.66666666666666,114.66666666666669,124.66666666666669,112.33333333333331,109.66666666666669,107.0,1.087209302325581,1.0243161094224924,1.020771513353116,1.2398753894080996,116.83333333333331
NEG_KMN_AR_00048,0,35.003889192813574,-111.42493523016446,Arizona,133.0,134.5,136.0,131.5,136.5,129.5,1.0111524163568772,0.9633699633699634,1.0228136882129275,1.027027027027027,133.5
NEG_KMN_AR_00049,0,36.61209826029162,-111.44763623398694,Arizona,163.0,156.0,158.0,156.0,155.0,129.0,1.0128205128205128,1.0064516129032255,1.0,1.2635658914728682,152.83333333333334
NEG_KMN_AR_00050,0,32.81680277534198,-109.9377443826844,Arizona,192.0,162.0,165.0,163.0,142.0,97.0,1.0185185185185186,1.147887323943662,0.9938650306748468,1.9793814432989687,153.5
NEG_KMN_AR_00051,0,33.87975146452446,-113.12287760653844,Arizona,,,,,,,,,,,
NEG_KMN_AR_00052,0,35.32039187853964,-112.10446699514108,Arizona,144.0,136.0,142.0,139.0,139.0,120.0,1.0441176470588236,1.0,0.9784172661870504,1.2,136.66666666666666
NEG_KMN_AR_00053,0,36.02847157463866,-111.28840719464267,Arizona,96.0,86.0,92.0,83.0,81.0,70.0,1.069767441860465,1.0246913580246917,1.036144578313253,1.3714285714285714,84.66666666666667
NEG_KMN_AR_00054,0,33.50864991516588,-110.38422627664602,Arizona,,,,,,,,,,,
NEG_KMN_AR_00055,0,34.20909278909026,-109.63011609793011,Arizona,108.0,94.0,100.0,81.0,75.0,69.0,1.0638297872340423,1.08,1.160493827160494,1.565217391304348,87.83333333333333
NEG_KMN_AR_00056,0,35.04391037472793,-113.52377832358866,Arizona,111.0,100.5,105.0,100.5,96.0,77.5,1.044776119402985,1.046875,1.0,1.4322580645161291,98.41666666666669
NEG_KMN_AR_00057,0,34.19665811862048,-112.692324831706,Arizona,,,,,,,,,,,
NEG_KMN_AR_00058,0,35.31914934794663,-111.97148456176636,Arizona,56.0,57.0,58.0,54.0,56.0,63.0,1.0175438596491229,0.9642857142857144,1.0555555555555556,0.8888888888888888,57.333333333333336
NEG_KMN_AR_00059,0,34.19340402344506,-110.26990381810651,Arizona,,,,,,,,,,,
NEG_KMN_AR_00060,0,33.870966719322375,-113.83025116806652,Arizona,,,,,,,,,,,
NEG_KMN_AR_00061,0,32.638948579909496,-110.09827782551918,Arizona,117.0,111.5,117.5,111.5,114.0,107.0,1.053811659192825,0.9780701754385964,1.0,1.0934579439252337,113.08333333333331
NEG_KMN_AR_00062,0,35.258874130489055,-111.90466885261247,Arizona,151.0,123.0,132.0,130.0,125.0,107.0,1.0731707317073171,1.04,0.946153846153846,1.411214953271028,128.0
NEG_KMN_AR_00063,0,35.87058776703884,-114.11315499995236,Arizona,,,,,,,,,,,
NEG_KMN_AR_00064,0,31.71207429991645,-109.5754524994628,Arizona,,,,,,,,,,,
NEG_KMN_AR_00065,0,34.84415104612303,-110.85577697407643,Arizona,,,,,,,,,,,
NEG_KMN_AR_00066,0,35.259114365216206,-114.493938117869,Arizona,,,,,,,,,,,
NEG_KMN_AR_00067,0,34.87155191260862,-111.55441476435205,Arizona,75.25,75.0,79.0,73.75,76.0,72.25,1.0533333333333332,0.9703947368421052,1.0169491525423728,1.041522491349481,75.20833333333333
NEG_KMN_AR_00068,0,33.901290004031814,-113.54731646313849,Arizona,98.0,99.0,101.0,92.0,93.0,92.5,1.02020202020202,0.989247311827957,1.076086956521739,1.0594594594594595,95.91666666666669
NEG_KMN_AR_00069,0,34.75813821728557,-111.73900239249338,Arizona,77.0,63.0,64.0,59.0,53.0,48.0,1.0158730158730158,1.1132075471698113,1.0677966101694916,1.6041666666666667,60.66666666666666
NEG_KMN_AR_00070,0,31.64755532883539,-111.52274123667524,Arizona,,,,,,,,,,,
NEG_KMN_AR_00071,0,34.2489733359891,-110.78966982196692,Arizona,93.33333333333331,96.0,97.0,95.0,91.33333333333331,83.0,1.0104166666666667,1.04014598540146,1.0105263157894735,1.1244979919678717,92.6111111111111
NEG_KMN_AR_00072,0,33.94009419918701,-109.88045297202154,Arizona,,,,,,,,,,,
NEG_KMN_AR_00073,0,31.359364617465594,-109.52855994183231,Arizona,59.0,50.0,53.0,50.0,47.0,41.0,1.06,1.0638297872340423,1.0,1.4390243902439024,50.0
NEG_KMN_AR_00074,0,33.80414165083234,-113.36254742947352,Arizona,118.0,107.0,107.0,99.0,91.0,74.0,1.0,1.0879120879120878,1.0808080808080809,1.5945945945945943,99.33333333333331
NEG_KMN_AR_00075,0,35.13295027375005,-111.87260454574904,Arizona,113.0,111.0,114.0,108.0,107.0,95.0,1.027027027027027,1.0093457943925233,1.0277777777777777,1.1894736842105262,108.0
NEG_KMN_AR_00076,0,35.06873751090914,-113.90778680785826,Arizona,125.0,124.0,129.0,127.0,127.0,108.0,1.0403225806451613,1.0,0.9763779527559056,1.1574074074074074,123.33333333333331
NEG_KMN_AR_00077,0,34.89715245825674,-112.43669854912577,Arizona,,,,,,,,,,,
NEG_KMN_AR_00078,0,35.52065002784113,-111.93092048542786,Arizona,,,,,,,,,,,
NEG_KMN_AR_00079,0,36.22301009008068,-112.16192183826509,Arizona,,,,,,,,,,,
NEG_KMN_AR_00080,0,34.19336771829118,-109.83667190012189,Arizona,,,,,,,,,,,
NEG_KMN_AR_00081,0,34.062583897136555,-110.68600198555322,Arizona,,,,,,,,,,,
NEG_KMN_AR_00082,0,33.78761334801134,-110.24263288059323,Arizona,,,,,,,,,,,
NEG_KMN_AR_00083,0,33.55310182045917,-114.23292953005632,Arizona,95.0,95.66666666666669,99.33333333333331,87.0,84.33333333333333,86.0,1.038327526132404,1.0316205533596838,1.0996168582375478,1.1046511627906976,91.2222222222222
NEG_KMN_AR_00084,0,33.89459676877559,-111.40136043489024,Arizona,125.0,120.0,127.0,123.0,122.0,106.0,1.0583333333333331,1.0081967213114753,0.975609756097561,1.179245283018868,120.5
NEG_KMN_AR_00085,0,34.023272652558724,-114.06053157892006,Arizona,58.0,47.0,53.0,46.0,45.0,43.0,1.127659574468085,1.022222222222222,1.0217391304347827,1.3488372093023255,48.66666666666666
NEG_KMN_AR_00086,0,33.86652547085525,-113.05082641025405,Arizona,118.0,99.0,104.0,96.0,92.0,84.0,1.0505050505050506,1.0434782608695652,1.03125,1.4047619047619049,98.83333333333331
NEG_KMN_AR_00087,0,33.89755139516418,-110.37665607950872,Arizona,,,,,,,,,,,
NEG_KMN_AR_00088,0,33.85450413493318,-109.80211738110204,Arizona,49.5,49.5,52.5,49.0,51.0,54.0,1.0606060606060606,0.9607843137254902,1.010204081632653,0.9166666666666666,50.91666666666666
NEG_KMN_AR_00089,0,33.89071101847703,-112.8854419966516,Arizona,136.5,138.0,143.0,135.0,141.5,135.5,1.036231884057971,0.9540636042402828,1.022222222222222,1.007380073800738,138.25
NEG_KMN_AR_00090,0,34.357972125552536,-113.88145723945934,Arizona,87.66666666666667,76.0,84.0,74.33333333333333,78.0,80.0,1.105263157894737,0.9529914529914528,1.0224215246636772,1.0958333333333334,80.0
NEG_KMN_AR_00091,0,35.14580593420929,-112.38874043111424,Arizona,,,,,,,,,,,
NEG_KMN_AR_00092,0,35.400844997573394,-112.5367057271356,Arizona,84.0,68.0,71.0,68.0,66.0,60.0,1.0441176470588236,1.0303030303030305,1.0,1.4,69.5
NEG_KMN_AR_00093,0,31.58665429993623,-109.40562887000829,Arizona,,,,,,,,,,,
NEG_KMN_AR_00094,0,32.654494383641506,-109.90716491169415,Arizona,,,,,,,,,,,
NEG_KMN_AR_00095,0,33.86241046982644,-113.9963979979198,Arizona,,,,,,,,,,,
NEG_KMN_AR_00096,0,34.719654317724824,-114.48783988410548,Arizona,59.0,51.0,51.0,47.0,46.0,47.0,1.0,1.0217391304347827,1.0851063829787233,1.25531914893617,50.16666666666666
NEG_KMN_AR_00097,0,34.685435620832386,-111.39716876915644,Arizona,,,,,,,,,,,
NEG_KMN_AR_00098,0,36.82136043182366,-113.86623569857043,Arizona,,,,,,,,,,,
NEG_KMN_AR_00099,0,36.911754499009874,-111.52971168776412,Arizona,106.0,94.0,107.0,101.0,103.0,91.0,1.1382978723404256,0.9805825242718448,0.9306930693069309,1.164835164835165,100.33333333333331
NEG_KMN_AR_00100,0,33.694100663810524,-113.21918048215925,Arizona,,,,,,,,,,,
NEG_KMN_AR_00101,0,35.31216808324772,-112.1997529180898,Arizona,183.0,162.0,180.0,157.0,167.0,146.0,1.1111111111111112,0.940119760479042,1.0318471337579618,1.2534246575342465,165.83333333333334
NEG_KMN_AR_00102,0,33.3202112745995,-112.25761171655012,Arizona,,,,,,,,,,,
NEG_KMN_AR_00103,0,32.74631377354974,-114.068795591832,Arizona,,,,,,,,,,,
NEG_KMN_AR_00104,0,34.00444862614421,-111.04473030508586,Arizona,65.0,53.66666666666666,56.333333333333336,49.333333333333336,48.66666666666666,50.333333333333336,1.049689440993789,1.0136986301369864,1.0878378378378375,1.2913907284768211,53.888888888888886
NEG_KMN_AR_00105,0,33.5030933049424,-114.13299177578445,Arizona,,,,,,,,,,,
NEG_KMN_AR_00106,0,36.17590665007405,-111.27160973357952,Arizona,,,,,,,,,,,
NEG_KMN_AR_00107,0,33.73077540259764,-114.2972580972247,Arizona,,,,,,,,,,,
NEG_KMN_AR_00108,0,32.31431754801079,-111.76430165774718,Arizona,57.5,45.5,50.0,45.5,42.0,40.0,1.098901098901099,1.0833333333333333,1.0,1.4375,46.75
NEG_KMN_AR_00109,0,32.81305797492042,-114.18508441345692,Arizona,148.0,140.0,142.0,135.0,120.0,84.0,1.0142857142857142,1.125,1.037037037037037,1.761904761904762,128.16666666666666
NEG_KMN_AR_00110,0,34.07195305449211,-111.6541730743748,Arizona,52.0,38.0,39.0,35.0,32.0,34.0,1.0263157894736843,1.09375,1.0857142857142856,1.5294117647058822,38.333333333333336
NEG_KMN_AR_00111,0,34.975148366281175,-112.02340197225334,Arizona,135.0,123.0,124.0,121.0,107.0,76.0,1.008130081300813,1.1308411214953271,1.0165289256198349,1.7763157894736843,114.33333333333331
NEG_KMN_AR_00112,0,35.13923516592623,-113.20339386360052,Arizona,87.0,69.0,77.0,71.0,70.0,64.0,1.115942028985507,1.0142857142857142,0.971830985915493,1.359375,73.0
NEG_KMN_AR_00113,0,35.0755437163736,-111.84947379873496,Arizona,191.0,150.0,167.0,161.0,156.0,132.0,1.1133333333333333,1.0320512820512822,0.9316770186335404,1.446969696969697,159.5
NEG_KMN_AR_00114,0,34.341895029758696,-110.58473864869744,Arizona,106.0,103.0,107.0,107.0,104.0,86.0,1.0388349514563109,1.0288461538461535,0.9626168224299064,1.2325581395348837,102.16666666666669
NEG_KMN_AR_00115,0,35.70933953518595,-111.33217302911282,Arizona,,,,,,,,,,,
NEG_KMN_AR_00116,0,32.03934983143016,-110.4781650639228,Arizona,128.5,126.0,130.0,126.5,120.5,96.5,1.031746031746032,1.049792531120332,0.9960474308300395,1.3316062176165804,121.33333333333331
NEG_KMN_AR_00117,0,33.62346238890111,-113.493867208413,Arizona,,,,,,,,,,,
NEG_KMN_AR_00118,0,33.786403726163414,-113.0034169172913,Arizona,70.0,57.0,59.0,52.0,48.0,45.0,1.0350877192982455,1.0833333333333333,1.0961538461538465,1.5555555555555556,55.16666666666666
NEG_KMN_AR_00119,0,32.60647585127434,-114.74732784889926,Arizona,,,,,,,,,,,
NEG_KMN_AR_00120,0,36.49484801399601,-109.56641516305712,Arizona,66.0,60.5,63.5,58.0,52.5,51.0,1.0495867768595042,1.1047619047619048,1.043103448275862,1.2941176470588236,58.583333333333336
NEG_KMN_AR_00121,0,34.782382135220054,-110.76762649760131,Arizona,85.33333333333333,86.66666666666667,91.0,88.33333333333333,92.33333333333331,95.0,1.05,0.9566787003610108,0.9811320754716982,0.8982456140350876,89.77777777777777
NEG_KMN_AR_00122,0,32.40260688173829,-110.96534015875731,Arizona,114.0,110.0,115.0,110.0,108.0,93.0,1.0454545454545454,1.0185185185185186,1.0,1.2258064516129032,108.33333333333331
NEG_KMN_AR_00123,0,33.632056693387575,-113.04913256137468,Arizona,125.0,125.0,130.0,120.0,129.0,135.0,1.04,0.9302325581395348,1.0416666666666667,0.925925925925926,127.33333333333331
NEG_KMN_AR_00124,0,33.89116998677176,-110.02614221239992,Arizona,94.0,91.0,92.0,89.0,83.0,78.0,1.010989010989011,1.072289156626506,1.0224719101123596,1.205128205128205,87.83333333333333
NEG_KMN_AR_00125,0,31.76024281015266,-110.24924597189624,Arizona,73.0,69.66666666666667,74.0,69.33333333333333,73.33333333333333,78.33333333333333,1.062200956937799,0.9454545454545454,1.0048076923076923,0.9319148936170212,72.94444444444444
NEG_KMN_AR_00126,0,33.610165063797055,-112.09610039567876,Arizona,87.0,82.33333333333333,82.0,80.33333333333333,78.66666666666667,74.66666666666667,0.9959514170040488,1.021186440677966,1.024896265560166,1.1651785714285714,80.83333333333333
NEG_KMN_AR_00127,0,33.39183043917492,-111.78204547691011,Arizona,,,,,,,,,,,
NEG_KMN_AR_00128,0,35.23110397047846,-111.61233454953948,Arizona,70.0,70.0,74.0,69.0,75.0,83.0,1.0571428571428572,0.92,1.0144927536231885,0.8433734939759037,73.5
NEG_KMN_AR_00129,0,35.24003430073144,-111.3573403502296,Arizona,84.0,78.0,79.0,78.5,78.0,71.0,1.0128205128205128,1.0064102564102564,0.9936305732484076,1.1830985915492958,78.08333333333333
NEG_KMN_AR_00130,0,36.92539431328582,-112.2518716242824,Arizona,116.5,115.5,121.5,112.5,112.0,108.0,1.051948051948052,1.0044642857142858,1.0266666666666666,1.0787037037037035,114.33333333333331
NEG_KMN_AR_00131,0,36.2093571293326,-111.00007588221388,Arizona,129.0,122.0,125.0,122.0,106.0,75.0,1.024590163934426,1.150943396226415,1.0,1.72,113.16666666666669
NEG_KMN_AR_00132,0,35.155277712560824,-112.40561407649392,Arizona,111.5,107.0,111.5,108.5,104.0,85.0,1.0420560747663552,1.0432692307692308,0.9861751152073732,1.311764705882353,104.58333333333331
NEG_KMN_AR_00133,0,35.16742736353973,-111.64313635794376,Arizona,113.0,113.0,117.0,109.0,117.0,122.0,1.0353982300884956,0.9316239316239316,1.036697247706422,0.9262295081967212,115.16666666666669
NEG_KMN_AR_00134,0,31.96330689533201,-109.201474035429,Arizona,132.0,133.0,138.0,133.0,133.0,115.0,1.037593984962406,1.0,1.0,1.1478260869565218,130.66666666666666
NEG_KMN_AR_00135,0,34.027883731293365,-113.4626159966067,Arizona,108.5,104.5,107.25,101.75,102.5,94.25,1.0263157894736843,0.9926829268292684,1.027027027027027,1.1511936339522546,103.125
NEG_KMN_AR_00136,0,33.99081860810132,-111.85737293484648,Arizona,,,,,,,,,,,
NEG_KMN_AR_00137,0,33.19091919626501,-114.31961048183616,Arizona,129.0,121.5,126.5,124.5,120.5,94.5,1.0411522633744856,1.033195020746888,0.9759036144578314,1.3650793650793651,119.41666666666669
NEG_KMN_AR_00138,0,34.85139920065951,-112.21905136784176,Arizona,,,,,,,,,,,
NEG_KMN_AR_00139,0,34.40311450852097,-113.58602824984156,Arizona,43.0,32.0,32.0,29.0,25.0,28.0,1.0,1.16,1.103448275862069,1.5357142857142858,31.5
NEG_KMN_AR_00140,0,35.13408830384135,-109.9531300386177,Arizona,174.0,161.0,175.0,166.0,172.0,153.0,1.0869565217391304,0.9651162790697676,0.9698795180722892,1.1372549019607845,166.83333333333334
NEG_KMN_AR_00141,0,33.906295983349466,-113.0990487298448,Arizona,83.33333333333333,83.33333333333333,85.0,78.66666666666667,79.0,79.66666666666667,1.02,0.9957805907172996,1.059322033898305,1.0460251046025104,81.5
NEG_KMN_AR_00142,0,32.36821633174182,-112.357163119546,Arizona,80.5,71.0,76.0,68.0,70.0,74.0,1.0704225352112675,0.9714285714285714,1.0441176470588236,1.087837837837838,73.25
NEG_KMN_AR_00143,0,33.78371029360854,-111.21378072707444,Arizona,128.0,127.0,133.0,122.0,128.0,130.0,1.047244094488189,0.953125,1.040983606557377,0.9846153846153848,128.0
NEG_KMN_AR_00144,0,35.03623552494329,-110.3973529746014,Arizona,101.0,93.5,95.5,91.0,85.5,75.0,1.0213903743315509,1.064327485380117,1.0274725274725274,1.346666666666667,90.25
NEG_KMN_AR_00146,0,32.82300796407687,-113.60895760358238,Arizona,133.5,139.5,145.5,136.0,140.5,130.0,1.043010752688172,0.9679715302491104,1.025735294117647,1.0269230769230768,137.5
NEG_KMN_AR_00147,0,35.05158139048116,-109.64372384884472,Arizona,104.0,98.0,102.0,97.0,96.0,87.0,1.0408163265306123,1.0104166666666667,1.0103092783505154,1.1954022988505748,97.33333333333331
NEG_KMN_AR_00148,0,34.4097138868197,-111.26445675190064,Arizona,,,,,,,,,,,
NEG_KMN_AR_00149,0,33.82656350319103,-110.55291223754728,Arizona,96.5,88.5,93.0,83.0,85.5,91.0,1.0508474576271187,0.9707602339181286,1.0662650602409638,1.0604395604395604,89.58333333333333
NEG_KMN_AR_00150,0,36.74286058214286,-109.05506344758209,Arizona,,,,,,,,,,,
NEG_KMN_AR_00151,0,34.79351305972613,-112.86557076402975,Arizona,152.0,157.5,164.5,160.5,171.5,165.5,1.0444444444444445,0.9358600583090378,0.9813084112149532,0.918429003021148,161.91666666666666
NEG_KMN_AR_00152,0,36.59834670785299,-109.33651564058312,Arizona,,,,,,,,,,,
NEG_KMN_AR_00153,0,34.105739518844175,-109.85342638109104,Arizona,85.0,74.33333333333333,77.66666666666667,70.66666666666667,69.33333333333333,67.0,1.0448430493273544,1.0192307692307694,1.05188679245283,1.2686567164179106,74.0
NEG_KMN_AR_00154,0,32.24721786743611,-109.05037102338711,Arizona,113.0,108.0,113.0,103.0,110.0,117.0,1.0462962962962965,0.9363636363636364,1.0485436893203883,0.9658119658119658,110.66666666666669
NEG_KMN_AR_00155,0,31.717200162667428,-109.65334201119322,Arizona,185.0,147.0,160.0,168.0,166.0,145.0,1.08843537414966,1.0120481927710845,0.875,1.2758620689655171,161.83333333333334
NEG_KMN_AR_00156,0,36.69344668264691,-109.09627307796109,Arizona,147.0,129.0,137.0,124.0,112.0,79.0,1.062015503875969,1.1071428571428572,1.0403225806451613,1.860759493670886,121.33333333333331
NEG_KMN_AR_00157,0,35.07035740372158,-111.8684487649296,Arizona,83.5,86.5,87.0,84.0,84.0,83.0,1.0057803468208093,1.0,1.0297619047619049,1.0060240963855422,84.66666666666667
NEG_KMN_AR_00158,0,35.00550867281432,-113.15345235904738,Arizona,,,,,,,,,,,
NEG_KMN_AR_00159,0,35.29456026437072,-112.53728080696204,Arizona,,,,,,,,,,,
NEG_KMN_AR_00160,0,35.53091454624237,-109.09984831169449,Arizona,91.0,83.0,90.0,84.0,84.0,72.0,1.0843373493975903,1.0,0.988095238095238,1.2638888888888888,84.0
NEG_KMN_AR_00161,0,33.790523816685486,-112.59651541643184,Arizona,116.0,117.0,122.0,112.0,119.0,124.0,1.0427350427350428,0.9411764705882352,1.0446428571428572,0.935483870967742,118.33333333333331
NEG_KMN_AR_00162,0,35.59747174387239,-112.14614047303178,Arizona,,,,,,,,,,,
NEG_KMN_AR_00163,0,32.03999760785127,-110.4701461900222,Arizona,129.0,137.0,144.0,134.0,143.0,152.0,1.051094890510949,0.9370629370629372,1.0223880597014925,0.8486842105263158,139.83333333333334
NEG_KMN_AR_00164,0,31.96978446342478,-111.7274861743731,Arizona,84.5,86.0,89.5,85.0,82.5,70.5,1.0406976744186047,1.0303030303030305,1.011764705882353,1.198581560283688,83.0
NEG_KMN_AR_00165,0,32.447909902524955,-110.01008926439886,Arizona,,,,,,,,,,,
NEG_KMN_AR_00166,0,33.89472377343773,-112.06425846658084,Arizona,,,,,,,,,,,
NEG_KMN_AR_00167,0,33.18891061873051,-114.59065744615292,Arizona,,,,,,,,,,,
NEG_KMN_AR_00168,0,32.722570432829066,-114.56647833943248,Arizona,82.5,82.0,84.0,84.0,84.5,86.5,1.024390243902439,0.9940828402366864,0.9761904761904762,0.953757225433526,83.91666666666667
NEG_KMN_AR_00169,0,33.892342197597536,-111.02902701783256,Arizona,108.0,104.0,108.0,102.0,106.0,110.0,1.0384615384615383,0.9622641509433962,1.0196078431372548,0.9818181818181818,106.33333333333331
NEG_KMN_AR_00170,0,32.4785658698746,-114.75823279725518,Arizona,,,,,,,,,,,
NEG_KMN_AR_00171,0,33.94971611675948,-111.29670665464016,Arizona,149.0,153.0,159.0,150.0,161.0,160.0,1.03921568627451,0.9316770186335404,1.02,0.93125,155.33333333333334
NEG_KMN_AR_00172,0,33.08260013017913,-114.511933139019,Arizona,,,,,,,,,,,
NEG_KMN_AR_00173,0,32.521019014553715,-110.16017608865404,Arizona,94.5,92.0,93.0,89.0,86.0,74.0,1.0108695652173914,1.0348837209302326,1.0337078651685394,1.277027027027027,88.08333333333333
NEG_KMN_AR_00174,0,33.43301413622128,-112.0587681830608,Arizona,,,,,,,,,,,
NEG_KMN_AR_00175,0,34.3323784902027,-111.42483190107316,Arizona,117.0,115.0,118.0,118.0,115.0,98.0,1.0260869565217392,1.0260869565217392,0.9745762711864406,1.1938775510204085,113.5
NEG_KMN_AR_00176,0,32.56012378398559,-109.89067029026704,Arizona,,,,,,,,,,,
NEG_KMN_AR_00177,0,31.909241889068817,-111.80680887189288,Arizona,131.0,129.66666666666666,132.33333333333334,126.0,128.0,118.33333333333331,1.020565552699229,0.984375,1.029100529100529,1.1070422535211268,127.55555555555556
NEG_KMN_AR_00178,0,35.0952313557756,-111.97785350854178,Arizona,116.5,118.5,117.5,110.5,110.5,111.0,0.9915611814345991,1.0,1.0723981900452488,1.0495495495495497,114.08333333333331
NEG_KMN_AR_00179,0,33.00632299960067,-113.67087051601146,Arizona,,,,,,,,,,,
NEG_KMN_AR_00180,0,36.49559777071735,-109.65521476112497,Arizona,67.0,54.0,57.0,53.0,50.0,44.0,1.0555555555555556,1.06,1.018867924528302,1.5227272727272727,54.16666666666666
NEG_KMN_AR_00181,0,34.8479786278089,-113.70518888030904,Arizona,42.0,44.0,39.0,38.0,34.0,36.0,0.8863636363636364,1.1176470588235294,1.1578947368421053,1.1666666666666667,38.833333333333336
NEG_KMN_AR_00182,0,34.90164494629061,-114.52666427888914,Arizona,,,,,,,,,,,
NEG_KMN_AR_00183,0,34.39751662273558,-113.83311635072664,Arizona,,,,,,,,,,,
NEG_KMN_AR_00184,0,34.89560292247819,-112.180659833126,Arizona,152.0,159.5,165.5,160.0,168.5,163.5,1.037617554858934,0.9495548961424332,0.996875,0.9296636085626911,161.5
NEG_KMN_AR_00185,0,32.84501716245432,-112.77531546255386,Arizona,,,,,,,,,,,
NEG_KMN_AR_00186,0,34.61196155321057,-112.26106608417837,Arizona,,,,,,,,,,,
NEG_KMN_AR_00187,0,33.25982541701128,-114.49874965501942,Arizona,88.0,74.5,77.0,72.5,67.5,54.0,1.0335570469798658,1.0740740740740742,1.0275862068965518,1.6296296296296295,72.25
NEG_KMN_AR_00188,0,32.09049794273943,-109.76325853206372,Arizona,,,,,,,,,,,
NEG_KMN_AR_00189,0,33.923459290236025,-113.53807638016316,Arizona,109.0,110.0,110.5,105.0,105.0,103.0,1.0045454545454546,1.0,1.0476190476190477,1.058252427184466,107.08333333333331
NEG_KMN_AR_00190,0,36.52201183076766,-112.60908974778238,Arizona,69.0,57.0,60.0,55.0,49.0,46.0,1.0526315789473684,1.1224489795918366,1.0363636363636364,1.5,56.0
NEG_KMN_AR_00191,0,34.76791553863281,-110.04832652438849,Arizona,,,,,,,,,,,
NEG_KMN_AR_00192,0,34.42443314189289,-113.66161064469014,Arizona,109.0,102.0,105.0,104.0,92.0,66.0,1.0294117647058822,1.1304347826086956,0.9807692307692308,1.6515151515151516,96.33333333333331
NEG_KMN_AR_00193,0,36.58408887461033,-109.19411224299006,Arizona,,,,,,,,,,,
NEG_KMN_AR_00194,0,35.13995976432557,-110.85405973540264,Arizona,,,,,,,,,,,
NEG_KMN_AR_00195,0,33.936245250198986,-111.72646854699993,Arizona,,,,,,,,,,,
NEG_KMN_AR_00196,0,35.56071202473713,-111.43339826111884,Arizona,105.0,97.0,98.33333333333331,95.33333333333331,90.33333333333331,79.66666666666667,1.013745704467354,1.055350553505535,1.0174825174825175,1.3179916317991631,94.27777777777776
NEG_KMN_AR_00197,0,34.41251043033215,-113.64893801761116,Arizona,139.0,136.0,139.0,136.0,135.0,116.0,1.0220588235294117,1.0074074074074073,1.0,1.1982758620689655,133.5
NEG_KMN_AR_00198,0,34.03199731773667,-111.14882170216936,Arizona,121.0,107.0,111.0,104.0,92.0,70.0,1.0373831775700937,1.1304347826086956,1.0288461538461535,1.7285714285714286,100.83333333333331
NEG_KMN_AR_00199,0,32.74151492698228,-114.29264866747776,Arizona,,,,,,,,,,,
NEG_KMN_AR_00200,0,33.9539039094716,-110.67593211828564,Arizona,113.0,109.0,113.0,108.0,113.0,118.0,1.036697247706422,0.9557522123893806,1.0092592592592593,0.9576271186440678,112.33333333333331
NEG_KMN_AR_00201,0,35.367334710321515,-111.62893282640522,Arizona,,,,,,,,,,,
NEG_KMN_AR_00202,0,34.05135443770159,-110.69105056016168,Arizona,81.0,74.0,74.0,72.0,64.0,52.0,1.0,1.125,1.0277777777777777,1.5576923076923077,69.5
NEG_KMN_AR_00203,0,34.12138746810143,-111.08725112867472,Arizona,,,,,,,,,,,
NEG_KMN_AR_00204,0,34.989814020197386,-113.78083335627105,Arizona,64.0,53.0,56.0,50.0,47.0,42.0,1.0566037735849056,1.0638297872340423,1.06,1.5238095238095235,52.0
NEG_KMN_AR_00206,0,32.39235411717708,-109.74933867321238,Arizona,100.0,85.0,87.0,84.0,81.0,65.0,1.0235294117647058,1.037037037037037,1.011904761904762,1.5384615384615383,83.66666666666667
NEG_KMN_AR_00207,0,32.865205908634195,-113.57206502269317,Arizona,103.0,90.0,98.0,92.0,91.0,76.0,1.0888888888888888,1.010989010989011,0.9782608695652174,1.355263157894737,91.66666666666669
NEG_KMN_AR_00208,0,33.42952908646057,-112.24223372243348,Arizona,107.0,106.0,109.0,96.0,100.0,111.0,1.028301886792453,0.96,1.1041666666666667,0.963963963963964,104.83333333333331
NEG_KMN_AR_00209,0,34.839487583403894,-110.79496299516028,Arizona,,,,,,,,,,,
NEG_KMN_AR_00210,0,32.200372710722505,-112.3094755387176,Arizona,,,,,,,,,,,
NEG_KMN_AR_00211,0,34.001074575063086,-109.179872471644,Arizona,129.0,121.0,129.0,119.0,121.0,104.0,1.0661157024793388,0.9834710743801652,1.0168067226890756,1.2403846153846154,120.5
NEG_KMN_AR_00212,0,34.739819248489304,-111.83368954434523,Arizona,71.0,72.0,78.0,71.0,77.0,81.0,1.0833333333333333,0.922077922077922,1.0140845070422535,0.8765432098765432,75.0
NEG_KMN_AR_00213,0,32.07062493445496,-110.53830093851047,Arizona,132.5,118.5,126.5,113.5,109.5,99.0,1.0675105485232068,1.0365296803652968,1.0440528634361232,1.3383838383838385,116.58333333333331
NEG_KMN_AR_00214,0,32.81841746875368,-114.32083518674028,Arizona,131.5,127.0,131.0,127.5,121.5,96.5,1.031496062992126,1.0493827160493827,0.996078431372549,1.362694300518135,122.5
NEG_KMN_AR_00215,0,33.885983212124,-114.11760574918628,Arizona,96.0,80.0,82.0,76.0,71.0,57.0,1.025,1.0704225352112675,1.0526315789473684,1.6842105263157894,77.0
NEG_KMN_AR_00216,0,35.75885648252647,-111.34851490526876,Arizona,89.33333333333333,85.33333333333333,89.33333333333333,82.0,82.66666666666667,78.33333333333333,1.046875,0.9919354838709676,1.040650406504065,1.1404255319148937,84.5
NEG_KMN_AR_00217,0,31.827307822847725,-110.12144160322362,Arizona,56.0,51.0,55.0,49.0,50.5,55.5,1.0784313725490196,0.9702970297029704,1.0408163265306123,1.009009009009009,52.833333333333336
NEG_KMN_AR_00218,0,34.15881250773594,-113.38345342426663,Arizona,,,,,,,,,,,
NEG_KMN_AR_00219,0,32.903514459171056,-114.39926391643496,Arizona,63.5,51.5,52.5,47.0,44.5,49.5,1.019417475728155,1.0561797752808988,1.0957446808510638,1.2828282828282829,51.41666666666666
NEG_KMN_AR_00220,0,33.77741665671184,-110.70449169834144,Arizona,122.66666666666669,117.0,120.0,115.33333333333331,112.66666666666669,97.0,1.0256410256410255,1.0236686390532543,1.0144508670520231,1.2646048109965635,114.1111111111111
NEG_KMN_AR_00221,0,34.75058865845263,-112.32635144597828,Arizona,,,,,,,,,,,
NEG_KMN_AR_00222,0,33.75791290543325,-111.90365190514656,Arizona,92.0,86.0,89.5,81.0,82.0,83.0,1.0406976744186047,0.9878048780487804,1.0617283950617284,1.108433734939759,85.58333333333333
NEG_KMN_AR_00223,0,32.966739325034034,-114.2424752160644,Arizona,,,,,,,,,,,
NEG_KMN_AR_00224,0,36.36045152153452,-109.44820001999534,Arizona,118.0,109.0,115.0,106.0,111.0,120.0,1.055045871559633,0.954954954954955,1.028301886792453,0.9833333333333332,113.16666666666669
NEG_KMN_AR_00225,0,33.83480687926267,-112.44816164171476,Arizona,119.0,111.0,118.0,108.0,114.0,121.0,1.063063063063063,0.9473684210526316,1.0277777777777777,0.9834710743801652,115.16666666666669
NEG_KMN_AR_00226,0,34.21619187147362,-112.71675772467768,Arizona,77.0,68.0,71.0,66.0,63.0,55.0,1.0441176470588236,1.0476190476190477,1.0303030303030305,1.4,66.66666666666667
NEG_KMN_AR_00227,0,35.67876162271727,-111.3202342769593,Arizona,129.0,135.0,138.0,129.0,136.0,141.0,1.022222222222222,0.9485294117647058,1.0465116279069768,0.9148936170212766,134.66666666666666
NEG_KMN_AR_00228,0,33.13340396229563,-113.32745748117873,Arizona,99.33333333333331,96.0,99.66666666666669,93.0,93.0,89.66666666666667,1.0381944444444444,1.0,1.032258064516129,1.107806691449814,95.1111111111111
NEG_KMN_AR_00229,0,33.23872008869857,-114.63590857145893,Arizona,,,,,,,,,,,
NEG_KMN_AR_00230,0,36.74989091460227,-109.1716218786732,Arizona,107.0,104.0,109.0,104.0,104.0,92.0,1.0480769230769231,1.0,1.0,1.1630434782608696,103.33333333333331
NEG_KMN_AR_00231,0,32.53005426505678,-109.7300271866112,Arizona,176.0,139.0,155.0,143.0,140.0,120.0,1.1151079136690647,1.0214285714285714,0.972027972027972,1.4666666666666666,145.5
NEG_KMN_AR_00232,0,32.1237129228773,-109.17501562801954,Arizona,,,,,,,,,,,
NEG_KMN_AR_00233,0,32.2953509730209,-112.32587968219276,Arizona,81.0,77.0,81.0,74.0,78.0,87.0,1.051948051948052,0.9487179487179488,1.0405405405405406,0.9310344827586208,79.66666666666667
NEG_KMN_AR_00234,0,32.56071430390362,-109.66644293626456,Arizona,,,,,,,,,,,
NEG_KMN_AR_00235,0,33.90173819255916,-109.16982361563475,Arizona,87.0,79.0,83.0,78.0,74.0,63.0,1.0506329113924051,1.054054054054054,1.0128205128205128,1.380952380952381,77.33333333333333
NEG_KMN_AR_00236,0,33.853602066429055,-111.104008514832,Arizona,114.33333333333331,104.0,108.0,98.66666666666669,99.0,90.66666666666669,1.0384615384615383,0.9966329966329966,1.054054054054054,1.2610294117647058,102.44444444444444
NEG_KMN_AR_00237,0,32.62418292901988,-114.30252220921824,Arizona,126.5,127.0,130.5,123.0,128.0,124.0,1.0275590551181102,0.9609375,1.032520325203252,1.0201612903225807,126.5
NEG_KMN_AR_00238,0,32.73744710416764,-113.63062718964062,Arizona,73.33333333333333,72.33333333333333,74.66666666666667,69.33333333333333,70.66666666666667,70.0,1.0322580645161292,0.981132075471698,1.0432692307692308,1.0476190476190474,71.72222222222221
NEG_KMN_AR_00239,0,34.89650750755255,-110.66564677522814,Arizona,80.0,71.5,73.5,73.5,71.0,63.0,1.027972027972028,1.0352112676056338,0.9727891156462584,1.2698412698412698,72.08333333333333
NEG_KMN_AR_00240,0,34.48482619735471,-113.85609500072582,Arizona,101.0,94.5,99.0,93.0,95.0,89.5,1.0476190476190477,0.9789473684210528,1.0161290322580645,1.128491620111732,95.33333333333331
NEG_KMN_AR_00241,0,32.45018948561382,-109.56708778293093,Arizona,133.0,132.0,137.0,135.0,135.0,115.0,1.0378787878787878,1.0,0.9777777777777776,1.1565217391304348,131.16666666666666
NEG_KMN_AR_00242,0,31.781519484937323,-111.51149205052452,Arizona,122.0,119.0,127.0,116.0,128.0,132.0,1.0672268907563025,0.90625,1.0258620689655171,0.9242424242424242,124.0
NEG_KMN_AR_00243,0,33.74969080529641,-110.56243293746525,Arizona,126.0,121.0,125.0,123.0,116.0,85.0,1.033057851239669,1.0603448275862069,0.983739837398374,1.4823529411764709,116.0
NEG_KMN_AR_00244,0,34.075575517917,-110.78307550678733,Arizona,87.5,76.5,76.5,75.5,72.0,61.5,1.0,1.0486111111111112,1.0132450331125828,1.4227642276422765,74.91666666666667
NEG_KMN_AR_00245,0,35.170008223641155,-112.03550250500274,Arizona,75.0,62.0,66.0,60.0,56.0,52.0,1.064516129032258,1.0714285714285714,1.0333333333333334,1.4423076923076923,61.833333333333336
NEG_KMN_AR_00246,0,33.710497196928465,-110.80866941857788,Arizona,78.0,78.0,79.0,75.0,66.0,50.0,1.0128205128205128,1.1363636363636365,1.04,1.56,71.0
NEG_KMN_AR_00247,0,34.70333224448974,-111.22932358943068,Arizona,,,,,,,,,,,
NEG_KMN_AR_00248,0,32.57959544633592,-114.42362040729392,Arizona,193.0,178.0,184.0,179.0,160.0,100.0,1.0337078651685394,1.11875,0.994413407821229,1.93,165.66666666666666
NEG_KMN_AR_00249,0,34.48284274813058,-110.8468692287464,Arizona,,,,,,,,,,,
NEG_KMN_AR_00250,0,35.914702127852365,-114.40466139590382,Arizona,130.0,119.0,124.0,121.0,108.0,75.0,1.0420168067226891,1.1203703703703705,0.9834710743801652,1.7333333333333334,112.83333333333331
NEG_KMN_AR_00251,0,34.144005804056576,-113.46406498472294,Arizona,89.0,83.5,87.0,82.0,78.5,71.0,1.0419161676646709,1.0445859872611465,1.0182926829268293,1.2535211267605637,81.83333333333333
NEG_KMN_AR_00252,0,32.574192923658885,-113.4973713552386,Arizona,,,,,,,,,,,
NEG_KMN_AR_00253,0,34.81136609341004,-113.16515495487948,Arizona,,,,,,,,,,,
NEG_KMN_AR_00254,0,36.80987623031967,-109.21822684492469,Arizona,108.0,96.0,111.0,106.0,100.0,93.0,1.15625,1.06,0.9056603773584906,1.1612903225806452,102.33333333333331
NEG_KMN_AR_00255,0,33.9181322823899,-110.68558055425837,Arizona,,,,,,,,,,,
NEG_KMN_AR_00256,0,36.61192392667579,-109.33817155218782,Arizona,75.0,66.0,72.0,66.0,62.0,53.0,1.0909090909090908,1.064516129032258,1.0,1.4150943396226414,65.66666666666667
NEG_KMN_AR_00257,0,33.47748364528548,-114.5903057962239,Arizona,90.0,74.0,76.0,72.0,64.0,52.0,1.027027027027027,1.125,1.0277777777777777,1.7307692307692308,71.33333333333333
NEG_KMN_AR_00258,0,32.674513531954666,-110.4244065976996,Arizona,42.0,36.0,36.0,33.0,30.0,30.0,1.0,1.1,1.0909090909090908,1.4,34.5
NEG_KMN_AR_00259,0,32.73290883647797,-114.52973670488036,Arizona,119.0,117.0,120.0,113.0,112.0,97.0,1.0256410256410255,1.0089285714285714,1.0353982300884956,1.2268041237113405,113.0
NEG_KMN_AR_00260,0,35.38736644909895,-112.41315414659545,Arizona,,,,,,,,,,,
NEG_KMN_AR_00261,0,32.46262829979168,-110.27254450304156,Arizona,,,,,,,,,,,
NEG_KMN_AR_00262,0,32.414441445120225,-109.9765268626956,Arizona,43.0,39.0,41.0,39.0,38.0,38.0,1.051282051282051,1.0263157894736843,1.0,1.131578947368421,39.66666666666666
NEG_KMN_AR_00263,0,36.80281741908226,-109.25103076499688,Arizona,25.0,26.0,25.0,31.0,24.0,28.0,0.9615384615384616,1.2916666666666667,0.8387096774193549,0.8928571428571429,26.5
NEG_KMN_AR_00264,0,32.964620915401305,-112.20914788612372,Arizona,,,,,,,,,,,
NEG_KMN_AR_00265,0,32.37766775205565,-110.8727222723778,Arizona,88.66666666666667,78.33333333333333,79.0,74.33333333333333,72.33333333333333,70.0,1.0085106382978724,1.0276497695852536,1.053811659192825,1.2666666666666668,77.1111111111111
NEG_KMN_AR_00266,0,32.71376260884397,-113.95393735720046,Arizona,103.5,102.0,104.0,98.5,99.0,98.0,1.0196078431372548,0.9949494949494948,1.035532994923858,1.0561224489795915,100.83333333333331
NEG_KMN_AR_00267,0,33.45693269328854,-114.3499669739308,Arizona,71.0,67.0,67.0,62.5,59.0,55.0,1.0,1.0593220338983051,1.072,1.290909090909091,63.583333333333336
NEG_KMN_AR_00268,0,33.900058659004856,-110.64178474019326,Arizona,96.0,93.5,93.5,88.5,89.5,87.0,1.0,0.988826815642458,1.0564971751412429,1.103448275862069,91.33333333333331
NEG_KMN_AR_00269,0,36.21749730000128,-113.85072950133956,Arizona,91.5,75.5,77.5,72.0,67.5,65.0,1.0264900662251657,1.0666666666666669,1.0486111111111112,1.4076923076923078,74.83333333333333
NEG_KMN_AR_00270,0,34.25370202750548,-114.06334774854632,Arizona,164.0,135.0,148.0,141.0,136.0,115.0,1.0962962962962963,1.036764705882353,0.9574468085106383,1.4260869565217391,139.83333333333334
NEG_KMN_AR_00271,0,35.078107774679,-109.643853503444,Arizona,64.0,53.5,56.0,49.333333333333336,49.5,53.0,1.0467289719626167,0.9966329966329966,1.0844594594594594,1.2075471698113207,54.22222222222223
NEG_KMN_AR_00272,0,33.98422541673612,-112.736502803497,Arizona,76.33333333333333,77.16666666666667,76.0,75.33333333333333,70.0,59.66666666666666,0.9848812095032397,1.076190476190476,1.024336283185841,1.2793296089385475,72.41666666666667
NEG_KMN_AR_00273,0,33.88181892002335,-111.61331696426862,Arizona,61.0,50.0,54.0,49.0,45.0,42.0,1.08,1.0888888888888888,1.020408163265306,1.4523809523809523,50.16666666666666
NEG_KMN_AR_00274,0,34.34432476409012,-113.65818269302298,Arizona,,,,,,,,,,,
NEG_KMN_AR_00275,0,34.76079419973668,-112.24120934812709,Arizona,78.0,69.0,72.0,68.0,65.0,58.0,1.0434782608695652,1.0461538461538462,1.0147058823529411,1.3448275862068966,68.33333333333333
NEG_KMN_AR_00276,0,35.017587963740446,-113.70386954158334,Arizona,99.5,90.0,94.0,85.5,87.5,87.0,1.0444444444444445,0.9771428571428572,1.0526315789473684,1.1436781609195403,90.58333333333331
NEG_KMN_AR_00277,0,32.28493634716761,-109.2251375602936,Arizona,,,,,,,,,,,
NEG_KMN_AR_00278,0,31.79070842879263,-109.76933271217864,Arizona,73.0,72.0,73.0,67.0,65.0,64.0,1.0138888888888888,1.0307692307692309,1.0746268656716418,1.140625,69.0
NEG_KMN_AR_00279,0,35.122028015261776,-112.69851891067776,Arizona,116.5,120.0,120.0,114.5,116.5,114.5,1.0,0.9828326180257512,1.0480349344978166,1.017467248908297,117.0
NEG_KMN_AR_00280,0,34.89970964551051,-111.94481650029384,Arizona,102.0,102.0,104.0,98.0,101.0,104.0,1.0196078431372548,0.9702970297029704,1.0408163265306123,0.9807692307692308,101.83333333333331
NEG_KMN_AR_00281,0,34.76860524116689,-112.2311989240378,Arizona,97.0,90.0,94.0,88.0,84.0,69.0,1.0444444444444445,1.0476190476190477,1.0227272727272727,1.4057971014492754,87.0
NEG_KMN_AR_00282,0,35.34625749062264,-111.48243608954816,Arizona,98.0,100.0,100.0,98.0,89.0,65.0,1.0,1.101123595505618,1.020408163265306,1.5076923076923077,91.66666666666669
NEG_KMN_AR_00283,0,32.475064053616244,-110.15333565836062,Arizona,101.0,101.0,102.0,104.0,100.0,90.0,1.00990099009901,1.04,0.971153846153846,1.1222222222222222,99.66666666666669
NEG_KMN_AR_00284,0,31.509161869409688,-111.0392388283396,Arizona,113.0,95.0,98.0,88.0,79.0,60.0,1.0315789473684212,1.1139240506329111,1.0795454545454546,1.8833333333333333,88.83333333333333
NEG_KMN_AR_00285,0,35.00338827306489,-111.45622022467576,Arizona,112.0,117.0,123.0,128.0,137.0,122.0,1.051282051282051,0.9343065693430656,0.9140625,0.918032786885246,123.16666666666669
NEG_KMN_AR_00286,0,33.63615674815348,-110.59889647504372,Arizona,44.0,35.0,36.0,38.0,33.0,34.0,1.0285714285714285,1.1515151515151516,0.9210526315789472,1.2941176470588236,36.66666666666666
NEG_KMN_AR_00287,0,34.095447016908246,-109.64308213667266,Arizona,,,,,,,,,,,
NEG_KMN_AR_00288,0,34.75859169581968,-111.95607805445496,Arizona,145.0,127.0,141.0,138.0,137.0,125.0,1.110236220472441,1.0072992700729928,0.9202898550724636,1.16,135.5
NEG_KMN_AR_00289,0,33.730461630800065,-110.61151595410212,Arizona,105.0,97.0,98.0,99.0,91.0,77.0,1.0103092783505154,1.0879120879120878,0.9797979797979798,1.3636363636363635,94.5
NEG_KMN_AR_00290,0,35.08563345941668,-112.45476722736458,Arizona,175.5,147.0,164.0,153.5,154.0,138.5,1.1156462585034013,0.9967532467532468,0.9576547231270358,1.2671480144404332,155.41666666666666
NEG_KMN_AR_00291,0,32.62679034992152,-109.09749346905268,Arizona,58.0,48.0,52.0,45.0,44.0,49.0,1.0833333333333333,1.0227272727272727,1.0666666666666669,1.183673469387755,49.333333333333336
NEG_KMN_AR_00292,0,32.656168677863434,-113.32696874394304,Arizona,82.0,78.0,82.0,73.0,72.0,70.0,1.051282051282051,1.0138888888888888,1.0684931506849316,1.1714285714285717,76.16666666666667
NEG_KMN_AR_00293,0,33.248225579945974,-110.24820420972924,Arizona,,,,,,,,,,,
NEG_KMN_AR_00294,0,34.69620348877521,-112.34942608248622,Arizona,,,,,,,,,,,
NEG_KMN_AR_00295,0,32.97631903981108,-114.23450475683931,Arizona,,,,,,,,,,,
NEG_KMN_AR_00296,0,33.78198763805729,-113.3887986214138,Arizona,,,,,,,,,,,
NEG_KMN_AR_00297,0,34.05359834541853,-112.82112432143782,Arizona,,,,,,,,,,,
NEG_KMN_AR_00298,0,32.548034418618165,-114.4997741584611,Arizona,78.0,74.0,78.0,73.0,75.0,84.0,1.054054054054054,0.9733333333333334,1.0136986301369864,0.9285714285714286,77.0
NEG_KMN_AR_00299,0,32.67584291931189,-114.52852979938793,Arizona,87.5,88.5,97.5,96.5,93.0,86.5,1.1016949152542372,1.0376344086021505,0.917098445595855,1.0115606936416186,91.58333333333331
NEG_KMN_AR_00300,0,33.26749042390332,-111.83342182604387,Arizona,148.0,124.0,140.0,135.0,138.0,123.0,1.1290322580645162,0.9782608695652174,0.9185185185185184,1.2032520325203253,134.66666666666666
NEG_KMN_AR_00301,0,33.85579072589817,-110.68489239444472,Arizona,82.0,63.0,66.0,65.0,60.0,56.0,1.0476190476190477,1.0833333333333333,0.9692307692307692,1.4642857142857142,65.33333333333333
NEG_KMN_AR_00302,0,32.63298532234134,-114.62650289112798,Arizona,80.0,67.0,68.0,61.0,54.0,49.0,1.0149253731343284,1.1296296296296295,1.098360655737705,1.6326530612244898,63.16666666666666
NEG_KMN_AR_00303,0,32.86265899145671,-110.42100644907124,Arizona,75.0,57.0,62.0,56.0,53.0,47.0,1.087719298245614,1.0566037735849056,1.0178571428571428,1.5957446808510638,58.333333333333336
NEG_KMN_AR_00304,0,34.41496063950927,-111.33620005318583,Arizona,98.33333333333331,91.66666666666669,93.66666666666669,86.0,82.0,78.66666666666667,1.0218181818181815,1.048780487804878,1.0658914728682172,1.2499999999999998,88.3888888888889
NEG_KMN_AR_00305,0,33.78470727220724,-110.31854747348348,Arizona,139.0,142.0,146.0,144.0,145.0,123.0,1.028169014084507,0.993103448275862,0.9861111111111112,1.1300813008130082,139.83333333333334
NEG_KMN_AR_00306,0,32.57196699063891,-111.04893708916404,Arizona,,,,,,,,,,,
NEG_KMN_AR_00307,0,36.80676640908799,-113.15912416482684,Arizona,,,,,,,,,,,
NEG_KMN_AR_00308,0,33.668299226595494,-113.83816834782284,Arizona,,,,,,,,,,,
NEG_KMN_AR_00309,0,35.06778633432233,-109.2750715545917,Arizona,,,,,,,,,,,
NEG_KMN_AR_00310,0,32.63647044142135,-114.57585315004384,Arizona,,,,,,,,,,,
NEG_KMN_AR_00311,0,35.385921468972114,-112.29763933495582,Arizona,122.0,123.0,127.0,120.0,127.0,133.0,1.032520325203252,0.9448818897637796,1.025,0.9172932330827068,125.33333333333331
NEG_KMN_AR_00312,0,34.117617046560646,-111.22908163173145,Arizona,,,,,,,,,,,
NEG_KMN_AR_00313,0,32.31616066645058,-110.92074129757304,Arizona,109.0,110.5,111.0,106.0,105.0,102.5,1.004524886877828,1.0095238095238095,1.0424528301886793,1.0634146341463415,107.33333333333331
NEG_KMN_AR_00314,0,33.071624484889306,-114.02451657605576,Arizona,80.0,70.0,73.0,67.0,63.0,53.0,1.042857142857143,1.0634920634920637,1.044776119402985,1.509433962264151,67.66666666666667
NEG_KMN_AR_00315,0,33.59778871494782,-113.32980977006088,Arizona,153.0,129.0,142.0,131.0,128.0,111.0,1.1007751937984496,1.0234375,0.9847328244274808,1.3783783783783785,132.33333333333334
NEG_KMN_AR_00316,0,34.48660404897938,-110.7678184445939,Arizona,64.0,48.0,51.0,47.0,44.0,40.0,1.0625,1.068181818181818,1.0212765957446808,1.6,49.0
NEG_KMN_AR_00317,0,35.50483962729184,-111.48609288920431,Arizona,118.0,116.0,117.0,117.0,117.0,99.0,1.0086206896551724,1.0,0.9914529914529916,1.1919191919191918,114.0
NEG_KMN_AR_00318,0,31.69902475658373,-109.9258389980273,Arizona,105.0,97.0,102.0,95.0,89.0,74.0,1.0515463917525774,1.0674157303370786,1.0210526315789474,1.4189189189189189,93.66666666666669
NEG_KMN_AR_00319,0,33.82336657834154,-111.29742596660066,Arizona,100.0,98.0,106.0,96.0,105.0,114.0,1.0816326530612246,0.9142857142857144,1.0208333333333333,0.8771929824561403,103.16666666666669
NEG_KMN_AR_00320,0,36.064996075714944,-110.24862398539368,Arizona,111.0,108.0,115.0,104.0,113.0,120.0,1.0648148148148149,0.9203539823008848,1.0384615384615383,0.925,111.83333333333331
NEG_KMN_AR_00321,0,34.206837279942114,-111.44387190977972,Arizona,89.0,87.0,92.0,89.0,88.0,79.0,1.057471264367816,1.0113636363636365,0.9775280898876404,1.1265822784810129,87.33333333333333
NEG_KMN_AR_00322,0,34.62211323653752,-113.5049178506253,Arizona,87.0,83.5,86.5,82.0,82.0,80.0,1.035928143712575,1.0,1.0182926829268293,1.0875,83.5
NEG_KMN_AR_00323,0,34.12828648150712,-113.2498015077498,Arizona,84.0,67.0,71.0,65.0,61.0,50.0,1.0597014925373134,1.0655737704918034,1.0307692307692309,1.68,66.33333333333333
NEG_KMN_AR_00324,0,33.87596783590251,-112.786943672213,Arizona,99.0,100.0,106.0,97.0,109.0,118.0,1.06,0.8899082568807339,1.0309278350515465,0.8389830508474576,104.83333333333331
NEG_KMN_AR_00326,0,34.08294097285228,-109.48486957644764,Arizona,,,,,,,,,,,
NEG_KMN_AR_00327,0,33.32493175493377,-112.68945840539452,Arizona,74.0,69.0,75.0,69.0,72.0,60.0,1.0869565217391304,0.9583333333333334,1.0,1.2333333333333334,69.83333333333333
NEG_KMN_AR_00328,0,35.26919703117749,-113.63758697689246,Arizona,,,,,,,,,,,
NEG_KMN_AR_00329,0,31.83803881978888,-111.46509619429143,Arizona,95.0,88.0,93.0,88.0,83.0,75.0,1.056818181818182,1.0602409638554218,1.0,1.2666666666666666,87.0
NEG_KMN_AR_00330,0,32.58284048873041,-114.55953046119056,Arizona,65.66666666666667,55.333333333333336,57.333333333333336,52.0,49.66666666666666,54.0,1.036144578313253,1.046979865771812,1.064102564102564,1.2160493827160497,55.66666666666666
NEG_KMN_AR_00331,0,34.25962929711833,-110.49524274791064,Arizona,75.0,64.0,69.0,60.0,63.0,68.0,1.078125,0.9523809523809524,1.0666666666666669,1.1029411764705883,66.5
NEG_KMN_AR_00332,0,32.628995567487415,-114.01523556043112,Arizona,,,,,,,,,,,
NEG_KMN_AR_00333,0,34.206509105001814,-109.58774583330802,Arizona,,,,,,,,,,,
NEG_KMN_AR_00334,0,32.69265407467374,-114.72709560035275,Arizona,111.0,112.5,115.5,108.0,107.0,106.0,1.0266666666666666,1.0093457943925233,1.0416666666666667,1.0471698113207548,110.0
NEG_KMN_AR_00335,0,33.26515103665053,-112.32537600292544,Arizona,,,,,,,,,,,
NEG_KMN_AR_00336,0,33.70064133873701,-110.67605574995235,Arizona,,,,,,,,,,,
NEG_KMN_AR_00337,0,33.280596603489535,-113.38242410254998,Arizona,107.5,106.0,105.5,103.0,101.5,96.0,0.9952830188679244,1.0147783251231528,1.029126213592233,1.1197916666666667,103.25
NEG_KMN_AR_00338,0,33.855777957366165,-110.18361526974792,Arizona,113.0,111.0,117.0,112.0,111.0,97.0,1.054054054054054,1.009009009009009,0.9910714285714286,1.1649484536082475,110.16666666666669
NEG_KMN_AR_00339,0,35.45529179355212,-111.54485063194034,Arizona,73.0,61.0,65.0,63.0,63.0,56.0,1.0655737704918034,1.0,0.9682539682539684,1.3035714285714286,63.5
NEG_KMN_AR_00340,0,35.151266407472,-110.32731372967146,Arizona,177.0,144.0,158.0,149.0,147.0,131.0,1.0972222222222223,1.0136054421768708,0.9664429530201344,1.3511450381679388,151.0
NEG_KMN_AR_00341,0,34.015685664537415,-114.04550073052934,Arizona,69.0,60.0,59.0,63.0,60.0,57.0,0.9833333333333332,1.05,0.9523809523809524,1.2105263157894737,61.333333333333336
NEG_KMN_AR_00342,0,32.6784494570848,-114.33905239162038,Arizona,,,,,,,,,,,
NEG_KMN_AR_00343,0,34.30834390182592,-113.73407359838086,Arizona,118.0,96.0,99.0,97.0,91.0,73.0,1.03125,1.065934065934066,0.9896907216494846,1.6164383561643836,95.66666666666669
NEG_KMN_AR_00344,0,33.60373194707018,-113.84989804580016,Arizona,75.0,59.0,65.0,61.0,58.0,53.0,1.1016949152542372,1.0517241379310345,0.9672131147540984,1.4150943396226414,61.833333333333336
NEG_KMN_AR_00345,0,35.20519284855954,-112.45468199473844,Arizona,,,,,,,,,,,
NEG_KMN_AR_00346,0,33.50251685214197,-113.13292393906976,Arizona,127.5,128.0,132.0,125.0,130.5,126.0,1.03125,0.9578544061302682,1.024,1.011904761904762,128.16666666666666
NEG_KMN_AR_00347,0,32.11909774229679,-111.81065643511664,Arizona,101.66666666666669,90.0,95.66666666666669,93.33333333333331,92.0,86.33333333333333,1.062962962962963,1.0144927536231882,0.9642857142857144,1.1776061776061777,93.16666666666669
NEG_KMN_AR_00348,0,33.75940983443274,-113.18655930027217,Arizona,106.0,91.0,95.0,91.0,83.0,67.0,1.043956043956044,1.0963855421686748,1.0,1.582089552238806,88.83333333333333
NEG_KMN_AR_00349,0,34.83315392748148,-114.47952082409108,Arizona,,,,,,,,,,,
NEG_KMN_AR_00350,0,35.28744629319315,-111.76866095403405,Arizona,98.5,94.5,96.0,100.0,103.0,100.5,1.0158730158730158,0.970873786407767,0.945,0.9800995024875622,98.75
NEG_KMN_AR_00351,0,36.688826023405085,-109.1270522720705,Arizona,123.0,118.0,120.0,117.0,115.0,97.0,1.0169491525423728,1.017391304347826,1.0085470085470083,1.268041237113402,115.0
NEG_KMN_AR_00352,0,32.12999845299359,-111.65396346970738,Arizona,155.0,146.0,154.0,148.0,152.0,135.0,1.0547945205479452,0.9736842105263158,0.9864864864864864,1.148148148148148,148.33333333333334
NEG_KMN_AR_00353,0,34.25948027481564,-113.60420601159814,Arizona,,,,,,,,,,,
NEG_KMN_AR_00354,0,33.96829368360866,-112.64914582541996,Arizona,118.0,118.0,122.0,113.0,117.0,121.0,1.0338983050847457,0.9658119658119658,1.0442477876106195,0.975206611570248,118.16666666666669
NEG_KMN_AR_00355,0,31.676244732168502,-109.92336488482522,Arizona,,,,,,,,,,,
NEG_KMN_AR_00356,0,33.63322511301032,-111.02987328651484,Arizona,,,,,,,,,,,
NEG_KMN_AR_00357,0,33.84820425598715,-112.90630846610384,Arizona,47.0,34.0,36.0,32.0,29.0,29.0,1.0588235294117647,1.103448275862069,1.0625,1.6206896551724137,34.5
NEG_KMN_AR_00358,0,33.741709194507294,-110.44423087017287,Arizona,109.0,110.0,115.0,106.0,113.0,116.0,1.0454545454545454,0.9380530973451328,1.0377358490566038,0.9396551724137931,111.5
NEG_KMN_AR_00359,0,31.346715457527228,-110.38830557291136,Arizona,,,,,,,,,,,
NEG_KMN_AR_00360,0,31.69555044688728,-109.8595778886995,Arizona,127.0,124.0,130.66666666666666,124.33333333333331,123.0,105.33333333333331,1.053763440860215,1.010840108401084,0.9973190348525468,1.2056962025316456,122.3888888888889
NEG_KMN_AR_00361,0,32.62884885597521,-110.33578559289585,Arizona,,,,,,,,,,,
NEG_KMN_AR_00362,0,33.82752337304478,-114.0455625891559,Arizona,,,,,,,,,,,
NEG_KMN_AR_00363,0,32.33492466353127,-109.89166342453876,Arizona,,,,,,,,,,,
NEG_KMN_AR_00364,0,33.00879879525274,-114.07886380308604,Arizona,,,,,,,,,,,
NEG_KMN_AR_00365,0,34.8312281088115,-113.40868775758504,Arizona,,,,,,,,,,,
NEG_KMN_AR_00366,0,35.43170365233809,-113.59982989861896,Arizona,,,,,,,,,,,
NEG_KMN_AR_00367,0,34.79948594945978,-114.33568804528404,Arizona,,,,,,,,,,,
NEG_KMN_AR_00368,0,33.432880342515354,-112.25332405328902,Arizona,72.0,64.0,65.0,62.0,59.0,57.0,1.015625,1.0508474576271187,1.032258064516129,1.263157894736842,63.16666666666666
NEG_KMN_AR_00369,0,34.72031801236776,-114.02897993317112,Arizona,115.0,112.0,115.0,109.0,114.0,117.0,1.0267857142857142,0.956140350877193,1.0275229357798166,0.9829059829059827,113.66666666666669
NEG_KMN_AR_00370,0,32.0977869912898,-109.23863493795398,Arizona,125.66666666666669,113.66666666666669,123.0,117.66666666666669,119.33333333333331,110.0,1.0821114369501466,0.9860335195530728,0.9660056657223796,1.1424242424242426,118.22222222222224
NEG_KMN_AR_00371,0,32.99223585326597,-114.21329186709691,Arizona,68.66666666666667,55.0,59.66666666666666,51.333333333333336,51.0,54.333333333333336,1.0848484848484847,1.0065359477124185,1.0714285714285714,1.2638036809815951,56.66666666666666
NEG_KMN_AR_00372,0,34.707234027799984,-111.7494684470132,Arizona,113.33333333333331,106.0,110.0,102.66666666666669,103.33333333333331,96.0,1.0377358490566038,0.9935483870967744,1.0324675324675323,1.1805555555555556,105.22222222222224
NEG_KMN_AR_00373,0,34.21989123109329,-109.6155029238896,Arizona,105.0,99.5,103.5,99.5,94.5,80.0,1.0402010050251256,1.052910052910053,1.0,1.3125,97.0
NEG_KMN_AR_00374,0,35.053233931894205,-110.75901356760596,Arizona,79.5,71.5,77.0,66.0,68.0,76.5,1.0769230769230769,0.9705882352941176,1.0833333333333333,1.03921568627451,73.08333333333333
NEG_KMN_AR_00375,0,33.45450163461825,-114.26370794182054,Arizona,93.0,83.0,83.0,79.0,72.0,62.0,1.0,1.0972222222222223,1.0506329113924051,1.5,78.66666666666667
NEG_KMN_AR_00376,0,33.08926231956714,-114.13932257034992,Arizona,68.0,72.0,76.0,70.0,73.0,85.0,1.0555555555555556,0.958904109589041,1.0285714285714285,0.8,74.0
NEG_KMN_AR_00377,0,32.177099371590785,-112.56705889196796,Arizona,75.0,60.0,63.0,58.0,54.0,47.0,1.05,1.0740740740740742,1.0344827586206895,1.5957446808510638,59.5
NEG_KMN_AR_00378,0,34.27146645548252,-113.142761496898,Arizona,71.0,61.0,65.0,59.0,56.0,47.0,1.0655737704918034,1.0535714285714286,1.0338983050847457,1.5106382978723405,59.833333333333336
NEG_KMN_AR_00379,0,36.39126234427216,-109.43348177526924,Arizona,80.5,78.5,80.0,76.5,76.5,76.5,1.019108280254777,1.0,1.026143790849673,1.0522875816993464,78.08333333333333
NEG_KMN_AR_00380,0,32.309970325360766,-110.02019286654728,Arizona,99.0,87.0,91.0,88.0,80.0,60.0,1.0459770114942528,1.1,0.9886363636363636,1.65,84.16666666666667
NEG_KMN_AR_00381,0,31.79879409001252,-109.47536726877888,Arizona,,,,,,,,,,,
NEG_KMN_AR_00382,0,33.755282633398274,-113.73094870861225,Arizona,154.0,150.0,165.0,144.0,147.0,132.0,1.1,0.979591836734694,1.0416666666666667,1.1666666666666667,148.66666666666666
NEG_KMN_AR_00383,0,32.65139328569113,-114.54044269018266,Arizona,61.0,47.0,49.0,45.0,42.0,42.0,1.0425531914893618,1.0714285714285714,1.0444444444444445,1.4523809523809523,47.66666666666666
NEG_KMN_AR_00384,0,35.44507326422591,-112.59517469069776,Arizona,170.0,148.0,161.0,161.0,161.0,139.0,1.087837837837838,1.0,0.9192546583850932,1.223021582733813,156.66666666666666
NEG_KMN_AR_00385,0,35.238985311612126,-109.4741675310534,Arizona,,,,,,,,,,,
NEG_KMN_AR_00386,0,34.40584702212199,-109.59410394606522,Arizona,,,,,,,,,,,
NEG_KMN_AR_00387,0,34.11018775021304,-113.77959962602,Arizona,,,,,,,,,,,
NEG_KMN_AR_00388,0,33.50778100942748,-111.96383774951572,Arizona,92.0,84.0,101.0,102.0,94.0,83.0,1.2023809523809523,1.0851063829787233,0.8235294117647058,1.108433734939759,92.66666666666669
NEG_KMN_AR_00389,0,35.750395102447754,-111.89383748686625,Arizona,,,,,,,,,,,
NEG_KMN_AR_00390,0,32.35433980339596,-109.2864973137102,Arizona,117.0,113.0,117.0,115.0,115.0,99.0,1.0353982300884956,1.0,0.982608695652174,1.181818181818182,112.66666666666669
NEG_KMN_AR_00391,0,35.61779507437418,-112.15227626309805,Arizona,31.0,37.0,33.0,34.0,30.0,35.0,0.8918918918918919,1.1333333333333333,1.088235294117647,0.8857142857142857,33.333333333333336
NEG_KMN_AR_00392,0,33.88717034191736,-110.6983777908398,Arizona,133.0,130.5,134.5,128.5,131.5,127.0,1.0306513409961686,0.9771863117870724,1.0155642023346303,1.047244094488189,130.83333333333334
NEG_KMN_AR_00393,0,34.062339413157865,-109.4845312900386,Arizona,93.0,92.0,95.0,90.0,92.0,85.0,1.0326086956521738,0.9782608695652174,1.022222222222222,1.0941176470588236,91.16666666666669
NEG_KMN_AR_00394,0,34.11666544424603,-110.96920176288704,Arizona,124.0,118.0,121.5,120.0,117.0,92.0,1.0296610169491525,1.0256410256410255,0.9833333333333332,1.3478260869565215,115.41666666666669
NEG_KMN_AR_00395,0,36.58121574038514,-109.23107382161372,Arizona,,,,,,,,,,,
NEG_KMN_AR_00396,0,33.03034006072968,-112.21578210107556,Arizona,,,,,,,,,,,
NEG_KMN_AR_00397,0,33.620555038836535,-110.71802272714216,Arizona,,,,,,,,,,,
NEG_KMN_AR_00398,0,32.95718708339382,-110.16817209703868,Arizona,,,,,,,,,,,
NEG_KMN_AR_00399,0,35.37806531520171,-111.58125525365182,Arizona,,,,,,,,,,,
NEG_KMN_AR_00400,0,34.02572899423713,-111.69548072638143,Arizona,97.0,84.0,89.0,89.0,86.0,77.0,1.0595238095238095,1.0348837209302326,0.9438202247191012,1.2597402597402598,87.0
NEG_KMN_AR_00401,0,35.330472268191826,-111.52211547994985,Arizona,91.5,84.0,90.0,83.0,90.0,92.5,1.0714285714285714,0.9222222222222224,1.0120481927710845,0.9891891891891892,88.5
NEG_KMN_AR_00402,0,32.744133436926845,-109.0516060253093,Arizona,130.0,128.0,132.0,130.0,128.0,108.0,1.03125,1.015625,0.9846153846153848,1.2037037037037035,126.0
NEG_KMN_AR_00403,0,33.8758460710492,-112.80023313365724,Arizona,76.0,65.0,69.0,62.5,63.5,65.0,1.0615384615384615,0.984251968503937,1.04,1.1692307692307693,66.83333333333333
NEG_KMN_AR_00404,0,35.38228549567218,-112.45157703984978,Arizona,105.33333333333331,103.33333333333331,106.0,102.33333333333331,99.66666666666669,86.66666666666667,1.0258064516129033,1.0267558528428091,1.009771986970684,1.2153846153846153,100.55555555555554
NEG_KMN_AR_00405,0,31.374372692334763,-109.09505899097138,Arizona,105.0,95.5,100.5,89.5,93.0,97.5,1.0523560209424083,0.9623655913978496,1.067039106145251,1.0769230769230769,96.83333333333331
NEG_KMN_AR_00406,0,35.28620016786561,-109.28634797523,Arizona,124.0,124.0,129.0,125.0,125.0,105.0,1.0403225806451613,1.0,0.992,1.180952380952381,122.0
NEG_KMN_AR_00407,0,33.082302992783255,-113.6621055945227,Arizona,,,,,,,,,,,
NEG_KMN_AR_00408,0,33.91269567717683,-112.06380700633645,Arizona,,,,,,,,,,,
NEG_KMN_AR_00409,0,33.69764631585591,-110.5944972020974,Arizona,,,,,,,,,,,
NEG_KMN_AR_00410,0,33.97277526441437,-111.71606239196058,Arizona,,,,,,,,,,,
NEG_KMN_AR_00411,0,33.93591497818406,-112.92281968059324,Arizona,,,,,,,,,,,
NEG_KMN_AR_00412,0,33.91270687865698,-113.19687867262849,Arizona,115.0,113.0,119.0,117.0,117.0,96.0,1.0530973451327434,1.0,0.9658119658119658,1.1979166666666667,112.83333333333331
NEG_KMN_AR_00413,0,32.26682908293969,-109.23221128669049,Arizona,53.0,41.333333333333336,43.0,36.66666666666666,34.666666666666664,39.0,1.0403225806451613,1.0576923076923077,1.1272727272727274,1.358974358974359,41.27777777777778
NEG_KMN_AR_00414,0,36.98912378563856,-109.14329816589373,Arizona,88.0,73.0,78.0,70.0,63.0,59.0,1.0684931506849316,1.1111111111111112,1.042857142857143,1.4915254237288136,71.83333333333333
NEG_KMN_AR_00415,0,35.35936495968511,-113.80554322891192,Arizona,89.0,83.0,80.0,103.0,96.0,80.0,0.963855421686747,1.0729166666666667,0.8058252427184466,1.1125,88.5
NEG_KMN_AR_00416,0,33.972304695731935,-112.0899764448153,Arizona,,,,,,,,,,,
NEG_KMN_AR_00417,0,36.87204625707771,-109.45352073550372,Arizona,,,,,,,,,,,
NEG_KMN_AR_00418,0,33.497991024545215,-112.19753734533232,Arizona,56.0,51.0,51.0,52.0,49.0,48.0,1.0,1.0612244897959184,0.9807692307692308,1.1666666666666667,51.16666666666666
NEG_KMN_AR_00419,0,32.38672793861309,-109.86733596682684,Arizona,100.0,97.0,101.0,93.0,97.0,102.0,1.041237113402062,0.9587628865979382,1.043010752688172,0.9803921568627452,98.33333333333331
NEG_KMN_AR_00420,0,33.70169704407857,-113.76830406792487,Arizona,,,,,,,,,,,
NEG_KMN_AR_00421,0,35.21797478681476,-111.29205686879855,Arizona,174.0,151.0,177.0,161.0,174.0,156.0,1.1721854304635762,0.9252873563218392,0.937888198757764,1.1153846153846154,165.5
NEG_KMN_AR_00422,0,35.86923484695593,-112.12978074745683,Arizona,,,,,,,,,,,
NEG_KMN_AR_00423,0,34.82763158401258,-109.5014266819178,Arizona,,,,,,,,,,,
NEG_KMN_AR_00424,0,33.857039778172485,-110.97663797707604,Arizona,148.0,142.0,149.0,143.0,144.0,122.0,1.0492957746478873,0.9930555555555556,0.993006993006993,1.213114754098361,141.33333333333334
NEG_KMN_AR_00425,0,33.622108555701566,-113.50017307182408,Arizona,,,,,,,,,,,
NEG_KMN_AR_00426,0,35.723281726684505,-109.43850568405134,Arizona,110.0,93.0,98.0,89.0,87.0,79.0,1.053763440860215,1.0229885057471264,1.0449438202247192,1.3924050632911391,92.66666666666669
NEG_KMN_AR_00427,0,33.664592130530735,-110.10290060363832,Arizona,95.0,85.0,93.0,86.0,87.0,76.0,1.0941176470588236,0.9885057471264368,0.9883720930232558,1.25,87.0
NEG_KMN_AR_00428,0,33.80288351625137,-113.83861671567831,Arizona,131.0,124.0,125.0,126.0,125.0,107.0,1.0080645161290325,1.008,0.984126984126984,1.2242990654205608,123.0
NEG_KMN_AR_00429,0,33.72578799195851,-114.15244480941736,Arizona,139.0,135.0,142.0,140.0,138.0,114.0,1.0518518518518518,1.0144927536231885,0.9642857142857144,1.219298245614035,134.66666666666666
NEG_KMN_AR_00430,0,33.86785855556138,-111.44868824598215,Arizona,120.0,117.0,122.0,122.0,122.0,105.0,1.0427350427350428,1.0,0.9590163934426228,1.1428571428571428,118.0
NEG_KMN_AR_00431,0,35.22950356807312,-112.63586425396328,Arizona,100.0,100.0,105.0,97.0,105.0,117.0,1.05,0.923809523809524,1.0309278350515465,0.8547008547008547,104.0
NEG_KMN_AR_00432,0,33.74513576621987,-110.37494763981717,Arizona,,,,,,,,,,,
NEG_KMN_AR_00433,0,32.157172954380115,-111.74857178343404,Arizona,114.0,112.0,117.0,114.0,115.0,94.0,1.0446428571428572,0.991304347826087,0.9824561403508772,1.2127659574468086,111.0
NEG_KMN_AR_00434,0,33.922795434880975,-113.13820915999143,Arizona,104.0,93.5,106.0,100.5,95.0,85.5,1.1336898395721926,1.0578947368421052,0.9303482587064676,1.216374269005848,97.41666666666669
NEG_KMN_AR_00435,0,34.01730327336203,-109.49018376548372,Arizona,,,,,,,,,,,
NEG_KMN_AR_00436,0,34.41833266012964,-113.76237984693807,Arizona,108.0,109.0,112.0,103.0,110.0,115.0,1.0275229357798166,0.9363636363636364,1.058252427184466,0.9391304347826088,109.5
NEG_KMN_AR_00437,0,36.67724968839188,-113.83840149141356,Arizona,189.0,176.0,193.0,185.0,188.0,158.0,1.0965909090909092,0.9840425531914894,0.9513513513513514,1.1962025316455696,181.5
NEG_KMN_AR_00438,0,34.08961733375242,-109.37842176759112,Arizona,104.0,85.0,89.0,84.0,73.0,59.0,1.0470588235294118,1.1506849315068493,1.011904761904762,1.7627118644067796,82.33333333333333
NEG_KMN_AR_00439,0,33.27964974770475,-112.0960124723846,Arizona,,,,,,,,,,,
NEG_KMN_AR_00440,0,35.6229472830365,-114.0850780131803,Arizona,,,,,,,,,,,
NEG_KMN_AR_00441,0,33.93057409629539,-111.28310775022794,Arizona,146.0,148.0,154.0,150.0,149.0,123.0,1.0405405405405406,1.0067114093959733,0.9866666666666668,1.1869918699186992,145.0
NEG_KMN_AR_00442,0,33.83674598790562,-109.79717210089552,Arizona,71.0,59.0,63.0,58.0,54.0,49.0,1.0677966101694916,1.0740740740740742,1.0172413793103448,1.4489795918367347,59.0
NEG_KMN_AR_00443,0,34.256952899900455,-109.82689532005492,Arizona,81.5,80.5,83.0,74.5,74.5,76.0,1.031055900621118,1.0,1.080536912751678,1.0723684210526316,78.33333333333333
NEG_KMN_AR_00444,0,33.173971532875576,-113.59301897288584,Arizona,116.0,105.0,108.0,113.0,107.0,91.0,1.0285714285714285,1.0560747663551402,0.9292035398230089,1.2747252747252746,106.66666666666669
NEG_KMN_AR_00445,0,33.698190857491774,-112.17404929776728,Arizona,58.0,46.0,49.0,43.0,41.0,41.0,1.065217391304348,1.048780487804878,1.069767441860465,1.4146341463414631,46.333333333333336
NEG_KMN_AR_00446,0,33.491534115018446,-114.31574661734447,Arizona,86.66666666666667,76.66666666666667,83.66666666666667,73.33333333333333,75.33333333333333,77.0,1.0913043478260869,0.9734513274336284,1.0454545454545456,1.1255411255411256,78.77777777777777
NEG_KMN_AR_00447,0,35.09208943605207,-109.50391343493106,Arizona,,,,,,,,,,,
NEG_KMN_AR_00448,0,33.61569361127166,-111.86649199710132,Arizona,,,,,,,,,,,
NEG_KMN_AR_00449,0,33.590834053366294,-110.62488982354968,Arizona,71.0,59.66666666666666,63.0,56.333333333333336,55.333333333333336,57.333333333333336,1.0558659217877095,1.0180722891566265,1.059171597633136,1.2383720930232558,60.44444444444444
NEG_KMN_AR_00450,0,36.892053720021366,-109.42865815251956,Arizona,109.0,104.0,108.0,98.0,105.0,115.0,1.0384615384615383,0.9333333333333332,1.0612244897959184,0.9478260869565216,106.5
NEG_KMN_AR_00451,0,33.45606954350644,-113.29903814140188,Arizona,137.0,133.0,138.0,134.0,132.0,115.0,1.037593984962406,1.0151515151515151,0.9925373134328358,1.191304347826087,131.5
NEG_KMN_AR_00452,0,32.34048541532413,-111.0671404669971,Arizona,,,,,,,,,,,
NEG_KMN_AR_00453,0,33.76844523667894,-112.02452388575496,Arizona,143.0,144.0,146.0,141.0,140.0,122.0,1.0138888888888888,1.0071428571428571,1.0212765957446808,1.1721311475409837,139.33333333333334
NEG_KMN_AR_00454,0,34.00304839381722,-111.5377991561686,Arizona,130.0,109.0,124.0,124.0,116.0,100.0,1.1376146788990826,1.0689655172413792,0.8790322580645161,1.3,117.16666666666669
NEG_KMN_AR_00455,0,33.35232263379608,-111.75156786357178,Arizona,77.0,63.0,66.0,59.0,57.0,51.0,1.0476190476190477,1.0350877192982455,1.0677966101694916,1.5098039215686274,62.16666666666666
NEG_KMN_AR_00456,0,34.11716384434358,-109.50572352517923,Arizona,,,,,,,,,,,
NEG_KMN_AR_00457,0,34.27445123584467,-114.09294048637514,Arizona,,,,,,,,,,,
NEG_KMN_AR_00458,0,33.96142645444666,-112.71214063883424,Arizona,91.0,85.0,87.0,79.0,83.0,88.0,1.0235294117647058,0.9518072289156626,1.0759493670886076,1.0340909090909092,85.5
NEG_KMN_AR_00459,0,34.29886187717185,-109.8941199374047,Arizona,,,,,,,,,,,
NEG_KMN_AR_00460,0,33.455632602030114,-112.65886072768028,Arizona,,,,,,,,,,,
NEG_KMN_AR_00461,0,33.85309040389828,-114.292674072492,Arizona,52.0,56.0,47.0,58.0,55.0,55.0,0.8392857142857143,1.0545454545454545,0.9655172413793104,0.9454545454545454,53.833333333333336
NEG_KMN_AR_00462,0,33.58017081879157,-114.05637173021086,Arizona,88.0,70.0,74.0,71.0,66.0,61.0,1.0571428571428572,1.0757575757575757,0.9859154929577464,1.4426229508196722,71.66666666666667
NEG_KMN_AR_00463,0,34.64956208733286,-112.1596253995978,Arizona,43.0,43.0,37.0,44.0,38.0,42.0,0.8604651162790697,1.1578947368421053,0.9772727272727272,1.0238095238095235,41.16666666666666
NEG_KMN_AR_00464,0,33.81717893009006,-110.60496218016824,Arizona,67.0,55.0,56.0,51.0,48.0,53.5,1.018181818181818,1.0625,1.0784313725490196,1.2523364485981308,55.083333333333336
NEG_KMN_AR_00465,0,34.89887206121766,-112.1903204373557,Arizona,,,,,,,,,,,
NEG_KMN_AR_00466,0,36.5879962057201,-109.1091072640017,Arizona,64.5,52.5,56.0,50.0,49.5,52.0,1.0666666666666669,1.0101010101010102,1.05,1.2403846153846154,54.083333333333336
NEG_KMN_AR_00467,0,33.7465082469491,-112.48823981150656,Arizona,,,,,,,,,,,
NEG_KMN_AR_00468,0,35.448199468828,-112.04683092403413,Arizona,97.0,99.0,98.0,99.0,96.0,81.0,0.98989898989899,1.03125,1.0,1.1975308641975309,95.0
NEG_KMN_AR_00469,0,32.15347538324138,-111.9747075187792,Arizona,,,,,,,,,,,
NEG_KMN_AR_00470,0,35.463499887512754,-111.42687116099172,Arizona,110.0,100.0,107.0,100.0,97.0,88.0,1.07,1.0309278350515465,1.0,1.25,100.33333333333331
NEG_KMN_AR_00471,0,35.735961218210456,-113.94152943735622,Arizona,117.0,116.0,120.0,120.0,118.0,98.0,1.0344827586206895,1.0169491525423728,0.9666666666666668,1.1938775510204085,114.83333333333331
NEG_KMN_AR_00472,0,32.15453211380228,-110.6758138231483,Arizona,121.0,119.0,125.0,120.0,122.0,104.0,1.050420168067227,0.9836065573770492,0.9916666666666668,1.1634615384615383,118.5
NEG_KMN_AR_00473,0,34.23640217982234,-109.3953264125335,Arizona,123.0,105.5,113.0,109.0,109.0,104.0,1.0710900473933649,1.0,0.9678899082568808,1.1826923076923077,110.58333333333331
NEG_KMN_AR_00474,0,34.071240448260426,-110.88624210785416,Arizona,114.5,101.5,111.0,101.0,103.5,105.0,1.0935960591133005,0.9758454106280192,1.004950495049505,1.0904761904761904,106.08333333333331
NEG_KMN_AR_00475,0,33.60368151061498,-112.2546856193868,Arizona,,,,,,,,,,,
NEG_KMN_AR_00476,0,33.789764719389794,-112.2630777450354,Arizona,64.0,62.0,65.5,58.0,62.5,65.5,1.0564516129032258,0.928,1.0689655172413792,0.9770992366412212,62.91666666666666
NEG_KMN_AR_00477,0,32.327057399618816,-109.89317232779626,Arizona,,,,,,,,,,,
NEG_KMN_AR_00478,0,35.36569656307636,-111.48211908600643,Arizona,,,,,,,,,,,
NEG_KMN_AR_00479,0,33.89879208872887,-110.27116443866424,Arizona,107.0,104.0,109.0,100.0,102.0,94.0,1.0480769230769231,0.9803921568627452,1.04,1.1382978723404256,102.66666666666669
NEG_KMN_AR_00480,0,33.05849545850888,-113.40719450778806,Arizona,89.0,88.0,92.0,85.0,90.0,99.0,1.0454545454545454,0.9444444444444444,1.035294117647059,0.898989898989899,90.5
NEG_KMN_AR_00481,0,32.89405973183836,-113.44930859487158,Arizona,102.66666666666669,100.0,105.0,96.66666666666669,102.0,104.0,1.05,0.9477124183006536,1.0344827586206895,0.9871794871794872,101.72222222222224
NEG_KMN_AR_00482,0,35.8077106739847,-109.09762062565454,Arizona,120.5,116.5,120.5,114.5,114.5,111.0,1.034334763948498,1.0,1.017467248908297,1.0855855855855856,116.25
NEG_KMN_AR_00483,0,36.94064728159252,-110.46168736838456,Arizona,89.0,80.0,85.0,79.0,77.0,65.0,1.0625,1.025974025974026,1.0126582278481011,1.3692307692307693,79.16666666666667
NEG_KMN_AR_00484,0,32.48999919957965,-109.12425197135263,Arizona,110.0,92.0,98.0,94.0,91.0,75.0,1.065217391304348,1.032967032967033,0.9787234042553192,1.4666666666666666,93.33333333333331
NEG_KMN_AR_00485,0,34.57347316270651,-113.68617734831383,Arizona,179.0,150.0,167.0,159.0,156.0,129.0,1.1133333333333333,1.0192307692307692,0.9433962264150944,1.3875968992248062,156.66666666666666
NEG_KMN_AR_00486,0,33.98479649211506,-109.79936262739152,Arizona,140.0,140.0,144.0,139.0,139.0,121.0,1.0285714285714285,1.0,1.0071942446043165,1.1570247933884297,137.16666666666666
NEG_KMN_AR_00487,0,33.20971238035296,-112.43278736238392,Arizona,96.0,91.0,95.0,92.0,89.0,78.0,1.043956043956044,1.0337078651685394,0.9891304347826086,1.2307692307692308,90.16666666666669
NEG_KMN_AR_00488,0,33.76678803740402,-112.05027136489196,Arizona,85.0,68.0,71.0,86.0,76.0,62.0,1.0441176470588236,1.131578947368421,0.7906976744186046,1.3709677419354838,74.66666666666667
NEG_KMN_AR_00489,0,33.79339841511979,-109.22375506610024,Arizona,137.0,133.33333333333334,139.66666666666666,135.33333333333334,137.66666666666666,122.33333333333331,1.0475,0.9830508474576272,0.9852216748768472,1.119891008174387,134.22222222222223
NEG_KMN_AR_00490,0,32.39012987341497,-111.1381602584193,Arizona,,,,,,,,,,,
NEG_KMN_AR_00491,0,32.407552877393364,-109.8689167558386,Arizona,79.0,78.0,81.0,74.0,79.0,87.0,1.0384615384615383,0.9367088607594936,1.054054054054054,0.9080459770114944,79.66666666666667
NEG_KMN_AR_00492,0,31.537222279567946,-111.49069976736706,Arizona,,,,,,,,,,,
NEG_KMN_AR_00493,0,33.8905214697672,-110.99805476837469,Arizona,166.0,148.0,149.0,150.0,130.0,86.0,1.0067567567567568,1.1538461538461535,0.9866666666666668,1.930232558139535,138.16666666666666
NEG_KMN_AR_00494,0,32.63261647072955,-109.8893982848448,Arizona,,,,,,,,,,,
NEG_KMN_AR_00495,0,36.94711299146785,-109.44625194679033,Arizona,,,,,,,,,,,
NEG_KMN_AR_00496,0,33.754361646886046,-113.28418285835528,Arizona,111.0,105.5,111.5,101.0,108.5,117.0,1.056872037914692,0.9308755760368664,1.0445544554455446,0.9487179487179488,109.08333333333331
NEG_KMN_AR_00497,0,32.82540484821809,-112.7845288337623,Arizona,119.0,119.0,124.0,117.0,124.0,128.0,1.0420168067226891,0.9435483870967742,1.017094017094017,0.9296875,121.83333333333331
NEG_KMN_AR_00498,0,32.42738012151643,-114.335260068864,Arizona,,,,,,,,,,,
NEG_KMN_AR_00499,0,34.05909882154897,-109.61766050355207,Arizona,133.0,128.0,135.0,129.0,119.0,79.0,1.0546875,1.084033613445378,0.992248062015504,1.6835443037974684,120.5
NEG_KMN_AR_00500,0,33.791468081317326,-110.51687017264186,Arizona,64.0,57.0,59.5,53.5,53.5,56.5,1.043859649122807,1.0,1.0654205607476634,1.1327433628318584,57.333333333333336
NEG_KMN_AR_00501,0,32.41610947359162,-109.27517248134978,Arizona,84.33333333333333,73.66666666666667,76.0,72.0,67.33333333333333,64.66666666666667,1.0316742081447965,1.0693069306930694,1.023148148148148,1.304123711340206,73.0
NEG_KMN_AR_00502,0,32.638117484704345,-114.38772903367476,Arizona,,,,,,,,,,,
NEG_KMN_AR_00503,0,35.00268085476979,-110.89708021376056,Arizona,99.0,95.5,97.5,93.5,91.0,79.5,1.0209424083769634,1.0274725274725274,1.0213903743315509,1.2452830188679245,92.66666666666669
NEG_KMN_AR_00504,0,34.20111352048916,-113.23706821211933,Arizona,,,,,,,,,,,
NEG_KMN_AR_00505,0,34.191142405911016,-111.23612922002803,Arizona,97.0,85.0,87.0,83.5,78.5,63.5,1.0235294117647058,1.0636942675159236,1.0179640718562877,1.5275590551181102,82.41666666666667
NEG_KMN_AR_00506,0,36.000933922376106,-111.33450999989748,Arizona,,,,,,,,,,,
NEG_KMN_AR_00507,0,33.97821978215505,-110.8153331238522,Arizona,,,,,,,,,,,
NEG_KMN_AR_00508,0,33.66842727145994,-111.0167823025318,Arizona,96.5,90.5,94.5,88.5,89.5,90.5,1.0441988950276244,0.988826815642458,1.0225988700564972,1.0662983425414363,91.66666666666669
NEG_KMN_AR_00509,0,33.387835604241594,-112.2818573617808,Arizona,124.0,121.0,118.0,112.0,110.0,108.0,0.975206611570248,1.018181818181818,1.0803571428571428,1.148148148148148,115.5
NEG_KMN_AR_00510,0,33.6119279644953,-113.12022241596948,Arizona,59.0,49.0,53.0,46.0,47.0,52.0,1.0816326530612246,0.9787234042553192,1.065217391304348,1.1346153846153846,51.0
NEG_KMN_AR_00511,0,34.727836437326964,-111.88946643069346,Arizona,,,,,,,,,,,
NEG_KMN_AR_00512,0,34.951308911227315,-113.94981119513773,Arizona,,,,,,,,,,,
NEG_KMN_AR_00513,0,35.38025275809384,-113.22107534543365,Arizona,,,,,,,,,,,
NEG_KMN_AR_00514,0,33.45166014743431,-112.48732786516314,Arizona,82.0,68.0,74.0,67.0,65.0,58.0,1.088235294117647,1.0307692307692309,1.0149253731343284,1.4137931034482758,69.0
NEG_KMN_AR_00515,0,34.89899260873054,-112.67331503900328,Arizona,,,,,,,,,,,
NEG_KMN_AR_00516,0,34.16553710357303,-111.02712315704986,Arizona,,,,,,,,,,,
NEG_KMN_AR_00517,0,31.70336742907321,-111.8134583934571,Arizona,100.66666666666669,96.0,101.33333333333331,94.0,97.66666666666669,99.66666666666669,1.0555555555555556,0.962457337883959,1.0212765957446808,1.0100334448160535,98.22222222222224
NEG_KMN_AR_00518,0,33.87407199936419,-110.33286494324466,Arizona,124.0,117.0,122.0,120.0,110.0,80.0,1.0427350427350428,1.0909090909090908,0.975,1.55,112.16666666666669
NEG_KMN_AR_00519,0,32.9042815206463,-110.39031857685234,Arizona,124.0,112.5,119.0,111.5,112.0,102.0,1.0577777777777777,0.9955357142857144,1.0089686098654709,1.2156862745098038,113.5
NEG_KMN_AR_00520,0,32.41857624620239,-109.8729679229192,Arizona,74.0,63.0,65.0,60.0,56.0,48.0,1.031746031746032,1.0714285714285714,1.05,1.5416666666666667,61.0
NEG_KMN_AR_00521,0,35.79607814882009,-113.53539967690182,Arizona,,,,,,,,,,,
NEG_KMN_AR_00522,0,33.32562619794403,-112.25232698986974,Arizona,,,,,,,,,,,
NEG_KMN_AR_00523,0,33.028633297720674,-110.12355979156364,Arizona,90.0,85.0,88.0,82.33333333333333,80.0,74.0,1.035294117647059,1.0291666666666666,1.0323886639676114,1.2162162162162162,83.22222222222221
NEG_KMN_AR_00524,0,36.85680221272228,-113.29320355680728,Arizona,,,,,,,,,,,
NEG_KMN_AR_00525,0,32.73719678328491,-114.24183054852524,Arizona,,,,,,,,,,,
NEG_KMN_AR_00526,0,35.380032739050506,-111.6233907842584,Arizona,131.0,129.0,137.0,126.0,135.0,139.0,1.062015503875969,0.9333333333333332,1.0238095238095235,0.9424460431654677,132.83333333333334
NEG_KMN_AR_00527,0,33.984673438495804,-114.29923017140618,Arizona,,,,,,,,,,,
NEG_KMN_AR_00528,0,32.98588442180334,-112.97865737282224,Arizona,117.0,107.0,112.0,113.0,111.0,89.0,1.0467289719626167,1.018018018018018,0.9469026548672568,1.3146067415730338,108.16666666666669
NEG_KMN_AR_00529,0,34.25369240226392,-111.88357575074464,Arizona,,,,,,,,,,,
NEG_KMN_AR_00530,0,33.52546489410526,-111.39589461745088,Arizona,,,,,,,,,,,
NEG_KMN_AR_00531,0,32.4992154401523,-109.712654961363,Arizona,119.0,99.0,111.0,100.0,96.0,93.0,1.121212121212121,1.0416666666666667,0.99,1.2795698924731185,103.0
NEG_KMN_AR_00532,0,35.00838953309079,-112.24308222676638,Arizona,,,,,,,,,,,
NEG_KMN_AR_00533,0,32.54828117233624,-114.54944232771976,Arizona,73.33333333333333,62.66666666666666,66.66666666666667,59.66666666666666,59.0,65.33333333333333,1.0638297872340428,1.0112994350282485,1.0502793296089383,1.1224489795918366,64.44444444444444
NEG_KMN_AR_00534,0,32.45644719448131,-109.69966025671744,Arizona,,,,,,,,,,,
NEG_KMN_AR_00535,0,34.15133743640305,-113.79015028813,Arizona,67.0,52.0,55.0,50.0,47.0,45.0,1.0576923076923077,1.0638297872340423,1.04,1.488888888888889,52.66666666666666
NEG_KMN_AR_00536,0,32.30141159428491,-109.8946862217411,Arizona,75.5,71.0,76.5,67.5,73.0,76.5,1.0774647887323945,0.9246575342465754,1.0518518518518518,0.9869281045751634,73.33333333333333
NEG_KMN_AR_00537,0,36.73458087875141,-112.99672444013328,Arizona,54.0,45.0,44.0,41.0,38.0,34.0,0.9777777777777776,1.0789473684210529,1.0975609756097562,1.588235294117647,42.66666666666666
NEG_KMN_AR_00538,0,36.65063736484145,-113.97577794829463,Arizona,87.33333333333333,84.0,84.66666666666667,81.66666666666667,80.0,78.0,1.007936507936508,1.0208333333333337,1.0285714285714285,1.1196581196581197,82.61111111111111
NEG_KMN_AR_00539,0,36.81598181333519,-109.45761173360614,Arizona,77.5,76.5,78.5,71.5,74.0,79.5,1.026143790849673,0.9662162162162162,1.06993006993007,0.9748427672955976,76.25
NEG_KMN_AR_00540,0,35.133903758374984,-111.70983019931492,Arizona,65.0,54.0,56.0,56.0,51.0,49.0,1.037037037037037,1.0980392156862746,0.9642857142857144,1.326530612244898,55.16666666666666
NEG_KMN_AR_00541,0,33.010151311618564,-114.22611272551671,Arizona,124.0,104.0,107.0,103.0,93.0,67.0,1.0288461538461535,1.10752688172043,1.0097087378640777,1.8507462686567164,99.66666666666669
NEG_KMN_AR_00542,0,32.02389978467824,-109.16821386069256,Arizona,134.0,141.0,145.0,135.0,146.0,152.0,1.0283687943262412,0.9246575342465754,1.0444444444444445,0.881578947368421,142.16666666666666
NEG_KMN_AR_00543,0,34.25177414435717,-113.52309693933762,Arizona,104.0,89.0,92.0,85.0,88.0,96.0,1.0337078651685394,0.9659090909090908,1.0470588235294118,1.0833333333333333,92.33333333333331
NEG_KMN_AR_00544,0,33.99313414798407,-110.00778163231512,Arizona,129.0,121.0,127.0,121.0,108.0,77.0,1.0495867768595042,1.1203703703703705,1.0,1.675324675324675,113.83333333333331
NEG_KMN_AR_00545,0,34.84003276772776,-113.64632663338024,Arizona,116.33333333333331,111.0,118.0,106.0,104.33333333333331,99.0,1.063063063063063,1.0159744408945688,1.0471698113207548,1.175084175084175,109.1111111111111
NEG_KMN_AR_00546,0,34.95252474061403,-112.68600627050192,Arizona,142.0,123.0,141.0,129.0,130.0,116.0,1.146341463414634,0.9923076923076924,0.9534883720930232,1.2241379310344829,130.16666666666666
NEG_KMN_AR_00547,0,35.30345385091642,-111.47678571350548,Arizona,66.33333333333333,62.333333333333336,64.0,57.66666666666666,58.66666666666666,64.66666666666667,1.0267379679144384,0.9829545454545454,1.0809248554913296,1.0257731958762886,62.27777777777778
NEG_KMN_AR_00548,0,34.73931085939006,-111.17653365759372,Arizona,88.0,90.0,91.0,87.5,83.0,70.0,1.011111111111111,1.0542168674698795,1.0285714285714285,1.2571428571428571,84.91666666666667
NEG_KMN_AR_00549,0,33.85838266094623,-111.98396131664124,Arizona,,,,,,,,,,,
NEG_KMN_AR_00550,0,33.92449589482207,-112.02663133997316,Arizona,111.0,100.0,104.0,97.0,96.0,87.0,1.04,1.0104166666666667,1.0309278350515465,1.2758620689655171,99.16666666666669
NEG_KMN_AR_00551,0,34.34152988415481,-109.49359445129572,Arizona,95.0,94.33333333333331,95.33333333333331,90.66666666666669,88.66666666666667,84.66666666666667,1.010600706713781,1.0225563909774436,1.040441176470588,1.1220472440944882,91.44444444444444
NEG_KMN_AR_00552,0,32.834321966064536,-114.35922244410938,Arizona,86.0,70.0,74.0,69.0,63.0,52.0,1.0571428571428572,1.0952380952380951,1.0144927536231885,1.6538461538461535,69.0
NEG_KMN_AR_00553,0,33.47549080353865,-111.83745568561892,Arizona,,,,,,,,,,,
NEG_KMN_AR_00554,0,32.13948507403355,-109.2554604088508,Arizona,,,,,,,,,,,
NEG_KMN_AR_00555,0,33.89089812793043,-110.40555916278822,Arizona,,,,,,,,,,,
NEG_KMN_AR_00556,0,33.090224310295,-110.09477287347512,Arizona,,,,,,,,,,,
NEG_KMN_AR_00557,0,36.86061154283857,-112.40935910887134,Arizona,123.0,123.0,130.5,121.5,127.0,118.5,1.0609756097560976,0.9566929133858268,1.0123456790123455,1.0379746835443038,123.91666666666669
NEG_KMN_AR_00558,0,35.10528007589336,-113.22671672294511,Arizona,45.5,42.0,44.5,39.5,40.5,45.0,1.0595238095238095,0.9753086419753086,1.0632911392405062,1.011111111111111,42.833333333333336
NEG_KMN_AR_00559,0,32.47755539468211,-110.02949854497548,Arizona,107.66666666666669,105.0,106.66666666666669,97.66666666666669,97.33333333333331,91.0,1.0158730158730158,1.0034246575342467,1.075085324232082,1.1831501831501832,100.8888888888889
NEG_KMN_AR_00560,0,34.901778084217604,-112.61169180522512,Arizona,90.0,82.0,87.0,83.0,79.0,70.0,1.0609756097560976,1.0506329113924051,0.9879518072289156,1.2857142857142858,81.83333333333333
NEG_KMN_AR_00561,0,35.52641632744556,-112.63578879833284,Arizona,,,,,,,,,,,
NEG_KMN_AR_00562,0,33.82231310342442,-114.31155732484524,Arizona,86.0,79.0,78.0,73.0,65.0,62.0,0.9873417721518988,1.123076923076923,1.082191780821918,1.3870967741935485,73.83333333333333
NEG_KMN_AR_00563,0,35.105970721689445,-112.35397278625834,Arizona,81.0,74.0,78.0,73.0,71.0,62.0,1.054054054054054,1.028169014084507,1.0136986301369864,1.3064516129032258,73.16666666666667
NEG_KMN_AR_00564,0,33.82872772243206,-113.68518967741204,Arizona,100.0,95.0,98.0,94.0,94.0,85.0,1.0315789473684212,1.0,1.0106382978723405,1.1764705882352942,94.33333333333331
NEG_KMN_AR_00566,0,34.40368326012186,-110.89669440795672,Arizona,144.0,142.0,140.0,136.0,132.0,112.0,0.9859154929577464,1.0303030303030305,1.0441176470588236,1.2857142857142858,134.33333333333334
NEG_KMN_AR_00567,0,35.422636826332266,-112.79084019790491,Arizona,,,,,,,,,,,
NEG_KMN_AR_00568,0,36.21955099318108,-109.72107565247096,Arizona,111.0,109.0,114.5,105.5,114.0,113.5,1.0504587155963303,0.925438596491228,1.033175355450237,0.9779735682819384,111.25
NEG_KMN_AR_00569,0,34.669387704265155,-112.35599435596907,Arizona,154.0,139.0,142.0,141.0,127.0,89.0,1.0215827338129495,1.110236220472441,0.9858156028368794,1.7303370786516854,132.0
NEG_KMN_AR_00570,0,36.14879066692167,-112.9365265715756,Arizona,116.0,114.0,118.0,116.0,116.0,97.0,1.0350877192982455,1.0,0.9827586206896552,1.1958762886597938,112.83333333333331
NEG_KMN_AR_00571,0,34.080285413359455,-109.93853043651508,Arizona,61.0,48.0,51.0,47.0,43.0,42.0,1.0625,1.0930232558139534,1.0212765957446808,1.4523809523809523,48.66666666666666
NEG_KMN_AR_00572,0,34.36856221701071,-113.46135529465482,Arizona,,,,,,,,,,,
NEG_KMN_AR_00573,0,35.18207254264376,-112.48828382213208,Arizona,117.33333333333331,114.33333333333331,118.66666666666669,114.0,118.33333333333331,109.66666666666669,1.037900874635569,0.9633802816901408,1.002923976608187,1.0699088145896656,115.38888888888889
NEG_KMN_AR_00574,0,34.00149012180358,-110.86342610301632,Arizona,,,,,,,,,,,
NEG_KMN_AR_00575,0,36.11055866122849,-114.45502359377952,Arizona,68.5,57.5,61.5,54.0,54.0,60.0,1.0695652173913044,1.0,1.0648148148148149,1.1416666666666666,59.25
NEG_KMN_AR_00576,0,35.574348095593564,-113.9926117649892,Arizona,86.33333333333333,86.33333333333333,87.0,82.66666666666667,82.33333333333333,81.33333333333333,1.0077220077220077,1.0040485829959516,1.0443548387096773,1.0614754098360657,84.33333333333333
NEG_KMN_AR_00577,0,32.60441634053466,-109.19624554064626,Arizona,106.0,102.33333333333331,104.66666666666669,94.0,94.66666666666669,85.0,1.022801302931596,0.9929577464788732,1.0886524822695034,1.2470588235294118,97.7777777777778
NEG_KMN_AR_00578,0,36.51257296470349,-109.10816398257612,Arizona,114.0,108.0,116.0,109.0,107.0,84.0,1.0740740740740742,1.0186915887850467,0.9908256880733946,1.3571428571428572,106.33333333333331
NEG_KMN_AR_00579,0,35.84472523625629,-112.28527345087502,Arizona,165.0,151.0,163.0,155.0,166.0,150.0,1.0794701986754969,0.933734939759036,0.9741935483870968,1.1,158.33333333333334
NEG_KMN_AR_00580,0,35.07545878473229,-113.76932375368136,Arizona,117.0,116.0,122.0,109.0,117.0,131.0,1.0517241379310345,0.9316239316239316,1.0642201834862386,0.8931297709923665,118.66666666666669
NEG_KMN_AR_00581,0,34.80302276544232,-113.73602562792952,Arizona,97.0,96.0,100.0,92.0,95.0,102.0,1.0416666666666667,0.968421052631579,1.0434782608695652,0.9509803921568628,97.0
NEG_KMN_AR_00582,0,33.60303766142443,-113.27535208748122,Arizona,56.0,44.0,46.0,41.0,37.0,36.0,1.0454545454545454,1.108108108108108,1.0731707317073171,1.5555555555555556,43.333333333333336
NEG_KMN_AR_00583,0,34.15466352516991,-113.87041506363022,Arizona,60.5,49.5,53.0,46.5,46.5,51.0,1.0707070707070707,1.0,1.064516129032258,1.1862745098039216,51.16666666666666
NEG_KMN_AR_00584,0,35.340289064905946,-112.42445489649587,Arizona,60.0,49.0,54.0,51.0,47.0,45.0,1.1020408163265305,1.0851063829787233,0.9607843137254902,1.3333333333333333,51.0
NEG_KMN_AR_00585,0,33.43191544872147,-112.01176941521794,Arizona,110.0,112.0,114.0,110.0,110.0,95.0,1.0178571428571428,1.0,1.018181818181818,1.1578947368421053,108.5
NEG_KMN_AR_00586,0,35.664904945428,-109.91596855813265,Arizona,,,,,,,,,,,
NEG_KMN_AR_00587,0,34.90464918269079,-112.05363695911348,Arizona,99.0,100.0,100.0,93.0,97.0,103.0,1.0,0.9587628865979382,1.075268817204301,0.9611650485436892,98.66666666666669
NEG_KMN_AR_00588,0,36.95149325841327,-109.33513418679922,Arizona,65.0,57.0,55.0,54.0,49.0,47.0,0.9649122807017544,1.1020408163265305,1.0555555555555556,1.3829787234042554,54.5
NEG_KMN_AR_00589,0,33.83607795629508,-109.40179583649524,Arizona,133.0,123.0,131.0,127.0,122.0,101.0,1.065040650406504,1.040983606557377,0.968503937007874,1.316831683168317,122.83333333333331
NEG_KMN_AR_00590,0,34.65090799547652,-109.8362521311301,Arizona,83.0,77.0,78.0,74.0,71.0,68.0,1.0129870129870129,1.0422535211267605,1.0405405405405406,1.2205882352941178,75.16666666666667
NEG_KMN_AR_00591,0,34.35468726452073,-113.88475476790644,Arizona,103.0,99.0,102.0,99.0,96.0,88.0,1.0303030303030305,1.03125,1.0,1.1704545454545454,97.83333333333331
NEG_KMN_AR_00592,0,32.09028680166072,-110.51643950872057,Arizona,67.0,56.0,57.0,54.0,50.0,41.0,1.0178571428571428,1.08,1.037037037037037,1.6341463414634143,54.16666666666666
NEG_KMN_AR_00593,0,32.59444912343752,-114.34099480718612,Arizona,88.0,84.66666666666667,86.0,82.66666666666667,80.33333333333333,73.66666666666667,1.015748031496063,1.029045643153527,1.0241935483870968,1.1945701357466063,82.55555555555556
NEG_KMN_AR_00594,0,36.62276301937861,-109.15227999829534,Arizona,,,,,,,,,,,
NEG_KMN_AR_00595,0,33.76730693595884,-113.90200196763476,Arizona,134.0,130.0,137.5,133.0,128.5,97.5,1.0576923076923077,1.0350194552529184,0.9774436090225564,1.3743589743589744,126.75
NEG_KMN_AR_00596,0,34.662963618482465,-111.31682697818552,Arizona,98.5,102.5,103.5,97.5,98.5,97.5,1.0097560975609756,0.9898477157360406,1.051282051282051,1.0102564102564102,99.66666666666669
NEG_KMN_AR_00597,0,33.84552611363249,-111.00632943598885,Arizona,,,,,,,,,,,
NEG_KMN_AR_00598,0,31.897429447732623,-109.63545644598526,Arizona,,,,,,,,,,,
NEG_KMN_AR_00599,0,33.44179188145568,-111.6807190125096,Arizona,,,,,,,,,,,
NEG_KMN_AR_00600,0,33.85974283082237,-111.1827439284105,Arizona,180.0,154.0,179.0,156.0,167.0,145.0,1.1623376623376624,0.934131736526946,0.9871794871794872,1.2413793103448276,163.5
NEG_KMN_AR_00601,0,32.916019574195175,-110.39399911054625,Arizona,110.0,111.0,115.5,109.5,112.5,106.5,1.0405405405405406,0.9733333333333334,1.0136986301369864,1.0328638497652582,110.83333333333331
NEG_KMN_AR_00602,0,33.407503985851285,-112.04443195731494,Arizona,193.0,171.0,193.0,185.0,193.0,176.0,1.128654970760234,0.9585492227979274,0.9243243243243244,1.0965909090909092,185.16666666666663
NEG_KMN_AR_00603,0,34.813191839988576,-110.1828208675796,Arizona,105.0,100.0,104.0,100.5,96.5,80.5,1.04,1.0414507772020725,0.9950248756218906,1.3043478260869563,97.75
NEG_KMN_AR_00604,0,33.46431400661928,-113.10756919230664,Arizona,,,,,,,,,,,
NEG_KMN_AR_00605,0,34.8482132977318,-112.41879233361232,Arizona,123.0,122.0,125.0,119.0,127.0,130.0,1.024590163934426,0.937007874015748,1.0252100840336134,0.946153846153846,124.33333333333331
NEG_KMN_AR_00606,0,33.95884879206101,-112.69452883865466,Arizona,83.0,75.5,78.5,71.0,72.0,72.0,1.0397350993377483,0.9861111111111112,1.0633802816901408,1.1527777777777777,75.33333333333333
NEG_KMN_AR_00607,0,33.53746936811424,-113.97914958287696,Arizona,,,,,,,,,,,
NEG_KMN_AR_00608,0,33.5931394274297,-114.45076071532912,Arizona,,,,,,,,,,,
NEG_KMN_AR_00609,0,32.695033639919146,-114.40315677248869,Arizona,127.0,124.0,129.0,125.0,121.0,99.0,1.0403225806451613,1.033057851239669,0.992,1.2828282828282829,120.83333333333331
NEG_KMN_AR_00610,0,32.95380979987789,-113.74610950793311,Arizona,107.0,107.0,109.0,102.0,107.0,111.0,1.0186915887850467,0.9532710280373832,1.0490196078431373,0.963963963963964,107.16666666666669
NEG_KMN_AR_00611,0,33.75535258502791,-110.366348236029,Arizona,,,,,,,,,,,
NEG_KMN_AR_00612,0,35.40668862046766,-111.2788434317814,Arizona,,,,,,,,,,,
NEG_KMN_AR_00613,0,33.843481476159965,-113.81942296390952,Arizona,84.0,78.0,79.0,79.0,77.0,70.0,1.0128205128205128,1.025974025974026,0.9873417721518988,1.2,77.83333333333333
NEG_KMN_AR_00614,0,35.127808426181964,-109.39609737300184,Arizona,126.0,110.0,134.0,106.0,111.0,99.0,1.2181818181818185,0.954954954954955,1.0377358490566038,1.2727272727272727,114.33333333333331
NEG_KMN_AR_00615,0,33.80032515663772,-110.26487652515216,Arizona,70.0,62.0,64.0,57.0,52.0,45.0,1.032258064516129,1.0961538461538465,1.087719298245614,1.5555555555555556,58.333333333333336
NEG_KMN_AR_00616,0,33.14024165089314,-114.57593677476363,Arizona,75.0,70.0,73.0,66.0,68.0,66.0,1.042857142857143,0.9705882352941176,1.0606060606060606,1.1363636363636365,69.66666666666667
NEG_KMN_AR_00617,0,36.71904299193024,-113.75405286962518,Arizona,95.0,93.5,97.0,91.0,89.5,86.0,1.0374331550802138,1.0167597765363128,1.0274725274725274,1.1046511627906976,92.0
NEG_KMN_AR_00618,0,34.280742261355044,-113.07383704990308,Arizona,,,,,,,,,,,
NEG_KMN_AR_00619,0,35.02369133190511,-110.0034543345663,Arizona,,,156.0,,,,,,,,156.0
NEG_KMN_AR_00620,0,33.749402285473,-111.02830363393376,Arizona,80.5,80.0,83.5,76.0,80.0,85.5,1.04375,0.95,1.0526315789473684,0.9415204678362572,80.91666666666667
NEG_KMN_CA_00001,0,39.12995193217631,-120.53256616616898,California,85.66666666666667,63.66666666666666,68.0,60.0,57.66666666666666,56.333333333333336,1.068062827225131,1.0404624277456649,1.0611111111111111,1.5207100591715976,65.22222222222223
NEG_KMN_CA_00002,0,38.9051332690032,-121.19630064883312,California,,,,,,,,,,,
NEG_KMN_CA_00003,0,39.89356367858608,-121.91049693954584,California,59.0,43.0,47.5,43.0,39.5,39.0,1.1046511627906976,1.0886075949367089,1.0,1.5128205128205128,45.16666666666666
NEG_KMN_CA_00004,0,35.24295945400701,-116.89598301167712,California,86.75,84.0,87.75,83.25,80.75,71.5,1.0446428571428572,1.0309597523219811,1.009009009009009,1.2132867132867131,82.33333333333333
NEG_KMN_CA_00005,0,39.60233623353083,-120.12976630493876,California,123.25,125.75,130.75,124.0,127.0,114.25,1.0397614314115309,0.9763779527559056,1.0141129032258065,1.0787746170678336,124.16666666666669
NEG_KMN_CA_00006,0,41.93581115022451,-123.73413328180992,California,118.5,106.5,110.0,106.0,108.0,103.5,1.0328638497652582,0.9814814814814816,1.0047169811320755,1.144927536231884,108.75
NEG_KMN_CA_00007,0,37.46330050990161,-122.0191413805304,California,,,,,,,,,,,
NEG_KMN_CA_00008,0,35.13962054253173,-116.5607878636318,California,84.0,74.0,88.0,88.0,80.0,69.0,1.1891891891891893,1.1,0.8409090909090909,1.2173913043478262,80.5
NEG_KMN_CA_00009,0,38.93970819178808,-120.9787664890107,California,,,,,,,,,,,
NEG_KMN_CA_00010,0,41.890159152975656,-124.01049211728036,California,94.8,75.0,82.0,75.2,71.0,63.4,1.0933333333333333,1.059154929577465,0.9973404255319148,1.495268138801262,76.89999999999999
NEG_KMN_CA_00011,0,41.75846181934737,-121.59126599735735,California,109.0,103.0,110.0,105.0,111.0,100.0,1.0679611650485437,0.945945945945946,0.9809523809523808,1.09,106.33333333333331
NEG_KMN_CA_00012,0,37.79411539292843,-119.20578367307075,California,115.0,124.33333333333331,127.0,120.33333333333331,124.66666666666669,123.33333333333331,1.021447721179625,0.96524064171123,1.0332409972299168,0.9324324324324323,122.44444444444444
NEG_KMN_CA_00013,0,36.41499919211061,-118.0793716756658,California,38.4,29.7,30.9,26.4,25.0,25.0,1.0404040404040404,1.056,1.125,1.536,29.23333333333333
NEG_KMN_CA_00014,0,36.82275899880058,-119.06859225288132,California,76.0,75.0,79.0,73.0,76.0,84.0,1.0533333333333332,0.9605263157894736,1.0273972602739727,0.9047619047619048,77.16666666666667
NEG_KMN_CA_00015,0,33.24290462683527,-116.28927162584114,California,58.0,44.5,47.0,43.5,40.0,39.5,1.0561797752808988,1.0875,1.0229885057471264,1.4683544303797469,45.41666666666666
NEG_KMN_CA_00017,0,34.539899740394524,-118.17689458722612,California,,,,,,,,,,,
NEG_KMN_CA_00018,0,33.92663206525465,-117.78098376044022,California,,,,,,,,,,,
NEG_KMN_CA_00019,0,36.74609021794716,-119.49649017293144,California,53.0,48.0,59.0,61.0,51.0,46.0,1.2291666666666667,1.196078431372549,0.7868852459016393,1.1521739130434785,53.0
NEG_KMN_CA_00020,0,38.811828682845146,-122.26247529231568,California,60.0,41.0,44.0,38.0,35.0,35.0,1.0731707317073171,1.0857142857142856,1.0789473684210529,1.7142857142857142,42.16666666666666
NEG_KMN_CO_00001,0,37.73265081198272,-102.709847002797,Colorado,92.0,85.0,90.0,85.0,85.0,77.0,1.0588235294117647,1.0,1.0,1.1948051948051948,85.66666666666667
NEG_KMN_CO_00002,0,39.16632208168841,-106.54362367718984,Colorado,,,,,,,,,,,
NEG_KMN_CO_00003,0,39.40682634166307,-105.97316934324176,Colorado,89.0,86.0,103.0,107.0,97.0,87.0,1.197674418604651,1.1030927835051547,0.8037383177570093,1.0229885057471264,94.83333333333331
NEG_KMN_CO_00004,0,40.18669393391826,-102.11873056150988,Colorado,37.0,31.0,31.0,29.0,27.0,31.0,1.0,1.0740740740740742,1.0689655172413792,1.1935483870967742,31.0
NEG_KMN_CO_00005,0,38.14821770705324,-106.93289684088847,Colorado,87.5,64.5,70.5,61.5,58.5,57.5,1.0930232558139534,1.051282051282051,1.048780487804878,1.5217391304347827,66.66666666666667
NEG_KMN_CO_00006,0,38.06101008847816,-107.51461402058692,Colorado,84.0,65.0,71.5,63.5,62.5,61.5,1.1,1.016,1.0236220472440944,1.3658536585365857,68.0
NEG_KMN_CO_00007,0,40.56611565340403,-105.39257510401586,Colorado,134.0,119.0,133.0,126.0,127.0,115.0,1.1176470588235294,0.9921259842519684,0.9444444444444444,1.1652173913043478,125.66666666666669
NEG_KMN_CO_00008,0,39.32446253141234,-106.43236243631009,Colorado,,,,,,,,,,,
NEG_KMN_CO_00009,0,40.752179328768456,-106.8907008877643,Colorado,82.0,80.0,85.0,79.0,76.0,69.0,1.0625,1.0394736842105263,1.0126582278481011,1.1884057971014492,78.5
NEG_KMN_CO_00010,0,40.478526882809646,-107.73669059221857,Colorado,80.5,69.0,75.5,65.0,68.0,66.5,1.0942028985507246,0.9558823529411764,1.0615384615384615,1.2105263157894737,70.75
NEG_KMN_CO_00011,0,38.445359782128165,-108.8530741118186,Colorado,28.0,24.0,22.0,22.0,21.0,23.0,0.9166666666666666,1.0476190476190477,1.0909090909090908,1.2173913043478262,23.33333333333333
NEG_KMN_CO_00012,0,38.16686989822477,-108.04519926623033,Colorado,61.0,60.0,61.0,54.5,55.5,61.0,1.0166666666666666,0.981981981981982,1.1009174311926606,1.0,58.833333333333336
NEG_KMN_CO_00013,0,39.07805568706358,-103.49248105158672,Colorado,122.0,102.0,104.0,121.0,122.0,103.0,1.0196078431372548,0.9918032786885246,0.8429752066115702,1.1844660194174756,112.33333333333331
NEG_KMN_CO_00014,0,40.75839057385893,-107.78717852020054,Colorado,107.5,93.5,99.0,90.0,89.0,85.5,1.0588235294117647,1.0112359550561798,1.038888888888889,1.2573099415204678,94.08333333333331
NEG_KMN_CO_00015,0,39.461958767581,-107.07957194734036,Colorado,112.0,102.0,110.0,100.5,101.25,97.5,1.0784313725490196,0.9925925925925926,1.0149253731343284,1.1487179487179486,103.875
NEG_KMN_CO_00016,0,39.69980365375787,-105.0323294649067,Colorado,,,,,,,,,,,
NEG_KMN_CO_00017,0,40.7222774298687,-108.63861119522488,Colorado,,,,,,,,,,,
NEG_KMN_CO_00018,0,38.76749313513376,-108.73875880462572,Colorado,73.0,58.0,64.0,58.0,56.0,56.0,1.103448275862069,1.0357142857142858,1.0,1.3035714285714286,60.833333333333336
NEG_KMN_CO_00019,0,39.22053150493642,-105.4478740472722,Colorado,58.0,41.0,42.0,40.0,34.0,39.0,1.024390243902439,1.1764705882352942,1.025,1.4871794871794872,42.333333333333336
NEG_KMN_CO_00020,0,38.70123206523061,-108.79329818342978,Colorado,,,,,,,,,,,
NEG_KMN_CO_00021,0,38.351269314656015,-108.62804938379122,Colorado,,,,,,,,,,,
NEG_KMN_CO_00022,0,38.20171716110166,-104.55468179811204,Colorado,75.0,64.66666666666667,69.0,61.333333333333336,62.66666666666666,61.66666666666666,1.0670103092783505,0.9787234042553192,1.0543478260869563,1.2162162162162162,65.72222222222223
NEG_KMN_CO_00023,0,37.48409618631823,-104.15805150641955,Colorado,67.0,63.0,61.0,55.0,51.0,47.0,0.9682539682539684,1.0784313725490196,1.1454545454545455,1.425531914893617,57.333333333333336
NEG_KMN_CO_00024,0,39.33011481946779,-106.74262038167558,Colorado,107.0,92.5,101.5,65.0,68.5,65.5,1.0972972972972972,0.948905109489051,1.4230769230769231,1.633587786259542,83.33333333333333
NEG_KMN_CO_00025,0,38.03871490277584,-107.79791595350372,Colorado,89.0,78.0,81.0,80.0,73.0,63.0,1.0384615384615383,1.095890410958904,0.975,1.4126984126984128,77.33333333333333
NEG_KMN_CO_00026,0,38.79548729660417,-106.64291054496316,Colorado,51.0,50.0,50.0,43.0,38.0,40.0,1.0,1.131578947368421,1.162790697674419,1.275,45.333333333333336
NEG_KMN_CO_00027,0,39.66332175634421,-105.5256804285317,Colorado,48.0,38.0,40.0,35.666666666666664,33.333333333333336,37.333333333333336,1.0526315789473684,1.0699999999999998,1.0654205607476637,1.2857142857142856,38.72222222222222
NEG_KMN_CO_00028,0,38.56757725114214,-106.9974525234852,Colorado,74.0,67.0,78.0,81.0,74.0,67.0,1.164179104477612,1.0945945945945943,0.8271604938271605,1.1044776119402986,73.5
NEG_KMN_CO_00029,0,38.384907836772754,-109.04442396786352,Colorado,92.0,73.5,79.5,71.5,69.5,62.5,1.0816326530612246,1.0287769784172662,1.027972027972028,1.472,74.75
NEG_KMN_CO_00030,0,38.37973369299847,-108.54632316786244,Colorado,134.0,117.66666666666669,130.66666666666666,120.66666666666669,125.0,118.0,1.110481586402266,0.9653333333333334,0.9751381215469612,1.1355932203389831,124.33333333333331
NEG_KMN_CO_00031,0,37.79050082756476,-108.53718923092704,Colorado,70.0,75.0,81.0,65.0,60.0,58.0,1.08,1.0833333333333333,1.1538461538461535,1.206896551724138,68.16666666666667
NEG_KMN_CO_00032,0,38.296275101640965,-108.74260491034016,Colorado,54.0,53.0,53.0,51.0,46.0,44.0,1.0,1.108695652173913,1.03921568627451,1.2272727272727273,50.16666666666666
NEG_KMN_CO_00033,0,40.52153086104087,-105.22142369465035,Colorado,204.0,178.0,202.0,183.0,194.0,171.0,1.1348314606741574,0.9432989690721648,0.9726775956284152,1.1929824561403508,188.66666666666663
NEG_KMN_CO_00034,0,39.71108949879225,-104.8357469153541,Colorado,,,,,,,,,,,
NEG_KMN_CO_00035,0,38.64528473050386,-104.61599203480591,Colorado,89.0,84.0,91.0,88.0,88.0,79.0,1.0833333333333333,1.0,0.9545454545454546,1.1265822784810129,86.5
NEG_KMN_CO_00036,0,38.67579464591721,-106.5078280796643,Colorado,35.0,30.0,30.0,28.0,27.0,30.0,1.0,1.037037037037037,1.0714285714285714,1.1666666666666667,30.0
NEG_KMN_CO_00037,0,38.36249644145603,-108.93845512418416,Colorado,60.5,51.0,49.0,46.5,45.0,45.0,0.9607843137254902,1.0333333333333334,1.096774193548387,1.3444444444444446,49.5
NEG_KMN_CO_00038,0,39.83775675874767,-104.34937333023588,Colorado,124.25,108.75,117.25,106.5,107.25,100.0,1.07816091954023,0.993006993006993,1.0211267605633805,1.2425,110.66666666666669
NEG_KMN_CO_00039,0,38.30969316579112,-108.8786809008384,Colorado,,,,,,,,,,,
NEG_KMN_CO_00040,0,40.56472137327069,-104.98148512442413,Colorado,97.5,89.5,95.0,86.5,91.0,91.0,1.0614525139664803,0.9505494505494504,1.0346820809248556,1.0714285714285714,91.75
NEG_KMN_ID_00002,0,43.430950307773685,-111.33587918084606,Idaho,46.5,31.5,33.0,31.0,29.5,28.5,1.0476190476190477,1.0508474576271187,1.0161290322580645,1.631578947368421,33.333333333333336
NEG_KMN_ID_00003,0,47.45131494416093,-115.94332187759449,Idaho,,,,,,,,,,,
NEG_KMN_ID_00004,0,42.3105323988932,-114.89364332583784,Idaho,82.0,67.0,71.0,64.0,61.0,54.0,1.0597014925373134,1.0491803278688523,1.046875,1.5185185185185186,66.5
NEG_KMN_ID_00005,0,42.79058477746266,-114.8932165017876,Idaho,78.5,59.0,66.5,57.5,61.5,58.5,1.1271186440677967,0.934959349593496,1.0260869565217392,1.3418803418803418,63.583333333333336
NEG_KMN_ID_00006,0,44.27279216854976,-112.85906945560528,Idaho,85.0,79.0,83.0,73.0,74.0,76.0,1.0506329113924051,0.9864864864864864,1.082191780821918,1.118421052631579,78.33333333333333
NEG_KMN_ID_00007,0,43.73863238558173,-114.83318640706648,Idaho,62.0,56.0,59.0,54.0,54.0,58.0,1.0535714285714286,1.0,1.037037037037037,1.0689655172413792,57.16666666666666
NEG_KMN_ID_00008,0,42.39172538621073,-112.45644239769814,Idaho,72.0,49.0,48.0,45.0,39.0,38.0,0.979591836734694,1.1538461538461535,1.0888888888888888,1.894736842105263,48.5
NEG_KMN_ID_00009,0,44.271415362550535,-112.89378463965404,Idaho,,,,,,,,,,,
NEG_KMN_ID_00010,0,47.79404772638671,-115.92069147490014,Idaho,104.5,103.0,117.5,113.5,113.5,110.0,1.1407766990291262,1.0,0.9074889867841408,0.95,110.33333333333331
NEG_KMN_ID_00011,0,42.27579379613338,-111.32696483468736,Idaho,66.0,42.0,44.0,39.0,36.0,35.0,1.0476190476190477,1.0833333333333333,1.0769230769230769,1.8857142857142857,43.66666666666666
NEG_KMN_ID_00012,0,44.72014372945952,-114.10438845963016,Idaho,,,,,,,,,,,
NEG_KMN_ID_00014,0,45.02104966508276,-113.78584408977711,Idaho,,,,,,,,,,,
NEG_KMN_ID_00015,0,43.82543606428328,-111.90283339008325,Idaho,80.0,70.0,78.0,70.0,71.0,69.0,1.1142857142857143,0.9859154929577464,1.0,1.1594202898550725,73.0
NEG_KMN_ID_00016,0,47.1700866324903,-116.52659779387642,Idaho,51.0,44.0,46.66666666666666,46.0,46.0,46.66666666666666,1.0606060606060606,1.0,0.9565217391304348,1.092857142857143,46.72222222222222
NEG_KMN_ID_00017,0,47.9523901356314,-116.74547375399368,Idaho,,,,,,,,,,,
NEG_KMN_ID_00018,0,44.00406363512378,-114.73174076985038,Idaho,68.0,56.0,60.0,,,52.0,1.0714285714285714,,,1.3076923076923077,59.0
NEG_KMN_ID_00019,0,43.676210687224746,-116.38667453511624,Idaho,92.0,87.0,93.0,84.0,87.0,83.0,1.0689655172413792,0.9655172413793104,1.0357142857142858,1.108433734939759,87.66666666666667
NEG_KMN_ID_00020,0,43.62465892342593,-111.7262867929864,Idaho,81.0,71.0,77.0,69.0,68.0,67.0,1.0845070422535212,1.0147058823529411,1.0289855072463767,1.208955223880597,72.16666666666667
NEG_KMN_ID_00021,0,47.33674397593632,-115.96673755530674,Idaho,,,,,,,,,,,
NEG_KMN_ID_00022,0,48.1834665639792,-116.9112262610306,Idaho,92.0,67.0,71.0,64.0,62.0,57.0,1.0597014925373134,1.032258064516129,1.046875,1.6140350877192982,68.83333333333333
NEG_KMN_ID_00023,0,45.39613448639979,-114.64091177647674,Idaho,,,,,,,,,,,
NEG_KMN_ID_00024,0,43.743418975403,-114.50612440596524,Idaho,70.0,61.0,64.0,62.0,58.0,51.0,1.0491803278688523,1.0689655172413792,0.9838709677419356,1.3725490196078431,61.0
NEG_KMN_ID_00026,0,42.71259578863398,-114.562722047173,Idaho,,,,,,,,,,,
NEG_KMN_ID_00027,0,43.56988773623844,-116.7130409189088,Idaho,30.0,29.0,27.0,27.0,22.0,26.0,0.9310344827586208,1.2272727272727273,1.0740740740740742,1.1538461538461535,26.83333333333333
NEG_KMN_ID_00028,0,47.61802477883914,-116.75568749941256,Idaho,,,,,,,,,,,
NEG_KMN_ID_00029,0,47.57215935753441,-116.20844382290268,Idaho,59.5,53.0,54.5,50.0,52.0,53.0,1.028301886792453,0.9615384615384616,1.06,1.1226415094339623,53.66666666666666
NEG_KMN_ID_00031,0,45.38534462650509,-114.91121885823212,Idaho,63.0,49.0,51.0,45.0,42.0,43.0,1.0408163265306123,1.0714285714285714,1.0888888888888888,1.4651162790697674,48.833333333333336
NEG_KMN_ID_00032,0,42.61284724855659,-112.15415731229972,Idaho,,,,,,,,,,,
NEG_KMN_ID_00033,0,42.84112565008218,-116.06224915258304,Idaho,,,,,,,,,,,
NEG_KMN_ID_00034,0,48.0847883083074,-116.78735252462776,Idaho,86.0,73.0,79.5,71.0,71.5,64.5,1.0890410958904109,0.993006993006993,1.028169014084507,1.3333333333333333,74.25
NEG_KMN_ID_00035,0,42.95128907992044,-115.5345163292102,Idaho,,,,,,,,,,,
NEG_KMN_ID_00036,0,43.66608577745142,-114.0384956172274,Idaho,96.5,78.25,85.5,77.5,78.0,73.25,1.0926517571884984,0.9935897435897436,1.0096774193548388,1.31740614334471,81.5
NEG_KMN_ID_00037,0,47.90690520201518,-116.39486541766632,Idaho,37.0,32.0,32.0,28.666666666666668,27.33333333333333,30.33333333333333,1.0,1.048780487804878,1.1162790697674418,1.21978021978022,31.222222222222225
NEG_KMN_ID_00038,0,47.50694683448534,-115.87104469753808,Idaho,55.0,47.0,50.5,48.0,44.0,45.0,1.074468085106383,1.0909090909090908,0.9791666666666666,1.2222222222222223,48.25
NEG_KMN_ID_00039,0,44.172667226525625,-111.12023171663223,Idaho,218.0,194.0,225.0,172.0,193.0,195.0,1.1597938144329898,0.8911917098445595,1.127906976744186,1.117948717948718,199.5
NEG_KMN_ID_00040,0,42.20315988735207,-112.45818636394527,Idaho,,,,,,,,,,,
NEG_KMN_ID_00041,0,46.88060917902613,-116.72273407588705,Idaho,,,,,,,,,,,
NEG_KMN_ID_00042,0,44.42485228954276,-111.76058529053569,Idaho,71.66666666666667,58.0,63.333333333333336,54.66666666666666,55.66666666666666,55.0,1.091954022988506,0.9820359281437124,1.0609756097560976,1.3030303030303032,59.72222222222223
NEG_KMN_ID_00043,0,44.31504806050257,-112.6179421001478,Idaho,,,,,,,,,,,
NEG_KMN_ID_00044,0,42.828014909468656,-111.15642910104332,Idaho,,,,,,,,,,,
NEG_KMN_ID_00045,0,43.846940314425225,-113.08156943747484,Idaho,45.5,30.5,33.0,29.0,26.0,23.0,1.0819672131147542,1.1153846153846154,1.0517241379310345,1.9782608695652173,31.166666666666668
NEG_KMN_ID_00046,0,42.66982790868188,-111.39934427177263,Idaho,51.0,37.0,39.0,34.0,29.0,29.0,1.054054054054054,1.1724137931034482,1.088235294117647,1.7586206896551724,36.5
NEG_KMN_ID_00047,0,42.40216129002202,-111.51067381832536,Idaho,71.0,62.0,66.0,61.0,58.0,55.0,1.064516129032258,1.0517241379310345,1.0163934426229508,1.290909090909091,62.16666666666666
NEG_KMN_ID_00048,0,42.82880563249381,-116.03009145213356,Idaho,60.0,52.333333333333336,57.66666666666666,50.66666666666666,52.0,53.333333333333336,1.1019108280254777,0.9743589743589745,1.0328947368421053,1.125,54.33333333333332
NEG_KMN_ID_00049,0,43.48671911758426,-111.45758771973271,Idaho,,,,,,,,,,,
NEG_KMN_ID_00050,0,43.56359857080224,-114.50871120309284,Idaho,,,,,,,,,,,
NEG_KMN_MO_00001,0,45.17334309874376,-109.90545233197798,Montana,,,,,,,,,,,
NEG_KMN_MO_00002,0,45.28043339497991,-106.42553175721844,Montana,40.0,31.0,34.0,28.0,28.0,29.0,1.096774193548387,1.0,1.1071428571428572,1.3793103448275863,31.666666666666668
NEG_KMN_MO_00003,0,45.27687772671917,-112.73071792318046,Montana,55.0,50.0,65.0,68.0,55.0,49.0,1.3,1.2363636363636363,0.7352941176470589,1.1224489795918366,57.0
NEG_KMN_MO_00004,0,45.07036315017823,-111.82771989722642,Montana,,,,,,,,,,,
NEG_KMN_MO_00005,0,46.36166337543133,-114.2504289145922,Montana,55.0,36.0,36.0,34.0,29.0,31.0,1.0,1.1724137931034482,1.0588235294117647,1.7741935483870968,36.833333333333336
NEG_KMN_MO_00006,0,48.33230076463201,-114.79991680757348,Montana,,,,,,,,,,,
NEG_KMN_MO_00007,0,45.93809983385723,-113.208068715539,Montana,42.5,35.25,38.5,36.0,33.25,33.25,1.0921985815602837,1.0827067669172932,0.9791666666666666,1.2781954887218046,36.458333333333336
NEG_KMN_MO_00008,0,45.99343394412463,-111.87606502856188,Montana,72.0,52.0,56.0,50.0,45.0,42.0,1.0769230769230769,1.1111111111111112,1.04,1.7142857142857142,52.833333333333336
NEG_KMN_MO_00009,0,45.68207553398125,-108.55699317302764,Montana,,,,,,,,,,,
NEG_KMN_MO_00010,0,46.13447477179303,-111.83744476172012,Montana,103.0,92.0,100.0,91.0,92.0,88.0,1.0869565217391304,0.9891304347826086,1.010989010989011,1.1704545454545454,94.33333333333331
NEG_KMN_MO_00011,0,45.24670067000645,-111.70205332296364,Montana,106.0,90.0,98.0,91.0,86.0,69.0,1.0888888888888888,1.058139534883721,0.989010989010989,1.536231884057971,90.0
NEG_KMN_MO_00012,0,46.38036847161494,-110.57527327339318,Montana,82.5,65.0,73.0,65.5,63.0,58.5,1.123076923076923,1.0396825396825398,0.9923664122137404,1.4102564102564104,67.91666666666667
NEG_KMN_MO_00013,0,46.37863055823417,-113.22701738537398,Montana,87.0,64.0,67.0,65.0,59.0,52.0,1.046875,1.1016949152542372,0.9846153846153848,1.6730769230769231,65.66666666666667
NEG_KMN_MO_00014,0,46.53139626602572,-112.0478641552878,Montana,110.0,88.0,97.0,95.0,97.0,81.0,1.1022727272727273,0.979381443298969,0.9263157894736842,1.3580246913580247,94.66666666666669
NEG_KMN_MO_00015,0,46.424253204682,-113.22331819547333,Montana,78.5,63.0,68.5,62.5,58.0,53.0,1.0873015873015872,1.0775862068965518,1.008,1.481132075471698,63.91666666666666
NEG_KMN_MO_00016,0,45.12296327049447,-108.6762826190522,Montana,85.0,64.0,69.0,60.0,55.0,57.0,1.078125,1.0909090909090908,1.0666666666666669,1.4912280701754386,65.0
NEG_KMN_MO_00017,0,45.033043593364496,-109.62263865615569,Montana,94.0,73.0,81.0,70.0,67.0,64.0,1.1095890410958904,1.044776119402985,1.042857142857143,1.46875,74.83333333333333
NEG_KMN_MO_00018,0,47.893621911039496,-110.9985316975792,Montana,64.33333333333333,49.0,53.0,46.66666666666666,44.0,44.0,1.0816326530612246,1.0606060606060606,1.05,1.462121212121212,50.16666666666666
NEG_KMN_MO_00019,0,47.22531244617637,-111.70032006429574,Montana,50.333333333333336,39.0,41.333333333333336,37.333333333333336,36.333333333333336,36.0,1.0598290598290598,1.0275229357798166,1.044642857142857,1.398148148148148,40.05555555555557
NEG_KMN_MO_00020,0,45.87393164645479,-107.63414294930648,Montana,64.5,52.0,57.5,51.0,51.5,53.0,1.1057692307692308,0.9902912621359224,1.0196078431372548,1.2169811320754718,54.91666666666666
NEG_KMN_MO_00021,0,45.23495645746157,-112.16999891179944,Montana,64.5,51.5,57.0,51.0,49.0,47.0,1.1067961165048543,1.0408163265306123,1.0098039215686274,1.372340425531915,53.333333333333336
NEG_KMN_MO_00022,0,46.66481234981581,-112.92197872175252,Montana,77.0,61.0,70.0,64.0,61.0,56.0,1.147540983606557,1.0491803278688523,0.953125,1.375,64.83333333333333
NEG_KMN_MO_00023,0,45.017424927580265,-112.2803864491392,Montana,91.0,81.0,88.0,78.0,75.0,73.0,1.0864197530864197,1.04,1.0384615384615383,1.2465753424657535,81.0
NEG_KMN_MO_00024,0,45.0339546243662,-109.15677294847376,Montana,79.0,68.5,74.5,67.0,65.0,61.0,1.0875912408759123,1.0307692307692309,1.0223880597014925,1.2950819672131149,69.16666666666667
NEG_KMN_MO_00025,0,47.915931476875066,-112.16112080507004,Montana,50.5,41.5,44.5,37.0,34.5,34.5,1.072289156626506,1.072463768115942,1.1216216216216215,1.463768115942029,40.41666666666666
NEG_KMN_MO_00026,0,45.87083223313328,-110.59957640304792,Montana,73.0,59.0,63.0,56.0,52.0,45.0,1.0677966101694916,1.0769230769230769,1.0535714285714286,1.6222222222222222,58.0
NEG_KMN_MO_00027,0,45.00275318048596,-113.09938713658596,Montana,79.0,68.0,71.5,66.75,65.0,62.25,1.0514705882352942,1.0269230769230768,1.0187265917602997,1.2690763052208835,68.75
NEG_KMN_MO_00028,0,48.58120377233014,-110.19164074684328,Montana,88.0,74.0,79.0,70.0,68.0,66.0,1.0675675675675675,1.0294117647058822,1.0571428571428572,1.3333333333333333,74.16666666666667
NEG_KMN_MO_00029,0,46.56234068564658,-114.21100268745585,Montana,56.0,46.0,49.0,44.0,44.0,40.0,1.065217391304348,1.0,1.0454545454545454,1.4,46.5
NEG_KMN_MO_00030,0,47.203425857189714,-104.98604299530166,Montana,87.0,76.0,82.0,72.0,73.0,68.0,1.0789473684210529,0.9863013698630136,1.0555555555555556,1.2794117647058822,76.33333333333333
NEG_KMN_MO_00031,0,45.018816120503146,-113.41528918354264,Montana,58.0,43.0,44.0,40.0,35.0,33.0,1.0232558139534884,1.1428571428571428,1.075,1.7575757575757576,42.16666666666666
NEG_KMN_MO_00032,0,45.005046661244414,-108.1802551962744,Montana,43.333333333333336,35.333333333333336,37.0,33.333333333333336,32.333333333333336,33.666666666666664,1.0471698113207546,1.0309278350515465,1.06,1.2871287128712874,35.833333333333336
NEG_KMN_MO_00033,0,48.37960868196459,-114.54991601778045,Montana,91.0,67.5,73.5,65.0,61.5,57.5,1.0888888888888888,1.056910569105691,1.0384615384615383,1.582608695652174,69.33333333333333
NEG_KMN_MO_00034,0,47.9849770733364,-104.19868500715104,Montana,63.0,56.0,57.0,51.0,51.0,56.0,1.0178571428571428,1.0,1.0980392156862746,1.125,55.66666666666666
NEG_KMN_MO_00035,0,44.57922536342639,-112.22202613854222,Montana,43.5,37.5,42.0,41.0,37.5,37.5,1.12,1.0933333333333333,0.9146341463414634,1.16,39.833333333333336
NEG_KMN_MO_00036,0,45.35361982058306,-110.8074501998949,Montana,88.0,71.0,77.66666666666667,67.66666666666667,65.0,65.0,1.0938967136150235,1.041025641025641,1.0492610837438423,1.353846153846154,72.3888888888889
NEG_KMN_MO_00037,0,46.39415415528047,-113.22404031460344,Montana,58.5,46.5,52.5,46.5,46.0,45.0,1.1290322580645162,1.0108695652173914,1.0,1.3,49.16666666666666
NEG_KMN_MO_00038,0,46.1269935192358,-113.19139309247475,Montana,42.66666666666666,35.666666666666664,37.66666666666666,35.666666666666664,33.666666666666664,34.333333333333336,1.0560747663551402,1.0594059405940597,1.0,1.2427184466019416,36.61111111111111
NEG_KMN_MO_00039,0,46.851535444638806,-109.12255551805993,Montana,,,,,,,,,,,
NEG_KMN_MO_00040,0,45.555469318778094,-110.20323565399252,Montana,,,,,,,,,,,
NEG_KMN_NE_00001,0,37.43700364919641,-117.0983995603426,Nevada,,,,,,,,,,,
NEG_KMN_NE_00002,0,38.588719106864666,-117.31277984268434,Nevada,108.0,104.0,111.0,105.0,106.0,97.0,1.0673076923076923,0.9905660377358492,0.9904761904761904,1.11340206185567,105.16666666666669
NEG_KMN_NE_00003,0,38.74049751063984,-116.72763531818174,Nevada,,,,,,,,,,,
NEG_KMN_NE_00004,0,40.65166880915584,-117.441414988889,Nevada,89.0,88.0,91.0,84.0,86.0,84.0,1.0340909090909092,0.9767441860465116,1.0476190476190477,1.0595238095238095,87.0
NEG_KMN_NE_00005,0,36.570713973659565,-114.21089868038104,Nevada,,,,,,,,,,,
NEG_KMN_NE_00006,0,40.08860579748496,-118.32407057093268,Nevada,74.0,69.5,73.0,66.0,67.5,74.0,1.0503597122302155,0.9777777777777776,1.053030303030303,1.0,70.66666666666667
NEG_KMN_NE_00007,0,38.84058188520422,-114.2573320393933,Nevada,,,,,,,,,,,
NEG_KMN_NE_00008,0,39.460597498882215,-118.97012790015884,Nevada,127.66666666666669,117.0,120.0,120.33333333333331,119.33333333333331,103.33333333333331,1.0256410256410255,1.0083798882681565,0.9722991689750692,1.235483870967742,117.94444444444446
NEG_KMN_NE_00009,0,40.89955797649231,-116.65599712737412,Nevada,94.5,94.5,98.5,93.5,99.0,98.0,1.0423280423280423,0.9444444444444444,1.0106951871657754,0.9642857142857144,96.33333333333331
NEG_KMN_NE_00010,0,36.243530571127245,-115.8937304751484,Nevada,,,,,,,,,,,
NEG_KMN_NE_00011,0,39.05818388859196,-116.45196276223191,Nevada,58.5,57.0,59.5,53.0,56.0,59.5,1.043859649122807,0.9464285714285714,1.0754716981132075,0.9831932773109244,57.25
NEG_KMN_NE_00012,0,35.931583310934386,-114.89000907833088,Nevada,,,,,,,,,,,
NEG_KMN_NE_00013,0,40.79251785762778,-117.54940886952346,Nevada,76.5,82.0,85.0,80.0,86.5,90.5,1.0365853658536586,0.9248554913294798,1.025,0.8453038674033149,83.41666666666667
NEG_KMN_NE_00014,0,39.167843200286896,-119.78532431543726,Nevada,,,,,,,,,,,
NEG_KMN_NE_00015,0,38.58398504081957,-115.77979179974524,Nevada,,,,,,,,,,,
NEG_KMN_NE_00016,0,37.88543387694121,-117.94838904154768,Nevada,82.0,70.0,77.0,68.0,71.0,78.0,1.1,0.9577464788732394,1.0294117647058822,1.051282051282051,74.33333333333333
NEG_KMN_NE_00017,0,39.81944789434031,-118.76654606358602,Nevada,,,,,,,,,,,
NEG_KMN_NE_00018,0,39.9359925337274,-117.426045978447,Nevada,105.0,106.0,110.0,104.0,112.0,108.0,1.0377358490566038,0.9285714285714286,1.0192307692307692,0.9722222222222222,107.5
NEG_KMN_NE_00019,0,37.45784635101744,-114.60253800837154,Nevada,67.5,68.0,69.5,66.75,68.5,69.25,1.0220588235294117,0.9744525547445256,1.0187265917602997,0.9747292418772564,68.25
NEG_KMN_NE_00020,0,40.06330752447186,-117.91906478271312,Nevada,110.0,107.0,113.0,102.0,105.0,110.0,1.0560747663551402,0.9714285714285714,1.0490196078431373,1.0,107.83333333333331
NEG_KMN_NE_00021,0,37.72807386437233,-116.66432899648532,Nevada,74.0,74.0,80.0,71.0,73.0,77.0,1.0810810810810811,0.9726027397260274,1.0422535211267605,0.961038961038961,74.83333333333333
NEG_KMN_NE_00022,0,36.84791921647187,-116.59515168922304,Nevada,98.0,97.5,103.0,95.0,101.0,100.0,1.0564102564102564,0.9405940594059404,1.0263157894736843,0.98,99.08333333333331
NEG_KMN_NE_00023,0,40.272578657813376,-116.56747909522574,Nevada,65.0,61.0,65.0,57.0,59.0,64.0,1.0655737704918034,0.9661016949152542,1.0701754385964912,1.015625,61.833333333333336
NEG_KMN_NE_00024,0,39.38084399204592,-119.86718993291696,Nevada,106.5,106.5,111.5,107.75,108.25,104.75,1.0469483568075115,0.9953810623556582,0.988399071925754,1.0167064439140812,107.54166666666669
NEG_KMN_NE_00025,0,40.2427396968352,-116.5969214997175,Nevada,98.5,95.5,103.5,96.0,101.5,98.0,1.0837696335078535,0.9458128078817734,0.9947916666666666,1.0051020408163265,98.83333333333331
NEG_KMN_NE_00026,0,40.1175468529544,-118.07631505641064,Nevada,103.0,100.0,106.0,94.0,100.5,104.0,1.06,0.9353233830845772,1.0638297872340423,0.9903846153846154,101.25
NEG_KMN_NE_00027,0,40.17405847150695,-118.09129022958626,Nevada,84.66666666666667,79.66666666666667,82.66666666666667,76.66666666666667,78.66666666666667,77.0,1.0376569037656904,0.9745762711864406,1.0391304347826087,1.0995670995670996,79.8888888888889
NEG_KMN_NE_00028,0,37.972934353849965,-114.34671259018596,Nevada,,,,,,,,,,,
NEG_KMN_NE_00029,0,38.61293579169898,-118.30267427018627,Nevada,70.0,61.0,67.0,62.0,64.0,66.0,1.098360655737705,0.96875,0.9838709677419356,1.0606060606060606,65.0
NEG_KMN_NE_00030,0,38.339346583243184,-116.4202963654061,Nevada,118.5,118.5,125.25,112.0,125.0,121.25,1.0569620253164558,0.896,1.0580357142857142,0.977319587628866,120.08333333333331
NEG_KMN_NE_00031,0,38.60668291511491,-116.54037450468758,Nevada,63.0,62.0,62.0,58.0,61.0,66.0,1.0,0.9508196721311476,1.0689655172413792,0.9545454545454546,62.0
NEG_KMN_NE_00032,0,39.13258327267536,-117.94903925019833,Nevada,,,,,,,,,,,
NEG_KMN_NE_00033,0,41.44361631349644,-117.6795439301219,Nevada,106.0,104.0,109.0,102.0,103.0,98.0,1.0480769230769231,0.9902912621359224,1.0196078431372548,1.0816326530612246,103.66666666666669
NEG_KMN_NE_00034,0,37.078621796563056,-116.02146574774508,Nevada,100.5,100.0,102.5,97.5,102.5,105.5,1.025,0.951219512195122,1.0256410256410255,0.95260663507109,101.41666666666669
NEG_KMN_NE_00035,0,37.99397555765868,-118.16914993504014,Nevada,,,,,,,,,,,
NEG_KMN_NE_00036,0,39.08389272374897,-117.31047956097416,Nevada,,,,,,,,,,,
NEG_KMN_NE_00037,0,41.135980727611006,-116.17546445741108,Nevada,162.0,156.5,164.0,156.0,153.5,125.0,1.047923322683706,1.01628664495114,1.0032051282051282,1.296,152.83333333333334
NEG_KMN_NE_00039,0,41.40280756747816,-117.46319466648151,Nevada,87.0,86.0,89.0,84.0,86.0,82.0,1.0348837209302326,0.9767441860465116,1.0238095238095235,1.0609756097560976,85.66666666666667
NEG_KMN_NE_00040,0,40.35052009051782,-118.9603968644892,Nevada,81.0,84.0,88.0,82.0,89.0,93.0,1.0476190476190477,0.9213483146067416,1.024390243902439,0.8709677419354839,86.16666666666667
NEG_KMN_NE_00041,0,39.660118724280416,-117.0601278859587,Nevada,49.0,46.0,49.0,44.0,45.0,52.0,1.065217391304348,0.9777777777777776,1.0454545454545454,0.9423076923076924,47.5
NEG_KMN_NE_00042,0,41.84006196548648,-117.40925240454663,Nevada,,,,,,,,,,,
NEG_KMN_NE_00043,0,39.69513266792329,-115.30909534112322,Nevada,,,,,,,,,,,
NEG_KMN_NE_00044,0,39.344498846330026,-119.84400950757976,Nevada,,,,,,,,,,,
NEG_KMN_NE_00045,0,37.72147811730558,-114.52043320482068,Nevada,52.0,48.0,49.0,45.0,45.0,53.0,1.0208333333333333,1.0,1.0666666666666669,0.981132075471698,48.66666666666666
NEG_KMN_NE_00046,0,41.89462214731169,-119.36864599933551,Nevada,75.0,72.0,76.75,71.5,71.5,70.75,1.0659722222222223,1.0,1.006993006993007,1.060070671378092,72.91666666666667
NEG_KMN_NE_00047,0,38.90580635056072,-119.62614719833994,Nevada,,,,,,,,,,,
NEG_KMN_NE_00048,0,35.8552740456612,-115.45184303088774,Nevada,55.0,49.75,50.5,47.25,46.5,50.25,1.015075376884422,1.0161290322580645,1.052910052910053,1.0945273631840795,49.875
NEG_KMN_NE_00050,0,39.43504841050885,-118.97122345698278,Nevada,52.5,50.0,50.0,48.0,48.5,53.5,1.0,0.9896907216494846,1.0416666666666667,0.9813084112149532,50.41666666666666
NEG_KMN_NE_00051,0,40.09682028411398,-116.28889427079116,Nevada,61.42857142857143,55.57142857142857,57.57142857142857,54.285714285714285,52.71428571428572,55.42857142857143,1.0359897172236503,1.029810298102981,1.0236842105263158,1.1082474226804124,56.16666666666666
NEG_KMN_NE_00052,0,38.570374029659845,-116.24611990499454,Nevada,,,,,,,,,,,
NEG_KMN_NE_00053,0,39.662698599112446,-117.95991569252396,Nevada,95.0,91.0,95.0,87.0,91.0,92.0,1.043956043956044,0.956043956043956,1.0459770114942528,1.0326086956521738,91.83333333333331
NEG_KMN_NE_00054,0,38.72491556022815,-115.0605966638276,Nevada,53.0,49.0,53.0,47.0,48.0,47.0,1.0816326530612246,0.9791666666666666,1.0425531914893618,1.127659574468085,49.5
NEG_KMN_NE_00055,0,36.18309906882447,-115.57254042522352,Nevada,59.0,58.0,61.0,56.0,58.0,63.0,1.0517241379310345,0.9655172413793104,1.0357142857142858,0.9365079365079364,59.16666666666666
NEG_KMN_NE_00056,0,38.13816091113815,-115.47102225062132,Nevada,,,,,,,,,,,
NEG_KMN_NE_00057,0,38.669509033837,-118.41189194149706,Nevada,78.0,82.0,84.0,81.0,87.0,87.0,1.024390243902439,0.9310344827586208,1.0123456790123455,0.896551724137931,83.16666666666667
NEG_KMN_NE_00058,0,38.3153186278063,-118.72641147868649,Nevada,17.0,19.0,18.0,17.0,17.0,20.0,0.9473684210526316,1.0,1.1176470588235294,0.85,18.0
NEG_KMN_NE_00059,0,39.20010807402356,-119.77249308483192,Nevada,,,,,,,,,,,
NEG_KMN_NE_00060,0,39.0026753954196,-114.59175729460304,Nevada,,,,,,,,,,,
NEG_KMN_NE_00061,0,39.81215127587677,-116.6989059634895,Nevada,,,,,,,,,,,
NEG_KMN_NE_00062,0,38.17279218448149,-117.726657311174,Nevada,,,,,,,,,,,
NEG_KMN_NE_00063,0,39.25131051695983,-115.50137854669782,Nevada,69.0,70.0,73.0,,,,1.042857142857143,,,,70.66666666666667
NEG_KMN_NE_00064,0,38.6673374801518,-116.6283841640842,Nevada,53.0,53.0,55.0,49.0,49.0,54.0,1.0377358490566038,1.0,1.0816326530612246,0.9814814814814816,52.16666666666666
NEG_KMN_NE_00065,0,39.332168089249656,-118.87265806783154,Nevada,57.0,53.0,54.0,49.0,50.0,56.0,1.018867924528302,0.98,1.0816326530612246,1.0178571428571428,53.16666666666666
NEG_KMN_NE_00066,0,41.125922291682976,-116.6859685668905,Nevada,105.66666666666669,102.33333333333331,109.33333333333331,101.66666666666669,107.33333333333331,102.66666666666669,1.0684039087947883,0.9472049689440994,1.0065573770491802,1.0292207792207793,104.83333333333331
NEG_KMN_NE_00067,0,40.44668822481902,-116.91307661241234,Nevada,91.0,77.0,82.0,70.0,72.0,75.0,1.0649350649350648,0.9722222222222222,1.1,1.2133333333333334,77.83333333333333
NEG_KMN_NE_00068,0,40.73410110679653,-116.72315452966274,Nevada,91.25,88.75,92.75,88.75,91.0,86.5,1.0450704225352112,0.9752747252747253,1.0,1.0549132947976878,89.83333333333333
NEG_KMN_NE_00069,0,38.9048324521153,-114.26018507725335,Nevada,71.0,68.0,73.0,66.0,69.0,73.0,1.0735294117647058,0.9565217391304348,1.0303030303030305,0.9726027397260274,70.0
NEG_KMN_NE_00070,0,41.23269555293502,-116.2767711550148,Nevada,106.0,106.0,116.5,113.5,115.75,113.5,1.099056603773585,0.980561555075594,0.933920704845815,0.933920704845815,111.875
NEG_KMN_NE_00071,0,37.34696838726597,-117.28006046929796,Nevada,,,,,,,,,,,
NEG_KMN_NE_00072,0,41.68874799966153,-115.27011598487218,Nevada,,,,,,,,,,,
NEG_KMN_NE_00073,0,40.112393467373,-118.23716745268928,Nevada,10.5,11.5,9.0,11.5,9.5,13.5,0.782608695652174,1.2105263157894737,1.0,0.7777777777777778,10.916666666666666
NEG_KMN_NE_00074,0,37.12235915872407,-117.14008481513032,Nevada,104.0,101.0,107.0,98.0,102.0,101.0,1.0594059405940597,0.9607843137254902,1.030612244897959,1.0297029702970295,102.16666666666669
NEG_KMN_NE_00075,0,37.39773550005152,-117.5125473904468,Nevada,97.0,94.0,99.0,90.0,92.0,96.5,1.053191489361702,0.9782608695652174,1.0444444444444445,1.005181347150259,94.75
NEG_KMN_NE_00076,0,37.95116957402477,-118.44468661176762,Nevada,,,,,,,,,,,
NEG_KMN_NE_00077,0,40.676162226947405,-119.45864971497792,Nevada,85.0,86.0,87.0,84.0,89.0,88.0,1.0116279069767442,0.9438202247191012,1.0238095238095235,0.9659090909090908,86.5
NEG_KMN_NE_00078,0,40.554131427643824,-116.40181560692298,Nevada,,,,,,,,,,,
NEG_KMN_NE_00079,0,36.88759899608503,-117.04145479361269,Nevada,93.0,89.0,93.0,85.0,89.0,93.0,1.0449438202247192,0.9550561797752808,1.0470588235294118,1.0,90.33333333333331
NEG_KMN_NE_00080,0,38.26543749916975,-117.14930181698868,Nevada,,,,,,,,,,,
NEG_KMN_NE_00081,0,38.90353990897199,-119.78009122000516,Nevada,105.25,94.5,95.25,88.75,95.5,89.5,1.007936507936508,0.9293193717277488,1.064788732394366,1.175977653631285,94.79166666666669
NEG_KMN_NE_00082,0,37.55880118584824,-115.02485426626026,Nevada,59.0,54.0,57.0,52.0,54.0,62.0,1.0555555555555556,0.9629629629629628,1.0384615384615383,0.9516129032258064,56.333333333333336
NEG_KMN_NE_00083,0,39.397399815495255,-119.26575864580316,Nevada,,,,,,,,,,,
NEG_KMN_NE_00084,0,40.4207914599364,-118.75440900920456,Nevada,124.0,118.0,125.0,117.0,119.0,110.66666666666669,1.0593220338983051,0.9831932773109244,1.0085470085470083,1.120481927710843,118.94444444444444
NEG_KMN_NE_00085,0,37.0375461861185,-116.7180263333297,Nevada,,,,,,,,,,,
NEG_KMN_NE_00086,0,40.302247585494506,-118.73168617703692,Nevada,,,,,,,,,,,
NEG_KMN_NE_00087,0,41.153539264025525,-114.4567330398121,Nevada,69.0,65.0,71.0,62.0,65.0,71.0,1.0923076923076922,0.953846153846154,1.0483870967741935,0.971830985915493,67.16666666666667
NEG_KMN_NE_00088,0,39.05284924582054,-118.63212479285926,Nevada,93.66666666666669,92.0,96.66666666666669,88.33333333333333,95.0,91.66666666666669,1.0507246376811594,0.9298245614035088,1.041509433962264,1.0218181818181815,92.8888888888889
NEG_KMN_NE_00089,0,41.07326259742947,-116.26759669036596,Nevada,80.0,75.0,79.0,72.0,72.0,80.0,1.0533333333333332,1.0,1.0416666666666667,1.0,76.33333333333333
NEG_KMN_NE_00090,0,37.876919091292265,-114.45875362336112,Nevada,88.0,77.0,82.0,71.0,75.0,79.0,1.0649350649350648,0.9466666666666668,1.0845070422535212,1.1139240506329111,78.66666666666667
NEG_KMN_NE_00091,0,39.6542843782848,-118.71551758780925,Nevada,73.0,67.0,71.0,61.0,62.0,71.0,1.0597014925373134,0.9838709677419356,1.098360655737705,1.028169014084507,67.5
NEG_KMN_NE_00092,0,37.49714792947067,-115.26376835467272,Nevada,,,,,,,,,,,
NEG_KMN_NE_00093,0,40.029591436508525,-117.58593475211217,Nevada,,,,,,,,,,,
NEG_KMN_NE_00094,0,40.61869064180576,-116.40273326232044,Nevada,92.0,94.0,95.0,90.0,96.0,91.0,1.0106382978723405,0.9375,1.0444444444444445,1.010989010989011,93.0
NEG_KMN_NE_00095,0,41.323050649187664,-115.27781496670592,Nevada,82.0,77.5,83.5,74.5,77.5,78.0,1.0774193548387097,0.9612903225806452,1.0402684563758389,1.051282051282051,78.83333333333333
NEG_KMN_NE_00096,0,41.18955339188145,-117.9941888236907,Nevada,,,,,,,,,,,
NEG_KMN_NE_00097,0,38.01268449521788,-115.28659674499914,Nevada,92.33333333333331,91.0,98.33333333333331,90.0,90.66666666666669,89.33333333333333,1.0805860805860803,0.9926470588235292,1.011111111111111,1.0335820895522387,91.94444444444444
NEG_KMN_NE_00098,0,40.867909838974455,-115.89938165708372,Nevada,79.5,73.5,80.5,71.5,73.5,74.5,1.0952380952380951,0.9727891156462584,1.027972027972028,1.0671140939597314,75.5
NEG_KMN_NE_00100,0,39.892046553733486,-119.74370224618735,Nevada,64.0,60.0,64.0,60.0,61.0,60.0,1.0666666666666669,0.9836065573770492,1.0,1.0666666666666669,61.5
NEG_KMN_NE_00101,0,41.35939266327487,-119.1741847253839,Nevada,72.0,65.0,68.0,64.0,65.0,67.0,1.0461538461538462,0.9846153846153848,1.015625,1.0746268656716418,66.83333333333333
NEG_KMN_NE_00102,0,41.85994569818576,-117.93264099567948,Nevada,,,,,,,,,,,
NEG_KMN_NE_00103,0,39.35542259406319,-118.13536367104903,Nevada,,,,,,,,,,,
NEG_KMN_NE_00104,0,37.94357194741137,-118.1263437383452,Nevada,74.6,71.6,78.8,75.0,73.4,72.4,1.100558659217877,1.0217983651226157,0.9546666666666666,1.0303867403314917,74.3
NEG_KMN_NE_00105,0,40.36011764567265,-116.90176276481486,Nevada,,,,,,,,,,,
NEG_KMN_NE_00106,0,38.02310499200824,-114.94536882084026,Nevada,77.0,78.0,81.0,75.0,78.0,79.0,1.0384615384615383,0.9615384615384616,1.04,0.9746835443037974,78.0
NEG_KMN_NE_00107,0,38.465141821740325,-118.94173210545227,Nevada,124.0,118.66666666666669,125.33333333333331,119.0,114.0,94.66666666666669,1.0561797752808988,1.043859649122807,0.9971988795518208,1.3098591549295775,115.94444444444444
NEG_KMN_NE_00108,0,39.795080683510825,-119.9505347773408,Nevada,64.0,60.0,61.0,57.0,59.0,63.0,1.0166666666666666,0.9661016949152542,1.0526315789473684,1.0158730158730158,60.66666666666666
NEG_KMN_NE_00109,0,37.984851809024335,-118.43740154961756,Nevada,,,,,,,,,,,
NEG_KMN_NE_00110,0,37.83515289176067,-117.7587856548007,Nevada,,,,,,,,,,,
NEG_KMN_NE_00111,0,41.46302173290906,-119.26997819517118,Nevada,,,,,,,,,,,
NEG_KMN_NE_00112,0,41.06089226539418,-116.59535988017336,Nevada,,,,,,,,,,,
NEG_KMN_NE_00113,0,40.08722993222784,-117.4681602646814,Nevada,72.25,75.5,77.0,72.0,72.75,75.5,1.0198675496688745,0.9896907216494846,1.0486111111111112,0.956953642384106,74.16666666666667
NEG_KMN_NE_00114,0,40.43265716896884,-116.6253403048944,Nevada,93.0,89.0,95.0,86.0,92.0,92.0,1.0674157303370786,0.9347826086956522,1.0348837209302326,1.0108695652173914,91.16666666666669
NEG_KMN_NE_00115,0,35.840480047779465,-114.87563061366706,Nevada,72.0,71.0,75.0,67.0,71.0,77.0,1.056338028169014,0.943661971830986,1.0597014925373134,0.935064935064935,72.16666666666667
NEG_KMN_NE_00116,0,37.41761393428177,-117.72414131577898,Nevada,102.75,97.0,106.0,98.75,98.75,96.25,1.092783505154639,1.0,0.9822784810126582,1.0675324675324676,99.91666666666669
NEG_KMN_NE_00117,0,37.5459863685793,-117.36582977844591,Nevada,65.0,67.0,68.0,61.0,64.0,71.0,1.0149253731343284,0.953125,1.098360655737705,0.9154929577464788,66.0
NEG_KMN_NE_00118,0,37.878594618766186,-114.61990593678894,Nevada,69.0,65.0,71.0,61.0,65.0,71.0,1.0923076923076922,0.9384615384615383,1.0655737704918034,0.971830985915493,67.0
NEG_KMN_NE_00119,0,36.148050231858925,-115.72807126537516,Nevada,87.2,88.2,91.2,86.4,89.0,83.6,1.034013605442177,0.9707865168539328,1.0208333333333333,1.043062200956938,87.60000000000001
NEG_KMN_NE_00121,0,38.48416495278843,-116.52480757768308,Nevada,117.5,116.5,124.75,118.0,124.5,115.75,1.0708154506437768,0.9477911646586346,0.9872881355932204,1.0151187904967602,119.5
NEG_KMN_NE_00122,0,40.90154131427215,-117.1863074445876,Nevada,93.5,89.0,94.0,86.0,95.5,97.0,1.0561797752808988,0.900523560209424,1.0348837209302326,0.963917525773196,92.5
NEG_KMN_NE_00123,0,39.02672871234687,-114.57307401756032,Nevada,98.0,92.33333333333331,98.33333333333331,91.0,86.0,84.0,1.0649819494584838,1.058139534883721,1.0146520146520146,1.1666666666666667,91.6111111111111
NEG_KMN_NE_00124,0,36.06810013396049,-115.04350075573797,Nevada,70.0,73.0,77.0,72.0,78.0,77.0,1.0547945205479452,0.9230769230769232,1.0138888888888888,0.9090909090909092,74.5
NEG_KMN_NE_00125,0,40.09714600098202,-119.92991173611152,Nevada,,,,,,,,,,,
NEG_KMN_NE_00126,0,39.96369979282118,-118.3637610758854,Nevada,,,,,,,,,,,
NEG_KMN_NE_00127,0,40.57347240211431,-116.54782605619728,Nevada,82.0,83.0,89.0,85.0,91.0,93.0,1.072289156626506,0.934065934065934,0.976470588235294,0.8817204301075269,87.16666666666667
NEG_KMN_NE_00128,0,36.01756556735673,-115.328870735289,Nevada,62.0,54.0,61.0,53.0,51.0,51.0,1.1296296296296295,1.03921568627451,1.018867924528302,1.2156862745098038,55.333333333333336
NEG_KMN_NE_00129,0,39.06228142835066,-118.85179628871016,Nevada,,,,,,,,,,,
NEG_KMN_NE_00130,0,38.454444793464,-118.36022621035664,Nevada,51.0,49.0,52.0,44.0,45.0,50.0,1.0612244897959184,0.9777777777777776,1.1136363636363635,1.02,48.5
NEG_KMN_NE_00131,0,37.89996486398998,-117.85025337540554,Nevada,83.0,70.66666666666667,74.33333333333333,68.66666666666667,68.66666666666667,69.0,1.05188679245283,1.0,1.029126213592233,1.2028985507246377,72.3888888888889
NEG_KMN_NE_00132,0,39.96932351490032,-119.84786779670162,Nevada,64.5,55.0,57.0,52.5,49.0,52.5,1.0363636363636364,1.0714285714285714,1.0476190476190477,1.2285714285714286,55.083333333333336
NEG_KMN_NE_00133,0,38.87396618146551,-116.94030764931068,Nevada,80.0,79.0,85.0,76.0,81.0,84.0,1.0759493670886076,0.9382716049382716,1.0394736842105263,0.9523809523809524,80.83333333333333
NEG_KMN_NE_00134,0,36.10722933075781,-114.8914117352112,Nevada,116.0,109.0,113.0,105.0,99.0,87.0,1.036697247706422,1.0606060606060606,1.0380952380952382,1.3333333333333333,104.83333333333331
NEG_KMN_NE_00135,0,40.7027720711588,-118.13138076168208,Nevada,105.33333333333331,101.33333333333331,106.0,98.33333333333331,96.66666666666669,86.33333333333333,1.0460526315789471,1.0172413793103448,1.0305084745762711,1.22007722007722,99.0
NEG_KMN_NE_00136,0,38.83174563234208,-114.14900128374614,Nevada,123.5,114.25,124.0,113.75,118.75,114.0,1.0853391684901532,0.9578947368421052,1.0043956043956044,1.0833333333333333,118.04166666666669
NEG_KMN_NE_00137,0,41.12932183553126,-114.65058908174171,Nevada,62.5,65.5,69.0,62.0,66.0,73.5,1.0534351145038168,0.9393939393939394,1.0564516129032258,0.8503401360544217,66.41666666666667
NEG_KMN_NE_00138,0,39.14058719734523,-114.74210678563452,Nevada,,,,,,,,,,,
NEG_KMN_NE_00139,0,39.77144018611597,-114.86184636610044,Nevada,,,,,,,,,,,
NEG_KMN_NE_00140,0,40.04203492250593,-116.82821299432504,Nevada,,,,,,,,,,,
NEG_KMN_NE_00141,0,41.35500448523843,-117.58199195998822,Nevada,148.0,144.66666666666666,151.33333333333334,139.0,135.0,125.33333333333331,1.046082949308756,1.0296296296296297,1.040767386091127,1.180851063829787,140.55555555555557
NEG_KMN_NE_00142,0,40.19206119880137,-119.24660337992964,Nevada,123.0,118.5,127.0,114.0,119.0,118.5,1.0717299578059072,0.957983193277311,1.0394736842105263,1.0379746835443038,120.0
NEG_KMN_NE_00143,0,40.88437851698089,-117.9883164215139,Nevada,68.25,67.75,71.25,68.0,68.5,69.25,1.051660516605166,0.9927007299270072,0.9963235294117648,0.9855595667870036,68.83333333333333
NEG_KMN_NE_00144,0,40.80429310271232,-117.58932185779828,Nevada,,,,,,,,,,,
NEG_KMN_NE_00145,0,39.03635376079008,-118.2437244647981,Nevada,74.0,74.0,76.0,70.0,74.0,82.0,1.027027027027027,0.945945945945946,1.0571428571428572,0.902439024390244,75.0
NEG_KMN_NE_00146,0,38.51750995204342,-118.4157763169552,Nevada,,,,,,,,,,,
NEG_KMN_NE_00147,0,40.201090407144186,-118.20027119300757,Nevada,149.5,143.5,151.0,144.5,140.5,115.0,1.0522648083623694,1.0284697508896796,0.9930795847750864,1.3,140.66666666666666
NEG_KMN_NE_00148,0,40.65959768652219,-114.39517822158456,Nevada,78.0,76.0,78.0,74.0,76.0,80.0,1.0263157894736843,0.9736842105263158,1.027027027027027,0.975,77.0
NEG_KMN_NE_00149,0,38.274739078911686,-118.39509310639266,Nevada,,,,,,,,,,,
NEG_KMN_NE_00150,0,41.21356706213103,-116.32032177325176,Nevada,103.5,99.25,103.75,100.0,103.5,93.5,1.0453400503778338,0.966183574879227,0.9925,1.106951871657754,100.58333333333331
NEG_KMN_NE_00151,0,38.53900399795709,-117.74981374801216,Nevada,19.0,23.0,22.0,22.0,18.0,24.0,0.9565217391304348,1.2222222222222223,1.0454545454545454,0.7916666666666666,21.33333333333333
NEG_KMN_NE_00152,0,39.82903520777949,-117.83755576764167,Nevada,85.0,81.5,84.0,77.5,81.0,91.5,1.030674846625767,0.9567901234567902,1.0516129032258064,0.9289617486338798,83.41666666666667
NEG_KMN_NE_00153,0,39.93898656359501,-117.72966220593798,Nevada,101.0,91.0,96.0,88.0,91.0,94.0,1.054945054945055,0.967032967032967,1.0340909090909092,1.074468085106383,93.5
NEG_KMN_NE_00154,0,38.07734453176217,-116.16539339315324,Nevada,89.0,81.5,82.0,77.5,79.5,83.5,1.0061349693251531,0.9748427672955976,1.0516129032258064,1.065868263473054,82.16666666666667
NEG_KMN_NE_00155,0,39.66369813958305,-116.11601419912604,Nevada,70.0,70.0,73.0,68.0,71.0,76.0,1.042857142857143,0.9577464788732394,1.0294117647058822,0.9210526315789472,71.33333333333333
NEG_KMN_NE_00156,0,36.190455387831136,-115.57960922640052,Nevada,142.5,130.5,137.5,127.5,121.5,105.0,1.053639846743295,1.0493827160493827,1.0235294117647058,1.3571428571428572,127.41666666666669
NEG_KMN_NE_00157,0,40.38452088557791,-118.8226666603681,Nevada,63.5,59.0,60.5,42.0,58.5,62.0,1.0254237288135593,0.717948717948718,1.4047619047619049,1.0241935483870968,57.583333333333336
NEG_KMN_NE_00158,0,38.75895708151784,-117.70677117229992,Nevada,85.5,86.0,85.0,80.0,84.5,89.5,0.9883720930232558,0.9467455621301776,1.075,0.9553072625698324,85.08333333333333
NEG_KMN_NE_00159,0,38.017213650107934,-117.31986293019531,Nevada,,,,,,,,,,,
NEG_KMN_NE_00160,0,40.1289806032398,-116.21100992147768,Nevada,24.0,25.0,25.0,24.0,21.0,27.0,1.0,1.1428571428571428,1.0416666666666667,0.8888888888888888,24.33333333333333
NEG_KMN_NE_00161,0,41.27441436558189,-116.31800115048476,Nevada,77.33333333333333,75.66666666666667,83.33333333333333,78.0,78.66666666666667,78.0,1.1013215859030836,0.9915254237288136,0.9700854700854702,0.9914529914529914,78.5
NEG_KMN_NE_00162,0,37.25267039252773,-117.50037125067252,Nevada,65.0,62.0,64.0,57.0,58.0,63.0,1.032258064516129,0.9827586206896552,1.087719298245614,1.031746031746032,61.5
NEG_KMN_NE_00163,0,38.76945119707769,-118.3049533573286,Nevada,,,,,,,,,,,
NEG_KMN_NE_00166,0,35.788940469247905,-114.8326118893092,Nevada,118.66666666666669,111.0,116.0,103.0,98.0,96.33333333333331,1.045045045045045,1.0510204081632653,1.077669902912621,1.231833910034602,107.16666666666669
NEG_KMN_NE_00167,0,39.66600660114166,-117.14314624080362,Nevada,,,,,,,,,,,
NEG_KMN_NE_00168,0,39.0004520299659,-117.57492759252784,Nevada,,,,,,,,,,,
NEG_KMN_NE_00169,0,37.9279754563525,-117.0020598172934,Nevada,83.0,87.0,89.0,84.0,90.0,90.0,1.0229885057471264,0.9333333333333332,1.0357142857142858,0.9222222222222224,87.16666666666667
NEG_KMN_NE_00170,0,36.283543658689446,-115.8609403078574,Nevada,,,,,,,,,,,
NEG_KMN_NE_00171,0,38.47866914932533,-118.78330257139169,Nevada,109.0,110.0,115.0,105.0,114.0,118.0,1.0454545454545454,0.9210526315789472,1.0476190476190477,0.923728813559322,111.83333333333331
NEG_KMN_NE_00172,0,38.122614033401966,-117.85654023133304,Nevada,,,,,,,,,,,
NEG_KMN_NE_00173,0,41.5851704102691,-114.9270575681192,Nevada,91.0,88.5,94.0,79.5,82.5,91.0,1.0621468926553672,0.9636363636363636,1.1132075471698113,1.0,87.75
NEG_KMN_NE_00174,0,39.47480061140668,-119.70483338687842,Nevada,71.0,70.0,75.0,68.0,70.0,75.0,1.0714285714285714,0.9714285714285714,1.0294117647058822,0.9466666666666668,71.5
NEG_KMN_NE_00175,0,40.43111609621054,-118.73797800554696,Nevada,,,,,,,,,,,
NEG_KMN_NE_00176,0,39.97981553179222,-118.05830192028554,Nevada,,,,,,,,,,,
NEG_KMN_NE_00177,0,36.88486350102866,-114.87468422169223,Nevada,135.33333333333334,131.0,135.66666666666666,127.33333333333331,121.33333333333331,112.33333333333331,1.0356234096692112,1.0494505494505495,1.0287958115183249,1.2047477744807122,127.16666666666669
NEG_KMN_NE_00178,0,40.64422735324822,-119.13814803176786,Nevada,94.0,96.0,99.5,92.0,98.0,101.5,1.0364583333333333,0.9387755102040816,1.0434782608695652,0.9261083743842364,96.83333333333331
NEG_KMN_NE_00179,0,38.736623233561794,-117.44794661966398,Nevada,67.0,70.0,73.0,67.0,73.0,82.0,1.042857142857143,0.9178082191780822,1.044776119402985,0.8170731707317073,72.0
NEG_KMN_NE_00180,0,38.273668755105625,-118.03466435914498,Nevada,107.0,106.0,113.0,105.0,108.0,101.0,1.0660377358490567,0.9722222222222222,1.0095238095238095,1.0594059405940597,106.66666666666669
NEG_KMN_NE_00181,0,40.79763317372864,-115.42847777598756,Nevada,80.0,78.0,80.0,77.0,80.0,85.0,1.0256410256410255,0.9625,1.0129870129870129,0.9411764705882352,80.0
NEG_KMN_NE_00182,0,38.69004820960463,-115.26627812676077,Nevada,117.5,111.5,117.0,106.5,113.0,115.5,1.0493273542600896,0.9424778761061948,1.0469483568075115,1.0173160173160174,113.5
NEG_KMN_NE_00183,0,41.163549504083264,-115.06573682009063,Nevada,,,,,,,,,,,
NEG_KMN_NE_00184,0,40.44353493057815,-115.763779972086,Nevada,69.66666666666667,63.66666666666666,67.66666666666667,63.0,62.333333333333336,61.333333333333336,1.06282722513089,1.0106951871657754,1.0105820105820105,1.1358695652173914,64.6111111111111
NEG_KMN_NE_00185,0,38.51539150859559,-116.65177394909824,Nevada,70.0,77.0,77.0,74.0,81.0,82.0,1.0,0.9135802469135802,1.0405405405405406,0.8536585365853658,76.83333333333333
NEG_KMN_NE_00186,0,39.357491609151154,-117.29298626366848,Nevada,89.0,87.0,92.5,86.5,90.5,90.5,1.0632183908045978,0.9558011049723756,1.0057803468208093,0.9834254143646408,89.33333333333333
NEG_KMN_NE_00187,0,37.39236316349473,-115.1582474173149,Nevada,93.0,77.0,80.0,75.0,75.0,77.0,1.0389610389610389,1.0,1.0266666666666666,1.207792207792208,79.5
NEG_KMN_NE_00188,0,39.71345813198764,-114.05024987397844,Nevada,79.66666666666667,75.0,78.66666666666667,73.33333333333333,73.66666666666667,74.66666666666667,1.048888888888889,0.995475113122172,1.0227272727272727,1.0669642857142858,75.83333333333334
NEG_KMN_NE_00189,0,37.99921779354242,-116.10960250277653,Nevada,101.6,98.4,105.4,99.0,102.6,98.4,1.0711382113821135,0.9649122807017544,0.993939393939394,1.032520325203252,100.9
NEG_KMN_NE_00190,0,38.01770710277744,-115.5019484972948,Nevada,60.0,59.0,60.5,56.5,58.5,65.0,1.0254237288135593,0.9658119658119658,1.0442477876106195,0.9230769230769232,59.91666666666666
NEG_KMN_NE_00191,0,37.769487848548,-117.95985012968976,Nevada,91.0,90.0,94.0,88.0,95.0,97.0,1.0444444444444445,0.9263157894736842,1.0227272727272727,0.9381443298969072,92.5
NEG_KMN_NE_00192,0,38.34125867931208,-118.65594435492608,Nevada,91.0,91.5,94.5,92.0,95.75,92.0,1.0327868852459017,0.9608355091383812,0.9945652173913044,0.9891304347826086,92.79166666666669
NEG_KMN_NE_00193,0,37.55189391686058,-117.62127119220304,Nevada,,,,,,,,,,,
NEG_KMN_NE_00194,0,39.07954423599716,-117.59555612048824,Nevada,104.0,103.0,108.0,99.0,107.0,111.0,1.0485436893203883,0.9252336448598132,1.0404040404040404,0.9369369369369368,105.33333333333331
NEG_KMN_NE_00195,0,39.48348461202198,-115.7406341749633,Nevada,66.0,62.0,64.0,61.5,63.5,63.5,1.032258064516129,0.968503937007874,1.008130081300813,1.0393700787401574,63.41666666666666
NEG_KMN_NE_00196,0,41.932852044195904,-116.04928908595424,Nevada,80.0,83.5,85.0,82.0,87.0,89.0,1.0179640718562877,0.942528735632184,1.0182926829268293,0.898876404494382,84.41666666666667
NEG_KMN_NE_00197,0,38.97144376533189,-114.41817411251805,Nevada,,,,,,,,,,,
NEG_KMN_NE_00198,0,38.721091974363226,-114.28856254932862,Nevada,82.0,69.0,71.0,63.0,63.0,66.0,1.0289855072463767,1.0,1.0952380952380951,1.2424242424242424,69.0
NEG_KMN_NE_00199,0,35.62402695799004,-115.40171327512394,Nevada,,,,,,,,,,,
NEG_KMN_NE_00200,0,39.30855030242125,-116.98661704164846,Nevada,92.5,84.0,90.5,80.0,77.75,80.5,1.0773809523809523,1.0289389067524115,1.05,1.1490683229813663,84.20833333333333
NEG_KMN_NE_00201,0,38.21891644259977,-118.1655073283888,Nevada,75.0,80.0,82.0,77.0,85.0,92.0,1.025,0.9058823529411764,1.0389610389610389,0.8152173913043478,81.83333333333333
NEG_KMN_NE_00202,0,40.66548143949515,-118.57121951303829,Nevada,129.5,126.0,131.0,120.0,120.5,122.5,1.0396825396825398,0.995850622406639,1.05,1.0571428571428572,124.91666666666669
NEG_KMN_NE_00203,0,41.26331095110425,-114.49405750961496,Nevada,72.0,69.0,71.0,67.0,71.0,77.0,1.0289855072463767,0.943661971830986,1.0298507462686568,0.935064935064935,71.16666666666667
NEG_KMN_NE_00204,0,40.82276912914333,-117.55055534509133,Nevada,,,,,,,,,,,
NEG_KMN_NE_00206,0,38.1955421631432,-114.28968668867152,Nevada,70.0,66.0,71.0,64.0,68.0,70.0,1.0757575757575757,0.9411764705882352,1.03125,1.0,68.16666666666667
NEG_KMN_NE_00207,0,37.56684955016271,-117.9156358464126,Nevada,122.33333333333331,122.0,126.66666666666669,112.33333333333331,112.0,115.66666666666669,1.0382513661202186,1.0029761904761905,1.086053412462908,1.057636887608069,118.5
NEG_KMN_NE_00208,0,39.06926634593389,-119.76244047833882,Nevada,77.0,83.5,87.5,82.0,88.5,93.5,1.0479041916167664,0.9265536723163842,1.0182926829268293,0.8235294117647058,85.33333333333333
NEG_KMN_NE_00209,0,39.08115186632376,-117.4231964323762,Nevada,,,,,,,,,,,
NEG_KMN_NE_00210,0,40.01253400339605,-119.6556289293888,Nevada,113.75,108.5,113.0,98.5,98.0,106.25,1.04147465437788,1.0051020408163265,1.101522842639594,1.0705882352941176,106.33333333333331
NEG_KMN_NE_00211,0,36.96765528379442,-116.6707337762998,Nevada,25.666666666666668,31.33333333333333,29.33333333333333,31.666666666666668,29.0,31.33333333333333,0.9361702127659576,1.091954022988506,0.9894736842105264,0.8191489361702128,29.722222222222225
NEG_KMN_NE_00212,0,38.27164496981413,-115.5564008092067,Nevada,88.33333333333333,91.66666666666669,94.66666666666669,91.0,96.0,89.33333333333333,1.0327272727272727,0.9479166666666666,1.0073260073260073,0.9888059701492538,91.83333333333331
NEG_KMN_NE_00213,0,40.470546756018194,-118.01353996329584,Nevada,67.0,64.0,71.0,63.0,68.0,74.0,1.109375,0.9264705882352942,1.0158730158730158,0.9054054054054054,67.83333333333333
NEG_KMN_NE_00214,0,39.95185511097856,-119.68436044033588,Nevada,72.0,79.0,82.5,78.5,85.5,89.5,1.0443037974683544,0.9181286549707602,1.0063694267515924,0.8044692737430168,81.16666666666667
NEG_KMN_NE_00215,0,40.61740198334785,-117.65747668807064,Nevada,70.0,64.0,68.0,61.0,64.0,68.0,1.0625,0.953125,1.0491803278688523,1.0294117647058822,65.83333333333333
NEG_KMN_NE_00218,0,39.09299927251868,-118.27537276231044,Nevada,,,,,,,,,,,
NEG_KMN_NE_00219,0,41.251619209666885,-117.65567041409896,Nevada,,,,,,,,,,,
NEG_KMN_NE_00220,0,39.62394639706858,-118.98332097426214,Nevada,85.5,78.83333333333333,84.5,76.0,77.83333333333333,77.0,1.0718816067653278,0.9764453961456104,1.037280701754386,1.1103896103896105,79.94444444444444
NEG_KMN_NE_00221,0,36.00708912294014,-115.53365720912292,Nevada,,,,,,,,,,,
NEG_KMN_NE_00222,0,40.08218408290335,-116.72697524344846,Nevada,34.0,35.0,38.0,34.0,36.0,36.0,1.0857142857142856,0.9444444444444444,1.0294117647058822,0.9444444444444444,35.5
NEG_KMN_NE_00223,0,41.136487238496905,-116.23922035303156,Nevada,,,,,,,,,,,
NEG_KMN_NE_00224,0,36.08816610087429,-114.82092361129725,Nevada,,,,,,,,,,,
NEG_KMN_NE_00226,0,38.49205397584304,-115.32567108410352,Nevada,133.66666666666666,132.0,138.66666666666666,131.0,126.66666666666669,115.0,1.0505050505050504,1.0342105263157897,1.0076335877862594,1.16231884057971,129.49999999999997
NEG_KMN_NE_00227,0,39.02072869451725,-119.8440924956509,Nevada,,,,,,,,,,,
NEG_KMN_NE_00228,0,37.12813001244383,-114.78574528893232,Nevada,,,,,,,,,,,
NEG_KMN_NE_00229,0,40.858554605301286,-117.89569304926356,Nevada,,,,,,,,,,,
NEG_KMN_NE_00230,0,39.20725375939899,-114.19838209731944,Nevada,85.0,85.0,87.0,83.0,89.0,95.0,1.0235294117647058,0.9325842696629212,1.0240963855421688,0.8947368421052632,87.33333333333333
NEG_KMN_NE_00231,0,37.25749941125394,-114.07699018993368,Nevada,85.0,76.0,78.0,72.0,78.0,82.0,1.0263157894736843,0.9230769230769232,1.0555555555555556,1.0365853658536586,78.5
NEG_KMN_NE_00232,0,40.64120410146228,-116.77799827392936,Nevada,86.66666666666667,79.66666666666667,83.0,77.66666666666667,80.33333333333333,78.33333333333333,1.0418410041841004,0.9668049792531122,1.0257510729613737,1.1063829787234043,80.94444444444444
NEG_KMN_NE_00233,0,38.27086352831872,-114.78633939984246,Nevada,7.0,8.0,7.0,8.0,6.0,10.0,0.875,1.3333333333333333,1.0,0.7,7.666666666666667
NEG_KMN_NE_00234,0,38.12726237816264,-118.11054685365924,Nevada,94.33333333333331,92.66666666666669,97.66666666666669,88.33333333333333,85.0,83.66666666666667,1.053956834532374,1.0392156862745097,1.0490566037735851,1.1274900398406371,90.27777777777776
NEG_KMN_NE_00235,0,37.93625443032968,-117.58732287888417,Nevada,,,,,,,,,,,
NEG_KMN_NE_00236,0,40.1918204415236,-115.2480711584832,Nevada,,,,,,,,,,,
NEG_KMN_NE_00237,0,41.81429113587537,-118.98129386452018,Nevada,,,,,,,,,,,
NEG_KMN_NE_00238,0,37.905942767345714,-116.88840363385664,Nevada,,,,,,,,,,,
NEG_KMN_NE_00239,0,40.367376773402064,-119.61279036570647,Nevada,,,,,,,,,,,
NEG_KMN_NE_00240,0,37.13039029631155,-116.7723090619919,Nevada,118.33333333333331,108.66666666666669,121.33333333333331,116.0,116.0,110.0,1.116564417177914,1.0,0.9367816091954024,1.0757575757575757,115.05555555555554
NEG_KMN_NE_00241,0,40.329584882912776,-118.41485528348504,Nevada,104.0,99.5,103.25,98.0,99.0,95.25,1.0376884422110553,0.98989898989899,1.0153061224489797,1.0918635170603674,99.83333333333331
NEG_KMN_NE_00242,0,40.65126723440356,-116.43891516423372,Nevada,73.0,76.0,80.0,74.0,81.0,87.0,1.0526315789473684,0.9135802469135802,1.027027027027027,0.8390804597701149,78.5
NEG_KMN_NE_00243,0,39.50311829683164,-117.00623992810456,Nevada,136.33333333333334,132.0,138.33333333333334,127.33333333333331,124.33333333333331,114.66666666666669,1.047979797979798,1.0241286863270778,1.036649214659686,1.1889534883720931,128.83333333333334
NEG_KMN_NE_00244,0,40.90236279514551,-118.1537623255934,Nevada,,,,,,,,,,,
NEG_KMN_NE_00245,0,41.515044343874784,-115.05510922742916,Nevada,,,,,,,,,,,
NEG_KMN_NE_00246,0,39.70286955914068,-119.41839346324024,Nevada,,,,,,,,,,,
NEG_KMN_NE_00247,0,40.42505769191055,-118.08381642403066,Nevada,,,,,,,,,,,
NEG_KMN_NE_00248,0,40.04476245361435,-116.93502505727088,Nevada,,,,,,,,,,,
NEG_KMN_NE_00249,0,41.16863456736186,-116.72308970634072,Nevada,111.25,93.5,98.25,89.25,88.75,80.25,1.0508021390374331,1.0056338028169014,1.0476190476190477,1.3862928348909658,93.54166666666669
NEG_KMN_NE_00250,0,37.88446446505306,-117.68014435207226,Nevada,,,,,,,,,,,
NEG_KMN_NE_00252,0,39.38445851582958,-119.30587823107096,Nevada,77.5,82.0,85.5,81.0,87.0,90.0,1.0426829268292683,0.9310344827586208,1.0123456790123455,0.8611111111111112,83.83333333333333
NEG_KMN_NE_00253,0,39.59688346346513,-118.48840980779414,Nevada,50.0,41.0,43.0,38.0,38.0,43.0,1.048780487804878,1.0,1.0789473684210529,1.162790697674419,42.16666666666666
NEG_KMN_NE_00254,0,38.46769115021975,-117.09650766872034,Nevada,,,,,,,,,,,
NEG_KMN_NE_00255,0,39.97372157300867,-118.41249357132948,Nevada,,,,,,,,,,,
NEG_KMN_NE_00256,0,37.00597107040323,-114.96409909803197,Nevada,109.0,106.5,112.5,104.0,106.5,109.0,1.056338028169014,0.976525821596244,1.0240384615384617,1.0,107.91666666666669
NEG_KMN_NE_00257,0,40.15553451278226,-118.79660293909092,Nevada,84.0,68.0,73.0,66.0,68.0,69.0,1.0735294117647058,0.9705882352941176,1.0303030303030305,1.2173913043478262,71.33333333333333
NEG_KMN_NE_00258,0,38.33964449973716,-117.0846294983379,Nevada,,,,,,,,,,,
NEG_KMN_NE_00259,0,39.01589414400208,-119.70407828313704,Nevada,,,,,,,,,,,
NEG_KMN_NE_00260,0,41.522959021295335,-116.7596652845392,Nevada,,,,,,,,,,,
NEG_KMN_NE_00261,0,41.24970568580748,-116.47214761204008,Nevada,,,,,,,,,,,
NEG_KMN_NE_00263,0,37.94712067787767,-118.30494961494075,Nevada,121.0,124.0,130.0,123.0,132.0,130.0,1.0483870967741935,0.9318181818181818,1.008130081300813,0.9307692307692308,126.66666666666669
NEG_KMN_NE_00265,0,40.8232214569484,-115.8859134089168,Nevada,98.0,99.0,104.0,98.0,104.0,102.0,1.0505050505050506,0.9423076923076924,1.010204081632653,0.9607843137254902,100.83333333333331
NEG_KMN_NE_00266,0,38.076924497588,-118.27812218486616,Nevada,67.0,65.33333333333333,67.0,62.66666666666666,64.0,66.66666666666667,1.0255102040816326,0.9791666666666666,1.0425531914893618,1.005,65.44444444444444
NEG_KMN_NE_00267,0,40.23185763814504,-118.42899357883374,Nevada,130.75,129.0,136.25,123.0,124.75,121.75,1.056201550387597,0.9859719438877756,1.048780487804878,1.0739219712525667,127.58333333333331
NEG_KMN_NE_00269,0,39.58933263119614,-116.3420817114884,Nevada,,,,,,,,,,,
NEG_KMN_NE_00270,0,35.978190132123935,-115.3656158171159,Nevada,63.0,60.0,63.0,58.66666666666666,59.0,59.0,1.05,0.9943502824858756,1.0227272727272727,1.0677966101694916,60.44444444444444
NEG_KMN_NE_00272,0,39.07453874032762,-118.3708990839861,Nevada,110.0,106.0,111.0,104.0,109.0,105.0,1.0471698113207548,0.9541284403669724,1.0192307692307692,1.0476190476190477,107.5
NEG_KMN_NE_00273,0,41.25850634104592,-117.7312180640336,Nevada,106.0,98.0,102.0,96.0,97.0,96.0,1.0408163265306123,0.9896907216494846,1.0208333333333333,1.1041666666666667,99.16666666666669
NEG_KMN_NE_00274,0,36.770381408544885,-116.81210968710496,Nevada,46.0,45.0,47.0,43.0,45.0,52.0,1.0444444444444445,0.9555555555555556,1.0465116279069768,0.8846153846153846,46.333333333333336
NEG_KMN_NE_00275,0,37.4907756281936,-117.2022775377552,Nevada,86.0,85.0,90.0,84.0,86.0,83.0,1.0588235294117647,0.9767441860465116,1.011904761904762,1.036144578313253,85.66666666666667
NEG_KMN_NE_00276,0,40.89799827173078,-118.61895757931978,Nevada,67.0,63.0,64.5,60.25,61.75,63.75,1.0238095238095235,0.9757085020242916,1.045643153526971,1.0509803921568628,63.375
NEG_KMN_NE_00277,0,40.28545416992383,-119.23293619358576,Nevada,83.5,78.5,84.0,76.0,81.0,85.5,1.070063694267516,0.9382716049382716,1.0328947368421053,0.9766081871345028,81.41666666666667
NEG_KMN_NE_00278,0,40.01154792809725,-114.87568156507687,Nevada,,,,,,,,,,,
NEG_KMN_NE_00280,0,39.24281223813125,-117.85062664126248,Nevada,,,,,,,,,,,
NEG_KMN_NE_00282,0,41.73992136848671,-118.1826883497808,Nevada,72.0,68.33333333333333,70.33333333333333,65.33333333333333,66.66666666666667,68.66666666666667,1.0292682926829269,0.98,1.0459183673469388,1.0485436893203883,68.55555555555556
NEG_KMN_NE_00283,0,39.17798458752533,-118.80978000732392,Nevada,78.0,77.5,81.0,74.5,78.5,84.0,1.0451612903225806,0.9490445859872612,1.0402684563758389,0.9285714285714286,78.91666666666667
NEG_KMN_NE_00284,0,37.957501365208216,-117.22954291251348,Nevada,,,,,,,,,,,
NEG_KMN_NE_00285,0,38.05484772570244,-115.41579146065015,Nevada,,,,,,,,,,,
NEG_KMN_NE_00286,0,37.33271125458028,-114.10758759436452,Nevada,,,,,,,,,,,
NEG_KMN_NE_00287,0,40.92985329250188,-119.75250750476204,Nevada,97.33333333333331,93.33333333333331,98.33333333333331,92.66666666666669,94.0,91.0,1.0535714285714286,0.9858156028368796,1.0071942446043165,1.0695970695970696,94.44444444444446
NEG_KMN_NE_00289,0,35.94211933525783,-115.48941327524278,Nevada,65.0,60.333333333333336,65.0,56.5,55.5,58.66666666666666,1.0773480662983426,1.018018018018018,1.0678466076696165,1.1079545454545454,60.16666666666668
NEG_KMN_NE_00291,0,40.47332245431951,-116.48230825982228,Nevada,,,,,,,,,,,
NEG_KMN_NE_00292,0,40.383913141263086,-116.2040952555476,Nevada,118.0,91.0,94.0,97.0,100.0,96.0,1.032967032967033,0.97,0.9381443298969072,1.2291666666666667,99.33333333333331
NEG_KMN_NE_00293,0,41.6626768882533,-115.95506978863256,Nevada,66.0,64.0,68.0,62.0,64.0,70.0,1.0625,0.96875,1.032258064516129,0.9428571428571428,65.66666666666667
NEG_KMN_NE_00294,0,39.36964822140487,-118.16719090940944,Nevada,,,,,,,,,,,
NEG_KMN_NE_00295,0,38.21856226194036,-117.0304713761231,Nevada,97.0,96.0,95.0,92.0,98.0,103.0,0.9895833333333334,0.9387755102040816,1.0434782608695652,0.941747572815534,96.83333333333331
NEG_KMN_NE_00296,0,39.37565766301127,-119.53965158920766,Nevada,68.0,63.0,64.0,60.0,61.0,66.0,1.0158730158730158,0.9836065573770492,1.05,1.0303030303030305,63.66666666666666
NEG_KMN_NE_00297,0,39.32404294729341,-114.24478020950797,Nevada,62.5,64.0,66.0,61.5,65.0,71.5,1.03125,0.946153846153846,1.0406504065040652,0.8741258741258742,65.08333333333333
NEG_KMN_NE_00299,0,40.41091824067501,-118.34504885207896,Nevada,,,,,,,,,,,
NEG_KMN_NE_00300,0,40.64439932430313,-118.08705303347809,Nevada,,,,,,,,,,,
NEG_KMN_NE_00301,0,40.42278139706953,-119.90135275807783,Nevada,63.0,63.0,65.5,60.0,63.0,67.5,1.0396825396825398,0.9523809523809524,1.05,0.9333333333333332,63.66666666666666
NEG_KMN_NE_00302,0,39.19218738759563,-118.38800098117048,Nevada,67.0,65.0,70.0,61.0,64.0,70.0,1.0769230769230769,0.953125,1.0655737704918034,0.9571428571428572,66.16666666666667
NEG_KMN_NE_00303,0,37.77959660223173,-115.8752216274558,Nevada,66.0,61.0,63.0,59.0,61.0,66.0,1.0327868852459017,0.9672131147540984,1.0338983050847457,1.0,62.66666666666666
NEG_KMN_NE_00304,0,36.57303545090924,-114.62087258929137,Nevada,64.0,60.0,64.0,59.0,61.0,65.0,1.0666666666666669,0.9672131147540984,1.0169491525423728,0.9846153846153848,62.16666666666666
NEG_KMN_NE_00305,0,39.31341522658403,-114.0770214168914,Nevada,,,,,,,,,,,
NEG_KMN_NE_00306,0,37.26242642267523,-115.9758358778638,Nevada,,,,,,,,,,,
NEG_KMN_NE_00307,0,37.44853812498324,-114.4786012415044,Nevada,85.0,84.0,87.5,81.5,85.5,88.5,1.0416666666666667,0.953216374269006,1.030674846625767,0.96045197740113,85.33333333333333
NEG_KMN_NE_00308,0,38.159606620486485,-117.81423285543444,Nevada,,,,,,,,,,,
NEG_KMN_NE_00309,0,40.37937772144575,-116.1616959281755,Nevada,70.6,65.4,69.6,61.8,61.0,66.6,1.0642201834862384,1.0131147540983607,1.0582524271844662,1.06006006006006,65.83333333333333
NEG_KMN_NE_00310,0,37.13293332850798,-114.16063501749971,Nevada,,,,,,,,,,,
NEG_KMN_NE_00311,0,38.9550612912241,-117.48543777305724,Nevada,,,,,,,,,,,
NEG_KMN_NE_00312,0,41.0413157808573,-116.35108862720516,Nevada,,,,,,,,,,,
NEG_KMN_NE_00313,0,41.013534311508565,-117.12009972807256,Nevada,114.0,107.0,113.0,103.0,103.0,99.0,1.0560747663551402,1.0,1.0388349514563109,1.1515151515151516,106.5
NEG_KMN_NE_00314,0,39.716378759142046,-117.97662856473886,Nevada,85.0,84.0,87.0,85.0,89.0,89.0,1.0357142857142858,0.9550561797752808,0.9882352941176472,0.9550561797752808,86.5
NEG_KMN_NE_00315,0,40.12403922309131,-116.2682300102864,Nevada,,,,,,,,,,,
NEG_KMN_NE_00316,0,40.30925085406847,-115.32326939454047,Nevada,95.0,94.5,101.0,93.5,99.0,94.5,1.0687830687830688,0.9444444444444444,1.0106951871657754,1.0052910052910051,96.25
NEG_KMN_NE_00317,0,39.68807899959486,-117.10458924041848,Nevada,113.0,107.33333333333331,113.66666666666669,107.33333333333331,109.33333333333331,100.66666666666669,1.0590062111801244,0.9817073170731708,1.0,1.1225165562913906,108.55555555555554
NEG_KMN_NE_00318,0,38.70791557342017,-116.92676859338236,Nevada,128.0,125.0,132.0,125.0,131.0,128.0,1.056,0.9541984732824428,1.0,1.0,128.16666666666666
NEG_KMN_NE_00319,0,38.10303799070203,-118.13250092765183,Nevada,,,,,,,,,,,
NEG_KMN_NE_00320,0,37.91768547150132,-117.66265477432074,Nevada,99.0,97.25,102.0,98.25,101.75,93.0,1.0488431876606683,0.9656019656019657,0.989821882951654,1.064516129032258,98.54166666666669
NEG_KMN_OR_00001,0,45.826269758943766,-118.6261503135085,Oregon,208.0,176.0,195.0,183.0,200.0,178.0,1.1079545454545454,0.915,0.9617486338797814,1.1685393258426966,190.0
NEG_KMN_OR_00002,0,43.44149602913909,-123.31351537604309,Oregon,47.5,38.5,40.0,39.0,36.0,35.5,1.0389610389610389,1.0833333333333333,0.9871794871794872,1.3380281690140845,39.41666666666666
NEG_KMN_OR_00003,0,44.33854011402208,-118.92657718420082,Oregon,,,,,,,,,,,
NEG_KMN_OR_00004,0,42.077446762274086,-123.56657453318104,Oregon,59.0,41.5,45.0,40.0,36.5,34.5,1.0843373493975903,1.095890410958904,1.0375,1.710144927536232,42.75
NEG_KMN_OR_00005,0,45.28277709318972,-122.46951449746967,Oregon,43.5,35.25,37.0,34.0,31.25,30.0,1.049645390070922,1.088,1.036764705882353,1.45,35.166666666666664
NEG_KMN_OR_00006,0,42.49206591634377,-123.6535876239828,Oregon,70.0,50.4,53.6,51.4,46.0,42.2,1.0634920634920637,1.117391304347826,0.980544747081712,1.658767772511848,52.26666666666666
NEG_KMN_OR_00007,0,45.05983080175406,-121.8511758975203,Oregon,85.5,61.5,67.5,61.0,58.0,51.5,1.0975609756097562,1.0517241379310345,1.0081967213114753,1.6601941747572817,64.16666666666667
NEG_KMN_OR_00008,0,44.29928951453235,-117.247745227334,Oregon,38.0,28.0,30.5,29.5,25.0,25.5,1.0892857142857142,1.18,0.9491525423728814,1.4901960784313726,29.416666666666668
NEG_KMN_OR_00009,0,42.24378320901151,-117.92930272693876,Oregon,92.6,68.6,75.4,69.2,66.8,59.4,1.0991253644314871,1.035928143712575,0.991329479768786,1.5589225589225588,72.0
NEG_KMN_OR_00010,0,42.23393871036941,-123.7685191367534,Oregon,,,,,,,,,,,
NEG_KMN_OR_00011,0,43.40886892414601,-119.07607834373256,Oregon,83.5,68.0,74.5,71.5,68.5,62.5,1.0955882352941178,1.0437956204379562,0.951048951048951,1.336,71.41666666666667
NEG_KMN_OR_00012,0,43.14574735245689,-119.92612245592204,Oregon,,,,,,,,,,,
NEG_KMN_OR_00013,0,44.43604120631076,-120.785876959968,Oregon,73.5,62.0,68.5,59.0,56.5,54.5,1.1048387096774193,1.0442477876106195,1.0508474576271187,1.348623853211009,62.333333333333336
NEG_KMN_OR_00014,0,44.13902512399423,-117.62887969952736,Oregon,81.4,62.8,68.2,63.8,61.0,54.0,1.085987261146497,1.0459016393442622,0.9843260188087776,1.5074074074074075,65.2
NEG_KMN_OR_00015,0,45.095311376093285,-120.46787783709452,Oregon,,,,,,,,,,,
NEG_KMN_OR_00016,0,43.22309113487481,-122.84480041991112,Oregon,,,,,,,,,,,
NEG_KMN_OR_00017,0,42.68127273255302,-124.11713415817746,Oregon,55.0,45.0,51.5,50.0,44.0,41.0,1.1444444444444444,1.1363636363636365,0.9,1.3414634146341464,47.75
NEG_KMN_OR_00018,0,42.25277243122846,-123.78584722463216,Oregon,,,,,,,,,,,
NEG_KMN_OR_00019,0,42.58388563316288,-123.63993185720972,Oregon,73.75,53.25,56.25,57.5,52.5,46.5,1.056338028169014,1.0952380952380951,0.9260869565217392,1.586021505376344,56.625
NEG_KMN_OR_00020,0,45.36477967147828,-123.0953098574443,Oregon,78.4,69.0,78.4,77.4,77.0,71.8,1.136231884057971,1.0051948051948052,0.8914728682170542,1.0919220055710308,75.33333333333334
NEG_KMN_OR_00021,0,42.136680717342216,-123.81856519497694,Oregon,86.5,61.0,66.5,62.0,58.0,53.0,1.0901639344262295,1.0689655172413792,0.9838709677419356,1.6320754716981132,64.5
NEG_KMN_OR_00022,0,44.9090378092986,-122.1597211000036,Oregon,138.0,,,130.0,131.0,117.0,,0.9923664122137404,,1.1794871794871795,129.0
NEG_KMN_OR_00023,0,43.02488407215069,-123.91183275784306,Oregon,,,,,,,,,,,
NEG_KMN_OR_00024,0,45.26642476162164,-123.1577175682806,Oregon,108.5,93.5,104.5,101.0,98.5,89.0,1.1176470588235294,1.0253807106598984,0.9257425742574258,1.2191011235955056,99.16666666666669
NEG_KMN_OR_00025,0,43.93789834627856,-117.44469984656295,Oregon,,,,,,,,,,,
NEG_KMN_OR_00026,0,45.15199099117383,-122.31249528164652,Oregon,75.33333333333333,52.66666666666666,60.0,56.333333333333336,50.0,43.333333333333336,1.139240506329114,1.1266666666666667,0.9349112426035502,1.7384615384615385,56.27777777777778
NEG_KMN_OR_00027,0,45.737389668796446,-119.14127580209332,Oregon,,,,,,,,,,,
NEG_KMN_OR_00028,0,45.6045457516162,-120.85589549356234,Oregon,46.0,35.5,42.0,43.5,36.5,32.5,1.1830985915492958,1.1917808219178083,0.8160919540229885,1.4153846153846157,39.333333333333336
NEG_KMN_OR_00029,0,44.020803428830206,-122.78374049934176,Oregon,92.5,73.0,82.0,74.5,74.5,74.5,1.1232876712328768,1.0,0.9798657718120806,1.2416107382550337,78.5
NEG_KMN_OR_00030,0,44.13421346869312,-120.9414190558282,Oregon,,,,,,,,,,,
NEG_KMN_OR_00031,0,44.387120825640814,-118.84639319279528,Oregon,90.42857142857144,70.85714285714286,78.71428571428571,75.14285714285714,72.28571428571429,62.42857142857143,1.1108870967741935,1.0395256916996043,0.9429657794676808,1.4485125858123569,74.97619047619047
NEG_KMN_OR_00032,0,45.77790348199016,-122.87461504060724,Oregon,,,,,,,,,,,
NEG_KMN_OR_00033,0,44.09400262217365,-120.8595231487276,Oregon,53.0,43.0,46.5,40.5,40.0,38.0,1.0813953488372092,1.0125,1.0617283950617284,1.394736842105263,43.5
NEG_KMN_OR_00034,0,44.2680331056705,-118.65648586475834,Oregon,88.5,78.0,88.0,88.5,83.5,75.0,1.1282051282051282,1.059880239520958,0.8813559322033898,1.18,83.58333333333333
NEG_KMN_OR_00035,0,45.15809379054186,-122.40737984304737,Oregon,78.25,55.5,60.25,55.75,52.75,49.25,1.0855855855855856,1.056872037914692,0.9955156950672646,1.5888324873096449,58.625
NEG_KMN_OR_00036,0,43.9184209673944,-117.46264366975628,Oregon,56.0,51.0,53.0,51.0,52.0,50.0,1.03921568627451,0.9807692307692308,1.0,1.12,52.16666666666666
NEG_KMN_OR_00037,0,44.944780405652985,-122.94939923489414,Oregon,48.66666666666666,38.0,42.66666666666666,40.0,37.333333333333336,37.0,1.1228070175438596,1.0714285714285714,0.95,1.3153153153153152,40.61111111111111
NEG_KMN_OR_00038,0,45.46066055159217,-118.9802001828117,Oregon,89.75,70.75,80.0,72.75,69.75,62.25,1.1307420494699647,1.043010752688172,0.972508591065292,1.4417670682730923,74.20833333333333
NEG_KMN_OR_00039,0,45.23343463290352,-121.65888849912017,Oregon,131.0,98.0,108.0,104.0,97.0,84.0,1.1020408163265305,1.0721649484536082,0.9423076923076924,1.5595238095238095,103.66666666666669
NEG_KMN_OR_00040,0,44.27244129231936,-120.9160661996786,Oregon,86.0,66.8,73.8,68.6,65.6,56.4,1.1047904191616766,1.045731707317073,0.9737609329446064,1.524822695035461,69.53333333333335
NEG_KMN_OR_00041,0,44.219978761964114,-117.13642792821577,Oregon,85.75,63.5,70.5,64.5,60.75,54.0,1.110236220472441,1.0617283950617284,0.9844961240310076,1.587962962962963,66.5
NEG_KMN_OR_00042,0,44.46913438946844,-123.4995800868362,Oregon,,,,,,,,,,,
NEG_KMN_OR_00043,0,44.48092926298828,-120.77707589090365,Oregon,58.0,53.66666666666666,65.33333333333333,67.66666666666667,59.0,55.0,1.217391304347826,1.1468926553672316,0.793103448275862,1.0545454545454545,59.77777777777778
NEG_KMN_OR_00044,0,45.158983590181954,-118.07408375492878,Oregon,63.333333333333336,47.66666666666666,51.66666666666666,45.0,43.66666666666666,42.333333333333336,1.083916083916084,1.0305343511450382,1.0592592592592591,1.4960629921259845,48.94444444444444
NEG_KMN_OR_00045,0,45.2288160341683,-122.91789893154032,Oregon,73.66666666666667,52.333333333333336,60.0,56.0,49.333333333333336,44.66666666666666,1.1464968152866242,1.135135135135135,0.9345238095238096,1.6492537313432838,56.0
NEG_KMN_OR_00046,0,42.7141230230596,-124.2951256665541,Oregon,65.75,56.25,61.0,58.0,58.5,57.5,1.0844444444444443,0.9914529914529916,0.9698275862068966,1.1434782608695653,59.5
NEG_KMN_OR_00047,0,42.115624930125215,-123.1528355273503,Oregon,50.75,41.75,47.75,43.25,39.75,37.75,1.1437125748502994,1.0880503144654088,0.9653179190751444,1.3443708609271523,43.5
NEG_KMN_OR_00048,0,45.117411955755,-122.48691712812864,Oregon,50.0,40.66666666666666,44.0,42.333333333333336,42.66666666666666,42.0,1.0819672131147542,0.9921875,0.9606299212598424,1.1904761904761905,43.61111111111111
NEG_KMN_OR_00049,0,42.13909460045313,-124.0202205316989,Oregon,74.0,68.0,81.0,77.0,72.0,66.0,1.1911764705882353,1.0694444444444444,0.8831168831168831,1.121212121212121,73.0
NEG_KMN_OR_00050,0,44.85431546300293,-123.02882629971585,Oregon,,,,,,,,,,,
NEG_KMN_UT_00001,0,39.26352250241674,-111.74923161298022,Utah,93.0,88.0,95.0,85.0,86.0,78.0,1.0795454545454546,0.9883720930232558,1.035294117647059,1.1923076923076923,87.5
NEG_KMN_UT_00002,0,37.32883689404062,-113.52063473714765,Utah,94.5,79.5,85.0,80.5,79.0,70.5,1.069182389937107,1.018987341772152,0.9875776397515528,1.3404255319148937,81.5
NEG_KMN_UT_00003,0,39.69031665507832,-112.35990853785567,Utah,155.0,139.0,157.0,138.0,148.0,146.0,1.129496402877698,0.9324324324324323,1.0072463768115942,1.0616438356164384,147.16666666666666
NEG_KMN_UT_00004,0,41.82021329114764,-111.7991744361575,Utah,119.0,109.0,117.0,110.0,106.0,88.0,1.073394495412844,1.0377358490566038,0.990909090909091,1.3522727272727273,108.16666666666669
NEG_KMN_UT_00005,0,37.09746966263691,-113.22563648904458,Utah,55.0,55.0,62.0,62.0,56.0,53.0,1.1272727272727272,1.1071428571428572,0.8870967741935484,1.0377358490566038,57.16666666666666
NEG_KMN_UT_00006,0,38.57279880044029,-109.25632814163224,Utah,77.33333333333333,76.33333333333333,77.66666666666667,81.0,83.0,82.0,1.017467248908297,0.9759036144578314,0.94238683127572,0.9430894308943087,79.55555555555556
NEG_KMN_UT_00007,0,39.71916815746359,-113.0847489163242,Utah,37.333333333333336,42.0,43.66666666666666,38.333333333333336,35.0,43.333333333333336,1.0396825396825395,1.0952380952380951,1.0956521739130434,0.8615384615384616,39.94444444444445
NEG_KMN_UT_00008,0,40.48664191848647,-109.90108686178536,Utah,,,,,,,,,,,
NEG_KMN_UT_00009,0,38.91921948880918,-109.62794810890632,Utah,103.66666666666669,98.0,106.0,103.66666666666669,105.0,98.66666666666669,1.0816326530612246,0.9873015873015872,0.945337620578778,1.0506756756756757,102.5
NEG_KMN_UT_00010,0,38.011971595119206,-110.55286523894269,Utah,62.5,52.5,53.5,48.0,47.0,51.5,1.019047619047619,1.0212765957446808,1.09375,1.2135922330097086,52.5
NEG_KMN_UT_00011,0,40.22111571735565,-112.2359065562706,Utah,105.0,102.0,105.0,102.0,99.0,87.0,1.0294117647058822,1.0303030303030305,1.0,1.206896551724138,100.0
NEG_KMN_UT_00012,0,37.8992610813452,-110.5843086388337,Utah,105.0,96.0,100.0,93.0,89.0,74.0,1.0416666666666667,1.0449438202247192,1.032258064516129,1.4189189189189189,92.83333333333331
NEG_KMN_UT_00013,0,38.99555322970378,-110.42035771302989,Utah,92.0,94.0,114.0,116.0,103.0,94.0,1.2127659574468086,1.1262135922330097,0.8103448275862069,0.9787234042553192,102.16666666666669
NEG_KMN_UT_00014,0,37.56414741038922,-110.52455565883736,Utah,89.0,89.0,107.0,108.0,97.0,88.0,1.202247191011236,1.11340206185567,0.8240740740740741,1.0113636363636365,96.33333333333331
NEG_KMN_UT_00015,0,41.94495465847909,-111.93317413643985,Utah,102.0,98.0,120.0,127.0,116.0,103.0,1.2244897959183674,1.0948275862068966,0.7716535433070866,0.9902912621359224,111.0
NEG_KMN_UT_00016,0,38.027852982449474,-112.64410702339728,Utah,68.0,65.0,79.0,80.0,70.0,63.0,1.2153846153846153,1.1428571428571428,0.8125,1.0793650793650793,70.83333333333333
NEG_KMN_UT_00017,0,40.66429299627575,-111.9824867462653,Utah,104.0,96.0,99.0,89.0,86.0,86.0,1.03125,1.0348837209302326,1.0786516853932584,1.2093023255813953,93.33333333333331
NEG_KMN_UT_00018,0,38.79847425862394,-110.29049993675552,Utah,134.0,130.0,135.0,132.0,132.0,111.0,1.0384615384615383,1.0,0.9848484848484848,1.207207207207207,129.0
NEG_KMN_UT_00019,0,37.90158630811401,-111.61445250861306,Utah,110.66666666666669,95.0,103.0,100.0,98.66666666666669,92.33333333333331,1.0842105263157895,1.0135135135135134,0.95,1.1985559566787003,99.94444444444446
NEG_KMN_UT_00020,0,37.30570602889024,-112.1659041525824,Utah,,,,,,,,,,,
NEG_KMN_UT_00021,0,37.11289312591347,-113.3647901659446,Utah,88.0,88.0,101.0,103.0,94.0,90.0,1.1477272727272727,1.0957446808510638,0.8543689320388349,0.9777777777777776,94.0
NEG_KMN_UT_00022,0,39.3105265128229,-113.54115658272995,Utah,113.0,105.0,110.0,95.0,90.5,86.0,1.0476190476190477,1.049723756906077,1.105263157894737,1.313953488372093,99.91666666666669
NEG_KMN_UT_00023,0,39.34015905033659,-113.14676563968384,Utah,,,,,,,,,,,
NEG_KMN_UT_00024,0,40.31983177172864,-113.24127574557224,Utah,133.5,130.5,138.5,130.5,132.5,113.5,1.0613026819923372,0.9849056603773584,1.0,1.1762114537444934,129.83333333333334
NEG_KMN_UT_00025,0,38.75724344580311,-109.52589037726136,Utah,91.33333333333331,87.33333333333333,100.33333333333331,82.33333333333333,80.66666666666667,77.66666666666667,1.1488549618320612,1.0206611570247932,1.0607287449392713,1.1759656652360513,86.6111111111111
NEG_KMN_UT_00026,0,38.97348647232678,-112.3410683914954,Utah,77.0,73.0,84.0,81.0,77.0,73.0,1.1506849315068493,1.051948051948052,0.9012345679012346,1.0547945205479452,77.5
NEG_KMN_UT_00027,0,38.85975309592676,-112.3247928066648,Utah,105.33333333333331,97.66666666666669,105.66666666666669,98.66666666666669,102.0,96.66666666666669,1.0819112627986347,0.9673202614379084,0.9898648648648648,1.089655172413793,101.0
NEG_KMN_UT_00028,0,37.69247790120725,-112.86342907251652,Utah,147.0,133.5,146.0,132.0,135.5,127.5,1.093632958801498,0.974169741697417,1.0113636363636365,1.152941176470588,136.91666666666666
NEG_KMN_UT_00029,0,37.75675380714708,-109.51291403142328,Utah,,,,,,,,,,,
NEG_KMN_UT_00030,0,39.093733096010816,-112.86565550418152,Utah,103.0,95.33333333333331,103.0,96.0,97.66666666666669,92.33333333333331,1.0804195804195804,0.9829351535836176,0.9930555555555556,1.1155234657039712,97.8888888888889
NEG_KMN_UT_00031,0,40.48518889173355,-110.62288089720732,Utah,,,,,,,,,,,
NEG_KMN_UT_00032,0,38.263970334035626,-112.85131371945072,Utah,131.0,129.0,141.0,126.0,129.0,129.0,1.0930232558139534,0.9767441860465116,1.0238095238095235,1.0155038759689925,130.83333333333334
NEG_KMN_UT_00033,0,38.87225470915318,-109.94972393563592,Utah,111.0,107.0,115.0,116.0,113.0,97.0,1.074766355140187,1.0265486725663715,0.9224137931034484,1.1443298969072164,109.83333333333331
NEG_KMN_UT_00034,0,37.672622618060245,-110.5527202813476,Utah,153.0,142.0,153.0,148.0,147.0,120.0,1.0774647887323945,1.0068027210884354,0.9594594594594594,1.275,143.83333333333334
NEG_KMN_UT_00035,0,38.26194091240313,-109.39211403006362,Utah,92.0,92.0,110.0,111.0,98.0,90.0,1.1956521739130437,1.1326530612244898,0.8288288288288288,1.022222222222222,98.83333333333331
NEG_KMN_UT_00036,0,38.71867828215958,-110.72838569706016,Utah,,,,,,,,,,,
NEG_KMN_UT_00037,0,39.18729326727606,-110.24268404143815,Utah,,,,,,,,,,,
NEG_KMN_UT_00038,0,37.76883897744356,-112.92398253821716,Utah,,,,,,,,,,,
NEG_KMN_UT_00039,0,38.82685896552054,-110.8833968230266,Utah,57.0,60.0,61.0,64.0,60.0,57.0,1.0166666666666666,1.0666666666666669,0.9375,1.0,59.833333333333336
NEG_KMN_UT_00040,0,38.507041385156576,-110.4912125281012,Utah,99.33333333333331,97.33333333333331,104.66666666666669,100.33333333333331,97.0,91.0,1.0753424657534247,1.0343642611683848,0.9700996677740864,1.0915750915750917,98.27777777777776
NEG_KMN_UT_00041,0,38.67415411391309,-110.96449540347788,Utah,89.0,76.0,95.0,92.0,82.0,72.0,1.25,1.1219512195121952,0.8260869565217391,1.2361111111111112,84.33333333333333
NEG_KMN_UT_00042,0,41.29122711011139,-112.58345836276784,Utah,82.0,68.0,70.0,66.0,67.0,69.0,1.0294117647058822,0.9850746268656716,1.0303030303030305,1.1884057971014492,70.33333333333333
NEG_KMN_UT_00043,0,38.65470169350848,-109.85504249603927,Utah,157.0,151.0,159.0,158.0,156.0,130.0,1.0529801324503312,1.0128205128205128,0.9556962025316456,1.2076923076923076,151.83333333333334
NEG_KMN_UT_00044,0,40.23766667713313,-111.82005736847223,Utah,102.5,95.5,100.5,95.0,92.5,84.5,1.0523560209424083,1.027027027027027,1.0052631578947369,1.21301775147929,95.08333333333331
NEG_KMN_UT_00045,0,38.27365835203743,-113.83228435963866,Utah,79.0,74.0,80.0,75.0,75.0,73.0,1.0810810810810811,1.0,0.9866666666666668,1.082191780821918,76.0
NEG_KMN_UT_00046,0,41.939930325799615,-113.29644177848354,Utah,83.0,76.0,78.0,75.0,71.0,62.0,1.0263157894736843,1.056338028169014,1.0133333333333334,1.3387096774193548,74.16666666666667
NEG_KMN_UT_00047,0,40.018756542477625,-113.4182718204318,Utah,105.66666666666669,95.0,105.33333333333331,94.0,97.33333333333331,94.33333333333331,1.1087719298245613,0.9657534246575344,1.0106382978723405,1.120141342756184,98.6111111111111
NEG_KMN_UT_00048,0,37.72505309603888,-111.46642994674278,Utah,112.0,104.5,113.0,102.0,103.5,98.5,1.0813397129186604,0.9855072463768116,1.0245098039215683,1.137055837563452,105.58333333333331
NEG_KMN_UT_00049,0,38.95058209438456,-111.82589346360726,Utah,109.0,97.66666666666669,114.33333333333331,107.0,103.66666666666669,95.66666666666669,1.1706484641638224,1.0321543408360128,0.912772585669782,1.1393728222996515,104.55555555555554
NEG_KMN_UT_00050,0,39.1506294551748,-112.18713443737327,Utah,,,,,,,,,,,
NEG_KMN_UT_00051,0,41.22343824969568,-112.61881323871664,Utah,102.5,96.0,100.0,98.0,94.5,84.0,1.0416666666666667,1.037037037037037,0.979591836734694,1.2202380952380951,95.83333333333331
NEG_KMN_UT_00052,0,39.85676380645848,-110.83926720483232,Utah,69.0,61.333333333333336,64.33333333333333,60.66666666666666,59.0,57.0,1.0489130434782608,1.028248587570621,1.0109890109890112,1.2105263157894737,61.88888888888889
NEG_KMN_UT_00053,0,39.995237002357165,-112.53947480722672,Utah,70.0,73.0,78.0,65.0,63.0,63.0,1.0684931506849316,1.031746031746032,1.123076923076923,1.1111111111111112,68.66666666666667
NEG_KMN_UT_00054,0,38.19613633790835,-112.84040577504425,Utah,123.0,116.0,124.0,,,,1.0689655172413792,,,,121.0
NEG_KMN_UT_00055,0,37.41296672716546,-109.4087304825448,Utah,118.0,101.0,107.5,95.5,92.0,82.0,1.0643564356435644,1.0380434782608696,1.057591623036649,1.4390243902439024,99.33333333333331
NEG_KMN_UT_00056,0,39.1340702525857,-112.0338679333916,Utah,,,,,,,,,,,
NEG_KMN_UT_00057,0,39.690520475865846,-112.13140477510365,Utah,,,,,,,,,,,
NEG_KMN_UT_00058,0,38.67650742657818,-110.27460542143264,Utah,67.5,68.5,70.5,66.0,65.5,65.0,1.0291970802919708,1.0076335877862594,1.0378787878787878,1.0384615384615383,67.16666666666667
NEG_KMN_UT_00059,0,38.26622845369455,-109.21329731929012,Utah,146.0,131.0,146.5,137.5,142.5,136.5,1.118320610687023,0.9649122807017544,0.9527272727272728,1.0695970695970696,140.0
NEG_KMN_UT_00060,0,38.47678805205892,-109.36744947633235,Utah,84.0,71.5,77.0,70.0,68.5,65.0,1.0769230769230769,1.0218978102189782,1.0214285714285714,1.2923076923076924,72.66666666666667
NEG_KMN_UT_00061,0,39.97516359385518,-113.2435723363875,Utah,,,,,,,,,,,
NEG_KMN_UT_00062,0,38.60112223970443,-112.01936890407468,Utah,,,,,,,,,,,
NEG_KMN_UT_00063,0,41.25443756014587,-112.2469471211059,Utah,,,,,,,,,,,
NEG_KMN_UT_00064,0,41.98937534809262,-113.50511730335472,Utah,,,,,,,,,,,
NEG_KMN_UT_00065,0,38.793028526711645,-112.20166697403477,Utah,99.0,95.0,100.0,90.0,93.0,96.0,1.0526315789473684,0.967741935483871,1.0555555555555556,1.03125,95.5
NEG_KMN_UT_00066,0,41.413630751310926,-112.08924016377448,Utah,56.0,44.0,46.0,40.0,39.0,40.0,1.0454545454545454,1.0256410256410255,1.1,1.4,44.16666666666666
NEG_KMN_UT_00067,0,39.73946550777581,-112.34105027386823,Utah,92.66666666666669,87.66666666666667,96.66666666666669,88.0,90.0,87.33333333333333,1.102661596958175,0.9777777777777776,0.9962121212121212,1.0610687022900764,90.3888888888889
NEG_KMN_UT_00068,0,38.8463901920889,-109.2580006391371,Utah,97.66666666666669,86.0,94.33333333333331,91.0,92.33333333333331,88.33333333333333,1.0968992248062015,0.9855595667870036,0.945054945054945,1.1056603773584908,91.6111111111111
NEG_KMN_UT_00069,0,38.38231168088426,-112.3603724914342,Utah,61.333333333333336,48.0,50.66666666666666,45.66666666666666,42.66666666666666,43.333333333333336,1.0555555555555556,1.0703125,1.051094890510949,1.4153846153846157,48.61111111111111
NEG_KMN_UT_00070,0,41.06448083417183,-113.89418474365976,Utah,90.0,92.0,105.0,101.0,96.0,90.0,1.141304347826087,1.0520833333333333,0.9108910891089108,1.0,95.66666666666669
NEG_KMN_WA_00001,0,48.81526847975475,-121.79248239493364,Washington,,,,,,,,,,,
NEG_KMN_WA_00002,0,47.20658655119209,-117.44966040249984,Washington,20.0,12.0,12.0,10.0,8.0,10.0,1.0,1.25,1.2,2.0,12.0
NEG_KMN_WA_00003,0,47.22143806170717,-122.2660031830045,Washington,45.0,41.0,52.0,55.0,45.0,37.0,1.2682926829268293,1.2222222222222223,0.7454545454545455,1.2162162162162162,45.833333333333336
NEG_KMN_WA_00004,0,48.3826458926421,-117.65880466253004,Washington,10.0,7.0,6.0,6.0,4.0,6.0,0.8571428571428571,1.5,1.1666666666666667,1.6666666666666667,6.5
NEG_KMN_WA_00005,0,48.081704461345446,-124.09557343385563,Washington,65.0,53.0,57.0,55.0,51.5,46.0,1.0754716981132075,1.0679611650485437,0.9636363636363636,1.4130434782608696,54.583333333333336
NEG_KMN_WA_00006,0,46.670969439619945,-117.6724937432557,Washington,69.5,51.5,58.0,51.5,46.5,40.5,1.1262135922330097,1.10752688172043,1.0,1.7160493827160497,52.91666666666666
NEG_KMN_WA_00007,0,48.29707213062503,-118.17207382537195,Washington,79.0,58.5,63.5,57.5,55.0,48.5,1.0854700854700854,1.0454545454545454,1.017391304347826,1.6288659793814433,60.333333333333336
NEG_KMN_WA_00008,0,47.21972348799135,-118.64111094620392,Washington,86.0,70.0,74.0,73.0,70.0,60.0,1.0571428571428572,1.042857142857143,0.958904109589041,1.4333333333333331,72.16666666666667
NEG_KMN_WA_00009,0,48.90776467685822,-117.24040618880711,Washington,63.0,45.333333333333336,49.0,45.66666666666666,43.333333333333336,39.333333333333336,1.0808823529411764,1.0538461538461537,0.9927007299270074,1.6016949152542372,47.61111111111112
NEG_KMN_WA_00010,0,47.24822550558574,-119.67398404384284,Washington,45.0,42.0,51.0,51.0,45.0,40.0,1.2142857142857142,1.1333333333333333,0.8235294117647058,1.125,45.66666666666666
NEG_KMN_WA_00011,0,46.319593888973934,-119.90570054309558,Washington,,,,,,,,,,,
NEG_KMN_WA_00012,0,46.71674743556431,-121.82964119764364,Washington,,,,,,,,,,,
NEG_KMN_WA_00013,0,47.75524842552732,-119.8977689367187,Washington,31.0,23.0,25.0,23.0,20.0,17.0,1.0869565217391304,1.15,1.0,1.8235294117647056,23.166666666666668
NEG_KMN_WA_00014,0,47.76974057929877,-122.12049656758984,Washington,,,,,,,,,,,
NEG_KMN_WA_00015,0,48.52040279872805,-117.85082351277948,Washington,,,,,,,,,,,
NEG_KMN_WA_00016,0,48.017557204191625,-120.28954935416463,Washington,,,,,,,,,,,
NEG_KMN_WA_00017,0,47.25610972209931,-120.6182104544788,Washington,43.0,29.0,31.0,26.0,23.0,20.0,1.0689655172413792,1.1304347826086956,1.1153846153846154,2.15,28.666666666666668
NEG_KMN_WA_00018,0,48.56086877189293,-120.8854313600632,Washington,45.0,39.0,50.0,51.0,43.0,37.0,1.2820512820512822,1.186046511627907,0.7647058823529411,1.2162162162162162,44.16666666666666
NEG_KMN_WA_00019,0,47.98283876289037,-117.28120423333507,Washington,,,,,,,,,,,
NEG_KMN_WA_00020,0,48.32504472935888,-122.32368112801588,Washington,152.0,111.0,122.0,111.0,103.0,87.0,1.0990990990990992,1.077669902912621,1.0,1.7471264367816093,114.33333333333331
NEG_KMN_WA_00021,0,47.00534045826777,-122.94161387455648,Washington,53.0,41.0,42.66666666666666,40.0,36.66666666666666,36.333333333333336,1.040650406504065,1.090909090909091,1.025,1.4587155963302751,41.61111111111111
NEG_KMN_WA_00022,0,48.603612145042895,-118.99180974488364,Washington,65.0,42.0,44.0,36.0,31.0,30.0,1.0476190476190477,1.1612903225806452,1.1666666666666667,2.1666666666666665,41.333333333333336
NEG_KMN_WA_00023,0,48.04425851470968,-124.65245416722854,Washington,,,,,,,,,,,
NEG_KMN_WA_00024,0,46.57214692700586,-123.20307934256608,Washington,,,,,,,,,,,
NEG_KMN_WA_00025,0,46.18936656400573,-118.678469445784,Washington,,,,,,,,,,,
NEG_KMN_WA_00026,0,47.49658027135732,-122.87603967110316,Washington,,,,,,,,,,,
NEG_KMN_WA_00027,0,48.250730266820206,-118.0951896236233,Washington,,,,,,,,,,,
NEG_KMN_WA_00028,0,48.17438317721424,-117.3530498432105,Washington,34.333333333333336,23.33333333333333,23.0,21.666666666666668,18.0,19.0,0.9857142857142858,1.2037037037037035,1.0769230769230769,1.8070175438596487,23.222222222222225
NEG_KMN_WA_00029,0,48.37279648687592,-118.77631624096938,Washington,28.0,21.0,21.0,26.0,25.0,20.0,1.0,1.04,0.8076923076923077,1.4,23.5
NEG_KMN_WA_00030,0,48.09673386310655,-117.7028582841267,Washington,67.0,63.0,63.5,59.5,57.5,58.0,1.007936507936508,1.0347826086956522,1.0588235294117647,1.1551724137931034,61.41666666666666
NEG_KMN_WA_00031,0,46.67471763551914,-120.51421986159374,Washington,38.0,29.0,34.0,33.0,28.0,28.0,1.1724137931034482,1.1785714285714286,0.8787878787878788,1.3571428571428572,31.666666666666668
NEG_KMN_WA_00032,0,47.24374115931416,-124.03346127581892,Washington,61.0,48.0,52.833333333333336,45.5,41.5,38.5,1.1006944444444444,1.0963855421686748,1.054945054945055,1.5844155844155845,47.88888888888889
NEG_KMN_WA_00033,0,48.78173949713303,-117.40184921729758,Washington,,,,,,,,,,,
NEG_KMN_WA_00034,0,46.56021470989671,-120.12576452689416,Washington,,,,,,,,,,,
NEG_KMN_WA_00035,0,47.95838304110872,-123.80597133308936,Washington,107.2,84.4,92.4,84.4,81.0,70.2,1.09478672985782,1.0419753086419754,1.0,1.5270655270655271,86.60000000000001
NEG_KMN_WA_00036,0,47.601240559345214,-117.51738323781784,Washington,113.0,103.0,112.0,109.0,107.0,93.0,1.087378640776699,1.0186915887850467,0.944954128440367,1.2150537634408602,106.16666666666669
NEG_KMN_WA_00037,0,48.66607875543608,-118.75981756920991,Washington,104.0,92.0,100.0,95.0,95.0,85.0,1.0869565217391304,1.0,0.968421052631579,1.223529411764706,95.16666666666669
NEG_KMN_WA_00038,0,47.99339178952947,-117.47425590890106,Washington,,,,,,,,,,,
NEG_KMN_WA_00039,0,47.076744885183466,-117.29788921975944,Washington,,,,,,,,,,,
NEG_KMN_WA_00040,0,47.24090082402755,-122.49995374892274,Washington,,,,,,,,,,,
NEG_KMN_WA_00041,0,48.541319063857095,-121.29025793835552,Washington,26.5,14.5,14.5,12.5,10.0,10.5,1.0,1.25,1.16,2.523809523809524,14.75
NEG_KMN_WA_00042,0,46.56632332767502,-123.61863628327126,Washington,23.0,12.0,14.0,11.0,10.0,11.0,1.1666666666666667,1.1,1.0909090909090908,2.090909090909091,13.5
NEG_KMN_WA_00043,0,48.0922991637641,-117.8849403089423,Washington,81.25,65.0,70.0,66.25,63.25,52.25,1.0769230769230769,1.0474308300395256,0.981132075471698,1.555023923444976,66.33333333333333
NEG_KMN_WA_00044,0,48.2699674617694,-119.69845436841284,Washington,,,,,,,,,,,
NEG_KMN_WA_00045,0,47.81908986497292,-120.91087546814708,Washington,73.6,57.6,61.6,59.4,55.8,49.6,1.0694444444444444,1.064516129032258,0.9696969696969696,1.4838709677419353,59.6
NEG_KMN_WA_00046,0,48.98863983087156,-117.414369609649,Washington,35.0,19.5,22.0,18.5,16.0,14.0,1.1282051282051282,1.15625,1.054054054054054,2.5,20.83333333333333
NEG_KMN_WA_00047,0,47.54141295309655,-120.05198262974112,Washington,69.0,54.66666666666666,57.333333333333336,49.333333333333336,45.66666666666666,46.0,1.048780487804878,1.0802919708029195,1.108108108108108,1.5,53.66666666666666
NEG_KMN_WA_00048,0,48.32754980708111,-118.60338224365968,Washington,100.8,81.6,88.0,81.4,78.6,68.0,1.0784313725490198,1.0356234096692114,1.0024570024570023,1.4823529411764709,83.06666666666666
NEG_KMN_WA_00049,0,47.42399919482384,-117.19698479662712,Washington,,,,,,,,,,,
NEG_KMN_WA_00050,0,48.65252929755824,-121.9059412867196,Washington,,,,,,,,,,,
NEG_KMN_WA_00051,0,46.889804132602016,-123.29103508008905,Washington,,,,,,,,,,,
NEG_KMN_WA_00052,0,46.41319033923396,-117.80786757838496,Washington,42.0,26.0,27.0,24.0,20.0,20.0,1.0384615384615383,1.2,1.0833333333333333,2.1,26.5
NEG_KMN_WA_00053,0,48.42511124139731,-121.73429059809295,Washington,41.0,35.0,42.0,42.0,37.0,33.0,1.2,1.135135135135135,0.8333333333333334,1.2424242424242424,38.333333333333336
NEG_KMN_WA_00054,0,48.600422328627296,-117.78425148417772,Washington,48.0,32.0,33.333333333333336,29.0,26.0,25.33333333333333,1.0416666666666667,1.1153846153846154,1.103448275862069,1.8947368421052635,32.27777777777778
NEG_KMN_WA_00055,0,48.60060926830902,-119.2114671484694,Washington,94.25,73.75,82.25,78.5,73.0,64.25,1.1152542372881356,1.0753424657534247,0.9394904458598726,1.4669260700389104,77.66666666666667
NEG_KMN_WA_00056,0,47.50204837449295,-122.28713453343454,Washington,72.33333333333333,60.66666666666666,67.0,60.66666666666666,60.66666666666666,58.0,1.1043956043956045,1.0,1.0,1.247126436781609,63.22222222222223
NEG_KMN_WA_00057,0,48.80993356233081,-122.70055393657184,Washington,133.0,92.0,101.0,94.0,84.0,69.0,1.0978260869565215,1.119047619047619,0.9787234042553192,1.9275362318840576,95.5
NEG_KMN_WA_00058,0,48.83105971282191,-117.51092175173916,Washington,41.0,33.0,39.0,37.0,32.0,30.0,1.181818181818182,1.15625,0.8918918918918919,1.3666666666666667,35.333333333333336
NEG_KMN_WA_00059,0,48.05848784430488,-117.73561113038193,Washington,50.0,45.75,50.0,48.5,50.5,49.5,1.092896174863388,0.9603960396039604,0.9432989690721648,1.0101010101010102,49.04166666666666
NEG_KMN_WA_00060,0,47.31591604921479,-117.94211837422309,Washington,70.5,61.0,66.5,62.0,58.0,49.5,1.0901639344262295,1.0689655172413792,0.9838709677419356,1.4242424242424243,61.25
NEG_KMN_WA_00061,0,48.99520492360899,-117.32585030079308,Washington,84.0,72.33333333333333,77.66666666666667,72.33333333333333,71.33333333333333,65.33333333333333,1.0737327188940091,1.014018691588785,1.0,1.2857142857142858,73.83333333333333
NEG_KMN_WA_00062,0,46.29222012775181,-118.0845325106053,Washington,,,,,,,,,,,
NEG_KMN_WA_00063,0,47.86655110278381,-120.77591712603396,Washington,,,,,,,,,,,
NEG_KMN_WA_00064,0,48.386457879530646,-119.48649940164456,Washington,93.0,83.0,90.0,87.0,88.0,78.0,1.0843373493975903,0.9886363636363636,0.9540229885057472,1.1923076923076923,86.5
NEG_KMN_WA_00065,0,48.40621985762969,-119.56841002275156,Washington,,,,,,,,,,,
NEG_KMN_WA_00066,0,47.194153348793535,-121.90915949602736,Washington,71.66666666666667,54.0,57.66666666666666,52.66666666666666,50.0,44.0,1.067901234567901,1.0533333333333332,1.0253164556962029,1.628787878787879,55.0
NEG_KMN_WA_00067,0,48.19632704363716,-118.10566718544068,Washington,,,,,,,,,,,
NEG_KMN_WA_00068,0,46.124035032598194,-120.44236909873314,Washington,50.0,39.5,46.5,45.5,40.0,36.5,1.1772151898734178,1.1375,0.8681318681318682,1.36986301369863,43.0
NEG_KMN_WA_00069,0,48.55179514964384,-117.7136497066627,Washington,41.0,33.0,38.0,37.0,33.0,32.0,1.1515151515151516,1.121212121212121,0.8918918918918919,1.28125,35.666666666666664
NEG_KMN_WA_00070,0,48.61726207251424,-121.97569629932968,Washington,,,,,,,,,,,
NEG_KMN_WA_00071,0,48.17370303321494,-119.39116546761676,Washington,,,,,,,,,,,
NEG_KMN_WA_00072,0,47.50928267767987,-123.41739244868074,Washington,16.0,15.0,13.0,12.5,11.0,14.5,0.8666666666666667,1.1363636363636365,1.2,1.103448275862069,13.666666666666666
NEG_KMN_WA_00073,0,46.09447263517098,-118.35947688541488,Washington,39.0,26.0,25.0,25.0,21.0,24.0,0.9615384615384616,1.1904761904761905,1.04,1.625,26.666666666666668
NEG_KMN_WA_00074,0,46.50717584157003,-123.01540583485394,Washington,104.0,73.5,80.5,74.0,65.5,53.0,1.0952380952380951,1.1297709923664123,0.9932432432432432,1.962264150943396,75.08333333333333
NEG_KMN_WA_00075,0,46.27936610522706,-119.74005153095987,Washington,61.4,48.6,50.8,46.4,44.6,41.4,1.045267489711934,1.0403587443946187,1.0474137931034484,1.4830917874396137,48.86666666666667
NEG_KMN_WA_00076,0,48.58672121790187,-121.07874037115864,Washington,140.0,129.0,148.0,148.0,151.0,142.0,1.1472868217054264,0.9801324503311258,0.8716216216216216,0.9859154929577464,143.0
NEG_KMN_WA_00077,0,47.67949740196509,-117.28295567811864,Washington,,,,,,,,,,,
NEG_KMN_WA_00078,0,47.37861666581087,-122.02035823044385,Washington,43.0,30.666666666666668,31.33333333333333,27.666666666666668,24.33333333333333,24.0,1.0217391304347825,1.1369863013698631,1.108433734939759,1.7916666666666667,30.166666666666668
NEG_KMN_WA_00079,0,46.78849876407525,-123.103185303587,Washington,57.333333333333336,44.66666666666666,49.66666666666666,45.333333333333336,44.333333333333336,40.333333333333336,1.111940298507463,1.0225563909774436,0.9852941176470588,1.421487603305785,46.94444444444445
NEG_KMN_WA_00080,0,47.565660232704296,-123.39223208999933,Washington,40.0,28.0,31.0,26.0,23.0,20.0,1.1071428571428572,1.1304347826086956,1.0769230769230769,2.0,28.0
NEG_KMN_WA_00081,0,48.72788357411113,-117.77357828992643,Washington,59.66666666666666,50.66666666666666,54.333333333333336,49.66666666666666,47.66666666666666,46.333333333333336,1.0723684210526316,1.041958041958042,1.0201342281879195,1.287769784172662,51.388888888888886
NEG_KMN_WA_00082,0,48.289738209256605,-117.84015960393263,Washington,44.0,34.0,40.0,38.0,35.0,31.0,1.1764705882352942,1.0857142857142856,0.8947368421052632,1.4193548387096775,37.0
NEG_KMN_WA_00083,0,46.03134756933929,-119.10912422306842,Washington,76.66666666666667,62.0,68.66666666666667,63.333333333333336,63.0,59.0,1.1075268817204302,1.0052910052910051,0.9789473684210526,1.2994350282485876,65.44444444444444
NEG_KMN_WA_00084,0,48.344136017892026,-117.64484111924112,Washington,42.0,37.0,49.0,51.0,40.0,35.0,1.3243243243243243,1.275,0.7254901960784313,1.2,42.333333333333336
NEG_KMN_WA_00085,0,47.527956356727934,-122.97304466487174,Washington,81.0,65.33333333333333,72.0,67.33333333333333,67.0,63.333333333333336,1.1020408163265307,1.004975124378109,0.9702970297029704,1.2789473684210526,69.33333333333333
NEG_KMN_WA_00086,0,48.3748783975436,-122.271801795403,Washington,37.0,23.0,24.0,24.0,20.0,18.0,1.0434782608695652,1.2,0.9583333333333334,2.055555555555556,24.33333333333333
NEG_KMN_WA_00087,0,48.784184993199645,-121.85029498112031,Washington,45.0,29.0,30.5,27.0,23.0,22.5,1.0517241379310345,1.173913043478261,1.0740740740740742,2.0,29.5
NEG_KMN_WA_00088,0,48.95132766423664,-117.46945463719686,Washington,56.5,45.5,50.75,47.5,43.0,38.0,1.1153846153846154,1.1046511627906976,0.9578947368421052,1.486842105263158,46.875
NEG_KMN_WA_00089,0,48.089677825236926,-120.22390351824254,Washington,132.0,109.5,120.0,110.0,107.0,92.0,1.095890410958904,1.02803738317757,0.9954545454545456,1.434782608695652,111.75
NEG_KMN_WA_00090,0,47.537605686327645,-120.36907756117,Washington,44.0,39.0,51.0,53.0,43.0,36.0,1.3076923076923077,1.2325581395348837,0.7358490566037735,1.2222222222222223,44.333333333333336
NEG_KMN_WA_00091,0,48.32562944212402,-117.6938897142731,Washington,,,,,,,,,,,
NEG_KMN_WA_00092,0,47.36609448275933,-122.92623640555632,Washington,51.333333333333336,32.0,34.0,30.0,25.666666666666668,25.0,1.0625,1.1688311688311688,1.0666666666666669,2.053333333333333,33.0
NEG_KMN_WA_00093,0,47.8914430159022,-119.78402650006387,Washington,104.5,101.0,114.0,111.0,110.0,109.0,1.1287128712871286,1.009090909090909,0.90990990990991,0.9587155963302753,108.25
NEG_KMN_WA_00094,0,48.85743888652821,-118.52033903621547,Washington,85.4,66.2,72.0,69.8,65.4,55.4,1.0876132930513596,1.0672782874617737,0.9484240687679084,1.5415162454873648,69.03333333333335
NEG_KMN_WA_00095,0,46.11952827250551,-122.69212112752734,Washington,,,,,,,,,,,
NEG_KMN_WA_00096,0,47.15337195676788,-122.22096199049184,Washington,61.333333333333336,44.66666666666666,47.333333333333336,43.0,40.66666666666666,36.66666666666666,1.0597014925373136,1.0573770491803278,1.0387596899224805,1.6727272727272728,45.61111111111112
NEG_KMN_WA_00097,0,46.82058982564529,-120.06507361051833,Washington,63.333333333333336,54.0,57.333333333333336,55.0,51.333333333333336,49.0,1.0617283950617284,1.0714285714285714,0.9818181818181818,1.2925170068027212,55.0
NEG_KMN_WA_00098,0,48.06712508130982,-123.40681588311288,Washington,,,,,,,,,,,
NEG_KMN_WA_00099,0,47.41544194912918,-124.0284572560504,Washington,16.0,9.0,9.0,9.0,6.0,7.0,1.0,1.5,1.0,2.2857142857142856,9.333333333333334
NEG_KMN_WA_00100,0,46.83069610359418,-117.24382933926312,Washington,42.0,38.0,49.0,51.0,41.0,35.0,1.2894736842105263,1.2439024390243902,0.7450980392156863,1.2,42.66666666666666
NEG_KMN_WA_00101,0,48.456457701169526,-118.38964262504248,Washington,64.33333333333333,52.0,57.333333333333336,53.66666666666666,53.333333333333336,50.0,1.1025641025641026,1.00625,0.968944099378882,1.2866666666666666,55.11111111111111
NEG_KMN_WA_00102,0,48.19321963706024,-118.16192893268384,Washington,11.0,10.5,8.5,9.0,7.5,10.5,0.8095238095238095,1.2,1.1666666666666667,1.0476190476190477,9.5
NEG_KMN_WA_00103,0,48.27024815668063,-117.84245317923512,Washington,,,,,,,,,,,
NEG_KMN_WA_00104,0,48.95644486755019,-117.22821162241382,Washington,59.0,56.0,71.0,73.0,61.0,54.0,1.2678571428571428,1.1967213114754098,0.7671232876712328,1.0925925925925926,62.333333333333336
NEG_KMN_WA_00105,0,48.01859687386016,-118.47091548623308,Washington,86.0,73.0,82.25,80.75,80.5,77.5,1.1267123287671232,1.0031055900621118,0.9040247678018576,1.1096774193548389,80.0
NEG_KMN_WA_00106,0,46.497222833857336,-119.23756235074052,Washington,47.0,36.0,44.0,42.0,37.0,34.0,1.2222222222222223,1.135135135135135,0.8571428571428571,1.3823529411764706,40.0
NEG_KMN_WA_00107,0,48.65486921958673,-117.7111179614726,Washington,,,,,,,,,,,
NEG_KMN_WA_00108,0,48.675223596352,-122.08353513383145,Washington,78.66666666666667,65.66666666666667,70.0,60.0,57.66666666666666,54.66666666666666,1.065989847715736,1.0404624277456649,1.0944444444444446,1.4390243902439026,64.44444444444446
NEG_KMN_WA_00109,0,48.00709273903467,-117.31091741300747,Washington,,,,,,,,,,,
NEG_KMN_WA_00110,0,48.32637130699697,-122.1265290080525,Washington,82.0,58.5,64.0,58.0,54.0,48.0,1.094017094017094,1.0740740740740742,1.0086206896551724,1.7083333333333333,60.75
NEG_KMN_WA_00111,0,48.79779181980059,-117.69223529426938,Washington,82.0,62.5,68.5,66.5,63.0,54.5,1.096,1.0555555555555556,0.9398496240601504,1.5045871559633028,66.16666666666667
NEG_KMN_WA_00112,0,47.37029073070065,-118.37267201733732,Washington,,,,,,,,,,,
NEG_KMN_WA_00113,0,47.34459876903811,-122.05095208679496,Washington,63.75,35.333333333333336,37.66666666666666,75.0,72.0,66.0,1.0660377358490565,1.0416666666666667,0.4711111111111111,0.9659090909090908,58.29166666666666
NEG_KMN_WA_00114,0,46.46731301223602,-122.69165184133612,Washington,,,,,,,,,,,
NEG_KMN_WA_00115,0,46.69180526059844,-122.1321066420736,Washington,,,,,,,,,,,
NEG_KMN_WA_00116,0,46.259386890194186,-117.92373316491852,Washington,43.0,30.0,30.0,28.0,25.0,26.0,1.0,1.12,1.0714285714285714,1.6538461538461535,30.33333333333333
NEG_KMN_WA_00117,0,46.98056653741663,-121.99989196765888,Washington,47.0,37.5,45.0,42.5,37.0,34.0,1.2,1.148648648648649,0.8823529411764706,1.3823529411764706,40.5
NEG_KMN_WA_00118,0,46.49847247585825,-117.19973957410132,Washington,154.0,116.0,129.0,121.0,113.0,93.0,1.112068965517241,1.0707964601769913,0.9586776859504132,1.6559139784946235,121.0
NEG_KMN_WA_00119,0,47.11107761946028,-119.65028500068117,Washington,42.0,38.0,49.0,51.0,41.0,35.0,1.2894736842105263,1.2439024390243902,0.7450980392156863,1.2,42.66666666666666
NEG_KMN_WA_00120,0,47.53559053079815,-123.14827155718864,Washington,42.0,37.0,45.0,45.0,38.0,35.0,1.2162162162162162,1.1842105263157894,0.8222222222222222,1.2,40.333333333333336
NEG_KMN_WA_00121,0,47.47224061212462,-122.23374649720712,Washington,,,,,,,,,,,
NEG_KMN_WA_00122,0,46.33289356466268,-117.2676388523414,Washington,78.66666666666667,67.0,73.0,67.0,66.33333333333333,62.66666666666666,1.0895522388059702,1.0100502512562817,1.0,1.2553191489361704,69.11111111111111
NEG_KMN_WA_00123,0,47.87208312133909,-122.26518800265973,Washington,77.25,60.25,67.125,61.875,60.5,54.625,1.1141078838174274,1.0227272727272727,0.9737373737373738,1.414187643020595,63.60416666666666
NEG_KMN_WA_00124,0,48.92662873216919,-122.52391487054456,Washington,18.0,10.0,10.0,8.0,7.0,9.0,1.0,1.1428571428571428,1.25,2.0,10.333333333333334
NEG_KMN_WA_00125,0,46.03792384555465,-118.97561461309137,Washington,65.8,49.2,55.0,52.2,48.0,43.2,1.1178861788617886,1.0875,0.942528735632184,1.523148148148148,52.23333333333333
NEG_KMN_WA_00126,0,45.83070302609273,-121.62773242689292,Washington,69.0,56.0,61.0,54.0,54.0,54.0,1.0892857142857142,1.0,1.037037037037037,1.2777777777777777,58.0
NEG_KMN_WA_00127,0,47.0561017385933,-117.981247161225,Washington,,,,,,,,,,,
NEG_KMN_WA_00128,0,46.67144397950956,-117.5719178868248,Washington,107.0,83.0,90.0,83.0,79.0,62.0,1.0843373493975903,1.0506329113924051,1.0,1.7258064516129032,84.0
NEG_KMN_WA_00129,0,48.05798907590371,-117.4094784047722,Washington,109.5,100.0,112.5,103.0,106.5,100.0,1.125,0.9671361502347418,0.970873786407767,1.095,105.25
NEG_KMN_WA_00130,0,48.237252499588536,-119.05594855721586,Washington,79.0,55.0,60.0,52.0,48.0,39.0,1.0909090909090908,1.0833333333333333,1.0576923076923077,2.025641025641025,55.5
NEG_KMN_WA_00131,0,48.636142383249336,-117.60758309320356,Washington,,,,,,,,,,,
NEG_KMN_WA_00132,0,48.598929128087605,-119.45563060105628,Washington,36.0,23.5,23.5,22.0,19.0,18.5,1.0,1.1578947368421053,1.068181818181818,1.945945945945946,23.75
NEG_KMN_WA_00133,0,48.00189824158544,-118.20101239238863,Washington,,,,,,,,,,,
NEG_KMN_WA_00134,0,46.86730442289085,-123.13628838789845,Washington,,,,,,,,,,,
NEG_KMN_WA_00135,0,48.16023642329642,-119.71369779488788,Washington,130.0,96.0,105.0,99.0,91.0,73.0,1.09375,1.0879120879120878,0.9696969696969696,1.7808219178082192,99.0
NEG_KMN_WA_00136,0,46.86166666469093,-122.79361226136513,Washington,83.0,69.0,72.0,,64.0,57.0,1.0434782608695652,,,1.456140350877193,69.0
NEG_KMN_WA_00137,0,47.61924614955214,-119.71310411251228,Washington,185.0,167.0,186.0,182.0,186.0,170.0,1.1137724550898205,0.978494623655914,0.9175824175824177,1.088235294117647,179.33333333333334
NEG_KMN_WA_00138,0,48.76651352082613,-118.10949128392366,Washington,,,,,,,,,,,
NEG_KMN_WA_00139,0,47.91987080274804,-120.23616497289156,Washington,84.6,66.6,72.4,68.0,67.2,62.2,1.0870870870870872,1.011904761904762,0.9794117647058824,1.360128617363344,70.16666666666667
NEG_KMN_WA_00140,0,47.22484797021447,-122.72407128527028,Washington,42.0,33.0,41.0,39.0,34.0,32.0,1.2424242424242424,1.1470588235294117,0.8461538461538461,1.3125,36.833333333333336
NEG_KMN_WA_00141,0,46.413044169895805,-119.13593524816928,Washington,151.0,137.0,154.0,145.0,150.0,138.0,1.124087591240876,0.9666666666666668,0.9448275862068966,1.0942028985507246,145.83333333333334
NEG_KMN_WA_00142,0,47.62425562028533,-120.1698269940582,Washington,156.0,116.0,130.0,121.0,117.0,98.0,1.1206896551724137,1.0341880341880345,0.9586776859504132,1.5918367346938775,123.0
NEG_KMN_WA_00143,0,46.51063456977732,-120.32222559055964,Washington,64.0,55.0,62.333333333333336,59.0,57.0,53.0,1.1333333333333333,1.0350877192982455,0.9322033898305084,1.2075471698113207,58.38888888888889
NEG_KMN_WA_00144,0,46.950561395106114,-120.4686227278105,Washington,,,,,,,,,,,
NEG_KMN_WA_00145,0,48.94597536822168,-117.34770807410791,Washington,,,,,,,,,,,
NEG_KMN_WA_00146,0,47.2900392119593,-117.2846891955761,Washington,102.5,73.5,81.0,72.5,67.5,60.0,1.1020408163265305,1.0740740740740742,1.013793103448276,1.7083333333333333,76.16666666666667
NEG_KMN_WA_00147,0,47.94702860454803,-122.71792040677737,Washington,80.66666666666667,72.0,83.33333333333333,79.0,77.0,70.33333333333333,1.1574074074074074,1.025974025974026,0.9113924050632912,1.146919431279621,77.05555555555556
NEG_KMN_WA_00148,0,47.8341182013824,-123.97350432791808,Washington,122.0,95.0,102.0,98.0,90.0,76.0,1.0736842105263158,1.0888888888888888,0.9693877551020408,1.605263157894737,97.16666666666669
NEG_KMN_WA_00149,0,47.15129893674791,-123.84941677273775,Washington,46.0,40.0,50.0,50.0,43.0,39.0,1.25,1.162790697674419,0.8,1.1794871794871795,44.66666666666666
NEG_KMN_WA_00150,0,46.58363926250275,-117.201072463856,Washington,8.0,7.0,6.0,6.0,4.0,6.0,0.8571428571428571,1.5,1.1666666666666667,1.3333333333333333,6.166666666666667
NEG_KMN_WA_00151,0,47.642573945509625,-122.55171973729564,Washington,69.33333333333333,54.333333333333336,59.333333333333336,54.66666666666666,53.333333333333336,48.0,1.0920245398773003,1.025,0.9939024390243903,1.4444444444444444,56.5
NEG_KMN_WA_00152,0,48.38822351779951,-122.22565424296111,Washington,43.0,27.0,29.0,27.0,23.0,22.33333333333333,1.0740740740740742,1.173913043478261,1.0,1.9253731343283584,28.55555555555556
NEG_KMN_WA_00153,0,47.46064726778664,-120.13948317549796,Washington,,,,,,,,,,,
NEG_KMN_WA_00154,0,47.36963289325013,-120.53266591581098,Washington,,,,,,,,,,,
NEG_KMN_WA_00155,0,48.2109571518244,-124.19815891873009,Washington,40.0,31.0,36.0,37.0,32.0,30.0,1.1612903225806452,1.15625,0.8378378378378378,1.3333333333333333,34.333333333333336
NEG_KMN_WA_00156,0,46.96599592605161,-120.5219498053466,Washington,,,,,,,,,,,
NEG_KMN_WA_00157,0,47.77676927743093,-120.46913304920496,Washington,61.0,57.0,75.0,78.0,63.0,55.0,1.3157894736842106,1.238095238095238,0.7307692307692307,1.1090909090909091,64.83333333333333
NEG_KMN_WA_00158,0,48.6710679881924,-117.47434747311472,Washington,107.0,78.0,85.0,79.0,74.0,66.0,1.0897435897435896,1.0675675675675675,0.9873417721518988,1.621212121212121,81.5
NEG_KMN_WA_00159,0,48.54754109346066,-118.2407360170613,Washington,47.0,39.0,42.0,41.0,41.0,36.0,1.0769230769230769,1.0,0.951219512195122,1.3055555555555556,41.0
NEG_KMN_WA_00160,0,46.159127604961725,-122.8353793310921,Washington,,,,,,,,,,,
NEG_KMN_WA_00161,0,48.763654687323935,-119.7896050424601,Washington,,,,,,,,,,,
NEG_KMN_WA_00162,0,46.24841667035357,-122.50278315407331,Washington,,,,,,,,,,,
NEG_KMN_WA_00163,0,46.82769049273823,-120.81673523876162,Washington,59.0,55.0,58.0,51.0,50.0,52.0,1.0545454545454545,1.02,1.0784313725490196,1.1346153846153846,54.16666666666666
NEG_KMN_WA_00164,0,48.86676690248438,-117.70173804610306,Washington,77.0,61.66666666666666,67.0,62.66666666666666,61.0,56.0,1.0864864864864865,1.0273224043715847,0.9840425531914894,1.375,64.22222222222221
NEG_KMN_WA_00165,0,46.616150577546136,-119.47542186638124,Washington,54.8,43.6,44.8,40.2,37.4,35.2,1.0275229357798163,1.074866310160428,1.0845771144278606,1.5568181818181817,42.66666666666666
NEG_KMN_WA_00166,0,48.93498449727507,-121.95837589773134,Washington,79.0,57.625,62.5,57.5,53.25,47.25,1.084598698481562,1.07981220657277,1.0021739130434784,1.671957671957672,59.520833333333336
NEG_KMN_WA_00167,0,46.59229986935985,-118.50934447278011,Washington,160.0,147.0,160.5,147.0,157.0,145.5,1.0918367346938775,0.9363057324840764,1.0,1.0996563573883162,152.83333333333334
NEG_KMN_WA_00168,0,45.8996081755825,-120.49504546908491,Washington,,,,19.0,15.0,15.0,,1.2666666666666666,,,16.333333333333332
NEG_KMN_WA_00169,0,48.47299002174611,-118.08893446251795,Washington,74.0,51.5,55.0,47.0,45.5,38.5,1.0679611650485437,1.032967032967033,1.0957446808510638,1.922077922077922,51.91666666666666
NEG_KMN_WA_00170,0,48.855476451609086,-118.072968192659,Washington,,,,,,,,,,,
NEG_KMN_WA_00171,0,48.07488317662125,-117.8270659771856,Washington,39.0,22.0,22.0,22.0,17.0,17.0,1.0,1.2941176470588236,1.0,2.294117647058824,23.166666666666668
NEG_KMN_WA_00172,0,48.164432261255484,-118.29735970627644,Washington,,,,,,,,,,,
NEG_KMN_WA_00173,0,48.13184837314235,-117.05518314116694,Washington,91.0,71.5,76.0,98.0,93.0,60.0,1.062937062937063,1.053763440860215,0.7295918367346939,1.5166666666666666,81.58333333333333
NEG_KMN_WA_00174,0,48.69960413594666,-122.49049237334329,Washington,,,,,,,,,,,
NEG_KMN_WA_00175,0,47.23922545516051,-122.50787004821558,Washington,140.0,115.0,126.5,118.0,112.0,95.0,1.1,1.0535714285714286,0.9745762711864406,1.4736842105263157,117.75
NEG_KMN_WA_00176,0,47.89513430503845,-124.4903369736121,Washington,115.0,100.0,109.0,102.0,104.0,86.0,1.09,0.9807692307692308,0.9803921568627452,1.337209302325581,102.66666666666669
NEG_KMN_WA_00177,0,46.95971917948275,-123.66624451988524,Washington,73.75,63.25,69.0,63.0,62.0,59.75,1.0909090909090908,1.0161290322580645,1.003968253968254,1.2343096234309625,65.125
NEG_KMN_WA_00178,0,46.060246561028364,-119.26658040766988,Washington,,,,,,,,,,,
NEG_KMN_WA_00179,0,46.73094378790556,-123.40050151466517,Washington,29.0,30.0,26.0,23.0,21.0,25.0,0.8666666666666667,1.0952380952380951,1.3043478260869563,1.16,25.666666666666668
NEG_KMN_WA_00180,0,46.94365384509933,-119.9204833396122,Washington,134.0,97.0,105.0,98.0,92.0,82.0,1.0824742268041236,1.065217391304348,0.9897959183673468,1.6341463414634143,101.33333333333331
NEG_KMN_WA_00181,0,46.80470197019275,-120.74972375855737,Washington,,,,,,,,,,,
NEG_KMN_WA_00182,0,48.43998594530596,-120.25929397171194,Washington,34.0,28.0,31.0,30.0,26.0,27.0,1.1071428571428572,1.1538461538461535,0.9333333333333332,1.2592592592592593,29.33333333333333
NEG_KMN_WA_00183,0,47.50353633750165,-117.37110219838894,Washington,,,,,,,,,,,
NEG_KMN_WA_00184,0,48.03741250216728,-120.3785552643177,Washington,,,,,,,,,,,
NEG_KMN_WA_00185,0,46.9745632266186,-122.3061655861792,Washington,91.6,69.0,76.4,69.4,67.2,58.6,1.1072463768115943,1.0327380952380951,0.994236311239193,1.5631399317406145,72.03333333333333
NEG_KMN_WA_00186,0,48.062110906512274,-117.53982294806563,Washington,,,,,,,,,,,
NEG_KMN_WA_00187,0,47.2715698706992,-124.08353800533024,Washington,,,,,,,,,,,
NEG_KMN_WA_00188,0,48.53720418288367,-121.9729098322461,Washington,104.2,82.0,90.6,86.6,82.2,69.4,1.1048780487804877,1.0535279805352795,0.9468822170900694,1.5014409221902016,85.83333333333333
NEG_KMN_WA_00189,0,48.09229259924148,-117.97085687932042,Washington,71.0,61.0,69.66666666666667,69.33333333333333,67.0,62.333333333333336,1.1420765027322406,1.034825870646766,0.8798076923076924,1.13903743315508,66.72222222222221
NEG_KMN_WA_00190,0,48.56777199202328,-121.95729564157216,Washington,86.33333333333333,82.66666666666667,91.33333333333331,85.66666666666667,88.66666666666667,88.33333333333333,1.1048387096774193,0.9661654135338346,0.9649805447470816,0.9773584905660376,87.16666666666667
NEG_KMN_WA_00191,0,46.33022854009689,-117.34477067094969,Washington,40.0,26.0,28.0,48.0,46.5,44.0,1.0769230769230769,1.032258064516129,0.5416666666666666,0.9090909090909092,38.75
NEG_KMN_WA_00192,0,47.50679394783001,-120.03092683406078,Washington,80.0,67.5,77.5,73.0,70.5,65.5,1.148148148148148,1.0354609929078014,0.9246575342465754,1.2213740458015268,72.33333333333333
NEG_KMN_WA_00193,0,48.14092361129913,-119.73612978229905,Washington,,,,,,,,,,,
NEG_KMN_WA_00194,0,48.69681017977229,-119.90705293163067,Washington,53.5,46.5,53.5,49.5,42.5,41.0,1.1505376344086022,1.1647058823529413,0.9393939393939394,1.304878048780488,47.75
NEG_KMN_WA_00195,0,48.41431782149862,-118.03389477539385,Washington,88.33333333333333,66.33333333333333,72.66666666666667,69.66666666666667,67.66666666666667,62.333333333333336,1.0954773869346734,1.0295566502463054,0.9521531100478468,1.4171122994652403,71.16666666666667
NEG_KMN_WA_00196,0,47.09669050420584,-122.6734291047502,Washington,55.0,47.0,,47.0,42.0,39.0,,1.119047619047619,1.0,1.4102564102564104,46.0
NEG_KMN_WA_00197,0,48.383612216079904,-122.01196973183228,Washington,41.0,23.0,25.0,23.0,18.0,17.0,1.0869565217391304,1.2777777777777777,1.0,2.411764705882353,24.5
NEG_KMN_WA_00198,0,48.150604984136415,-119.42126641087263,Washington,40.0,31.0,36.0,35.0,30.0,28.0,1.1612903225806452,1.1666666666666667,0.8857142857142857,1.4285714285714286,33.333333333333336
NEG_KMN_WA_00199,0,45.81642479864573,-121.7562376963051,Washington,41.5,26.5,27.0,24.0,19.5,18.5,1.018867924528302,1.2307692307692308,1.1041666666666667,2.2432432432432434,26.166666666666668
NEG_KMN_WA_00200,0,47.94127338840344,-121.90077360474017,Washington,47.0,34.0,36.0,32.0,28.0,22.0,1.0588235294117647,1.1428571428571428,1.0625,2.136363636363636,33.166666666666664
NEG_KMN_WA_00201,0,48.06999457151288,-124.27274546094782,Washington,,,,,,,,,,,
NEG_KMN_WA_00202,0,48.8543509789882,-122.60759313896904,Washington,38.333333333333336,25.33333333333333,28.33333333333333,25.666666666666668,22.666666666666668,22.666666666666668,1.118421052631579,1.1323529411764706,0.9870129870129868,1.6911764705882353,27.166666666666668
NEG_KMN_WA_00203,0,48.615855642962586,-121.72742895506497,Washington,40.0,32.0,38.0,37.0,33.0,30.0,1.1875,1.121212121212121,0.8648648648648649,1.3333333333333333,35.0
NEG_KMN_WA_00204,0,47.20262209949025,-121.83090573138122,Washington,46.0,41.0,53.0,57.0,47.0,39.0,1.2926829268292683,1.2127659574468086,0.7192982456140351,1.1794871794871795,47.16666666666666
NEG_KMN_WA_00205,0,46.920483957454856,-118.80433302903032,Washington,,,,,,,,,,,
NEG_KMN_WA_00206,0,45.945786952075736,-120.4453387261484,Washington,,,,,,,,,,,
NEG_KMN_WA_00207,0,48.110228531656496,-118.75230162548696,Washington,,,,,,,,,,,
NEG_KMN_WA_00208,0,48.21686206409242,-117.70882476785675,Washington,36.0,29.0,33.0,33.0,29.0,28.0,1.137931034482759,1.137931034482759,0.8787878787878788,1.2857142857142858,31.33333333333333
NEG_KMN_WA_00209,0,46.73529323379942,-117.4332413852474,Washington,,,,,,,,,,,
NEG_KMN_WA_00210,0,48.71850300833774,-117.7767516813836,Washington,67.33333333333333,58.66666666666666,62.0,59.333333333333336,57.66666666666666,55.333333333333336,1.056818181818182,1.0289017341040465,0.9887640449438202,1.216867469879518,60.05555555555555
NEG_KMN_WA_00211,0,47.84318796354829,-122.25605085929686,Washington,40.0,36.0,36.0,33.0,30.0,31.0,1.0,1.1,1.0909090909090908,1.2903225806451613,34.333333333333336
NEG_KMN_WA_00212,0,46.32477845677485,-123.49441302693144,Washington,90.0,78.0,85.0,81.0,81.0,76.0,1.0897435897435896,1.0,0.9629629629629628,1.1842105263157894,81.83333333333333
NEG_KMN_WA_00213,0,47.627419439560725,-123.12347701731142,Washington,,,,,,,,,,,
NEG_KMN_WA_00214,0,48.15015007710675,-121.91553579863228,Washington,,,,,,,,,,,
NEG_KMN_WA_00215,0,48.34134722996568,-121.89525855231614,Washington,52.0,39.66666666666666,42.333333333333336,44.333333333333336,44.66666666666666,39.66666666666666,1.0672268907563027,0.992537313432836,0.894736842105263,1.3109243697478992,43.77777777777778
NEG_KMN_WA_00216,0,48.584792393194505,-122.32233032276122,Washington,,,,,,,,,,,
NEG_KMN_WA_00217,0,47.35383686922064,-123.242121940833,Washington,87.0,82.0,85.0,87.0,86.0,78.0,1.0365853658536586,1.0116279069767442,0.942528735632184,1.1153846153846154,84.16666666666667
NEG_KMN_WA_00218,0,48.76919919200998,-122.62148820853496,Washington,81.0,67.0,75.0,72.0,72.0,72.0,1.1194029850746268,1.0,0.9305555555555556,1.125,73.16666666666667
NEG_KMN_WA_00219,0,48.85052822258316,-117.07663322787272,Washington,45.0,39.0,48.0,49.0,41.0,37.0,1.2307692307692308,1.195121951219512,0.7959183673469388,1.2162162162162162,43.16666666666666
NEG_KMN_WA_00220,0,47.805394620007775,-122.60776951066282,Washington,66.0,56.0,58.0,59.0,54.0,52.0,1.0357142857142858,1.0925925925925926,0.9491525423728814,1.2692307692307692,57.5
NEG_KMN_WA_00221,0,47.53201849737896,-117.3554241717348,Washington,58.5,50.0,53.5,49.5,47.0,45.0,1.07,1.053191489361702,1.0101010101010102,1.3,50.583333333333336
NEG_KMN_WA_00222,0,47.40043092146865,-122.63735070464531,Washington,124.0,97.0,105.0,100.0,95.0,78.0,1.0824742268041236,1.0526315789473684,0.97,1.5897435897435896,99.83333333333331
NEG_KMN_WA_00223,0,48.55382840265171,-119.39759713582656,Washington,83.5,76.5,84.0,77.0,78.0,72.0,1.0980392156862746,0.9871794871794872,0.9935064935064936,1.1597222222222223,78.5
NEG_KMN_WA_00224,0,45.83352893541716,-121.89638786569536,Washington,70.0,61.0,67.0,62.0,59.0,54.0,1.098360655737705,1.0508474576271187,0.9838709677419356,1.2962962962962965,62.16666666666666
NEG_KMN_WA_00225,0,46.77406678830364,-122.62821702069664,Washington,,,,,,,,,,,
NEG_KMN_WA_00226,0,47.40778050256845,-124.20787440501192,Washington,138.5,126.0,142.5,132.0,137.5,127.5,1.130952380952381,0.96,0.9545454545454546,1.0862745098039217,134.0
NEG_KMN_WA_00227,0,47.10037475323989,-118.32081225452008,Washington,49.0,43.0,53.0,54.0,47.0,41.0,1.2325581395348837,1.148936170212766,0.7962962962962963,1.195121951219512,47.833333333333336
NEG_KMN_WA_00228,0,48.39127452095768,-117.79473998346016,Washington,83.0,66.0,72.0,64.0,58.0,57.0,1.0909090909090908,1.103448275862069,1.03125,1.456140350877193,66.66666666666667
NEG_KMN_WA_00229,0,46.207054601144655,-118.36210810510948,Washington,86.33333333333333,76.33333333333333,83.66666666666667,76.33333333333333,76.33333333333333,72.33333333333333,1.0960698689956334,1.0,1.0,1.1935483870967742,78.55555555555554
NEG_KMN_WA_00230,0,45.71746647730417,-120.51820578432898,Washington,,,,,,,,,,,
NEG_KMN_WA_00231,0,46.99905934537457,-122.38706978748525,Washington,36.333333333333336,20.0,20.666666666666668,18.0,15.0,15.333333333333334,1.0333333333333334,1.2,1.1111111111111112,2.369565217391304,20.88888888888889
NEG_KMN_WA_00232,0,48.67328770871272,-122.958959920462,Washington,,,,,,,,,,,
NEG_KMN_WA_00233,0,47.01439156404561,-122.93818545397386,Washington,30.33333333333333,19.666666666666668,20.0,17.666666666666668,15.0,17.333333333333332,1.0169491525423728,1.1777777777777778,1.1132075471698113,1.75,20.0
NEG_KMN_WA_00234,0,46.080029874893306,-120.73102415811786,Washington,,,,,,,,,,,
NEG_KMN_WA_00235,0,48.00934879297989,-117.68789848981676,Washington,46.0,41.0,54.0,57.0,45.0,38.0,1.3170731707317074,1.2666666666666666,0.7192982456140351,1.2105263157894737,46.833333333333336
NEG_KMN_WA_00236,0,48.32884963501271,-122.6184338879857,Washington,47.0,42.0,52.0,52.0,45.0,39.0,1.238095238095238,1.1555555555555554,0.8076923076923077,1.205128205128205,46.16666666666666
NEG_KMN_WA_00237,0,47.58696468989247,-122.31345402072736,Washington,45.0,37.0,44.0,43.0,38.0,35.0,1.1891891891891893,1.131578947368421,0.8604651162790697,1.2857142857142858,40.333333333333336
NEG_KMN_WA_00238,0,47.15990543942009,-123.8734257043934,Washington,56.5,46.0,55.0,53.0,46.0,42.5,1.1956521739130437,1.1521739130434785,0.8679245283018868,1.3294117647058823,49.833333333333336
NEG_KMN_WA_00239,0,48.35176251765012,-119.84759514952134,Washington,60.0,57.0,71.0,72.0,61.0,55.0,1.2456140350877194,1.180327868852459,0.7916666666666666,1.0909090909090908,62.66666666666666
NEG_KMN_WA_00240,0,48.041264495125695,-118.24799302597556,Washington,76.8,64.4,69.2,65.6,63.2,55.4,1.0745341614906831,1.0379746835443036,0.9817073170731708,1.3862815884476534,65.76666666666667
NEG_KMN_WA_00241,0,48.90121455694472,-121.78783602978854,Washington,,,,,,,,,,,
NEG_KMN_WA_00242,0,46.29882318292311,-122.77546831986098,Washington,52.0,45.0,47.0,44.0,43.0,43.0,1.0444444444444445,1.0232558139534884,1.0227272727272727,1.2093023255813953,45.66666666666666
NEG_KMN_WA_00243,0,48.35311363191789,-119.52841614400609,Washington,61.66666666666666,43.333333333333336,46.0,42.333333333333336,38.333333333333336,35.666666666666664,1.0615384615384615,1.1043478260869566,1.0236220472440944,1.7289719626168225,44.55555555555557
NEG_KMN_WA_00244,0,47.44327653730794,-118.22255168665264,Washington,,,,,,,,,,,
NEG_KMN_WA_00245,0,46.55821146347736,-120.62245257857728,Washington,123.0,95.0,101.0,91.0,85.0,70.0,1.063157894736842,1.0705882352941176,1.043956043956044,1.7571428571428571,94.16666666666669
NEG_KMN_WA_00246,0,48.92561671656649,-117.81331364094422,Washington,135.0,101.0,111.0,101.0,93.0,77.0,1.099009900990099,1.086021505376344,1.0,1.7532467532467533,103.0
NEG_KMN_WA_00247,0,46.34081390807816,-119.74008385400408,Washington,71.0,62.0,66.0,59.0,57.0,58.0,1.064516129032258,1.0350877192982455,1.0508474576271187,1.2241379310344829,62.16666666666666
NEG_KMN_WA_00248,0,47.63991673743137,-119.42004917478,Washington,49.66666666666666,43.0,50.333333333333336,48.66666666666666,43.66666666666666,41.0,1.1705426356589148,1.1145038167938932,0.8835616438356165,1.2113821138211385,46.05555555555555
NEG_KMN_WA_00249,0,47.13633495086466,-119.58525659702713,Washington,78.0,78.0,81.0,76.0,82.0,78.0,1.0384615384615383,0.926829268292683,1.0263157894736843,1.0,78.83333333333333
NEG_KMN_WA_00250,0,47.62324004540056,-123.1120093958932,Washington,60.66666666666666,44.333333333333336,46.0,40.333333333333336,38.66666666666666,35.0,1.037593984962406,1.043103448275862,1.0991735537190082,1.7333333333333332,44.16666666666666
NEG_KMN_WA_00251,0,48.48677773820128,-122.30814953200912,Washington,90.0,72.66666666666667,80.33333333333333,74.66666666666667,75.0,68.66666666666667,1.1055045871559632,0.9955555555555556,0.9732142857142856,1.3106796116504853,76.8888888888889
NEG_KMN_WA_00252,0,47.73263082787418,-117.66137812204612,Washington,22.0,15.0,15.0,13.0,11.0,12.0,1.0,1.181818181818182,1.1538461538461535,1.8333333333333333,14.666666666666666
NEG_KMN_WA_00253,0,46.088183035284096,-119.70634636794624,Washington,67.5,56.5,62.5,55.5,53.5,51.0,1.106194690265487,1.0373831775700937,1.018018018018018,1.3235294117647058,57.75
NEG_KMN_WA_00254,0,48.54414923736744,-122.12774346745276,Washington,,,,,,,,,,,
NEG_KMN_WA_00255,0,47.76044965915948,-117.72036684705348,Washington,43.0,38.0,47.0,47.0,40.0,36.0,1.236842105263158,1.175,0.8085106382978723,1.1944444444444444,41.833333333333336
NEG_KMN_WA_00256,0,47.84775405279245,-117.71014980947363,Washington,43.0,39.0,49.0,53.0,42.0,35.0,1.2564102564102564,1.261904761904762,0.7358490566037735,1.2285714285714286,43.5
NEG_KMN_WA_00257,0,47.46617225453903,-123.41609084785556,Washington,134.0,97.0,108.0,101.0,93.0,76.0,1.11340206185567,1.086021505376344,0.9603960396039604,1.763157894736842,101.5
NEG_KMN_WA_00258,0,46.48208657935676,-118.83795347223815,Washington,52.5,41.0,48.5,46.0,39.5,37.0,1.1829268292682926,1.1645569620253164,0.8913043478260869,1.4189189189189189,44.083333333333336
NEG_KMN_WA_00259,0,46.19892252971725,-123.18009055965956,Washington,39.0,31.0,36.0,35.0,32.0,30.0,1.1612903225806452,1.09375,0.8857142857142857,1.3,33.833333333333336
NEG_KMN_WA_00260,0,47.25835145865125,-117.25745155789508,Washington,71.1,62.4,66.4,62.1,61.6,52.5,1.0641025641025643,1.0081168831168832,1.0048309178743962,1.354285714285714,62.68333333333334
NEG_KMN_WA_00261,0,48.90039370227444,-122.29280896223298,Washington,53.5,42.5,49.5,47.5,41.5,38.0,1.1647058823529413,1.144578313253012,0.8947368421052632,1.4078947368421053,45.41666666666666
NEG_KMN_WA_00262,0,48.74588435829872,-117.4426825726092,Washington,,,,,,,,,,,
NEG_KMN_WA_00263,0,48.00148055615859,-122.79319894655606,Washington,41.0,29.0,31.0,27.0,22.0,20.0,1.0689655172413792,1.2272727272727273,1.0740740740740742,2.05,28.33333333333333
NEG_KMN_WA_00264,0,46.84035950506456,-123.14029937513236,Washington,84.2,63.6,69.2,64.8,62.8,59.6,1.0880503144654088,1.0318471337579618,0.9814814814814816,1.412751677852349,67.36666666666667
NEG_KMN_WA_00265,0,47.88818830995285,-122.32118060875791,Washington,62.0,44.0,48.0,41.0,37.66666666666666,35.666666666666664,1.0909090909090908,1.088495575221239,1.0731707317073171,1.738317757009346,44.72222222222222
NEG_KMN_WA_00266,0,47.26124149812755,-122.14985609256632,Washington,93.0,78.0,84.0,82.0,79.0,68.0,1.0769230769230769,1.0379746835443038,0.951219512195122,1.3676470588235294,80.66666666666667
NEG_KMN_WA_00267,0,47.64503144805552,-117.13362076619752,Washington,117.0,89.66666666666667,103.0,94.66666666666669,89.66666666666667,73.66666666666667,1.1486988847583643,1.055762081784387,0.9471830985915493,1.588235294117647,94.61111111111111
NEG_KMN_WA_00268,0,48.23701456900165,-119.2878489379599,Washington,,,,,,,,,,,
NEG_KMN_WA_00269,0,47.9332736709489,-122.92169009406928,Washington,157.0,113.0,126.0,116.0,110.0,91.0,1.1150442477876106,1.0545454545454545,0.9741379310344828,1.7252747252747254,118.83333333333331
NEG_KMN_WA_00270,0,47.045911701576,-119.91630316215964,Washington,,,,,,,,,,,
NEG_KMN_WA_00271,0,46.432628440111614,-117.0858599317171,Washington,78.4,59.8,65.8,59.8,58.4,51.6,1.100334448160535,1.023972602739726,1.0,1.5193798449612403,62.3
NEG_KMN_WA_00272,0,48.3795382909596,-119.64957703238792,Washington,44.0,34.0,43.0,40.0,36.0,34.0,1.2647058823529411,1.1111111111111112,0.85,1.2941176470588236,38.5
NEG_KMN_WA_00273,0,46.41747849178224,-123.27571246971524,Washington,,,,,,,,,,,
NEG_KMN_WA_00274,0,48.85859998510484,-117.96426354060588,Washington,66.66666666666667,47.333333333333336,51.66666666666666,48.66666666666666,45.333333333333336,40.0,1.0915492957746478,1.0735294117647058,0.9726027397260276,1.6666666666666667,49.94444444444444
NEG_KMN_WA_00275,0,46.46881414540156,-118.9990940251339,Washington,,,,,,,,,,,
NEG_KMN_WA_00276,0,48.60271882605674,-119.39273220936992,Washington,70.0,57.0,61.0,57.333333333333336,57.333333333333336,53.0,1.0701754385964912,1.0,0.994186046511628,1.320754716981132,59.27777777777778
NEG_KMN_WA_00277,0,48.47645186817994,-117.25738711594153,Washington,62.333333333333336,50.0,53.333333333333336,49.333333333333336,47.333333333333336,43.0,1.0666666666666669,1.0422535211267605,1.0135135135135134,1.449612403100775,50.88888888888889
NEG_KMN_WA_00278,0,48.401723653124776,-119.91183491220738,Washington,67.0,50.5,53.0,49.5,46.0,45.0,1.0495049504950495,1.076086956521739,1.02020202020202,1.488888888888889,51.833333333333336
NEG_KMN_WA_00279,0,48.59822002078919,-121.78245496950224,Washington,40.0,35.0,44.0,44.0,37.0,34.0,1.2571428571428571,1.1891891891891893,0.7954545454545454,1.1764705882352942,39.0
NEG_KMN_WA_00280,0,45.76444489018608,-122.47160602311362,Washington,72.0,64.0,72.0,68.0,68.0,60.0,1.125,1.0,0.9411764705882352,1.2,67.33333333333333
NEG_KMN_WA_00281,0,48.41695571944479,-117.29173411524609,Washington,,,,,,,,,,,
NEG_KMN_WA_00282,0,47.23291759608319,-122.93060910384747,Washington,76.0,58.0,60.0,57.0,52.0,47.0,1.0344827586206895,1.0961538461538465,1.0175438596491229,1.6170212765957446,58.333333333333336
NEG_KMN_WA_00283,0,48.15432463462619,-123.76687705303964,Washington,65.33333333333333,45.66666666666666,49.66666666666666,42.0,40.333333333333336,36.0,1.0875912408759123,1.0413223140495866,1.0873015873015872,1.8148148148148149,46.5
NEG_KMN_WA_00284,0,48.94265801679496,-117.60127144023772,Washington,,,,,,,,,,,
NEG_KMN_WA_00285,0,45.63514898256159,-122.50509709842578,Washington,59.2,46.8,48.8,47.0,44.4,41.6,1.0427350427350428,1.0585585585585586,0.9957446808510638,1.4230769230769231,47.96666666666667
NEG_KMN_WA_00286,0,47.88971343895206,-122.27117725928474,Washington,48.0,30.0,32.0,27.0,24.0,20.0,1.0666666666666669,1.125,1.1111111111111112,2.4,30.166666666666668
NEG_KMN_WA_00287,0,46.77938433964633,-119.749693293416,Washington,,,,,,,,,,,
NEG_KMN_WA_00288,0,48.52145743160465,-119.36885497624394,Washington,139.0,112.5,122.5,113.5,108.0,91.0,1.0888888888888888,1.0509259259259258,0.9911894273127754,1.5274725274725274,114.41666666666669
NEG_KMN_WA_00289,0,48.06716458562976,-118.42429087779078,Washington,38.0,28.0,33.0,32.0,28.0,28.0,1.1785714285714286,1.1428571428571428,0.875,1.3571428571428572,31.166666666666668
NEG_KMN_WA_00290,0,48.212542670852585,-119.73517032918836,Washington,,,,,,,,,,,
NEG_KMN_WA_00291,0,47.66176639644649,-122.2392785625296,Washington,79.0,66.0,72.5,65.5,64.0,58.0,1.0984848484848484,1.0234375,1.0076335877862594,1.362068965517241,67.5
NEG_KMN_WA_00292,0,46.40890738050594,-122.3423854083839,Washington,107.0,86.0,92.0,86.0,82.0,73.0,1.069767441860465,1.048780487804878,1.0,1.4657534246575343,87.66666666666667
NEG_KMN_WA_00293,0,47.91364627763164,-124.588885528535,Washington,75.2,56.6,62.0,57.2,53.2,48.8,1.0954063604240285,1.075187969924812,0.9895104895104896,1.5409836065573772,58.833333333333336
NEG_KMN_WA_00294,0,48.56797554730984,-117.9198721356356,Washington,55.4,46.2,48.0,43.2,40.6,37.8,1.0389610389610389,1.064039408866995,1.0694444444444444,1.4656084656084656,45.2
NEG_KMN_WA_00295,0,48.430449212252505,-118.42859323236952,Washington,59.0,39.0,43.0,37.0,34.5,30.5,1.1025641025641026,1.072463768115942,1.054054054054054,1.9344262295081969,40.5
NEG_KMN_WA_00296,0,47.8790616888264,-118.82848652991788,Washington,55.66666666666666,43.66666666666666,46.333333333333336,42.0,39.333333333333336,38.0,1.0610687022900764,1.0677966101694916,1.0396825396825395,1.4649122807017545,44.16666666666666
NEG_KMN_WA_00297,0,46.873516259072815,-124.11047469437688,Washington,44.0,39.0,50.0,52.0,41.0,36.0,1.2820512820512822,1.2682926829268293,0.75,1.2222222222222223,43.66666666666666
NEG_KMN_WA_00298,0,47.21221868255567,-120.17032591567477,Washington,,,,,,,,,,,
NEG_KMN_WA_00299,0,48.7778870298382,-119.18825375349502,Washington,,,,,,,,,,,
NEG_KMN_WA_00300,0,47.91378847076788,-117.96770068114392,Washington,26.0,18.0,18.0,16.0,13.0,13.0,1.0,1.2307692307692308,1.125,2.0,17.333333333333332
NEG_KMN_WA_00301,0,46.85374235557437,-118.82070264791888,Washington,,,,,,,,,,,
NEG_KMN_WA_00302,0,48.32671630967638,-122.06224109738866,Washington,40.0,33.333333333333336,40.66666666666666,41.66666666666666,34.333333333333336,32.333333333333336,1.2199999999999998,1.2135922330097086,0.8000000000000002,1.2371134020618555,37.05555555555556
NEG_KMN_WA_00303,0,47.96957401553831,-118.16224976269882,Washington,49.5,42.5,45.0,41.0,38.5,40.0,1.0588235294117647,1.0649350649350648,1.0365853658536586,1.2375,42.75
NEG_KMN_WA_00304,0,48.67484431090969,-118.19630225963664,Washington,47.5,28.0,29.0,25.0,21.5,20.0,1.0357142857142858,1.162790697674419,1.12,2.375,28.5
NEG_KMN_WA_00305,0,45.852899985142265,-121.68841208002982,Washington,52.0,49.0,52.0,48.0,45.0,47.0,1.0612244897959184,1.0666666666666669,1.0208333333333333,1.1063829787234043,48.833333333333336
NEG_KMN_WA_00306,0,46.9127130524424,-123.02044776246828,Washington,24.0,13.5,14.0,12.5,10.0,10.5,1.037037037037037,1.25,1.08,2.2857142857142856,14.083333333333334
NEG_KMN_WA_00307,0,46.047201656767854,-118.94700461552073,Washington,55.5,41.0,43.5,41.0,37.5,36.0,1.0609756097560976,1.0933333333333333,1.0,1.5416666666666667,42.41666666666666
NEG_KMN_WA_00308,0,47.30678885669778,-123.30246258986028,Washington,59.333333333333336,44.66666666666666,47.0,44.333333333333336,40.66666666666666,39.0,1.0522388059701493,1.0901639344262295,1.007518796992481,1.5213675213675215,45.833333333333336
NEG_KMN_WA_00309,0,48.0384135395241,-117.85117664781036,Washington,49.0,43.0,53.0,54.0,46.0,40.0,1.2325581395348837,1.173913043478261,0.7962962962962963,1.225,47.5
NEG_KMN_WA_00310,0,48.88899086114076,-117.8027527537518,Washington,46.0,31.33333333333333,32.666666666666664,27.666666666666668,24.666666666666668,24.0,1.0425531914893618,1.1216216216216215,1.1325301204819276,1.9166666666666667,31.05555555555556
NEG_KMN_WA_00311,0,47.53696929531467,-122.09676913388353,Washington,34.6,29.8,29.0,30.2,27.4,28.6,0.9731543624161072,1.102189781021898,0.9867549668874172,1.2097902097902098,29.933333333333334
NEG_KMN_WA_00312,0,48.5327773495934,-118.25523142884948,Washington,63.0,44.0,49.0,42.0,39.66666666666666,34.0,1.1136363636363635,1.0588235294117647,1.0476190476190477,1.8529411764705883,45.27777777777777
NEG_KMN_WA_00313,0,47.03492827065209,-119.87193460537624,Washington,46.0,41.0,54.0,58.0,46.0,38.0,1.3170731707317074,1.2608695652173914,0.7068965517241379,1.2105263157894737,47.16666666666666
NEG_KMN_WA_00314,0,48.35607092096737,-119.29418264240076,Washington,37.0,23.666666666666668,25.33333333333333,24.0,21.0,20.33333333333333,1.0704225352112675,1.1428571428571428,0.9861111111111112,1.819672131147541,25.222222222222225
NEG_KMN_WA_00315,0,45.92883428559863,-121.440299697956,Washington,,,,,,,,,,,
NEG_KMN_WA_00316,0,48.28473705887452,-119.44186921277378,Washington,122.0,120.5,140.5,139.0,138.5,131.0,1.16597510373444,1.0036101083032491,0.8669064748201439,0.931297709923664,131.91666666666666
NEG_KMN_WA_00317,0,47.60264109348235,-122.610841165762,Washington,67.66666666666667,48.66666666666666,52.66666666666666,46.0,43.5,38.5,1.082191780821918,1.057471264367816,1.0579710144927537,1.7575757575757578,49.5
NEG_KMN_WA_00318,0,47.03228206783659,-123.96506889397438,Washington,28.0,18.0,18.0,15.0,14.0,13.0,1.0,1.0714285714285714,1.2,2.1538461538461537,17.666666666666668
NEG_KMN_WA_00319,0,46.195432092073744,-117.1113898202628,Washington,27.0,21.0,20.0,20.0,16.0,17.0,0.9523809523809524,1.25,1.05,1.588235294117647,20.166666666666668
NEG_KMN_WA_00320,0,47.65000290366772,-117.20925314190742,Washington,111.0,91.0,99.0,94.0,88.0,71.0,1.0879120879120878,1.068181818181818,0.9680851063829788,1.5633802816901408,92.33333333333331
NEG_KMN_WA_00321,0,46.17984881736162,-118.71025381295988,Washington,94.2,72.8,79.0,72.4,68.2,58.0,1.0851648351648353,1.06158357771261,1.005524861878453,1.6241379310344828,74.1
NEG_KMN_WA_00322,0,47.71065348256523,-122.27203526692426,Washington,,,,,,,,,,,
NEG_KMN_WA_00323,0,48.62825137677615,-121.68154508836494,Washington,,,,,,,,,,,
NEG_KMN_WA_00324,0,47.99103800078423,-118.21650548167976,Washington,,,,,,,,,,,
NEG_KMN_WA_00325,0,47.48594651807617,-120.5811856271797,Washington,,,,43.0,37.0,,,1.162162162162162,,,40.0
NEG_KMN_WA_00326,0,47.10402515808341,-122.58622157228427,Washington,,,,,,,,,,,
NEG_KMN_WA_00327,0,48.71224605928551,-122.3599123456139,Washington,40.0,33.0,40.0,39.0,34.0,33.0,1.2121212121212122,1.1470588235294117,0.8461538461538461,1.2121212121212122,36.5
NEG_KMN_WA_00328,0,48.73229528966663,-119.1264742023867,Washington,,,,,,,,,,,
NEG_KMN_WA_00329,0,47.03778208124811,-120.30427513572543,Washington,125.85714285714286,95.71428571428572,107.14285714285714,98.28571428571428,95.14285714285714,81.0,1.119402985074627,1.033033033033033,0.9738372093023254,1.5537918871252203,100.52380952380952
NEG_KMN_WA_00330,0,48.316578875106046,-121.8964043740392,Washington,,,,,,,,,,,
NEG_KMN_WA_00331,0,47.423410740531054,-123.77853772000776,Washington,56.25,48.0,52.0,49.75,51.0,46.0,1.0833333333333333,0.9754901960784312,0.964824120603015,1.2228260869565215,50.5
NEG_KMN_WA_00332,0,48.87520865279114,-117.19428857180752,Washington,103.0,84.0,93.0,85.0,81.0,66.0,1.1071428571428572,1.0493827160493827,0.9882352941176472,1.5606060606060606,85.33333333333333
NEG_KMN_WA_00333,0,47.72601431939743,-117.86298550416824,Washington,95.4,72.8,78.0,72.8,69.2,62.0,1.0714285714285714,1.052023121387283,1.0,1.538709677419355,75.03333333333333
NEG_KMN_WA_00334,0,46.9829778275858,-122.75595622494689,Washington,,,,,,,,,,,
NEG_KMN_WA_00335,0,47.11160057860964,-120.4868938152647,Washington,65.5,55.5,61.5,55.5,53.0,51.5,1.108108108108108,1.0471698113207548,1.0,1.2718446601941749,57.083333333333336
NEG_KMN_WA_00336,0,47.36173350022554,-117.35096544836956,Washington,40.5,35.0,40.5,40.0,34.0,34.0,1.1571428571428573,1.1764705882352942,0.875,1.1911764705882353,37.333333333333336
NEG_KMN_WA_00337,0,47.41873287488071,-120.53446398066956,Washington,43.0,35.0,42.0,42.0,37.0,35.0,1.2,1.135135135135135,0.8333333333333334,1.2285714285714286,39.0
NEG_KMN_WA_00338,0,47.11206370701532,-122.41140725454096,Washington,41.0,27.0,30.0,26.0,23.0,20.0,1.1111111111111112,1.1304347826086956,1.0384615384615383,2.05,27.83333333333333
NEG_KMN_WA_00339,0,47.52135061941636,-117.62784401762138,Washington,46.0,40.0,51.0,52.0,44.0,37.0,1.275,1.181818181818182,0.7692307692307693,1.2432432432432432,45.0
NEG_KMN_WA_00340,0,47.01446267856717,-122.16067435642356,Washington,90.0,76.0,82.0,75.0,74.0,67.0,1.0789473684210529,1.0135135135135136,1.0133333333333334,1.3432835820895523,77.33333333333333
NEG_KMN_WA_00341,0,46.9770545376489,-117.86767456135676,Washington,,,,,,,,,,,
NEG_KMN_WA_00342,0,47.040117483297685,-120.77954756981802,Washington,74.5,62.0,67.5,60.5,59.0,56.0,1.0887096774193548,1.0254237288135593,1.024793388429752,1.3303571428571428,63.25
NEG_KMN_WA_00343,0,47.75849344178449,-120.24159551559046,Washington,45.5,38.5,45.0,44.0,39.0,38.0,1.1688311688311688,1.1282051282051282,0.875,1.1973684210526316,41.66666666666666
NEG_KMN_WA_00344,0,48.00621114775662,-122.38557095527574,Washington,,,,,,,,,,,
NEG_KMN_WA_00345,0,48.20098510755152,-117.82792349679858,Washington,75.33333333333333,63.333333333333336,68.33333333333333,62.333333333333336,64.0,60.333333333333336,1.0789473684210524,0.9739583333333334,1.0160427807486632,1.2486187845303869,65.6111111111111
NEG_KMN_WA_00346,0,47.3199834475466,-120.43898052078764,Washington,66.0,50.5,56.0,50.5,48.5,44.0,1.108910891089109,1.041237113402062,1.0,1.5,52.583333333333336
NEG_KMN_WA_00347,0,47.809954732226856,-120.26892723563674,Washington,,,,,,,,,,,
NEG_KMN_WA_00348,0,48.38136196741922,-122.41230949595116,Washington,34.666666666666664,22.0,22.666666666666668,19.666666666666668,17.666666666666668,18.666666666666668,1.0303030303030305,1.1132075471698113,1.11864406779661,1.857142857142857,22.55555555555556
NEG_KMN_WA_00349,0,48.73974888019588,-118.13889465330942,Washington,31.0,21.0,20.0,20.0,16.0,16.0,0.9523809523809524,1.25,1.05,1.9375,20.666666666666668
NEG_KMN_WA_00350,0,46.99290397189182,-123.04116475222054,Washington,,,,,,,,,,,
NEG_KMN_WA_00351,0,47.75097997007008,-123.50404445477346,Washington,195.0,158.0,178.0,165.0,166.0,137.0,1.1265822784810129,0.993975903614458,0.9575757575757576,1.4233576642335766,166.5
NEG_KMN_WA_00352,0,47.9378621500127,-124.29429045940714,Washington,,,,,,,,,,,
NEG_KMN_WA_00353,0,47.3636652200486,-122.2126564622776,Washington,75.0,56.0,60.0,59.0,51.0,44.0,1.0714285714285714,1.156862745098039,0.9491525423728814,1.7045454545454546,57.5
NEG_KMN_WA_00354,0,48.2273909510045,-117.96836926156834,Washington,,,,,,,,,,,
NEG_KMN_WA_00355,0,48.42237917132169,-119.77048515264072,Washington,,,,,,,,,,,
NEG_KMN_WA_00356,0,48.15371863795635,-119.1056359240061,Washington,,,,,,,,,,,
NEG_KMN_WA_00357,0,46.56231673606243,-123.3729846466954,Washington,60.0,42.0,45.5,41.5,37.0,35.5,1.0833333333333333,1.1216216216216215,1.0120481927710845,1.6901408450704225,43.583333333333336
NEG_KMN_WA_00358,0,46.96922446325014,-122.34117229838051,Washington,,,,,,,,,,,
NEG_KMN_WA_00359,0,48.4737796749716,-119.42977917144763,Washington,,,,,,,,,,,
NEG_KMN_WA_00360,0,47.71618671396728,-118.71332080511765,Washington,72.0,60.0,67.0,58.5,56.5,53.5,1.1166666666666667,1.0353982300884956,1.0256410256410255,1.3457943925233644,61.25
NEG_KMN_WA_00361,0,48.88299574469095,-117.77842473915064,Washington,76.0,65.0,70.0,61.0,60.0,61.0,1.0769230769230769,1.0166666666666666,1.0655737704918034,1.2459016393442623,65.5
NEG_KMN_WA_00362,0,47.907976583013465,-124.43132869450513,Washington,63.0,56.0,65.0,64.0,58.0,55.0,1.1607142857142858,1.103448275862069,0.875,1.1454545454545455,60.16666666666666
NEG_KMN_WA_00363,0,46.37302691041433,-123.31010133220776,Washington,135.0,124.0,144.0,139.0,138.0,124.0,1.1612903225806452,1.0072463768115942,0.8920863309352518,1.0887096774193548,134.0
NEG_KMN_WA_00364,0,46.19685195777544,-119.83963571327403,Washington,58.333333333333336,46.66666666666666,49.66666666666666,43.333333333333336,41.333333333333336,39.66666666666666,1.0642857142857145,1.0483870967741935,1.0769230769230769,1.4705882352941178,46.5
NEG_KMN_WA_00365,0,47.82823414440719,-124.0152705439578,Washington,56.5,48.5,53.5,46.0,45.5,42.5,1.1030927835051547,1.010989010989011,1.0543478260869563,1.3294117647058823,48.75
NEG_KMN_WA_00366,0,46.35776136183252,-119.13143911304412,Washington,82.0,60.0,63.0,59.0,55.5,51.5,1.05,1.063063063063063,1.0169491525423728,1.5922330097087378,61.833333333333336
NEG_KMN_WA_00367,0,47.75524549460535,-120.26995688647264,Washington,81.33333333333333,63.66666666666666,71.0,64.0,61.333333333333336,58.66666666666666,1.1151832460732984,1.0434782608695652,0.9947916666666666,1.3863636363636362,66.66666666666667
NEG_KMN_WA_00368,0,48.73861279283536,-118.60087690605133,Washington,,,,,,,,,,,
NEG_KMN_WA_00369,0,47.94998368580461,-120.46433795270718,Washington,45.0,39.0,52.0,55.0,44.0,37.0,1.3333333333333333,1.25,0.7090909090909091,1.2162162162162162,45.333333333333336
NEG_KMN_WA_00370,0,48.60038316605468,-122.41121221816591,Washington,45.333333333333336,36.333333333333336,36.333333333333336,35.0,31.666666666666668,30.0,1.0,1.1052631578947367,1.0380952380952382,1.5111111111111113,35.77777777777778
NEG_KMN_WA_00371,0,48.26580209066774,-118.82362819773311,Washington,32.0,28.0,31.0,31.0,28.0,27.0,1.1071428571428572,1.1071428571428572,0.9032258064516128,1.1851851851851851,29.5
NEG_KMN_WA_00372,0,47.12146556755436,-122.05139753845448,Washington,66.33333333333333,47.333333333333336,52.0,45.333333333333336,42.333333333333336,38.0,1.0985915492957743,1.0708661417322836,1.0441176470588236,1.7456140350877192,48.55555555555557
NEG_KMN_WA_00373,0,47.068390697499126,-121.9396479518075,Washington,,,,,,,,,,,
NEG_KMN_WA_00374,0,48.10685764507345,-122.0045145790894,Washington,61.0,58.0,73.0,74.0,62.0,55.0,1.2586206896551724,1.1935483870967742,0.7837837837837838,1.1090909090909091,63.833333333333336
NEG_KMN_WA_00375,0,48.717234909291136,-117.81179302843066,Washington,37.0,29.0,32.0,31.0,27.0,27.0,1.103448275862069,1.148148148148148,0.935483870967742,1.3703703703703705,30.5
NEG_KMN_WA_00376,0,48.80472076150111,-117.25305525259876,Washington,85.0,69.66666666666667,77.33333333333333,71.0,71.0,66.66666666666667,1.110047846889952,1.0,0.9812206572769954,1.275,73.44444444444444
NEG_KMN_WA_00377,0,46.304232176227785,-121.4471331896632,Washington,63.5,47.5,49.5,45.5,42.0,40.0,1.0421052631578946,1.0833333333333333,1.043956043956044,1.5875,48.0
NEG_KMN_WA_00378,0,47.43331380592924,-119.63154860588224,Washington,43.0,38.0,49.0,51.0,41.0,36.0,1.2894736842105263,1.2439024390243902,0.7450980392156863,1.1944444444444444,43.0
NEG_KMN_WA_00379,0,47.62317922364716,-117.50494933963915,Washington,,,,,,,,,,,
NEG_KMN_WA_00380,0,46.06963401306749,-118.85810538279004,Washington,117.0,113.0,127.0,126.5,127.5,121.0,1.1238938053097345,0.992156862745098,0.8932806324110671,0.9669421487603306,122.0
NEG_KMN_WY_00001,0,42.69384524736643,-107.91608304352184,Wyoming,80.0,79.0,80.0,85.0,85.0,83.0,1.0126582278481011,1.0,0.9294117647058824,0.963855421686747,82.0
NEG_KMN_WY_00002,0,41.48748971036246,-107.64871318795656,Wyoming,75.0,52.0,55.0,49.0,44.0,46.0,1.0576923076923077,1.1136363636363635,1.0612244897959184,1.6304347826086956,53.5
NEG_KMN_WY_00004,0,42.7688388042604,-110.71813584348212,Wyoming,96.0,92.0,115.0,117.0,104.0,90.0,1.25,1.125,0.7863247863247863,1.0666666666666669,102.33333333333331
NEG_KMN_WY_00006,0,43.37585033587239,-105.64312968501888,Wyoming,65.33333333333333,55.66666666666666,62.66666666666666,59.66666666666666,56.66666666666666,55.333333333333336,1.125748502994012,1.0529411764705885,0.9329608938547486,1.1807228915662649,59.22222222222222
NEG_KMN_WY_00007,0,42.562433923751165,-107.5849165265168,Wyoming,97.0,83.0,91.0,82.0,79.0,75.0,1.0963855421686748,1.0379746835443038,1.0121951219512195,1.2933333333333332,84.5
NEG_KMN_WY_00010,0,41.16736498889554,-110.68387812114828,Wyoming,103.0,103.0,109.0,104.0,105.0,96.0,1.058252427184466,0.9904761904761904,0.9903846153846154,1.0729166666666667,103.33333333333331
NEG_KMN_WY_00012,0,44.90555607600605,-108.07554872796236,Wyoming,74.0,72.0,92.0,97.0,82.0,72.0,1.2777777777777777,1.1829268292682926,0.7422680412371134,1.0277777777777777,81.5
NEG_KMN_WY_00013,0,42.56003270994963,-108.25216915821352,Wyoming,110.0,96.0,103.0,91.0,96.0,100.0,1.0729166666666667,0.9479166666666666,1.054945054945055,1.1,99.33333333333331
NEG_KMN_WY_00017,0,44.02161796783413,-106.00137650140071,Wyoming,108.66666666666669,100.33333333333331,115.0,107.0,111.0,105.0,1.1461794019933556,0.963963963963964,0.9376947040498442,1.034920634920635,107.83333333333331
NEG_KMN_WY_00018,0,41.17019575062586,-109.2342402765222,Wyoming,86.0,85.0,89.0,83.0,84.0,83.0,1.0470588235294118,0.988095238095238,1.0240963855421688,1.036144578313253,85.0
NEG_KMN_WY_00019,0,43.694259679565256,-105.64811340450824,Wyoming,,,,,,,,,,,
NEG_KMN_WY_00022,0,41.69465278671472,-107.09389274754562,Wyoming,76.0,60.0,63.0,55.0,52.0,47.0,1.05,1.0576923076923077,1.0909090909090908,1.6170212765957446,58.833333333333336
NEG_KMN_WY_00023,0,43.18037588680557,-110.00719680562788,Wyoming,,,,,,,,,,,
NEG_KMN_WY_00024,0,42.27190925319558,-109.40888571881165,Wyoming,,,,,,,,,,,
NEG_KMN_WY_00025,0,42.0091204367429,-105.10580064129016,Wyoming,70.0,49.0,53.0,47.0,42.0,39.0,1.0816326530612246,1.119047619047619,1.0425531914893618,1.794871794871795,50.0
NEG_KMN_WY_00026,0,44.006117985278806,-106.55051283086635,Wyoming,,,,,,,,,,,
NEG_KMN_WY_00027,0,41.81356861993177,-109.7218543544987,Wyoming,85.0,72.0,77.0,69.0,66.0,61.0,1.0694444444444444,1.0454545454545454,1.0434782608695652,1.3934426229508197,71.66666666666667
NEG_KMN_WY_00028,0,43.13037637351098,-105.2459143598246,Wyoming,100.0,70.0,78.0,68.0,62.0,57.0,1.1142857142857143,1.096774193548387,1.0294117647058822,1.7543859649122806,72.5
NEG_KMN_WY_00029,0,41.82490634220853,-109.69554179305914,Wyoming,,,,,,,,,,,
NEG_KMN_WY_00031,0,42.88622410702539,-105.94309597712667,Wyoming,92.0,80.0,88.0,81.0,77.0,71.0,1.1,1.051948051948052,0.9876543209876544,1.295774647887324,81.5
NEG_KMN_WY_00035,0,42.60014740532058,-107.5144190904042,Wyoming,,,,,,,,,,,
NEG_KMN_WY_00036,0,43.905248086991065,-105.60956275335366,Wyoming,68.0,54.0,58.0,52.0,51.0,48.0,1.0740740740740742,1.0196078431372548,1.0384615384615383,1.4166666666666667,55.16666666666666
NEG_KMN_WY_00038,0,43.74359250525372,-106.1348195241419,Wyoming,42.0,29.0,29.0,25.0,22.0,24.0,1.0,1.1363636363636365,1.16,1.75,28.5
NEG_KMN_WY_00039,0,41.64453361361336,-109.23296635136823,Wyoming,92.0,77.0,82.0,73.0,70.0,64.0,1.0649350649350648,1.042857142857143,1.0547945205479452,1.4375,76.33333333333333
NEG_KMN_WY_00042,0,42.48215637390678,-105.78994055693192,Wyoming,88.0,82.0,96.0,98.0,91.0,86.0,1.170731707317073,1.0769230769230769,0.8367346938775511,1.0232558139534884,90.16666666666669
NEG_KMN_WY_00044,0,44.686974290666335,-104.78066448505524,Wyoming,73.0,65.0,74.5,71.5,66.5,64.5,1.146153846153846,1.075187969924812,0.9090909090909092,1.131782945736434,69.16666666666667
NEG_KMN_WY_00046,0,42.99262105835715,-107.75674997233114,Wyoming,75.0,77.0,98.0,104.0,88.0,80.0,1.2727272727272727,1.181818181818182,0.7403846153846154,0.9375,87.0
NEG_KMN_WY_00047,0,44.045603734909086,-105.7085889920383,Wyoming,77.0,71.0,88.0,93.0,78.0,65.0,1.2394366197183098,1.1923076923076923,0.7634408602150538,1.1846153846153846,78.66666666666667
NEG_KMN_WY_00048,0,44.81625556459549,-104.63374158420658,Wyoming,76.0,72.0,92.0,94.0,79.0,65.0,1.2777777777777777,1.1898734177215189,0.7659574468085106,1.1692307692307693,79.66666666666667
POS_10008353,1,37.85,-108.001,Colorado,,,,,,,,,,,
POS_10008482,1,47.42482,-121.256,Washington,55.0,47.0,49.0,48.5,46.0,41.0,1.0425531914893618,1.0543478260869563,0.9690721649484536,1.3414634146341464,47.75
POS_10008495,1,48.1976,-120.98,Washington,44.0,27.0,30.0,27.0,25.0,23.0,1.1111111111111112,1.08,1.0,1.9130434782608696,29.33333333333333
POS_10009065,1,48.22509,-121.559,Washington,46.0,24.5,26.0,23.0,19.0,19.0,1.0612244897959184,1.2105263157894737,1.065217391304348,2.421052631578948,26.25
POS_10012285,1,32.6404,-108.373,New Mexico,,,,,,,,,,,
POS_10012295,1,38.11807,-105.373,Colorado,64.0,56.0,59.5,53.5,54.0,54.5,1.0625,0.9907407407407408,1.0467289719626167,1.1743119266055049,56.91666666666666
POS_10026848,1,33.0662,-110.798,Arizona,,,,,,,,,,,
POS_10026888,1,32.88149,-109.535,Arizona,,,,,,,,,,,
POS_10026923,1,34.48255,-111.857,Arizona,78.33333333333333,66.66666666666667,67.33333333333333,62.66666666666666,62.0,63.333333333333336,1.0099999999999998,1.010752688172043,1.0638297872340428,1.2368421052631575,66.72222222222221
POS_10027008,1,32.94593,-109.653,Arizona,,,,,,,,,,,
POS_10033433,1,44.22486,-118.093,Oregon,71.0,58.0,62.5,56.5,54.5,54.0,1.0775862068965518,1.036697247706422,1.0265486725663715,1.3148148148148149,59.41666666666666
POS_10036279,1,42.01793,-118.663,Oregon,,,,,,,,,,,
POS_10036827,1,47.91592,-121.594,Washington,59.25,46.5,51.5,51.75,46.0,42.5,1.10752688172043,1.125,0.8985507246376812,1.3941176470588237,49.583333333333336
POS_10037125,1,34.36394,-112.334,Arizona,77.5,61.5,64.0,58.0,57.0,60.5,1.0406504065040652,1.0175438596491229,1.0603448275862069,1.28099173553719,63.083333333333336
POS_10037318,1,39.26133,-115.024,Nevada,96.5,92.0,92.5,93.5,94.0,91.5,1.0054347826086956,0.9946808510638298,0.983957219251337,1.0546448087431697,93.33333333333331
POS_10037319,1,39.25994,-115.021,Nevada,93.0,90.5,93.5,91.5,94.0,91.5,1.033149171270718,0.973404255319149,0.989071038251366,1.0163934426229508,92.33333333333331
POS_10037320,1,39.25772,-114.999,Nevada,99.0,96.5,101.0,98.0,100.0,92.0,1.0466321243523315,0.98,0.9846938775510204,1.076086956521739,97.75
POS_10037321,1,39.263,-115.031,Nevada,115.5,108.0,112.5,104.0,109.0,102.5,1.0416666666666667,0.9541284403669724,1.0384615384615383,1.1268292682926828,108.58333333333331
POS_10039593,1,31.98651,-111.073,Arizona,,,,,,,,,,,
POS_10039668,1,32.02762,-111.082,Arizona,,,,,,,,,,,
POS_10039675,1,32.14568,-111.079,Arizona,,,,,,,,,,,
POS_10039684,1,32.41622,-111.538,Arizona,92.5,72.5,70.5,75.0,66.5,54.5,0.9724137931034482,1.1278195488721805,0.9666666666666668,1.6972477064220184,71.91666666666667
POS_10039685,1,32.39705,-111.503,Arizona,94.5,76.0,73.5,77.5,69.5,57.0,0.9671052631578948,1.1151079136690647,0.9806451612903224,1.6578947368421053,74.66666666666667
POS_10039895,1,32.44094,-111.533,Arizona,102.0,81.5,79.5,80.5,74.5,62.0,0.9754601226993864,1.080536912751678,1.0124223602484472,1.6451612903225807,80.0
POS_10040246,1,42.12793,-118.651,Oregon,,,,,,,,,,,
POS_10041702,1,48.45038,-120.583,Washington,48.5,47.0,49.5,48.0,45.5,48.0,1.053191489361702,1.054945054945055,0.9791666666666666,1.0104166666666667,47.75
POS_10042180,1,39.89856,-112.103,Utah,85.0,74.66666666666667,79.0,73.0,70.33333333333333,66.33333333333333,1.0580357142857142,1.037914691943128,1.022831050228311,1.2814070351758795,74.72222222222221
POS_10042397,1,47.50121,-120.975,Washington,79.0,61.0,67.75,63.5,60.75,53.75,1.110655737704918,1.045267489711934,0.9606299212598424,1.4697674418604652,64.29166666666667
POS_10046235,1,31.43708,-109.902,Arizona,,,,,,,,,,,
POS_10046238,1,31.43264,-109.899,Arizona,,,,,,,,,,,
POS_10046248,1,31.44097,-109.915,Arizona,,,,,,,,,,,
POS_10046282,1,32.58927,-112.055,Arizona,89.0,85.5,94.5,90.5,85.5,80.5,1.105263157894737,1.0584795321637428,0.9447513812154696,1.105590062111801,87.58333333333333
POS_10047445,1,40.29434,-117.741,Nevada,,,,,,,,,,,
POS_10047487,1,39.84295,-119.109,Nevada,,,,,,,,,,,
POS_10047490,1,39.896,-119.103,Nevada,,,,,,,,,,,
POS_10047804,1,48.97288,-121.133,Washington,35.666666666666664,24.666666666666668,25.33333333333333,23.0,20.33333333333333,21.33333333333333,1.027027027027027,1.1311475409836067,1.072463768115942,1.671875,25.05555555555556
POS_10047836,1,46.36064,-121.79,Washington,23.0,13.0,13.0,11.0,9.0,11.0,1.0,1.2222222222222223,1.181818181818182,2.090909090909091,13.333333333333334
POS_10048292,1,33.11371,-109.361,Arizona,,,,,,,,,,,
POS_10048337,1,31.50375,-110.719,Arizona,78.0,56.0,58.0,55.0,50.0,44.0,1.0357142857142858,1.1,1.018181818181818,1.7727272727272727,56.833333333333336
POS_10048437,1,48.35482,-121.218,Washington,73.0,54.0,60.0,58.0,53.5,48.0,1.1111111111111112,1.0841121495327102,0.9310344827586208,1.5208333333333333,57.75
POS_10048438,1,48.21843,-120.557,Washington,106.0,91.0,101.0,97.0,100.5,93.0,1.10989010989011,0.965174129353234,0.9381443298969072,1.1397849462365592,98.08333333333331
POS_10048439,1,47.37538,-121.125,Washington,80.0,67.5,71.5,68.5,68.0,60.5,1.0592592592592591,1.0073529411764706,0.9854014598540146,1.322314049586777,69.33333333333333
POS_10048440,1,47.689,-121.662,Washington,87.66666666666667,75.0,82.66666666666667,78.0,75.66666666666667,69.33333333333333,1.1022222222222222,1.0308370044052864,0.9615384615384616,1.264423076923077,78.05555555555556
POS_10048441,1,47.45482,-121.335,Washington,42.0,24.0,26.0,23.0,19.0,18.0,1.0833333333333333,1.2105263157894737,1.0434782608695652,2.333333333333333,25.33333333333333
POS_10048444,1,47.51792,-121.346,Washington,51.0,30.0,33.0,29.0,26.0,24.0,1.1,1.1153846153846154,1.0344827586206895,2.125,32.166666666666664
POS_10048445,1,46.87899,-121.415,Washington,64.0,55.5,60.0,57.0,59.0,56.5,1.0810810810810811,0.9661016949152542,0.9736842105263158,1.1327433628318584,58.66666666666666
POS_10048446,1,47.95288,-121.416,Washington,62.5,51.0,56.5,50.5,52.5,50.0,1.107843137254902,0.961904761904762,1.00990099009901,1.25,53.833333333333336
POS_10048447,1,48.15843,-120.886,Washington,34.5,32.0,32.0,30.0,30.0,31.0,1.0,1.0,1.0666666666666669,1.1129032258064515,31.58333333333333
POS_10048448,1,48.27176,-120.857,Washington,51.0,44.0,47.0,44.5,45.0,45.0,1.068181818181818,0.9888888888888888,0.9887640449438202,1.1333333333333333,46.083333333333336
POS_10048449,1,48.76177,-120.418,Washington,93.5,86.0,96.5,89.5,90.0,81.0,1.122093023255814,0.9944444444444444,0.9608938547486032,1.154320987654321,89.41666666666667
POS_10048588,1,47.94426,-121.413,Washington,92.0,70.0,78.0,75.5,73.0,60.0,1.1142857142857143,1.0342465753424657,0.9271523178807948,1.5333333333333334,74.75
POS_10048594,1,47.94565,-121.404,Washington,93.5,71.0,80.0,73.5,71.5,57.5,1.1267605633802815,1.027972027972028,0.9659863945578232,1.626086956521739,74.5
POS_10048596,1,48.17788,-120.944,Washington,74.0,63.0,71.0,68.5,68.0,57.0,1.126984126984127,1.0073529411764706,0.9197080291970804,1.2982456140350878,66.91666666666667
POS_10048601,1,47.98315,-121.151,Washington,21.0,16.0,17.0,15.0,13.0,16.0,1.0625,1.1538461538461535,1.0666666666666669,1.3125,16.333333333333332
POS_10048648,1,46.52065,-121.471,Washington,19.5,20.0,20.0,21.0,19.0,20.5,1.0,1.105263157894737,0.9523809523809524,0.951219512195122,20.0
POS_10048655,1,47.52093,-121.34,Washington,56.0,42.0,44.0,40.0,40.0,34.0,1.0476190476190477,1.0,1.05,1.6470588235294117,42.66666666666666
POS_10048777,1,32.09012,-110.031,Arizona,,,,,,,,,,,
POS_10048830,1,38.95991,-119.271,Nevada,,,,,,,,,,,
POS_10053081,1,42.2507,-118.711,Oregon,,,,,,,,,,,
POS_10055922,1,47.51788,-121.346,Washington,51.0,30.0,33.0,29.0,26.0,24.0,1.1,1.1153846153846154,1.0344827586206895,2.125,32.166666666666664
POS_10055923,1,47.49649,-121.369,Washington,22.0,15.0,15.0,13.0,10.0,12.0,1.0,1.3,1.1538461538461535,1.8333333333333333,14.5
POS_10056009,1,48.61455,-120.383,Washington,99.5,84.5,95.0,90.5,91.0,82.0,1.1242603550295858,0.9945054945054944,0.9337016574585636,1.2134146341463414,90.41666666666669
POS_10064808,1,32.85289,-108.098,New Mexico,35.0,30.0,28.5,28.0,26.0,27.0,0.95,1.0769230769230769,1.0714285714285714,1.2962962962962965,29.08333333333333
POS_10067172,1,33.11398,-111.58,Arizona,102.0,95.0,96.0,95.0,87.0,67.0,1.0105263157894735,1.091954022988506,1.0,1.5223880597014925,90.33333333333331
POS_10069296,1,40.52077,-112.146,Utah,113.66666666666669,108.0,114.66666666666669,77.0,75.0,105.0,1.0617283950617284,1.0266666666666666,1.4025974025974026,1.0825396825396827,98.8888888888889
POS_10072137,1,34.49172,-112.584,Arizona,77.0,66.0,68.0,66.0,64.0,67.0,1.0303030303030305,1.03125,1.0,1.1492537313432836,68.0
POS_10080427,1,39.25772,-114.972,Nevada,64.0,56.0,58.0,57.0,56.0,53.0,1.0357142857142858,1.0178571428571428,0.9824561403508772,1.2075471698113207,57.333333333333336
POS_10087992,1,32.794,-108.066,New Mexico,92.5,70.0,71.5,75.0,71.0,56.5,1.0214285714285714,1.056338028169014,0.9333333333333332,1.6371681415929205,72.75
POS_10089294,1,43.89197,-113.669,Idaho,60.0,56.0,62.0,64.0,60.0,57.0,1.1071428571428572,1.0666666666666669,0.875,1.0526315789473684,59.833333333333336
POS_10095027,1,32.38733,-110.578,Arizona,90.0,77.0,79.0,73.0,67.0,59.0,1.025974025974026,1.0895522388059702,1.0547945205479452,1.5254237288135593,74.16666666666667
POS_10095161,1,44.30264,-118.217,Oregon,46.0,38.0,41.0,38.333333333333336,35.666666666666664,38.333333333333336,1.0789473684210529,1.0747663551401871,0.9913043478260868,1.2,39.55555555555556
POS_10095364,1,48.00841,-121.505,Washington,70.5,63.0,70.0,65.5,67.5,60.0,1.1111111111111112,0.9703703703703704,0.9618320610687024,1.175,66.08333333333333
POS_10095811,1,46.79399,-121.357,Washington,34.0,27.5,29.5,26.5,25.0,26.0,1.0727272727272728,1.06,1.0377358490566038,1.3076923076923077,28.08333333333333
POS_10096858,1,45.35629,-113.995,Idaho,126.0,106.0,117.0,101.5,113.5,117.0,1.1037735849056605,0.8942731277533039,1.0443349753694582,1.0769230769230769,113.5
POS_10096999,1,32.96149,-109.675,Arizona,,,,,,,,,,,
POS_10097315,1,46.3562,-122.082,Washington,47.66666666666666,37.66666666666666,41.0,36.333333333333336,35.333333333333336,34.0,1.088495575221239,1.028301886792453,1.0366972477064218,1.4019607843137254,38.66666666666666
POS_10097383,1,32.84761,-108.097,New Mexico,97.0,74.0,69.5,73.5,71.5,55.5,0.9391891891891893,1.027972027972028,1.0068027210884354,1.7477477477477477,73.5
POS_10097911,1,32.85428,-108.08,New Mexico,69.5,55.0,54.5,53.5,51.0,44.5,0.990909090909091,1.0490196078431373,1.02803738317757,1.5617977528089888,54.66666666666666
POS_10101379,1,38.48329,-113.131,Utah,104.0,98.0,102.0,96.5,94.5,86.5,1.0408163265306123,1.0211640211640212,1.0155440414507773,1.2023121387283238,96.91666666666669
POS_10101419,1,46.76871,-121.35,Washington,31.5,24.0,24.5,23.0,21.5,23.0,1.0208333333333333,1.069767441860465,1.0434782608695652,1.3695652173913044,24.58333333333333
POS_10104070,1,31.48875,-109.987,Arizona,,,,,,,,,,,
POS_10104088,1,33.33425,-110.942,Arizona,,,,,,,,,,,
POS_10107717,1,47.55899,-121.24,Washington,17.5,16.0,16.0,15.5,14.0,15.5,1.0,1.1071428571428572,1.032258064516129,1.1290322580645162,15.75
POS_10107742,1,48.79066,-120.32,Washington,87.5,73.0,83.0,76.5,76.0,68.5,1.1369863013698631,1.006578947368421,0.954248366013072,1.2773722627737227,77.41666666666667
POS_10109418,1,40.2032,-120.775,California,90.0,73.0,82.5,77.5,73.5,64.5,1.13013698630137,1.054421768707483,0.9419354838709676,1.3953488372093024,76.83333333333333
POS_10113259,1,32.6837,-110.693,Arizona,93.0,90.0,91.0,90.0,88.0,73.0,1.011111111111111,1.0227272727272727,1.0,1.273972602739726,87.5
POS_10113316,1,32.89979,-111.882,Arizona,,,,,,,,,,,
POS_10113726,1,33.03569,-111.216,Arizona,97.0,88.0,87.0,86.0,78.0,60.0,0.9886363636363636,1.1025641025641026,1.0232558139534884,1.6166666666666667,82.66666666666667
POS_10113911,1,35.36422,-114.15,Arizona,117.0,89.5,89.0,91.5,88.0,72.0,0.994413407821229,1.0397727272727273,0.9781420765027322,1.625,91.16666666666669
POS_10129805,1,40.52074,-112.146,Utah,113.66666666666669,108.0,114.66666666666669,77.0,75.0,105.0,1.0617283950617284,1.0266666666666666,1.4025974025974026,1.0825396825396827,98.8888888888889
POS_10131061,1,47.51152,-121.35,Washington,39.0,22.0,23.0,20.0,17.0,16.0,1.0454545454545454,1.1764705882352942,1.1,2.4375,22.83333333333333
POS_10133042,1,43.87493,-109.285,Wyoming,41.0,41.0,44.0,41.0,40.0,42.0,1.0731707317073171,1.025,1.0,0.9761904761904762,41.5
POS_10137553,1,33.30539,-111.065,Arizona,91.0,76.0,80.0,76.0,73.0,61.0,1.0526315789473684,1.0410958904109588,1.0,1.4918032786885247,76.16666666666667
POS_10137918,1,31.87152,-111.149,Arizona,,,,,,,,,,,
POS_10149678,1,38.98351,-119.194,Nevada,,,,,,,,,,,
POS_10150841,1,32.96821,-107.542,New Mexico,86.0,76.33333333333333,78.33333333333333,74.0,70.66666666666667,66.0,1.0262008733624457,1.0471698113207546,1.0315315315315314,1.303030303030303,75.22222222222221
POS_10161929,1,32.39371,-111.502,Arizona,110.5,84.5,80.0,83.5,78.0,63.5,0.9467455621301776,1.0705128205128205,1.0119760479041915,1.7401574803149606,83.33333333333333
POS_10162257,1,32.5168,-111.901,Arizona,113.66666666666669,100.0,108.0,103.0,100.0,87.66666666666667,1.08,1.03,0.970873786407767,1.296577946768061,102.05555555555556
POS_10162326,1,34.58474,-113.209,Arizona,141.0,140.0,153.0,147.0,153.0,138.0,1.0928571428571427,0.9607843137254902,0.9523809523809524,1.0217391304347827,145.33333333333334
POS_10173000,1,46.0202,-112.527,Montana,39.0,38.0,39.0,35.0,34.0,37.0,1.0263157894736843,1.0294117647058822,1.0857142857142856,1.054054054054054,37.0
POS_10174772,1,32.63622,-108.373,New Mexico,,,,,,,,,,,
POS_10184420,1,33.40698,-110.876,Arizona,,,,,,,,,,,
POS_10185792,1,33.40978,-110.905,Arizona,,,,,,,,,,,
POS_10186051,1,33.40818,-110.887,Arizona,,,,,,,,,,,
POS_10186598,1,33.04785,-111.431,Arizona,122.0,117.0,122.0,121.0,113.0,82.0,1.0427350427350428,1.0707964601769913,0.9669421487603306,1.4878048780487805,112.83333333333331
POS_10193063,1,43.88977,-113.675,Idaho,57.0,53.0,60.0,58.0,55.0,54.0,1.1320754716981132,1.0545454545454545,0.913793103448276,1.0555555555555556,56.16666666666666
POS_10209543,1,32.93085,-109.623,Arizona,,,,,,,,,,,
POS_10209824,1,33.34178,-110.903,Arizona,,,,,,,,,,,
POS_10210616,1,33.18315,-110.992,Arizona,,,,,,,,,,,
POS_10210685,1,31.83263,-110.759,Arizona,92.0,76.0,79.0,73.0,68.0,58.0,1.0394736842105263,1.0735294117647058,1.0410958904109588,1.5862068965517242,74.33333333333333
POS_10221947,1,47.0233,-112.363,Montana,66.5,53.0,53.5,52.0,51.5,49.5,1.009433962264151,1.0097087378640777,1.0192307692307692,1.3434343434343434,54.333333333333336
POS_10234135,1,33.05899,-110.742,Arizona,,,,,,,,,,,
POS_10234825,1,31.90822,-111.051,Arizona,,,,,,,,,,,
POS_10257231,1,33.44588,-110.882,Arizona,,,,,,,,,,,
POS_10258292,1,33.41228,-110.965,Arizona,,,,,,,,,,,
POS_10261965,1,40.21657,-120.784,California,80.5,63.5,72.0,69.0,64.0,57.0,1.1338582677165354,1.078125,0.9202898550724636,1.412280701754386,67.66666666666667
POS_10264283,1,37.40671,-108.089,Colorado,,,,,,,,,,,
POS_10277595,1,46.35591,-122.084,Washington,48.0,37.333333333333336,40.333333333333336,37.0,35.666666666666664,34.0,1.0803571428571428,1.0373831775700937,1.0090090090090091,1.411764705882353,38.72222222222222
POS_10282444,1,33.089,-109.354,Arizona,,,,,,,,,,,
POS_10282707,1,31.44044,-109.908,Arizona,,,,,,,,,,,
POS_10282908,1,33.39178,-110.876,Arizona,,,,,,,,,,,
POS_10283179,1,32.95465,-111.817,Arizona,,,,,,,,,,,
POS_10283204,1,32.354,-112.869,Arizona,91.0,86.5,82.0,83.0,83.5,83.0,0.9479768786127168,0.994011976047904,1.0421686746987953,1.0963855421686748,84.83333333333333
POS_10301870,1,46.35791,-122.077,Washington,74.66666666666667,55.0,62.333333333333336,55.66666666666666,55.333333333333336,47.0,1.1333333333333333,1.006024096385542,0.9880239520958084,1.5886524822695036,58.333333333333336
POS_10310360,1,38.78159,-117.952,Nevada,,,,,,,,,,,
POS_10310385,1,38.95991,-119.271,Nevada,,,,,,,,,,,
POS_10310387,1,39.04741,-119.241,Nevada,,,,,,,,,,,
POS_10310388,1,39.01491,-119.185,Nevada,,,,,,,,,,,
POS_10310402,1,39.25661,-114.999,Nevada,58.0,63.0,60.5,62.5,61.0,61.0,0.9603174603174603,1.024590163934426,1.008,0.9508196721311476,61.0
POS_10310428,1,39.79993,-115.101,Nevada,92.5,88.5,94.0,85.0,87.0,86.0,1.0621468926553672,0.9770114942528736,1.0411764705882354,1.0755813953488371,88.83333333333333
POS_10310521,1,41.78056,-114.776,Nevada,89.75,82.0,91.75,86.5,84.75,79.5,1.1189024390243902,1.0206489675516224,0.9479768786127168,1.128930817610063,85.70833333333333
POS_10310523,1,40.32909,-114.552,Nevada,105.0,92.0,99.0,90.0,88.0,87.0,1.076086956521739,1.0227272727272727,1.022222222222222,1.206896551724138,93.5
POS_10310559,1,38.50798,-118.097,Nevada,,,,,,,,,,,
POS_10400263,1,37.57174,-105.487,Colorado,52.0,52.0,57.0,50.0,50.0,55.0,1.0961538461538465,1.0,1.04,0.9454545454545454,52.66666666666666
POS_10400304,1,34.0375,-112.346,Arizona,82.0,75.33333333333333,78.66666666666667,71.66666666666667,72.0,72.33333333333333,1.0442477876106195,0.9953703703703703,1.0511627906976744,1.1336405529953917,75.33333333333333
POS_10400314,1,32.9468,-109.654,Arizona,,,,,,,,,,,
POS_10400395,1,33.378,-110.998,Arizona,34.0,36.0,34.0,37.0,32.0,36.0,0.9444444444444444,1.15625,0.972972972972973,0.9444444444444444,34.833333333333336
POS_60000203,1,31.86683,-110.784,Arizona,92.0,77.0,79.0,74.0,68.0,59.0,1.025974025974026,1.088235294117647,1.0405405405405406,1.5593220338983051,74.83333333333333
POS_60000298,1,32.42041,-111.541,Arizona,115.5,91.0,88.0,91.5,85.0,67.5,0.967032967032967,1.076470588235294,0.994535519125683,1.711111111111111,89.75
POS_60000887,1,40.51664,-112.151,Utah,63.5,93.0,99.33333333333331,66.5,66.0,60.5,1.068100358422939,1.0075757575757576,1.3984962406015038,1.0495867768595042,74.80555555555556
POS_60000891,1,31.96682,-111.084,Arizona,,,,,,,,,,,
POS_60000966,1,39.25664,-114.999,Nevada,58.0,63.0,60.5,62.5,61.0,61.0,0.9603174603174603,1.024590163934426,1.008,0.9508196721311476,61.0
POS_60001622,1,46.0249,-112.53,Montana,38.0,37.0,36.0,35.0,32.0,35.0,0.972972972972973,1.09375,1.0571428571428572,1.0857142857142856,35.5
POS_60001624,1,43.873,-109.303,Wyoming,61.0,56.0,63.0,60.0,59.0,58.0,1.125,1.0169491525423728,0.9333333333333332,1.0517241379310345,59.5
POS_60001650,1,39.25684,-114.996,Nevada,98.0,92.0,94.0,92.5,96.5,90.5,1.0217391304347827,0.9585492227979274,0.9945945945945946,1.0828729281767957,93.91666666666669
