sample_id,Y_label,latitude,longitude,state,aster_b1,aster_b2,aster_b3n,aster_ferric_index,aster_nir_red_ratio,aster_ndvi_like,aster_brightness
NEG_KMN_AR_00001,0,34.710467906810386,-112.11316014987948,Arizona,123.0,124.0,93.0,1.0081300812188512,0.7499999999395162,-0.1428571428505595,113.33333333333331
NEG_KMN_AR_00002,0,35.282395787884965,-111.4753314641698,Arizona,75.0,60.333333333333336,66.0,0.8005685433067672,1.1675309865648524,0.0686585745332595,67.11111111111111
NEG_KMN_AR_00003,0,33.87016654679135,-112.87311000146052,Arizona,197.5,213.5,173.5,1.1142857142222289,0.798666210632118,-0.1137157740897432,194.8333333333333
NEG_KMN_AR_00004,0,32.69906329832093,-114.44171089992663,Arizona,74.16666666666667,75.33333333333333,77.5,1.0696915033157086,1.1646933870132947,0.0501995475687096,75.66666666666667
NEG_KMN_AR_00005,0,33.59203254647147,-113.10986808461944,Arizona,65.66666666666667,70.33333333333333,72.66666666666667,1.1252540647941789,1.239081662051169,0.0771897265488832,69.55555555555556
NEG_KMN_AR_00006,0,36.547525911314615,-109.13356802198189,Arizona,83.0,70.8,67.4,0.8739336588137278,1.0185477358844754,-0.0202837646869206,73.73333333333333
NEG_KMN_AR_00007,0,33.63052939511292,-113.38459519616153,Arizona,145.0,135.625,94.875,0.9366473076155386,0.6982877693092537,-0.1777492272463318,125.16666666666666
NEG_KMN_AR_00008,0,32.5345811302746,-109.6783953104566,Arizona,114.25,114.5,106.5,1.0118570154206554,0.985129849989518,-0.0326899951884965,111.75
NEG_KMN_AR_00009,0,33.60796642980187,-112.9842764021804,Arizona,75.0,74.5,75.5,1.03182461087033,1.1137672809323131,0.0179312190533122,75.0
NEG_KMN_AR_00010,0,33.6971953385475,-111.06895254638454,Arizona,66.25,64.25,65.5,1.0370505520142022,1.1365100470550755,0.0408653370922615,65.33333333333333
NEG_KMN_AR_00011,0,35.177863534190145,-111.96603555279104,Arizona,98.5,80.875,87.5,0.8308195489020707,1.5928924983474904,0.1392247632836178,88.95833333333334
NEG_KMN_AR_00012,0,36.25408919744255,-111.44918372044827,Arizona,159.0,183.3333333333333,127.66666666666669,1.17386430817902,0.696314278970675,-0.1790527438031365,156.66666666666666
NEG_KMN_AR_00013,0,32.044579085118976,-109.74268416776698,Arizona,144.16666666666666,141.16666666666666,102.5,0.999095932543794,0.799264606351019,-0.1320567564856765,129.27777777777777
NEG_KMN_AR_00014,0,33.888114743102875,-112.14925424459534,Arizona,99.75,100.75,93.25,1.0475980018725428,1.0257663612937138,-0.0188769296114944,97.91666666666669
NEG_KMN_AR_00015,0,33.48521976099212,-111.92676060190172,Arizona,120.0,99.0,94.0,0.8249999999312501,0.949494949399041,-0.025906735749953,104.33333333333331
NEG_KMN_AR_00016,0,34.81464924435589,-110.7003043823538,Arizona,118.63636363636364,108.1818181818182,93.72727272727272,0.9450241083132924,0.9519363987424118,-0.0527465626599061,106.84848484848486
NEG_KMN_AR_00017,0,32.5162923403301,-114.6965126245484,Arizona,66.5,59.5,61.0,0.8945878621841483,1.027023202995994,0.0128841118908605,62.33333333333333
NEG_KMN_AR_00018,0,33.34755107402584,-111.97837709061127,Arizona,67.0,54.0,62.0,0.8059701491334373,1.148148147935528,0.068965517235434,61.0
NEG_KMN_AR_00019,0,33.85164243463179,-113.19148255928258,Arizona,80.25,84.5,91.25,1.1036569493197737,1.1491553898910234,0.0497016184482989,85.33333333333334
NEG_KMN_AR_00020,0,32.68240760228859,-111.13015847418876,Arizona,74.66666666666667,78.66666666666667,81.83333333333333,1.0601465268460553,1.1974075721207813,0.058701242712376,78.3888888888889
NEG_KMN_AR_00021,0,34.08349650597217,-110.25122876219814,Arizona,155.14285714285714,145.14285714285714,100.0,0.9407277867259518,0.7143029317030793,-0.1697238298020826,133.42857142857142
NEG_KMN_AR_00022,0,35.30194815713613,-109.15171866316484,Arizona,105.57142857142856,95.28571428571428,81.28571428571429,0.9151569728337132,0.9006120140222326,-0.0713298953653442,94.04761904761904
NEG_KMN_AR_00023,0,35.24753252397211,-113.98021207092825,Arizona,137.0,150.0,102.5,1.0498633464089506,0.6832065338428832,-0.1882083481326175,129.83333333333334
NEG_KMN_AR_00024,0,35.166592074118114,-112.13134365919046,Arizona,130.85714285714286,130.42857142857142,97.42857142857144,1.0161222487817254,0.8293915260803475,-0.1137414261318945,119.57142857142856
NEG_KMN_AR_00025,0,34.75260111725222,-112.58962225449147,Arizona,117.0,109.66666666666669,84.0,0.9389001512944268,0.7649274388179063,-0.1333309634589366,103.55555555555554
NEG_KMN_AR_00026,0,34.35643706341952,-109.67653518050378,Arizona,183.5,167.5,109.5,0.93157078660389,0.6570070473826908,-0.2071584239090869,153.5
NEG_KMN_AR_00027,0,32.46007127669681,-114.52210768911976,Arizona,100.75,92.75,81.5,0.9536279777319512,0.9608370501043284,-0.0438768726076073,91.66666666666666
NEG_KMN_AR_00028,0,33.9401109193817,-111.3447800258325,Arizona,111.0,124.6,99.8,1.1454300222116107,0.9200648063764728,-0.0721219698818536,111.8
NEG_KMN_AR_00029,0,34.0521099735311,-114.24707391939576,Arizona,131.42857142857142,127.85714285714286,101.85714285714286,0.9860904122680932,0.949575628173536,-0.064268493714992,120.38095238095238
NEG_KMN_AR_00030,0,33.791933565491334,-109.1645998693508,Arizona,174.0,167.4,124.8,0.9560227721501868,0.7266892284160865,-0.1605123590255336,155.39999999999998
NEG_KMN_AR_00031,0,34.37824185726867,-113.65260081969598,Arizona,89.81818181818181,81.18181818181819,68.63636363636364,0.9337267033251124,0.9022815200337128,-0.0765951191630979,79.87878787878788
NEG_KMN_AR_00032,0,34.19414506261158,-110.06499895739135,Arizona,77.8,71.0,68.8,0.9360480157602687,1.048536879607492,-0.0057194619384666,72.53333333333333
NEG_KMN_AR_00033,0,33.531125976686695,-110.16424440829604,Arizona,99.1818181818182,85.27272727272727,78.54545454545455,0.866385829034495,0.981354286974116,-0.0417686310564313,87.66666666666667
NEG_KMN_AR_00034,0,35.056707716620345,-110.30212962216387,Arizona,100.42857142857144,89.0,85.28571428571429,0.8472111047681535,0.9408538836977428,-0.0307484895584471,91.57142857142856
NEG_KMN_AR_00035,0,34.196331895385164,-109.92100133024638,Arizona,107.85714285714286,99.57142857142856,79.0,0.97041985905787,0.9325241404874884,-0.0664373119732055,95.47619047619048
NEG_KMN_AR_00036,0,32.27182252992389,-109.47136893425797,Arizona,83.0,84.0,71.0,1.012048192649151,0.8452380951374717,-0.0838709677365244,79.33333333333333
NEG_KMN_AR_00037,0,36.17863623074766,-112.84133185300897,Arizona,25.0,21.0,78.0,0.839999999664,3.714285712517007,0.5757575756994184,41.333333333333336
NEG_KMN_AR_00038,0,35.215098523033475,-113.47383272279262,Arizona,157.11111111111111,145.77777777777777,109.44444444444444,0.9258819431641148,0.7289386440323709,-0.1602697237425408,137.44444444444443
NEG_KMN_AR_00039,0,34.764834250921155,-114.23891773245816,Arizona,127.0,137.0,111.33333333333331,1.115240582833213,0.9208764769779292,-0.0736498156976222,125.1111111111111
NEG_KMN_AR_00040,0,34.32487644063399,-109.80096225276752,Arizona,94.5,91.0,68.5,0.96271585547101,0.752994555270968,-0.1409166075980579,84.66666666666666
NEG_KMN_AR_00041,0,36.69095402376064,-110.67997217988476,Arizona,142.33333333333334,150.66666666666666,104.66666666666669,1.057103523455416,0.6955512221091119,-0.1796000658256847,132.55555555555557
NEG_KMN_AR_00042,0,33.5656686604357,-112.08177687032024,Arizona,85.33333333333333,81.0,63.333333333333336,0.9398625312453662,0.7903169156844881,-0.1177396561565196,76.55555555555556
NEG_KMN_AR_00043,0,36.16956638806783,-109.8029996514124,Arizona,85.625,75.875,88.25,0.8700085215921565,1.3727237421515257,0.1086349318544678,83.25
NEG_KMN_AR_00044,0,34.27649861178125,-113.48223447879934,Arizona,119.0,109.5,100.5,0.8958258905436454,0.890019524383467,-0.0593915981931058,109.66666666666669
NEG_KMN_AR_00045,0,34.04320195712642,-110.9623852430076,Arizona,129.4,109.8,92.6,0.7558727026349212,1.157573865666364,0.0379995130477967,110.6
NEG_KMN_AR_00046,0,33.32873639788751,-112.74274576938762,Arizona,94.85714285714286,86.28571428571429,81.57142857142857,0.8796535952812878,1.0633696822406655,0.0039727476841503,87.57142857142857
NEG_KMN_AR_00047,0,32.25416849861696,-112.21885236518916,Arizona,127.08333333333331,114.41666666666669,94.5,0.8886504872319786,0.828260094115913,-0.0966521373906551,112.0
NEG_KMN_AR_00048,0,35.003889192813574,-111.42493523016446,Arizona,133.0,136.6,106.6,1.0511153914624387,0.8463152692938625,-0.1088807668634283,125.4
NEG_KMN_AR_00049,0,36.61209826029162,-111.44763623398694,Arizona,138.0,174.0,122.0,1.2432376752928955,0.7038288975493847,-0.1738912140717234,144.66666666666666
NEG_KMN_AR_00050,0,32.81680277534198,-109.9377443826844,Arizona,168.5,160.33333333333334,108.0,0.9508988164339108,0.6790110476031747,-0.1914636601771835,145.61111111111111
NEG_KMN_AR_00051,0,33.87975146452446,-113.12287760653844,Arizona,149.75,130.25,98.0,0.8855430216462734,0.776312759751789,-0.1289053763304012,126.0
NEG_KMN_AR_00052,0,35.32039187853964,-112.10446699514108,Arizona,152.2,162.0,117.0,1.0880839643462117,0.7277322486511613,-0.1580842027347045,143.73333333333332
NEG_KMN_AR_00053,0,36.02847157463866,-111.28840719464267,Arizona,118.0,106.5,91.0,0.9131588512475424,0.8548315992848888,-0.0802310654643924,105.16666666666666
NEG_KMN_AR_00054,0,33.50864991516588,-110.38422627664602,Arizona,164.0,150.875,97.375,0.9297320095859508,0.6546895865398403,-0.2094654777273349,137.41666666666666
NEG_KMN_AR_00055,0,34.20909278909026,-109.63011609793011,Arizona,106.16666666666669,89.33333333333333,71.0,0.8347227677809702,0.8206392705804398,-0.1011721315167587,88.83333333333333
NEG_KMN_AR_00056,0,35.04391037472793,-113.52377832358866,Arizona,135.71428571428572,125.14285714285714,88.57142857142857,0.9177752508826345,0.7077713365894613,-0.1717146933801268,116.47619047619048
NEG_KMN_AR_00057,0,34.19665811862048,-112.692324831706,Arizona,72.2,69.0,70.2,0.952401117535041,1.0926065657470727,0.0209981333634926,70.46666666666667
NEG_KMN_AR_00058,0,35.31914934794663,-111.97148456176636,Arizona,57.5,54.5,63.0,0.975744975545008,1.2747252744470878,0.0901098901006038,58.33333333333333
NEG_KMN_AR_00059,0,34.19340402344506,-110.26990381810651,Arizona,132.0,134.0,105.5,1.0445314592768729,0.8419460052262823,-0.1041309773877445,123.83333333333331
NEG_KMN_AR_00060,0,33.870966719322375,-113.83025116806652,Arizona,63.0,52.0,52.0,0.82539682526581,0.9999999998076924,0.0,55.66666666666666
NEG_KMN_AR_00061,0,32.638948579909496,-110.09827782551918,Arizona,97.5,97.3,82.9,1.013170307495436,0.9181464137170132,-0.0714046816806903,92.56666666666666
NEG_KMN_AR_00062,0,35.258874130489055,-111.90466885261247,Arizona,172.0,166.25,138.25,0.9609359980510606,0.7950300557682697,-0.1195649655616621,158.83333333333334
NEG_KMN_AR_00063,0,35.87058776703884,-114.11315499995236,Arizona,202.5,194.0,122.5,0.9707843136734202,0.6353080238843,-0.2231641356282751,173.0
NEG_KMN_AR_00064,0,31.71207429991645,-109.5754524994628,Arizona,82.25,97.25,90.5,1.2526850863163204,1.072168680562261,0.0088386139588423,90.0
NEG_KMN_AR_00065,0,34.84415104612303,-110.85577697407643,Arizona,64.5,48.25,57.25,0.7445038437383016,1.2121892167926125,0.0927737021418397,56.66666666666667
NEG_KMN_AR_00066,0,35.259114365216206,-114.493938117869,Arizona,85.6,69.6,65.6,0.8183553686132964,0.9770130731653276,-0.0157020037422119,73.60000000000001
NEG_KMN_AR_00067,0,34.87155191260862,-111.55441476435205,Arizona,169.2,157.46666666666667,104.46666666666668,0.9363362617774176,0.7392801740323307,-0.1710952109650298,143.7111111111111
NEG_KMN_AR_00068,0,33.901290004031814,-113.54731646313849,Arizona,93.75,90.0,78.25,0.9808483731665868,0.9484454231408148,-0.0561306422574159,87.33333333333333
NEG_KMN_AR_00069,0,34.75813821728557,-111.73900239249338,Arizona,84.33333333333333,77.66666666666667,72.66666666666667,0.9198593072493386,0.9355764213700112,-0.0376769626740763,78.22222222222221
NEG_KMN_AR_00070,0,31.64755532883539,-111.52274123667524,Arizona,141.42857142857142,136.0,95.28571428571428,0.9729552898754268,0.7738101389186748,-0.1478122410931492,124.23809523809526
NEG_KMN_AR_00071,0,34.2489733359891,-110.78966982196692,Arizona,170.42857142857142,165.0,110.85714285714286,0.9632226805218692,0.6782115263205472,-0.1923184724563323,148.7619047619048
NEG_KMN_AR_00072,0,33.94009419918701,-109.88045297202154,Arizona,78.8,74.2,64.2,0.9924089870135806,1.0672885118713011,-0.0028569746964148,72.4
NEG_KMN_AR_00073,0,31.359364617465594,-109.52855994183231,Arizona,85.0,75.5,65.0,0.8861146676979095,0.8697897787851789,-0.0703911194059135,75.16666666666667
NEG_KMN_AR_00074,0,33.80414165083234,-113.36254742947352,Arizona,165.5,154.75,114.75,0.91632725237329,0.7229727665883967,-0.161925239025677,145.0
NEG_KMN_AR_00075,0,35.13295027375005,-111.87260454574904,Arizona,83.5,78.0,74.0,0.9277178663991128,0.9541440216120136,-0.0237110191720235,78.5
NEG_KMN_AR_00076,0,35.06873751090914,-113.90778680785826,Arizona,131.0,143.33333333333334,101.66666666666669,1.0935254975723945,0.7098284589736993,-0.1697295357737255,125.33333333333331
NEG_KMN_AR_00077,0,34.89715245825674,-112.43669854912577,Arizona,30.0,44.0,66.0,1.4666666661777776,1.499999999659091,0.1999999999818182,46.66666666666666
NEG_KMN_AR_00078,0,35.52065002784113,-111.93092048542786,Arizona,66.0,77.0,102.0,1.161038960858897,1.3217040671431586,0.1385265896813815,81.66666666666666
NEG_KMN_AR_00079,0,36.22301009008068,-112.16192183826509,Arizona,96.66666666666669,95.0,81.0,0.9845740621427768,0.8522590916046126,-0.080109333716858,90.8888888888889
NEG_KMN_AR_00080,0,34.19336771829118,-109.83667190012189,Arizona,162.0,149.75,97.5,0.9276207455377828,0.6510993349257496,-0.2116215496111624,136.41666666666666
NEG_KMN_AR_00081,0,34.062583897136555,-110.68600198555322,Arizona,101.0,98.25,78.75,1.018560605909424,0.9098691383569246,-0.0712855938824397,92.66666666666666
NEG_KMN_AR_00082,0,33.78761334801134,-110.24263288059323,Arizona,113.0,115.75,100.25,1.0532416753218317,0.9487898130283934,-0.0512571116162575,109.66666666666669
NEG_KMN_AR_00083,0,33.55310182045917,-114.23292953005632,Arizona,90.1818181818182,82.45454545454545,70.0,0.9308825944196968,0.9077007855582157,-0.0740457337973625,80.87878787878789
NEG_KMN_AR_00084,0,33.89459676877559,-111.40136043489024,Arizona,125.5,130.83333333333334,96.66666666666669,1.0469119259369588,0.7409902198216699,-0.1494798501483162,117.66666666666669
NEG_KMN_AR_00085,0,34.023272652558724,-114.06053157892006,Arizona,69.33333333333333,59.333333333333336,64.33333333333333,0.849637786021432,1.0930768041673515,0.0436023079715029,64.33333333333333
NEG_KMN_AR_00086,0,33.86652547085525,-113.05082641025405,Arizona,53.285714285714285,55.71428571428572,71.0,1.044628149890326,1.3731229845229806,0.138286795754767,60.0
NEG_KMN_AR_00087,0,33.89755139516418,-110.37665607950872,Arizona,66.0,56.0,61.0,0.8484848483562902,1.089285714091199,0.0427350427313901,61.0
NEG_KMN_AR_00088,0,33.85450413493318,-109.80211738110204,Arizona,54.66666666666666,51.16666666666666,52.333333333333336,0.9675972081713924,1.088173194455581,0.0165809604474318,52.72222222222223
NEG_KMN_AR_00089,0,33.89071101847703,-112.8854419966516,Arizona,121.5,128.25,103.75,1.08049153455702,0.8646220561820697,-0.1009201499753026,117.83333333333331
NEG_KMN_AR_00090,0,34.357972125552536,-113.88145723945934,Arizona,121.77777777777776,116.22222222222224,103.44444444444444,0.9610092308806149,0.9436248959114656,-0.0517803248725062,113.8148148148148
NEG_KMN_AR_00091,0,35.14580593420929,-112.38874043111424,Arizona,150.75,155.75,106.0,1.050630041726116,0.6987559706358463,-0.1784703624481375,137.5
NEG_KMN_AR_00092,0,35.400844997573394,-112.5367057271356,Arizona,63.5,52.25,59.0,0.8080349402444961,1.158694205323786,0.0713805351569509,58.24999999999999
NEG_KMN_AR_00093,0,31.58665429993623,-109.40562887000829,Arizona,64.8,60.0,59.6,0.9875191025454958,1.1072621472962172,0.0270070568426543,61.46666666666666
NEG_KMN_AR_00094,0,32.654494383641506,-109.90716491169415,Arizona,65.0,56.0,53.0,0.8615384614059173,0.9464285712595664,-0.0275229357772914,58.0
NEG_KMN_AR_00095,0,33.86241046982644,-113.9963979979198,Arizona,149.2,138.6,111.8,0.8970943556319565,0.8667677412772827,-0.0774093543723169,133.2
NEG_KMN_AR_00096,0,34.719654317724824,-114.48783988410548,Arizona,73.8,61.8,62.4,0.8318683842005976,1.0223534891043256,0.0047006236070858,65.99999999999999
NEG_KMN_AR_00097,0,34.685435620832386,-111.39716876915644,Arizona,75.625,81.125,86.875,1.128371190291942,1.1988954739268305,0.0669355753492364,81.20833333333334
NEG_KMN_AR_00098,0,36.82136043182366,-113.86623569857043,Arizona,105.25,98.5,92.0,0.9585185511422684,1.0291782796233748,-0.0180914355917049,98.58333333333331
NEG_KMN_AR_00099,0,36.911754499009874,-111.52971168776412,Arizona,120.33333333333331,110.0,95.66666666666669,0.8049910872418454,1.2013407069552728,0.0638296941583123,108.66666666666669
NEG_KMN_AR_00100,0,33.694100663810524,-113.21918048215925,Arizona,53.8,46.0,50.4,0.8782616507176311,1.3911283218560335,0.1199178981658813,50.06666666666667
NEG_KMN_AR_00101,0,35.31216808324772,-112.1997529180898,Arizona,127.875,141.5,104.125,1.1180009470302568,0.7296038023907441,-0.1567523347194159,124.5
NEG_KMN_AR_00102,0,33.3202112745995,-112.25761171655012,Arizona,113.2,123.8,88.8,1.0952835654295014,0.7159079673864003,-0.1657771045316614,108.6
NEG_KMN_AR_00103,0,32.74631377354974,-114.068795591832,Arizona,170.66666666666666,148.44444444444446,96.11111111111111,0.870687149458425,0.6630129994331069,-0.2037207857044528,138.40740740740742
NEG_KMN_AR_00104,0,34.00444862614421,-111.04473030508586,Arizona,98.875,85.0,88.625,0.8377322830399379,1.4823085583011455,0.1259518546363354,90.83333333333331
NEG_KMN_AR_00105,0,33.5030933049424,-114.13299177578445,Arizona,50.0,48.5,51.0,1.0460372957103512,1.2058504871832747,0.0722260195809148,49.83333333333333
NEG_KMN_AR_00106,0,36.17590665007405,-111.27160973357952,Arizona,66.0,53.0,62.0,0.8030303029086319,1.169811320533998,0.0782608695584121,60.333333333333336
NEG_KMN_AR_00107,0,33.73077540259764,-114.2972580972247,Arizona,255.0,255.0,169.0,0.9999999999607844,0.6627450980132257,-0.2028301886744615,226.3333333333333
NEG_KMN_AR_00108,0,32.31431754801079,-111.76430165774718,Arizona,67.83333333333333,50.833333333333336,56.66666666666666,0.7390056890428695,1.181882934387006,0.0759180216157294,58.44444444444444
NEG_KMN_AR_00109,0,32.81305797492042,-114.18508441345692,Arizona,173.0,163.6,110.8,0.936145219736814,0.6777696257555987,-0.192412294879166,149.13333333333333
NEG_KMN_AR_00110,0,34.07195305449211,-111.6541730743748,Arizona,49.66666666666666,34.333333333333336,52.333333333333336,0.6898274332769935,1.5228530432021123,0.2064563412686243,45.44444444444445
NEG_KMN_AR_00111,0,34.975148366281175,-112.02340197225334,Arizona,143.0,130.6,87.0,0.9038194247824464,0.6745838024711512,-0.194537404337387,120.2
NEG_KMN_AR_00112,0,35.13923516592623,-113.20339386360052,Arizona,61.333333333333336,47.66666666666666,55.0,0.7774084885294062,1.142496806908748,0.0654894883115834,54.66666666666666
NEG_KMN_AR_00113,0,35.0755437163736,-111.84947379873496,Arizona,137.14285714285714,131.71428571428572,108.0,0.9708426623636146,0.8277883248314657,-0.1121401125428209,125.6190476190476
NEG_KMN_AR_00114,0,34.341895029758696,-110.58473864869744,Arizona,142.66666666666666,159.0,109.66666666666669,1.1111320771293214,0.6901835377580663,-0.1833111688677856,137.11111111111111
NEG_KMN_AR_00115,0,35.70933953518595,-111.33217302911282,Arizona,139.42857142857142,133.28571428571428,88.85714285714286,0.962826687882772,0.7425892263110698,-0.1662177226257466,120.52380952380952
NEG_KMN_AR_00116,0,32.03934983143016,-110.4781650639228,Arizona,123.5,120.25,94.25,0.9705554095834475,0.8003742045213406,-0.1143237620738072,112.66666666666666
NEG_KMN_AR_00117,0,33.62346238890111,-113.493867208413,Arizona,141.3,128.2,87.2,0.9101340424513518,0.6883805581975021,-0.1851864730818528,118.9
NEG_KMN_AR_00118,0,33.786403726163414,-113.0034169172913,Arizona,71.33333333333333,55.66666666666666,54.333333333333336,0.7666532936692491,1.027838957106549,0.0077828222987558,60.44444444444445
NEG_KMN_AR_00119,0,32.60647585127434,-114.74732784889926,Arizona,120.75,137.25,95.75,1.1362978330677096,0.7015046655476416,-0.1759442788203485,117.91666666666669
NEG_KMN_AR_00120,0,36.49484801399601,-109.56641516305712,Arizona,56.16666666666666,54.333333333333336,63.16666666666666,0.988282331176503,1.2977511232210537,0.0983651556511588,57.888888888888886
NEG_KMN_AR_00121,0,34.782382135220054,-110.76762649760131,Arizona,87.75,94.0,73.0,1.0921165053540645,0.8156344560787128,-0.1228901734414965,84.91666666666667
NEG_KMN_AR_00122,0,32.40260688173829,-110.96534015875731,Arizona,129.16666666666666,127.16666666666669,91.5,0.9967699835649788,0.7275179576876388,-0.1584063384089594,115.94444444444444
NEG_KMN_AR_00123,0,33.632056693387575,-113.04913256137468,Arizona,97.0,105.5,104.0,1.1184417786120469,1.095272904359549,0.0109270761430691,102.16666666666666
NEG_KMN_AR_00124,0,33.89116998677176,-110.02614221239992,Arizona,189.5,197.0,146.0,1.0604838709029338,0.7296374664574757,-0.1568995612533251,177.5
NEG_KMN_AR_00125,0,31.76024281015266,-110.24924597189624,Arizona,92.625,85.75,80.875,0.9283597195731802,1.1053862031001147,0.0089310718339633,86.41666666666666
NEG_KMN_AR_00126,0,33.610165063797055,-112.09610039567876,Arizona,72.0,73.22222222222223,78.33333333333333,1.0682631214807874,1.1723960402062616,0.0522712549890352,74.51851851851853
NEG_KMN_AR_00127,0,33.39183043917492,-111.78204547691011,Arizona,62.75,59.75,62.25,1.0133831367175818,1.2003528503547476,0.0646484002923434,61.58333333333333
NEG_KMN_AR_00128,0,35.23110397047846,-111.61233454953948,Arizona,49.0,44.0,62.5,0.9483901512834176,1.518867924144688,0.1759259259091956,51.83333333333333
NEG_KMN_AR_00129,0,35.24003430073144,-111.3573403502296,Arizona,146.0,140.14285714285714,114.28571428571428,0.9445973260996264,0.8056648266253514,-0.1092509292677476,133.47619047619048
NEG_KMN_AR_00130,0,36.92539431328582,-112.2518716242824,Arizona,129.3,117.1,81.1,0.9007106746303505,0.6966702286784039,-0.1790996697142479,109.16666666666669
NEG_KMN_AR_00131,0,36.2093571293326,-111.00007588221388,Arizona,131.4,119.0,81.4,0.9057600163988454,0.6855870980290406,-0.1868646323063147,110.6
NEG_KMN_AR_00132,0,35.155277712560824,-112.40561407649392,Arizona,136.0,121.2,91.4,0.886955714434448,0.8039829077369133,-0.1174915626714274,116.2
NEG_KMN_AR_00133,0,35.16742736353973,-111.64313635794376,Arizona,100.75,105.75,100.0,1.0923473857566852,1.060685448408087,-0.0026769310986057,102.16666666666669
NEG_KMN_AR_00134,0,31.96330689533201,-109.201474035429,Arizona,98.75,112.5,85.0,1.129192202812905,0.7532280039931233,-0.14109144561491,98.75
NEG_KMN_AR_00135,0,34.027883731293365,-113.4626159966067,Arizona,110.6,111.7,103.2,1.0444147162298492,1.073580269583725,-0.0273267569591695,108.5
NEG_KMN_AR_00136,0,33.99081860810132,-111.85737293484648,Arizona,170.0,138.0,101.0,0.811764705834602,0.7318840579179794,-0.154811715474694,136.33333333333334
NEG_KMN_AR_00137,0,33.19091919626501,-114.31961048183616,Arizona,122.5,133.5,109.25,1.1196922166292582,0.8915285410859877,-0.084874986941509,121.75
NEG_KMN_AR_00138,0,34.85139920065951,-112.21905136784176,Arizona,65.57142857142857,71.71428571428571,93.28571428571428,1.1119539174704862,1.3429995107982848,0.1446895559891854,76.85714285714286
NEG_KMN_AR_00139,0,34.40311450852097,-113.58602824984156,Arizona,53.0,38.0,57.0,0.7192526726835591,1.4937134499001965,0.192709951310804,49.333333333333336
NEG_KMN_AR_00140,0,35.13408830384135,-109.9531300386177,Arizona,137.6,130.6,94.2,0.9362970226857366,0.7282203026195088,-0.1579614421339922,120.8
NEG_KMN_AR_00141,0,33.906295983349466,-113.0990487298448,Arizona,67.5625,59.875,57.9375,0.9142534423213696,1.140046684869589,0.0269646858205755,61.79166666666666
NEG_KMN_AR_00142,0,32.36821633174182,-112.357163119546,Arizona,84.25,70.25,72.75,0.8721077532247068,1.1527013407771274,0.0374708624667275,75.75
NEG_KMN_AR_00143,0,33.78371029360854,-111.21378072707444,Arizona,76.25,86.0,105.0,1.1386363634198944,1.7167564770109458,0.1724189300236952,89.08333333333331
NEG_KMN_AR_00144,0,35.03623552494329,-110.3973529746014,Arizona,120.0,111.75,84.5,0.9264077798164304,0.7679162869695586,-0.133237860949467,105.41666666666669
NEG_KMN_AR_00146,0,32.82300796407687,-113.60895760358238,Arizona,176.375,166.125,111.0,0.9410726319783936,0.6694580579408423,-0.1982966699040724,151.16666666666669
NEG_KMN_AR_00147,0,35.05158139048116,-109.64372384884472,Arizona,67.33333333333333,76.66666666666667,83.0,1.152401574758776,1.206163614096605,0.0678728457271311,75.66666666666667
NEG_KMN_AR_00148,0,34.4097138868197,-111.26445675190064,Arizona,66.0,78.11111111111111,93.88888888888889,1.20829032344176,1.2954412305926208,0.116992825720027,79.33333333333334
NEG_KMN_AR_00149,0,33.82656350319103,-110.55291223754728,Arizona,118.85714285714286,105.14285714285714,83.42857142857143,0.9138072899615602,0.8743183249639166,-0.0905246905950084,102.47619047619048
NEG_KMN_AR_00150,0,36.74286058214286,-109.05506344758209,Arizona,139.2,136.6,97.2,0.9823119672585762,0.7188504822428026,-0.1638185185481354,124.33333333333331
NEG_KMN_AR_00151,0,34.79351305972613,-112.86557076402975,Arizona,158.0,182.16666666666663,143.16666666666666,1.274332338504833,0.8337219643787437,-0.1120436351665403,161.11111111111111
NEG_KMN_AR_00152,0,36.59834670785299,-109.33651564058312,Arizona,79.75,91.75,106.125,1.1815979547898356,1.2553822148732738,0.099987281353568,92.54166666666666
NEG_KMN_AR_00153,0,34.105739518844175,-109.85342638109104,Arizona,101.72727272727272,83.45454545454545,127.0,0.8020106903704118,1.9255594052048213,0.2562991035113918,104.06060606060606
NEG_KMN_AR_00154,0,32.24721786743611,-109.05037102338711,Arizona,87.0,97.5,95.0,1.1662168239534836,1.0659481794584993,-0.0019770339079565,93.16666666666666
NEG_KMN_AR_00155,0,31.717200162667428,-109.65334201119322,Arizona,152.42857142857142,147.71428571428572,117.42857142857144,0.9574752462390312,0.779776047234898,-0.1269667831788941,139.19047619047618
NEG_KMN_AR_00156,0,36.69344668264691,-109.09627307796109,Arizona,158.4,151.0,101.6,0.9563721291922246,0.6743832515941373,-0.1945680434591628,136.99999999999997
NEG_KMN_AR_00157,0,35.07035740372158,-111.8684487649296,Arizona,52.16666666666666,47.833333333333336,50.083333333333336,0.9510203973293172,1.1425397238071555,0.0354768361657758,50.02777777777778
NEG_KMN_AR_00158,0,35.00550867281432,-113.15345235904738,Arizona,203.0,196.5,124.0,0.979911699726959,0.6346299809906724,-0.2236505681746286,174.5
NEG_KMN_AR_00159,0,35.29456026437072,-112.53728080696204,Arizona,77.0,67.0,60.5,0.8697046412372413,0.9044642855787988,-0.0504801772923095,68.16666666666666
NEG_KMN_AR_00160,0,35.53091454624237,-109.09984831169449,Arizona,142.85714285714286,135.28571428571428,97.0,0.9453192719727184,0.7273783086974085,-0.1585492157842807,125.04761904761904
NEG_KMN_AR_00161,0,33.790523816685486,-112.59651541643184,Arizona,96.0,106.5,103.0,1.1538011694411567,1.1009160755205918,0.0097729699597021,101.83333333333331
NEG_KMN_AR_00162,0,35.59747174387239,-112.14614047303178,Arizona,175.33333333333334,152.0,98.66666666666669,0.8793670722580758,0.6533929610293228,-0.2099780754172916,142.0
NEG_KMN_AR_00163,0,32.03999760785127,-110.4701461900222,Arizona,70.71428571428571,85.85714285714286,100.42857142857144,1.2612735141011804,1.269564975695637,0.1041474932041804,85.66666666666666
NEG_KMN_AR_00164,0,31.96978446342478,-111.7274861743731,Arizona,101.25,101.0,75.5,1.0279326363127366,0.8638647446546204,-0.0984709734690661,92.58333333333331
NEG_KMN_AR_00165,0,32.447909902524955,-110.01008926439886,Arizona,86.4,64.2,79.8,0.7228483943972798,1.3661767752734455,0.1357595429948298,76.8
NEG_KMN_AR_00166,0,33.89472377343773,-112.06425846658084,Arizona,59.333333333333336,63.333333333333336,67.0,1.1516926531773457,1.2311085060707476,0.0798253675075712,63.22222222222222
NEG_KMN_AR_00167,0,33.18891061873051,-114.59065744615292,Arizona,135.125,124.75,83.625,0.9236052720291806,0.6725677777738368,-0.1961545253692348,114.5
NEG_KMN_AR_00168,0,32.722570432829066,-114.56647833943248,Arizona,110.85714285714286,120.42857142857144,104.14285714285714,1.1344910602030278,0.9050689933667604,-0.0778587132191201,111.8095238095238
NEG_KMN_AR_00169,0,33.892342197597536,-111.02902701783256,Arizona,117.8,119.4,109.2,1.0498329382987603,1.0364177800599228,-0.0089543557524489,115.46666666666668
NEG_KMN_AR_00170,0,32.4785658698746,-114.75823279725518,Arizona,76.66666666666667,85.88888888888889,93.55555555555556,1.1563836574618351,1.215655104872228,0.0738696151234262,85.37037037037037
NEG_KMN_AR_00171,0,33.94971611675948,-111.29670665464016,Arizona,53.6,54.0,123.2,0.99484859749508,2.7832716714308985,0.4380584284314717,76.93333333333332
NEG_KMN_AR_00172,0,33.08260013017913,-114.511933139019,Arizona,67.0,56.0,52.0,0.8358208953976387,0.9285714284056122,-0.0370370370336076,58.333333333333336
NEG_KMN_AR_00173,0,32.521019014553715,-110.16017608865404,Arizona,139.4,129.0,85.2,0.9234570233537576,0.6643935268673828,-0.201945462460142,117.86666666666665
NEG_KMN_AR_00174,0,33.43301413622128,-112.0587681830608,Arizona,86.0,85.5,72.0,0.986413043363909,0.8685289956484887,-0.0769136708197897,81.16666666666667
NEG_KMN_AR_00175,0,34.3323784902027,-111.42483190107316,Arizona,110.5,138.5,102.0,1.2466817875193072,0.738636363580843,-0.1503759398432096,117.0
NEG_KMN_AR_00176,0,32.56012378398559,-109.89067029026704,Arizona,102.4,114.4,94.2,1.144932171085102,0.934262848693234,-0.0568205502559601,103.66666666666666
NEG_KMN_AR_00177,0,31.909241889068817,-111.80680887189288,Arizona,100.42857142857144,105.57142857142856,96.71428571428572,1.094928617890932,1.042368474188119,-0.0153500892176413,100.90476190476193
NEG_KMN_AR_00178,0,35.0952313557756,-111.97785350854178,Arizona,79.3,83.5,88.3,1.0999415393611396,1.1826760338632962,0.0595127490196043,83.7
NEG_KMN_AR_00179,0,33.00632299960067,-113.67087051601146,Arizona,161.28571428571428,143.0,91.71428571428572,0.8983913608371669,0.6466494757755091,-0.2150097531634095,132.0
NEG_KMN_AR_00180,0,36.49559777071735,-109.65521476112497,Arizona,73.0,58.5,62.0,0.7791641305431976,1.138175675435248,0.0552321241903187,64.5
NEG_KMN_AR_00181,0,34.8479786278089,-113.70518888030904,Arizona,76.5,64.0,51.5,0.828892371886415,0.7913165264838591,-0.1180069929952641,64.0
NEG_KMN_AR_00182,0,34.90164494629061,-114.52666427888914,Arizona,151.625,136.875,89.875,0.907057168188446,0.66481678240584,-0.2017675978432263,126.125
NEG_KMN_AR_00183,0,34.39751662273558,-113.83311635072664,Arizona,138.75,136.75,100.75,1.032973334420313,0.9037811844221582,-0.0830582098816571,125.41666666666666
NEG_KMN_AR_00184,0,34.89560292247819,-112.180659833126,Arizona,128.0,150.71428571428572,132.28571428571428,1.2579453306213892,0.9417402873730129,-0.0564974435447709,137.0
NEG_KMN_AR_00185,0,32.84501716245432,-112.77531546255386,Arizona,117.83333333333331,111.33333333333331,87.5,0.9529484726575242,0.9009991445265996,-0.0847486801091261,105.55555555555556
NEG_KMN_AR_00186,0,34.61196155321057,-112.26106608417837,Arizona,164.33333333333334,164.66666666666666,130.66666666666666,1.0029431846919972,0.8091269840704118,-0.1080158549503336,153.22222222222223
NEG_KMN_AR_00187,0,33.25982541701128,-114.49874965501942,Arizona,95.66666666666669,90.83333333333331,71.33333333333333,0.948699282921039,0.7913478409873441,-0.1177268230692023,85.94444444444444
NEG_KMN_AR_00188,0,32.09049794273943,-109.76325853206372,Arizona,120.36363636363636,123.63636363636364,92.27272727272728,1.0422539245960434,0.7847142177443552,-0.1321336528761903,112.0909090909091
NEG_KMN_AR_00189,0,33.923459290236025,-113.53807638016316,Arizona,103.33333333333331,96.16666666666669,76.33333333333333,0.9431163052367556,0.8303211682342654,-0.1140362049555251,91.94444444444444
NEG_KMN_AR_00190,0,36.52201183076766,-112.60908974778238,Arizona,104.85714285714286,85.28571428571429,78.28571428571429,0.8070257524517807,0.9888497730049552,-0.0117647758967329,89.47619047619048
NEG_KMN_AR_00191,0,34.76791553863281,-110.04832652438849,Arizona,68.0,81.25,109.0,1.193955890031131,1.3440591696558015,0.1465682348857336,86.08333333333334
NEG_KMN_AR_00192,0,34.42443314189289,-113.66161064469014,Arizona,162.0,148.0,96.0,0.9154250647569488,0.6501206639560463,-0.2121785760969077,135.33333333333331
NEG_KMN_AR_00193,0,36.58408887461033,-109.19411224299006,Arizona,99.0,87.0,63.0,0.8787878786991123,0.7241379309512486,-0.1599999999893333,83.0
NEG_KMN_AR_00194,0,35.13995976432557,-110.85405973540264,Arizona,144.28571428571428,130.42857142857142,89.0,0.9025235304092626,0.6955989950078255,-0.1805835661224064,121.2380952380952
NEG_KMN_AR_00195,0,33.936245250198986,-111.72646854699993,Arizona,144.6,141.2,108.0,0.9649434327633064,0.7361363133395068,-0.1543981597573948,131.26666666666665
NEG_KMN_AR_00196,0,35.56071202473713,-111.43339826111884,Arizona,123.25,111.625,79.875,0.9023077493836704,0.7174014207487078,-0.1652493723637089,104.91666666666669
NEG_KMN_AR_00197,0,34.41251043033215,-113.64893801761116,Arizona,135.66666666666666,148.33333333333334,102.0,1.0746000437504062,0.6873552853711188,-0.1852894561147039,128.66666666666666
NEG_KMN_AR_00198,0,34.03199731773667,-111.14882170216936,Arizona,167.0,160.25,131.25,0.9505135843234876,0.7728583509329018,-0.1340395369505373,152.83333333333334
NEG_KMN_AR_00199,0,32.74151492698228,-114.29264866747776,Arizona,145.5,142.875,97.75,1.0044639193271152,0.7488467304293626,-0.1614380869385871,128.70833333333334
NEG_KMN_AR_00200,0,33.9539039094716,-110.67593211828564,Arizona,89.71428571428571,98.42857142857144,84.14285714285714,1.1401935737661866,0.9458790071225528,-0.0532445560170816,90.76190476190476
NEG_KMN_AR_00201,0,35.367334710321515,-111.62893282640522,Arizona,116.0,153.0,113.0,1.3189655171276755,0.7385620914549959,-0.1503759398439708,127.33333333333331
NEG_KMN_AR_00202,0,34.05135443770159,-110.69105056016168,Arizona,151.5,145.5,94.75,0.9593416166979124,0.6515990606316188,-0.2110138304667137,130.58333333333334
NEG_KMN_AR_00203,0,34.12138746810143,-111.08725112867472,Arizona,106.66666666666669,106.0,87.0,1.025607029946907,0.912420703954583,-0.0750035197381147,99.8888888888889
NEG_KMN_AR_00204,0,34.989814020197386,-113.78083335627105,Arizona,78.66666666666667,70.33333333333333,67.0,0.8926800536365942,0.95241626484691,-0.0243720628729092,72.0
NEG_KMN_AR_00206,0,32.39235411717708,-109.74933867321238,Arizona,114.42857142857144,117.0,89.71428571428571,1.0491895396588269,0.8399829381752827,-0.1032720100857335,107.04761904761904
NEG_KMN_AR_00207,0,32.865205908634195,-113.57206502269317,Arizona,123.4,109.0,82.4,0.8858958170585389,0.7658944768894844,-0.1333013323433353,104.93333333333337
NEG_KMN_AR_00208,0,33.42952908646057,-112.24223372243348,Arizona,79.33333333333333,78.0,71.33333333333333,1.014100225866716,0.988477394280636,-0.0351326948680605,76.22222222222223
NEG_KMN_AR_00209,0,34.839487583403894,-110.79496299516028,Arizona,85.85714285714286,90.28571428571428,94.0,1.109723173600006,1.1589577448130777,0.04968438270084,90.04761904761904
NEG_KMN_AR_00210,0,32.200372710722505,-112.3094755387176,Arizona,70.0,63.0,63.5,0.9869725288157004,1.170155502141329,0.0445029624682296,65.5
NEG_KMN_AR_00211,0,34.001074575063086,-109.179872471644,Arizona,115.5,116.0,85.33333333333333,1.0214479586377154,0.7393175902951223,-0.1504961358236964,105.6111111111111
NEG_KMN_AR_00212,0,34.739819248489304,-111.83368954434523,Arizona,51.333333333333336,47.66666666666666,51.0,0.9567218522028011,1.1794445813946604,0.0404131757036158,50.0
NEG_KMN_AR_00213,0,32.07062493445496,-110.53830093851047,Arizona,148.2,141.8,106.8,0.9531071061991444,0.7598578579956934,-0.1371096538457517,132.26666666666668
NEG_KMN_AR_00214,0,32.81841746875368,-114.32083518674028,Arizona,156.66666666666666,152.33333333333334,102.66666666666669,0.9707932295169126,0.6796215087325628,-0.1915643182157571,137.22222222222223
NEG_KMN_AR_00215,0,33.885983212124,-114.11760574918628,Arizona,100.33333333333331,96.0,81.66666666666667,0.9574167469090412,0.8504438008914912,-0.0816465181768139,92.66666666666669
NEG_KMN_AR_00216,0,35.75885648252647,-111.34851490526876,Arizona,88.9090909090909,80.81818181818181,73.0909090909091,0.9337000388975027,0.9757465099282114,-0.0365927274490475,80.93939393939394
NEG_KMN_AR_00217,0,31.827307822847725,-110.12144160322362,Arizona,70.55555555555556,59.55555555555556,61.22222222222222,0.8646796646823192,1.2036152733498016,0.0533744175671064,63.77777777777778
NEG_KMN_AR_00218,0,34.15881250773594,-113.38345342426663,Arizona,149.5,153.0,163.0,1.0795454543941316,1.1960784312164552,0.0819672131080354,155.16666666666666
NEG_KMN_AR_00219,0,32.903514459171056,-114.39926391643496,Arizona,98.85714285714286,80.28571428571429,84.57142857142857,0.8288608325975529,1.3422413136808171,0.0934914010659322,87.90476190476191
NEG_KMN_AR_00220,0,33.77741665671184,-110.70449169834144,Arizona,146.33333333333334,137.0,93.0,0.9337490307220716,0.6910068978410518,-0.1835203531338737,125.44444444444444
NEG_KMN_AR_00221,0,34.75058865845263,-112.32635144597828,Arizona,73.66666666666667,74.33333333333333,69.66666666666667,1.0689479678248748,1.032856457495971,-0.0044533555067674,72.55555555555556
NEG_KMN_AR_00222,0,33.75791290543325,-111.90365190514656,Arizona,69.33333333333333,64.33333333333333,69.0,0.9543557043279072,1.1436732995313923,0.0351043453039144,67.55555555555556
NEG_KMN_AR_00223,0,32.966739325034034,-114.2424752160644,Arizona,106.75,100.75,80.75,0.9697180133603612,0.867224255594465,-0.0931375457863368,96.08333333333334
NEG_KMN_AR_00224,0,36.36045152153452,-109.44820001999534,Arizona,114.0,123.5,104.5,1.1359036731671397,1.0448043100544269,-0.0211056241553151,114.0
NEG_KMN_AR_00225,0,33.83480687926267,-112.44816164171476,Arizona,112.28571428571428,109.28571428571428,93.14285714285714,0.9939042056529688,1.0354070077447937,-0.0164067677890377,104.9047619047619
NEG_KMN_AR_00226,0,34.21619187147362,-112.71675772467768,Arizona,137.33333333333334,130.0,121.66666666666669,0.8977117485463416,0.9251662158001808,-0.0391100199355749,129.66666666666666
NEG_KMN_AR_00227,0,35.67876162271727,-111.3202342769593,Arizona,80.0,88.25,98.25,1.1498010294618388,1.2310044311057506,0.0818991917451834,88.83333333333334
NEG_KMN_AR_00228,0,33.13340396229563,-113.32745748117873,Arizona,90.88888888888889,99.22222222222224,96.66666666666669,1.147007086609391,1.0618778289831543,0.0023628432235178,95.5925925925926
NEG_KMN_AR_00229,0,33.23872008869857,-114.63590857145893,Arizona,115.33333333333331,112.33333333333331,83.33333333333333,0.9740809339355452,0.7424204727383253,-0.1479371921106744,103.66666666666669
NEG_KMN_AR_00230,0,36.74989091460227,-109.1716218786732,Arizona,123.83333333333331,124.16666666666669,94.0,1.0041140847247911,0.7706890256424609,-0.1302493591266825,114.0
NEG_KMN_AR_00231,0,32.53005426505678,-109.7300271866112,Arizona,147.85714285714286,144.14285714285714,117.85714285714286,0.9863303105563151,0.8258783682394667,-0.1117053921306739,136.61904761904762
NEG_KMN_AR_00232,0,32.1237129228773,-109.17501562801954,Arizona,154.5,154.0,102.5,0.989517912361008,0.6676162054154794,-0.199343110784891,137.0
NEG_KMN_AR_00233,0,32.2953509730209,-112.32587968219276,Arizona,63.0,60.5,75.0,0.995839311147846,1.363011695643496,0.1169689685220724,66.16666666666667
NEG_KMN_AR_00234,0,32.56071430390362,-109.66644293626456,Arizona,112.0,111.25,95.0,1.0242843606741263,0.927715819496088,-0.0596483779119025,106.08333333333331
NEG_KMN_AR_00235,0,33.90173819255916,-109.16982361563475,Arizona,113.0,102.0,91.66666666666669,0.8998472321269785,0.9151978972479592,-0.0489372602754533,102.22222222222224
NEG_KMN_AR_00236,0,33.853602066429055,-111.104008514832,Arizona,126.875,123.125,104.25,0.989863915475868,0.906198857084786,-0.0853320336128752,118.08333333333331
NEG_KMN_AR_00237,0,32.62418292901988,-114.30252220921824,Arizona,106.25,109.25,95.5,1.0518752862706937,0.940662729083454,-0.0568413294351408,103.66666666666666
NEG_KMN_AR_00238,0,32.73744710416764,-113.63062718964062,Arizona,88.2,75.4,69.3,0.8785835783711523,1.0191392608896963,-0.030600983984577,77.63333333333334
NEG_KMN_AR_00239,0,34.89650750755255,-110.66564677522814,Arizona,56.0,60.5,67.33333333333333,1.1092567118326582,1.236188913678126,0.0796394653901184,61.27777777777778
NEG_KMN_AR_00240,0,34.48482619735471,-113.85609500072582,Arizona,120.125,111.0,80.625,0.9264943540720384,0.7303699720644652,-0.1571503927977387,103.91666666666666
NEG_KMN_AR_00241,0,32.45018948561382,-109.56708778293093,Arizona,136.0,148.5,107.75,1.0963962541261354,0.7275866480117652,-0.1587030823016125,130.75
NEG_KMN_AR_00242,0,31.781519484937323,-111.51149205052452,Arizona,93.0,96.75,94.0,1.088359807570176,1.080375180240961,0.0033103572674886,94.58333333333334
NEG_KMN_AR_00243,0,33.74969080529641,-110.56243293746525,Arizona,122.5,123.0,114.0,0.9695911537068602,1.0862664989368152,0.0047226386785534,119.83333333333334
NEG_KMN_AR_00244,0,34.075575517917,-110.78307550678733,Arizona,63.5,60.16666666666666,61.16666666666666,0.9696020804668882,1.1751623294356028,0.0441337536585893,61.61111111111111
NEG_KMN_AR_00245,0,35.170008223641155,-112.03550250500274,Arizona,156.5,128.0,102.0,0.8320891484731993,0.894555694518925,-0.0685844124317688,128.83333333333331
NEG_KMN_AR_00246,0,33.710497196928465,-110.80866941857788,Arizona,152.5,135.375,86.5,0.8895875850572965,0.6450549758600772,-0.2160883093011221,124.79166666666666
NEG_KMN_AR_00247,0,34.70333224448974,-111.22932358943068,Arizona,86.66666666666667,85.0,73.5,1.024267335222683,0.9841563789108912,-0.0328450062128823,81.72222222222221
NEG_KMN_AR_00248,0,32.57959544633592,-114.42362040729392,Arizona,129.4,119.8,84.2,0.919566513311586,0.7041866639506585,-0.1738151963334199,111.13333333333335
NEG_KMN_AR_00249,0,34.48284274813058,-110.8468692287464,Arizona,90.75,83.75,64.75,0.9459954627666072,0.9250973990972208,-0.0693909621956679,79.75
NEG_KMN_AR_00250,0,35.914702127852365,-114.40466139590382,Arizona,132.2,136.2,104.8,1.0554449830332613,0.8334018030526433,-0.1114251678782442,124.39999999999998
NEG_KMN_AR_00251,0,34.144005804056576,-113.46406498472294,Arizona,129.0,124.0,88.0,0.9537766154664032,0.709601326097083,-0.1700891509310375,113.66666666666666
NEG_KMN_AR_00252,0,32.574192923658885,-113.4973713552386,Arizona,203.5,198.5,125.0,0.98969298240343,0.6327229004476003,-0.2250520471823031,175.66666666666669
NEG_KMN_AR_00253,0,34.81136609341004,-113.16515495487948,Arizona,255.0,255.0,212.0,0.9999999999607844,0.831372548987005,-0.0920770877924608,240.66666666666663
NEG_KMN_AR_00254,0,36.80987623031967,-109.21822684492469,Arizona,116.7,115.4,92.4,0.9869777550232526,0.7718374891622075,-0.1307060291321248,108.16666666666669
NEG_KMN_AR_00255,0,33.9181322823899,-110.68558055425837,Arizona,135.33333333333334,143.66666666666666,112.66666666666669,1.0994222063285255,0.8875229850426999,-0.089771619355116,130.55555555555554
NEG_KMN_AR_00256,0,36.61192392667579,-109.33817155218782,Arizona,94.0,86.66666666666667,74.66666666666667,0.9170459535049408,0.8967195569351124,-0.0630111693767152,85.1111111111111
NEG_KMN_AR_00257,0,33.47748364528548,-114.5903057962239,Arizona,88.33333333333333,81.66666666666667,63.66666666666666,0.9252134205801904,0.7843508394267298,-0.1213315420129215,77.88888888888889
NEG_KMN_AR_00258,0,32.674513531954666,-110.4244065976996,Arizona,62.66666666666666,48.333333333333336,72.33333333333333,0.762348008263026,1.5249295951558657,0.2033217235247312,61.11111111111111
NEG_KMN_AR_00259,0,32.73290883647797,-114.52973670488036,Arizona,138.16666666666666,146.16666666666666,107.5,1.0732537854959852,0.7475421348232866,-0.1451430045751266,130.61111111111111
NEG_KMN_AR_00260,0,35.38736644909895,-112.41315414659545,Arizona,147.0,165.4,121.4,1.1576808265472225,0.7151467555498341,-0.1679497272560645,144.6
NEG_KMN_AR_00261,0,32.46262829979168,-110.27254450304156,Arizona,103.33333333333331,91.88888888888889,65.22222222222223,0.9263174727966343,0.8217364013978096,-0.1220081802488088,86.81481481481482
NEG_KMN_AR_00262,0,32.414441445120225,-109.9765268626956,Arizona,79.33333333333333,63.66666666666666,67.0,0.8104324654724909,1.0799531265371485,0.0330780172854096,70.0
NEG_KMN_AR_00263,0,36.80281741908226,-109.25103076499688,Arizona,126.66666666666669,107.0,100.16666666666669,0.7926249810066333,1.1478608196596465,0.0434517751790853,111.27777777777776
NEG_KMN_AR_00264,0,32.964620915401305,-112.20914788612372,Arizona,66.75,65.5,63.75,1.0354856761436264,1.1320685478788506,0.0313377921346074,65.33333333333334
NEG_KMN_AR_00265,0,32.37766775205565,-110.8727222723778,Arizona,108.25,95.5,92.25,0.8925364409481266,1.0061970120365815,-0.0158953954836192,98.66666666666669
NEG_KMN_AR_00266,0,32.71376260884397,-113.95393735720046,Arizona,107.2,103.0,82.0,0.97713668862051,0.8564743159967844,-0.1040269628499437,97.4
NEG_KMN_AR_00267,0,33.45693269328854,-114.3499669739308,Arizona,60.5,59.66666666666666,65.16666666666667,0.9977076430332418,1.216452401218541,0.0731764115967603,61.77777777777778
NEG_KMN_AR_00268,0,33.900058659004856,-110.64178474019326,Arizona,77.33333333333333,73.46666666666667,72.26666666666667,0.9905731327405491,1.0986895784540271,0.0161036807883034,74.35555555555554
NEG_KMN_AR_00269,0,36.21749730000128,-113.85072950133956,Arizona,80.27272727272727,74.45454545454545,96.45454545454544,0.9569999344041448,1.706915711818013,0.1343465764644328,83.72727272727273
NEG_KMN_AR_00270,0,34.25370202750548,-114.06334774854632,Arizona,163.8,154.2,119.0,0.9266880058684168,0.7443354906639457,-0.149798633413053,145.66666666666666
NEG_KMN_AR_00271,0,35.078107774679,-109.643853503444,Arizona,137.0,116.75,109.75,0.8700238154126854,1.410117634835038,0.0752398357539335,121.16666666666666
NEG_KMN_AR_00272,0,33.98422541673612,-112.736502803497,Arizona,119.0,105.2,68.8,0.8911980436379776,0.6899716881225197,-0.1934097041033003,97.66666666666666
NEG_KMN_AR_00273,0,33.88181892002335,-111.61331696426862,Arizona,63.333333333333336,49.0,56.0,0.7534120878848979,1.2279540867286964,0.0944603933954699,56.11111111111112
NEG_KMN_AR_00274,0,34.34432476409012,-113.65818269302298,Arizona,122.0,116.28571428571428,106.14285714285714,0.9507431778903174,1.2294919937061723,0.0319858645239061,114.80952380952382
NEG_KMN_AR_00275,0,34.76079419973668,-112.24120934812709,Arizona,84.0,74.66666666666667,66.66666666666667,0.8835656212636261,0.8984824644739767,-0.0538575409227483,75.1111111111111
NEG_KMN_AR_00276,0,35.017587963740446,-113.70386954158334,Arizona,106.3,107.5,87.0,1.0428505287076075,0.9074532745976642,-0.0725657668822401,100.26666666666668
NEG_KMN_AR_00277,0,32.28493634716761,-109.2251375602936,Arizona,67.5,71.0,72.0,1.108165256738444,1.2016021359182176,0.0651927437541694,70.16666666666667
NEG_KMN_AR_00278,0,31.79070842879263,-109.76933271217864,Arizona,139.28571428571428,131.0,102.0,0.9335963623413882,0.764049562311471,-0.1351125466653773,124.09523809523807
NEG_KMN_AR_00279,0,35.122028015261776,-112.69851891067776,Arizona,107.11111111111111,113.22222222222224,89.22222222222223,1.0737259591223018,0.8281298872205842,-0.1185312136048229,103.18518518518518
NEG_KMN_AR_00280,0,34.89970964551051,-111.94481650029384,Arizona,83.0,85.75,85.5,1.0819455416595605,1.113200217578212,0.0216679855435615,84.75
NEG_KMN_AR_00281,0,34.76860524116689,-112.2311989240378,Arizona,112.4,102.6,84.0,0.9057611033514146,0.8458248050219177,-0.0920141152772492,99.66666666666669
NEG_KMN_AR_00282,0,35.34625749062264,-111.48243608954816,Arizona,151.5,135.66666666666666,87.5,0.8984168865297906,0.6462778837563147,-0.2149818083417245,124.8888888888889
NEG_KMN_AR_00283,0,32.475064053616244,-110.15333565836062,Arizona,130.4,126.8,88.0,0.9766219663779888,0.6949059781075683,-0.1800885998265149,115.06666666666663
NEG_KMN_AR_00284,0,31.509161869409688,-111.0392388283396,Arizona,115.0,100.0,81.2,0.8596998735641233,0.8297477497604266,-0.0972108648532212,98.73333333333332
NEG_KMN_AR_00285,0,35.00338827306489,-111.45622022467576,Arizona,116.625,103.125,82.5,0.902691475993154,0.8630706256198892,-0.0918347063025875,100.75
NEG_KMN_AR_00286,0,33.63615674815348,-110.59889647504372,Arizona,54.66666666666666,40.333333333333336,47.333333333333336,0.7372134037452818,1.1689393936493555,0.0743727598487271,47.44444444444444
NEG_KMN_AR_00287,0,34.095447016908246,-109.64308213667266,Arizona,69.375,82.625,98.625,1.2181748012040856,1.303247625888536,0.1171365674842181,83.54166666666666
NEG_KMN_AR_00288,0,34.75859169581968,-111.95607805445496,Arizona,122.75,113.5,110.5,0.8821902995699047,0.9563405795930944,-0.0227214216384179,115.58333333333331
NEG_KMN_AR_00289,0,33.730461630800065,-110.61151595410212,Arizona,159.66666666666666,148.5,103.66666666666669,0.9344828151106496,0.7079790779709145,-0.1718738430274587,137.27777777777777
NEG_KMN_AR_00290,0,35.08563345941668,-112.45476722736458,Arizona,163.875,155.25,129.0,0.9240059826315778,0.8031850177501086,-0.1153177500376292,149.375
NEG_KMN_AR_00291,0,32.62679034992152,-109.09749346905268,Arizona,55.333333333333336,44.66666666666666,63.66666666666666,0.8533394332353543,1.5557365855428518,0.1825041745142453,54.55555555555557
NEG_KMN_AR_00292,0,32.656168677863434,-113.32696874394304,Arizona,118.0,90.66666666666669,95.33333333333331,0.7451530099348029,1.380021751797163,0.065387519425618,101.33333333333331
NEG_KMN_AR_00293,0,33.248225579945974,-110.24820420972924,Arizona,72.66666666666667,75.33333333333333,84.66666666666667,1.057662835091597,1.1863840290941767,0.0562520525417056,77.55555555555556
NEG_KMN_AR_00294,0,34.69620348877521,-112.34942608248622,Arizona,61.0,44.0,51.0,0.7213114752915882,1.1590909088274792,0.0736842105185595,52.0
NEG_KMN_AR_00295,0,32.97631903981108,-114.23450475683931,Arizona,139.2,130.8,101.8,0.9224460723701352,0.7327889281661888,-0.1581275547046515,123.93333333333332
NEG_KMN_AR_00296,0,33.78198763805729,-113.3887986214138,Arizona,85.5,87.0,121.5,1.0224921628717143,1.4973009444608931,0.1880210618585381,98.0
NEG_KMN_AR_00297,0,34.05359834541853,-112.82112432143782,Arizona,88.0,74.0,65.0,0.8409090908135332,0.8783783782596787,-0.0647482014341907,75.66666666666667
NEG_KMN_AR_00298,0,32.548034418618165,-114.4997741584611,Arizona,55.0,52.0,57.333333333333336,0.9764800943456882,1.1237463493647473,0.0329135390898198,54.77777777777778
NEG_KMN_AR_00299,0,32.67584291931189,-114.52852979938793,Arizona,149.14285714285714,146.85714285714286,102.85714285714286,0.9761862994950782,0.7167606882528782,-0.1661074815212918,132.9523809523809
NEG_KMN_AR_00300,0,33.26749042390332,-111.83342182604387,Arizona,210.0,191.5,150.5,0.8878787878356722,0.7672334558384343,-0.1328619826140445,184.0
NEG_KMN_AR_00301,0,33.85579072589817,-110.68489239444472,Arizona,59.5,47.75,59.5,0.7952598033509107,1.258677430300815,0.1128716260899389,55.58333333333333
NEG_KMN_AR_00302,0,32.63298532234134,-114.62650289112798,Arizona,72.0,59.0,60.0,0.8118274438209113,1.0243902437171502,0.0104645975387985,63.66666666666666
NEG_KMN_AR_00303,0,32.86265899145671,-110.42100644907124,Arizona,55.0,39.333333333333336,53.333333333333336,0.7049110553875281,1.3493827156770395,0.1482892953756498,49.22222222222222
NEG_KMN_AR_00304,0,34.41496063950927,-111.33620005318583,Arizona,129.7,114.7,85.0,0.8876969022557599,0.7602164614625456,-0.1381887176947586,109.8
NEG_KMN_AR_00305,0,33.78470727220724,-110.31854747348348,Arizona,128.5,138.5,99.0,1.0643648763031044,0.7109911405880707,-0.1690122195663033,122.0
NEG_KMN_AR_00306,0,32.57196699063891,-111.04893708916404,Arizona,64.5,70.25,68.25,1.092800524273215,1.1164285712101838,0.0257653831441901,67.66666666666667
NEG_KMN_AR_00307,0,36.80676640908799,-113.15912416482684,Arizona,40.333333333333336,42.333333333333336,55.0,1.154064840266135,1.3740126828659596,0.1393841332831192,45.88888888888889
NEG_KMN_AR_00308,0,33.668299226595494,-113.83816834782284,Arizona,74.0,68.0,57.0,0.9189189187947407,0.8382352939943772,-0.08799999999296,66.33333333333333
NEG_KMN_AR_00309,0,35.06778633432233,-109.2750715545917,Arizona,47.5,40.0,53.5,0.9668597165260512,1.4090909086601653,0.1645649432316852,47.0
NEG_KMN_AR_00310,0,32.63647044142135,-114.57585315004384,Arizona,145.6,135.8,106.8,0.9214445153172915,0.7628931851814268,-0.1362834634764989,129.4
NEG_KMN_AR_00311,0,35.385921468972114,-112.29763933495582,Arizona,102.0,110.0,105.5,1.112276785583812,1.0764235763043202,0.0013758462535285,105.83333333333334
NEG_KMN_AR_00312,0,34.117617046560646,-111.22908163173145,Arizona,79.33333333333333,71.66666666666667,61.5,0.943305402316208,0.9971680110983936,-0.0296374147582003,70.83333333333333
NEG_KMN_AR_00313,0,32.31616066645058,-110.92074129757304,Arizona,71.4,73.4,79.3,1.0695310320077822,1.2457236943691414,0.0815986483106515,74.69999999999999
NEG_KMN_AR_00314,0,33.071624484889306,-114.02451657605576,Arizona,74.33333333333333,66.33333333333333,62.333333333333336,0.8893782052639931,0.9470807611688752,-0.028276903934714,67.66666666666667
NEG_KMN_AR_00315,0,33.59778871494782,-113.32980977006088,Arizona,144.0,143.16666666666666,113.16666666666669,1.016374028694761,0.8385007235631353,-0.107341438060802,133.44444444444443
NEG_KMN_AR_00316,0,34.48660404897938,-110.7678184445939,Arizona,89.0,68.57142857142857,79.42857142857143,0.7700962659045464,1.250795348732097,0.099801007396878,79.0
NEG_KMN_AR_00317,0,35.50483962729184,-111.48609288920431,Arizona,153.5,151.5,101.5,0.9770166838026986,0.6698755789204103,-0.1976941115082671,135.5
NEG_KMN_AR_00318,0,31.69902475658373,-109.9258389980273,Arizona,134.0,133.0,100.0,0.9925373133587658,0.7518796991915879,-0.141630901281475,122.33333333333331
NEG_KMN_AR_00319,0,33.82336657834154,-111.29742596660066,Arizona,80.0,79.66666666666667,79.0,1.0328251062044238,1.0585707144950474,-0.0021888680425133,79.55555555555556
NEG_KMN_AR_00320,0,36.064996075714944,-110.24862398539368,Arizona,84.5,95.5,100.0,1.167065390587346,1.1576151120175864,0.0376513954686093,93.33333333333331
NEG_KMN_AR_00321,0,34.206837279942114,-111.44387190977972,Arizona,101.0,112.33333333333331,83.33333333333333,1.108762484094083,0.7473873154474315,-0.1450808470664146,98.8888888888889
NEG_KMN_AR_00322,0,34.62211323653752,-113.5049178506253,Arizona,97.11111111111111,89.11111111111111,73.44444444444444,0.9434117296568236,0.8417205542343802,-0.1089829077443549,86.55555555555556
NEG_KMN_AR_00323,0,34.12828648150712,-113.2498015077498,Arizona,72.0,55.66666666666666,73.0,0.7693447794060294,1.320437661252197,0.1364547564957803,66.88888888888889
NEG_KMN_AR_00324,0,33.87596783590251,-112.786943672213,Arizona,66.0,69.5,81.0,1.0773809522006097,1.2489242683033552,0.0769977924893261,72.16666666666666
NEG_KMN_AR_00326,0,34.08294097285228,-109.48486957644764,Arizona,150.75,142.5,101.0,0.973237707931538,0.8155786783156955,-0.1260462208490969,131.41666666666666
NEG_KMN_AR_00327,0,33.32493175493377,-112.68945840539452,Arizona,59.333333333333336,46.0,55.0,0.7666224383190213,1.2550264547284915,0.0995934479747765,53.44444444444445
NEG_KMN_AR_00328,0,35.26919703117749,-113.63758697689246,Arizona,66.5,61.833333333333336,59.5,0.9862371098786252,1.1088011676570224,0.0246382392396486,62.61111111111112
NEG_KMN_AR_00329,0,31.83803881978888,-111.46509619429143,Arizona,148.16666666666666,132.16666666666666,93.66666666666669,0.8966866234009948,0.7415028114619538,-0.1514525208390741,124.66666666666669
NEG_KMN_AR_00330,0,32.58284048873041,-114.55953046119056,Arizona,79.125,62.375,69.0,0.812310981116632,1.4397010202536946,0.1128027137401846,70.16666666666667
NEG_KMN_AR_00331,0,34.25962929711833,-110.49524274791064,Arizona,57.5,52.5,78.5,0.964310464108123,1.5903201216140106,0.2055867227513653,62.83333333333333
NEG_KMN_AR_00332,0,32.628995567487415,-114.01523556043112,Arizona,98.66666666666669,98.0,87.33333333333333,1.0317749777670788,0.9779185866688876,-0.0377619305988102,94.66666666666669
NEG_KMN_AR_00333,0,34.206509105001814,-109.58774583330802,Arizona,79.33333333333333,78.0,72.33333333333333,1.0172308160206005,1.0721110435237022,0.0059186236776418,76.55555555555556
NEG_KMN_AR_00334,0,32.69265407467374,-114.72709560035275,Arizona,104.71428571428572,94.71428571428572,75.71428571428571,0.9139135173159376,0.8266068510586386,-0.1124630524170342,91.71428571428572
NEG_KMN_AR_00335,0,33.26515103665053,-112.32537600292544,Arizona,152.0,149.0,100.0,0.9802631578302458,0.6711409395522724,-0.1967871485864744,133.66666666666666
NEG_KMN_AR_00336,0,33.70064133873701,-110.67605574995235,Arizona,97.75,88.75,63.75,0.905304402894874,0.7182545255921019,-0.165420965704221,83.41666666666666
NEG_KMN_AR_00337,0,33.280596603489535,-113.38242410254998,Arizona,81.38461538461539,82.53846153846153,79.38461538461539,1.062403204034322,1.0789767873098928,0.006958369230015,81.10256410256412
NEG_KMN_AR_00338,0,33.855777957366165,-110.18361526974792,Arizona,124.0,123.0,87.0,0.9864291771895124,0.706595341219649,-0.1719327613782028,111.33333333333334
NEG_KMN_AR_00339,0,35.45529179355212,-111.54485063194034,Arizona,72.8,62.8,73.2,0.8533836250295245,1.189554762340563,0.0777477989313894,69.6
NEG_KMN_AR_00340,0,35.151266407472,-110.32731372967146,Arizona,146.25,136.25,99.75,0.9281713212762605,0.7361637803109833,-0.1523256345197215,127.41666666666666
NEG_KMN_AR_00341,0,34.015685664537415,-114.04550073052934,Arizona,109.5,98.16666666666669,91.5,0.907784715653692,1.00500495240066,-0.0029033649425499,99.72222222222224
NEG_KMN_AR_00342,0,32.6784494570848,-114.33905239162038,Arizona,172.375,161.75,104.5,0.9428491749053066,0.6472654133210278,-0.2143385409834672,146.20833333333331
NEG_KMN_AR_00343,0,34.30834390182592,-113.73407359838086,Arizona,124.28571428571428,131.0,100.71428571428572,1.0777067469785353,0.8493283393638,-0.0991163278901563,118.66666666666669
NEG_KMN_AR_00344,0,33.60373194707018,-113.84989804580016,Arizona,78.0,65.0,68.5,0.8373626372516847,1.0516409264763191,0.0251117991037697,70.5
NEG_KMN_AR_00345,0,35.20519284855954,-112.45468199473844,Arizona,132.0,130.0,93.0,0.9848484847738752,0.7153846153295857,-0.1659192825037704,118.33333333333331
NEG_KMN_AR_00346,0,33.50251685214197,-113.13292393906976,Arizona,120.71428571428572,126.57142857142856,94.71428571428572,1.0638424764548964,0.791244271238927,-0.1375955381414658,114.0
NEG_KMN_AR_00347,0,32.11909774229679,-111.81065643511664,Arizona,105.0,91.54545454545456,80.54545454545455,0.8490826302084021,0.8918163129107936,-0.0606115127285612,92.36363636363636
NEG_KMN_AR_00348,0,33.75940983443274,-113.18655930027217,Arizona,102.83333333333331,90.16666666666669,72.66666666666667,0.8648245867002814,0.8212664377073678,-0.0994729730579507,88.55555555555556
NEG_KMN_AR_00349,0,34.83315392748148,-114.47952082409108,Arizona,99.5,94.0,82.25,0.970940314642848,0.9506557620261592,-0.0465140754222041,91.91666666666669
NEG_KMN_AR_00350,0,35.28744629319315,-111.76866095403405,Arizona,103.5,118.5,101.16666666666669,1.1909350845339646,0.9331409635394142,-0.0676984434029758,107.72222222222224
NEG_KMN_AR_00351,0,36.688826023405085,-109.1270522720705,Arizona,166.42857142857142,167.0,119.0,1.0074440974236314,0.7029839276579131,-0.175415067810746,150.8095238095238
NEG_KMN_AR_00352,0,32.12999845299359,-111.65396346970738,Arizona,179.66666666666666,160.0,103.33333333333331,0.8748757261928785,0.6673780848318382,-0.200603884384903,147.66666666666666
NEG_KMN_AR_00353,0,34.25948027481564,-113.60420601159814,Arizona,152.375,139.5,94.25,0.9149168124865916,0.6778188622035726,-0.1929841097588854,128.70833333333331
NEG_KMN_AR_00354,0,33.96829368360866,-112.64914582541996,Arizona,106.0,110.0,104.0,1.090976882793984,1.0569430568263305,-0.0051257017338199,106.66666666666666
NEG_KMN_AR_00355,0,31.676244732168502,-109.92336488482522,Arizona,94.14285714285714,107.0,87.42857142857143,1.1881888216888892,0.933917138260988,-0.0605842262229718,96.1904761904762
NEG_KMN_AR_00356,0,33.63322511301032,-111.02987328651484,Arizona,164.85714285714286,159.0,106.57142857142856,0.9647786887023592,0.6701834841363324,-0.1976260443729998,143.47619047619045
NEG_KMN_AR_00357,0,33.84820425598715,-112.90630846610384,Arizona,52.0,36.333333333333336,63.333333333333336,0.6931384471034319,1.7803355379479309,0.2778781793549933,50.55555555555557
NEG_KMN_AR_00358,0,33.741709194507294,-110.44423087017287,Arizona,93.75,97.75,92.75,1.0900216418858315,1.0699331224169797,-0.0011097860218775,94.75
NEG_KMN_AR_00359,0,31.346715457527228,-110.38830557291136,Arizona,139.2,119.2,91.8,0.8675448041187502,0.8102462137974614,-0.1088272934894502,116.73333333333332
NEG_KMN_AR_00360,0,31.69555044688728,-109.8595778886995,Arizona,66.66666666666667,81.83333333333333,96.5,1.2658036374303867,1.271908576093956,0.1022819275614874,81.66666666666667
NEG_KMN_AR_00361,0,32.62884885597521,-110.33578559289585,Arizona,123.5,121.5,82.0,0.9844918031989054,0.6736695628009084,-0.1952928058852084,109.0
NEG_KMN_AR_00362,0,33.82752337304478,-114.0455625891559,Arizona,127.0,131.0,92.5,1.0312790913356018,0.7066993463511583,-0.1719495091087234,116.83333333333331
NEG_KMN_AR_00363,0,32.33492466353127,-109.89166342453876,Arizona,81.0,73.25,61.5,0.9043866730239476,0.8402325873931498,-0.0874816578325174,71.91666666666666
NEG_KMN_AR_00364,0,33.00879879525274,-114.07886380308604,Arizona,169.75,160.5,104.5,0.9373033720103774,0.6699177525067225,-0.19886371800608,144.91666666666666
NEG_KMN_AR_00365,0,34.8312281088115,-113.40868775758504,Arizona,57.333333333333336,70.66666666666667,97.0,1.2241810697752424,1.3861013407900968,0.1608456697050826,75.00000000000001
NEG_KMN_AR_00366,0,35.43170365233809,-113.59982989861896,Arizona,134.44444444444446,126.33333333333331,89.11111111111111,0.9664467510356368,0.7710472841777815,-0.1469124094734203,116.62962962962962
NEG_KMN_AR_00367,0,34.79948594945978,-114.33568804528404,Arizona,106.0,96.8,105.4,0.8605176442355473,1.1535587812072134,0.067919799493052,102.73333333333332
NEG_KMN_AR_00368,0,33.432880342515354,-112.25332405328902,Arizona,162.85714285714286,151.71428571428572,116.71428571428572,0.9072008603586992,0.8599550835960272,-0.0861799101785444,143.76190476190476
NEG_KMN_AR_00369,0,34.72031801236776,-114.02897993317112,Arizona,112.5,107.66666666666669,87.83333333333333,1.0116325250608371,0.9755749699627808,-0.0468497850553583,102.66666666666669
NEG_KMN_AR_00370,0,32.0977869912898,-109.23863493795398,Arizona,116.45454545454544,106.0,89.0,0.8995995309691189,0.8172659520513382,-0.1023289773230713,103.8181818181818
NEG_KMN_AR_00371,0,32.99223585326597,-114.21329186709691,Arizona,119.9,102.0,102.3,0.8711004499085391,1.1983448740412643,0.049370705071439,108.06666666666668
NEG_KMN_AR_00372,0,34.707234027799984,-111.7494684470132,Arizona,111.0,110.0,92.25,1.018047982591015,0.9101749794045046,-0.0769931367847216,104.41666666666666
NEG_KMN_AR_00373,0,34.21989123109329,-109.6155029238896,Arizona,128.5,125.5,89.5,0.9712682865583212,0.7166403473546672,-0.1652039927569644,114.5
NEG_KMN_AR_00374,0,35.053233931894205,-110.75901356760596,Arizona,114.75,98.25,89.75,0.9069183375280442,1.2350680686542814,0.0349181358978052,100.91666666666666
NEG_KMN_AR_00375,0,33.45450163461825,-114.26370794182054,Arizona,124.8,114.0,83.0,0.9094218998067228,0.7416980356901368,-0.1506760776503159,107.26666666666668
NEG_KMN_AR_00376,0,33.08926231956714,-114.13932257034992,Arizona,47.0,43.0,58.0,0.97665782467477,1.4488279012773058,0.1573044761271269,49.333333333333336
NEG_KMN_AR_00377,0,32.177099371590785,-112.56705889196796,Arizona,65.75,52.75,61.25,0.7947015086915549,1.184502115513605,0.0823263601412516,59.91666666666666
NEG_KMN_AR_00378,0,34.27146645548252,-113.142761496898,Arizona,77.0,72.66666666666667,62.0,0.9386247648514682,0.8623438686724527,-0.0748484526997106,70.55555555555556
NEG_KMN_AR_00379,0,36.39126234427216,-109.43348177526924,Arizona,78.33333333333333,71.5,73.66666666666667,0.9424094860618494,1.1052551169133271,0.0164376823040665,74.5
NEG_KMN_AR_00380,0,32.309970325360766,-110.02019286654728,Arizona,72.42857142857143,73.57142857142857,72.28571428571429,1.061041861766275,1.0943774414274274,0.0175112880764561,72.76190476190477
NEG_KMN_AR_00381,0,31.79879409001252,-109.47536726877888,Arizona,51.0,36.0,45.0,0.7058823528027681,1.2499999996527775,0.1111111110973937,44.0
NEG_KMN_AR_00382,0,33.755282633398274,-113.73094870861225,Arizona,133.57142857142858,126.0,100.57142857142856,0.9497475982612844,0.8148951170810262,-0.1162820760231471,120.04761904761904
NEG_KMN_AR_00383,0,32.65139328569113,-114.54044269018266,Arizona,59.66666666666666,45.0,62.333333333333336,0.7469630514394998,1.41157749320683,0.1686049010084718,55.66666666666666
NEG_KMN_AR_00384,0,35.44507326422591,-112.59517469069776,Arizona,199.0,195.0,142.5,0.9720279719753552,0.7156862744701182,-0.1666666666607407,178.83333333333334
NEG_KMN_AR_00385,0,35.238985311612126,-109.4741675310534,Arizona,142.0,132.0,82.4,0.9233628237206524,0.6307554377866962,-0.22664204280135,118.8
NEG_KMN_AR_00386,0,34.40584702212199,-109.59410394606522,Arizona,49.0,35.0,65.5,0.7121401750738852,1.894540942372888,0.3056547618740708,49.83333333333333
NEG_KMN_AR_00387,0,34.11018775021304,-113.77959962602,Arizona,133.0,119.0,81.0,0.8947368420379896,0.6806722688503637,-0.1899999999905,111.0
NEG_KMN_AR_00388,0,33.50778100942748,-111.96383774951572,Arizona,118.0,108.33333333333331,94.33333333333331,0.8038734314248027,1.24090342247093,0.0749284265785217,106.8888888888889
NEG_KMN_AR_00389,0,35.750395102447754,-111.89383748686625,Arizona,59.5,44.5,53.5,0.7481638416821144,1.194893831886524,0.0797032326373907,52.5
NEG_KMN_AR_00390,0,32.35433980339596,-109.2864973137102,Arizona,130.0,128.0,96.0,1.0021062747907303,0.755893815530818,-0.1406643686801,118.0
NEG_KMN_AR_00391,0,35.61779507437418,-112.15227626309805,Arizona,149.0,137.42857142857142,96.14285714285714,0.9027890707791708,0.7430291302597717,-0.1502026423750484,127.52380952380952
NEG_KMN_AR_00392,0,33.88717034191736,-110.6983777908398,Arizona,128.6,131.4,103.0,1.0407373684791568,0.8402004016745446,-0.1125101821256918,121.0
NEG_KMN_AR_00393,0,34.062339413157865,-109.4845312900386,Arizona,111.8,115.6,93.2,1.0587408445252262,0.8577719091327763,-0.1026291542578573,106.86666666666665
NEG_KMN_AR_00394,0,34.11666544424603,-110.96920176288704,Arizona,69.6,82.2,99.0,1.205037894515364,1.2793482739452926,0.103604153209345,83.60000000000001
NEG_KMN_AR_00395,0,36.58121574038514,-109.23107382161372,Arizona,167.16666666666666,157.0,102.16666666666669,0.9365990485678518,0.6602079866148514,-0.2054170799007903,142.11111111111111
NEG_KMN_AR_00396,0,33.03034006072968,-112.21578210107556,Arizona,174.0,147.0,103.0,0.8448275861583432,0.7006802720611782,-0.1759999999929599,141.33333333333334
NEG_KMN_AR_00397,0,33.620555038836535,-110.71802272714216,Arizona,151.66666666666666,135.66666666666666,89.66666666666667,0.8951309585950171,0.6672620816620808,-0.2000461636976626,125.66666666666669
NEG_KMN_AR_00398,0,32.95718708339382,-110.16817209703868,Arizona,79.0,61.0,64.0,0.7721518986364365,1.0491803276968557,0.02399999999808,68.0
NEG_KMN_AR_00399,0,35.37806531520171,-111.58125525365182,Arizona,66.0,57.0,55.0,0.8636363635055098,0.9649122805324716,-0.0178571428555484,59.333333333333336
NEG_KMN_AR_00400,0,34.02572899423713,-111.69548072638143,Arizona,152.42857142857142,143.42857142857142,121.0,0.8870842529213938,0.971530507381838,-0.0275682539049184,138.95238095238096
NEG_KMN_AR_00401,0,35.330472268191826,-111.52211547994985,Arizona,131.14285714285714,116.85714285714286,97.71428571428572,0.9057167748782312,0.9248844691794434,-0.0663283506078795,115.23809523809524
NEG_KMN_AR_00402,0,32.744133436926845,-109.0516060253093,Arizona,125.5,155.0,112.0,1.2342037394230914,0.7238095237619551,-0.1602564102503451,130.83333333333334
NEG_KMN_AR_00403,0,33.8758460710492,-112.80023313365724,Arizona,112.4,100.2,92.9,0.9479792185590054,1.0894231821096851,0.0047830120195967,101.83333333333331
NEG_KMN_AR_00404,0,35.38228549567218,-112.45157703984978,Arizona,130.875,122.375,85.125,0.93331957212607,0.6988638709997309,-0.1774978181565294,112.79166666666666
NEG_KMN_AR_00405,0,31.374372692334763,-109.09505899097138,Arizona,119.14285714285714,107.71428571428572,84.42857142857143,0.934591964108204,0.8820738239439362,-0.0898004172229928,103.76190476190476
NEG_KMN_AR_00406,0,35.28620016786561,-109.28634797523,Arizona,123.66666666666669,139.66666666666666,99.33333333333331,1.1315083037338878,0.7153017492807342,-0.1662439538196648,120.8888888888889
NEG_KMN_AR_00407,0,33.082302992783255,-113.6621055945227,Arizona,65.5,68.25,68.5,1.114223567601168,1.135420791854021,0.038060708786294,67.41666666666666
NEG_KMN_AR_00408,0,33.91269567717683,-112.06380700633645,Arizona,137.75,129.875,90.375,0.9793353840434298,0.7716355179006515,-0.1503950798617972,119.33333333333331
NEG_KMN_AR_00409,0,33.69764631585591,-110.5944972020974,Arizona,199.5,198.0,127.5,0.9895833332797266,0.6490196078071166,-0.212980769223798,175.0
NEG_KMN_AR_00410,0,33.97277526441437,-111.71606239196058,Arizona,113.5,108.75,86.0,0.9876748070603788,0.9319768876867388,-0.0673845883640417,102.75
NEG_KMN_AR_00411,0,33.93591497818406,-112.92281968059324,Arizona,61.0,48.0,60.0,0.7868852457726417,1.2499999997395834,0.111111111100823,56.333333333333336
NEG_KMN_AR_00412,0,33.91270687865698,-113.19687867262849,Arizona,170.0,169.85714285714286,122.71428571428572,1.0024557690998857,0.7159031372278154,-0.1681093030142282,154.19047619047618
NEG_KMN_AR_00413,0,32.26682908293969,-109.23221128669049,Arizona,90.875,74.75,70.5,0.8163740253018343,1.443309392523634,0.0840520228251089,78.70833333333334
NEG_KMN_AR_00414,0,36.98912378563856,-109.14329816589373,Arizona,88.0,74.5,71.5,0.8454852100748503,0.9617828611622992,-0.019627270581396,78.0
NEG_KMN_AR_00415,0,35.35936495968511,-113.80554322891192,Arizona,100.0,87.875,72.125,0.8953296125126495,0.8530534305957267,-0.0925527650984531,86.66666666666667
NEG_KMN_AR_00416,0,33.972304695731935,-112.0899764448153,Arizona,74.0,80.0,75.0,1.154737756908429,1.1483190505191585,0.0369385342708575,76.33333333333334
NEG_KMN_AR_00417,0,36.87204625707771,-109.45352073550372,Arizona,71.0,57.0,58.0,0.802816901295378,1.0175438594706063,0.0086956521731569,62.0
NEG_KMN_AR_00418,0,33.497991024545215,-112.19753734533232,Arizona,161.5,155.0,150.0,0.9044117646268022,0.909090908996921,-0.049999999995,155.5
NEG_KMN_AR_00419,0,32.38672793861309,-109.86733596682684,Arizona,113.5,112.0,101.16666666666669,1.004180188146259,1.0102145863394594,-0.026794706249193,108.8888888888889
NEG_KMN_AR_00420,0,33.70169704407857,-113.76830406792487,Arizona,81.66666666666667,77.0,66.0,0.9961921489066312,1.009981446918222,-0.0272804118985661,74.8888888888889
NEG_KMN_AR_00421,0,35.21797478681476,-111.29205686879855,Arizona,154.16666666666666,139.5,117.66666666666669,0.8589387258075911,0.9370480180154566,-0.042307217211954,137.11111111111111
NEG_KMN_AR_00422,0,35.86923484695593,-112.12978074745683,Arizona,114.83333333333331,114.83333333333331,106.66666666666669,1.044426678183387,1.0551469304581742,-0.0010093817862552,112.1111111111111
NEG_KMN_AR_00423,0,34.82763158401258,-109.5014266819178,Arizona,94.33333333333331,86.5,67.33333333333333,0.9561406507735,0.902617761935765,-0.0803608019105311,82.72222222222221
NEG_KMN_AR_00424,0,33.857039778172485,-110.97663797707604,Arizona,124.25,144.75,105.75,1.16065179692065,0.7316772663125107,-0.1550335622735089,124.91666666666669
NEG_KMN_AR_00425,0,33.622108555701566,-113.50017307182408,Arizona,87.33333333333333,85.66666666666667,68.83333333333333,1.0243795443364645,0.9346122210721296,-0.0611002247625196,80.61111111111111
NEG_KMN_AR_00426,0,35.723281726684505,-109.43850568405134,Arizona,63.0,62.0,72.0,0.9971600885264632,1.2707979370517386,0.0973176089667247,65.66666666666667
NEG_KMN_AR_00427,0,33.664592130530735,-110.10290060363832,Arizona,105.0,99.0,81.0,0.942857142767347,0.8181818180991736,-0.0999999999944444,95.0
NEG_KMN_AR_00428,0,33.80288351625137,-113.83861671567831,Arizona,131.0,132.25,93.0,1.0039225592560408,0.7048100135419435,-0.173174789391569,118.75
NEG_KMN_AR_00429,0,33.72578799195851,-114.15244480941736,Arizona,120.66666666666669,139.33333333333334,105.0,1.1539033890448422,0.7554179113995662,-0.1394159203278162,121.66666666666669
NEG_KMN_AR_00430,0,33.86785855556138,-111.44868824598215,Arizona,134.125,138.125,97.375,1.0516576212526896,0.7101190873491015,-0.1700666142739082,123.20833333333331
NEG_KMN_AR_00431,0,35.22950356807312,-112.63586425396328,Arizona,75.0,79.66666666666667,85.33333333333333,1.0995639533151031,1.1594375122101548,0.0446321321287744,80.0
NEG_KMN_AR_00432,0,33.74513576621987,-110.37494763981717,Arizona,93.0,86.0,64.0,0.9247311826962656,0.7441860464250947,-0.1466666666568888,81.0
NEG_KMN_AR_00433,0,32.157172954380115,-111.74857178343404,Arizona,129.0,151.0,105.33333333333331,1.1682657989819016,0.6993430830038233,-0.177004912490045,128.44444444444443
NEG_KMN_AR_00434,0,33.922795434880975,-113.13820915999143,Arizona,174.66666666666666,173.77777777777777,119.77777777777776,0.9939975399150808,0.6943418618588909,-0.1807264458335787,156.07407407407408
NEG_KMN_AR_00435,0,34.01730327336203,-109.49018376548372,Arizona,159.85714285714286,145.85714285714286,95.28571428571428,0.9205035169032064,0.6548261084908858,-0.2087837715100882,133.66666666666666
NEG_KMN_AR_00436,0,34.41833266012964,-113.76237984693807,Arizona,92.0,92.0,91.0,1.029009531568811,1.1210809391115324,0.018871359220902,91.66666666666666
NEG_KMN_AR_00437,0,36.67724968839188,-113.83840149141356,Arizona,129.4,120.6,95.8,0.954356854887418,0.8722314334916659,-0.0859645264512057,115.26666666666664
NEG_KMN_AR_00438,0,34.08961733375242,-109.37842176759112,Arizona,97.66666666666669,93.66666666666669,77.66666666666667,0.9580963429814418,0.8294929235999384,-0.0932087943762587,89.66666666666667
NEG_KMN_AR_00439,0,33.27964974770475,-112.0960124723846,Arizona,124.6,115.6,107.4,0.8976478407202038,0.9364691199486328,-0.0507829403840894,115.86666666666667
NEG_KMN_AR_00440,0,35.6229472830365,-114.0850780131803,Arizona,115.66666666666669,112.83333333333331,89.33333333333333,1.0165190781866948,0.9252023705096618,-0.068026882038869,105.94444444444446
NEG_KMN_AR_00441,0,33.93057409629539,-111.28310775022794,Arizona,169.25,192.25,137.5,1.165438129113771,0.7150891184072802,-0.166126197089293,166.33333333333331
NEG_KMN_AR_00442,0,33.83674598790562,-109.79717210089552,Arizona,53.0,41.0,46.333333333333336,0.7666873962032801,1.1373737370800825,0.0638434029659209,46.77777777777777
NEG_KMN_AR_00443,0,34.256952899900455,-109.82689532005492,Arizona,70.66666666666667,61.66666666666666,65.16666666666667,0.8981895733711869,1.1721509546240212,0.040226022320983,65.83333333333334
NEG_KMN_AR_00444,0,33.173971532875576,-113.59301897288584,Arizona,130.66666666666666,154.66666666666666,110.0,1.179735883333471,0.71213762575977,-0.1681499191895059,131.7777777777778
NEG_KMN_AR_00445,0,33.698190857491774,-112.17404929776728,Arizona,93.25,70.625,86.625,0.7406561470524604,1.4300850154130655,0.155291665500405,83.5
NEG_KMN_AR_00446,0,33.491534115018446,-114.31574661734447,Arizona,117.5,112.5,99.875,0.9533567778840548,1.0114082634555022,-0.0205686777067576,109.95833333333331
NEG_KMN_AR_00447,0,35.09208943605207,-109.50391343493106,Arizona,121.0,94.0,92.0,0.7768595040680282,0.9787234041511996,-0.0107526881714649,102.33333333333331
NEG_KMN_AR_00448,0,33.61569361127166,-111.86649199710132,Arizona,164.75,161.375,106.625,0.986979493514434,0.6614501485563431,-0.204003390306333,144.25
NEG_KMN_AR_00449,0,33.590834053366294,-110.62488982354968,Arizona,101.41666666666669,87.08333333333333,84.91666666666667,0.851227551912383,1.1896236238409068,0.0448789630546875,91.1388888888889
NEG_KMN_AR_00450,0,36.892053720021366,-109.42865815251956,Arizona,77.75,80.0,86.75,1.0576059759545708,1.1998941456205874,0.05581787678522,81.5
NEG_KMN_AR_00451,0,33.45606954350644,-113.29903814140188,Arizona,168.66666666666666,184.3333333333333,135.0,1.1232704401741278,0.7253415195834654,-0.1596043724367552,162.66666666666666
NEG_KMN_AR_00452,0,32.34048541532413,-111.0671404669971,Arizona,112.66666666666669,122.5,92.5,1.1003961352112646,0.8429047211399721,-0.1051071670043256,109.22222222222224
NEG_KMN_AR_00453,0,33.76844523667894,-112.02452388575496,Arizona,171.66666666666666,195.66666666666663,129.33333333333334,1.1835082457977952,0.6671583993736824,-0.2000731245559998,165.55555555555557
NEG_KMN_AR_00454,0,34.00304839381722,-111.5377991561686,Arizona,140.16666666666666,138.16666666666666,109.33333333333331,1.0030133762889493,0.8815955457871288,-0.0878248805338978,129.22222222222223
NEG_KMN_AR_00455,0,33.35232263379608,-111.75156786357178,Arizona,94.0,87.33333333333333,75.0,0.9173265599867888,0.8684979543043679,-0.0713873213828698,85.44444444444444
NEG_KMN_AR_00456,0,34.11716384434358,-109.50572352517923,Arizona,39.0,36.0,43.66666666666666,0.9900085598742888,1.254908562676763,0.0938312894716559,39.55555555555555
NEG_KMN_AR_00457,0,34.27445123584467,-114.09294048637514,Arizona,144.0,133.0,92.0,0.9236111110469714,0.6917293232562609,-0.1822222222141234,123.0
NEG_KMN_AR_00458,0,33.96142645444666,-112.71214063883424,Arizona,77.0,79.0,94.5,1.0517006801108613,1.3580759044658852,0.1062157098817888,83.5
NEG_KMN_AR_00459,0,34.29886187717185,-109.8941199374047,Arizona,21.0,21.0,36.0,0.9999999995238096,1.7142857134693876,0.2631578946906741,26.0
NEG_KMN_AR_00460,0,33.455632602030114,-112.65886072768028,Arizona,63.0,56.0,57.0,0.8888888887477954,1.0178571426753826,0.0088495575213407,58.66666666666666
NEG_KMN_AR_00461,0,33.85309040389828,-114.292674072492,Arizona,120.14285714285714,107.42857142857144,91.28571428571428,0.8713723745719937,0.8202631056906363,-0.1020953934461113,106.28571428571428
NEG_KMN_AR_00462,0,33.58017081879157,-114.05637173021086,Arizona,85.5,72.5,75.0,0.8416046318287643,1.0465686273004855,0.0216066741639135,77.66666666666666
NEG_KMN_AR_00463,0,34.64956208733286,-112.1596253995978,Arizona,89.0,80.33333333333333,59.66666666666666,0.8919890022700107,0.7506593486935983,-0.1430185093470451,76.33333333333333
NEG_KMN_AR_00464,0,33.81717893009006,-110.60496218016824,Arizona,87.25,71.375,76.75,0.8412061582102975,1.2277838430170478,0.0556407836740079,78.45833333333334
NEG_KMN_AR_00465,0,34.89887206121766,-112.1903204373557,Arizona,76.5,81.25,78.25,1.137226430756776,1.1071744130636043,0.0261049022581078,78.66666666666667
NEG_KMN_AR_00466,0,36.5879962057201,-109.1091072640017,Arizona,87.33333333333333,71.5,79.5,0.8556586369382119,1.4909873401584777,0.1076683616000644,79.44444444444444
NEG_KMN_AR_00467,0,33.7465082469491,-112.48823981150656,Arizona,124.72727272727272,119.72727272727272,84.36363636363636,0.9879832982485134,0.8075594580024813,-0.1327026279716922,109.6060606060606
NEG_KMN_AR_00468,0,35.448199468828,-112.04683092403413,Arizona,126.66666666666669,128.33333333333334,85.0,1.0086080585265798,0.6650297738426069,-0.201308594713279,113.33333333333331
NEG_KMN_AR_00469,0,32.15347538324138,-111.9747075187792,Arizona,187.25,181.0,120.0,0.9789215685657632,0.6831011057848664,-0.189846495853388,162.75
NEG_KMN_AR_00470,0,35.463499887512754,-111.42687116099172,Arizona,66.83333333333333,76.0,80.83333333333333,1.163786373473877,1.179971453050667,0.0577711890897049,74.55555555555556
NEG_KMN_AR_00471,0,35.735961218210456,-113.94152943735622,Arizona,197.4,192.6,131.8,0.9763245879199828,0.6752325652001887,-0.195156777338501,173.93333333333334
NEG_KMN_AR_00472,0,32.15453211380228,-110.6758138231483,Arizona,182.7142857142857,186.1428571428572,156.42857142857142,1.0257529405295378,0.8050287260139463,-0.1132170765360123,175.09523809523807
NEG_KMN_AR_00473,0,34.23640217982234,-109.3953264125335,Arizona,106.4,104.2,84.8,1.0078362948576172,0.9265760003382392,-0.0691541000674727,98.46666666666668
NEG_KMN_AR_00474,0,34.071240448260426,-110.88624210785416,Arizona,91.2,81.0,81.6,0.8704926587041006,1.1682245541562184,0.0375434721874858,84.6
NEG_KMN_AR_00475,0,33.60368151061498,-112.2546856193868,Arizona,119.0,109.25,100.75,0.8901666852617004,1.367252533763766,0.0617639850441041,109.66666666666666
NEG_KMN_AR_00476,0,33.789764719389794,-112.2630777450354,Arizona,72.0,63.0,62.85714285714285,0.9082827958490322,1.076937587156147,0.0079245027884845,65.95238095238095
NEG_KMN_AR_00477,0,32.327057399618816,-109.89317232779626,Arizona,55.25,53.0,51.5,1.013865462617493,1.129417638435665,0.0328518551023067,53.25
NEG_KMN_AR_00478,0,35.36569656307636,-111.48211908600643,Arizona,120.0,141.0,110.0,1.1749999999020837,0.7801418439163019,-0.1235059760906969,123.66666666666669
NEG_KMN_AR_00479,0,33.89879208872887,-110.27116443866424,Arizona,122.0,120.0,84.66666666666667,1.0006970100022736,0.7103643206103151,-0.1694929770383134,108.8888888888889
NEG_KMN_AR_00480,0,33.05849545850888,-113.40719450778806,Arizona,62.66666666666666,59.0,64.66666666666667,0.956627680135932,1.2211068208520268,0.062359115303315,62.11111111111111
NEG_KMN_AR_00481,0,32.89405973183836,-113.44930859487158,Arizona,96.375,91.25,81.0,0.973254185853653,1.0658133555920246,-0.0130359918867272,89.54166666666667
NEG_KMN_AR_00482,0,35.8077106739847,-109.09762062565454,Arizona,124.375,119.125,90.125,0.9706579949036416,0.7991707543332669,-0.1319869802185285,111.20833333333334
NEG_KMN_AR_00483,0,36.94064728159252,-110.46168736838456,Arizona,93.5,88.5,78.5,0.9392700896993512,0.909971022019804,-0.0520950480655179,86.83333333333333
NEG_KMN_AR_00484,0,32.48999919957965,-109.12425197135263,Arizona,153.4,141.3,106.9,0.9282703719589864,0.7610369074642862,-0.1361664394534306,133.86666666666667
NEG_KMN_AR_00485,0,34.57347316270651,-113.68617734831383,Arizona,146.6,151.6,116.2,1.0560653015691954,0.8638612794548728,-0.1010760755435145,138.13333333333335
NEG_KMN_AR_00486,0,33.98479649211506,-109.79936262739152,Arizona,155.5,157.5,108.5,1.0528022832684996,0.6899055918224722,-0.1840230664788415,140.5
NEG_KMN_AR_00487,0,33.20971238035296,-112.43278736238392,Arizona,191.0,176.0,116.33333333333331,0.9339330464021812,0.6657734478935291,-0.2009929065005155,161.11111111111111
NEG_KMN_AR_00488,0,33.76678803740402,-112.05027136489196,Arizona,69.0,57.66666666666666,64.66666666666667,0.8250472441442822,1.15685304282418,0.0699425401158525,63.77777777777778
NEG_KMN_AR_00489,0,33.79339841511979,-109.22375506610024,Arizona,88.25,98.1875,97.0,1.167014813735587,1.095541512359325,0.0173020210451883,94.47916666666666
NEG_KMN_AR_00490,0,32.39012987341497,-111.1381602584193,Arizona,82.8,78.6,80.4,1.0069388624713005,1.2047473131445336,0.0634325542987774,80.6
NEG_KMN_AR_00491,0,32.407552877393364,-109.8689167558386,Arizona,62.0,59.5,71.5,0.9983408746175136,1.3245104036532536,0.1071869307068913,64.33333333333333
NEG_KMN_AR_00492,0,31.537222279567946,-111.49069976736706,Arizona,158.5,156.25,115.0,0.9932774048302548,0.8171828135778678,-0.1180758259714518,143.25
NEG_KMN_AR_00493,0,33.8905214697672,-110.99805476837469,Arizona,170.75,162.25,110.25,0.9368816469401916,0.6820734696877152,-0.1890804499135408,147.75
NEG_KMN_AR_00494,0,32.63261647072955,-109.8893982848448,Arizona,167.25,156.75,113.5,0.9253691576179504,0.7020413073089778,-0.1769199513546159,145.83333333333334
NEG_KMN_AR_00495,0,36.94711299146785,-109.44625194679033,Arizona,136.14285714285714,136.71428571428572,96.0,1.0213283167371343,0.7813586052670305,-0.1417756341184009,122.95238095238096
NEG_KMN_AR_00496,0,33.754361646886046,-113.28418285835528,Arizona,73.66666666666667,77.66666666666667,96.0,1.0916442046811687,1.3431912761265294,0.1154673571702789,82.44444444444444
NEG_KMN_AR_00497,0,32.82540484821809,-112.7845288337623,Arizona,121.85714285714286,124.0,98.85714285714286,1.0769435126463915,0.910665914472695,-0.0757622938274043,114.9047619047619
NEG_KMN_AR_00498,0,32.42738012151643,-114.335260068864,Arizona,114.5,106.75,103.0,0.8804133079414568,0.9301403173993882,-0.0369505937744202,108.08333333333331
NEG_KMN_AR_00499,0,34.05909882154897,-109.61766050355207,Arizona,164.0,155.0,100.66666666666669,0.944415309318166,0.6506263324284014,-0.2118879163098325,139.88888888888886
NEG_KMN_AR_00500,0,33.791468081317326,-110.51687017264186,Arizona,71.0,61.75,63.0,0.8864506740456255,1.106464902970025,0.0159495705792909,65.25
NEG_KMN_AR_00501,0,32.41610947359162,-109.27517248134978,Arizona,47.625,48.625,68.125,1.0609979038262405,1.5832513440514866,0.1914798073692866,54.79166666666667
NEG_KMN_AR_00502,0,32.638117484704345,-114.38772903367476,Arizona,161.45454545454547,148.54545454545453,98.54545454545456,0.91362839128413,0.667886995966517,-0.1995626370910441,136.18181818181816
NEG_KMN_AR_00503,0,35.00268085476979,-110.89708021376056,Arizona,78.85714285714286,84.85714285714286,88.57142857142857,1.1131129144211558,1.166130329498409,0.0552075687178633,84.09523809523809
NEG_KMN_AR_00504,0,34.20111352048916,-113.23706821211933,Arizona,90.5,81.16666666666667,76.16666666666667,0.9127170433833008,0.9899952443299002,-0.0238087127838034,82.6111111111111
NEG_KMN_AR_00505,0,34.191142405911016,-111.23612922002803,Arizona,109.1818181818182,98.27272727272728,74.72727272727273,0.9072203801848256,0.8247890804240258,-0.1145833286734231,94.06060606060606
NEG_KMN_AR_00506,0,36.000933922376106,-111.33450999989748,Arizona,27.0,30.0,53.0,1.1111111106995883,1.7666666660777777,0.2771084337015532,36.66666666666666
NEG_KMN_AR_00507,0,33.97821978215505,-110.8153331238522,Arizona,70.0,66.0,64.0,1.0105490288288734,1.0479302830444763,-0.0049893086247937,66.66666666666666
NEG_KMN_AR_00508,0,33.66842727145994,-111.0167823025318,Arizona,85.42857142857143,74.42857142857143,66.57142857142857,0.8781946428733454,0.9350670653872644,-0.0540258383931879,75.47619047619048
NEG_KMN_AR_00509,0,33.387835604241594,-112.2818573617808,Arizona,104.4,113.8,87.6,1.1100710065060455,0.8170567909941238,-0.1220991260825575,101.93333333333332
NEG_KMN_AR_00510,0,33.6119279644953,-113.12022241596948,Arizona,69.8,55.6,71.0,0.8192643214763375,1.419633194370968,0.1548414709558027,65.46666666666667
NEG_KMN_AR_00511,0,34.727836437326964,-111.88946643069346,Arizona,79.2,83.6,63.0,1.0496997271697153,0.7565593164076396,-0.1391240519160139,75.26666666666668
NEG_KMN_AR_00512,0,34.951308911227315,-113.94981119513773,Arizona,189.25,186.5,162.25,0.9777242328292002,0.8172268907089189,-0.1077040816275057,179.33333333333334
NEG_KMN_AR_00513,0,35.38025275809384,-113.22107534543365,Arizona,105.57142857142856,107.71428571428572,86.42857142857143,1.0600694760829827,0.9194760806436802,-0.0682600237284171,99.90476190476193
NEG_KMN_AR_00514,0,33.45166014743431,-112.48732786516314,Arizona,172.5,168.5,168.5,0.9555555554853304,0.9999999999194166,0.0,169.83333333333334
NEG_KMN_AR_00515,0,34.89899260873054,-112.67331503900328,Arizona,60.0,48.0,54.0,0.7999999998666667,1.124999999765625,0.0588235294059977,54.0
NEG_KMN_AR_00516,0,34.16553710357303,-111.02712315704986,Arizona,84.75,67.75,69.25,0.8071735736914526,1.0764802629709138,0.0314416491856622,73.91666666666667
NEG_KMN_AR_00517,0,31.70336742907321,-111.8134583934571,Arizona,103.0909090909091,100.63636363636364,81.27272727272727,0.980247374670796,0.8639147198288122,-0.0945898957430485,95.0
NEG_KMN_AR_00518,0,33.87407199936419,-110.33286494324466,Arizona,151.33333333333334,152.66666666666666,131.66666666666666,1.0031544407618596,0.8431694841058016,-0.1032032875297644,145.22222222222223
NEG_KMN_AR_00519,0,32.9042815206463,-110.39031857685234,Arizona,155.66666666666666,145.0,107.5,0.9232908175287248,0.714395579432225,-0.1694842263432843,136.05555555555557
NEG_KMN_AR_00520,0,32.41857624620239,-109.8729679229192,Arizona,66.33333333333333,51.0,59.333333333333336,0.7631264405898114,1.1831234065608336,0.081523518095385,58.888888888888886
NEG_KMN_AR_00521,0,35.79607814882009,-113.53539967690182,Arizona,96.75,89.5,74.75,0.9515973219522202,0.909791174030842,-0.0709412075752513,87.0
NEG_KMN_AR_00522,0,33.32562619794403,-112.25232698986974,Arizona,135.6,132.4,98.0,1.016411161954914,0.8591665008872728,-0.1018727808384329,122.0
NEG_KMN_AR_00523,0,33.028633297720674,-110.12355979156364,Arizona,120.875,107.625,77.875,0.8873428209317216,0.7310543501384106,-0.1571728668228081,102.125
NEG_KMN_AR_00524,0,36.85680221272228,-113.29320355680728,Arizona,68.5,69.5,70.0,1.0780863394996811,1.165583115480594,0.0510024251133879,69.33333333333333
NEG_KMN_AR_00525,0,32.73719678328491,-114.24183054852524,Arizona,68.0,55.0,56.0,0.8090277776583599,1.0192307690447102,0.0094339622632609,59.66666666666666
NEG_KMN_AR_00526,0,35.380032739050506,-111.6233907842584,Arizona,74.4,86.2,98.8,1.2068060337425757,1.255439243877248,0.0939818662532729,86.46666666666667
NEG_KMN_AR_00527,0,33.984673438495804,-114.29923017140618,Arizona,71.0,66.0,64.5,0.9891016798691432,1.115642962043916,0.0305314709845794,67.16666666666667
NEG_KMN_AR_00528,0,32.98588442180334,-112.97865737282224,Arizona,151.33333333333334,156.33333333333334,106.0,1.0324342457703917,0.6791155300372914,-0.1911472999943533,137.88888888888889
NEG_KMN_AR_00529,0,34.25369240226392,-111.88357575074464,Arizona,239.0,198.0,127.0,0.828451882810525,0.6414141413817467,-0.2184615384548165,188.0
NEG_KMN_AR_00530,0,33.52546489410526,-111.39589461745088,Arizona,90.0,94.75,82.0,1.0571405439971695,1.0378927159590206,-0.0100619780950892,88.91666666666667
NEG_KMN_AR_00531,0,32.4992154401523,-109.712654961363,Arizona,109.71428571428572,108.0,95.42857142857144,0.9801416627443196,0.8593609297298265,-0.0762792652054336,104.38095238095238
NEG_KMN_AR_00532,0,35.00838953309079,-112.24308222676638,Arizona,134.0,111.0,94.0,0.8283582088934061,0.8468468467705544,-0.0829268292642474,113.0
NEG_KMN_AR_00533,0,32.54828117233624,-114.54944232771976,Arizona,106.0,93.625,88.625,0.8969976247148999,1.1476738986858264,0.0255988665090009,96.08333333333331
NEG_KMN_AR_00534,0,32.45644719448131,-109.69966025671744,Arizona,51.0,39.0,50.5,0.764343473088321,1.2963085032919444,0.12890722679223,46.83333333333333
NEG_KMN_AR_00535,0,34.15133743640305,-113.79015028813,Arizona,68.33333333333333,55.66666666666666,67.0,0.8070184250578474,1.245695045449808,0.1040952511444464,63.66666666666666
NEG_KMN_AR_00536,0,32.30141159428491,-109.8946862217411,Arizona,72.83333333333333,69.33333333333333,65.33333333333333,0.9785703247328218,0.999950548094287,-0.0257295306516091,69.16666666666667
NEG_KMN_AR_00537,0,36.73458087875141,-112.99672444013328,Arizona,55.333333333333336,41.66666666666666,49.66666666666666,0.7453724025562104,1.1783950614352088,0.077893977633868,48.888888888888886
NEG_KMN_AR_00538,0,36.65063736484145,-113.97577794829463,Arizona,74.2,80.3,82.2,1.1329457316449514,1.1570193086004843,0.0448145888017633,78.89999999999999
NEG_KMN_AR_00539,0,36.81598181333519,-109.45761173360614,Arizona,110.75,98.0,83.0,0.9423588962908824,0.9806742507648242,-0.0446358111618231,97.25
NEG_KMN_AR_00540,0,35.133903758374984,-111.70983019931492,Arizona,141.57142857142858,129.28571428571428,106.14285714285714,0.8813688397556775,0.9281795600546328,-0.0498716667314541,125.66666666666669
NEG_KMN_AR_00541,0,33.010151311618564,-114.22611272551671,Arizona,120.5,111.0,88.16666666666667,0.92050529564519,0.8059936614597354,-0.1099587353583145,106.55555555555556
NEG_KMN_AR_00542,0,32.02389978467824,-109.16821386069256,Arizona,75.7,91.1,101.3,1.256751542071425,1.2338071967771844,0.0851448294785,89.36666666666667
NEG_KMN_AR_00543,0,34.25177414435717,-113.52309693933762,Arizona,66.0,66.0,85.0,1.0351219510472291,1.3269096817038497,0.118441307113177,72.33333333333334
NEG_KMN_AR_00544,0,33.99313414798407,-110.00778163231512,Arizona,156.6,148.0,108.4,0.9323559437909368,0.7093655189509253,-0.1717714005756508,137.66666666666669
NEG_KMN_AR_00545,0,34.84003276772776,-113.64632663338024,Arizona,149.33333333333334,138.16666666666666,110.5,0.9092047666540984,0.7813604922650911,-0.1301951882788584,132.66666666666666
NEG_KMN_AR_00546,0,34.95252474061403,-112.68600627050192,Arizona,172.5,167.0,134.0,0.9635135645173516,0.7749650762947998,-0.1305262440007542,157.83333333333331
NEG_KMN_AR_00547,0,35.30345385091642,-111.47678571350548,Arizona,112.125,99.625,83.625,0.8937716043695088,1.0650294397059348,-0.0139892701137861,98.45833333333331
NEG_KMN_AR_00548,0,34.73931085939006,-111.17653365759372,Arizona,97.8,93.8,67.8,0.9792204213790086,0.8178581752529344,-0.1235934100203205,86.46666666666667
NEG_KMN_AR_00549,0,33.85838266094623,-111.98396131664124,Arizona,73.5,64.16666666666667,58.16666666666666,0.8407271679601865,1.0582520157831008,0.0115559431467616,65.27777777777779
NEG_KMN_AR_00550,0,33.92449589482207,-112.02663133997316,Arizona,60.0,64.8,77.6,1.086498316263561,1.3087631599748717,0.1161826288549819,67.46666666666667
NEG_KMN_AR_00551,0,34.34152988415481,-109.49359445129572,Arizona,96.875,90.0,76.5,0.9499546992889172,0.9029375025989832,-0.076565427052343,87.79166666666667
NEG_KMN_AR_00552,0,32.834321966064536,-114.35922244410938,Arizona,75.0,68.25,63.75,0.9771497135685808,1.0390894235175443,-0.0022460624177838,69.0
NEG_KMN_AR_00553,0,33.47549080353865,-111.83745568561892,Arizona,161.5,154.0,102.5,0.942598803196846,0.6781938520199357,-0.1922467679062146,139.33333333333334
NEG_KMN_AR_00554,0,32.13948507403355,-109.2554604088508,Arizona,83.77777777777777,91.55555555555556,101.11111111111111,1.145261050523223,1.2272191190012722,0.0820467187619453,92.14814814814817
NEG_KMN_AR_00555,0,33.89089812793043,-110.40555916278822,Arizona,73.0,64.0,64.0,0.8768939392726771,1.001477832354214,0.0006763819712395,67.0
NEG_KMN_AR_00556,0,33.090224310295,-110.09477287347512,Arizona,73.5,60.5,65.5,0.821735074514375,1.0943891650997206,0.0424590888951161,66.5
NEG_KMN_AR_00557,0,36.86061154283857,-112.40935910887134,Arizona,84.76923076923077,87.07692307692308,84.3076923076923,1.0732691578172082,1.094737339630513,0.0115640781446233,85.38461538461539
NEG_KMN_AR_00558,0,35.10528007589336,-113.22671672294511,Arizona,73.77777777777777,65.22222222222223,54.55555555555556,0.8564821421756172,1.0021577745682873,-0.0313848306511708,64.51851851851852
NEG_KMN_AR_00559,0,32.47755539468211,-110.02949854497548,Arizona,94.72727272727272,88.36363636363636,78.81818181818181,0.9503801550057632,0.9534579115966164,-0.0486060991264382,87.30303030303031
NEG_KMN_AR_00560,0,34.901778084217604,-112.61169180522512,Arizona,105.5,102.5,87.5,0.9721922730434568,0.8523827972808616,-0.079719963861988,98.5
NEG_KMN_AR_00561,0,35.52641632744556,-112.63578879833284,Arizona,78.0,76.5,70.5,1.0946239476126491,1.0955265608175313,0.0202614379019842,75.0
NEG_KMN_AR_00562,0,33.82231310342442,-114.31155732484524,Arizona,119.8,106.8,76.6,0.8521959591029267,0.7182384718766915,-0.1680195637715433,101.06666666666668
NEG_KMN_AR_00563,0,35.105970721689445,-112.35397278625834,Arizona,98.0,87.33333333333333,70.83333333333333,0.8898365707179852,0.8203927799840076,-0.100054936087197,85.38888888888887
NEG_KMN_AR_00564,0,33.82872772243206,-113.68518967741204,Arizona,54.6,62.8,76.6,1.164017570245099,1.3173061935813903,0.1200169247573333,64.66666666666667
NEG_KMN_AR_00566,0,34.40368326012186,-110.89669440795672,Arizona,174.5,170.0,113.0,0.9845859660214098,0.665120625761261,-0.2013535111306355,152.5
NEG_KMN_AR_00567,0,35.422636826332266,-112.79084019790491,Arizona,68.5,77.5,67.5,1.0958073455556978,1.0826099534134703,0.0157264957165397,71.16666666666667
NEG_KMN_AR_00568,0,36.21955099318108,-109.72107565247096,Arizona,92.25,91.75,80.25,1.034227873269112,0.9357990773490912,-0.066331764199961,88.08333333333333
NEG_KMN_AR_00569,0,34.669387704265155,-112.35599435596907,Arizona,146.75,132.5,85.25,0.8937615716558245,0.6547584563350131,-0.209355947934455,121.5
NEG_KMN_AR_00570,0,36.14879066692167,-112.9365265715756,Arizona,139.0,145.5,102.0,1.0425598990414398,0.7018728222501718,-0.1751879699175909,128.83333333333334
NEG_KMN_AR_00571,0,34.080285413359455,-109.93853043651508,Arizona,129.14285714285714,102.71428571428572,88.28571428571429,0.7501100128632572,1.1189453416345845,0.0210373211157202,106.71428571428572
NEG_KMN_AR_00572,0,34.36856221701071,-113.46135529465482,Arizona,58.66666666666666,62.0,64.0,1.1089549091193402,1.2545748041087998,0.0827764070060778,61.55555555555555
NEG_KMN_AR_00573,0,35.18207254264376,-112.48828382213208,Arizona,112.33333333333331,112.33333333333331,93.33333333333331,1.02406912894019,0.8840146267322626,-0.0858566185745035,106.0
NEG_KMN_AR_00574,0,34.00149012180358,-110.86342610301632,Arizona,152.33333333333334,145.33333333333334,99.83333333333331,0.9650206475518908,0.6907498853336854,-0.1833976806730189,132.5
NEG_KMN_AR_00575,0,36.11055866122849,-114.45502359377952,Arizona,121.57142857142856,105.28571428571428,97.57142857142856,0.860989663977327,1.1807828898799413,0.0345407649464581,108.14285714285714
NEG_KMN_AR_00576,0,35.574348095593564,-113.9926117649892,Arizona,77.76470588235294,71.05882352941177,66.41176470588235,0.9454217373817708,1.0889097818883229,0.006668198627575,71.74509803921569
NEG_KMN_AR_00577,0,32.60441634053466,-109.19624554064626,Arizona,155.8,145.0,96.2,0.9412550221048676,0.6762381934483622,-0.1947096126643079,132.33333333333334
NEG_KMN_AR_00578,0,36.51257296470349,-109.10816398257612,Arizona,155.83333333333334,148.33333333333334,96.83333333333331,0.9524637667432154,0.6562721936331404,-0.2077269048245274,133.66666666666666
NEG_KMN_AR_00579,0,35.84472523625629,-112.28527345087502,Arizona,148.66666666666666,152.66666666666666,114.5,1.0295890172136588,0.7796794309768657,-0.1276313026762921,138.61111111111111
NEG_KMN_AR_00580,0,35.07545878473229,-113.76932375368136,Arizona,81.5,87.0,93.0,1.1089225587647231,1.154134295077942,0.0400914963962681,87.16666666666666
NEG_KMN_AR_00581,0,34.80302276544232,-113.73602562792952,Arizona,68.0,67.0,74.5,1.0239062871808482,1.1990740738745926,0.0509490509455951,69.83333333333333
NEG_KMN_AR_00582,0,33.60303766142443,-113.27535208748122,Arizona,107.16666666666669,93.66666666666669,90.83333333333331,0.8186743201809016,1.069617871658648,0.0240504808043007,97.2222222222222
NEG_KMN_AR_00583,0,34.15466352516991,-113.87041506363022,Arizona,105.83333333333331,88.66666666666667,82.16666666666667,0.8401468243587559,1.271465288237853,0.0479140223307297,92.22222222222224
NEG_KMN_AR_00584,0,35.340289064905946,-112.42445489649587,Arizona,72.33333333333333,53.66666666666666,63.333333333333336,0.7217533388997427,1.3358915903379582,0.1284892388420442,63.11111111111111
NEG_KMN_AR_00585,0,33.43191544872147,-112.01176941521794,Arizona,117.5,119.75,91.25,1.0153896722479898,0.7635250403847413,-0.1342184521770241,109.5
NEG_KMN_AR_00586,0,35.664904945428,-109.91596855813265,Arizona,112.66666666666669,122.0,104.33333333333331,1.1230278782190637,0.9690152729613408,-0.0484751979493851,113.0
NEG_KMN_AR_00587,0,34.90464918269079,-112.05363695911348,Arizona,78.5,77.5,79.5,1.0261746206370526,1.1315321718878644,0.0237707587082937,78.5
NEG_KMN_AR_00588,0,36.95149325841327,-109.33513418679922,Arizona,113.0,94.42857142857144,77.28571428571429,0.8183665600189649,0.918364230488656,-0.0509972958030894,94.90476190476193
NEG_KMN_AR_00589,0,33.83607795629508,-109.40179583649524,Arizona,110.125,100.75,84.625,0.9245349262072876,0.8951173627927801,-0.0739058630933682,98.5
NEG_KMN_AR_00590,0,34.65090799547652,-109.8362521311301,Arizona,139.85714285714286,132.42857142857142,120.0,0.9204833685534468,0.9241990667534228,-0.0429081190412974,130.76190476190476
NEG_KMN_AR_00591,0,34.35468726452073,-113.88475476790644,Arizona,132.8,134.4,105.2,1.0202564101648717,0.8179935527543595,-0.1030109977118953,124.13333333333333
NEG_KMN_AR_00592,0,32.09028680166072,-110.51643950872057,Arizona,87.33333333333333,71.66666666666667,57.333333333333336,0.8091477764425979,0.8123421232037327,-0.104292942830042,72.1111111111111
NEG_KMN_AR_00593,0,32.59444912343752,-114.34099480718612,Arizona,115.9,103.0,75.2,0.8839294259668765,0.7289892279171472,-0.1576989922926809,98.03333333333332
NEG_KMN_AR_00594,0,36.62276301937861,-109.15227999829534,Arizona,69.0,60.0,53.0,0.8695652172652805,0.8833333331861111,-0.0619469026493852,60.66666666666666
NEG_KMN_AR_00595,0,33.76730693595884,-113.90200196763476,Arizona,181.75,182.0,119.0,1.000251501146929,0.6571970505236775,-0.2075860858660576,160.91666666666666
NEG_KMN_AR_00596,0,34.662963618482465,-111.31682697818552,Arizona,83.88888888888889,81.55555555555556,79.77777777777777,1.0166940901448038,1.1029697507594434,0.0181759022413681,81.74074074074073
NEG_KMN_AR_00597,0,33.84552611363249,-111.00632943598885,Arizona,87.625,95.5,98.875,1.1414431860206689,1.1553912196207254,0.0517563856426142,94.0
NEG_KMN_AR_00598,0,31.897429447732623,-109.63545644598526,Arizona,77.22222222222223,86.33333333333333,93.11111111111111,1.161841963395065,1.2071306696568156,0.0735334663472843,85.55555555555557
NEG_KMN_AR_00599,0,33.44179188145568,-111.6807190125096,Arizona,63.0,59.5,66.5,1.0408163262695231,1.2411764703072663,0.0926029700081704,63.0
NEG_KMN_AR_00600,0,33.85974283082237,-111.1827439284105,Arizona,124.0,116.0,120.33333333333331,0.8624338623299476,1.097572362098315,0.044836680863675,120.1111111111111
NEG_KMN_AR_00601,0,32.916019574195175,-110.39399911054625,Arizona,84.3076923076923,88.0,82.15384615384616,1.1026557009836973,1.074364154477379,0.0027157551681691,84.82051282051283
NEG_KMN_AR_00602,0,33.407503985851285,-112.04443195731494,Arizona,159.16666666666666,159.16666666666666,135.83333333333334,1.0091096407483375,0.8371830729141269,-0.0906931276108228,151.38888888888889
NEG_KMN_AR_00603,0,34.813191839988576,-110.1828208675796,Arizona,131.2,115.0,87.2,0.8607986540337296,0.8653108392148747,-0.0921164060055577,111.13333333333333
NEG_KMN_AR_00604,0,33.46431400661928,-113.10756919230664,Arizona,63.0,52.0,60.0,0.82539682526581,1.1538461536242604,0.0714285714221938,58.333333333333336
NEG_KMN_AR_00605,0,34.8482132977318,-112.41879233361232,Arizona,101.75,108.25,99.5,1.1092279304598782,1.0423260580497835,-0.0137910462197217,103.16666666666666
NEG_KMN_AR_00606,0,33.95884879206101,-112.69452883865466,Arizona,157.33333333333334,139.33333333333334,101.16666666666669,0.8895485273611405,0.7294655745635817,-0.15734761911916,132.61111111111111
NEG_KMN_AR_00607,0,33.53746936811424,-113.97914958287696,Arizona,70.0,72.75,71.0,1.0680343695114636,1.0561815334700977,0.0009381643982054,71.25
NEG_KMN_AR_00608,0,33.5931394274297,-114.45076071532912,Arizona,75.4,86.1,95.1,1.1855794319263009,1.2516951663156903,0.0915742745233948,85.53333333333333
NEG_KMN_AR_00609,0,32.695033639919146,-114.40315677248869,Arizona,161.0,158.2,109.8,1.028006128978356,0.7054022959991246,-0.1749622022394055,143.0
NEG_KMN_AR_00610,0,32.95380979987789,-113.74610950793311,Arizona,95.25,99.0,94.25,1.0839813014492623,1.065064171476458,-0.0025983020726458,96.16666666666669
NEG_KMN_AR_00611,0,33.75535258502791,-110.366348236029,Arizona,83.33333333333333,89.83333333333333,91.33333333333331,1.132140418815969,1.168390834670216,0.0501320349061199,88.16666666666667
NEG_KMN_AR_00612,0,35.40668862046766,-111.2788434317814,Arizona,52.0,56.5,58.0,1.154641654335821,1.2082417579540978,0.0498817966824878,55.5
NEG_KMN_AR_00613,0,33.843481476159965,-113.81942296390952,Arizona,134.28571428571428,112.57142857142856,84.42857142857143,0.8470012827758339,0.7926924394658548,-0.1199175564028299,110.42857142857144
NEG_KMN_AR_00614,0,35.127808426181964,-109.39609737300184,Arizona,157.0,138.42857142857142,120.57142857142856,0.8427603843582363,0.9436738075769692,-0.0381891672123594,138.66666666666666
NEG_KMN_AR_00615,0,33.80032515663772,-110.26487652515216,Arizona,93.4,72.8,64.2,0.7752517588525659,0.9511737468007828,-0.0316833708886848,76.8
NEG_KMN_AR_00616,0,33.14024165089314,-114.57593677476363,Arizona,71.8,64.0,62.4,0.9096327895524708,1.0246797597825084,-0.0155916026375525,66.06666666666666
NEG_KMN_AR_00617,0,36.71904299193024,-113.75405286962518,Arizona,119.57142857142856,107.85714285714286,83.0,0.9067696602351144,0.780435664656944,-0.1254328375063149,103.47619047619048
NEG_KMN_AR_00618,0,34.280742261355044,-113.07383704990308,Arizona,122.0,124.66666666666669,101.0,1.0610691335419289,0.8968377653206504,-0.0820743175123761,115.88888888888889
NEG_KMN_AR_00619,0,35.02369133190511,-110.0034543345663,Arizona,205.0,223.0,147.5,1.1161290321987063,0.6697566984598683,-0.1992258349869404,191.8333333333333
NEG_KMN_AR_00620,0,33.749402285473,-111.02830363393376,Arizona,99.14285714285714,93.28571428571428,85.0,0.9310391349037154,0.9880493746421656,-0.0331816839675049,92.47619047619048
NEG_KMN_CA_00001,0,39.12995193217631,-120.53256616616898,California,71.375,63.0,77.875,0.9095173002056968,1.2996492021195365,0.1112812914097065,70.75
NEG_KMN_CA_00002,0,38.9051332690032,-121.19630064883312,California,167.3,160.1,131.9,0.9426557242888116,0.8721437872304592,-0.0833608036680502,153.1
NEG_KMN_CA_00003,0,39.89356367858608,-121.91049693954584,California,118.16666666666669,104.33333333333331,102.83333333333331,0.8436878551711459,1.0329037952939313,0.011670433806949,108.44444444444446
NEG_KMN_CA_00004,0,35.24295945400701,-116.89598301167712,California,94.5,88.63636363636364,99.45454545454544,0.968948672697448,1.23685783144912,0.0886340042556909,94.1969696969697
NEG_KMN_CA_00005,0,39.60233623353083,-120.12976630493876,California,93.21739130434784,99.65217391304348,104.21739130434784,1.1102689287720295,1.1663115381530025,0.0549339286161307,99.02898550724638
NEG_KMN_CA_00006,0,41.93581115022451,-123.73413328180992,California,75.8125,81.1875,103.875,1.1097031307172105,1.4641038285518215,0.1527180413541317,86.95833333333334
NEG_KMN_CA_00007,0,37.46330050990161,-122.0191413805304,California,112.92307692307692,96.3846153846154,85.84615384615384,0.8032314524223187,1.04088184086392,0.0063701915229531,98.38461538461536
NEG_KMN_CA_00008,0,35.13962054253173,-116.5607878636318,California,127.55555555555556,109.22222222222224,119.33333333333331,0.7948038130213955,1.374842371312455,0.1160023268672945,118.7037037037037
NEG_KMN_CA_00009,0,38.93970819178808,-120.9787664890107,California,83.23529411764706,71.76470588235294,81.23529411764706,0.8711054272583165,1.2793552508966597,0.1041522498787526,78.74509803921569
NEG_KMN_CA_00010,0,41.890159152975656,-124.01049211728036,California,120.37837837837836,106.32432432432432,87.21621621621621,0.8638497420814673,1.02937075969187,-0.0309309501653922,104.63963963963964
NEG_KMN_CA_00011,0,41.75846181934737,-121.59126599735735,California,112.25,110.25,102.75,1.0333168496984315,1.0808350686314692,0.0148498931567485,108.41666666666669
NEG_KMN_CA_00012,0,37.79411539292843,-119.20578367307075,California,104.0909090909091,105.8181818181818,98.9090909090909,1.0756108752123024,1.089428842875626,0.0159874533812691,102.93939393939394
NEG_KMN_CA_00013,0,36.41499919211061,-118.0793716756658,California,78.41666666666667,57.41666666666666,74.25,0.7014652269030927,1.9599312198344696,0.2159162528234138,70.02777777777779
NEG_KMN_CA_00014,0,36.82275899880058,-119.06859225288132,California,65.5,65.0,79.83333333333333,1.0392776424384194,1.4117312269993223,0.1384321471882229,70.1111111111111
NEG_KMN_CA_00015,0,33.24290462683527,-116.28927162584114,California,76.3,56.1,82.0,0.7289312311337269,1.5327816691261484,0.1964660760288643,71.46666666666667
NEG_KMN_CA_00017,0,34.539899740394524,-118.17689458722612,California,63.1,50.7,51.4,0.7565533776840168,1.101518484533604,0.0346476824922481,55.06666666666666
NEG_KMN_CA_00018,0,33.92663206525465,-117.78098376044022,California,68.7,55.9,55.4,0.8052901566647712,1.0308904802210972,-0.0042344400970303,60.0
NEG_KMN_CA_00019,0,36.74609021794716,-119.49649017293144,California,159.5,149.0,125.5,0.8359374999279019,1.2751937982175032,0.0532258064416089,144.66666666666666
NEG_KMN_CA_00020,0,38.811828682845146,-122.26247529231568,California,27.25,26.25,83.0,0.9643137829244774,3.197023808286291,0.5090868195665962,45.5
NEG_KMN_CO_00001,0,37.73265081198272,-102.709847002797,Colorado,96.16666666666669,84.0,67.33333333333333,0.8747322641720608,0.8106647749340955,-0.1053930790430132,82.5
NEG_KMN_CO_00002,0,39.16632208168841,-106.54362367718984,Colorado,85.5,70.16666666666667,55.16666666666666,0.8235880277366237,0.7898113452669442,-0.1184315890382814,70.27777777777779
NEG_KMN_CO_00003,0,39.40682634166307,-105.97316934324176,Colorado,215.3333333333333,202.0,132.0,0.9419934640043292,0.661823896767591,-0.2043520187993346,183.11111111111111
NEG_KMN_CO_00004,0,40.18669393391826,-102.11873056150988,Colorado,162.66666666666666,138.5,105.16666666666669,0.8192815496598512,0.8520530919117119,-0.0941463379072636,135.44444444444446
NEG_KMN_CO_00005,0,38.14821770705324,-106.93289684088847,Colorado,133.3,127.5,118.6,0.9294670944850854,1.14382679857119,0.016902918507237,126.46666666666664
NEG_KMN_CO_00006,0,38.06101008847816,-107.51461402058692,Colorado,147.2,130.4,100.0,0.8607552356803927,0.9018900348862722,-0.0718009882047466,125.86666666666667
NEG_KMN_CO_00007,0,40.56611565340403,-105.39257510401586,Colorado,129.0,115.25,83.5,0.911324440276054,0.7321867634621532,-0.1557798271330936,109.25
NEG_KMN_CO_00008,0,39.32446253141234,-106.43236243631009,Colorado,214.6,194.4,135.6,0.8639881612491983,0.9951106705931382,-0.0957381798497924,181.53333333333333
NEG_KMN_CO_00009,0,40.752179328768456,-106.8907008877643,Colorado,160.66666666666666,139.5,95.5,0.8968613392201045,0.7110629176698184,-0.1712249348024155,131.88888888888889
NEG_KMN_CO_00010,0,40.478526882809646,-107.73669059221857,Colorado,138.5,113.25,92.0,0.8047072503665902,1.1118670867624891,0.0035507037117416,114.58333333333331
NEG_KMN_CO_00011,0,38.445359782128165,-108.8530741118186,Colorado,240.0,222.75,171.0,0.9211915535059252,0.7588392317848143,-0.1441479375348235,211.25
NEG_KMN_CO_00012,0,38.16686989822477,-108.04519926623033,Colorado,191.7142857142857,180.28571428571428,135.71428571428572,0.909770053055932,0.7523221269507958,-0.146216988345789,169.23809523809524
NEG_KMN_CO_00013,0,39.07805568706358,-103.49248105158672,Colorado,192.6,184.9,175.3,0.9643115760148008,1.1281884360353789,0.0186578309512473,184.26666666666668
NEG_KMN_CO_00014,0,40.75839057385893,-107.78717852020054,Colorado,125.5,112.5,96.0,0.8955152671041511,0.855357142780591,-0.0782482357787626,111.33333333333334
NEG_KMN_CO_00015,0,39.461958767581,-107.07957194734036,Colorado,150.08333333333334,136.0,104.66666666666669,0.8982647759725836,0.7864650359138028,-0.1213328277835112,130.25
NEG_KMN_CO_00016,0,39.69980365375787,-105.0323294649067,Colorado,144.72727272727272,135.54545454545453,109.8181818181818,0.9245896412891942,0.9055576462043472,-0.0789239521623872,130.03030303030303
NEG_KMN_CO_00017,0,40.7222774298687,-108.63861119522488,Colorado,133.9090909090909,113.0,93.63636363636364,0.803403245903031,1.2301943497436898,0.0378914807712534,113.51515151515152
NEG_KMN_CO_00018,0,38.76749313513376,-108.73875880462572,Colorado,174.33333333333334,151.33333333333334,110.33333333333331,0.8580783700874816,0.77523179940071,-0.1329934024622998,145.33333333333331
NEG_KMN_CO_00019,0,39.22053150493642,-105.4478740472722,Colorado,175.11111111111111,168.66666666666666,152.77777777777777,0.9170674296977795,1.042843503190206,-0.0070424051053679,165.51851851851853
NEG_KMN_CO_00020,0,38.70123206523061,-108.79329818342978,Colorado,106.54545454545456,94.8181818181818,85.36363636363636,0.8464487350068027,1.0500206820473792,-0.0019678183376241,95.5757575757576
NEG_KMN_CO_00021,0,38.351269314656015,-108.62804938379122,Colorado,114.9090909090909,102.54545454545456,90.36363636363636,0.8640883671208496,1.0786480052826684,-0.012529960778167,102.6060606060606
NEG_KMN_CO_00022,0,38.20171716110166,-104.55468179811204,Colorado,185.8571428571429,158.85714285714286,116.28571428571428,0.8552242885210235,0.7542158810453106,-0.1458494990277351,153.66666666666669
NEG_KMN_CO_00023,0,37.48409618631823,-104.15805150641955,Colorado,140.0,132.25,99.75,0.9230472763845632,0.8229118401849069,-0.1060200094221355,124.0
NEG_KMN_CO_00024,0,39.33011481946779,-106.74262038167558,Colorado,180.8333333333333,177.0,127.5,0.9683449448566628,0.7420063874073254,-0.1495987325208737,161.77777777777777
NEG_KMN_CO_00025,0,38.03871490277584,-107.79791595350372,Colorado,149.16666666666666,136.33333333333334,102.66666666666669,0.9069484837551514,0.8154206344843532,-0.1071073641996542,129.38888888888889
NEG_KMN_CO_00026,0,38.79548729660417,-106.64291054496316,Colorado,163.57142857142858,142.28571428571428,96.14285714285714,0.8937717059309203,0.6961749605226507,-0.1809017174983977,134.00000000000003
NEG_KMN_CO_00027,0,39.66332175634421,-105.5256804285317,Colorado,101.33333333333331,80.44444444444444,71.11111111111111,0.78950851208473,1.2092265641496591,0.0402540627413213,84.29629629629629
NEG_KMN_CO_00028,0,38.56757725114214,-106.9974525234852,Colorado,255.0,251.5,170.5,0.986274509765244,0.677482605918679,-0.1927055225714132,225.66666666666669
NEG_KMN_CO_00029,0,38.384907836772754,-109.04442396786352,Colorado,168.6,161.4,133.4,0.935157318676956,0.8359486412697799,-0.0919242507999014,154.46666666666667
NEG_KMN_CO_00030,0,38.37973369299847,-108.54632316786244,Colorado,138.55555555555554,119.33333333333331,98.33333333333331,0.8592611688255858,0.8843935387177586,-0.0699039907260614,118.74074074074076
NEG_KMN_CO_00031,0,37.79050082756476,-108.53718923092704,Colorado,159.5,149.25,99.25,0.9396155522792422,0.6648933034049672,-0.201359089314707,136.0
NEG_KMN_CO_00032,0,38.296275101640965,-108.74260491034016,Colorado,140.0,126.6,87.2,0.9342577769987608,0.7059939343171567,-0.1736155702945304,117.93333333333332
NEG_KMN_CO_00033,0,40.52153086104087,-105.22142369465035,Colorado,162.0,155.6,122.8,0.935149717453742,0.7982459189851238,-0.1155118564718314,146.8
NEG_KMN_CO_00034,0,39.71108949879225,-104.8357469153541,Colorado,145.75,128.75,115.5,0.860252730103038,1.5120982536366343,0.0358459544199952,130.0
NEG_KMN_CO_00035,0,38.64528473050386,-104.61599203480591,Colorado,156.11111111111111,141.55555555555554,109.77777777777776,0.9028688233187409,0.825878969561419,-0.1090071613824097,135.8148148148148
NEG_KMN_CO_00036,0,38.67579464591721,-106.5078280796643,Colorado,196.0,172.0,123.5,0.8480610564890967,0.7729455514227345,-0.1367684575461962,163.83333333333334
NEG_KMN_CO_00037,0,38.36249644145603,-108.93845512418416,Colorado,59.333333333333336,44.333333333333336,74.66666666666667,0.7624843509006812,2.123046065622935,0.2899031520842834,59.44444444444445
NEG_KMN_CO_00038,0,39.83775675874767,-104.34937333023588,Colorado,140.08333333333334,129.58333333333334,103.33333333333331,0.9085547715944552,0.8146590155085164,-0.1058633626216044,124.33333333333331
NEG_KMN_CO_00039,0,38.30969316579112,-108.8786809008384,Colorado,168.0,171.5,156.5,1.043209876456539,0.9114081995739248,-0.046350507414202,165.33333333333331
NEG_KMN_CO_00040,0,40.56472137327069,-104.98148512442413,Colorado,170.625,162.4375,119.5,0.9483284920838032,0.8724350523626228,-0.10004472625941,150.85416666666666
NEG_KMN_ID_00002,0,43.430950307773685,-111.33587918084606,Idaho,133.11111111111111,118.33333333333331,138.88888888888889,0.7842072368863562,1.6167979109404091,0.1864711078496177,130.11111111111111
NEG_KMN_ID_00003,0,47.45131494416093,-115.94332187759449,Idaho,255.0,255.0,225.0,0.9999999999607844,0.8823529411418685,-0.0624999999986979,245.0
NEG_KMN_ID_00004,0,42.3105323988932,-114.89364332583784,Idaho,178.25,169.5,143.25,0.9129251700077744,0.8646694260522674,-0.0731958835417599,163.66666666666666
NEG_KMN_ID_00005,0,42.79058477746266,-114.8932165017876,Idaho,137.66666666666666,122.0,133.33333333333334,0.7827412879898341,1.6229804756147748,0.1635142054883943,131.0
NEG_KMN_ID_00006,0,44.27279216854976,-112.85906945560528,Idaho,87.0,72.66666666666667,66.66666666666667,0.8333377263077694,0.9295018950261,-0.042779197746704,75.44444444444446
NEG_KMN_ID_00007,0,43.73863238558173,-114.83318640706648,Idaho,93.0,84.0,85.0,0.903225806354492,1.0119047617842971,0.0059171597629634,87.33333333333333
NEG_KMN_ID_00008,0,42.39172538621073,-112.45644239769814,Idaho,83.25,65.0,126.75,0.7512123165904544,2.512490331021939,0.2959832483572395,91.66666666666669
NEG_KMN_ID_00009,0,44.271415362550535,-112.89378463965404,Idaho,128.4,118.2,117.0,0.7650943625552229,1.6738823523906372,0.1838323462968828,121.19999999999996
NEG_KMN_ID_00010,0,47.79404772638671,-115.92069147490014,Idaho,188.5,186.0,152.0,0.9795081966623996,0.8019105077438208,-0.1105143565337009,175.5
NEG_KMN_ID_00011,0,42.27579379613338,-111.32696483468736,Idaho,144.33333333333334,129.0,136.33333333333334,0.8278759528056713,1.1315338255142704,0.0579454358872337,136.55555555555557
NEG_KMN_ID_00012,0,44.72014372945952,-114.10438845963016,Idaho,255.0,255.0,164.0,0.9999999999607844,0.6431372548767397,-0.2171837708778715,224.66666666666663
NEG_KMN_ID_00014,0,45.02104966508276,-113.78584408977711,Idaho,255.0,255.0,253.0,0.9999999999607844,0.99215686270619,-0.0039370078739382,254.3333333333333
NEG_KMN_ID_00015,0,43.82543606428328,-111.90283339008325,Idaho,151.0,123.0,105.0,0.814569536369896,0.8536585365159628,-0.07894736841759,126.33333333333331
NEG_KMN_ID_00016,0,47.1700866324903,-116.52659779387642,Idaho,130.5,124.0,102.0,0.92594771233144,0.9236927065746868,-0.0512051525199099,118.83333333333331
NEG_KMN_ID_00017,0,47.9523901356314,-116.74547375399368,Idaho,167.5,165.25,140.5,0.9703947367637362,0.8878919477444076,-0.0661635298774219,157.75
NEG_KMN_ID_00018,0,44.00406363512378,-114.73174076985038,Idaho,105.0,93.0,89.0,0.885714285629932,0.956989247208926,-0.0219780219768143,95.66666666666669
NEG_KMN_ID_00019,0,43.676210687224746,-116.38667453511624,Idaho,117.0,107.0,77.5,0.9145299144517496,0.7241439552083624,-0.1601034442137127,100.5
NEG_KMN_ID_00020,0,43.62465892342593,-111.7262867929864,Idaho,103.0,97.0,73.0,0.9417475727241024,0.7525773195100436,-0.1411764705799308,91.0
NEG_KMN_ID_00021,0,47.33674397593632,-115.96673755530674,Idaho,255.0,255.0,192.0,0.9999999999607844,0.7529411764410611,-0.1409395973122832,234.0
NEG_KMN_ID_00022,0,48.1834665639792,-116.9112262610306,Idaho,199.5,191.0,168.0,0.9409722221719912,0.9038752508330152,-0.0520146395135222,186.16666666666663
NEG_KMN_ID_00023,0,45.39613448639979,-114.64091177647674,Idaho,36.0,18.0,46.0,0.4999999998611111,2.555555554135802,0.4374999999316407,33.333333333333336
NEG_KMN_ID_00024,0,43.743418975403,-114.50612440596524,Idaho,125.0,107.0,101.0,0.8559999999315201,0.9439252335566426,-0.028846153844767,111.0
NEG_KMN_ID_00026,0,42.71259578863398,-114.562722047173,Idaho,108.75,97.75,91.5,0.8105649486454534,1.2727077793453498,0.035134780546003,99.33333333333331
NEG_KMN_ID_00027,0,43.56988773623844,-116.7130409189088,Idaho,78.0,50.0,42.0,0.6410256409434583,0.839999999832,-0.0869565217296786,56.66666666666666
NEG_KMN_ID_00028,0,47.61802477883914,-116.75568749941256,Idaho,157.0,149.0,158.5,0.861790986710036,1.4703884610775235,0.1393651074552859,154.83333333333334
NEG_KMN_ID_00029,0,47.57215935753441,-116.20844382290268,Idaho,105.0,79.0,70.5,0.7637647058057501,0.9034090907918204,-0.0534591194934931,84.83333333333334
NEG_KMN_ID_00031,0,45.38534462650509,-114.91121885823212,Idaho,114.75,97.5,115.25,0.741543538752411,1.561049490090638,0.1890184704555158,109.16666666666666
NEG_KMN_ID_00032,0,42.61284724855659,-112.15415731229972,Idaho,150.66666666666666,146.33333333333334,123.0,0.9549727001792744,0.83301094099401,-0.0928676120636209,140.00000000000003
NEG_KMN_ID_00033,0,42.84112565008218,-116.06224915258304,Idaho,255.0,255.0,255.0,0.9999999999607844,0.9999999999607844,0.0,255.0
NEG_KMN_ID_00034,0,48.0847883083074,-116.78735252462776,Idaho,151.66666666666666,144.0,115.66666666666669,0.9236923691647742,0.8467229901936014,-0.0851312492154043,137.11111111111111
NEG_KMN_ID_00035,0,42.95128907992044,-115.5345163292102,Idaho,140.4,128.6,130.8,0.8042635657644908,1.417920760445568,0.1114955109878114,133.26666666666668
NEG_KMN_ID_00036,0,43.66608577745142,-114.0384956172274,Idaho,134.71428571428572,121.85714285714286,130.28571428571428,0.8846946669419137,1.2112181051327195,0.063861935085957,128.9523809523809
NEG_KMN_ID_00037,0,47.90690520201518,-116.39486541766632,Idaho,104.0,76.4,73.6,0.718658696656148,1.193197320081334,0.0553510620551373,84.66666666666666
NEG_KMN_ID_00038,0,47.50694683448534,-115.87104469753808,Idaho,136.0,114.0,90.0,0.8527886056265697,0.8015041791258676,-0.1108181393119829,113.33333333333331
NEG_KMN_ID_00039,0,44.172667226525625,-111.12023171663223,Idaho,103.6,93.4,95.6,0.8603477016215301,1.329237718184085,0.0973283817058716,97.53333333333332
NEG_KMN_ID_00040,0,42.20315988735207,-112.45818636394527,Idaho,175.25,164.75,157.0,0.8893839383333929,1.0263071894463245,0.0068859649106049,165.66666666666666
NEG_KMN_ID_00041,0,46.88060917902613,-116.72273407588705,Idaho,133.0,117.33333333333331,123.66666666666669,0.7677921217258504,1.321709944892705,0.1052325650916792,124.66666666666669
NEG_KMN_ID_00042,0,44.42485228954276,-111.76058529053569,Idaho,100.2,81.8,93.4,0.7981454257881611,1.350082165978268,0.0845105638341395,91.79999999999998
NEG_KMN_ID_00043,0,44.31504806050257,-112.6179421001478,Idaho,19.0,13.0,54.5,0.6833333329731481,4.208333330064484,0.6153846152932376,28.833333333333336
NEG_KMN_ID_00044,0,42.828014909468656,-111.15642910104332,Idaho,135.66666666666666,126.33333333333331,120.0,0.8859818553407427,1.1487287809751503,0.0458150618936769,127.33333333333331
NEG_KMN_ID_00045,0,43.846940314425225,-113.08156943747484,Idaho,123.125,106.0,117.5,0.7752916726435939,1.5662912492638068,0.1551364114852058,115.54166666666669
NEG_KMN_ID_00046,0,42.66982790868188,-111.39934427177263,Idaho,168.5,155.0,162.5,0.8353658535980304,1.3003565060673008,0.1047644153311746,162.0
NEG_KMN_ID_00047,0,42.40216129002202,-111.51067381832536,Idaho,87.0,74.0,67.0,0.850574712545911,0.9054054052830534,-0.049645390067401,76.0
NEG_KMN_ID_00048,0,42.82880563249381,-116.03009145213356,Idaho,103.33333333333331,83.83333333333333,73.16666666666667,0.8154866447685016,0.9235460351687196,-0.0447031320159655,86.77777777777777
NEG_KMN_ID_00049,0,43.48671911758426,-111.45758771973271,Idaho,214.2,209.4,172.2,0.9058823528890428,1.172026143560913,-0.0120428200182831,198.6
NEG_KMN_ID_00050,0,43.56359857080224,-114.50871120309284,Idaho,149.66666666666666,134.33333333333334,148.33333333333334,0.8382665451653316,1.4140792230214958,0.1194633792527223,144.11111111111111
NEG_KMN_MO_00001,0,45.17334309874376,-109.90545233197798,Montana,17.0,14.0,33.0,0.8235294112802768,2.357142855459184,0.4042553190629244,21.33333333333333
NEG_KMN_MO_00002,0,45.28043339497991,-106.42553175721844,Montana,55.0,39.0,53.0,0.7090909089619835,1.358974358625904,0.1521739130269376,49.0
NEG_KMN_MO_00003,0,45.27687772671917,-112.73071792318046,Montana,151.75,142.75,108.5,0.8143069727047214,0.9038877618080086,-0.0614586777134625,134.33333333333334
NEG_KMN_MO_00004,0,45.07036315017823,-111.82771989722642,Montana,70.0,46.0,61.0,0.6571428570489797,1.3260869562334594,0.1401869158747489,59.0
NEG_KMN_MO_00005,0,46.36166337543133,-114.2504289145922,Montana,87.66666666666667,63.333333333333336,86.33333333333333,0.6987969482719163,1.6694370052119227,0.1828993746769047,79.1111111111111
NEG_KMN_MO_00006,0,48.33230076463201,-114.79991680757348,Montana,,,,,,,
NEG_KMN_MO_00007,0,45.93809983385723,-113.208068715539,Montana,110.5,82.75,85.25,0.7176942890441724,1.3363588811776128,0.1052959469539411,92.83333333333331
NEG_KMN_MO_00008,0,45.99343394412463,-111.87606502856188,Montana,78.0,54.0,105.0,0.692307692218935,1.944444444084362,0.3207547169609588,79.0
NEG_KMN_MO_00009,0,45.68207553398125,-108.55699317302764,Montana,255.0,255.0,242.0,0.9999999999607844,0.9490196078059208,-0.0261569416493731,250.66666666666663
NEG_KMN_MO_00010,0,46.13447477179303,-111.83744476172012,Montana,157.66666666666666,130.33333333333334,92.33333333333331,0.834821045734,0.7241456711786883,-0.1623971880621209,126.7777777777778
NEG_KMN_MO_00011,0,45.24670067000645,-111.70205332296364,Montana,121.0,114.0,86.0,0.942148760252715,0.7543859648461065,-0.139999999993,107.0
NEG_KMN_MO_00012,0,46.38036847161494,-110.57527327339318,Montana,119.0,97.0,85.0,0.8298484847723455,0.8734526966352235,-0.067611399775591,100.33333333333334
NEG_KMN_MO_00013,0,46.37863055823417,-113.22701738537398,Montana,116.0,90.0,126.0,0.7758620688986326,1.3999999998444446,0.1666666666589506,110.66666666666669
NEG_KMN_MO_00014,0,46.53139626602572,-112.0478641552878,Montana,242.0,200.0,150.0,0.8264462809575849,0.7499999999625,-0.1428571428530612,197.3333333333333
NEG_KMN_MO_00015,0,46.424253204682,-113.22331819547333,Montana,123.0,96.5,90.0,0.7839583332664211,0.9424858756023732,-0.0301414189822798,103.16666666666669
NEG_KMN_MO_00016,0,45.12296327049447,-108.6762826190522,Montana,93.0,81.0,99.0,0.8709677418418315,1.2222222220713306,0.0999999999944444,91.0
NEG_KMN_MO_00017,0,45.033043593364496,-109.62263865615569,Montana,74.0,61.66666666666666,63.333333333333336,0.8143115940883945,0.9921018325057526,-0.0075544806752289,66.33333333333334
NEG_KMN_MO_00018,0,47.893621911039496,-110.9985316975792,Montana,118.2,98.8,106.8,0.7633435176441548,1.4869712362619003,0.1253458689343391,107.93333333333332
NEG_KMN_MO_00019,0,47.22531244617637,-111.70032006429574,Montana,74.33333333333333,55.333333333333336,68.0,0.7454545453445975,1.316741676367338,0.122817460305627,65.88888888888889
NEG_KMN_MO_00020,0,45.87393164645479,-107.63414294930648,Montana,96.5,79.0,78.0,0.8225439166344058,0.9840963854176912,-0.0090686274502256,84.5
NEG_KMN_MO_00021,0,45.23495645746157,-112.16999891179944,Montana,101.0,79.0,78.5,0.791457811110198,0.997410192014886,-0.0013821410621815,86.16666666666667
NEG_KMN_MO_00022,0,46.66481234981581,-112.92197872175252,Montana,154.66666666666666,142.0,107.33333333333331,0.8831630063746417,0.8401986910418818,-0.0936806659884708,134.66666666666669
NEG_KMN_MO_00023,0,45.017424927580265,-112.2803864491392,Montana,120.0,109.0,83.0,0.909097275643124,0.7598305084045398,-0.1366174055756811,104.0
NEG_KMN_MO_00024,0,45.0339546243662,-109.15677294847376,Montana,100.0,81.33333333333333,69.0,0.8091503267111929,0.8662587411397945,-0.0730528412368817,83.44444444444444
NEG_KMN_MO_00025,0,47.915931476875066,-112.16112080507004,Montana,78.0,57.0,60.5,0.7307692306755424,1.0615763544934738,0.0298464213246059,65.16666666666667
NEG_KMN_MO_00026,0,45.87083223313328,-110.59957640304792,Montana,83.0,69.0,84.0,0.8313253011046596,1.2173913041713926,0.0980392156798667,78.66666666666667
NEG_KMN_MO_00027,0,45.00275318048596,-113.09938713658596,Montana,111.25,97.25,86.25,0.8735572086916721,0.9020314538397778,-0.0560583719517158,98.25
NEG_KMN_MO_00028,0,48.58120377233014,-110.19164074684328,Montana,84.0,69.0,75.0,0.8214285713307824,1.0869565215816006,0.0416666666637731,76.0
NEG_KMN_MO_00029,0,46.56234068564658,-114.21100268745585,Montana,84.0,67.0,68.0,0.7976190475240931,1.0149253729828471,0.0074074074068587,73.0
NEG_KMN_MO_00030,0,47.203425857189714,-104.98604299530166,Montana,136.33333333333334,111.66666666666669,83.0,0.8202204991205516,0.7972144412434886,-0.1184831895812827,110.33333333333331
NEG_KMN_MO_00031,0,45.018816120503146,-113.41528918354264,Montana,65.0,48.0,87.0,0.738461538347929,1.812499999622396,0.2888888888674897,66.66666666666667
NEG_KMN_MO_00032,0,45.005046661244414,-108.1802551962744,Montana,68.66666666666667,49.0,58.0,0.6984859071761654,1.2404320984470625,0.1037724129233803,58.55555555555555
NEG_KMN_MO_00033,0,48.37960868196459,-114.54991601778045,Montana,96.0,82.0,85.5,0.8541033433760445,1.0425595236823215,0.0208303609632336,87.83333333333334
NEG_KMN_MO_00034,0,47.9849770733364,-104.19868500715104,Montana,109.0,93.0,76.66666666666667,0.860349238043775,0.8361720014007906,-0.0910833608515259,92.8888888888889
NEG_KMN_MO_00035,0,44.57922536342639,-112.22202613854222,Montana,152.5,121.0,106.5,0.7317647058022052,1.407738094889624,0.0884507042099309,126.66666666666669
NEG_KMN_MO_00036,0,45.35361982058306,-110.8074501998949,Montana,96.25,82.5,73.25,0.8577849924778616,0.8863582737341179,-0.0622383422898729,84.0
NEG_KMN_MO_00037,0,46.39415415528047,-113.22404031460344,Montana,94.0,77.0,74.5,0.8453580900770195,0.993181393464506,-0.0051342439947924,81.83333333333334
NEG_KMN_MO_00038,0,46.1269935192358,-113.19139309247475,Montana,87.0,64.0,70.0,0.7226113670247288,1.248188299933375,0.0948603710348077,73.66666666666667
NEG_KMN_MO_00039,0,46.851535444638806,-109.12255551805993,Montana,183.0,140.0,119.0,0.7650273223625668,0.8499999999392857,-0.0810810810779505,147.33333333333334
NEG_KMN_MO_00040,0,45.555469318778094,-110.20323565399252,Montana,17.333333333333332,11.666666666666666,44.66666666666666,0.6708333329432291,3.9186147151052784,0.5695904758610509,24.55555555555556
NEG_KMN_NE_00001,0,37.43700364919641,-117.0983995603426,Nevada,133.0,132.66666666666666,114.33333333333331,1.002482621514508,0.965284062194996,-0.0353968858554497,126.66666666666669
NEG_KMN_NE_00002,0,38.588719106864666,-117.31277984268434,Nevada,144.25,137.25,92.5,0.9505158002890262,0.6747941317435798,-0.194195971298712,124.66666666666669
NEG_KMN_NE_00003,0,38.74049751063984,-116.72763531818174,Nevada,127.77777777777776,117.22222222222224,92.77777777777776,0.9000990554248608,0.7749510498728388,-0.1331060460699372,112.59259259259258
NEG_KMN_NE_00004,0,40.65166880915584,-117.441414988889,Nevada,108.0,97.25,67.75,0.8985089214550571,0.6979620383849852,-0.1779367840412848,91.0
NEG_KMN_NE_00005,0,36.570713973659565,-114.21089868038104,Nevada,131.33333333333334,127.66666666666669,127.66666666666669,0.9449281369914644,1.0744170144932184,0.0321458041803937,128.88888888888889
NEG_KMN_NE_00006,0,40.08860579748496,-118.32407057093268,Nevada,126.5,125.5,90.0,0.9956623606089144,0.7221867007089073,-0.1627455212530448,114.0
NEG_KMN_NE_00007,0,38.84058188520422,-114.2573320393933,Nevada,166.5,157.75,123.25,0.9469597879112984,0.7949515629237722,-0.1264554788694271,149.16666666666669
NEG_KMN_NE_00008,0,39.460597498882215,-118.97012790015884,Nevada,122.0,128.33333333333334,111.0,1.0803394828403514,0.955147276174506,-0.0529141331995802,120.44444444444446
NEG_KMN_NE_00009,0,40.89955797649231,-116.65599712737412,Nevada,113.5,112.75,91.75,1.022303814630793,0.8957193614229346,-0.0799973403411782,106.0
NEG_KMN_NE_00010,0,36.243530571127245,-115.8937304751484,Nevada,130.66666666666666,117.91666666666669,89.83333333333333,0.892349081258509,0.7313116755705212,-0.1581172558833544,112.80555555555556
NEG_KMN_NE_00011,0,39.05818388859196,-116.45196276223191,Nevada,74.0,63.0,51.0,0.8501831500680823,0.8095841783696562,-0.1052264808269519,62.66666666666667
NEG_KMN_NE_00012,0,35.931583310934386,-114.89000907833088,Nevada,154.11111111111111,143.11111111111111,102.44444444444444,0.9220941018896872,0.7032561801458365,-0.1753632004135126,133.22222222222223
NEG_KMN_NE_00013,0,40.79251785762778,-117.54940886952346,Nevada,101.125,103.125,113.125,1.0550581518070157,1.1889505804480869,0.0741848651719264,105.79166666666669
NEG_KMN_NE_00014,0,39.167843200286896,-119.78532431543726,Nevada,126.53846153846152,111.92307692307692,83.3076923076923,0.8672394900316509,0.7572449527073778,-0.1391906882928613,107.25641025641023
NEG_KMN_NE_00015,0,38.58398504081957,-115.77979179974524,Nevada,149.44444444444446,137.33333333333334,109.11111111111111,0.8968408458646618,0.7285228176409052,-0.1645142276578833,131.96296296296296
NEG_KMN_NE_00016,0,37.88543387694121,-117.94838904154768,Nevada,130.0,117.66666666666669,91.66666666666669,0.9616009104358236,1.0815856127536694,-0.0257375902811326,113.11111111111111
NEG_KMN_NE_00017,0,39.81944789434031,-118.76654606358602,Nevada,125.625,115.25,88.5,0.931522478072616,0.8466895835728162,-0.1022317964961112,109.79166666666666
NEG_KMN_NE_00018,0,39.9359925337274,-117.426045978447,Nevada,175.0,169.0,115.0,0.965714285659102,0.6804733727408003,-0.1901408450637274,153.0
NEG_KMN_NE_00019,0,37.45784635101744,-114.60253800837154,Nevada,59.78333333333333,60.55,71.95,1.0373159538992838,1.274698949241243,0.1098247923062021,64.09444444444445
NEG_KMN_NE_00020,0,40.06330752447186,-117.91906478271312,Nevada,149.0,137.0,92.83333333333331,0.918746092094718,0.6785697412991037,-0.1915206627816282,126.27777777777776
NEG_KMN_NE_00021,0,37.72807386437233,-116.66432899648532,Nevada,87.0,77.0,59.0,0.8850574711626371,0.7662337661342554,-0.1323529411667387,74.33333333333333
NEG_KMN_NE_00022,0,36.84791921647187,-116.59515168922304,Nevada,127.33333333333331,115.33333333333331,88.0,0.9042569909760294,0.7648148147463295,-0.133310871511737,110.2222222222222
NEG_KMN_NE_00023,0,40.272578657813376,-116.56747909522574,Nevada,73.0,65.0,48.0,0.8904109587821356,0.738461538347929,-0.1504424778627927,62.0
NEG_KMN_NE_00024,0,39.38084399204592,-119.86718993291696,Nevada,139.14285714285714,136.85714285714286,107.28571428571428,1.0050190086119042,0.8641516950972516,-0.0987720937927031,127.76190476190476
NEG_KMN_NE_00025,0,40.2427396968352,-116.5969214997175,Nevada,103.45454545454544,93.54545454545456,66.36363636363636,0.903700397815058,0.7103585686417341,-0.1703894642381754,87.7878787878788
NEG_KMN_NE_00026,0,40.1175468529544,-118.07631505641064,Nevada,121.5,113.5,86.0,0.9341552634375424,0.757685141991931,-0.1378712498046357,107.0
NEG_KMN_NE_00027,0,40.17405847150695,-118.09129022958626,Nevada,73.17647058823529,72.6470588235294,72.41176470588235,1.035154906276288,1.267668054154279,0.0874965377178452,72.74509803921568
NEG_KMN_NE_00028,0,37.972934353849965,-114.34671259018596,Nevada,188.27272727272728,161.0909090909091,100.72727272727272,0.8416044352407098,0.6178381912199306,-0.2375691883310353,150.03030303030303
NEG_KMN_NE_00029,0,38.61293579169898,-118.30267427018627,Nevada,107.4375,95.375,69.9375,0.8755104091893409,0.7607145873814114,-0.138832042947588,90.91666666666666
NEG_KMN_NE_00030,0,38.339346583243184,-116.4202963654061,Nevada,75.3529411764706,78.47058823529412,87.58823529411765,1.0773331627131488,1.2157992536140272,0.0846547642962788,80.47058823529412
NEG_KMN_NE_00031,0,38.60668291511491,-116.54037450468758,Nevada,70.0,64.0,71.5,0.938775510040261,1.269933554565195,0.0838082467229791,68.5
NEG_KMN_NE_00032,0,39.13258327267536,-117.94903925019833,Nevada,84.2,82.2,85.8,0.9551812607903702,1.3568712698139176,0.1254451830425126,84.06666666666668
NEG_KMN_NE_00033,0,41.44361631349644,-117.6795439301219,Nevada,124.5,117.0,78.75,0.9376554477567236,0.6727249661686228,-0.1956904696862351,106.75
NEG_KMN_NE_00034,0,37.078621796563056,-116.02146574774508,Nevada,96.22222222222224,97.33333333333331,105.44444444444444,1.054512858237059,1.1846851280165076,0.0663538815047064,99.66666666666669
NEG_KMN_NE_00035,0,37.99397555765868,-118.16914993504014,Nevada,142.33333333333334,130.33333333333334,109.55555555555556,0.8918203695110078,0.8260173700310226,-0.0994748506337408,127.40740740740742
NEG_KMN_NE_00036,0,39.08389272374897,-117.31047956097416,Nevada,125.7,115.3,79.4,0.9160068865917156,0.6898843737378759,-0.184153527043405,106.8
NEG_KMN_NE_00037,0,41.135980727611006,-116.17546445741108,Nevada,142.16666666666666,152.5,119.0,1.0855429920009507,0.8342479272901909,-0.1094172485836239,137.88888888888889
NEG_KMN_NE_00039,0,41.40280756747816,-117.46319466648151,Nevada,143.0,148.66666666666666,102.33333333333331,1.0364090865875015,0.6878357165260615,-0.1849528943786205,131.33333333333334
NEG_KMN_NE_00040,0,40.35052009051782,-118.9603968644892,Nevada,109.75,115.0,121.625,1.105470850360883,1.161273543513676,0.0605274412420272,115.45833333333331
NEG_KMN_NE_00041,0,39.660118724280416,-117.0601278859587,Nevada,111.5,90.5,72.5,0.8117760617032448,0.8003421308988735,-0.1111613876250985,91.5
NEG_KMN_NE_00042,0,41.84006196548648,-117.40925240454663,Nevada,101.42857142857144,93.28571428571428,67.42857142857143,0.921955210149361,0.7243483675505432,-0.1603400995799508,87.38095238095238
NEG_KMN_NE_00043,0,39.69513266792329,-115.30909534112322,Nevada,245.125,225.375,149.75,0.917963098233488,0.6576379135646188,-0.2130773648896643,206.75
NEG_KMN_NE_00044,0,39.344498846330026,-119.84400950757976,Nevada,115.75,108.625,75.5,0.9382106278786068,0.6951815231089578,-0.1798962958797083,99.95833333333331
NEG_KMN_NE_00045,0,37.72147811730558,-114.52043320482068,Nevada,124.0,123.33333333333331,126.66666666666669,1.0191637629071064,1.2026470586240448,0.0637843688276395,124.66666666666669
NEG_KMN_NE_00046,0,41.89462214731169,-119.36864599933551,Nevada,104.0,87.57142857142857,72.42857142857143,0.8426597699983,0.8436048107243702,-0.0879321042836765,88.0
NEG_KMN_NE_00047,0,38.90580635056072,-119.62614719833994,Nevada,70.5,63.0,49.0,0.8920454544180634,0.7803571427313138,-0.123561136590455,60.833333333333336
NEG_KMN_NE_00048,0,35.8552740456612,-115.45184303088774,Nevada,56.8,54.48333333333333,72.9,0.950955707740268,1.6063880095529457,0.2113377470837086,61.39444444444444
NEG_KMN_NE_00050,0,39.43504841050885,-118.97122345698278,Nevada,56.5,54.4,77.3,0.9894977921392007,1.5817562647587216,0.2017210521388945,62.73333333333333
NEG_KMN_NE_00051,0,40.09682028411398,-116.28889427079116,Nevada,65.77380952380952,63.42857142857143,85.13095238095238,0.9539032944316578,1.5790758399500815,0.1915315904480959,71.44444444444444
NEG_KMN_NE_00052,0,38.570374029659845,-116.24611990499454,Nevada,95.5,89.375,67.625,0.935636190759056,0.7662962291399473,-0.1360544750936036,84.16666666666666
NEG_KMN_NE_00053,0,39.662698599112446,-117.95991569252396,Nevada,110.75,114.25,116.625,1.0742285517251011,1.1433691674776776,0.0448637386283731,113.875
NEG_KMN_NE_00054,0,38.72491556022815,-115.0605966638276,Nevada,106.47058823529412,97.0,73.11764705882354,0.9099857985906568,0.7603800214010664,-0.1381300986303726,92.19607843137254
NEG_KMN_NE_00055,0,36.18309906882447,-115.57254042522352,Nevada,88.0,76.0,56.0,0.8636363635382232,0.7368421051662051,-0.1515151515036731,73.33333333333333
NEG_KMN_NE_00056,0,38.13816091113815,-115.47102225062132,Nevada,185.22222222222223,166.33333333333334,114.22222222222224,0.8941250404125201,0.6636771371498148,-0.207493769899708,155.25925925925924
NEG_KMN_NE_00057,0,38.669509033837,-118.41189194149706,Nevada,81.33333333333333,85.66666666666667,106.33333333333331,1.0824848257997224,1.263825459144441,0.1158840599921744,91.1111111111111
NEG_KMN_NE_00058,0,38.3153186278063,-118.72641147868649,Nevada,96.07692307692308,81.46153846153847,65.46153846153847,0.8326000015226561,0.8670358880764204,-0.082575529827162,81.0
NEG_KMN_NE_00059,0,39.20010807402356,-119.77249308483192,Nevada,154.88888888888889,144.77777777777777,121.22222222222224,0.927630977536226,0.8479913257366842,-0.0945001308954976,140.29629629629628
NEG_KMN_NE_00060,0,39.0026753954196,-114.59175729460304,Nevada,125.52941176470588,114.05882352941175,74.23529411764706,0.8930462926331737,0.6531341724798444,-0.2100439540398002,104.6078431372549
NEG_KMN_NE_00061,0,39.81215127587677,-116.6989059634895,Nevada,142.5,142.0,124.5,0.9833333331526144,1.068897903747036,0.0199538786662816,136.33333333333334
NEG_KMN_NE_00062,0,38.17279218448149,-117.726657311174,Nevada,135.9,125.5,108.9,0.9107948646472084,0.8741109572704436,-0.0751489106008859,123.43333333333337
NEG_KMN_NE_00063,0,39.25131051695983,-115.50137854669782,Nevada,65.0,62.0,63.5,1.0036630034700589,1.1312499997818892,0.0326241134708648,63.5
NEG_KMN_NE_00064,0,38.6673374801518,-116.6283841640842,Nevada,70.0,58.0,50.0,0.8285714284530613,0.8620689653686088,-0.0740740740672153,59.333333333333336
NEG_KMN_NE_00065,0,39.332168089249656,-118.87265806783154,Nevada,89.0,78.66666666666667,80.33333333333333,0.9442554798113258,1.1777326104498451,0.0507145560056877,82.66666666666667
NEG_KMN_NE_00066,0,41.125922291682976,-116.6859685668905,Nevada,58.73529411764706,61.23529411764706,77.17647058823529,1.0694921995315452,1.4503286730064513,0.1636056688787632,65.7156862745098
NEG_KMN_NE_00067,0,40.44668822481902,-116.91307661241234,Nevada,94.0,85.0,83.0,0.9042553190527388,0.9764705881204152,-0.0119047619040532,87.33333333333333
NEG_KMN_NE_00068,0,40.73410110679653,-116.72315452966274,Nevada,70.91176470588235,73.79411764705883,86.3529411764706,1.077528293055036,1.270586120083489,0.1055014356844982,77.01960784313725
NEG_KMN_NE_00069,0,38.9048324521153,-114.26018507725335,Nevada,175.5,170.5,120.5,0.9479166666004007,0.7268581850764438,-0.1588127294916724,155.5
NEG_KMN_NE_00070,0,41.23269555293502,-116.2767711550148,Nevada,123.7,120.6,102.1,1.007194230890033,0.9926247231159472,-0.0307560172474451,115.4666666666667
NEG_KMN_NE_00071,0,37.34696838726597,-117.28006046929796,Nevada,246.25,223.75,134.0,0.9081812367199646,0.5989688928191372,-0.2508251821602357,201.3333333333333
NEG_KMN_NE_00072,0,41.68874799966153,-115.27011598487218,Nevada,145.375,138.25,103.5,0.9476995862702168,0.8045927622043094,-0.1184184964465402,129.04166666666666
NEG_KMN_NE_00073,0,40.112393467373,-118.23716745268928,Nevada,102.88888888888889,89.77777777777777,64.55555555555556,0.8503597789876814,0.7369013059520739,-0.1546692540227295,85.74074074074073
NEG_KMN_NE_00074,0,37.12235915872407,-117.14008481513032,Nevada,123.6,114.0,79.6,0.9255765058569771,0.7059318712880858,-0.1730255128814673,105.73333333333336
NEG_KMN_NE_00075,0,37.39773550005152,-117.5125473904468,Nevada,132.28571428571428,122.85714285714286,106.28571428571428,0.9120845762760488,0.8479285492615133,-0.0855959410852279,120.47619047619048
NEG_KMN_NE_00076,0,37.95116957402477,-118.44468661176762,Nevada,130.16666666666666,116.16666666666669,82.0,0.8923973775346178,0.7091315170323491,-0.1706093190354482,109.44444444444444
NEG_KMN_NE_00077,0,40.676162226947405,-119.45864971497792,Nevada,59.0,64.33333333333333,83.0,1.105788655588141,1.291221973814418,0.1269550779190233,68.77777777777777
NEG_KMN_NE_00078,0,40.554131427643824,-116.40181560692298,Nevada,125.11111111111111,118.11111111111111,91.44444444444444,0.93569380387667,0.7385184272524424,-0.1536049426277203,111.55555555555554
NEG_KMN_NE_00079,0,36.88759899608503,-117.04145479361269,Nevada,103.0,93.0,81.0,0.902912621271562,0.8709677418418315,-0.0689655172374157,92.33333333333331
NEG_KMN_NE_00080,0,38.26543749916975,-117.14930181698868,Nevada,89.33333333333333,77.66666666666667,57.333333333333336,0.8849527664276252,0.7386176188033406,-0.1505333851347648,74.77777777777779
NEG_KMN_NE_00081,0,38.90353990897199,-119.78009122000516,Nevada,80.4,82.93333333333334,96.4,1.074613790123328,1.2833163097369649,0.1095936971572707,86.57777777777778
NEG_KMN_NE_00082,0,37.55880118584824,-115.02485426626026,Nevada,129.33333333333334,128.0,107.0,1.017006802568283,1.0540023498272308,-0.0111015818603017,121.44444444444446
NEG_KMN_NE_00083,0,39.397399815495255,-119.26575864580316,Nevada,158.88888888888889,147.77777777777777,113.66666666666669,0.9157165423176132,0.7606663383267569,-0.1401626593100791,140.1111111111111
NEG_KMN_NE_00084,0,40.4207914599364,-118.75440900920456,Nevada,81.54545454545455,87.51515151515152,103.48484848484848,1.1075225279349554,1.2741053040894728,0.1092026597797583,90.84848484848484
NEG_KMN_NE_00085,0,37.0375461861185,-116.7180263333297,Nevada,160.15384615384616,146.30769230769232,104.07692307692308,0.9106539115602056,0.6925441208895932,-0.1848735219764683,136.84615384615384
NEG_KMN_NE_00086,0,40.302247585494506,-118.73168617703692,Nevada,121.16666666666669,105.83333333333331,78.33333333333333,0.8839154027807808,0.7742535323736038,-0.1299950394896908,101.7777777777778
NEG_KMN_NE_00087,0,41.153539264025525,-114.4567330398121,Nevada,97.5,81.5,68.5,0.8383336929829754,0.8337173578073795,-0.0914285714219755,82.5
NEG_KMN_NE_00088,0,39.05284924582054,-118.63212479285926,Nevada,91.66666666666669,88.5,91.0,0.9769069946706868,1.0603776881942677,0.0073950767606451,90.38888888888889
NEG_KMN_NE_00089,0,41.07326259742947,-116.26759669036596,Nevada,129.6,121.2,90.4,0.9218808587814682,0.7864609317831771,-0.1220350088462771,113.73333333333332
NEG_KMN_NE_00090,0,37.876919091292265,-114.45875362336112,Nevada,111.0,103.0,99.0,0.9279279278443308,0.9611650484503724,-0.0198019801970395,104.33333333333331
NEG_KMN_NE_00091,0,39.6542843782848,-118.71551758780925,Nevada,146.2,139.0,134.8,0.8847623965976947,0.9277777776485318,-0.0399253731283774,139.99999999999997
NEG_KMN_NE_00092,0,37.49714792947067,-115.26376835467272,Nevada,84.125,73.5,62.375,0.8682426213200221,0.8515795825909328,-0.081903220840048,73.33333333333333
NEG_KMN_NE_00093,0,40.029591436508525,-117.58593475211217,Nevada,155.2,153.0,117.8,0.973176390269438,0.7963799871176822,-0.1153329484101529,141.99999999999997
NEG_KMN_NE_00094,0,40.61869064180576,-116.40273326232044,Nevada,60.0,67.5,92.5,1.125739228196033,1.3766666664592222,0.158006613121728,73.33333333333333
NEG_KMN_NE_00095,0,41.323050649187664,-115.27781496670592,Nevada,136.875,118.875,80.0,0.8682909371139746,0.6923115446390109,-0.1834581955105433,111.91666666666669
NEG_KMN_NE_00096,0,41.18955339188145,-117.9941888236907,Nevada,114.11111111111111,100.77777777777776,71.44444444444444,0.8811074314541844,0.7108011342001972,-0.1692120305657869,95.44444444444446
NEG_KMN_NE_00097,0,38.01268449521788,-115.28659674499914,Nevada,107.33333333333331,99.33333333333331,85.5,0.9473033033100045,0.9154041532761577,-0.0705637302592356,97.3888888888889
NEG_KMN_NE_00098,0,40.867909838974455,-115.89938165708372,Nevada,89.11111111111111,80.77777777777777,64.55555555555556,0.8953068019794981,0.809581439280579,-0.1070191125045971,78.14814814814814
NEG_KMN_NE_00100,0,39.892046553733486,-119.74370224618735,Nevada,123.94736842105264,107.15789473684212,73.05263157894737,0.8460163325162855,0.7426226486485529,-0.1526398405367065,101.3859649122807
NEG_KMN_NE_00101,0,41.35939266327487,-119.1741847253839,Nevada,118.0625,108.5625,78.5,0.8967829868327489,0.7472974664812669,-0.1467389902801152,101.70833333333334
NEG_KMN_NE_00102,0,41.85994569818576,-117.93264099567948,Nevada,118.0,107.625,88.5,0.9132380677180524,0.8370502853980912,-0.1004625723273922,104.70833333333334
NEG_KMN_NE_00103,0,39.35542259406319,-118.13536367104903,Nevada,155.33333333333334,150.33333333333334,103.88888888888889,0.9582867632128684,0.6816050000175156,-0.1905696023317339,136.51851851851853
NEG_KMN_NE_00104,0,37.94357194741137,-118.1263437383452,Nevada,117.0,103.125,94.375,0.8575360780019738,0.8922737906410443,-0.0600008585767961,104.83333333333334
NEG_KMN_NE_00105,0,40.36011764567265,-116.90176276481486,Nevada,169.44444444444446,158.0,120.55555555555556,0.9132214052015716,0.7447906570171339,-0.1488947332404081,149.33333333333334
NEG_KMN_NE_00106,0,38.02310499200824,-114.94536882084026,Nevada,108.33333333333331,96.0,69.33333333333333,0.8843675722280561,0.7196723147292593,-0.1630973437493853,91.22222222222224
NEG_KMN_NE_00107,0,38.465141821740325,-118.94173210545227,Nevada,146.66666666666666,154.0,112.83333333333331,1.0584964387003717,0.7904114053342736,-0.1342212745125158,137.83333333333334
NEG_KMN_NE_00108,0,39.795080683510825,-119.9505347773408,Nevada,113.6923076923077,99.84615384615384,71.38461538461539,0.8650919620407269,0.7473157533917812,-0.1487257677307801,94.97435897435898
NEG_KMN_NE_00109,0,37.984851809024335,-118.43740154961756,Nevada,130.26666666666668,115.2,80.06666666666666,0.8772608724442122,0.6803129629881881,-0.1918774954444947,108.51111111111112
NEG_KMN_NE_00110,0,37.83515289176067,-117.7587856548007,Nevada,95.4,81.6,61.8,0.8546378972895623,0.7612569702379435,-0.1366601816623079,79.6
NEG_KMN_NE_00111,0,41.46302173290906,-119.26997819517118,Nevada,104.66666666666669,96.0,78.22222222222223,0.8967501924584275,0.7709254947801673,-0.1318700578764751,92.96296296296296
NEG_KMN_NE_00112,0,41.06089226539418,-116.59535988017336,Nevada,183.5555555555556,170.44444444444446,121.77777777777776,0.913434866373564,0.7040149868369014,-0.1783842652905959,158.59259259259258
NEG_KMN_NE_00113,0,40.08722993222784,-117.4681602646814,Nevada,100.28571428571428,88.28571428571429,68.28571428571429,0.9096103268139016,0.8130994821139014,-0.1209465634004003,85.6190476190476
NEG_KMN_NE_00114,0,40.43265716896884,-116.6253403048944,Nevada,172.0,158.0,104.0,0.9186046511093834,0.6582278480596058,-0.2061068702211409,144.66666666666666
NEG_KMN_NE_00115,0,35.840480047779465,-114.87563061366706,Nevada,88.0,83.0,62.0,0.9431818180746384,0.7469879517172304,-0.1448275861969084,77.66666666666667
NEG_KMN_NE_00116,0,37.41761393428177,-117.72414131577898,Nevada,153.5,140.83333333333334,108.16666666666669,0.9051097223159226,0.7674765716423705,-0.1325114092870069,134.16666666666669
NEG_KMN_NE_00117,0,37.5459863685793,-117.36582977844591,Nevada,85.66666666666667,77.0,76.66666666666667,0.9316914256233484,1.1557195833033933,0.0336222498093255,79.77777777777777
NEG_KMN_NE_00118,0,37.878594618766186,-114.61990593678894,Nevada,87.0,78.0,61.0,0.8965517240348791,0.7820512819510191,-0.1223021582645825,75.33333333333333
NEG_KMN_NE_00119,0,36.148050231858925,-115.72807126537516,Nevada,107.875,103.125,79.0,0.9765964528152908,0.8176417437859647,-0.1228537543078269,96.66666666666666
NEG_KMN_NE_00121,0,38.48416495278843,-116.52480757768308,Nevada,88.62711864406779,92.64406779661016,98.64406779661016,1.0817660758211198,1.1710902923176156,0.0644594583885139,93.30508474576273
NEG_KMN_NE_00122,0,40.90154131427215,-117.1863074445876,Nevada,157.5,138.5,87.0,0.879946043108779,0.6287614823740012,-0.2279402984972535,127.66666666666666
NEG_KMN_NE_00123,0,39.02672871234687,-114.57307401756032,Nevada,133.33333333333334,124.0,102.0,0.9798796211766886,0.905403200580284,-0.0806840169351129,119.77777777777776
NEG_KMN_NE_00124,0,36.06810013396049,-115.04350075573797,Nevada,85.0,88.0,108.0,1.0558805417310655,1.2343728342214142,0.1047619047560553,93.66666666666666
NEG_KMN_NE_00125,0,40.09714600098202,-119.92991173611152,Nevada,130.55555555555554,110.11111111111111,77.44444444444444,0.8211887123849162,0.668670653181046,-0.2018676505644143,106.03703703703704
NEG_KMN_NE_00126,0,39.96369979282118,-118.3637610758854,Nevada,83.75,72.0,55.5,0.8639208127690777,0.7694018956694701,-0.1306528861809923,70.41666666666667
NEG_KMN_NE_00127,0,40.57347240211431,-116.54782605619728,Nevada,84.0,89.5,111.0,1.1037735847482626,1.2562499998452872,0.113022113015751,94.83333333333334
NEG_KMN_NE_00128,0,36.01756556735673,-115.328870735289,Nevada,99.71428571428572,90.52380952380952,64.52380952380952,0.8852174427609187,0.7186652748264568,-0.1650885265663449,84.92063492063492
NEG_KMN_NE_00129,0,39.06228142835066,-118.85179628871016,Nevada,115.14285714285714,105.42857142857144,92.42857142857144,0.9007824871957124,0.8587586939260384,-0.0853142273054332,104.33333333333334
NEG_KMN_NE_00130,0,38.454444793464,-118.36022621035664,Nevada,113.0,96.0,61.0,0.8495575220487118,0.6354166666004775,-0.2229299362915331,90.0
NEG_KMN_NE_00131,0,37.89996486398998,-117.85025337540554,Nevada,95.66666666666669,80.0,77.66666666666667,0.8348505170262674,0.9749946570903708,-0.0163881393515745,84.44444444444444
NEG_KMN_NE_00132,0,39.96932351490032,-119.84786779670162,Nevada,85.5,67.5,86.5,0.787326570696552,1.3816844917458828,0.1091269841207797,79.83333333333333
NEG_KMN_NE_00133,0,38.87396618146551,-116.94030764931068,Nevada,91.0,80.0,60.0,0.8791208790242725,0.7499999999062501,-0.1428571428469387,77.0
NEG_KMN_NE_00134,0,36.10722933075781,-114.8914117352112,Nevada,183.4,177.2,119.8,0.9667048668599236,0.6811391406250056,-0.1899395594202849,160.13333333333333
NEG_KMN_NE_00135,0,40.7027720711588,-118.13138076168208,Nevada,116.125,116.125,96.75,1.0208919293853038,0.9138263631064149,-0.0702557845795598,109.66666666666666
NEG_KMN_NE_00136,0,38.83174563234208,-114.14900128374614,Nevada,110.375,106.5,99.5,0.9724493262288936,0.9628875812270352,-0.0396140974052856,105.45833333333331
NEG_KMN_NE_00137,0,41.12932183553126,-114.65058908174171,Nevada,67.0,66.0,79.71428571428571,1.006215929268813,1.3302415160364784,0.125109811634576,70.9047619047619
NEG_KMN_NE_00138,0,39.14058719734523,-114.74210678563452,Nevada,174.44444444444446,158.66666666666666,108.0,0.91758198131082,0.72748391767646,-0.1691025233058868,147.03703703703707
NEG_KMN_NE_00139,0,39.77144018611597,-114.86184636610044,Nevada,37.0,39.0,56.5,1.055513878176234,1.4373737369992243,0.1786929884086336,44.16666666666667
NEG_KMN_NE_00140,0,40.04203492250593,-116.82821299432504,Nevada,131.2,117.0,83.5,0.8963165891470787,0.7208695955736509,-0.1627862753303952,110.56666666666668
NEG_KMN_NE_00141,0,41.35500448523843,-117.58199195998822,Nevada,129.0,137.4,122.0,1.1053733497204097,0.9607969689793756,-0.0484393703813551,129.46666666666667
NEG_KMN_NE_00142,0,40.19206119880137,-119.24660337992964,Nevada,134.5,124.66666666666669,93.5,0.9543259327912984,0.8119761482875377,-0.125713492826679,117.55555555555554
NEG_KMN_NE_00143,0,40.88437851698089,-117.9883164215139,Nevada,125.28571428571428,102.71428571428572,84.42857142857143,0.8212994070187729,0.8421930270040405,-0.0917769255669728,104.14285714285715
NEG_KMN_NE_00144,0,40.80429310271232,-117.58932185779828,Nevada,153.88888888888889,139.88888888888889,113.66666666666669,0.8873895439359645,0.7690055883901579,-0.1351446659830092,135.8148148148148
NEG_KMN_NE_00145,0,39.03635376079008,-118.2437244647981,Nevada,144.0,133.2,91.8,0.9141104132519906,0.69884706711373,-0.177477218781791,123.0
NEG_KMN_NE_00146,0,38.51750995204342,-118.4157763169552,Nevada,105.1,88.9,97.3,0.8108807365833632,1.2122259601564245,0.0536601971482705,97.1
NEG_KMN_NE_00147,0,40.201090407144186,-118.20027119300757,Nevada,134.0,147.33333333333334,114.83333333333331,1.1224210406024693,0.82713817422163,-0.1135036237000981,132.05555555555554
NEG_KMN_NE_00148,0,40.65959768652219,-114.39517822158456,Nevada,59.0,63.66666666666666,85.66666666666667,1.0958655539741322,1.361986332087329,0.1528133733992669,69.44444444444444
NEG_KMN_NE_00149,0,38.274739078911686,-118.39509310639266,Nevada,135.08333333333334,121.75,92.83333333333331,0.8792784921479825,0.7484519259743281,-0.1451488839731999,116.55555555555554
NEG_KMN_NE_00150,0,41.21356706213103,-116.32032177325176,Nevada,76.575,80.45,92.325,1.0900744242608404,1.2948858746952427,0.1106319537111221,83.11666666666666
NEG_KMN_NE_00151,0,38.53900399795709,-117.74981374801216,Nevada,255.0,246.0,133.0,0.9647058823151096,0.5406504064820874,-0.2981530342929247,211.3333333333333
NEG_KMN_NE_00152,0,39.82903520777949,-117.83755576764167,Nevada,108.75,101.0,96.25,0.9645749108923932,1.046363546710428,0.0024602116060891,102.0
NEG_KMN_NE_00153,0,39.93898656359501,-117.72966220593798,Nevada,112.0,109.0,86.0,0.9732142856273917,0.788990825615689,-0.1179487179426693,102.33333333333331
NEG_KMN_NE_00154,0,38.07734453176217,-116.16539339315324,Nevada,65.42857142857143,67.28571428571429,84.71428571428571,1.0538757529160256,1.356710503046737,0.1357685538627459,72.47619047619048
NEG_KMN_NE_00155,0,39.66369813958305,-116.11601419912604,Nevada,68.5,67.5,64.5,1.024517276237655,1.066072300734197,0.0038862391779862,66.83333333333333
NEG_KMN_NE_00156,0,36.190455387831136,-115.57960922640052,Nevada,165.4,161.0,113.4,0.97737661717569,0.7165341942977743,-0.1671142114298315,146.6
NEG_KMN_NE_00157,0,40.38452088557791,-118.8226666603681,Nevada,120.5,116.5,105.5,0.9680103251734684,1.1620746567119231,0.0317869176705378,114.16666666666666
NEG_KMN_NE_00158,0,38.75895708151784,-117.70677117229992,Nevada,74.55555555555556,75.77777777777777,83.11111111111111,1.0487020247830587,1.1983450223342946,0.0701562853738066,77.81481481481482
NEG_KMN_NE_00159,0,38.017213650107934,-117.31986293019531,Nevada,130.125,122.375,100.125,0.929408476710998,0.7899558467407791,-0.1224280984098229,117.54166666666669
NEG_KMN_NE_00160,0,40.1289806032398,-116.21100992147768,Nevada,255.0,255.0,151.0,0.9999999999607844,0.5921568627218762,-0.256157635461671,220.3333333333333
NEG_KMN_NE_00161,0,41.27441436558189,-116.31800115048476,Nevada,129.30769230769232,114.07692307692308,79.6923076923077,0.8751248818200567,0.7376891020024501,-0.153427308802536,107.69230769230772
NEG_KMN_NE_00162,0,37.25267039252773,-117.50037125067252,Nevada,76.0,66.0,50.0,0.868421052517313,0.7575757574609734,-0.137931034470868,64.0
NEG_KMN_NE_00163,0,38.76945119707769,-118.3049533573286,Nevada,77.9,64.6,75.3,0.8293654797847712,1.1880692447792962,0.0835860837532436,72.6
NEG_KMN_NE_00166,0,35.788940469247905,-114.8326118893092,Nevada,104.4,105.6,96.0,1.0356684252946455,1.0175907822478694,-0.0214246199307252,102.0
NEG_KMN_NE_00167,0,39.66600660114166,-117.14314624080362,Nevada,139.0,130.88888888888889,104.55555555555556,0.9199689724506592,0.8153296403888005,-0.1059537447965535,124.8148148148148
NEG_KMN_NE_00168,0,39.0004520299659,-117.57492759252784,Nevada,111.33333333333331,102.0,69.55555555555556,0.9158643752604128,0.6827351928045348,-0.1886717726562914,94.2962962962963
NEG_KMN_NE_00169,0,37.9279754563525,-117.0020598172934,Nevada,65.0,69.66666666666667,90.0,1.0886257562732986,1.3002150535633945,0.1302786747344737,74.8888888888889
NEG_KMN_NE_00170,0,36.283543658689446,-115.8609403078574,Nevada,133.85714285714286,124.0,97.85714285714286,0.9292584646858943,0.8053572475132383,-0.1242927908111556,118.57142857142856
NEG_KMN_NE_00171,0,38.47866914932533,-118.78330257139169,Nevada,142.0,134.0,96.0,0.9436619717645308,0.7164179103942971,-0.1652173912971644,124.0
NEG_KMN_NE_00172,0,38.122614033401966,-117.85654023133304,Nevada,128.42857142857142,117.0,80.85714285714286,0.9088659684002184,0.7030154574801195,-0.1747734968457326,108.7619047619048
NEG_KMN_NE_00173,0,41.5851704102691,-114.9270575681192,Nevada,138.16666666666666,127.16666666666669,110.33333333333331,0.9141431209131518,0.9656960879885226,-0.0467787097745075,125.2222222222222
NEG_KMN_NE_00174,0,39.47480061140668,-119.70483338687842,Nevada,174.0,168.5,158.0,0.9408602149867512,0.8719512194472274,-0.0734265734214387,166.83333333333334
NEG_KMN_NE_00175,0,40.43111609621054,-118.73797800554696,Nevada,124.0,120.5,88.75,0.9596953528943016,0.8578528372764727,-0.0972542279238504,111.08333333333334
NEG_KMN_NE_00176,0,39.97981553179222,-118.05830192028554,Nevada,164.42857142857142,152.28571428571428,113.71428571428572,0.911459530577699,0.750633770317973,-0.1447822697155472,143.47619047619048
NEG_KMN_NE_00177,0,36.88486350102866,-114.87468422169223,Nevada,148.16666666666666,154.0,125.0,1.080117154555271,0.8913232481934141,-0.0853584053051303,142.38888888888889
NEG_KMN_NE_00178,0,40.64422735324822,-119.13814803176786,Nevada,74.0,76.0,86.66666666666667,1.0646384115875682,1.2599991764339338,0.0938946128224935,78.88888888888889
NEG_KMN_NE_00179,0,38.736623233561794,-117.44794661966398,Nevada,134.0,134.0,122.0,1.0318276683224707,0.982304426800144,-0.0266137155028546,130.0
NEG_KMN_NE_00180,0,38.273668755105625,-118.03466435914498,Nevada,112.0,106.25,75.0,0.9443826909555174,0.708876697659715,-0.170497601515985,97.75
NEG_KMN_NE_00181,0,40.79763317372864,-115.42847777598756,Nevada,60.0,60.875,67.25,1.0528177478548617,1.2683956936740275,0.0943411218607384,62.708333333333336
NEG_KMN_NE_00182,0,38.69004820960463,-115.26627812676077,Nevada,101.11111111111111,105.11111111111111,113.22222222222224,1.0696156115856217,1.1963736505331437,0.0696256212415091,106.48148148148148
NEG_KMN_NE_00183,0,41.163549504083264,-115.06573682009063,Nevada,184.6,162.8,103.4,0.881871434742075,0.6364266236677882,-0.2223250748703629,150.26666666666668
NEG_KMN_NE_00184,0,40.44353493057815,-115.763779972086,Nevada,80.5,71.83333333333333,83.33333333333333,0.9135204757506252,1.231798873287196,0.0727168547654755,78.55555555555554
NEG_KMN_NE_00185,0,38.51539150859559,-116.65177394909824,Nevada,57.0,61.0,80.0,1.0701754384087412,1.3114754096210697,0.1347517730400885,66.0
NEG_KMN_NE_00186,0,39.357491609151154,-117.29298626366848,Nevada,121.0,109.0,83.0,0.9015843492087008,0.7612087694321077,-0.1356009489551361,104.33333333333331
NEG_KMN_NE_00187,0,37.39236316349473,-115.1582474173149,Nevada,103.0,100.0,97.0,0.9708737863135074,0.969999999903,-0.015228426395166,100.0
NEG_KMN_NE_00188,0,39.71345813198764,-114.05024987397844,Nevada,62.01639344262295,61.77049180327869,81.55737704918033,1.01052818251092,1.472780073385873,0.1789346668577872,68.448087431694
NEG_KMN_NE_00189,0,37.99921779354242,-116.10960250277653,Nevada,169.5,151.625,105.5,0.8953799462524996,0.6952048834187852,-0.1800613994707942,142.20833333333331
NEG_KMN_NE_00190,0,38.01770710277744,-115.5019484972948,Nevada,52.57142857142857,50.57142857142857,70.85714285714286,1.0013461115782047,1.5701773669385048,0.2024515098614299,58.00000000000001
NEG_KMN_NE_00191,0,37.769487848548,-117.95985012968976,Nevada,54.5,60.0,86.25,1.1362235768457447,1.4723915169918975,0.18908380781325,66.91666666666667
NEG_KMN_NE_00192,0,38.34125867931208,-118.65594435492608,Nevada,73.79166666666667,75.97916666666667,82.75,1.060833323544992,1.1870602521207303,0.0716596123928102,77.50694444444444
NEG_KMN_NE_00193,0,37.55189391686058,-117.62127119220304,Nevada,141.4,136.6,106.4,0.9775587235377512,0.7813314413223367,-0.1229570349208083,128.13333333333333
NEG_KMN_NE_00194,0,39.07954423599716,-117.59555612048824,Nevada,129.0,123.0,88.0,0.9534883720191094,0.7154471544133784,-0.1658767772433233,113.33333333333331
NEG_KMN_NE_00195,0,39.48348461202198,-115.7406341749633,Nevada,110.76470588235294,96.23529411764706,71.0,0.8567371492534115,0.8055897901293247,-0.1300419464788077,92.66666666666669
NEG_KMN_NE_00196,0,41.932852044195904,-116.04928908595424,Nevada,81.11111111111111,82.22222222222223,90.55555555555556,1.0524420728223975,1.194750007283175,0.0694360085078695,84.62962962962962
NEG_KMN_NE_00197,0,38.97144376533189,-114.41817411251805,Nevada,134.33333333333334,121.16666666666669,82.33333333333333,0.9014253891979856,0.6814719211043018,-0.1896271835957528,112.61111111111111
NEG_KMN_NE_00198,0,38.721091974363226,-114.28856254932862,Nevada,72.0,50.0,110.0,0.6944444443479939,2.19999999956,0.3749999999765624,77.33333333333333
NEG_KMN_NE_00199,0,35.62402695799004,-115.40171327512394,Nevada,108.625,92.1875,98.25,0.8176963438016279,1.2277930280373586,0.0486211722350058,99.6875
NEG_KMN_NE_00200,0,39.30855030242125,-116.98661704164846,Nevada,61.21739130434783,60.28260869565217,83.1086956521739,1.0113308332694946,1.5624255472235251,0.1989172362861551,68.20289855072464
NEG_KMN_NE_00201,0,38.21891644259977,-118.1655073283888,Nevada,89.55555555555556,91.66666666666669,97.22222222222224,1.0608114205876693,1.2095985604164348,0.0722625187476013,92.81481481481482
NEG_KMN_NE_00202,0,40.66548143949515,-118.57121951303829,Nevada,167.83333333333334,163.66666666666666,132.33333333333334,0.9888005401680174,0.832127144673218,-0.1094939601854575,154.61111111111111
NEG_KMN_NE_00203,0,41.26331095110425,-114.49405750961496,Nevada,87.0,77.0,76.33333333333333,0.9463738014842012,1.1388126146032214,0.026479871092936,80.1111111111111
NEG_KMN_NE_00204,0,40.82276912914333,-117.55055534509133,Nevada,154.55555555555554,143.33333333333334,102.33333333333331,0.9206093141198484,0.7567847601979857,-0.1492207648317033,133.4074074074074
NEG_KMN_NE_00206,0,38.1955421631432,-114.28968668867152,Nevada,88.0,78.0,58.0,0.8863636362629133,0.7435897434944116,-0.1470588235185986,74.66666666666667
NEG_KMN_NE_00207,0,37.56684955016271,-117.9156358464126,Nevada,152.0,146.0,98.16666666666669,0.9557072437556624,0.6737481150868723,-0.1951007351542511,132.05555555555557
NEG_KMN_NE_00208,0,39.06926634593389,-119.76244047833882,Nevada,90.33333333333331,90.77777777777776,95.55555555555556,1.0514852693679784,1.1451466716811023,0.0496027414569315,92.22222222222224
NEG_KMN_NE_00209,0,39.08115186632376,-117.4231964323762,Nevada,132.9090909090909,126.63636363636364,99.36363636363636,0.9378446226970244,0.7852916588701622,-0.1227615315967008,119.63636363636364
NEG_KMN_NE_00210,0,40.01253400339605,-119.6556289293888,Nevada,158.0,146.85714285714286,103.42857142857144,0.9304236603996444,0.7100781038004992,-0.1703139127058612,136.0952380952381
NEG_KMN_NE_00211,0,36.96765528379442,-116.6707337762998,Nevada,61.4,40.0,29.8,0.6734060267334382,0.7602746924449079,-0.1519612369061619,43.73333333333333
NEG_KMN_NE_00212,0,38.27164496981413,-115.5564008092067,Nevada,66.8125,65.75,61.75,1.0353662022933192,1.1722838805630822,0.0506870502898101,64.77083333333334
NEG_KMN_NE_00213,0,40.470546756018194,-118.01353996329584,Nevada,129.66666666666666,117.66666666666669,90.66666666666669,0.9816427579600812,0.9886591775020428,-0.0477535614776953,112.66666666666669
NEG_KMN_NE_00214,0,39.95185511097856,-119.68436044033588,Nevada,125.75,128.5,118.25,1.0642356731220637,1.0336590448907377,-0.0044881575082577,124.16666666666669
NEG_KMN_NE_00215,0,40.61740198334785,-117.65747668807064,Nevada,117.8,104.2,78.0,0.8654920507107676,0.7982931935916785,-0.1156507408001353,100.0
NEG_KMN_NE_00218,0,39.09299927251868,-118.27537276231044,Nevada,155.66666666666666,145.33333333333334,101.66666666666669,0.9412814827069786,0.7386896641246637,-0.1620385799691515,134.22222222222226
NEG_KMN_NE_00219,0,41.251619209666885,-117.65567041409896,Nevada,134.28571428571428,123.14285714285714,104.71428571428572,0.9164186831406348,0.890346044945787,-0.070778919077042,120.7142857142857
NEG_KMN_NE_00220,0,39.62394639706858,-118.98332097426214,Nevada,106.3,91.3,80.3,0.8583734734495533,0.8814259140228626,-0.0643898669447815,92.63333333333334
NEG_KMN_NE_00221,0,36.00708912294014,-115.53365720912292,Nevada,168.9,148.4,107.2,0.8652894678269041,0.7016766225629922,-0.1779787054895012,141.50000000000003
NEG_KMN_NE_00222,0,40.08218408290335,-116.72697524344846,Nevada,100.22222222222224,84.27777777777777,60.16666666666666,0.7712253217298528,0.6826746447563986,-0.1934417005210613,81.55555555555556
NEG_KMN_NE_00223,0,41.136487238496905,-116.23922035303156,Nevada,118.25,105.875,79.625,0.8730596150030324,0.7325206776694777,-0.1558363179850005,101.25
NEG_KMN_NE_00224,0,36.08816610087429,-114.82092361129725,Nevada,124.5,103.66666666666669,85.83333333333333,0.8123764594441428,0.9782912031853046,-0.0377370547523014,104.66666666666669
NEG_KMN_NE_00226,0,38.49205397584304,-115.32567108410352,Nevada,138.5,152.5,121.0,1.1315958661434984,0.8693618268450717,-0.0994361326333191,137.33333333333334
NEG_KMN_NE_00227,0,39.02072869451725,-119.8440924956509,Nevada,102.0,95.5,68.0,0.9543752462562156,0.7141523934251175,-0.1680757144892036,88.5
NEG_KMN_NE_00228,0,37.12813001244383,-114.78574528893232,Nevada,114.3076923076923,104.46153846153848,82.46153846153847,0.9058976737703186,0.7938996352937421,-0.1235193993250363,100.4102564102564
NEG_KMN_NE_00229,0,40.858554605301286,-117.89569304926356,Nevada,165.33333333333334,146.0,95.0,0.8830902546355532,0.6508650708486824,-0.2115526182965145,135.44444444444446
NEG_KMN_NE_00230,0,39.20725375939899,-114.19838209731944,Nevada,74.14285714285714,73.0,74.0,1.0259067056503286,1.1941613572719387,0.06204304375968,73.71428571428571
NEG_KMN_NE_00231,0,37.25749941125394,-114.07699018993368,Nevada,97.0,91.0,79.33333333333333,0.9921467359517644,1.0378305190996318,-0.0217477025915101,89.11111111111113
NEG_KMN_NE_00232,0,40.64120410146228,-116.77799827392936,Nevada,72.17391304347827,70.6086956521739,75.04347826086956,1.0252194154948762,1.2902604260135908,0.1022392978553589,72.6086956521739
NEG_KMN_NE_00233,0,38.27086352831872,-114.78633939984246,Nevada,77.41666666666667,59.083333333333336,39.333333333333336,0.6749367045623086,0.6490973730068065,-0.2136269439340254,58.61111111111112
NEG_KMN_NE_00234,0,38.12726237816264,-118.11054685365924,Nevada,93.66666666666669,92.33333333333331,87.0,1.016236435089784,1.0252948623386926,-0.0119916843861273,91.0
NEG_KMN_NE_00235,0,37.93625443032968,-117.58732287888417,Nevada,123.22222222222224,118.0,94.11111111111111,0.955431749635273,0.8146112816708126,-0.1128225862984982,111.77777777777776
NEG_KMN_NE_00236,0,40.1918204415236,-115.2480711584832,Nevada,169.375,154.75,112.625,0.9072049223289108,0.7048926641915173,-0.1772021252474493,145.58333333333334
NEG_KMN_NE_00237,0,41.81429113587537,-118.98129386452018,Nevada,172.77777777777777,151.44444444444446,97.55555555555556,0.8820426105221785,0.642565667059644,-0.2181052970553053,140.59259259259258
NEG_KMN_NE_00238,0,37.905942767345714,-116.88840363385664,Nevada,114.66666666666669,107.0,75.0,0.9387233207907516,0.7074748119525807,-0.1717603401056101,98.88888888888889
NEG_KMN_NE_00239,0,40.367376773402064,-119.61279036570647,Nevada,108.71428571428572,96.28571428571428,72.28571428571429,0.8939765884906823,0.7847270339663772,-0.123073868219773,92.42857142857144
NEG_KMN_NE_00240,0,37.13039029631155,-116.7723090619919,Nevada,136.0,132.66666666666666,152.66666666666666,0.9476152134492652,1.6071321327185517,0.1086484900107826,140.44444444444446
NEG_KMN_NE_00241,0,40.329584882912776,-118.41485528348504,Nevada,68.45283018867924,70.69811320754717,86.64150943396227,1.0701298491138411,1.3337863055077142,0.131902814842441,75.26415094339623
NEG_KMN_NE_00242,0,40.65126723440356,-116.43891516423372,Nevada,123.66666666666669,112.66666666666669,86.66666666666667,0.9748467702734664,0.8868003340563927,-0.0880933379574968,107.66666666666669
NEG_KMN_NE_00243,0,39.50311829683164,-117.00623992810456,Nevada,116.4,121.8,109.6,1.081283227810901,0.995377964257939,-0.0295698318946821,115.93333333333337
NEG_KMN_NE_00244,0,40.90236279514551,-118.1537623255934,Nevada,38.0,43.5,64.5,1.1236243577263725,1.4868421048838871,0.1957446808309401,48.66666666666666
NEG_KMN_NE_00245,0,41.515044343874784,-115.05510922742916,Nevada,124.375,117.5,94.25,0.9352878981706508,0.7733576411702007,-0.1305803110139783,112.04166666666669
NEG_KMN_NE_00246,0,39.70286955914068,-119.41839346324024,Nevada,190.28571428571428,177.71428571428572,123.57142857142856,0.931832433864974,0.6853089246554372,-0.1882924386733528,163.85714285714286
NEG_KMN_NE_00247,0,40.42505769191055,-118.08381642403066,Nevada,108.0,95.66666666666669,63.44444444444444,0.8834121708215078,0.6645608377806946,-0.2017382300770233,89.03703703703702
NEG_KMN_NE_00248,0,40.04476245361435,-116.93502505727088,Nevada,145.55555555555554,134.11111111111111,107.66666666666669,0.9183803073968728,0.7902960142781386,-0.1214966036286492,129.11111111111114
NEG_KMN_NE_00249,0,41.16863456736186,-116.72308970634072,Nevada,88.1304347826087,92.32608695652172,111.02173913043478,1.0960328641358388,1.3313345557699596,0.1273169313101818,97.15942028985506
NEG_KMN_NE_00250,0,37.88446446505306,-117.68014435207226,Nevada,151.0,137.22222222222223,105.22222222222224,0.9102015470091912,0.789996772752965,-0.1306241711239276,131.14814814814815
NEG_KMN_NE_00252,0,39.38445851582958,-119.30587823107096,Nevada,76.375,76.5,85.5,1.0349104129863496,1.1594375403696735,0.0527324230392418,79.45833333333333
NEG_KMN_NE_00253,0,39.59688346346513,-118.48840980779414,Nevada,109.8125,91.4375,70.9375,0.8255595664698033,0.8450609333550685,-0.0903928030389724,90.72916666666669
NEG_KMN_NE_00254,0,38.46769115021975,-117.09650766872034,Nevada,106.28571428571428,95.71428571428572,68.28571428571429,0.899128468410699,0.7215397117270997,-0.1635584558411374,90.09523809523807
NEG_KMN_NE_00255,0,39.97372157300867,-118.41249357132948,Nevada,116.66666666666669,102.0,74.0,0.8868212084804039,0.7283127303542232,-0.1574921860546218,97.55555555555556
NEG_KMN_NE_00256,0,37.00597107040323,-114.96409909803197,Nevada,136.0,133.6,107.8,0.9920168991463948,0.8763062831403836,-0.086840580818774,125.8
NEG_KMN_NE_00257,0,40.15553451278226,-118.79660293909092,Nevada,111.0,102.0,96.0,0.9189189188361336,0.9411764704959632,-0.0303030303014998,103.0
NEG_KMN_NE_00258,0,38.33964449973716,-117.0846294983379,Nevada,188.0833333333333,165.66666666666666,109.25,0.8705424732524717,0.6414554013653336,-0.2210991758576724,154.33333333333334
NEG_KMN_NE_00259,0,39.01589414400208,-119.70407828313704,Nevada,100.83333333333331,90.5,86.83333333333333,0.893131887192527,1.0184118949833694,-0.0065838449102881,92.7222222222222
NEG_KMN_NE_00260,0,41.522959021295335,-116.7596652845392,Nevada,211.22222222222223,196.0,137.22222222222223,0.9227783355737326,0.6791885531243911,-0.1981701924334274,181.4814814814815
NEG_KMN_NE_00261,0,41.24970568580748,-116.47214761204008,Nevada,140.25,120.5,81.25,0.8608567611020076,0.6839334163528151,-0.1883023448245266,114.0
NEG_KMN_NE_00263,0,37.94712067787767,-118.30494961494075,Nevada,124.0,123.25,103.75,1.0521307827266009,0.989314284852993,-0.0355401089515228,117.0
NEG_KMN_NE_00265,0,40.8232214569484,-115.8859134089168,Nevada,70.33333333333333,76.0,98.0,1.0836121681061737,1.2978370833672512,0.1294178687724464,81.44444444444444
NEG_KMN_NE_00266,0,38.076924497588,-118.27812218486616,Nevada,65.4,64.32,69.96,1.0146349072658516,1.2292721228570476,0.0844299330406888,66.56
NEG_KMN_NE_00267,0,40.23185763814504,-118.42899357883374,Nevada,161.125,157.75,120.0,0.986283238247622,0.8166680930801545,-0.1193145703300602,146.29166666666669
NEG_KMN_NE_00269,0,39.58933263119614,-116.3420817114884,Nevada,110.125,95.75,69.5,0.8701466107820426,0.7308274860347863,-0.15620415745181,91.79166666666669
NEG_KMN_NE_00270,0,35.978190132123935,-115.3656158171159,Nevada,175.66666666666666,152.88888888888889,96.11111111111111,0.8693429288154655,0.6345593792560785,-0.2244616980476884,141.55555555555554
NEG_KMN_NE_00272,0,39.07453874032762,-118.3708990839861,Nevada,173.0,167.0,111.0,0.9653179190193456,0.664670658642834,-0.2014388489136173,150.33333333333334
NEG_KMN_NE_00273,0,41.25850634104592,-117.7312180640336,Nevada,127.6,116.2,85.6,0.9083268666953256,0.7528685463878021,-0.1424917141406136,109.8
NEG_KMN_NE_00274,0,36.770381408544885,-116.81210968710496,Nevada,67.66666666666667,59.333333333333336,63.66666666666666,0.9290799560062868,1.1842723002228073,0.0559947299012038,63.55555555555557
NEG_KMN_NE_00275,0,37.4907756281936,-117.2022775377552,Nevada,113.0,100.33333333333331,73.33333333333333,0.8855109435959241,0.7276814798444858,-0.1579558239128521,95.55555555555554
NEG_KMN_NE_00276,0,40.89799827173078,-118.61895757931978,Nevada,47.45,46.1,66.38333333333334,0.9836892867049796,1.6441273474148763,0.2269554197069688,53.31111111111111
NEG_KMN_NE_00277,0,40.28545416992383,-119.23293619358576,Nevada,113.5,108.5,85.0,0.9497620934915972,0.7762949259307118,-0.1264454499677575,102.33333333333331
NEG_KMN_NE_00278,0,40.01154792809725,-114.87568156507687,Nevada,148.77777777777777,131.66666666666666,96.33333333333331,0.8651329523733536,0.7197941864194984,-0.166892299856973,125.59259259259258
NEG_KMN_NE_00280,0,39.24281223813125,-117.85062664126248,Nevada,105.25,91.125,68.0,0.8634089751085139,0.7476491060310948,-0.1446194253220046,88.125
NEG_KMN_NE_00282,0,41.73992136848671,-118.1826883497808,Nevada,63.8,63.97142857142857,78.17142857142858,1.053319023007368,1.3902794191207395,0.1429535242638717,68.64761904761905
NEG_KMN_NE_00283,0,39.17798458752533,-118.80978000732392,Nevada,53.6,54.6,70.7,1.0488771790364035,1.412055265601198,0.1512555556521896,59.63333333333334
NEG_KMN_NE_00284,0,37.957501365208216,-117.22954291251348,Nevada,134.66666666666666,123.44444444444444,102.0,0.8887891803498071,0.7948730286167831,-0.1164673508670583,120.03703703703702
NEG_KMN_NE_00285,0,38.05484772570244,-115.41579146065015,Nevada,117.91666666666669,102.58333333333331,83.58333333333333,0.8575484343103769,0.7954690877313805,-0.1161510820913311,101.3611111111111
NEG_KMN_NE_00286,0,37.33271125458028,-114.10758759436452,Nevada,185.8,184.8,162.8,0.9878328126615744,0.877221394822642,-0.0684345433969606,177.8
NEG_KMN_NE_00287,0,40.92985329250188,-119.75250750476204,Nevada,119.83333333333331,113.83333333333331,98.0,0.988914091499345,0.9472983180823076,-0.0539359551021285,110.55555555555554
NEG_KMN_NE_00289,0,35.94211933525783,-115.48941327524278,Nevada,83.83333333333333,71.66666666666667,81.16666666666667,0.8660838849472773,1.2383332227728563,0.0749558928384418,78.88888888888889
NEG_KMN_NE_00291,0,40.47332245431951,-116.48230825982228,Nevada,169.6153846153846,148.0,97.6923076923077,0.8732506280454193,0.6786118106399006,-0.2025193375012135,138.43589743589743
NEG_KMN_NE_00292,0,40.383913141263086,-116.2040952555476,Nevada,86.5,91.0,116.5,1.0844484090148534,1.297321428418862,0.1285140562181658,98.0
NEG_KMN_NE_00293,0,41.6626768882533,-115.95506978863256,Nevada,86.0,77.0,59.0,0.8953488371051921,0.7662337661342554,-0.1323529411667387,74.0
NEG_KMN_NE_00294,0,39.36964822140487,-118.16719090940944,Nevada,129.0,114.5,89.5,0.8681800943573904,0.7383056951227411,-0.1544257339141326,111.0
NEG_KMN_NE_00295,0,38.21856226194036,-117.0304713761231,Nevada,115.0,115.5,114.5,1.0484030022593522,1.116945261412132,0.0333022817126275,115.0
NEG_KMN_NE_00296,0,39.37565766301127,-119.53965158920766,Nevada,175.5,167.0,140.0,0.9114583332708652,0.9072226358088796,-0.0535971370976226,160.83333333333334
NEG_KMN_NE_00297,0,39.32404294729341,-114.24478020950797,Nevada,64.5,64.25,74.625,1.0306809130189,1.2876863508251968,0.0993086275826787,67.79166666666666
NEG_KMN_NE_00299,0,40.41091824067501,-118.34504885207896,Nevada,102.66666666666669,100.66666666666669,75.66666666666667,0.974492082781767,0.7539896111652479,-0.1413871495118172,93.0
NEG_KMN_NE_00300,0,40.64439932430313,-118.08705303347809,Nevada,127.75,116.75,81.25,0.9116518517375962,0.6978255672586477,-0.1781863764465111,108.58333333333331
NEG_KMN_NE_00301,0,40.42278139706953,-119.90135275807783,Nevada,123.33333333333331,106.66666666666669,73.0,0.8731207616757358,0.6905433483301363,-0.1835547034871017,101.0
NEG_KMN_NE_00302,0,39.19218738759563,-118.38800098117048,Nevada,81.0,71.0,54.0,0.8765432097683281,0.7605633801745686,-0.13599999998912,68.66666666666667
NEG_KMN_NE_00303,0,37.77959660223173,-115.8752216274558,Nevada,104.0,88.0,79.0,0.8391076384429583,0.9412624195110136,-0.0347352024911987,90.33333333333331
NEG_KMN_NE_00304,0,36.57303545090924,-114.62087258929137,Nevada,97.26666666666668,81.0,63.0,0.8279651747252756,0.8137221326792111,-0.1067354944539815,80.42222222222222
NEG_KMN_NE_00305,0,39.31341522658403,-114.0770214168914,Nevada,156.75,139.41666666666666,96.91666666666669,0.8844063588652621,0.6730030285718884,-0.198487325898154,131.02777777777777
NEG_KMN_NE_00306,0,37.26242642267523,-115.9758358778638,Nevada,116.54545454545456,105.63636363636364,72.36363636363636,0.8939958580181088,0.6994141139403619,-0.177616111458146,98.1818181818182
NEG_KMN_NE_00307,0,37.44853812498324,-114.4786012415044,Nevada,154.66666666666666,147.33333333333334,127.66666666666669,0.9284469342582832,0.8065630658545305,-0.1115895800246423,143.2222222222222
NEG_KMN_NE_00308,0,38.159606620486485,-117.81423285543444,Nevada,140.57142857142858,133.85714285714286,109.42857142857144,0.9267266032185012,0.8412115527643961,-0.095184014875093,127.95238095238096
NEG_KMN_NE_00309,0,40.37937772144575,-116.1616959281755,Nevada,103.22222222222224,85.33333333333333,77.77777777777777,0.8258167163212764,0.9539137907151856,-0.0282449713087488,88.77777777777777
NEG_KMN_NE_00310,0,37.13293332850798,-114.16063501749971,Nevada,156.125,145.625,103.25,0.9407895080056968,0.7448430894694288,-0.1595622096307434,135.0
NEG_KMN_NE_00311,0,38.9550612912241,-117.48543777305724,Nevada,222.2,213.7,143.9,0.9725533850334986,0.7078222975885123,-0.1830802667473779,193.26666666666668
NEG_KMN_NE_00312,0,41.0413157808573,-116.35108862720516,Nevada,122.125,111.75,104.875,0.8929851877330077,0.9668498946984074,-0.0353166944840897,112.91666666666666
NEG_KMN_NE_00313,0,41.013534311508565,-117.12009972807256,Nevada,108.5,103.5,75.5,0.9491076630809208,0.7321118623837601,-0.1547358576573886,95.83333333333334
NEG_KMN_NE_00314,0,39.716378759142046,-117.97662856473886,Nevada,79.0,84.5,105.0,1.122222222039703,1.271491782380085,0.1182676972076053,89.5
NEG_KMN_NE_00315,0,40.12403922309131,-116.2682300102864,Nevada,165.71428571428572,155.28571428571428,114.71428571428572,0.9504722047906148,0.7681808717363469,-0.1459797323597802,145.23809523809524
NEG_KMN_NE_00316,0,40.30925085406847,-115.32326939454047,Nevada,104.0,92.58333333333331,68.16666666666667,0.8870295902965157,0.7396875979788909,-0.1501030398733616,88.25
NEG_KMN_NE_00317,0,39.68807899959486,-117.10458924041848,Nevada,112.71428571428572,105.14285714285714,95.85714285714286,0.9609292844370276,1.0189694040886652,-0.0165236417106139,104.57142857142856
NEG_KMN_NE_00318,0,38.70791557342017,-116.92676859338236,Nevada,144.5,138.75,95.25,0.9595337205184088,0.6833202890238874,-0.1884200764299103,126.16666666666666
NEG_KMN_NE_00319,0,38.10303799070203,-118.13250092765183,Nevada,151.4,140.2,116.2,0.9274631562900544,0.798792021668249,-0.1168378135284147,135.93333333333334
NEG_KMN_NE_00320,0,37.91768547150132,-117.66265477432074,Nevada,72.025,75.375,85.95,1.085423332459362,1.2760408048016607,0.1052352428901019,77.78333333333333
NEG_KMN_OR_00001,0,45.826269758943766,-118.6261503135085,Oregon,125.125,110.75,113.375,0.8408233331052707,1.2071715282483937,0.0659306100768806,116.41666666666666
NEG_KMN_OR_00002,0,43.44149602913909,-123.31351537604309,Oregon,87.0,66.6,76.6,0.7604058440584791,1.258096874318526,0.0964433273472955,76.73333333333333
NEG_KMN_OR_00003,0,44.33854011402208,-118.92657718420082,Oregon,125.125,111.125,88.25,0.8702952703275927,0.7852839956313244,-0.1212979166432822,108.16666666666669
NEG_KMN_OR_00004,0,42.077446762274086,-123.56657453318104,Oregon,93.5,66.5,127.0,0.6800026020548263,2.4709335618509902,0.3420281200608368,95.66666666666669
NEG_KMN_OR_00005,0,45.28277709318972,-122.46951449746967,Oregon,65.83333333333333,54.0,67.27777777777777,0.7664276697904254,2.571134486988801,0.2200170914204486,62.37037037037036
NEG_KMN_OR_00006,0,42.49206591634377,-123.6535876239828,Oregon,117.57142857142856,94.57142857142856,126.42857142857144,0.7326507909581343,1.746996042215694,0.1806888235932414,112.85714285714286
NEG_KMN_OR_00007,0,45.05983080175406,-121.8511758975203,Oregon,113.0,96.8,112.0,0.7745309713362705,1.9915592418033337,0.234474448333808,107.26666666666668
NEG_KMN_OR_00008,0,44.29928951453235,-117.247745227334,Oregon,75.4,51.0,71.8,0.6209613283070399,1.8517056973408623,0.2513980538680903,66.06666666666668
NEG_KMN_OR_00009,0,42.24378320901151,-117.92930272693876,Oregon,116.0,97.4,114.6,0.7616041290594441,1.5463090836916802,0.1748264787190732,109.33333333333331
NEG_KMN_OR_00010,0,42.23393871036941,-123.7685191367534,Oregon,88.71428571428571,71.28571428571429,71.85714285714286,0.7816557221023342,1.2557786075850488,0.0831754928620566,77.28571428571429
NEG_KMN_OR_00011,0,43.40886892414601,-119.07607834373256,Oregon,98.71428571428572,81.71428571428571,107.85714285714286,0.810463647192232,1.676183678518042,0.2168497971723205,96.09523809523807
NEG_KMN_OR_00012,0,43.14574735245689,-119.92612245592204,Oregon,100.8,73.8,85.8,0.6916817492017421,1.5668056747197645,0.1683521354925534,86.80000000000001
NEG_KMN_OR_00013,0,44.43604120631076,-120.785876959968,Oregon,98.0,83.5,105.0,0.8277777776884985,1.4556020064580508,0.1464981110044377,95.5
NEG_KMN_OR_00014,0,44.13902512399423,-117.62887969952736,Oregon,136.3,112.4,113.6,0.7790222654773711,1.29872530599441,0.0882413259276369,120.76666666666664
NEG_KMN_OR_00015,0,45.095311376093285,-120.46787783709452,Oregon,105.0,84.83333333333333,73.66666666666667,0.8112780559062084,0.9293307587115957,-0.0522826024576833,87.83333333333333
NEG_KMN_OR_00016,0,43.22309113487481,-122.84480041991112,Oregon,133.33333333333334,126.0,100.33333333333331,0.888888888797427,0.7808844211785676,-0.1232383970551504,119.88888888888889
NEG_KMN_OR_00017,0,42.68127273255302,-124.11713415817746,Oregon,89.4,72.4,97.4,0.6463118579747122,2.3692829123252155,0.3453962547256047,86.4
NEG_KMN_OR_00018,0,42.25277243122846,-123.78584722463216,Oregon,79.66666666666667,63.66666666666666,66.0,0.7881338351669477,1.0880859813309014,0.0304932468440327,69.77777777777777
NEG_KMN_OR_00019,0,42.58388563316288,-123.63993185720972,Oregon,114.83333333333331,102.33333333333331,116.5,0.7176209024501162,1.9536223419734489,0.2605939781161253,111.2222222222222
NEG_KMN_OR_00020,0,45.36477967147828,-123.0953098574443,Oregon,162.47058823529412,141.8235294117647,124.05882352941175,0.7929762500659199,1.3042905234876436,0.0397421863069718,142.7843137254902
NEG_KMN_OR_00021,0,42.136680717342216,-123.81856519497694,Oregon,152.75,143.0,139.25,0.8021589991126841,1.4000622987874465,0.1033434868262792,145.0
NEG_KMN_OR_00022,0,44.9090378092986,-122.1597211000036,Oregon,119.11111111111111,98.66666666666669,109.55555555555556,0.720948576221201,1.9294606821413507,0.1888798250035943,109.11111111111111
NEG_KMN_OR_00023,0,43.02488407215069,-123.91183275784306,Oregon,162.8,155.4,124.8,0.927057771728882,0.8077793051416846,-0.1101059768267716,147.66666666666666
NEG_KMN_OR_00024,0,45.26642476162164,-123.1577175682806,Oregon,125.25,112.5,111.75,0.845482456056956,1.0542076689202666,0.0186570548163651,116.5
NEG_KMN_OR_00025,0,43.93789834627856,-117.44469984656295,Oregon,67.0,50.5,59.5,0.7430650242865796,1.6331355000509402,0.1778518392972459,59.0
NEG_KMN_OR_00026,0,45.15199099117383,-122.31249528164652,Oregon,124.5,103.4,124.5,0.7432954949881483,2.1471495138921286,0.2314294043203645,117.46666666666668
NEG_KMN_OR_00027,0,45.737389668796446,-119.14127580209332,Oregon,96.42857142857144,81.71428571428571,93.42857142857144,0.8019007427780201,1.4821650389925851,0.1539280790470339,90.52380952380952
NEG_KMN_OR_00028,0,45.6045457516162,-120.85589549356234,Oregon,106.08333333333331,82.16666666666667,79.25,0.6854052915685752,1.5698434713294545,0.1322857488013284,89.16666666666667
NEG_KMN_OR_00029,0,44.020803428830206,-122.78374049934176,Oregon,156.0,144.0,140.0,0.7869318181110416,1.5164969830353394,0.1334407360610063,146.66666666666666
NEG_KMN_OR_00030,0,44.13421346869312,-120.9414190558282,Oregon,101.5,92.0,85.0,0.906165048454416,0.9277350679057326,-0.0413365704038994,92.83333333333334
NEG_KMN_OR_00031,0,44.387120825640814,-118.84639319279528,Oregon,118.0,104.08333333333331,123.16666666666669,0.7165178006961835,1.9983275969974776,0.245144453578217,115.08333333333331
NEG_KMN_OR_00032,0,45.77790348199016,-122.87461504060724,Oregon,98.83333333333331,89.5,64.66666666666667,0.9256019023761012,0.8542256386344587,-0.1053787981208385,84.33333333333333
NEG_KMN_OR_00033,0,44.09400262217365,-120.8595231487276,Oregon,62.2,40.6,61.6,0.6300782983999732,1.6858974353651917,0.2321842982389207,54.8
NEG_KMN_OR_00034,0,44.2680331056705,-118.65648586475834,Oregon,174.33333333333334,159.33333333333334,129.66666666666666,0.8889261182230562,0.7353398786995892,-0.1679865912328814,154.44444444444443
NEG_KMN_OR_00035,0,45.15809379054186,-122.40737984304737,Oregon,77.27272727272727,60.81818181818182,95.45454545454544,0.693480806773117,3.090412188603675,0.3750723659534628,77.84848484848484
NEG_KMN_OR_00036,0,43.9184209673944,-117.46264366975628,Oregon,87.66666666666667,58.333333333333336,89.33333333333333,0.6569488057068792,1.6106708103558354,0.2245376955734879,78.44444444444444
NEG_KMN_OR_00037,0,44.944780405652985,-122.94939923489414,Oregon,131.9,114.6,119.0,0.7394939860173606,1.7254189907717996,0.1850646146578159,121.83333333333334
NEG_KMN_OR_00038,0,45.46066055159217,-118.9802001828117,Oregon,115.83333333333331,103.08333333333331,121.41666666666669,0.8420976626298114,1.686862304974839,0.1703337505682032,113.44444444444446
NEG_KMN_OR_00039,0,45.23343463290352,-121.65888849912017,Oregon,155.5,145.0,165.0,0.8124999999245885,1.571428571102841,0.1818181818016529,155.16666666666666
NEG_KMN_OR_00040,0,44.27244129231936,-120.9160661996786,Oregon,125.5,107.83333333333331,116.83333333333331,0.8017445011678702,1.32145934105926,0.1114052826762281,116.7222222222222
NEG_KMN_OR_00041,0,44.219978761964114,-117.13642792821577,Oregon,101.77777777777776,88.77777777777777,106.44444444444444,0.8390247350854527,1.4753415299893566,0.1588322980179468,99.0
NEG_KMN_OR_00042,0,44.46913438946844,-123.4995800868362,Oregon,176.4,169.6,129.2,0.8788888888158842,0.8671114114775971,-0.0852769469634838,158.40000000000003
NEG_KMN_OR_00043,0,44.48092926298828,-120.77707589090365,Oregon,132.5,116.91666666666669,97.66666666666669,0.8288378024418964,0.9788531157472355,-0.0400601605702879,115.69444444444446
NEG_KMN_OR_00044,0,45.158983590181954,-118.07408375492878,Oregon,86.33333333333333,69.33333333333333,83.88888888888889,0.7342256322554661,1.4885034375741322,0.1764066478178985,79.85185185185185
NEG_KMN_OR_00045,0,45.2288160341683,-122.91789893154032,Oregon,127.4,114.6,139.8,0.8762482702446933,1.90038436165085,0.1845082646577867,127.26666666666668
NEG_KMN_OR_00046,0,42.7141230230596,-124.2951256665541,Oregon,100.6818181818182,84.27272727272727,78.0,0.7387816417208931,1.4128135989540231,0.1030586153403384,87.65151515151516
NEG_KMN_OR_00047,0,42.115624930125215,-123.1528355273503,Oregon,161.43478260869566,146.04347826086956,133.47826086956522,0.7993832581307977,1.3464499953952307,0.0723702421549363,146.9855072463768
NEG_KMN_OR_00048,0,45.117411955755,-122.48691712812864,Oregon,136.28571428571428,109.64285714285714,99.64285714285714,0.7373853927902285,1.2689474910519585,0.0323377897981996,115.19047619047618
NEG_KMN_OR_00049,0,42.13909460045313,-124.0202205316989,Oregon,134.2,121.6,97.6,0.9260628933220928,0.9858726501836824,-0.04092178959731,117.8
NEG_KMN_OR_00050,0,44.85431546300293,-123.02882629971585,Oregon,106.85714285714286,94.57142857142856,84.42857142857143,0.847112002265724,1.002380307623404,-0.0156872384319782,95.28571428571428
NEG_KMN_UT_00001,0,39.26352250241674,-111.74923161298022,Utah,91.0,80.75,67.75,0.9089825993793136,0.9422521960846976,-0.057335032183044,79.83333333333334
NEG_KMN_UT_00002,0,37.32883689404062,-113.52063473714765,Utah,159.5,147.25,113.25,0.9025353790388512,0.7513689041842242,-0.1439401007385646,140.0
NEG_KMN_UT_00003,0,39.69031665507832,-112.35990853785567,Utah,153.0,145.0,136.0,0.9287929060491,0.904487371087772,-0.0653631234891606,144.66666666666666
NEG_KMN_UT_00004,0,41.82021329114764,-111.7991744361575,Utah,88.2,91.2,81.2,1.0687245120477122,0.9793538110375726,-0.0343345596711093,86.86666666666667
NEG_KMN_UT_00005,0,37.09746966263691,-113.22563648904458,Utah,131.66666666666666,120.66666666666669,84.33333333333333,0.9487691802375328,0.7176793206456433,-0.16573493555432,112.22222222222224
NEG_KMN_UT_00006,0,38.57279880044029,-109.25632814163224,Utah,134.75,117.0,82.91666666666667,0.8387342796698447,0.6927142744813662,-0.1825932318080614,111.55555555555556
NEG_KMN_UT_00007,0,39.71916815746359,-113.0847489163242,Utah,124.83333333333331,97.08333333333331,62.25,0.7201695253288002,0.6582100262060021,-0.2485783063688056,94.7222222222222
NEG_KMN_UT_00008,0,40.48664191848647,-109.90108686178536,Utah,20.0,19.0,63.0,0.949999999525,3.315789471939058,0.5365853657882214,34.0
NEG_KMN_UT_00009,0,38.91921948880918,-109.62794810890632,Utah,157.15384615384616,145.0,111.3846153846154,0.9105223885453028,0.7952793008280252,-0.1187797863923841,137.84615384615387
NEG_KMN_UT_00010,0,38.011971595119206,-110.55286523894269,Utah,148.66666666666666,139.66666666666666,120.5,0.9045409660048186,0.8819663231632576,-0.0674517320274227,136.27777777777777
NEG_KMN_UT_00011,0,40.22111571735565,-112.2359065562706,Utah,190.0,176.0,122.0,0.9263157894249308,0.6931818181424328,-0.1812080536851943,162.66666666666666
NEG_KMN_UT_00012,0,37.8992610813452,-110.5843086388337,Utah,190.5,178.5,118.0,0.9348739495245294,0.690972222176397,-0.1858766233704139,162.33333333333334
NEG_KMN_UT_00013,0,38.99555322970378,-110.42035771302989,Utah,198.25,202.5,150.25,1.0302138635108686,0.7299461310133556,-0.1574068602559746,183.66666666666663
NEG_KMN_UT_00014,0,37.56414741038922,-110.52455565883736,Utah,194.25,189.25,142.5,0.9629166192149226,0.7359690723896918,-0.1559591112060583,175.33333333333331
NEG_KMN_UT_00015,0,41.94495465847909,-111.93317413643985,Utah,146.33333333333334,148.66666666666666,131.66666666666666,1.0261994948608777,0.8222197849762781,-0.1026895460568369,142.2222222222222
NEG_KMN_UT_00016,0,38.027852982449474,-112.64410702339728,Utah,211.0,192.0,135.66666666666666,0.9017094016651892,0.7175675675270372,-0.1652510717760633,179.55555555555554
NEG_KMN_UT_00017,0,40.66429299627575,-111.9824867462653,Utah,148.83333333333334,134.16666666666666,101.16666666666669,0.8831752270782326,0.8052669891717056,-0.1123952863767048,128.05555555555554
NEG_KMN_UT_00018,0,38.79847425862394,-110.29049993675552,Utah,200.0,187.0,117.5,0.9332426783041734,0.6283809192867845,-0.2282139116698505,168.16666666666666
NEG_KMN_UT_00019,0,37.90158630811401,-111.61445250861306,Utah,182.8,174.0,151.3,0.9300560414095648,0.8951778806082249,-0.0673138018742416,169.36666666666665
NEG_KMN_UT_00020,0,37.30570602889024,-112.1659041525824,Utah,,,,,,,
NEG_KMN_UT_00021,0,37.11289312591347,-113.3647901659446,Utah,204.75,200.0,141.25,0.9817817314426572,0.6959542767372122,-0.1815897990142802,182.0
NEG_KMN_UT_00022,0,39.3105265128229,-113.54115658272995,Utah,174.5,192.0,130.0,1.1001642035494392,0.6767391303994924,-0.1928203442849654,165.5
NEG_KMN_UT_00023,0,39.34015905033659,-113.14676563968384,Utah,173.5,164.5,119.5,0.9021739129801558,0.8331213565688411,-0.1033811802210972,152.5
NEG_KMN_UT_00024,0,40.31983177172864,-113.24127574557224,Utah,162.0,157.66666666666666,115.66666666666669,0.9934851475145616,0.7899468252186908,-0.1369805929492351,145.11111111111111
NEG_KMN_UT_00025,0,38.75724344580311,-109.52589037726136,Utah,111.36363636363636,92.1818181818182,69.81818181818181,0.8238802166316713,0.7793068598170346,-0.1255084934832634,91.12121212121212
NEG_KMN_UT_00026,0,38.97348647232678,-112.3410683914954,Utah,168.14285714285714,152.0,124.0,0.874287212747907,0.9237369066267768,-0.0607444686540184,148.0476190476191
NEG_KMN_UT_00027,0,38.85975309592676,-112.3247928066648,Utah,142.08333333333334,130.25,105.08333333333331,0.8863581461021061,0.7677054608483186,-0.1344018062750921,125.80555555555554
NEG_KMN_UT_00028,0,37.69247790120725,-112.86342907251652,Utah,141.26666666666668,131.4,116.26666666666668,0.9022306567807026,0.8948785714753229,-0.0593367984331375,129.64444444444442
NEG_KMN_UT_00029,0,37.75675380714708,-109.51291403142328,Utah,104.0,117.66666666666669,81.66666666666667,1.121182673870294,0.6923069865480495,-0.1818780702402027,101.11111111111111
NEG_KMN_UT_00030,0,39.093733096010816,-112.86565550418152,Utah,159.25,146.91666666666666,113.58333333333331,0.9120257565594948,0.7678773931913163,-0.1339267619259333,139.91666666666666
NEG_KMN_UT_00031,0,40.48518889173355,-110.62288089720732,Utah,164.0,156.0,158.0,0.8904109588310207,1.0555211557128843,0.0259670399507217,159.33333333333334
NEG_KMN_UT_00032,0,38.263970334035626,-112.85131371945072,Utah,154.2,136.2,108.8,0.8687463741034087,0.8895103152736741,-0.0689057311792078,133.06666666666666
NEG_KMN_UT_00033,0,38.87225470915318,-109.94972393563592,Utah,130.33333333333334,135.33333333333334,98.66666666666669,1.03968302030925,0.7308201057643876,-0.1555924077343021,121.44444444444444
NEG_KMN_UT_00034,0,37.672622618060245,-110.5527202813476,Utah,125.5,136.5,112.0,1.1216550282965476,0.896503190038296,-0.0765215176958778,124.66666666666669
NEG_KMN_UT_00035,0,38.26194091240313,-109.39211403006362,Utah,197.0,192.75,131.0,0.9697617197082636,0.6755621567087127,-0.1939202084758625,173.58333333333334
NEG_KMN_UT_00036,0,38.71867828215958,-110.72838569706016,Utah,121.0,106.0,86.0,0.8760330577788403,0.8113207546404415,-0.1041666666612413,104.33333333333331
NEG_KMN_UT_00037,0,39.18729326727606,-110.24268404143815,Utah,122.0,141.33333333333334,100.33333333333331,1.1586361861308143,0.7084777241396992,-0.1709172053795777,121.22222222222224
NEG_KMN_UT_00038,0,37.76883897744356,-112.92398253821716,Utah,159.0,137.0,97.0,0.8616352200715952,0.708029197028611,-0.1709401709328658,131.0
NEG_KMN_UT_00039,0,38.82685896552054,-110.8833968230266,Utah,134.66666666666666,145.33333333333334,99.33333333333331,1.081766567621513,0.6823953008305733,-0.1888068024540169,126.44444444444446
NEG_KMN_UT_00040,0,38.507041385156576,-110.4912125281012,Utah,197.4,185.0,131.8,0.9221154593074732,0.7073350735576218,-0.1721861810664481,171.4
NEG_KMN_UT_00041,0,38.67415411391309,-110.96449540347788,Utah,141.33333333333334,142.66666666666666,100.0,1.0123877067617364,0.736399856675937,-0.1534397246915588,128.00000000000003
NEG_KMN_UT_00042,0,41.29122711011139,-112.58345836276784,Utah,188.8,177.0,142.4,0.9317922311423004,0.7978725233873362,-0.11964496907883,169.4
NEG_KMN_UT_00043,0,38.65470169350848,-109.85504249603927,Utah,175.0,201.0,136.5,1.1486842104601842,0.6786996409711963,-0.1914080469881541,170.83333333333331
NEG_KMN_UT_00044,0,40.23766667713313,-111.82005736847223,Utah,116.5,105.75,82.25,0.9008663762223914,0.8011363635522973,-0.1147062056777187,101.5
NEG_KMN_UT_00045,0,38.27365835203743,-113.83228435963866,Utah,162.0,137.5,96.75,0.8451228889740237,0.7217775323034717,-0.1630339882671889,132.08333333333334
NEG_KMN_UT_00046,0,41.939930325799615,-113.29644177848354,Utah,178.0,175.0,129.5,0.9702970296367984,0.7852425179998618,-0.1237495127933138,160.83333333333334
NEG_KMN_UT_00047,0,40.018756542477625,-113.4182718204318,Utah,132.25,123.41666666666669,107.33333333333331,0.9120260011168178,1.0613387291970124,-0.0199891258946517,121.0
NEG_KMN_UT_00048,0,37.72505309603888,-111.46642994674278,Utah,112.25,104.75,87.5,0.9775288179675984,0.9188992635548064,-0.0682377540822099,101.5
NEG_KMN_UT_00049,0,38.95058209438456,-111.82589346360726,Utah,155.9,141.6,107.1,0.9039895535533594,0.7447266510942177,-0.1497140473012308,134.86666666666667
NEG_KMN_UT_00050,0,39.1506294551748,-112.18713443737327,Utah,241.5,220.0,183.5,0.905701754348563,0.8027027026667325,-0.1228956228914849,215.0
NEG_KMN_UT_00051,0,41.22343824969568,-112.61881323871664,Utah,251.75,233.5,154.75,0.9269591169433168,0.6580926795413011,-0.2087952879982498,213.3333333333333
NEG_KMN_UT_00052,0,39.85676380645848,-110.83926720483232,Utah,68.8,61.6,71.6,0.9145357489225908,1.5304217682512813,0.14227350114132,67.33333333333334
NEG_KMN_UT_00053,0,39.995237002357165,-112.53947480722672,Utah,113.28571428571428,96.28571428571428,70.0,0.8526026342149274,0.7345868572514872,-0.1533963755015759,93.1904761904762
NEG_KMN_UT_00054,0,38.19613633790835,-112.84040577504425,Utah,164.28571428571428,153.14285714285714,111.14285714285714,0.944168186525632,0.7837098751333335,-0.1389042107551276,142.85714285714286
NEG_KMN_UT_00055,0,37.41296672716546,-109.4087304825448,Utah,97.66666666666669,111.0,101.66666666666669,1.1581079687659506,1.0220151712781365,-0.0101614821128101,103.44444444444444
NEG_KMN_UT_00056,0,39.1340702525857,-112.0338679333916,Utah,100.5,99.5,73.5,0.9942366025274604,0.743396805820602,-0.1478111414332414,91.16666666666666
NEG_KMN_UT_00057,0,39.690520475865846,-112.13140477510365,Utah,108.0,124.66666666666669,88.66666666666667,1.154383796491638,0.7114993719682671,-0.1686443091001876,107.1111111111111
NEG_KMN_UT_00058,0,38.67650742657818,-110.27460542143264,Utah,123.0,105.2,83.0,0.8908109369109656,0.9016243099544824,-0.0783076043174535,103.73333333333332
NEG_KMN_UT_00059,0,38.26622845369455,-109.21329731929012,Utah,114.8,112.5,107.5,0.997829294499461,1.0600177689307937,0.0058294121882847,111.6
NEG_KMN_UT_00060,0,38.47678805205892,-109.36744947633235,Utah,127.57142857142856,108.0,99.14285714285714,0.8701941021928226,1.0934425949239166,0.0109757894160971,111.57142857142856
NEG_KMN_UT_00061,0,39.97516359385518,-113.2435723363875,Utah,156.0,147.5,142.5,0.8508771929012908,1.001470588085359,0.0001469291788898,148.66666666666666
NEG_KMN_UT_00062,0,38.60112223970443,-112.01936890407468,Utah,115.0,126.25,89.75,1.0937596881639169,0.7104245085076819,-0.1693502863980778,110.33333333333331
NEG_KMN_UT_00063,0,41.25443756014587,-112.2469471211059,Utah,62.0,45.0,60.0,0.7258064514958377,1.333333333037037,0.1428571428435374,55.66666666666666
NEG_KMN_UT_00064,0,41.98937534809262,-113.50511730335472,Utah,148.5,123.0,84.0,0.8035714285048038,0.6943548386318895,-0.1805950113833339,118.5
NEG_KMN_UT_00065,0,38.793028526711645,-112.20166697403477,Utah,144.4,135.8,104.6,0.92210017773203,0.7580280695501969,-0.1383960273285361,128.26666666666668
NEG_KMN_UT_00066,0,41.413630751310926,-112.08924016377448,Utah,59.5,48.75,67.25,0.8380910652028165,1.7118199707370532,0.188004439860801,58.50000000000001
NEG_KMN_UT_00067,0,39.73946550777581,-112.34105027386823,Utah,156.75,140.83333333333334,102.66666666666669,0.8795936793307465,0.7775317554992872,-0.1304127679882137,133.41666666666666
NEG_KMN_UT_00068,0,38.8463901920889,-109.2580006391371,Utah,102.58333333333331,90.25,98.16666666666669,0.8511606770911397,1.568975398480177,0.1389849413925861,97.0
NEG_KMN_UT_00069,0,38.38231168088426,-112.3603724914342,Utah,96.375,85.75,84.8125,0.7721847777203481,1.5017069415673272,0.1331626551775022,88.97916666666666
NEG_KMN_UT_00070,0,41.06448083417183,-113.89418474365976,Utah,202.25,180.5,113.25,0.8971617332363894,0.6332004215577891,-0.2251863287635364,165.33333333333331
NEG_KMN_WA_00001,0,48.81526847975475,-121.79248239493364,Washington,35.0,21.0,37.0,0.5999999998285714,1.7619047610657597,0.2758620689179548,31.0
NEG_KMN_WA_00002,0,47.20658655119209,-117.44966040249984,Washington,93.625,76.625,90.0,0.7501436018773191,3.122380757663461,0.3039513008200804,86.75
NEG_KMN_WA_00003,0,47.22143806170717,-122.2660031830045,Washington,124.0,99.0,84.5,0.7246596883822392,1.0737196290877828,0.0033918517853162,102.5
NEG_KMN_WA_00004,0,48.3826458926421,-117.65880466253004,Washington,63.5,58.5,70.0,0.7829294018075598,2.170650851852138,0.2949180909892176,64.0
NEG_KMN_WA_00005,0,48.081704461345446,-124.09557343385563,Washington,87.625,74.375,80.125,0.7917929519373609,1.478530092183672,0.1323356580776957,80.70833333333334
NEG_KMN_WA_00006,0,46.670969439619945,-117.6724937432557,Washington,154.77777777777777,148.88888888888889,136.33333333333334,0.8498476032340391,1.6178992605874856,0.1122981806622482,146.66666666666666
NEG_KMN_WA_00007,0,48.29707213062503,-118.17207382537195,Washington,93.25,83.625,80.375,0.8989718066385595,1.058559153771906,0.0051218694766957,85.75
NEG_KMN_WA_00008,0,47.21972348799135,-118.64111094620392,Washington,140.0,134.25,113.75,0.7822245320518842,2.1136932386391747,0.177759776755428,129.33333333333334
NEG_KMN_WA_00009,0,48.90776467685822,-117.24040618880711,Washington,99.27586206896552,91.48275862068964,101.03448275862068,0.8521805935480461,1.7454968910603867,0.1962278567344473,97.26436781609192
NEG_KMN_WA_00010,0,47.24822550558574,-119.67398404384284,Washington,106.5,74.5,81.66666666666667,0.6596312945840824,1.4280376574285352,0.1166005030634163,87.55555555555556
NEG_KMN_WA_00011,0,46.319593888973934,-119.90570054309558,Washington,78.0,60.333333333333336,72.66666666666667,0.7777277405057476,1.2700784680717996,0.070913843632145,70.33333333333333
NEG_KMN_WA_00012,0,46.71674743556431,-121.82964119764364,Washington,29.0,35.0,55.0,1.2068965513079666,1.571428570979592,0.2222222221975308,39.66666666666666
NEG_KMN_WA_00013,0,47.75524842552732,-119.8977689367187,Washington,104.2,86.8,101.8,0.7460815312743804,2.5536398231773587,0.2485400873337521,97.6
NEG_KMN_WA_00014,0,47.76974057929877,-122.12049656758984,Washington,32.0,40.0,66.0,1.249999999609375,1.6499999995875,0.2452830188447846,46.0
NEG_KMN_WA_00015,0,48.52040279872805,-117.85082351277948,Washington,59.66666666666666,41.66666666666666,93.66666666666669,0.6871314101416764,2.668584287368492,0.3343605019363816,64.99999999999999
NEG_KMN_WA_00016,0,48.017557204191625,-120.28954935416463,Washington,100.66666666666669,69.16666666666667,83.5,0.6543439133640019,1.5504702841033264,0.1462196127142575,84.44444444444444
NEG_KMN_WA_00017,0,47.25610972209931,-120.6182104544788,Washington,55.625,43.25,74.0,0.7518695017642631,2.7454134599659428,0.3383078897213359,57.625
NEG_KMN_WA_00018,0,48.56086877189293,-120.8854313600632,Washington,255.0,202.0,150.0,0.7921568627140331,0.7425742573889814,-0.1477272727230759,202.3333333333333
NEG_KMN_WA_00019,0,47.98283876289037,-117.28120423333507,Washington,,,,,,,
NEG_KMN_WA_00020,0,48.32504472935888,-122.32368112801588,Washington,128.16666666666666,118.66666666666669,121.33333333333331,0.8313292361206329,1.6837780719494857,0.1261601742422467,122.72222222222224
NEG_KMN_WA_00021,0,47.00534045826777,-122.94161387455648,Washington,153.5,141.7,141.8,0.8691544893503471,1.3384006599811962,0.0674458145848852,145.66666666666666
NEG_KMN_WA_00022,0,48.603612145042895,-118.99180974488364,Washington,102.5,90.0,118.25,0.762541805874082,1.828869047000591,0.2633630980128527,103.58333333333331
NEG_KMN_WA_00023,0,48.04425851470968,-124.65245416722854,Washington,96.8,84.0,82.2,0.8675549467811632,1.2411006145566237,-0.0044224558509978,87.66666666666666
NEG_KMN_WA_00024,0,46.57214692700586,-123.20307934256608,Washington,77.5,61.0,47.5,0.7484643733517363,0.771783462934158,-0.1288684148187285,62.0
NEG_KMN_WA_00025,0,46.18936656400573,-118.678469445784,Washington,105.66666666666669,98.66666666666669,72.66666666666667,0.926773135703482,0.7380147486923772,-0.151556830156666,92.33333333333331
NEG_KMN_WA_00026,0,47.49658027135732,-122.87603967110316,Washington,85.0,63.4,62.0,0.6854058796772504,1.3513406420446918,0.1225513820131539,70.13333333333334
NEG_KMN_WA_00027,0,48.250730266820206,-118.0951896236233,Washington,89.4,74.4,62.4,0.7497690458333467,1.086961047772529,0.0190639405544656,75.39999999999999
NEG_KMN_WA_00028,0,48.17438317721424,-117.3530498432105,Washington,49.1764705882353,38.47058823529412,63.294117647058826,0.7351950508754816,2.286984273025924,0.3042241349558712,50.31372549019608
NEG_KMN_WA_00029,0,48.37279648687592,-118.77631624096938,Washington,50.0,32.25,50.5,0.6359949799350147,2.2120750974202403,0.2714713180144341,44.25
NEG_KMN_WA_00030,0,48.09673386310655,-117.7028582841267,Washington,75.33333333333333,55.333333333333336,85.0,0.7212759461746838,1.555475982874163,0.1688187814127426,71.8888888888889
NEG_KMN_WA_00031,0,46.67471763551914,-120.51421986159374,Washington,79.5,50.833333333333336,74.16666666666667,0.6266235003598762,1.5736172863170388,0.1990978255842749,68.16666666666667
NEG_KMN_WA_00032,0,47.24374115931416,-124.03346127581892,Washington,117.33333333333331,89.77777777777777,81.55555555555556,0.7587698716807043,0.9995673068241832,-0.0139552002681652,96.22222222222224
NEG_KMN_WA_00033,0,48.78173949713303,-117.40184921729758,Washington,40.0,44.0,70.0,1.099999999725,1.5909090905475207,0.2280701754185903,51.333333333333336
NEG_KMN_WA_00034,0,46.56021470989671,-120.12576452689416,Washington,127.4,92.4,93.2,0.6992546301266451,1.2416588931309107,0.0522697633647366,104.33333333333331
NEG_KMN_WA_00035,0,47.95838304110872,-123.80597133308936,Washington,109.9375,97.375,111.8125,0.7729233805429929,2.551894786208514,0.2672966977412393,106.375
NEG_KMN_WA_00036,0,47.601240559345214,-117.51738323781784,Washington,187.66666666666663,182.66666666666663,157.33333333333334,0.9206067331846982,0.9404393734662072,-0.0399491533525012,175.8888888888889
NEG_KMN_WA_00037,0,48.66607875543608,-118.75981756920991,Washington,117.75,88.5,102.25,0.6678214596555493,2.800107842786628,0.278262025506381,102.83333333333331
NEG_KMN_WA_00038,0,47.99339178952947,-117.47425590890106,Washington,30.0,32.0,49.0,1.066666666311111,1.5312499995214843,0.2098765431839658,37.0
NEG_KMN_WA_00039,0,47.076744885183466,-117.29788921975944,Washington,39.0,35.0,62.0,0.8974358972057856,1.7714285709224489,0.2783505154352216,45.333333333333336
NEG_KMN_WA_00040,0,47.24090082402755,-122.49995374892274,Washington,118.75,112.5,78.0,0.9141753227655132,0.7454243687905708,-0.147861195362116,103.08333333333331
NEG_KMN_WA_00041,0,48.541319063857095,-121.29025793835552,Washington,55.0,42.9,76.1,0.7292197127331346,3.1041486774642024,0.3644219175570495,58.000000000000014
NEG_KMN_WA_00042,0,46.56632332767502,-123.61863628327126,Washington,100.6,91.2,103.0,0.7493644595636084,1.8906156257145328,0.1926684297175233,98.26666666666668
NEG_KMN_WA_00043,0,48.0922991637641,-117.8849403089423,Washington,92.8,80.25,88.9,0.8343754625899937,1.7217820592640234,0.1908991682141055,87.31666666666666
NEG_KMN_WA_00044,0,48.2699674617694,-119.69845436841284,Washington,30.0,24.0,91.0,0.7999999997333334,3.791666665086805,0.5826086956015123,48.333333333333336
NEG_KMN_WA_00045,0,47.81908986497292,-120.91087546814708,Washington,106.2,92.6,96.06666666666666,0.8256249918821311,1.3785344510491906,0.1131360487496506,98.28888888888888
NEG_KMN_WA_00046,0,48.98863983087156,-117.414369609649,Washington,72.7,65.1,86.3,0.838456365895263,1.825500930079285,0.2536037706172601,74.7
NEG_KMN_WA_00047,0,47.54141295309655,-120.05198262974112,Washington,90.75,81.16666666666667,101.41666666666669,0.7858760395067215,3.1519122618895365,0.3256968342412327,91.11111111111111
NEG_KMN_WA_00048,0,48.32754980708111,-118.60338224365968,Washington,97.0,88.25,98.375,0.782498818526841,2.1784400062056646,0.2289246057239617,94.54166666666666
NEG_KMN_WA_00049,0,47.42399919482384,-117.19698479662712,Washington,91.5,82.25,86.25,0.7583874457365443,1.4738342745719084,0.1651950568543836,86.66666666666667
NEG_KMN_WA_00050,0,48.65252929755824,-121.9059412867196,Washington,83.6,60.4,69.2,0.7262241115405522,1.2295380346466422,0.0722270450578773,71.06666666666668
NEG_KMN_WA_00051,0,46.889804132602016,-123.29103508008905,Washington,85.2,70.95,86.45,0.6929455424708918,3.216439617203586,0.3557772454265268,80.86666666666666
NEG_KMN_WA_00052,0,46.41319033923396,-117.80786757838496,Washington,103.76923076923076,87.61538461538461,101.6923076923077,0.7414261970119196,2.0643193241644435,0.2326126564947011,97.69230769230772
NEG_KMN_WA_00053,0,48.42511124139731,-121.73429059809295,Washington,110.0,80.0,86.0,0.6874999999010416,1.500740740284093,0.1479911164732823,92.0
NEG_KMN_WA_00054,0,48.600422328627296,-117.78425148417772,Washington,95.66666666666669,74.0,91.55555555555556,0.7580633823448191,1.674869885754191,0.1191400725205103,87.07407407407408
NEG_KMN_WA_00055,0,48.60060926830902,-119.2114671484694,Washington,119.0,109.1,126.3,0.8229264077276799,2.257987811676375,0.2489770820200381,118.13333333333333
NEG_KMN_WA_00056,0,47.50204837449295,-122.28713453343454,Washington,130.42857142857142,100.85714285714286,108.28571428571428,0.7550495815048642,1.2761050907689289,0.0919301740024478,113.1904761904762
NEG_KMN_WA_00057,0,48.80993356233081,-122.70055393657184,Washington,114.5,97.25,128.5,0.7206299539622649,3.3677881735946738,0.320925904423446,113.41666666666669
NEG_KMN_WA_00058,0,48.83105971282191,-117.51092175173916,Washington,88.0,59.333333333333336,81.0,0.6398135854101059,1.75521260299806,0.1841509629992356,76.11111111111111
NEG_KMN_WA_00059,0,48.05848784430488,-117.73561113038193,Washington,143.9375,118.5,87.3125,0.7540823474779155,1.0036955534328766,-0.0406542442204162,116.58333333333334
NEG_KMN_WA_00060,0,47.31591604921479,-117.94211837422309,Washington,97.55555555555556,82.55555555555556,80.44444444444444,0.8422474183758261,1.223826767901369,0.0614445585175813,86.85185185185185
NEG_KMN_WA_00061,0,48.99520492360899,-117.32585030079308,Washington,90.23076923076924,78.53846153846153,94.23076923076924,0.7848797225110908,2.1706602133041386,0.2589611424128929,87.66666666666666
NEG_KMN_WA_00062,0,46.29222012775181,-118.0845325106053,Washington,89.5,83.5,62.0,0.9299448713470914,0.7419746780658664,-0.1482763590448937,78.33333333333333
NEG_KMN_WA_00063,0,47.86655110278381,-120.77591712603396,Washington,101.8,89.4,99.8,0.7819230376503399,1.4220079047361538,0.1475422242248597,97.0
NEG_KMN_WA_00064,0,48.386457879530646,-119.48649940164456,Washington,169.0,133.0,115.0,0.7096679624592985,1.4143026400098508,0.0668949360326519,139.0
NEG_KMN_WA_00065,0,48.40621985762969,-119.56841002275156,Washington,133.6,128.8,120.6,0.9055652898336696,1.072272139446929,0.0242070158326415,127.66666666666669
NEG_KMN_WA_00066,0,47.194153348793535,-121.90915949602736,Washington,97.625,71.375,94.625,0.7221918523300304,1.449875297829881,0.156818578042378,87.875
NEG_KMN_WA_00067,0,48.19632704363716,-118.10566718544068,Washington,128.5,112.5,75.83333333333333,0.8575346213658589,0.7272507915845529,-0.1602827910569195,105.61111111111111
NEG_KMN_WA_00068,0,46.124035032598194,-120.44236909873314,Washington,161.0,140.5,113.5,0.8095697979981379,1.0546462991608876,-0.0061893312013215,138.33333333333334
NEG_KMN_WA_00069,0,48.55179514964384,-117.7136497066627,Washington,110.83333333333331,79.33333333333333,82.0,0.6739633054169145,1.3237101143648404,0.0962238722629178,90.72222222222224
NEG_KMN_WA_00070,0,48.61726207251424,-121.97569629932968,Washington,93.0,89.5,79.25,0.9383513317469556,0.975216703975563,-0.036632364129465,87.25
NEG_KMN_WA_00071,0,48.17370303321494,-119.39116546761676,Washington,76.71428571428571,67.57142857142857,78.85714285714286,0.8104130410281375,1.3647738992807017,0.1379394794077894,74.38095238095238
NEG_KMN_WA_00072,0,47.50928267767987,-123.41739244868074,Washington,85.85714285714286,56.42857142857143,46.142857142857146,0.6324259322928022,0.86571429271151,-0.0788738644046349,62.8095238095238
NEG_KMN_WA_00073,0,46.09447263517098,-118.35947688541488,Washington,57.0,35.666666666666664,67.33333333333333,0.6150252346534766,2.29370694690466,0.3397052914229224,53.333333333333336
NEG_KMN_WA_00074,0,46.50717584157003,-123.01540583485394,Washington,123.85714285714286,114.42857142857144,119.71428571428572,0.8243088893474954,1.994484540638464,0.1764705542319743,119.33333333333334
NEG_KMN_WA_00075,0,46.27936610522706,-119.74005153095987,Washington,103.9090909090909,84.36363636363636,95.63636363636364,0.8039832131808268,1.2792178748812093,0.0689880602303257,94.63636363636364
NEG_KMN_WA_00076,0,48.58672121790187,-121.07874037115864,Washington,135.0,126.66666666666669,110.66666666666669,0.8535426563877446,0.9718610249365732,-0.0208735036200638,124.1111111111111
NEG_KMN_WA_00077,0,47.67949740196509,-117.28295567811864,Washington,100.8,80.2,90.6,0.7222765618662489,2.2350857253613623,0.2338274730975198,90.53333333333332
NEG_KMN_WA_00078,0,47.37861666581087,-122.02035823044385,Washington,136.22222222222223,110.44444444444444,113.88888888888889,0.714624451013941,1.5733487121985097,0.1477924046395977,120.1851851851852
NEG_KMN_WA_00079,0,46.78849876407525,-123.103185303587,Washington,79.28,69.84,75.32,0.8361748936331981,1.8203058908284453,0.2136317354142534,74.81333333333333
NEG_KMN_WA_00080,0,47.565660232704296,-123.39223208999933,Washington,79.28571428571429,73.14285714285714,104.14285714285714,0.7755678877587014,3.5029726521155475,0.3619036875954355,85.52380952380952
NEG_KMN_WA_00081,0,48.72788357411113,-117.77357828992643,Washington,115.8181818181818,94.72727272727272,96.8181818181818,0.7849786877461337,2.106425060841937,0.1879703872552523,102.45454545454544
NEG_KMN_WA_00082,0,48.289738209256605,-117.84015960393263,Washington,86.5,63.5,83.0,0.7311860323209055,2.2454954943571064,0.2755153343003859,77.66666666666667
NEG_KMN_WA_00083,0,46.03134756933929,-119.10912422306842,Washington,176.5,162.5,148.75,0.8916331764845351,0.9972303709992848,-0.0147425535715578,162.58333333333331
NEG_KMN_WA_00084,0,48.344136017892026,-117.64484111924112,Washington,129.5,107.0,93.0,0.8169303263067866,0.9638030393118224,-0.0306604634187127,109.83333333333331
NEG_KMN_WA_00085,0,47.527956356727934,-122.97304466487174,Washington,143.44444444444446,134.0,127.66666666666669,0.89384355667894,1.1012406488622963,0.0293320810323851,135.03703703703704
NEG_KMN_WA_00086,0,48.3748783975436,-122.271801795403,Washington,106.6,96.4,101.4,0.8049379102504709,1.94103795773076,0.1671781381669017,101.46666666666664
NEG_KMN_WA_00087,0,48.784184993199645,-121.85029498112031,Washington,77.11111111111111,52.55555555555556,67.44444444444444,0.6677244209564109,1.4598811486222525,0.1512999074092758,65.7037037037037
NEG_KMN_WA_00088,0,48.95132766423664,-117.46945463719686,Washington,61.833333333333336,50.61111111111112,70.61111111111111,0.8109000034536087,1.7363334396881194,0.2362477108719886,61.01851851851851
NEG_KMN_WA_00089,0,48.089677825236926,-120.22390351824254,Washington,146.66666666666666,131.0,126.33333333333331,0.86007869969818,1.7191861014619585,0.1451699470313385,134.66666666666669
NEG_KMN_WA_00090,0,47.537605686327645,-120.36907756117,Washington,122.75,93.0,90.75,0.673949579760021,1.4470594516023148,0.097304961268588,102.16666666666669
NEG_KMN_WA_00091,0,48.32562944212402,-117.6938897142731,Washington,115.33333333333331,102.16666666666669,80.5,0.9471320983158444,0.89986798519677,-0.076354210578096,99.33333333333331
NEG_KMN_WA_00092,0,47.36609448275933,-122.92623640555632,Washington,88.625,59.125,89.25,0.6509567740761842,1.7751501497565552,0.2272515858630295,79.0
NEG_KMN_WA_00093,0,47.8914430159022,-119.78402650006387,Washington,163.0,144.0,111.66666666666669,0.8712556733868984,0.7866124723922926,-0.1215787701306863,139.55555555555557
NEG_KMN_WA_00094,0,48.85743888652821,-118.52033903621547,Washington,93.6470588235294,80.94117647058823,101.17647058823528,0.7385537565076475,3.019893903565168,0.355586796244468,91.92156862745097
NEG_KMN_WA_00095,0,46.11952827250551,-122.69212112752734,Washington,64.0,61.333333333333336,57.0,1.002655826367096,1.009495380049956,-0.0251482642835185,60.77777777777777
NEG_KMN_WA_00096,0,47.15337195676788,-122.22096199049184,Washington,117.42857142857144,88.28571428571429,112.85714285714286,0.7087145712956978,1.877320987762225,0.1890410699102948,106.1904761904762
NEG_KMN_WA_00097,0,46.82058982564529,-120.06507361051833,Washington,88.92307692307692,79.3076923076923,94.34615384615384,0.7917023924823122,2.344284407340869,0.2661673590127635,87.52564102564104
NEG_KMN_WA_00098,0,48.06712508130982,-123.40681588311288,Washington,134.0,106.6,102.6,0.77095382727401,1.2654082192436324,0.0223701886883277,114.4
NEG_KMN_WA_00099,0,47.41544194912918,-124.0284572560504,Washington,75.28571428571429,68.0,90.42857142857144,0.7338321992773676,2.5877579880141046,0.3505177044610978,77.90476190476191
NEG_KMN_WA_00100,0,46.83069610359418,-117.24382933926312,Washington,125.5,99.25,95.75,0.7379040890738575,1.23269980251738,0.0571259541087363,106.83333333333331
NEG_KMN_WA_00101,0,48.456457701169526,-118.38964262504248,Washington,69.66666666666667,60.388888888888886,77.11111111111111,0.8072798875468915,2.1456264357008963,0.2742954326509713,69.05555555555556
NEG_KMN_WA_00102,0,48.19321963706024,-118.16192893268384,Washington,95.66666666666669,67.22222222222223,56.66666666666666,0.6657430699793652,0.8850725079546017,-0.0639970321318842,73.18518518518519
NEG_KMN_WA_00103,0,48.27024815668063,-117.84245317923512,Washington,133.75,119.0,124.75,0.8834283743232677,1.3978095234229575,0.0942679976728275,125.83333333333331
NEG_KMN_WA_00104,0,48.95644486755019,-117.22821162241382,Washington,123.75,109.75,93.5,0.8628472220917345,1.157798573732843,0.0306957596107323,109.0
NEG_KMN_WA_00105,0,48.01859687386016,-118.47091548623308,Washington,120.3076923076923,103.07692307692308,114.3846153846154,0.7765435356002949,1.40552964075204,0.1329205702259095,112.5897435897436
NEG_KMN_WA_00106,0,46.497222833857336,-119.23756235074052,Washington,77.625,53.5,71.375,0.6871732293899359,1.5230289711841012,0.1822816976305247,67.5
NEG_KMN_WA_00107,0,48.65486921958673,-117.7111179614726,Washington,84.33333333333333,75.16666666666667,85.83333333333333,0.8661045576309107,1.3439393780222508,0.0769996376614129,81.77777777777779
NEG_KMN_WA_00108,0,48.675223596352,-122.08353513383145,Washington,131.25,122.125,107.5,0.9335980604581836,0.9516605444220902,-0.0451562791373063,120.29166666666666
NEG_KMN_WA_00109,0,48.00709273903467,-117.31091741300747,Washington,96.66666666666669,67.33333333333333,85.66666666666667,0.6978904887092782,1.3649002412307736,0.1154940199453535,83.22222222222223
NEG_KMN_WA_00110,0,48.32637130699697,-122.1265290080525,Washington,120.5,113.16666666666669,121.5,0.8129234086993273,2.261704791690916,0.2223797467563904,118.3888888888889
NEG_KMN_WA_00111,0,48.79779181980059,-117.69223529426938,Washington,66.0,56.77777777777778,76.88888888888889,0.7394276546290873,2.6813447245309634,0.3156311383142725,66.55555555555554
NEG_KMN_WA_00112,0,47.37029073070065,-118.37267201733732,Washington,98.4,88.4,84.2,0.8338037548829311,1.1691988793252837,0.0595394141455328,90.33333333333331
NEG_KMN_WA_00113,0,47.34459876903811,-122.05095208679496,Washington,103.875,81.0,85.75,0.7423755377246436,1.558106459400811,0.1538599022915553,90.20833333333331
NEG_KMN_WA_00114,0,46.46731301223602,-122.69165184133612,Washington,105.0,87.25,61.0,0.8469832795090344,0.732970275740528,-0.1559135031108976,84.41666666666667
NEG_KMN_WA_00115,0,46.69180526059844,-122.1321066420736,Washington,101.33333333333331,94.0,75.0,0.9183864095674732,0.7877398270211416,-0.1192160880939105,90.1111111111111
NEG_KMN_WA_00116,0,46.259386890194186,-117.92373316491852,Washington,100.25,85.0,98.75,0.6899590067186812,2.8901995072981483,0.3173071331897808,94.66666666666666
NEG_KMN_WA_00117,0,46.98056653741663,-121.99989196765888,Washington,158.5,133.5,110.0,0.7676786843074925,1.153909691411791,0.0248067813424131,134.0
NEG_KMN_WA_00118,0,46.49847247585825,-117.19973957410132,Washington,122.0,113.2,134.2,0.7504212452849834,2.4972829119564937,0.3128427130475363,123.13333333333333
NEG_KMN_WA_00119,0,47.11107761946028,-119.65028500068117,Washington,118.5,87.75,96.0,0.648059597986434,1.7638327761906611,0.1638552725073889,100.75
NEG_KMN_WA_00120,0,47.53559053079815,-123.14827155718864,Washington,105.66666666666669,74.33333333333333,86.66666666666667,0.6379272601354853,1.7376274820357078,0.1918745029784273,88.8888888888889
NEG_KMN_WA_00121,0,47.47224061212462,-122.23374649720712,Washington,53.5,44.5,63.0,0.8384210524729436,1.4037487332222205,0.1613644397170437,53.66666666666666
NEG_KMN_WA_00122,0,46.33289356466268,-117.2676388523414,Washington,157.66666666666666,149.11111111111111,129.11111111111111,0.9321677815892584,0.9740231743063896,-0.0377219003618318,145.2962962962963
NEG_KMN_WA_00123,0,47.87208312133909,-122.26518800265973,Washington,106.4,92.93333333333334,101.36666666666666,0.8503934174177934,1.583527980183497,0.1638972132588535,100.23333333333332
NEG_KMN_WA_00124,0,48.92662873216919,-122.52391487054456,Washington,67.625,60.375,78.5,0.7363150656187208,2.247278223853506,0.3068068383683082,68.83333333333333
NEG_KMN_WA_00125,0,46.03792384555465,-118.97561461309137,Washington,115.28947368421052,105.23684210526316,110.02631578947368,0.7832886150873893,2.027833574790125,0.2220322057951126,110.1842105263158
NEG_KMN_WA_00126,0,45.83070302609273,-121.62773242689292,Washington,67.0,57.5,53.5,0.8591800355222146,0.9376138431866254,-0.0360360360327895,59.33333333333333
NEG_KMN_WA_00127,0,47.0561017385933,-117.981247161225,Washington,87.66666666666667,70.66666666666667,75.66666666666667,0.7953337103143353,1.121616902211397,0.037678237674996,78.0
NEG_KMN_WA_00128,0,46.67144397950956,-117.5719178868248,Washington,112.2,87.8,102.0,0.7673822806760555,2.3292784939281868,0.2206393649551869,100.66666666666669
NEG_KMN_WA_00129,0,48.05798907590371,-117.4094784047722,Washington,131.42857142857142,117.42857142857144,91.71428571428572,0.8641822910939824,0.8023436444262988,-0.1143863350860147,113.52380952380952
NEG_KMN_WA_00130,0,48.237252499588536,-119.05594855721586,Washington,101.22222222222224,77.44444444444444,95.77777777777776,0.7631353001617981,1.3530772815345644,0.1110189330956541,91.48148148148148
NEG_KMN_WA_00131,0,48.636142383249336,-117.60758309320356,Washington,86.25,80.0,67.25,0.9426822216491224,0.9084453780186756,-0.0726236138251363,77.83333333333333
NEG_KMN_WA_00132,0,48.598929128087605,-119.45563060105628,Washington,98.33333333333331,78.83333333333333,93.16666666666669,0.7026516880389567,2.0619506177591003,0.2556366379591697,90.11111111111111
NEG_KMN_WA_00133,0,48.00189824158544,-118.20101239238863,Washington,90.2,80.0,89.0,0.8084137929574373,1.4562242328982244,0.160300215985965,86.4
NEG_KMN_WA_00134,0,46.86730442289085,-123.13628838789845,Washington,66.81818181818181,52.54545454545455,96.63636363636364,0.6675250746418002,4.47566050723987,0.4731310694986001,72.00000000000001
NEG_KMN_WA_00135,0,48.16023642329642,-119.71369779488788,Washington,143.75,137.75,144.25,0.820921985670582,2.296137591592892,0.1987010084748733,141.91666666666666
NEG_KMN_WA_00136,0,46.86166666469093,-122.79361226136513,Washington,153.6,140.2,123.0,0.7962857141568421,2.3108942159239083,0.1362446266101721,138.93333333333334
NEG_KMN_WA_00137,0,47.61924614955214,-119.71310411251228,Washington,118.66666666666669,113.66666666666669,118.33333333333331,0.9402736067638668,1.283531343286319,0.1067741762806589,116.88888888888889
NEG_KMN_WA_00138,0,48.76651352082613,-118.10949128392366,Washington,127.14285714285714,121.42857142857144,110.0,0.919189934629886,0.9515005987046872,-0.0312936704155032,119.52380952380952
NEG_KMN_WA_00139,0,47.91987080274804,-120.23616497289156,Washington,82.17647058823529,71.76470588235294,90.3529411764706,0.8243806192849743,2.109635437626752,0.2661891193907621,81.4313725490196
NEG_KMN_WA_00140,0,47.22484797021447,-122.72407128527028,Washington,69.25,46.25,65.25,0.6363102013490414,1.9957528171255736,0.261788586012235,60.25
NEG_KMN_WA_00141,0,46.413044169895805,-119.13593524816928,Washington,114.25,109.25,100.25,0.9656722886892788,1.1080242346335014,0.0288277374669746,107.91666666666669
NEG_KMN_WA_00142,0,47.62425562028533,-120.1698269940582,Washington,113.75,105.125,121.0,0.703784882288768,3.4153195039386453,0.3512026748300351,113.29166666666666
NEG_KMN_WA_00143,0,46.51063456977732,-120.32222559055964,Washington,93.875,73.875,88.75,0.7014939065903567,1.6404322806928633,0.1824118238041844,85.5
NEG_KMN_WA_00144,0,46.950561395106114,-120.4686227278105,Washington,,,,,,,
NEG_KMN_WA_00145,0,48.94597536822168,-117.34770807410791,Washington,32.0,29.0,79.0,0.9062499997167968,2.7241379300951247,0.462962962920096,46.66666666666666
NEG_KMN_WA_00146,0,47.2900392119593,-117.2846891955761,Washington,121.83333333333331,116.83333333333331,115.0,0.9266419510894792,1.2411912249840893,0.0731330498754236,117.88888888888889
NEG_KMN_WA_00147,0,47.94702860454803,-122.71792040677737,Washington,117.0,100.71428571428572,94.28571428571428,0.8153521578681965,1.0564382173743363,0.0167749731589014,104.0
NEG_KMN_WA_00148,0,47.8341182013824,-123.97350432791808,Washington,119.0,98.125,104.25,0.7823414417814816,1.8323824259628008,0.1630622243608271,107.125
NEG_KMN_WA_00149,0,47.15129893674791,-123.84941677273775,Washington,124.66666666666669,97.66666666666669,94.33333333333331,0.7727404642581481,1.1630784881414329,0.0475088569346464,105.55555555555556
NEG_KMN_WA_00150,0,46.58363926250275,-117.201072463856,Washington,116.33333333333331,98.16666666666669,91.5,0.7524024992638325,2.220178583611691,0.2127503637739215,102.0
NEG_KMN_WA_00151,0,47.642573945509625,-122.55171973729564,Washington,162.77777777777777,148.0,138.0,0.8652668870718994,1.066997305023728,0.0086948208292625,149.5925925925926
NEG_KMN_WA_00152,0,48.38822351779951,-122.22565424296111,Washington,81.78571428571429,69.78571428571429,98.92857142857144,0.7599906396952123,2.620994911111592,0.3141119662637758,83.5
NEG_KMN_WA_00153,0,47.46064726778664,-120.13948317549796,Washington,107.0,94.2,106.8,0.75068495564869,2.566375772720176,0.2676014216980285,102.66666666666669
NEG_KMN_WA_00154,0,47.36963289325013,-120.53266591581098,Washington,53.0,43.0,52.0,0.8113207545639017,1.2093023253001622,0.0947368420952908,49.333333333333336
NEG_KMN_WA_00155,0,48.2109571518244,-124.19815891873009,Washington,81.5,53.333333333333336,77.5,0.6248202147283494,1.727231071610315,0.2303417898748415,70.77777777777779
NEG_KMN_WA_00156,0,46.96599592605161,-120.5219498053466,Washington,97.5,90.0,98.5,0.8399746149067957,1.352302435796765,0.1378013329386644,95.33333333333331
NEG_KMN_WA_00157,0,47.77676927743093,-120.46913304920496,Washington,122.33333333333331,118.66666666666669,108.66666666666669,1.0011947429533403,1.1324733400092006,0.0387831635026641,116.55555555555556
NEG_KMN_WA_00158,0,48.6710679881924,-117.47434747311472,Washington,141.25,124.75,130.25,0.853622939475523,1.295012144475021,0.0959996082577002,132.08333333333334
NEG_KMN_WA_00159,0,48.54754109346066,-118.2407360170613,Washington,77.25,54.75,72.25,0.6835420323341997,2.2049531624072096,0.2540280080709643,68.08333333333333
NEG_KMN_WA_00160,0,46.159127604961725,-122.8353793310921,Washington,43.0,44.0,67.0,1.023255813715522,1.5227272723811984,0.2072072071885399,51.333333333333336
NEG_KMN_WA_00161,0,48.763654687323935,-119.7896050424601,Washington,73.0,58.25,44.25,0.7982299776842734,0.7654901269493444,-0.1333052564910222,58.49999999999999
NEG_KMN_WA_00162,0,46.24841667035357,-122.50278315407331,Washington,102.0,69.8,76.0,0.6374217145072035,1.482906529647031,0.1174660340356862,82.6
NEG_KMN_WA_00163,0,46.82769049273823,-120.81673523876162,Washington,122.5,97.5,64.25,0.7814791132515906,0.8829434707707375,-0.1008486058293925,94.75
NEG_KMN_WA_00164,0,48.86676690248438,-117.70173804610306,Washington,183.7,181.0,160.2,0.9420170549940144,1.2109458444586807,-0.002887011764136,174.96666666666667
NEG_KMN_WA_00165,0,46.616150577546136,-119.47542186638124,Washington,90.13333333333334,77.86666666666666,87.4,0.8175689770122557,1.6848266785944708,0.1616687370191462,85.13333333333331
NEG_KMN_WA_00166,0,48.93498449727507,-121.95837589773134,Washington,92.73333333333332,82.1,102.0,0.8112293065314463,2.1465180422644097,0.2764061104729157,92.27777777777776
NEG_KMN_WA_00167,0,46.59229986935985,-118.50934447278011,Washington,141.8,142.2,119.8,1.031482928683023,0.9731615172158607,-0.0268810820270405,134.6
NEG_KMN_WA_00168,0,45.8996081755825,-120.49504546908491,Washington,122.11764705882354,106.76470588235294,103.29411764705884,0.8016538711968666,1.7307832092041164,0.1341739273415511,110.72549019607844
NEG_KMN_WA_00169,0,48.47299002174611,-118.08893446251795,Washington,102.14285714285714,78.71428571428571,91.85714285714286,0.758803168396385,1.3714426075997035,0.0829372794612016,90.90476190476193
NEG_KMN_WA_00170,0,48.855476451609086,-118.072968192659,Washington,45.0,33.0,47.0,0.7333333331703703,1.4242424238108355,0.174999999978125,41.66666666666666
NEG_KMN_WA_00171,0,48.07488317662125,-117.8270659771856,Washington,49.5,30.75,65.5,0.6103908666958933,2.714186044745201,0.3888649496565879,48.583333333333336
NEG_KMN_WA_00172,0,48.164432261255484,-118.29735970627644,Washington,106.2,89.6,77.2,0.8504881083760196,0.9157889575363102,-0.058418068046643,91.0
NEG_KMN_WA_00173,0,48.13184837314235,-117.05518314116694,Washington,91.33333333333331,78.33333333333333,118.33333333333331,0.7885497106540398,2.35039585172728,0.2860645481082162,96.0
NEG_KMN_WA_00174,0,48.69960413594666,-122.49049237334329,Washington,116.71428571428572,113.14285714285714,90.0,1.0483448866724372,0.9807225522284372,-0.0473120015498652,106.61904761904762
NEG_KMN_WA_00175,0,47.23922545516051,-122.50787004821558,Washington,102.25,91.75,102.125,0.808085193369984,2.1273479373605544,0.2486784605325574,98.70833333333331
NEG_KMN_WA_00176,0,47.89513430503845,-124.4903369736121,Washington,105.0,87.16666666666667,94.0,0.6983487230345063,2.933934676996357,0.3102046098680271,95.3888888888889
NEG_KMN_WA_00177,0,46.95971917948275,-123.66624451988524,Washington,104.71428571428572,91.28571428571428,83.71428571428571,0.8674944141104585,0.9396370781672394,-0.0385157345991418,93.23809523809524
NEG_KMN_WA_00178,0,46.060246561028364,-119.26658040766988,Washington,55.25,35.5,48.75,0.6402903467821787,1.4433140928511723,0.1716575922336522,46.5
NEG_KMN_WA_00179,0,46.73094378790556,-123.40050151466517,Washington,86.5,74.5,96.33333333333331,0.7265738908615202,2.057716608319136,0.2747568970774781,85.77777777777779
NEG_KMN_WA_00180,0,46.94365384509933,-119.9204833396122,Washington,123.6,117.8,142.2,0.8424822693302405,2.1787545777189607,0.2770218311817174,127.86666666666667
NEG_KMN_WA_00181,0,46.80470197019275,-120.74972375855737,Washington,78.77777777777777,68.44444444444444,61.44444444444444,0.8777552969242548,0.9938023335730208,-0.0280640673115392,69.55555555555556
NEG_KMN_WA_00182,0,48.43998594530596,-120.25929397171194,Washington,71.16666666666667,44.16666666666666,73.0,0.6069522412182877,1.7457725270725106,0.2476235362430441,62.77777777777777
NEG_KMN_WA_00183,0,47.50353633750165,-117.37110219838894,Washington,71.0,65.0,54.5,0.9152777776488704,0.8394930110053682,-0.0876173133418962,63.5
NEG_KMN_WA_00184,0,48.03741250216728,-120.3785552643177,Washington,46.0,44.0,63.0,0.9565217389224951,1.4318181814927686,0.1775700934413486,51.0
NEG_KMN_WA_00185,0,46.9745632266186,-122.3061655861792,Washington,78.33333333333333,66.38888888888889,87.83333333333333,0.816859990137083,1.94528035857992,0.2562265758366087,77.51851851851852
NEG_KMN_WA_00186,0,48.062110906512274,-117.53982294806563,Washington,120.0,104.5,70.25,0.8793223782532577,0.6865371508609266,-0.1868769585356314,98.25
NEG_KMN_WA_00187,0,47.2715698706992,-124.08353800533024,Washington,95.0,82.25,86.75,0.6946369178432462,1.5753431366924593,0.1941216978130205,88.0
NEG_KMN_WA_00188,0,48.53720418288367,-121.9729098322461,Washington,109.1875,100.375,111.6875,0.8582868243846068,1.839106497506719,0.2168307619788511,107.08333333333331
NEG_KMN_WA_00189,0,48.09229259924148,-117.97085687932042,Washington,138.71428571428572,121.57142857142856,108.28571428571428,0.7500314170959861,1.5113570780247148,0.1140979185360566,122.85714285714285
NEG_KMN_WA_00190,0,48.56777199202328,-121.95729564157216,Washington,110.625,89.5,83.375,0.7332253117278593,1.2744854637773155,0.0676029558993602,94.5
NEG_KMN_WA_00191,0,46.33022854009689,-117.34477067094969,Washington,93.0,79.16,87.32,0.7540955022150528,2.204440052860216,0.2490287043832366,86.49333333333334
NEG_KMN_WA_00192,0,47.50679394783001,-120.03092683406078,Washington,133.66666666666666,116.0,93.33333333333331,0.8883726690781165,0.8093946977287843,-0.1053926746575461,114.33333333333331
NEG_KMN_WA_00193,0,48.14092361129913,-119.73612978229905,Washington,133.33333333333334,110.33333333333331,118.0,0.8127756716788795,1.121702070410158,0.0493210493174881,120.55555555555556
NEG_KMN_WA_00194,0,48.69681017977229,-119.90705293163067,Washington,121.0,93.2,99.2,0.7032563520826327,1.4703001030814618,0.1251136186943282,104.46666666666664
NEG_KMN_WA_00195,0,48.41431782149862,-118.03389477539385,Washington,129.25,115.5,127.125,0.8716974265874113,1.2219130325103738,0.0543004043847582,123.95833333333331
NEG_KMN_WA_00196,0,47.09669050420584,-122.6734291047502,Washington,105.4,90.0,81.8,0.8485723347862713,0.9277631894861006,-0.0553921620337471,92.4
NEG_KMN_WA_00197,0,48.383612216079904,-122.01196973183228,Washington,105.8,84.8,95.0,0.7641882697327487,1.819842957897685,0.2036684303042011,95.2
NEG_KMN_WA_00198,0,48.150604984136415,-119.42126641087263,Washington,88.6,59.2,85.0,0.6494529165434841,1.6522339309509626,0.2032279344019182,77.6
NEG_KMN_WA_00199,0,45.81642479864573,-121.7562376963051,Washington,88.8,80.2,106.2,0.8159322438655575,2.076371603191651,0.2540348958218256,91.73333333333332
NEG_KMN_WA_00200,0,47.94127338840344,-121.90077360474017,Washington,114.8,99.2,122.8,0.7784007308617669,3.055004130417972,0.2379925950224552,112.26666666666664
NEG_KMN_WA_00201,0,48.06999457151288,-124.27274546094782,Washington,21.0,17.0,46.0,0.809523809138322,2.705882351349481,0.460317460244394,28.0
NEG_KMN_WA_00202,0,48.8543509789882,-122.60759313896904,Washington,88.76923076923077,77.61538461538461,99.0,0.7618883517747232,2.325443117289152,0.2866742644917241,88.46153846153847
NEG_KMN_WA_00203,0,48.615855642962586,-121.72742895506497,Washington,90.4,58.6,78.4,0.6156854983290587,1.650191410781335,0.1871929172966288,75.79999999999998
NEG_KMN_WA_00204,0,47.20262209949025,-121.83090573138122,Washington,147.5,131.0,113.5,0.7772058822565924,1.605991560662836,0.1248866469965513,130.66666666666666
NEG_KMN_WA_00205,0,46.920483957454856,-118.80433302903032,Washington,82.25,73.75,59.25,0.8965551623008213,0.8115876896823535,-0.1059229726833503,71.75
NEG_KMN_WA_00206,0,45.945786952075736,-120.4453387261484,Washington,42.0,39.0,57.0,0.92857142835034,1.461538461163708,0.1874999999804687,46.0
NEG_KMN_WA_00207,0,48.110228531656496,-118.75230162548696,Washington,152.5,147.0,144.5,0.8899999999023922,1.001055806787521,0.0003767329709866,148.0
NEG_KMN_WA_00208,0,48.21686206409242,-117.70882476785675,Washington,81.0,52.16666666666666,70.5,0.6249926609630112,1.4889664718864404,0.1644967428174296,67.8888888888889
NEG_KMN_WA_00209,0,46.73529323379942,-117.4332413852474,Washington,104.66666666666669,85.66666666666667,106.33333333333331,0.8034954945062296,1.2656007869758277,0.1146077912940918,98.8888888888889
NEG_KMN_WA_00210,0,48.71850300833774,-117.7767516813836,Washington,79.27777777777777,70.80555555555556,82.63888888888889,0.7971871757545317,1.9858025374765456,0.2436594996576942,77.57407407407408
NEG_KMN_WA_00211,0,47.84318796354829,-122.25605085929686,Washington,141.0,122.33333333333331,118.66666666666669,0.7517106548629898,1.604783124896813,0.1203734843538988,127.33333333333331
NEG_KMN_WA_00212,0,46.32477845677485,-123.49441302693144,Washington,141.25,126.5,145.25,0.8321512833961295,1.4594557578403196,0.1382772696872677,137.66666666666669
NEG_KMN_WA_00213,0,47.627419439560725,-123.12347701731142,Washington,131.0,110.2,93.0,0.8372068153762863,0.9476060025311795,-0.0529124870770063,111.4
NEG_KMN_WA_00214,0,48.15015007710675,-121.91553579863228,Washington,122.0,105.25,134.0,0.7528901773009704,3.349805776302367,0.307875209266837,120.41666666666666
NEG_KMN_WA_00215,0,48.34134722996568,-121.89525855231614,Washington,70.21052631578948,58.0,79.3157894736842,0.7400688049522245,2.959574796578528,0.3506297658598315,69.17543859649122
NEG_KMN_WA_00216,0,48.584792393194505,-122.32233032276122,Washington,52.0,43.0,45.333333333333336,0.854324866704938,1.1229809888452966,0.0307518129163525,46.77777777777778
NEG_KMN_WA_00217,0,47.35383686922064,-123.242121940833,Washington,107.8,94.2,118.6,0.8173819071423631,2.043999999182828,0.2507486209343086,106.86666666666665
NEG_KMN_WA_00218,0,48.76919919200998,-122.62148820853496,Washington,119.0,97.5,107.0,0.8240579151724905,1.1369392354243066,0.0556339254582673,107.83333333333331
NEG_KMN_WA_00219,0,48.85052822258316,-117.07663322787272,Washington,107.33333333333331,75.33333333333333,85.33333333333333,0.6332104912380115,1.606331171744655,0.1689205077897232,89.33333333333333
NEG_KMN_WA_00220,0,47.805394620007775,-122.60776951066282,Washington,73.0,52.6,73.6,0.6910250680246645,2.632056020534008,0.3325574857505485,66.4
NEG_KMN_WA_00221,0,47.53201849737896,-117.3554241717348,Washington,119.83333333333331,95.33333333333331,105.66666666666669,0.7802639798079852,1.3338390315162572,0.0788910314463432,106.94444444444444
NEG_KMN_WA_00222,0,47.40043092146865,-122.63735070464531,Washington,105.5,92.0,96.75,0.7842995167598511,1.68946463890074,0.1967372508033277,98.08333333333331
NEG_KMN_WA_00223,0,48.55382840265171,-119.39759713582656,Washington,120.0,110.0,85.66666666666667,0.9272359409822613,0.7747927030765803,-0.1270063788684445,105.2222222222222
NEG_KMN_WA_00224,0,45.83352893541716,-121.89638786569536,Washington,115.0,102.6,86.8,0.8873551063375121,0.869509760940605,-0.0781590807286208,101.46666666666668
NEG_KMN_WA_00225,0,46.77406678830364,-122.62821702069664,Washington,77.75,69.25,54.5,0.8923455745830553,0.7870775057108956,-0.1194581646787674,67.16666666666667
NEG_KMN_WA_00226,0,47.40778050256845,-124.20787440501192,Washington,119.71428571428572,111.42857142857144,108.85714285714286,0.8987251546646869,1.1442431205270365,0.047144039474209,113.33333333333334
NEG_KMN_WA_00227,0,47.10037475323989,-118.32081225452008,Washington,235.0,182.0,136.0,0.7744680850734269,0.7472527472116893,-0.1446540880457656,184.3333333333333
NEG_KMN_WA_00228,0,48.39127452095768,-117.79473998346016,Washington,105.8181818181818,92.95454545454544,97.86363636363636,0.7802238442475237,2.044524730282788,0.2246201428921744,98.87878787878788
NEG_KMN_WA_00229,0,46.207054601144655,-118.36210810510948,Washington,148.625,137.25,106.0,0.927911380348531,0.7996387732166983,-0.1152013398994002,130.625
NEG_KMN_WA_00230,0,45.71746647730417,-120.51820578432898,Washington,80.0909090909091,63.27272727272727,90.63636363636364,0.7007988904562938,3.555653683811897,0.372619322705157,78.0
NEG_KMN_WA_00231,0,46.99905934537457,-122.38706978748525,Washington,74.52941176470588,61.8235294117647,88.0,0.7374821985034639,2.7989132375095043,0.346987596688156,74.78431372549021
NEG_KMN_WA_00232,0,48.67328770871272,-122.958959920462,Washington,70.0,59.0,56.75,0.8435480883746987,0.9804153790290846,-0.0209553117606221,61.91666666666666
NEG_KMN_WA_00233,0,47.01439156404561,-122.93818545397386,Washington,158.125,145.25,147.5,0.790111190974151,1.7544996468513516,0.1648909259516067,150.29166666666669
NEG_KMN_WA_00234,0,46.080029874893306,-120.73102415811786,Washington,72.0,64.5,68.5,0.8971042469793764,1.056277056114094,0.0131578947371306,68.33333333333333
NEG_KMN_WA_00235,0,48.00934879297989,-117.68789848981676,Washington,127.0,110.33333333333331,94.33333333333331,0.7517490645002766,1.1628390362566268,0.041440168907968,110.55555555555556
NEG_KMN_WA_00236,0,48.32884963501271,-122.6184338879857,Washington,135.75,100.5,89.0,0.7260160818364659,1.010969042646165,-0.0215688038278402,108.41666666666666
NEG_KMN_WA_00237,0,47.58696468989247,-122.31345402072736,Washington,95.66666666666669,65.66666666666667,82.0,0.6364177488341225,1.6262650757388757,0.1829637753358955,81.11111111111111
NEG_KMN_WA_00238,0,47.15990543942009,-123.8734257043934,Washington,135.33333333333334,124.66666666666669,104.66666666666669,0.8599059376003687,1.013448072919594,-0.0096682008150401,121.55555555555554
NEG_KMN_WA_00239,0,48.35176251765012,-119.84759514952134,Washington,115.66666666666669,108.33333333333331,93.33333333333331,0.9020876762063036,1.2457457454562677,0.0736185799880036,105.77777777777776
NEG_KMN_WA_00240,0,48.041264495125695,-118.24799302597556,Washington,109.93333333333334,96.86666666666666,100.86666666666666,0.8653926758977666,1.3548295005855946,0.1096448934257825,102.55555555555556
NEG_KMN_WA_00241,0,48.90121455694472,-121.78783602978854,Washington,100.0,94.0,105.0,0.8294534245973655,2.243530258739986,0.2755889910379387,99.66666666666666
NEG_KMN_WA_00242,0,46.29882318292311,-122.77546831986098,Washington,128.7058823529412,112.17647058823528,119.52941176470588,0.7792819839191256,1.841220527763169,0.1729557006184688,120.13725490196076
NEG_KMN_WA_00243,0,48.35311363191789,-119.52841614400609,Washington,78.4,70.4,86.4,0.772222218703761,1.829395842733564,0.2608345162942874,78.4
NEG_KMN_WA_00244,0,47.44327653730794,-118.22255168665264,Washington,110.5,104.25,96.75,1.0254175924957134,1.1211843018427214,0.013279318495101,103.83333333333331
NEG_KMN_WA_00245,0,46.55821146347736,-120.62245257857728,Washington,141.5,136.0,134.5,0.8062499998452359,2.438725488519437,0.2341649011526214,137.33333333333334
NEG_KMN_WA_00246,0,48.92561671656649,-117.81331364094422,Washington,124.0,117.42857142857144,126.28571428571428,0.7567072441209521,2.426426357942636,0.2022529326194198,122.57142857142858
NEG_KMN_WA_00247,0,46.34081390807816,-119.74008385400408,Washington,70.0,58.5,52.5,0.8363951825707383,0.9031030443408576,-0.0560428849850215,60.33333333333333
NEG_KMN_WA_00248,0,47.63991673743137,-119.42004917478,Washington,97.25,76.75,88.5,0.7009351230617036,1.6167220444934207,0.1552467256336129,87.5
NEG_KMN_WA_00249,0,47.13633495086466,-119.58525659702713,Washington,96.33333333333331,82.0,84.33333333333333,0.8254674144406531,1.238047137831761,0.0420692431518719,87.55555555555556
NEG_KMN_WA_00250,0,47.62324004540056,-123.1120093958932,Washington,107.85714285714286,84.57142857142857,86.42857142857143,0.7812292192962341,1.097023184640501,0.0368568240318585,92.95238095238096
NEG_KMN_WA_00251,0,48.48677773820128,-122.30814953200912,Washington,176.125,164.75,164.0,0.8906801873986689,1.3481003233427893,0.0459390088331091,168.29166666666666
NEG_KMN_WA_00252,0,47.73263082787418,-117.66137812204612,Washington,100.0,77.8,92.8,0.7289142406148048,2.383467021838135,0.2248652427909849,90.2
NEG_KMN_WA_00253,0,46.088183035284096,-119.70634636794624,Washington,126.75,98.5,86.0,0.7760207258945067,0.8864989352767115,-0.0693917197542226,103.75
NEG_KMN_WA_00254,0,48.54414923736744,-122.12774346745276,Washington,115.85714285714286,107.14285714285714,106.71428571428572,0.7952227225999176,2.237354730943024,0.198036094214225,109.90476190476193
NEG_KMN_WA_00255,0,47.76044965915948,-117.72036684705348,Washington,128.5,96.0,85.0,0.7300645731140805,1.0610856149016668,-0.0070824455616552,103.16666666666666
NEG_KMN_WA_00256,0,47.84775405279245,-117.71014980947363,Washington,132.0,109.75,92.0,0.8108033255976648,0.9012093614614948,-0.0571008428236933,111.25
NEG_KMN_WA_00257,0,47.46617225453903,-123.41609084785556,Washington,97.5,84.25,102.0,0.7312499998373836,2.2441584957173024,0.2975779820794035,94.58333333333331
NEG_KMN_WA_00258,0,46.48208657935676,-118.83795347223815,Washington,129.0,103.66666666666669,108.66666666666669,0.7123093681170706,1.6224975208925212,0.1689207217240516,113.77777777777776
NEG_KMN_WA_00259,0,46.19892252971725,-123.18009055965956,Washington,102.0,69.83333333333333,72.5,0.6241076818216148,1.36821855139183,0.1110510083795767,81.44444444444444
NEG_KMN_WA_00260,0,47.25835145865125,-117.25745155789508,Washington,131.33333333333334,110.5,91.83333333333331,0.8044553116312302,0.9508883600255964,-0.049498270572245,111.22222222222224
NEG_KMN_WA_00261,0,48.90039370227444,-122.29280896223298,Washington,170.5,142.5,122.5,0.8169858640510296,1.032315486668691,-0.010072138290231,145.16666666666666
NEG_KMN_WA_00262,0,48.74588435829872,-117.4426825726092,Washington,186.2,181.0,159.4,0.9381347300388446,0.8779831932067538,-0.0665826202537347,175.53333333333336
NEG_KMN_WA_00263,0,48.00148055615859,-122.79319894655606,Washington,113.6,94.0,78.2,0.7842445157540553,0.8831747908626919,-0.0812068189251653,95.26666666666668
NEG_KMN_WA_00264,0,46.84035950506456,-123.14029937513236,Washington,76.38888888888889,65.61111111111111,92.16666666666669,0.7362894085773414,3.04946548190843,0.3757044156773855,78.05555555555556
NEG_KMN_WA_00265,0,47.88818830995285,-122.32118060875791,Washington,113.625,89.375,85.125,0.7864693360839625,1.00998738476935,-0.0072112573953943,96.04166666666669
NEG_KMN_WA_00266,0,47.26124149812755,-122.14985609256632,Washington,158.66666666666666,117.66666666666669,113.0,0.7124116158186107,1.4249436053175604,0.0827659198707895,129.7777777777778
NEG_KMN_WA_00267,0,47.64503144805552,-117.13362076619752,Washington,111.55555555555556,99.37037037037037,103.85185185185183,0.7981573742941506,1.933053477540966,0.1942808806008812,104.92592592592592
NEG_KMN_WA_00268,0,48.23701456900165,-119.2878489379599,Washington,53.833333333333336,41.333333333333336,76.41666666666667,0.6917014838585153,2.8099821795940603,0.402041606831111,57.19444444444445
NEG_KMN_WA_00269,0,47.9332736709489,-122.92169009406928,Washington,145.4,132.2,150.6,0.813879142184448,1.989078248415028,0.1846200034544279,142.73333333333335
NEG_KMN_WA_00270,0,47.045911701576,-119.91630316215964,Washington,30.0,35.0,55.0,1.1666666662777778,1.571428570979592,0.2222222221975308,40.0
NEG_KMN_WA_00271,0,46.432628440111614,-117.0858599317171,Washington,92.25,82.25,96.5,0.8260392927099225,1.8819117615189,0.2260254329171574,90.33333333333334
NEG_KMN_WA_00272,0,48.3795382909596,-119.64957703238792,Washington,77.33333333333333,50.333333333333336,77.33333333333333,0.6257892746890146,1.717261267568958,0.237153718077045,68.33333333333333
NEG_KMN_WA_00273,0,46.41747849178224,-123.27571246971524,Washington,56.0,31.0,121.5,0.5551282050282873,3.9020833320788624,0.5870843203963496,69.5
NEG_KMN_WA_00274,0,48.85859998510484,-117.96426354060588,Washington,70.48148148148148,60.55555555555556,87.92592592592592,0.7407414787700133,3.0080612668012643,0.3613901736461024,72.98765432098766
NEG_KMN_WA_00275,0,46.46881414540156,-118.9990940251339,Washington,19.0,17.0,33.0,0.894736841634349,1.941176469446367,0.319999999936,23.0
NEG_KMN_WA_00276,0,48.60271882605674,-119.39273220936992,Washington,144.7,134.9,125.0,0.9209306076818778,1.052719539906096,0.0084204248764087,134.86666666666667
NEG_KMN_WA_00277,0,48.47645186817994,-117.25738711594153,Washington,101.0,75.71428571428571,82.14285714285714,0.746450317218576,1.107960634608412,0.0449029060013439,86.28571428571429
NEG_KMN_WA_00278,0,48.401723653124776,-119.91183491220738,Washington,132.0,116.0,110.2,0.7988942944572162,1.578876385530975,0.1311110640503761,119.4
NEG_KMN_WA_00279,0,48.59822002078919,-121.78245496950224,Washington,112.8,79.8,90.8,0.6497953422944249,1.750769656053477,0.1806892069585829,94.46666666666668
NEG_KMN_WA_00280,0,45.76444489018608,-122.47160602311362,Washington,94.0,66.83333333333333,86.83333333333333,0.6672850147664208,1.8842584703340488,0.1980324631699503,82.55555555555556
NEG_KMN_WA_00281,0,48.41695571944479,-117.29173411524609,Washington,100.66666666666669,100.0,86.33333333333333,0.956035884396672,0.9045493633580004,-0.0616174323575035,95.66666666666669
NEG_KMN_WA_00282,0,47.23291759608319,-122.93060910384747,Washington,80.0,55.333333333333336,103.0,0.6693036986180854,2.144683152421278,0.2797612879809078,79.44444444444444
NEG_KMN_WA_00283,0,48.15432463462619,-123.76687705303964,Washington,94.125,68.0,89.75,0.7160243075377183,1.4316151889351658,0.1499844620531709,83.95833333333334
NEG_KMN_WA_00284,0,48.94265801679496,-117.60127144023772,Washington,42.0,39.0,57.0,0.92857142835034,1.461538461163708,0.1874999999804687,46.0
NEG_KMN_WA_00285,0,45.63514898256159,-122.50509709842578,Washington,105.0625,94.6875,94.25,0.8040699841918101,1.720466039141141,0.1599635366075016,98.0
NEG_KMN_WA_00286,0,47.88971343895206,-122.27117725928474,Washington,90.375,75.75,88.375,0.7961143405886516,1.7649930442863455,0.1851308035829689,84.83333333333333
NEG_KMN_WA_00287,0,46.77938433964633,-119.749693293416,Washington,109.0,91.8,76.2,0.8442263630663026,0.8706177660808608,-0.0800836785053411,92.33333333333334
NEG_KMN_WA_00288,0,48.52145743160465,-119.36885497624394,Washington,133.0,130.71428571428572,128.42857142857142,0.9617882506975024,1.6963124957845186,0.1403991047153331,130.7142857142857
NEG_KMN_WA_00289,0,48.06716458562976,-118.42429087779078,Washington,71.33333333333333,44.833333333333336,67.66666666666667,0.6084481030492097,1.6956734768455288,0.227339093082533,61.27777777777777
NEG_KMN_WA_00290,0,48.212542670852585,-119.73517032918836,Washington,89.0,69.0,70.5,0.7975528363835311,1.047619047455751,0.0199430199408757,76.16666666666667
NEG_KMN_WA_00291,0,47.66176639644649,-122.2392785625296,Washington,75.9,66.0,70.1,0.8180766277905684,1.6244253266610904,0.1741786279666412,70.66666666666666
NEG_KMN_WA_00292,0,46.40890738050594,-122.3423854083839,Washington,134.6,127.4,121.6,0.8508487652944436,1.961604349334986,0.167456793593817,127.8666666666667
NEG_KMN_WA_00293,0,47.91364627763164,-124.588885528535,Washington,97.44444444444444,84.88888888888889,96.94444444444444,0.7809298648905814,2.049560837023246,0.2254809212991869,93.09259259259258
NEG_KMN_WA_00294,0,48.56797554730984,-117.9198721356356,Washington,77.375,66.3125,75.0625,0.8037258562641199,1.479237365317858,0.1573532897851261,72.91666666666667
NEG_KMN_WA_00295,0,48.430449212252505,-118.42859323236952,Washington,80.16666666666667,57.833333333333336,84.83333333333333,0.7053194235776732,1.6582966394866363,0.2068348638348086,74.27777777777779
NEG_KMN_WA_00296,0,47.8790616888264,-118.82848652991788,Washington,99.625,73.375,80.25,0.7328713081830476,1.1284471416727566,0.0488100221166368,84.41666666666666
NEG_KMN_WA_00297,0,46.873516259072815,-124.11047469437688,Washington,131.33333333333334,96.0,91.83333333333331,0.6965868705771832,1.2070649264881443,0.0493020210681305,106.3888888888889
NEG_KMN_WA_00298,0,47.21221868255567,-120.17032591567477,Washington,88.5,81.0,65.5,0.9157941776288362,0.8122979835830503,-0.1040318799742234,78.33333333333334
NEG_KMN_WA_00299,0,48.7778870298382,-119.18825375349502,Washington,72.0,49.0,121.5,0.6664044058871711,2.8873015865693623,0.4053763440632211,80.83333333333334
NEG_KMN_WA_00300,0,47.91378847076788,-117.96770068114392,Washington,106.4,86.4,98.6,0.7242539176414601,2.2537714468709003,0.2336487231878181,97.13333333333335
NEG_KMN_WA_00301,0,46.85374235557437,-118.82070264791888,Washington,90.66666666666669,73.33333333333333,96.5,0.7688103815453139,2.5469093594056225,0.1956636688918102,86.83333333333333
NEG_KMN_WA_00302,0,48.32671630967638,-122.06224109738866,Washington,190.3333333333333,152.0,124.66666666666669,0.7540555019267451,1.1204332945839146,-0.0033752415432529,155.66666666666666
NEG_KMN_WA_00303,0,47.96957401553831,-118.16224976269882,Washington,108.16666666666669,85.5,65.5,0.789028275494659,0.7731319108562253,-0.1332725995029439,86.3888888888889
NEG_KMN_WA_00304,0,48.67484431090969,-118.19630225963664,Washington,84.85714285714286,53.71428571428572,103.14285714285714,0.6222170250880191,2.189718927188035,0.3165111181264406,80.57142857142857
NEG_KMN_WA_00305,0,45.852899985142265,-121.68841208002982,Washington,110.4,90.8,97.4,0.7292719987662167,1.8428025559861976,0.1636298072733562,99.53333333333332
NEG_KMN_WA_00306,0,46.9127130524424,-123.02044776246828,Washington,75.9090909090909,64.72727272727273,84.45454545454545,0.75843816466949,2.576403291775138,0.3023908209011367,75.03030303030305
NEG_KMN_WA_00307,0,46.047201656767854,-118.94700461552073,Washington,125.16666666666669,104.66666666666669,102.16666666666669,0.7696947296048382,2.110795172636837,0.1486769251739296,110.66666666666669
NEG_KMN_WA_00308,0,47.30678885669778,-123.30246258986028,Washington,160.25,147.0,153.875,0.8640186556760723,1.460554290916063,0.0926665300476802,153.70833333333334
NEG_KMN_WA_00309,0,48.0384135395241,-117.85117664781036,Washington,130.5,97.5,91.5,0.7366469982695317,1.1233833082297722,0.0105479517504643,106.5
NEG_KMN_WA_00310,0,48.88899086114076,-117.8027527537518,Washington,126.4,103.2,108.2,0.7124578198726168,1.5897886876705056,0.1569533015564475,112.6
NEG_KMN_WA_00311,0,47.53696929531467,-122.09676913388353,Washington,76.0625,62.75,57.4375,0.7083334870448552,1.1047951353100651,0.018311770327663,65.41666666666666
NEG_KMN_WA_00312,0,48.5327773495934,-118.25523142884948,Washington,91.57142857142856,81.42857142857143,102.35714285714286,0.8008642909738032,2.4348733632882698,0.2747399419239608,91.78571428571426
NEG_KMN_WA_00313,0,47.03492827065209,-119.87193460537624,Washington,255.0,255.0,174.0,0.9999999999607844,0.6823529411497117,-0.1888111888067876,228.0
NEG_KMN_WA_00314,0,48.35607092096737,-119.29418264240076,Washington,86.64285714285714,71.5,86.5,0.7618341142152035,2.3015433527902727,0.2487880420527822,81.54761904761905
NEG_KMN_WA_00315,0,45.92883428559863,-121.440299697956,Washington,96.0,79.5,63.25,0.7097539488731018,1.0923382169649791,0.0234581432640851,79.58333333333333
NEG_KMN_WA_00316,0,48.28473705887452,-119.44186921277378,Washington,133.66666666666666,122.66666666666669,112.55555555555556,0.8901207379707851,0.9554162592842644,-0.0302954763299758,122.96296296296298
NEG_KMN_WA_00317,0,47.60264109348235,-122.610841165762,Washington,114.33333333333331,88.44444444444444,87.22222222222223,0.7657888984571706,1.1141728316834387,0.0286962683074316,96.66666666666666
NEG_KMN_WA_00318,0,47.03228206783659,-123.96506889397438,Washington,108.83333333333331,89.66666666666667,100.16666666666669,0.7376243492047238,3.4496566883309345,0.2779023851722877,99.55555555555556
NEG_KMN_WA_00319,0,46.195432092073744,-117.1113898202628,Washington,66.75,45.5,82.25,0.6900686811606044,2.3372294362348764,0.3214143591585375,64.83333333333333
NEG_KMN_WA_00320,0,47.65000290366772,-117.20925314190742,Washington,141.0,128.5,118.0,0.7532926985155546,2.5424347302437,0.2134707484028885,129.16666666666666
NEG_KMN_WA_00321,0,46.17984881736162,-118.71025381295988,Washington,93.21052631578948,84.89473684210526,102.42105263157896,0.8461096819042124,1.772586393312294,0.2339122279280039,93.50877192982458
NEG_KMN_WA_00322,0,47.71065348256523,-122.27203526692426,Washington,115.0,95.0,89.5,0.959512780707346,1.2880718005110332,0.0763207105993212,99.83333333333331
NEG_KMN_WA_00323,0,48.62825137677615,-121.68154508836494,Washington,104.0,85.5,88.0,0.8994565215090875,1.8188775503882424,0.1636531830568129,92.5
NEG_KMN_WA_00324,0,47.99103800078423,-118.21650548167976,Washington,63.44444444444444,48.77777777777778,43.66666666666666,0.6753088069075727,1.2283830643710958,0.0598962186053955,51.96296296296296
NEG_KMN_WA_00325,0,47.48594651807617,-120.5811856271797,Washington,92.0,61.66666666666666,69.5,0.6342964045611058,1.363939876283118,0.1202409543652349,74.3888888888889
NEG_KMN_WA_00326,0,47.10402515808341,-122.58622157228427,Washington,110.6,92.2,99.6,0.7628881548652815,1.8218316880229035,0.1983410432746647,100.8
NEG_KMN_WA_00327,0,48.71224605928551,-122.3599123456139,Washington,95.0,66.0,70.875,0.6801907509424034,1.1579685577890189,0.0595948458279345,77.29166666666667
NEG_KMN_WA_00328,0,48.73229528966663,-119.1264742023867,Washington,129.16666666666666,112.33333333333331,81.5,0.9326509881821688,0.8549965003418003,-0.1053486756138364,107.66666666666669
NEG_KMN_WA_00329,0,47.03778208124811,-120.30427513572543,Washington,127.94444444444444,116.27777777777776,127.66666666666669,0.8862781092532502,1.5784636225056488,0.165993658878752,123.96296296296296
NEG_KMN_WA_00330,0,48.316578875106046,-121.8964043740392,Washington,82.33333333333333,67.33333333333333,86.0,0.7512214818338148,1.367931809494367,0.1462431904475621,78.55555555555556
NEG_KMN_WA_00331,0,47.423410740531054,-123.77853772000776,Washington,73.28571428571429,62.71428571428572,71.33333333333333,0.7147354348421938,2.492689399856124,0.3216734461470232,69.11111111111111
NEG_KMN_WA_00332,0,48.87520865279114,-117.19428857180752,Washington,136.4,131.4,131.4,0.8460060548297623,2.0424171112099128,0.1777102585875004,133.06666666666666
NEG_KMN_WA_00333,0,47.72601431939743,-117.86298550416824,Washington,82.73684210526316,72.78947368421052,95.47368421052632,0.7410267678589894,2.949631534139768,0.3683492843561902,83.66666666666667
NEG_KMN_WA_00334,0,46.9829778275858,-122.75595622494689,Washington,34.0,19.0,33.0,0.5588235292474049,1.7368421043490303,0.2692307691789941,28.666666666666668
NEG_KMN_WA_00335,0,47.11160057860964,-120.4868938152647,Washington,98.33333333333331,80.66666666666667,77.0,0.8200287984605494,0.9753664477006548,-0.0145239630341536,85.33333333333333
NEG_KMN_WA_00336,0,47.36173350022554,-117.35096544836956,Washington,101.0,71.71428571428571,87.14285714285714,0.6418732179536235,1.7449292807363723,0.1868824718618972,86.61904761904762
NEG_KMN_WA_00337,0,47.41873287488071,-120.53446398066956,Washington,80.16666666666667,56.0,58.66666666666666,0.6679477906347078,1.1090227263004084,0.0483766657727853,64.94444444444444
NEG_KMN_WA_00338,0,47.11206370701532,-122.41140725454096,Washington,95.0,85.83333333333333,108.5,0.786217680765941,2.460961752689998,0.2695131082612357,96.44444444444444
NEG_KMN_WA_00339,0,47.52135061941636,-117.62784401762138,Washington,255.0,202.0,150.0,0.7921568627140331,0.7425742573889814,-0.1477272727230759,202.3333333333333
NEG_KMN_WA_00340,0,47.01446267856717,-122.16067435642356,Washington,130.8,102.6,85.0,0.7262648397663284,1.1042579679306912,-0.0043328004178041,106.13333333333335
NEG_KMN_WA_00341,0,46.9770545376489,-117.86767456135676,Washington,78.0,62.25,63.5,0.8045749107158373,1.0568922881377685,0.0226293509087559,67.91666666666666
NEG_KMN_WA_00342,0,47.040117483297685,-120.77954756981802,Washington,113.0,95.5,78.83333333333333,0.8481290807972729,0.8454129021689424,-0.0884353488408217,95.7777777777778
NEG_KMN_WA_00343,0,47.75849344178449,-120.24159551559046,Washington,118.5,90.0,84.5,0.6926903068257235,1.2453162031238592,0.0616510019485027,97.66666666666666
NEG_KMN_WA_00344,0,48.00621114775662,-122.38557095527574,Washington,88.8,62.8,81.0,0.7082948927605459,1.366311378594128,0.1282833550534549,77.53333333333333
NEG_KMN_WA_00345,0,48.20098510755152,-117.82792349679858,Washington,142.66666666666666,125.33333333333331,126.77777777777776,0.8328190468039598,1.2278324590823038,0.0587651775361089,131.59259259259258
NEG_KMN_WA_00346,0,47.3199834475466,-120.43898052078764,Washington,94.66666666666669,75.66666666666667,100.33333333333331,0.7121170351228013,2.565896023434663,0.2967356416307837,90.22222222222224
NEG_KMN_WA_00347,0,47.809954732226856,-120.26892723563674,Washington,54.5,33.5,52.0,0.6107167003615006,1.454212453796408,0.1338073690944068,46.66666666666667
NEG_KMN_WA_00348,0,48.38136196741922,-122.41230949595116,Washington,109.27272727272728,86.9090909090909,106.8181818181818,0.6971341886728527,1.8009674488258207,0.218104264542213,101.0
NEG_KMN_WA_00349,0,48.73974888019588,-118.13889465330942,Washington,87.33333333333333,76.83333333333333,89.0,0.807248281368817,1.353314208479662,0.1294842465484768,84.3888888888889
NEG_KMN_WA_00350,0,46.99290397189182,-123.04116475222054,Washington,149.0,139.5,98.5,0.9800944137673392,0.7247424392911803,-0.1614726123135715,129.0
NEG_KMN_WA_00351,0,47.75097997007008,-123.50404445477346,Washington,114.0,97.5,101.16666666666669,0.8524585648631943,1.4438309440940762,0.1325884723865495,104.22222222222224
NEG_KMN_WA_00352,0,47.9378621500127,-124.29429045940714,Washington,88.0,77.8,69.2,0.7793639877793338,1.0958517001911148,0.0348108002260984,78.33333333333333
NEG_KMN_WA_00353,0,47.3636652200486,-122.2126564622776,Washington,107.16666666666669,85.16666666666667,100.33333333333331,0.8234687653835882,1.808972662602417,0.2141909260340613,97.55555555555556
NEG_KMN_WA_00354,0,48.2273909510045,-117.96836926156834,Washington,28.0,23.0,49.0,0.8214285711352041,2.1304347816824194,0.3611111110609568,33.333333333333336
NEG_KMN_WA_00355,0,48.42237917132169,-119.77048515264072,Washington,107.4,82.8,115.2,0.7593424213351518,1.567511005004643,0.1669263849273249,101.79999999999998
NEG_KMN_WA_00356,0,48.15371863795635,-119.1056359240061,Washington,205.3333333333333,202.5,179.33333333333334,0.9744744744191136,0.9138469290658064,-0.0524705783876292,195.7222222222222
NEG_KMN_WA_00357,0,46.56231673606243,-123.3729846466954,Washington,98.75,71.0,101.25,0.7123988639277409,1.5334235098999205,0.1738966950653571,90.33333333333331
NEG_KMN_WA_00358,0,46.96922446325014,-122.34117229838051,Washington,73.0,53.66666666666666,102.0,0.7213051993306451,2.2690157929088555,0.2790429272379914,76.22222222222223
NEG_KMN_WA_00359,0,48.4737796749716,-119.42977917144763,Washington,56.0,53.0,76.0,0.9464285712595664,1.4339622638803844,0.1782945736295895,61.66666666666666
NEG_KMN_WA_00360,0,47.71618671396728,-118.71332080511765,Washington,92.66666666666669,77.0,71.0,0.83054360716466,0.9374093658076637,-0.0339622966619486,80.22222222222223
NEG_KMN_WA_00361,0,48.88299574469095,-117.77842473915064,Washington,72.0,62.333333333333336,62.0,0.8626443000241616,1.0084279412175323,-0.0019950783223167,65.44444444444444
NEG_KMN_WA_00362,0,47.907976583013465,-124.43132869450513,Washington,133.0,100.5,102.0,0.749005832384189,1.139893616871018,0.0453251067824561,111.83333333333334
NEG_KMN_WA_00363,0,46.37302691041433,-123.31010133220776,Washington,124.33333333333331,118.0,137.33333333333334,0.9443368201893106,1.6860320468599974,0.2020447509248403,126.55555555555556
NEG_KMN_WA_00364,0,46.19685195777544,-119.83963571327403,Washington,133.5,127.125,110.125,0.9295873742074278,0.8956348564433556,-0.0596572943032185,123.58333333333331
NEG_KMN_WA_00365,0,47.82823414440719,-124.0152705439578,Washington,133.41666666666666,105.41666666666669,90.75,0.7589764720582926,1.234004726815806,0.0297751511812805,109.86111111111109
NEG_KMN_WA_00366,0,46.35776136183252,-119.13143911304412,Washington,82.0,69.33333333333333,96.33333333333331,0.741603712028276,2.175221305481537,0.2859377891048093,82.55555555555556
NEG_KMN_WA_00367,0,47.75524549460535,-120.26995688647264,Washington,135.25,118.875,135.625,0.8525892658000465,1.4754445463471917,0.0972864876856361,129.91666666666669
NEG_KMN_WA_00368,0,48.73861279283536,-118.60087690605133,Washington,124.75,119.25,98.25,0.9344241572087602,0.8915269852731285,-0.07199444795817,114.08333333333331
NEG_KMN_WA_00369,0,47.94998368580461,-120.46433795270718,Washington,105.16666666666669,77.83333333333333,93.5,0.6600573580969096,1.703689370068657,0.1919271153750416,92.16666666666669
NEG_KMN_WA_00370,0,48.60038316605468,-122.41121221816591,Washington,134.88888888888889,116.66666666666669,122.22222222222224,0.8041494954909001,1.4516747042923763,0.0926445256886332,124.59259259259258
NEG_KMN_WA_00371,0,48.26580209066774,-118.82362819773311,Washington,76.83333333333333,48.833333333333336,60.16666666666666,0.6193470555419027,1.2835425668647844,0.0955413000123072,61.94444444444444
NEG_KMN_WA_00372,0,47.12146556755436,-122.05139753845448,Washington,104.875,81.625,86.25,0.7746078131855081,1.1360957153221358,0.042785586170432,90.91666666666666
NEG_KMN_WA_00373,0,47.068390697499126,-121.9396479518075,Washington,178.25,175.25,142.75,0.9745270541566192,0.8016621742471649,-0.115359470085336,165.41666666666669
NEG_KMN_WA_00374,0,48.10685764507345,-122.0045145790894,Washington,123.66666666666669,120.0,110.0,0.9953387532385508,1.2229991365628543,0.0684603039657126,117.8888888888889
NEG_KMN_WA_00375,0,48.717234909291136,-117.81179302843066,Washington,69.8,44.4,65.0,0.6332910199980578,1.8648340595530928,0.2338492073175291,59.73333333333333
NEG_KMN_WA_00376,0,48.80472076150111,-117.25305525259876,Washington,105.28571428571428,89.0,90.42857142857144,0.7995164353281515,1.1957464644937568,0.0660905239691602,94.9047619047619
NEG_KMN_WA_00377,0,46.304232176227785,-121.4471331896632,Washington,129.0,119.4,127.0,0.8046720059866199,1.697049096932267,0.1984980170321379,125.13333333333333
NEG_KMN_WA_00378,0,47.43331380592924,-119.63154860588224,Washington,125.0,94.33333333333331,94.66666666666669,0.6873570487835154,1.4665334661774496,0.1207570898429198,104.66666666666669
NEG_KMN_WA_00379,0,47.62317922364716,-117.50494933963915,Washington,143.5,137.0,142.0,0.7968749998876187,1.263157894315572,0.1041666666449652,140.83333333333334
NEG_KMN_WA_00380,0,46.06963401306749,-118.85810538279004,Washington,144.33333333333334,128.16666666666666,108.66666666666669,0.80453193060968,1.0629421856987664,-0.0044251447919714,127.0555555555556
NEG_KMN_WY_00001,0,42.69384524736643,-107.91608304352184,Wyoming,163.0,159.0,118.0,0.9754601226395424,0.7421383647331988,-0.1480144404278695,146.66666666666666
NEG_KMN_WY_00002,0,41.48748971036246,-107.64871318795656,Wyoming,87.0,76.0,73.0,0.8735632182903951,0.9605263156630888,-0.0201342281865681,78.66666666666667
NEG_KMN_WY_00004,0,42.7688388042604,-110.71813584348212,Wyoming,179.0,170.0,146.0,0.9126213591636329,0.8156862744492119,-0.1040044883874422,165.0
NEG_KMN_WY_00006,0,43.37585033587239,-105.64312968501888,Wyoming,112.46666666666668,95.06666666666666,87.4,0.8411304120014044,1.4624179664947985,0.0911042904579819,98.31111111111107
NEG_KMN_WY_00007,0,42.562433923751165,-107.5849165265168,Wyoming,89.5,79.5,64.0,0.8839422584584496,0.8018821602888719,-0.1100524299172791,77.66666666666666
NEG_KMN_WY_00010,0,41.16736498889554,-110.68387812114828,Wyoming,154.0,139.0,96.5,0.902180790425245,0.6928960331365698,-0.1818099547433244,129.83333333333331
NEG_KMN_WY_00012,0,44.90555607600605,-108.07554872796236,Wyoming,224.0,204.5,176.0,0.8989637305296686,0.8149350648950067,-0.1135458167285439,201.5
NEG_KMN_WY_00013,0,42.56003270994963,-108.25216915821352,Wyoming,92.0,87.0,78.0,0.9456521738102552,0.8965517240348791,-0.0545454545421487,85.66666666666667
NEG_KMN_WY_00017,0,44.02161796783413,-106.00137650140071,Wyoming,176.5,166.92857142857142,129.92857142857142,0.9176941100941712,1.0864989649126973,-0.03652538502862,157.78571428571428
NEG_KMN_WY_00018,0,41.17019575062586,-109.2342402765222,Wyoming,129.0,112.0,80.0,0.8682170541962622,0.7142857142219388,-0.1666666666579861,107.0
NEG_KMN_WY_00019,0,43.694259679565256,-105.64811340450824,Wyoming,93.0,81.0,67.0,0.8709677418418315,0.827160493725042,-0.094594594588203,80.33333333333333
NEG_KMN_WY_00022,0,41.69465278671472,-107.09389274754562,Wyoming,76.5,61.5,59.5,0.8042549554655657,0.9766578247728676,-0.0185893931092819,65.83333333333334
NEG_KMN_WY_00023,0,43.18037588680557,-110.00719680562788,Wyoming,255.0,255.0,220.0,0.9999999999607844,0.8627450980053826,-0.0736842105247645,243.3333333333333
NEG_KMN_WY_00024,0,42.27190925319558,-109.40888571881165,Wyoming,,,,,,,
NEG_KMN_WY_00025,0,42.0091204367429,-105.10580064129016,Wyoming,76.0,58.0,93.0,0.7631578946364267,1.6034482755856123,0.2317880794548484,75.66666666666667
NEG_KMN_WY_00026,0,44.006117985278806,-106.55051283086635,Wyoming,130.0,108.0,74.0,0.8307692307053254,0.6851851851217422,-0.1868131868029223,104.0
NEG_KMN_WY_00027,0,41.81356861993177,-109.7218543544987,Wyoming,81.5,70.5,59.0,0.8587557602619398,0.8320802003794417,-0.0918595967063158,70.33333333333333
NEG_KMN_WY_00028,0,43.13037637351098,-105.2459143598246,Wyoming,84.5,73.0,80.0,0.8574302959587443,1.0619122255583089,0.0237476808904142,79.16666666666667
NEG_KMN_WY_00029,0,41.82490634220853,-109.69554179305914,Wyoming,253.0,204.0,126.0,0.8063241106400663,0.6176470587932525,-0.2363636363564738,194.3333333333333
NEG_KMN_WY_00031,0,42.88622410702539,-105.94309597712667,Wyoming,115.5,95.5,96.0,0.8172179141531275,1.0859467805756524,0.0221906671099234,102.33333333333331
NEG_KMN_WY_00035,0,42.60014740532058,-107.5144190904042,Wyoming,94.0,88.0,63.0,0.9361702126663648,0.7159090908277377,-0.1655629138963203,81.66666666666667
NEG_KMN_WY_00036,0,43.905248086991065,-105.60956275335366,Wyoming,65.33333333333333,52.0,62.66666666666666,0.793650793524769,1.198305906124287,0.0877047788734932,59.99999999999999
NEG_KMN_WY_00038,0,43.74359250525372,-106.1348195241419,Wyoming,45.5,28.0,62.5,0.6164215684897335,2.170967741173236,0.3481432360364537,45.33333333333333
NEG_KMN_WY_00039,0,41.64453361361336,-109.23296635136823,Wyoming,81.0,74.5,61.5,0.9190993787664689,0.8296874998858026,-0.0933706815991669,72.33333333333334
NEG_KMN_WY_00042,0,42.48215637390678,-105.78994055693192,Wyoming,255.0,255.0,251.0,0.9999999999607844,0.9843137254515956,-0.0079051383397647,253.66666666666663
NEG_KMN_WY_00044,0,44.686974290666335,-104.78066448505524,Wyoming,193.8,184.1,156.2,0.953987788186662,0.978895367368068,-0.0402372754556995,178.03333333333336
NEG_KMN_WY_00046,0,42.99262105835715,-107.75674997233114,Wyoming,214.0,197.0,163.5,0.9017341040034133,0.7851742135291695,-0.1285291337406437,191.5
NEG_KMN_WY_00047,0,44.045603734909086,-105.7085889920383,Wyoming,182.5,175.5,141.0,0.936363636304359,0.7705269607314318,-0.1315102466977227,166.33333333333331
NEG_KMN_WY_00048,0,44.81625556459549,-104.63374158420658,Wyoming,255.0,255.0,249.0,0.9999999999607844,0.9764705881970012,-0.0119047619045256,253.0
POS_10008353,1,37.85,-108.001,Colorado,145.33333333333334,128.0,151.33333333333334,0.8121836121143344,1.4487179485111925,0.1340996168505306,141.55555555555554
POS_10008482,1,47.42482,-121.256,Washington,109.70588235294116,95.47058823529412,98.52941176470588,0.7841934379033493,1.9691000249878792,0.1778680793648721,101.23529411764709
POS_10008495,1,48.1976,-120.98,Washington,132.71428571428572,122.07142857142856,111.14285714285714,0.8531625694280489,1.4791652222903078,0.0963665875261334,121.97619047619048
POS_10009065,1,48.22509,-121.559,Washington,64.76,55.36,73.56,0.7629653108147914,2.201296925820276,0.2830653445518522,64.56
POS_10012285,1,32.6404,-108.373,New Mexico,106.16666666666669,104.5,78.83333333333333,1.0121702055437802,0.8218526800344774,-0.1216842067012666,96.5
POS_10012295,1,38.11807,-105.373,Colorado,127.0,115.4,106.2,0.8805766874556576,0.8989109236120116,-0.0586146775799656,116.2
POS_10026848,1,33.0662,-110.798,Arizona,65.0,56.0,45.0,0.8615384614059173,0.8035714284279336,-0.1089108910783256,55.333333333333336
POS_10026888,1,32.88149,-109.535,Arizona,100.0,97.0,68.0,0.969999999903,0.7010309277627803,-0.1757575757469237,88.33333333333333
POS_10026923,1,34.48255,-111.857,Arizona,68.16666666666667,56.333333333333336,63.333333333333336,0.8381985229246042,1.243130876683146,0.0698701291485554,62.61111111111112
POS_10027008,1,32.94593,-109.653,Arizona,132.5,118.0,72.5,0.8856321838409813,0.6191176470046973,-0.2356902356778064,107.66666666666666
POS_10033433,1,44.22486,-118.093,Oregon,141.55555555555554,120.55555555555556,95.55555555555556,0.8351909541528696,0.8778695433995041,-0.0738176529691031,119.22222222222224
POS_10036279,1,42.01793,-118.663,Oregon,116.375,100.75,77.25,0.8635661014503062,0.8060115233908689,-0.1102256785172167,98.125
POS_10036827,1,47.91592,-121.594,Washington,113.25,100.83333333333331,101.33333333333331,0.8189865168082234,1.433826199594861,0.1170056541256025,105.1388888888889
POS_10037125,1,34.36394,-112.334,Arizona,95.28571428571428,84.28571428571429,83.85714285714286,0.904299891984492,1.1149367516825412,0.0210853191085092,87.80952380952382
POS_10037318,1,39.26133,-115.024,Nevada,71.71428571428571,73.04761904761905,79.66666666666667,1.0533905374840358,1.1899734145372023,0.0741799611489495,74.80952380952382
POS_10037319,1,39.25994,-115.021,Nevada,71.42857142857143,69.66666666666667,74.80952380952381,0.9966119817938456,1.164468134762399,0.0643686388292256,71.96825396825396
POS_10037320,1,39.25772,-114.999,Nevada,69.27777777777777,66.5,68.83333333333333,0.9712825192714202,1.12125375622052,0.0430339121630913,68.20370370370371
POS_10037321,1,39.263,-115.031,Nevada,65.5,65.86363636363636,70.95454545454545,1.0139251390810358,1.1948875699382575,0.077272886757157,67.43939393939394
POS_10039593,1,31.98651,-111.073,Arizona,155.0,141.0,90.0,0.9096774192961498,0.6382978722951561,-0.2207792207696632,128.66666666666666
POS_10039668,1,32.02762,-111.082,Arizona,98.0,91.0,62.0,0.9285714284766764,0.6813186812438112,-0.1895424836477423,83.66666666666667
POS_10039675,1,32.14568,-111.079,Arizona,90.0,84.0,61.0,0.9333333332296296,0.726190476104025,-0.158620689644233,78.33333333333333
POS_10039684,1,32.41622,-111.538,Arizona,103.5,96.5,72.5,0.9242848982987768,0.7945300071803827,-0.1324196345941822,90.83333333333334
POS_10039685,1,32.39705,-111.503,Arizona,134.25,129.75,88.25,0.9900635911558542,0.7353787482724499,-0.1776552594589521,117.41666666666666
POS_10039895,1,32.44094,-111.533,Arizona,101.5,104.75,88.0,1.057024618431556,0.9163406861695748,-0.0700964666406302,98.08333333333331
POS_10040246,1,42.12793,-118.651,Oregon,84.14285714285714,69.42857142857143,64.14285714285714,0.8256789874342412,0.940342501674636,-0.036096659424718,72.57142857142857
POS_10041702,1,48.45038,-120.583,Washington,180.44444444444449,149.88888888888889,104.88888888888889,0.7985788054829921,0.7948003412267572,-0.1449600197958664,145.07407407407408
POS_10042180,1,39.89856,-112.103,Utah,130.16666666666666,116.66666666666669,92.41666666666669,0.8716326191219647,0.8169735592684244,-0.1023172285474426,113.08333333333331
POS_10042397,1,47.50121,-120.975,Washington,169.875,143.8125,116.375,0.8085842390233103,0.9412400506563454,-0.0656996295400103,143.35416666666666
POS_10046235,1,31.43708,-109.902,Arizona,94.0,77.0,50.5,0.8190670288983417,0.655780590632084,-0.2078921447756017,73.83333333333334
POS_10046238,1,31.43264,-109.899,Arizona,67.0,52.0,36.0,0.776119402869236,0.6923076921745562,-0.1818181817975206,51.66666666666666
POS_10046248,1,31.44097,-109.915,Arizona,79.5,63.0,49.5,0.7918918917918748,0.7875253548434884,-0.1190476190370748,64.0
POS_10046282,1,32.58927,-112.055,Arizona,86.125,82.375,85.375,0.9885005899860372,1.1143515656278289,0.0274863013976593,84.625
POS_10047445,1,40.29434,-117.741,Nevada,124.6,114.6,85.4,0.8920517073120001,0.7591882809900453,-0.1371391833460011,108.2
POS_10047487,1,39.84295,-119.109,Nevada,115.9,105.3,72.2,0.8944644842283502,0.6974964567132396,-0.178864477749976,97.79999999999998
POS_10047490,1,39.896,-119.103,Nevada,124.625,112.75,75.75,0.9098447980053532,0.6818040531467233,-0.1895549909823596,104.375
POS_10047804,1,48.97288,-121.133,Washington,63.44,52.64,67.68,0.7702841281470921,1.9688819206880024,0.2666415292500275,61.25333333333333
POS_10047836,1,46.36064,-121.79,Washington,80.85,68.0,82.45,0.720713793089773,2.2387263515806484,0.2929744091073714,77.1
POS_10048292,1,33.11371,-109.361,Arizona,72.33333333333333,82.66666666666667,67.66666666666667,1.215854072725024,1.0073246906868178,-0.0200473272816418,74.22222222222221
POS_10048337,1,31.50375,-110.719,Arizona,80.4,77.0,70.0,0.9462016493784812,0.9228870672660848,-0.0439696633341532,75.8
POS_10048437,1,48.35482,-121.218,Washington,141.23076923076923,136.34615384615384,115.57692307692308,0.9300851356329358,1.0651715347088933,0.0030811626521452,131.05128205128204
POS_10048438,1,48.21843,-120.557,Washington,161.57142857142858,144.85714285714286,114.71428571428572,0.8634309962349498,0.8529218974150351,-0.0893014378762938,140.38095238095238
POS_10048439,1,47.37538,-121.125,Washington,134.54545454545453,114.36363636363636,85.45454545454545,0.8543509407569885,0.8676957377839525,-0.0900475105167471,111.45454545454544
POS_10048440,1,47.689,-121.662,Washington,105.10714285714286,93.53571428571428,101.57142857142856,0.802794145572501,2.071126206831363,0.2225280177694517,100.07142857142856
POS_10048441,1,47.45482,-121.335,Washington,99.06666666666666,90.13333333333334,100.93333333333334,0.8086015562652656,2.083357263176369,0.216462452042394,96.7111111111111
POS_10048444,1,47.51792,-121.346,Washington,109.42105263157896,101.89473684210526,106.3157894736842,0.8273991415236277,1.7397214153238287,0.1759223781403604,105.87719298245617
POS_10048445,1,46.87899,-121.415,Washington,102.11764705882354,86.11764705882354,89.6470588235294,0.7704220520461088,1.6266535612267372,0.1536255972703909,92.62745098039215
POS_10048446,1,47.95288,-121.416,Washington,100.1923076923077,87.46153846153847,86.53846153846153,0.7852923416044894,1.6083971562367902,0.1385051234307215,91.3974358974359
POS_10048447,1,48.15843,-120.886,Washington,171.5,166.71428571428572,127.35714285714286,0.9603605373259176,0.9751086424420368,-0.0514863137889122,155.19047619047618
POS_10048448,1,48.27176,-120.857,Washington,158.11111111111111,149.72222222222223,131.27777777777777,0.9114928729377796,1.7492420516064555,0.0965890572408365,146.37037037037038
POS_10048449,1,48.76177,-120.418,Washington,175.0,164.0,128.33333333333334,0.8742151195425528,0.7977271460894301,-0.1176618609633689,155.77777777777777
POS_10048588,1,47.94426,-121.413,Washington,109.73076923076924,97.53846153846152,93.84615384615384,0.8202981478860922,1.3986706992480653,0.1029382983498879,100.37179487179483
POS_10048594,1,47.94565,-121.404,Washington,127.34615384615384,118.23076923076924,113.84615384615384,0.8980980032872518,1.318409846990105,0.0802288057906433,119.80769230769228
POS_10048596,1,48.17788,-120.944,Washington,197.0625,179.25,134.5,0.9232809507768251,0.8745253026945737,-0.1010888072448656,170.27083333333334
POS_10048601,1,47.98315,-121.151,Washington,145.27777777777777,131.83333333333334,119.88888888888889,0.8748698043498035,1.670991257741549,0.1026300064335075,132.33333333333331
POS_10048648,1,46.52065,-121.471,Washington,237.7333333333333,236.66666666666663,203.26666666666668,0.989558498852208,0.859686274470214,-0.0803000916227495,225.8888888888889
POS_10048655,1,47.52093,-121.34,Washington,107.63157894736842,101.42105263157896,101.10526315789474,0.922825323268232,1.2904950208346009,0.0930724425107408,103.38596491228068
POS_10048777,1,32.09012,-110.031,Arizona,104.2,103.8,81.8,1.0256013399970687,0.876525608670495,-0.0891111308260738,96.6
POS_10048830,1,38.95991,-119.271,Nevada,124.63636363636364,109.9090909090909,76.45454545454545,0.8825290924626146,0.6938975053525692,-0.1809248373993694,103.66666666666669
POS_10053081,1,42.2507,-118.711,Oregon,107.14285714285714,99.57142857142856,73.0,0.9304228970933976,0.7373567996024475,-0.151784853354441,93.23809523809524
POS_10055922,1,47.51788,-121.346,Washington,109.42105263157896,101.89473684210526,106.3157894736842,0.8273991415236277,1.7397214153238287,0.1759223781403604,105.87719298245617
POS_10055923,1,47.49649,-121.369,Washington,97.57894736842104,87.3157894736842,85.05263157894737,0.7891886304746215,1.4568467272284549,0.1372580884663088,89.98245614035086
POS_10056009,1,48.61455,-120.383,Washington,167.5,143.16666666666666,120.33333333333331,0.8146177435899816,1.0180750808157797,-0.027136882000867,143.66666666666666
POS_10064808,1,32.85289,-108.098,New Mexico,54.42857142857143,46.35714285714285,55.642857142857146,0.8703151025995762,1.4764477068489406,0.1504927811516721,52.142857142857146
POS_10067172,1,33.11398,-111.58,Arizona,99.5,103.0,78.25,1.056290711058543,0.8802704512985644,-0.090537949866593,93.58333333333331
POS_10069296,1,40.52077,-112.146,Utah,153.9,140.3,114.0,0.9009233849797692,0.8259685856473862,-0.1140898954079828,136.06666666666666
POS_10072137,1,34.49172,-112.584,Arizona,64.33333333333333,57.333333333333336,74.0,0.9198756538849908,1.4060698833951693,0.134855539350949,65.22222222222223
POS_10080427,1,39.25772,-114.972,Nevada,72.17647058823529,70.76470588235294,80.23529411764706,0.9956578292493352,1.1662818269476507,0.063526521743228,74.3921568627451
POS_10087992,1,32.794,-108.066,New Mexico,82.46153846153847,74.38461538461539,60.38461538461539,0.9193219496795688,1.0689227892633848,-0.0202648823976501,72.41025641025641
POS_10089294,1,43.89197,-113.669,Idaho,255.0,255.0,182.0,0.9999999999607844,0.7137254901680892,-0.1672680992770661,230.66666666666663
POS_10095027,1,32.38733,-110.578,Arizona,143.33333333333334,136.66666666666666,102.33333333333331,0.9222484895438056,0.8227119225649222,-0.1024202606981782,127.44444444444446
POS_10095161,1,44.30264,-118.217,Oregon,145.66666666666666,120.0,104.88888888888889,0.767648834645769,1.2000384374197597,0.0448346527932205,123.51851851851852
POS_10095364,1,48.00841,-121.505,Washington,117.65384615384616,111.0,113.5,0.8617709981915126,1.8428707907097448,0.1799673850372062,114.05128205128204
POS_10095811,1,46.79399,-121.357,Washington,120.3076923076923,90.6153846153846,83.6923076923077,0.7213536295378437,1.3500366847980432,0.0523162199285984,98.2051282051282
POS_10096858,1,45.35629,-113.995,Idaho,167.75,148.5,138.75,0.8770964737016411,0.9714560054986758,-0.0232529490533261,151.66666666666666
POS_10096999,1,32.96149,-109.675,Arizona,135.66666666666666,124.33333333333331,74.66666666666667,0.9206470837963528,0.6017448327245242,-0.2487932794824369,111.55555555555556
POS_10097315,1,46.3562,-122.082,Washington,84.13793103448276,68.3103448275862,88.6896551724138,0.7413452130779191,2.499182710422009,0.3040672384469348,80.37931034482759
POS_10097383,1,32.84761,-108.097,New Mexico,70.21428571428571,63.85714285714285,61.785714285714285,0.9204818485394716,1.243272883822188,0.0637916363414451,65.28571428571429
POS_10097911,1,32.85428,-108.08,New Mexico,86.92857142857143,80.85714285714286,71.64285714285714,0.9519659769835774,1.1124228930774238,0.0159133655233545,79.80952380952381
POS_10101379,1,38.48329,-113.131,Utah,116.2,106.6,79.2,0.9305368097602604,0.8085107835046837,-0.1257810257152106,100.66666666666666
POS_10101419,1,46.76871,-121.35,Washington,99.64285714285714,75.42857142857143,77.92857142857143,0.7056803516852883,1.5225275887936136,0.1199753176507078,84.33333333333333
POS_10104070,1,31.48875,-109.987,Arizona,16.0,15.0,40.0,0.9374999994140624,2.6666666648888886,0.4545454544628099,23.666666666666668
POS_10104088,1,33.33425,-110.942,Arizona,74.0,63.0,64.5,0.847336834091512,1.0450980390400462,0.0191222570511748,67.16666666666667
POS_10107717,1,47.55899,-121.24,Washington,199.04761904761904,197.6190476190476,155.38095238095238,0.9868909211074156,0.9402247333073608,-0.0657637802331794,184.015873015873
POS_10107742,1,48.79066,-120.32,Washington,186.66666666666663,163.66666666666666,148.0,0.8188400346695605,1.2625553267166527,0.0285031407694686,166.11111111111111
POS_10109418,1,40.2032,-120.775,California,109.75,95.75,94.0,0.7659860486064681,1.1889129377933487,0.0670168900748575,99.83333333333331
POS_10113259,1,32.6837,-110.693,Arizona,143.0,133.5,94.0,0.9254464285063604,0.7189028650722414,-0.1658964332195791,123.5
POS_10113316,1,32.89979,-111.882,Arizona,113.16666666666669,120.5,96.83333333333331,1.119479070200433,0.9213361625990532,-0.0681956541992883,110.16666666666669
POS_10113726,1,33.03569,-111.216,Arizona,110.66666666666669,109.66666666666669,76.33333333333333,0.9840758460910848,0.6977017009951929,-0.1780933947031448,98.8888888888889
POS_10113911,1,35.36422,-114.15,Arizona,144.25,141.75,92.0,0.969835106311428,0.6509724058137711,-0.2126118513175206,126.0
POS_10129805,1,40.52074,-112.146,Utah,153.9,140.3,114.0,0.9009233849797692,0.8259685856473862,-0.1140898954079828,136.06666666666666
POS_10131061,1,47.51152,-121.35,Washington,99.21052631578948,91.05263157894736,101.89473684210526,0.8048685995693422,2.246683164645139,0.2475355727524288,97.38596491228073
POS_10133042,1,43.87493,-109.285,Wyoming,244.0,202.0,134.0,0.8278688524250873,0.6633663366008234,-0.2023809523749291,193.3333333333333
POS_10137553,1,33.30539,-111.065,Arizona,92.33333333333331,82.33333333333333,73.66666666666667,0.8838179490787931,0.91898699766341,-0.0454233762350014,82.77777777777777
POS_10137918,1,31.87152,-111.149,Arizona,76.0,65.0,52.0,0.9135135133399436,0.9127574368802676,-0.0671028484778568,64.33333333333334
POS_10149678,1,38.98351,-119.194,Nevada,67.4,46.1,32.8,0.6455455349455252,0.7531233656242049,-0.1420686174828199,48.766666666666666
POS_10150841,1,32.96821,-107.542,New Mexico,87.0,81.57142857142857,79.28571428571429,0.971439985494772,1.070755561416336,0.0032186845531426,82.61904761904762
POS_10161929,1,32.39371,-111.502,Arizona,124.75,128.25,93.25,1.0566733705810951,0.8376401611057892,-0.1206693271949685,115.41666666666669
POS_10162257,1,32.5168,-111.901,Arizona,99.77777777777776,96.33333333333331,89.77777777777777,0.9985665040817998,1.0039944850188836,-0.0215933864616815,95.29629629629628
POS_10162326,1,34.58474,-113.209,Arizona,154.88888888888889,137.0,98.66666666666669,0.8962888934920998,0.7533257353787082,-0.15821797494788,130.1851851851852
POS_10173000,1,46.0202,-112.527,Montana,101.5,79.0,62.0,0.7803076299540554,0.7892287233000363,-0.1179891981635475,80.83333333333334
POS_10174772,1,32.63622,-108.373,New Mexico,112.83333333333331,109.83333333333331,79.33333333333333,0.9612119305711744,0.8429665739048287,-0.1154726231706068,100.66666666666669
POS_10184420,1,33.40698,-110.876,Arizona,214.0,203.0,123.0,0.9485981307967944,0.6059113300194132,-0.2453987729986074,180.0
POS_10185792,1,33.40978,-110.905,Arizona,126.0,121.0,80.0,0.9603174602412446,0.6611570247387474,-0.2039800994923392,109.0
POS_10186051,1,33.40818,-110.887,Arizona,143.0,144.0,90.0,1.006993006922588,0.6249999999565972,-0.2307692307593688,125.66666666666669
POS_10186598,1,33.04785,-111.431,Arizona,157.66666666666666,164.33333333333334,110.0,1.0404795728811924,0.6698320561235552,-0.1977399682190316,144.0
POS_10193063,1,43.88977,-113.675,Idaho,255.0,255.0,183.5,0.9999999999607844,0.7196078431090349,-0.1634930544679317,231.16666666666669
POS_10209543,1,32.93085,-109.623,Arizona,138.0,137.0,85.0,0.9927536231164672,0.620437956159092,-0.2342342342236831,120.0
POS_10209824,1,33.34178,-110.903,Arizona,73.0,63.0,66.0,0.863013698511916,1.047619047452759,0.0232558139516855,67.33333333333333
POS_10210616,1,33.18315,-110.992,Arizona,131.5,133.5,83.5,1.0130798743559235,0.6277210883876976,-0.228941961982246,116.16666666666669
POS_10210685,1,31.83263,-110.759,Arizona,81.0,81.6,75.0,1.0262778876383751,1.0728591616338805,0.0010833381996253,79.2
POS_10221947,1,47.0233,-112.363,Montana,123.0,113.0,91.0,0.9218500796692084,0.8049373040039844,-0.1081386676878002,109.0
POS_10234135,1,33.05899,-110.742,Arizona,160.0,132.0,89.0,0.8249999999484374,0.6742424241913453,-0.1945701357378022,127.0
POS_10234825,1,31.90822,-111.051,Arizona,38.0,43.0,64.0,1.131578947070637,1.488372092677123,0.1962616822246484,48.333333333333336
POS_10257231,1,33.44588,-110.882,Arizona,65.0,59.0,56.0,0.9076923075526628,0.949152542212008,-0.0260869565194707,60.0
POS_10258292,1,33.41228,-110.965,Arizona,157.0,142.5,80.5,0.9074480181357868,0.563991911580076,-0.2790763335560213,126.66666666666669
POS_10261965,1,40.21657,-120.784,California,122.25,110.25,123.5,0.8412796696766272,1.4152309250439363,0.1414007914949978,118.66666666666669
POS_10264283,1,37.40671,-108.089,Colorado,135.0,125.66666666666669,120.66666666666669,0.8592592591754055,1.035616929543625,0.0110039012447195,127.11111111111111
POS_10277595,1,46.35591,-122.084,Washington,86.06896551724138,71.51724137931035,92.3103448275862,0.7358494590008783,2.724562375423208,0.3249561130955182,83.29885057471266
POS_10282444,1,33.089,-109.354,Arizona,67.25,71.25,51.25,1.0617987879257291,0.9459025952003416,-0.0614545466107105,63.25
POS_10282707,1,31.44044,-109.908,Arizona,89.0,79.0,58.0,0.8876404493384674,0.7341772150969397,-0.1533461210459202,75.33333333333334
POS_10282908,1,33.39178,-110.876,Arizona,94.0,86.0,72.0,0.9148936169239476,0.8372093022282315,-0.0886075949311007,84.0
POS_10283179,1,32.95465,-111.817,Arizona,101.0,98.0,63.0,1.013141911129186,0.7649908472438269,-0.1578322003041505,87.33333333333334
POS_10283204,1,32.354,-112.869,Arizona,108.71428571428572,101.57142857142856,81.92857142857143,0.99451854834025,0.9540731184171984,-0.0520207212123524,97.40476190476193
POS_10301870,1,46.35791,-122.077,Washington,90.92857142857144,76.5,97.85714285714286,0.755547249017587,2.675677395266807,0.3045834386912795,88.42857142857143
POS_10310360,1,38.78159,-117.952,Nevada,44.0,44.5,56.0,1.0111111108812518,1.2591001008288174,0.1146225480369138,48.16666666666667
POS_10310385,1,38.95991,-119.271,Nevada,124.63636363636364,109.9090909090909,76.45454545454545,0.8825290924626146,0.6938975053525692,-0.1809248373993694,103.66666666666669
POS_10310387,1,39.04741,-119.241,Nevada,172.7,156.7,95.5,0.9071327795420612,0.6078998662491121,-0.2439435275765877,141.63333333333335
POS_10310388,1,39.01491,-119.185,Nevada,189.0,160.5,96.5,0.842874703887165,0.6046179155124519,-0.2465655211359066,148.66666666666669
POS_10310402,1,39.25661,-114.999,Nevada,78.44444444444444,81.27777777777777,86.38888888888889,1.073393183242496,1.146420890671238,0.0534977534604613,82.03703703703704
POS_10310428,1,39.79993,-115.101,Nevada,119.0,106.0,83.66666666666667,0.889419624944661,0.7914180805663885,-0.1166671428464566,102.8888888888889
POS_10310521,1,41.78056,-114.776,Nevada,148.125,133.25,106.375,0.8997878600377094,0.7925594947952235,-0.1185509897832986,129.25
POS_10310523,1,40.32909,-114.552,Nevada,178.33333333333334,165.0,117.0,0.9189293810380372,0.7404113514699905,-0.1522844495448777,153.44444444444443
POS_10310559,1,38.50798,-118.097,Nevada,36.0,37.0,48.0,1.0277777774922838,1.2972972969466765,0.1294117646906574,40.333333333333336
POS_10400263,1,37.57174,-105.487,Colorado,255.0,245.6,161.2,0.9631372548641906,0.6548416289325052,-0.210545111765905,220.6
POS_10400304,1,34.0375,-112.346,Arizona,94.75,88.0,82.0,0.95487157205698,0.996971417631541,-0.0274060242551217,88.25
POS_10400314,1,32.9468,-109.654,Arizona,125.5,107.0,64.0,0.8410522171975177,0.6060634327745359,-0.2457581129333058,98.83333333333334
POS_10400395,1,33.378,-110.998,Arizona,97.0,100.33333333333331,69.0,1.006870172208023,0.7007585756978617,-0.1767153702798705,88.77777777777777
POS_60000203,1,31.86683,-110.784,Arizona,64.6,55.0,49.0,0.850818307992258,0.9782780383969863,-0.0325416392298908,56.2
POS_60000298,1,32.42041,-111.541,Arizona,140.75,136.75,93.25,1.032202959281507,0.7961429007140716,-0.1542037153130053,123.58333333333334
POS_60000887,1,40.51664,-112.151,Utah,148.8,130.7,105.1,0.8704315889445369,0.818385058490931,-0.1202308679954182,128.2
POS_60000891,1,31.96682,-111.084,Arizona,92.0,82.0,62.0,0.8913043477292061,0.7560975608834027,-0.1388888888792438,78.66666666666667
POS_60000966,1,39.25664,-114.999,Nevada,78.44444444444444,81.27777777777777,86.38888888888889,1.073393183242496,1.146420890671238,0.0534977534604613,82.03703703703704
POS_60001622,1,46.0249,-112.53,Montana,83.5,66.0,53.5,0.7901323359235441,0.8094470044853757,-0.1054335585496209,67.66666666666667
POS_60001624,1,43.873,-109.303,Wyoming,254.0,211.0,132.0,0.8307086613846177,0.6255924170319624,-0.2303206997017399,199.0
POS_60001650,1,39.25684,-114.996,Nevada,76.22222222222223,82.44444444444444,86.66666666666667,1.1185928999420098,1.1429715234203812,0.0526598840072768,81.77777777777777
