climate_concept,target_concept,target_group,global_spearman,global_abs_spearman,n_pair,m4_sensitive_rate,m4_mean_abs_spearman,m4_max_abs_spearman,m4_fold_count,causal_edge_present,causal_environment_count,causal_stable_edge_score,causal_mean_edge_weight,causal_edge_class,global_score_norm,m4_score_norm,causal_score_norm,combined_climate_sensitivity_score,selected_for_graph_guided_m4
vapor_pressure,terrain_elevation,terrain,-0.8737649820108393,0.8737649820108393,1265,1.0,0.8737649820108393,0.8737649820108393,1.0,False,0.0,0.0,0.0,,1.0,1.0,0.0,0.8,True
vapor_pressure,regional_gravity_anomaly,geophysics,0.7985684279149098,0.7985684279149098,1331,1.0,0.7985684279149098,0.7985684279149098,1.0,False,0.0,0.0,0.0,,0.9139312605993509,1.0,0.0,0.7612690672697079,True
vapor_pressure,deep_regional_gravity_anomaly,geophysics,0.7888804140141262,0.7888804140141262,1331,1.0,0.7888804140141262,0.7888804140141262,1.0,False,0.0,0.0,0.0,,0.9028425191834522,1.0,0.0,0.7562791336325534,True
precipitation,deep_gravity_gradient,geophysics,0.37754289316382256,0.37754289316382256,1331,1.0,0.37754289316382256,0.37754289316382256,1.0,True,2.0,0.6666666666666666,0.3446528326818,undirected_cross_environment_association,0.4320323562255958,1.0,0.6666666666666666,0.6777478936348514,True
soil_moisture,terrain_relief,terrain,0.5459187648026828,0.5459187648026828,1265,1.0,0.5459187648026828,0.5459187648026828,1.0,False,0.0,0.0,0.0,,0.6247526103871713,1.0,0.0,0.6311386746742271,True
aridity,unconsolidated_cover,geology,-0.4613153077541062,0.4613153077541062,1331,1.0,0.4613153077541062,0.4613153077541062,1.0,False,0.0,0.0,0.0,,0.5279168845397004,1.0,0.0,0.5875625980428651,True
soil_moisture,terrain_roughness,terrain,0.41698286469089313,0.41698286469089313,1265,1.0,0.41698286469089313,0.41698286469089313,1.0,False,0.0,0.0,0.0,,0.4771746991446872,1.0,0.0,0.5647286146151091,True
soil_moisture,terrain_slope,terrain,0.4085898152172684,0.4085898152172684,1265,1.0,0.4085898152172684,0.4085898152172684,1.0,False,0.0,0.0,0.0,,0.46756815271969265,1.0,0.0,0.5604056687238617,True
evapotranspiration_ratio,shallow_gravity_source_density,geophysics,-0.38941024065290547,0.38941024065290547,1331,1.0,0.38941024065290547,0.38941024065290547,1.0,False,0.0,0.0,0.0,,0.4456155270330213,1.0,0.0,0.5505269871648596,True
precipitation,deep_gravity_source_strength,geophysics,0.37882965632260596,0.37882965632260596,1331,1.0,0.37882965632260596,0.37882965632260596,1.0,False,0.0,0.0,0.0,,0.43350516417956664,1.0,0.0,0.545077323880805,True
water_deficit,terrain_elevation,terrain,-0.6635492481526338,0.6635492481526338,1265,0.0,0.0,0.0,0.0,True,3.0,1.0,0.6967908622806274,undirected_cross_environment_association,0.7593905274931011,0.0,1.0,0.5417257373718956,True
wind_speed,terrain_elevation,terrain,0.5700010308215522,0.5700010308215522,1265,0.0,0.0,0.0,0.0,True,2.0,0.6666666666666666,0.6836752872269125,undirected_cross_environment_association,0.6523167761002832,0.0,0.6666666666666666,0.42687588257846076,False
solar_radiation,terrain_elevation,terrain,-0.42880716743751407,0.42880716743751407,1265,0.0,0.0,0.0,0.0,True,3.0,1.0,0.7386556635439381,undirected_cross_environment_association,0.4907086016476529,0.0,1.0,0.4208188707414438,False
min_temperature,terrain_elevation,terrain,-0.8058574344354014,0.8058574344354014,1265,0.0,0.0,0.0,0.0,False,0.0,0.0,0.0,,0.9222741376133893,0.0,0.0,0.4150233619260252,False
diurnal_temperature_range,terrain_relief,terrain,-0.5363425595612028,0.5363425595612028,1265,0.0,0.0,0.0,0.0,True,2.0,0.6666666666666666,0.3308297072546275,undirected_cross_environment_association,0.6137918433243003,0.0,0.6666666666666666,0.40953966282926846,False
mean_temperature,terrain_elevation,terrain,-0.7916690885135762,0.7916690885135762,1265,0.0,0.0,0.0,0.0,False,0.0,0.0,0.0,,0.9060343901628085,0.0,0.0,0.4077154755732638,False
max_temperature,terrain_elevation,terrain,-0.7621727587062256,0.7621727587062256,1265,0.0,0.0,0.0,0.0,False,0.0,0.0,0.0,,0.8722733760580161,0.0,0.0,0.3925230192261073,False
min_temperature,regional_gravity_anomaly,geophysics,0.721249372321414,0.721249372321414,1331,0.0,0.0,0.0,0.0,False,0.0,0.0,0.0,,0.8254331408837678,0.0,0.0,0.37144491339769553,False
min_temperature,deep_regional_gravity_anomaly,geophysics,0.710472155709808,0.710472155709808,1331,0.0,0.0,0.0,0.0,False,0.0,0.0,0.0,,0.8130977159542515,0.0,0.0,0.36589397217941316,False
snow_influence,terrain_elevation,terrain,0.7048953691996546,0.7048953691996546,1265,0.0,0.0,0.0,0.0,False,0.0,0.0,0.0,,0.8067146178109094,0.0,0.0,0.3630215780149092,False
vapor_pressure_deficit,terrain_elevation,terrain,-0.6924803669041846,0.6924803669041846,1265,0.0,0.0,0.0,0.0,False,0.0,0.0,0.0,,0.7925046103168943,0.0,0.0,0.35662707464260246,False
water_balance,terrain_elevation,terrain,0.6787710865953163,0.6787710865953163,1265,0.0,0.0,0.0,0.0,False,0.0,0.0,0.0,,0.776813193489879,0.0,0.0,0.34956593707044553,False
mean_temperature,regional_gravity_anomaly,geophysics,0.6664632567767912,0.6664632567767912,1331,0.0,0.0,0.0,0.0,False,0.0,0.0,0.0,,0.7627258538507942,0.0,0.0,0.3432266342328574,False
potential_evapotranspiration,terrain_elevation,terrain,-0.657633170840043,0.657633170840043,1265,0.0,0.0,0.0,0.0,False,0.0,0.0,0.0,,0.7526190826760701,0.0,0.0,0.33867858720423155,False
mean_temperature,deep_regional_gravity_anomaly,geophysics,0.657572501401785,0.657572501401785,1331,0.0,0.0,0.0,0.0,False,0.0,0.0,0.0,,0.7525496414345959,0.0,0.0,0.3386473386455682,False
max_temperature,regional_gravity_anomaly,geophysics,0.6151096182703513,0.6151096182703513,1331,0.0,0.0,0.0,0.0,False,0.0,0.0,0.0,,0.7039473235973025,0.0,0.0,0.3167762956187861,False
max_temperature,deep_regional_gravity_anomaly,geophysics,0.6105642326245072,0.6105642326245072,1331,0.0,0.0,0.0,0.0,False,0.0,0.0,0.0,,0.6987447499244648,0.0,0.0,0.31443513746600915,False
snow_influence,regional_gravity_anomaly,geophysics,-0.6035996001545948,0.6035996001545948,1331,0.0,0.0,0.0,0.0,False,0.0,0.0,0.0,,0.6907731461152067,0.0,0.0,0.310847915751843,False
snow_influence,deep_regional_gravity_anomaly,geophysics,-0.6018134990965001,0.6018134990965001,1331,0.0,0.0,0.0,0.0,False,0.0,0.0,0.0,,0.6887288042120356,0.0,0.0,0.30992796189541605,False
soil_moisture,unconsolidated_cover,geology,-0.43919188368284656,0.43919188368284656,1331,0.0,0.0,0.0,0.0,True,1.0,0.3333333333333333,0.4285810600004792,undirected_cross_environment_association,0.5025947771116106,0.0,0.3333333333333333,0.29283431636689145,False
aridity,terrain_elevation,terrain,0.5478383275243476,0.5478383275243476,1265,0.0,0.0,0.0,0.0,False,0.0,0.0,0.0,,0.6269497103160244,0.0,0.0,0.282127369642211,False
evapotranspiration_ratio,terrain_elevation,terrain,0.5464893564407735,0.5464893564407735,1265,0.0,0.0,0.0,0.0,False,0.0,0.0,0.0,,0.6254057001941905,0.0,0.0,0.28143256508738573,False
vapor_pressure_deficit,regional_gravity_anomaly,geophysics,0.5434440087106986,0.5434440087106986,1331,0.0,0.0,0.0,0.0,False,0.0,0.0,0.0,,0.6219200452554045,0.0,0.0,0.279864020364932,False
potential_evapotranspiration,deep_regional_gravity_anomaly,geophysics,0.5414918994004888,0.5414918994004888,1331,0.0,0.0,0.0,0.0,False,0.0,0.0,0.0,,0.6196856930364492,0.0,0.0,0.2788585618664021,False
vapor_pressure_deficit,deep_regional_gravity_anomaly,geophysics,0.5401558601387826,0.5401558601387826,1331,0.0,0.0,0.0,0.0,False,0.0,0.0,0.0,,0.618156484465294,0.0,0.0,0.2781704180093823,False
potential_evapotranspiration,regional_gravity_anomaly,geophysics,0.5386341432126459,0.5386341432126459,1331,0.0,0.0,0.0,0.0,False,0.0,0.0,0.0,,0.6164147522924324,0.0,0.0,0.27738663853159456,False
runoff,terrain_relief,terrain,0.5209099332540786,0.5209099332540786,1265,0.0,0.0,0.0,0.0,False,0.0,0.0,0.0,,0.5961279130037568,0.0,0.0,0.26825756085169056,False
precipitation,terrain_elevation,terrain,0.3890296625297568,0.3890296625297568,1265,0.0,0.0,0.0,0.0,True,1.0,0.3333333333333333,0.3688828248707776,undirected_cross_environment_association,0.4451799235709121,0.0,0.3333333333333333,0.2669976322735771,False
precipitation,terrain_relief,terrain,0.5107816495625805,0.5107816495625805,1265,0.0,0.0,0.0,0.0,False,0.0,0.0,0.0,,0.5845352460245318,0.0,0.0,0.2630408607110393,False
aridity,terrain_relief,terrain,0.5028456151208593,0.5028456151208593,1265,0.0,0.0,0.0,0.0,False,0.0,0.0,0.0,,0.5754517914905952,0.0,0.0,0.25895330617076784,False
water_deficit,deep_regional_gravity_anomaly,geophysics,0.5006879725558683,0.5006879725558683,1331,0.0,0.0,0.0,0.0,False,0.0,0.0,0.0,,0.572982189287693,0.0,0.0,0.25784198517946183,False
water_deficit,regional_gravity_anomaly,geophysics,0.5000805394673639,0.5000805394673639,1331,0.0,0.0,0.0,0.0,False,0.0,0.0,0.0,,0.5722869313622949,0.0,0.0,0.2575291191130327,False
evapotranspiration_ratio,terrain_relief,terrain,0.4968697430358773,0.4968697430358773,1265,0.0,0.0,0.0,0.0,False,0.0,0.0,0.0,,0.5686119065602593,0.0,0.0,0.2558753579521167,False
water_balance,regional_gravity_anomaly,geophysics,-0.48293717472899644,0.48293717472899644,1331,0.0,0.0,0.0,0.0,False,0.0,0.0,0.0,,0.5526649179621265,0.0,0.0,0.24869921308295692,False
water_balance,deep_regional_gravity_anomaly,geophysics,-0.47663228623293835,0.47663228623293835,1331,0.0,0.0,0.0,0.0,False,0.0,0.0,0.0,,0.5454484462575174,0.0,0.0,0.24545180081588286,False
evapotranspiration_ratio,unconsolidated_cover,geology,-0.4589790869829685,0.4589790869829685,1331,0.0,0.0,0.0,0.0,False,0.0,0.0,0.0,,0.5252428846583107,0.0,0.0,0.23635929809623982,False
precipitation,unconsolidated_cover,geology,-0.451906124324879,0.451906124324879,1331,0.0,0.0,0.0,0.0,False,0.0,0.0,0.0,,0.5171472878968817,0.0,0.0,0.23271627955359678,False
actual_evapotranspiration,terrain_relief,terrain,0.4439391218123261,0.4439391218123261,1265,0.0,0.0,0.0,0.0,False,0.0,0.0,0.0,,0.5080283878182629,0.0,0.0,0.2286127745182183,False
runoff,unconsolidated_cover,geology,-0.441297467376649,0.441297467376649,1331,0.0,0.0,0.0,0.0,False,0.0,0.0,0.0,,0.5050047935865272,0.0,0.0,0.22725215711393723,False
soil_moisture,terrain_elevation,terrain,0.4353474605002369,0.4353474605002369,1265,0.0,0.0,0.0,0.0,False,0.0,0.0,0.0,,0.49819451354863237,0.0,0.0,0.22418753109688458,False
wind_speed,regional_gravity_anomaly,geophysics,-0.42030996386277686,0.42030996386277686,1331,0.0,0.0,0.0,0.0,False,0.0,0.0,0.0,,0.48098284215107634,0.0,0.0,0.21644227896798435,False
soil_moisture,deep_gravity_gradient,geophysics,0.2880614961715851,0.2880614961715851,1331,0.0,0.0,0.0,0.0,True,1.0,0.3333333333333333,0.350867246414222,undirected_cross_environment_association,0.3296134205240222,0.0,0.3333333333333333,0.21499270590247666,False
runoff,terrain_roughness,terrain,0.41596020208843143,0.41596020208843143,1265,0.0,0.0,0.0,0.0,False,0.0,0.0,0.0,,0.4760041763450151,0.0,0.0,0.21420187935525678,False
actual_evapotranspiration,unconsolidated_cover,geology,-0.4150308606402831,0.4150308606402831,1331,0.0,0.0,0.0,0.0,False,0.0,0.0,0.0,,0.47494046740413914,0.0,0.0,0.21372321033186262,False
precipitation,terrain_roughness,terrain,0.41330839196245583,0.41330839196245583,1265,0.0,0.0,0.0,0.0,False,0.0,0.0,0.0,,0.4729689580771483,0.0,0.0,0.21283603113471672,False
water_balance,terrain_relief,terrain,0.41009961084992913,0.41009961084992913,1265,0.0,0.0,0.0,0.0,False,0.0,0.0,0.0,,0.46929623997605735,0.0,0.0,0.2111833079892258,False
max_temperature,terrain_relief,terrain,-0.4036020291181931,0.4036020291181931,1265,0.0,0.0,0.0,0.0,False,0.0,0.0,0.0,,0.46185921476224534,0.0,0.0,0.2078366466430104,False
diurnal_temperature_range,terrain_slope,terrain,-0.40344458250660276,0.40344458250660276,1265,0.0,0.0,0.0,0.0,False,0.0,0.0,0.0,,0.4616790039594312,0.0,0.0,0.20775555178174404,False
aridity,terrain_roughness,terrain,0.40255834531003853,0.40255834531003853,1265,0.0,0.0,0.0,0.0,False,0.0,0.0,0.0,,0.4606646314361778,0.0,0.0,0.20729908414628,False
runoff,terrain_slope,terrain,0.3995036864918234,0.3995036864918234,1265,0.0,0.0,0.0,0.0,False,0.0,0.0,0.0,,0.4571683191790037,0.0,0.0,0.20572574363055166,False
evapotranspiration_ratio,terrain_roughness,terrain,0.39823932980214033,0.39823932980214033,1265,0.0,0.0,0.0,0.0,False,0.0,0.0,0.0,,0.45572115730114726,0.0,0.0,0.20507452078551627,False
diurnal_temperature_range,terrain_roughness,terrain,-0.39745357496107403,0.39745357496107403,1265,0.0,0.0,0.0,0.0,False,0.0,0.0,0.0,,0.454821795229818,0.0,0.0,0.20466980785341812,False
soil_moisture,fault_proximity,structure,0.2673270879960084,0.2673270879960084,1331,0.0,0.2673270879960084,0.2673270879960084,1.0,True,1.0,0.3333333333333333,0.4479994229565057,undirected_cross_environment_association,0.30588115785127024,0.0,0.3333333333333333,0.20431318769973827,False
wind_speed,deep_regional_gravity_anomaly,geophysics,-0.39607044626220284,0.39607044626220284,1331,0.0,0.0,0.0,0.0,False,0.0,0.0,0.0,,0.45323868886315083,0.0,0.0,0.20395740998841788,False
precipitation,terrain_slope,terrain,0.3940477718278848,0.3940477718278848,1265,0.0,0.0,0.0,0.0,False,0.0,0.0,0.0,,0.4509235689634067,0.0,0.0,0.202915606033533,False
aridity,terrain_slope,terrain,0.39200210933544344,0.39200210933544344,1265,0.0,0.0,0.0,0.0,False,0.0,0.0,0.0,,0.44858213731031515,0.0,0.0,0.20186196178964183,False
runoff,deep_gravity_gradient,geophysics,0.2620736891800321,0.2620736891800321,1331,0.0,0.0,0.0,0.0,True,1.0,0.3333333333333333,0.3960150486534436,undirected_cross_environment_association,0.2998682039453888,0.0,0.3333333333333333,0.20160735844209166,False
runoff,terrain_elevation,terrain,0.3910550878650774,0.3910550878650774,1265,0.0,0.0,0.0,0.0,False,0.0,0.0,0.0,,0.4474981921067122,0.0,0.0,0.2013741864480205,False
evapotranspiration_ratio,terrain_slope,terrain,0.3875363267755142,0.3875363267755142,1265,0.0,0.0,0.0,0.0,False,0.0,0.0,0.0,,0.44347067602074364,0.0,0.0,0.19956180420933464,False
aridity,shallow_gravity_source_density,geophysics,-0.38154133602780427,0.38154133602780427,1331,0.0,0.0,0.0,0.0,False,0.0,0.0,0.0,,0.4366089081834076,0.0,0.0,0.19647400868253342,False
vapor_pressure,terrain_relief,terrain,-0.37954472018098784,0.37954472018098784,1265,0.0,0.0,0.0,0.0,False,0.0,0.0,0.0,,0.43432361451445006,0.0,0.0,0.19544562653150252,False
water_balance,unconsolidated_cover,geology,-0.37733605769156675,0.37733605769156675,1331,0.0,0.0,0.0,0.0,False,0.0,0.0,0.0,,0.43179561574493913,0.0,0.0,0.1943080270852226,False
water_deficit,terrain_relief,terrain,-0.37582124785046844,0.37582124785046844,1265,0.0,0.0,0.0,0.0,False,0.0,0.0,0.0,,0.4300617893080428,0.0,0.0,0.19352780518861926,False
actual_evapotranspiration,deep_gravity_gradient,geophysics,0.3633958448114384,0.3633958448114384,1331,0.0,0.0,0.0,0.0,False,0.0,0.0,0.0,,0.4158398772939629,0.0,0.0,0.1871279447822833,False
mean_temperature,terrain_relief,terrain,-0.3601883923917879,0.3601883923917879,1265,0.0,0.0,0.0,0.0,False,0.0,0.0,0.0,,0.41216867999289103,0.0,0.0,0.18547590599680097,False
solar_radiation,deep_regional_gravity_anomaly,geophysics,0.3568155489130141,0.3568155489130141,1331,0.0,0.0,0.0,0.0,False,0.0,0.0,0.0,,0.4083081788049852,0.0,0.0,0.18373868046224334,False
actual_evapotranspiration,terrain_roughness,terrain,0.35359982761571856,0.35359982761571856,1265,0.0,0.0,0.0,0.0,False,0.0,0.0,0.0,,0.40462751708252165,0.0,0.0,0.18208238268713475,False
precipitation,shallow_gravity_source_density,geophysics,-0.3498646506775269,0.3498646506775269,1331,0.0,0.0,0.0,0.0,False,0.0,0.0,0.0,,0.4003522949746255,0.0,0.0,0.18015853273858148,False
vapor_pressure_deficit,terrain_relief,terrain,-0.34619340358796985,0.34619340358796985,1265,0.0,0.0,0.0,0.0,False,0.0,0.0,0.0,,0.3961502459203114,0.0,0.0,0.17826761066414012,False
actual_evapotranspiration,deep_gravity_source_strength,geophysics,0.34509774219740946,0.34509774219740946,1331,0.0,0.0,0.0,0.0,False,0.0,0.0,0.0,,0.3948961699080623,0.0,0.0,0.17770327645862805,False
diurnal_temperature_range,fault_density,structure,-0.21259537510105989,0.21259537510105989,1331,0.0,0.0,0.0,0.0,True,1.0,0.3333333333333333,0.4181554559158345,undirected_cross_environment_association,0.24323613919659948,0.0,0.3333333333333333,0.17612292930513643,False
solar_radiation,regional_gravity_anomaly,geophysics,0.340945126877892,0.340945126877892,1331,0.0,0.0,0.0,0.0,False,0.0,0.0,0.0,,0.39014315469262123,0.0,0.0,0.17556441961167957,False
water_deficit,unconsolidated_cover,geology,0.3330952867121631,0.3330952867121631,1331,0.0,0.0,0.0,0.0,False,0.0,0.0,0.0,,0.3811583567097381,0.0,0.0,0.17152126051938213,False
actual_evapotranspiration,terrain_slope,terrain,0.33163025856955164,0.33163025856955164,1265,0.0,0.0,0.0,0.0,False,0.0,0.0,0.0,,0.3794815095863954,0.0,0.0,0.17076667931387796,False
diurnal_temperature_range,unconsolidated_cover,geology,0.3300909914995449,0.3300909914995449,1331,0.0,0.0,0.0,0.0,False,0.0,0.0,0.0,,0.37771968980742787,0.0,0.0,0.16997386041334256,False
max_temperature,unconsolidated_cover,geology,0.32679829484748446,0.32679829484748446,1331,0.0,0.0,0.0,0.0,False,0.0,0.0,0.0,,0.37395092335956587,0.0,0.0,0.16827791551180465,False
potential_evapotranspiration,terrain_relief,terrain,-0.32640214790551075,0.32640214790551075,1265,0.0,0.0,0.0,0.0,False,0.0,0.0,0.0,,0.3734975000834194,0.0,0.0,0.16807387503753873,False
water_balance,terrain_slope,terrain,0.3254091904753295,0.3254091904753295,1265,0.0,0.0,0.0,0.0,False,0.0,0.0,0.0,,0.37236097733551293,0.0,0.0,0.16756243980098082,False
water_balance,shallow_gravity_source_density,geophysics,-0.32151553149126594,0.32151553149126594,1331,0.0,0.0,0.0,0.0,False,0.0,0.0,0.0,,0.367904359283749,0.0,0.0,0.16555696167768705,False
water_balance,terrain_roughness,terrain,0.32009991463700815,0.32009991463700815,1265,0.0,0.0,0.0,0.0,False,0.0,0.0,0.0,,0.366284067508612,0.0,0.0,0.16482783037887538,False
max_temperature,terrain_slope,terrain,-0.31913129687461067,0.31913129687461067,1265,0.0,0.0,0.0,0.0,False,0.0,0.0,0.0,,0.3651754035442463,0.0,0.0,0.16432893159491085,False
actual_evapotranspiration,shallow_gravity_source_density,geophysics,-0.3129607458535206,0.3129607458535206,1331,0.0,0.0,0.0,0.0,False,0.0,0.0,0.0,,0.35811269230464504,0.0,0.0,0.16115071153709026,False
max_temperature,terrain_roughness,terrain,-0.3038730424534288,0.3038730424534288,1265,0.0,0.0,0.0,0.0,False,0.0,0.0,0.0,,0.34771105641724687,0.0,0.0,0.15646997538776108,False
water_deficit,shallow_gravity_source_density,geophysics,0.30382151409948155,0.30382151409948155,1331,0.0,0.0,0.0,0.0,False,0.0,0.0,0.0,,0.34765207791057257,0.0,0.0,0.15644343505975766,False
wind_speed,carbonate_geology,geology,0.17313265940952532,0.17313265940952532,1331,0.0,0.17313265940952532,0.17313265940952532,1.0,True,1.0,0.3333333333333333,0.2761705488479297,undirected_cross_environment_association,0.19806776368083298,0.0,0.3333333333333333,0.15579716032304153,False
water_deficit,terrain_slope,terrain,-0.29959933478677714,0.29959933478677714,1265,0.0,0.0,0.0,0.0,False,0.0,0.0,0.0,,0.342819440892334,0.0,0.0,0.1542687484015503,False
mean_temperature,unconsolidated_cover,geology,0.29900853857507453,0.29900853857507453,1331,0.0,0.0,0.0,0.0,False,0.0,0.0,0.0,,0.3421432252625719,0.0,0.0,0.15396445136815737,False
potential_evapotranspiration,unconsolidated_cover,geology,0.293082931457018,0.293082931457018,1331,0.0,0.0,0.0,0.0,False,0.0,0.0,0.0,,0.33536087278689847,0.0,0.0,0.1509123927541043,False
vapor_pressure_deficit,unconsolidated_cover,geology,0.29307697377412295,0.29307697377412295,1331,0.0,0.0,0.0,0.0,False,0.0,0.0,0.0,,0.33535405372101584,0.0,0.0,0.15090932417445713,False
vapor_pressure,terrain_slope,terrain,-0.29067006250761235,0.29067006250761235,1265,0.0,0.0,0.0,0.0,False,0.0,0.0,0.0,,0.33259914266094903,0.0,0.0,0.14966961419742708,False
water_deficit,terrain_roughness,terrain,-0.2903327077164236,0.2903327077164236,1265,0.0,0.0,0.0,0.0,False,0.0,0.0,0.0,,0.3322130119139025,0.0,0.0,0.14949585536125615,False
min_temperature,terrain_relief,terrain,-0.28921776465531734,0.28921776465531734,1265,0.0,0.0,0.0,0.0,False,0.0,0.0,0.0,,0.33093686641858505,0.0,0.0,0.14892158988836326,False
evapotranspiration_ratio,regional_gravity_anomaly,geophysics,-0.287728376237032,0.287728376237032,1331,0.0,0.0,0.0,0.0,False,0.0,0.0,0.0,,0.3292321369242493,0.0,0.0,0.1481544616159122,False
mean_temperature,terrain_slope,terrain,-0.28701833085960116,0.28701833085960116,1265,0.0,0.0,0.0,0.0,False,0.0,0.0,0.0,,0.32841943066014617,0.0,0.0,0.14778874379706577,False
vapor_pressure,Ag_anomaly,geochemistry,-0.2848215201010695,0.2848215201010695,1331,0.0,0.2848215201010695,0.2848215201010695,1.0,False,0.0,0.0,0.0,,0.32590499718693944,0.0,0.0,0.14665724873412275,False
soil_moisture,igneous_geology,geology,0.2848024335317893,0.2848024335317893,1331,0.0,0.2848024335317893,0.2848024335317893,1.0,False,0.0,0.0,0.0,,0.32588315101357185,0.0,0.0,0.14664741795610733,False
actual_evapotranspiration,terrain_elevation,terrain,0.28462297753112303,0.28462297753112303,1265,0.0,0.0,0.0,0.0,False,0.0,0.0,0.0,,0.32567774862591026,0.0,0.0,0.14655498688165963,False
soil_moisture,fault_density,structure,0.28300536643950797,0.28300536643950797,1331,0.0,0.28300536643950797,0.28300536643950797,1.0,False,0.0,0.0,0.0,,0.3238262575679795,0.0,0.0,0.14572181590559077,False
vapor_pressure,terrain_roughness,terrain,-0.28255073215295323,0.28255073215295323,1265,0.0,0.0,0.0,0.0,False,0.0,0.0,0.0,,0.3233058906389024,0.0,0.0,0.14548765078750608,False
aridity,regional_gravity_anomaly,geophysics,-0.2823710540050697,0.2823710540050697,1331,0.0,0.0,0.0,0.0,False,0.0,0.0,0.0,,0.32310023398518856,0.0,0.0,0.14539510529333485,False
snow_influence,terrain_relief,terrain,0.2818661888856595,0.2818661888856595,1265,0.0,0.0,0.0,0.0,False,0.0,0.0,0.0,,0.32252237367074443,0.0,0.0,0.145135068151835,False
soil_moisture,deep_gravity_source_strength,geophysics,0.2811494332961011,0.2811494332961011,1331,0.0,0.0,0.0,0.0,False,0.0,0.0,0.0,,0.3217019870081726,0.0,0.0,0.14476589415367766,False
runoff,shallow_gravity_source_density,geophysics,-0.28087518511105397,0.28087518511105397,1331,0.0,0.0,0.0,0.0,False,0.0,0.0,0.0,,0.3213880870448869,0.0,0.0,0.1446246391701991,False
vapor_pressure_deficit,terrain_slope,terrain,-0.2798439349078778,0.2798439349078778,1265,0.0,0.0,0.0,0.0,False,0.0,0.0,0.0,,0.32020773501863836,0.0,0.0,0.14409348075838727,False
vapor_pressure_deficit,shallow_gravity_source_density,geophysics,0.27871877237523396,0.27871877237523396,1331,0.0,0.0,0.0,0.0,False,0.0,0.0,0.0,,0.3189198924842324,0.0,0.0,0.1435139516179046,False
actual_evapotranspiration,intrusive_geology,geology,0.14806046853264165,0.14806046853264165,1331,0.0,0.0,0.0,0.0,True,1.0,0.3333333333333333,0.4454619153745507,undirected_cross_environment_association,0.16937054625205397,0.0,0.3333333333333333,0.14288341248009095,False
vapor_pressure,unconsolidated_cover,geology,0.2772981075809992,0.2772981075809992,1331,0.0,0.0,0.0,0.0,False,0.0,0.0,0.0,,0.3172938229199984,0.0,0.0,0.1427822203139993,False
soil_moisture,shallow_gravity_source_density,geophysics,-0.2734835502322772,0.2734835502322772,1331,0.0,0.0,0.0,0.0,False,0.0,0.0,0.0,,0.3129277432994197,0.0,0.0,0.14081748448473885,False
mean_temperature,terrain_roughness,terrain,-0.2726984389585528,0.2726984389585528,1265,0.0,0.0,0.0,0.0,False,0.0,0.0,0.0,,0.3120291178446881,0.0,0.0,0.14041310303010965,False
runoff,igneous_geology,geology,0.27206125805959697,0.27206125805959697,1331,0.0,0.0,0.0,0.0,False,0.0,0.0,0.0,,0.3112998110645751,0.0,0.0,0.1400849149790588,False
diurnal_temperature_range,deep_gravity_gradient,geophysics,-0.1405520242445067,0.1405520242445067,1331,0.0,0.0,0.0,0.0,True,1.0,0.3333333333333333,0.4691147163773775,undirected_cross_environment_association,0.16077650437727128,0.0,0.3333333333333333,0.13901609363643874,False
potential_evapotranspiration,shallow_gravity_source_density,geophysics,0.26755468375711433,0.26755468375711433,1331,0.0,0.0,0.0,0.0,False,0.0,0.0,0.0,,0.3061416602171942,0.0,0.0,0.1377637470977374,False
potential_evapotranspiration,terrain_slope,terrain,-0.26492538732106724,0.26492538732106724,1265,0.0,0.0,0.0,0.0,False,0.0,0.0,0.0,,0.30313221074863883,0.0,0.0,0.13640949483688747,False
vapor_pressure_deficit,terrain_roughness,terrain,-0.263774857995386,0.263774857995386,1265,0.0,0.0,0.0,0.0,False,0.0,0.0,0.0,,0.3018153338000152,0.0,0.0,0.13581690021000684,False
evapotranspiration_ratio,deep_regional_gravity_anomaly,geophysics,-0.2627208309300233,0.2627208309300233,1331,0.0,0.0,0.0,0.0,False,0.0,0.0,0.0,,0.3006089117518159,0.0,0.0,0.13527401028831718,False
min_temperature,unconsolidated_cover,geology,0.2589090632340681,0.2589090632340681,1331,0.0,0.0,0.0,0.0,False,0.0,0.0,0.0,,0.29624602512192527,0.0,0.0,0.13331071130486638,False
aridity,deep_regional_gravity_anomaly,geophysics,-0.2550312275623026,0.2550312275623026,1331,0.0,0.0,0.0,0.0,False,0.0,0.0,0.0,,0.2918075181732433,0.0,0.0,0.1313133831779595,False
evapotranspiration_ratio,deep_gravity_source_strength,geophysics,0.251515004542174,0.251515004542174,1331,0.0,0.0,0.0,0.0,False,0.0,0.0,0.0,,0.28778290711981747,0.0,0.0,0.12950230820391787,False
potential_evapotranspiration,terrain_roughness,terrain,-0.2512805303638578,0.2512805303638578,1265,0.0,0.0,0.0,0.0,False,0.0,0.0,0.0,,0.2875145318306528,0.0,0.0,0.12938153932379376,False
vapor_pressure,deep_gravity_source_strength,geophysics,0.248498043294062,0.248498043294062,1331,0.0,0.0,0.0,0.0,False,0.0,0.0,0.0,,0.284329742881542,0.0,0.0,0.12794838429669392,False
max_temperature,shallow_gravity_source_density,geophysics,0.24793794828524587,0.24793794828524587,1331,0.0,0.0,0.0,0.0,False,0.0,0.0,0.0,,0.28368866734379994,0.0,0.0,0.12765990030470997,False
precipitation,igneous_geology,geology,0.24781148336626532,0.24781148336626532,1331,0.0,0.0,0.0,0.0,False,0.0,0.0,0.0,,0.2835439176769312,0.0,0.0,0.12759476295461905,False
runoff,deep_gravity_source_strength,geophysics,0.24463111944917915,0.24463111944917915,1331,0.0,0.0,0.0,0.0,False,0.0,0.0,0.0,,0.2799037254304924,0.0,0.0,0.12595667644372158,False
aridity,deep_gravity_source_strength,geophysics,0.24001019760522388,0.24001019760522388,1331,0.0,0.0,0.0,0.0,False,0.0,0.0,0.0,,0.27461469426729873,0.0,0.0,0.12357661242028443,False
vapor_pressure,deep_gravity_gradient,geophysics,0.2394415287344725,0.2394415287344725,1331,0.0,0.0,0.0,0.0,False,0.0,0.0,0.0,,0.27396380522816105,0.0,0.0,0.12328371235267248,False
evapotranspiration_ratio,deep_gravity_gradient,geophysics,0.23719593687870316,0.23719593687870316,1331,0.0,0.0,0.0,0.0,False,0.0,0.0,0.0,,0.2713935377131382,0.0,0.0,0.12212709197091218,False
min_temperature,terrain_slope,terrain,-0.23416147169482418,0.23416147169482418,1265,0.0,0.0,0.0,0.0,False,0.0,0.0,0.0,,0.26792033875779186,0.0,0.0,0.12056415244100634,False
mean_temperature,shallow_gravity_source_density,geophysics,0.233431236925161,0.233431236925161,1331,0.0,0.0,0.0,0.0,False,0.0,0.0,0.0,,0.2670845240473032,0.0,0.0,0.12018803582128644,False
solar_radiation,shallow_gravity_source_density,geophysics,0.22828327387482694,0.22828327387482694,1331,0.0,0.0,0.0,0.0,False,0.0,0.0,0.0,,0.26119225018515085,0.0,0.0,0.11753651258331789,False
aridity,deep_gravity_gradient,geophysics,0.2280869494278712,0.2280869494278712,1331,0.0,0.0,0.0,0.0,False,0.0,0.0,0.0,,0.26096754045122533,0.0,0.0,0.11743539320305141,False
diurnal_temperature_range,shallow_gravity_source_strength,geophysics,-0.097629534289505,0.097629534289505,1331,0.0,0.0,0.0,0.0,True,1.0,0.3333333333333333,0.4547928621252594,undirected_cross_environment_association,0.11164812812679634,0.0,0.3333333333333333,0.11690832432372503,False
actual_evapotranspiration,igneous_geology,geology,0.22526049990459063,0.22526049990459063,1331,0.0,0.0,0.0,0.0,False,0.0,0.0,0.0,,0.25773243280070746,0.0,0.0,0.11597959476031836,False
soil_moisture,regional_gravity_anomaly,geophysics,-0.22489660993524277,0.22489660993524277,1331,0.0,0.0,0.0,0.0,False,0.0,0.0,0.0,,0.2573159303250441,0.0,0.0,0.11579216864626983,False
snow_influence,deep_gravity_gradient,geophysics,-0.2239549298826534,0.2239549298826534,1331,0.0,0.0,0.0,0.0,False,0.0,0.0,0.0,,0.25623809882040216,0.0,0.0,0.11530714446918097,False
actual_evapotranspiration,shallow_gravity_source_strength,geophysics,-0.22237165708361697,0.22237165708361697,1331,0.0,0.22237165708361697,0.22237165708361697,1.0,False,0.0,0.0,0.0,,0.2544259108075504,0.0,0.0,0.11449165986339768,False
min_temperature,terrain_roughness,terrain,-0.2213139162357024,0.2213139162357024,1265,0.0,0.0,0.0,0.0,False,0.0,0.0,0.0,,0.2532152380249061,0.0,0.0,0.11394685711120774,False
snow_influence,terrain_slope,terrain,0.220669494400209,0.220669494400209,1265,0.0,0.0,0.0,0.0,False,0.0,0.0,0.0,,0.252477643387891,0.0,0.0,0.11361493952455097,False
evapotranspiration_ratio,sedimentary_geology,geology,0.22056650019683743,0.22056650019683743,1331,0.0,0.22056650019683743,0.22056650019683743,1.0,False,0.0,0.0,0.0,,0.2523597579161917,0.0,0.0,0.11356189106228627,False
aridity,igneous_geology,geology,0.2184112993825918,0.2184112993825918,1331,0.0,0.0,0.0,0.0,False,0.0,0.0,0.0,,0.24989295050104426,0.0,0.0,0.11245182772546992,False
aridity,sedimentary_geology,geology,0.21570741519820572,0.21570741519820572,1331,0.0,0.0,0.0,0.0,False,0.0,0.0,0.0,,0.24679812912214733,0.0,0.0,0.1110591581049663,False
snow_influence,unconsolidated_cover,geology,-0.21404827652890007,0.21404827652890007,1331,0.0,0.0,0.0,0.0,False,0.0,0.0,0.0,,0.2448991062816082,0.0,0.0,0.11020459782672369,False
precipitation,Au_anomaly,geochemistry,-0.21323636139331018,0.21323636139331018,1329,0.0,0.21323636139331018,0.21323636139331018,1.0,False,0.0,0.0,0.0,,0.2439698015673073,0.0,0.0,0.10978641070528829,False
min_temperature,shallow_gravity_source_density,geophysics,0.20996186915943635,0.20996186915943635,1331,0.0,0.0,0.0,0.0,False,0.0,0.0,0.0,,0.24022187159717598,0.0,0.0,0.10809984221872919,False
evapotranspiration_ratio,igneous_geology,geology,0.20989695057291566,0.20989695057291566,1331,0.0,0.0,0.0,0.0,False,0.0,0.0,0.0,,0.2401475668504667,0.0,0.0,0.10806640508271002,False
vapor_pressure,As_Sb_Bi_pathfinder,geochemistry,-0.20953668545654408,0.20953668545654408,1331,0.0,0.20953668545654408,0.20953668545654408,1.0,False,0.0,0.0,0.0,,0.2397352133219184,0.0,0.0,0.10788084599486329,False
snow_influence,terrain_roughness,terrain,0.20617433097860777,0.20617433097860777,1265,0.0,0.0,0.0,0.0,False,0.0,0.0,0.0,,0.235886717671906,0.0,0.0,0.1061490229523577,False
soil_moisture,deep_regional_gravity_anomaly,geophysics,-0.204560405562369,0.204560405562369,1331,0.0,0.0,0.0,0.0,False,0.0,0.0,0.0,,0.2340394451774094,0.0,0.0,0.10531775032983423,False
wind_speed,fault_proximity,structure,0.07446928703768275,0.07446928703768275,1331,0.0,0.0,0.0,0.0,True,1.0,0.3333333333333333,0.4695330380236842,undirected_cross_environment_association,0.08513928993417508,0.0,0.3333333333333333,0.10497934713704546,False
actual_evapotranspiration,Au_anomaly,geochemistry,-0.20377673006159489,0.20377673006159489,1329,0.0,0.0,0.0,0.0,False,0.0,0.0,0.0,,0.23314246308478911,0.0,0.0,0.1049141083881551,False
wind_speed,shallow_gravity_source_strength,geophysics,-0.07433776610948963,0.07433776610948963,1331,0.0,0.0,0.0,0.0,True,1.0,0.3333333333333333,0.4463960940555851,undirected_cross_environment_association,0.08498875324229495,0.0,0.3333333333333333,0.1049116056256994,False
wind_speed,terrain_relief,terrain,0.2033299797508172,0.2033299797508172,1265,0.0,0.0,0.0,0.0,False,0.0,0.0,0.0,,0.23263112002475433,0.0,0.0,0.10468400401113945,False
max_temperature,fault_density,structure,-0.20323992612648253,0.20323992612648253,1331,0.0,0.0,0.0,0.0,False,0.0,0.0,0.0,,0.23252804612704545,0.0,0.0,0.10463762075717045,False
snow_influence,deep_gravity_source_strength,geophysics,-0.20094288956342485,0.20094288956342485,1331,0.0,0.0,0.0,0.0,False,0.0,0.0,0.0,,0.22989889584593867,0.0,0.0,0.1034545031306724,False
water_deficit,fault_density,structure,-0.1999034234424943,0.1999034234424943,1331,0.0,0.0,0.0,0.0,False,0.0,0.0,0.0,,0.2287091400153185,0.0,0.0,0.10291911300689333,False
vapor_pressure_deficit,fault_density,structure,-0.19786767756083923,0.19786767756083923,1331,0.0,0.0,0.0,0.0,False,0.0,0.0,0.0,,0.22637905875187936,0.0,0.0,0.10187057643834571,False
min_temperature,deep_gravity_gradient,geophysics,0.1971756916904872,0.1971756916904872,1331,0.0,0.0,0.0,0.0,False,0.0,0.0,0.0,,0.22558702310263565,0.0,0.0,0.10151416039618605,False
mean_temperature,fault_density,structure,-0.19538292074607916,0.19538292074607916,1331,0.0,0.0,0.0,0.0,False,0.0,0.0,0.0,,0.2235350469572598,0.0,0.0,0.1005907711307669,False
vapor_pressure,W_Re_pathfinder,geochemistry,-0.19437939355538142,0.19437939355538142,1331,0.0,0.19437939355538142,0.19437939355538142,1.0,False,0.0,0.0,0.0,,0.22238642623525912,0.0,0.0,0.10007389180586661,False
water_balance,fault_density,structure,0.19412896019620335,0.19412896019620335,1331,0.0,0.0,0.0,0.0,False,0.0,0.0,0.0,,0.22209978433008845,0.0,0.0,0.0999449029485398,False
diurnal_temperature_range,fault_proximity,structure,-0.19216757004506937,0.19216757004506937,1331,0.0,0.0,0.0,0.0,False,0.0,0.0,0.0,,0.2198548094132114,0.0,0.0,0.09893466423594513,False
solar_radiation,terrain_relief,terrain,-0.19201592600817602,0.19201592600817602,1265,0.0,0.0,0.0,0.0,False,0.0,0.0,0.0,,0.21968124014198673,0.0,0.0,0.09885655806389403,False
precipitation,shallow_gravity_source_strength,geophysics,-0.19141779932137998,0.19141779932137998,1331,0.0,0.0,0.0,0.0,False,0.0,0.0,0.0,,0.21899663417096382,0.0,0.0,0.09854848537693373,False
precipitation,sedimentary_geology,geology,0.18734550338332592,0.18734550338332592,1331,0.0,0.0,0.0,0.0,False,0.0,0.0,0.0,,0.21433555119889622,0.0,0.0,0.0964509980395033,False
potential_evapotranspiration,fault_density,structure,-0.18668858679345943,0.18668858679345943,1331,0.0,0.0,0.0,0.0,False,0.0,0.0,0.0,,0.21358365527147044,0.0,0.0,0.0961126448721617,False
solar_radiation,fault_density,structure,-0.18596156192111382,0.18596156192111382,1331,0.0,0.0,0.0,0.0,False,0.0,0.0,0.0,,0.21275151455667282,0.0,0.0,0.09573818155050277,False
vapor_pressure,fault_density,structure,-0.18515683475654526,0.18515683475654526,1331,0.0,0.0,0.0,0.0,False,0.0,0.0,0.0,,0.21183043707581492,0.0,0.0,0.09532369668411672,False
min_temperature,Ag_anomaly,geochemistry,-0.1834396555804608,0.1834396555804608,1331,0.0,0.0,0.0,0.0,False,0.0,0.0,0.0,,0.20986498202554638,0.0,0.0,0.09443924191149587,False
actual_evapotranspiration,sedimentary_geology,geology,0.18181948225276592,0.18181948225276592,1331,0.0,0.0,0.0,0.0,False,0.0,0.0,0.0,,0.20801055827432824,0.0,0.0,0.0936047512234477,False
water_balance,sedimentary_geology,geology,0.1807896899419859,0.1807896899419859,1331,0.0,0.0,0.0,0.0,False,0.0,0.0,0.0,,0.206831874927745,0.0,0.0,0.09307434371748524,False
min_temperature,deep_gravity_source_strength,geophysics,0.18009413878769234,0.18009413878769234,1331,0.0,0.0,0.0,0.0,False,0.0,0.0,0.0,,0.2060357585131239,0.0,0.0,0.09271609133090575,False
precipitation,As_Sb_Bi_pathfinder,geochemistry,-0.04892015439046707,0.04892015439046707,1331,0.0,0.0,0.0,0.0,True,1.0,0.3333333333333333,0.4226176831857923,candidate_control_on_geochemical_expression,0.05589617279717777,0.0,0.3333333333333333,0.09181994442539666,False
aridity,fault_density,structure,0.17824321056773765,0.17824321056773765,1331,0.0,0.0,0.0,0.0,False,0.0,0.0,0.0,,0.20391721650640696,0.0,0.0,0.09176274742788314,False
min_temperature,fault_density,structure,-0.1754561881463314,0.1754561881463314,1331,0.0,0.0,0.0,0.0,False,0.0,0.0,0.0,,0.20072723646841525,0.0,0.0,0.09032725641078687,False
runoff,fault_density,structure,0.17308319470495614,0.17308319470495614,1331,0.0,0.0,0.0,0.0,False,0.0,0.0,0.0,,0.19801114719330534,0.0,0.0,0.08910501623698741,False
soil_moisture,intrusive_geology,geology,0.1717559315631096,0.1717559315631096,1331,0.0,0.1717559315631096,0.1717559315631096,1.0,False,0.0,0.0,0.0,,0.1964919836246404,0.0,0.0,0.08842139263108818,False
evapotranspiration_ratio,fault_density,structure,0.1700307140916996,0.1700307140916996,1331,0.0,0.0,0.0,0.0,False,0.0,0.0,0.0,,0.19451732807371175,0.0,0.0,0.08753279763317029,False
evapotranspiration_ratio,shallow_gravity_source_strength,geophysics,-0.16890749891427356,0.16890749891427356,1331,0.0,0.0,0.0,0.0,False,0.0,0.0,0.0,,0.19323171445006876,0.0,0.0,0.08695427150253095,False
runoff,shallow_gravity_source_strength,geophysics,-0.1675590340676096,0.1675590340676096,1331,0.0,0.0,0.0,0.0,False,0.0,0.0,0.0,,0.19168828375867836,0.0,0.0,0.08625972769140526,False
vapor_pressure,Au_anomaly,geochemistry,-0.16680836782124359,0.16680836782124359,1329,0.0,0.0,0.0,0.0,False,0.0,0.0,0.0,,0.1908290835158997,0.0,0.0,0.08587308758215487,False
diurnal_temperature_range,igneous_geology,geology,-0.1661652619613931,0.1661652619613931,1331,0.0,0.0,0.0,0.0,False,0.0,0.0,0.0,,0.19009299512296765,0.0,0.0,0.08554184780533544,False
water_balance,igneous_geology,geology,0.1657489735933628,0.1657489735933628,1331,0.0,0.0,0.0,0.0,False,0.0,0.0,0.0,,0.18961651830173173,0.0,0.0,0.08532743323577928,False
mean_temperature,Ag_anomaly,geochemistry,-0.16535306097600114,0.16535306097600114,1331,0.0,0.0,0.0,0.0,False,0.0,0.0,0.0,,0.18916336322968338,0.0,0.0,0.08512351345335753,False
solar_radiation,Cu_anomaly,geochemistry,0.1633746851061307,0.1633746851061307,1331,0.0,0.1633746851061307,0.1633746851061307,1.0,False,0.0,0.0,0.0,,0.18689894673842786,0.0,0.0,0.08410452603229254,False
runoff,As_Sb_Bi_pathfinder,geochemistry,-0.03385925465137285,0.03385925465137285,1331,0.0,0.0,0.0,0.0,True,1.0,0.3333333333333333,0.2719175087530665,candidate_control_on_geochemical_expression,0.0386577145942962,0.0,0.3333333333333333,0.08406263823409996,False
diurnal_temperature_range,terrain_elevation,terrain,-0.16181378948285582,0.16181378948285582,1265,0.0,0.0,0.0,0.0,False,0.0,0.0,0.0,,0.18511237127301658,0.0,0.0,0.08330056707285746,False
aridity,shallow_gravity_source_strength,geophysics,-0.16149023824250097,0.16149023824250097,1331,0.0,0.0,0.0,0.0,False,0.0,0.0,0.0,,0.18474203984329,0.0,0.0,0.0831339179294805,False
runoff,sedimentary_geology,geology,0.16035866762175904,0.16035866762175904,1331,0.0,0.0,0.0,0.0,False,0.0,0.0,0.0,,0.18344686271661179,0.0,0.0,0.08255108822247531,False
solar_radiation,terrain_slope,terrain,-0.15846065225491165,0.15846065225491165,1265,0.0,0.0,0.0,0.0,False,0.0,0.0,0.0,,0.1812744255357908,0.0,0.0,0.08157349149110586,False
mean_temperature,deep_gravity_gradient,geophysics,0.15726991747765875,0.15726991747765875,1331,0.0,0.0,0.0,0.0,False,0.0,0.0,0.0,,0.17991153008837538,0.0,0.0,0.08096018853976893,False
water_deficit,sedimentary_geology,geology,-0.15698279619643407,0.15698279619643407,1331,0.0,0.0,0.0,0.0,False,0.0,0.0,0.0,,0.17958289579087042,0.0,0.0,0.08081230310589169,False
max_temperature,igneous_geology,geology,-0.15605515192548933,0.15605515192548933,1331,0.0,0.0,0.0,0.0,False,0.0,0.0,0.0,,0.17852112941111592,0.0,0.0,0.08033450823500217,False
runoff,fault_proximity,structure,0.15546277060866592,0.15546277060866592,1331,0.0,0.0,0.0,0.0,False,0.0,0.0,0.0,,0.17784309949609559,0.0,0.0,0.08002939477324301,False
precipitation,intrusive_geology,geology,0.15447825375632443,0.15447825375632443,1331,0.0,0.0,0.0,0.0,False,0.0,0.0,0.0,,0.17671623769480044,0.0,0.0,0.0795223069626602,False
runoff,Au_anomaly,geochemistry,-0.1530984747150476,0.1530984747150476,1329,0.0,0.0,0.0,0.0,False,0.0,0.0,0.0,,0.175136965291139,0.0,0.0,0.07881163438101256,False
aridity,fault_proximity,structure,0.15298459430274852,0.15298459430274852,1331,0.0,0.0,0.0,0.0,False,0.0,0.0,0.0,,0.1750066196436975,0.0,0.0,0.07875297883966387,False
mean_temperature,metamorphic_geology,geology,-0.15207368256117226,0.15207368256117226,1331,0.0,0.15207368256117226,0.15207368256117226,1.0,False,0.0,0.0,0.0,,0.17396400504193393,0.0,0.0,0.07828380226887027,False
precipitation,fault_density,structure,0.15177003400308828,0.15177003400308828,1331,0.0,0.0,0.0,0.0,False,0.0,0.0,0.0,,0.1736164538950852,0.0,0.0,0.07812740425278834,False
max_temperature,metamorphic_geology,geology,-0.1514467911749473,0.1514467911749473,1331,0.0,0.0,0.0,0.0,False,0.0,0.0,0.0,,0.17324647546890753,0.0,0.0,0.07796091396100839,False
diurnal_temperature_range,shallow_gravity_source_density,geophysics,0.1513509831098141,0.1513509831098141,1331,0.0,0.0,0.0,0.0,False,0.0,0.0,0.0,,0.1731368151328779,0.0,0.0,0.07791156680979505,False
diurnal_temperature_range,deep_gravity_source_strength,geophysics,-0.1513297595601094,0.1513297595601094,1331,0.0,0.0,0.0,0.0,False,0.0,0.0,0.0,,0.17311252300685365,0.0,0.0,0.07790063535308414,False
vapor_pressure,carbonate_geology,geology,-0.15070703769587665,0.15070703769587665,1331,0.0,0.0,0.0,0.0,False,0.0,0.0,0.0,,0.17239976580014227,0.0,0.0,0.07757989461006402,False
snow_influence,Ag_anomaly,geochemistry,0.15001094978590512,0.15001094978590512,1331,0.0,0.0,0.0,0.0,False,0.0,0.0,0.0,,0.17160303502379776,0.0,0.0,0.077221365760709,False
max_temperature,Ag_anomaly,geochemistry,-0.14956358740913417,0.14956358740913417,1331,0.0,0.0,0.0,0.0,False,0.0,0.0,0.0,,0.17109099140309095,0.0,0.0,0.07699094613139093,False
potential_evapotranspiration,metamorphic_geology,geology,-0.148852149736392,0.148852149736392,1331,0.0,0.0,0.0,0.0,False,0.0,0.0,0.0,,0.17027669154066727,0.0,0.0,0.07662451119330027,False
mean_temperature,igneous_geology,geology,-0.1485424923856683,0.1485424923856683,1331,0.0,0.0,0.0,0.0,False,0.0,0.0,0.0,,0.16992226282856254,0.0,0.0,0.07646501827285315,False
vapor_pressure,Mo_anomaly,geochemistry,-0.14817690533942712,0.14817690533942712,1331,0.0,0.14817690533942712,0.14817690533942712,1.0,False,0.0,0.0,0.0,,0.16950381790659122,0.0,0.0,0.07627671805796606,False
wind_speed,terrain_slope,terrain,0.14798041077502,0.14798041077502,1265,0.0,0.0,0.0,0.0,False,0.0,0.0,0.0,,0.169278913459028,0.0,0.0,0.0761755110565626,False
min_temperature,metamorphic_geology,geology,-0.1479640621439588,0.1479640621439588,1331,0.0,0.0,0.0,0.0,False,0.0,0.0,0.0,,0.16926020108472734,0.0,0.0,0.07616709048812731,False
vapor_pressure_deficit,metamorphic_geology,geology,-0.14785313803422898,0.14785313803422898,1331,0.0,0.0,0.0,0.0,False,0.0,0.0,0.0,,0.16913323917259762,0.0,0.0,0.07610995762766894,False
soil_moisture,sedimentary_geology,geology,0.14689570242945163,0.14689570242945163,1331,0.0,0.0,0.0,0.0,False,0.0,0.0,0.0,,0.16803737412198164,0.0,0.0,0.07561681835489174,False
vapor_pressure,fault_proximity,structure,-0.14663309099307284,0.14663309099307284,1331,0.0,0.0,0.0,0.0,False,0.0,0.0,0.0,,0.16773679338988476,0.0,0.0,0.07548155702544815,False
evapotranspiration_ratio,fault_proximity,structure,0.14546073583435867,0.14546073583435867,1331,0.0,0.0,0.0,0.0,False,0.0,0.0,0.0,,0.16639493495164234,0.0,0.0,0.07487772072823906,False
diurnal_temperature_range,intrusive_geology,geology,-0.14508055249048815,0.14508055249048815,1331,0.0,0.0,0.0,0.0,False,0.0,0.0,0.0,,0.16595978334740372,0.0,0.0,0.07468190250633168,False
wind_speed,Ag_anomaly,geochemistry,0.14488441145203948,0.14488441145203948,1331,0.0,0.0,0.0,0.0,False,0.0,0.0,0.0,,0.16573528353983974,0.0,0.0,0.07458087759292789,False
water_deficit,metamorphic_geology,geology,-0.14482959225072975,0.14482959225072975,1331,0.0,0.0,0.0,0.0,False,0.0,0.0,0.0,,0.16567253838338403,0.0,0.0,0.07455264227252281,False
water_deficit,igneous_geology,geology,-0.14411728856403194,0.14411728856403194,1331,0.0,0.0,0.0,0.0,False,0.0,0.0,0.0,,0.16485724729562615,0.0,0.0,0.07418576128303177,False
max_temperature,fault_proximity,structure,-0.1438408109523008,0.1438408109523008,1331,0.0,0.0,0.0,0.0,False,0.0,0.0,0.0,,0.16454079556721524,0.0,0.0,0.07404335800524686,False
water_deficit,fault_proximity,structure,-0.1437026018652748,0.1437026018652748,1331,0.0,0.0,0.0,0.0,False,0.0,0.0,0.0,,0.16438260371870492,0.0,0.0,0.07397217167341721,False
vapor_pressure,igneous_geology,geology,-0.14247261766407993,0.14247261766407993,1331,0.0,0.0,0.0,0.0,False,0.0,0.0,0.0,,0.1629747840260032,0.0,0.0,0.07333865281170145,False
potential_evapotranspiration,deep_gravity_gradient,geophysics,0.14193074917305673,0.14193074917305673,1331,0.0,0.0,0.0,0.0,False,0.0,0.0,0.0,,0.16235457026083783,0.0,0.0,0.07305955661737702,False
water_balance,metamorphic_geology,geology,0.1414339232031725,0.1414339232031725,1331,0.0,0.0,0.0,0.0,False,0.0,0.0,0.0,,0.16178591142475754,0.0,0.0,0.0728036601411409,False
evapotranspiration_ratio,metamorphic_geology,geology,0.14134685299605684,0.14134685299605684,1331,0.0,0.0,0.0,0.0,False,0.0,0.0,0.0,,0.16168625229734276,0.0,0.0,0.07275881353380424,False
potential_evapotranspiration,sedimentary_geology,geology,-0.14116288447058958,0.14116288447058958,1331,0.0,0.0,0.0,0.0,False,0.0,0.0,0.0,,0.16147568494799103,0.0,0.0,0.07266405822659597,False
water_balance,fault_proximity,structure,0.14103407915502084,0.14103407915502084,1331,0.0,0.0,0.0,0.0,False,0.0,0.0,0.0,,0.16132825650166938,0.0,0.0,0.07259771542575122,False
mean_temperature,fault_proximity,structure,-0.1402906472091845,0.1402906472091845,1331,0.0,0.0,0.0,0.0,False,0.0,0.0,0.0,,0.1604773365203272,0.0,0.0,0.07221480143414724,False
mean_temperature,deep_gravity_source_strength,geophysics,0.13953278070463795,0.13953278070463795,1331,0.0,0.0,0.0,0.0,False,0.0,0.0,0.0,,0.1596098949804252,0.0,0.0,0.07182445274119134,False
diurnal_temperature_range,sedimentary_geology,geology,-0.1384242035137418,0.1384242035137418,1331,0.0,0.0,0.0,0.0,False,0.0,0.0,0.0,,0.15834103575547953,0.0,0.0,0.07125346608996579,False
max_temperature,sedimentary_geology,geology,-0.13749576580667053,0.13749576580667053,1331,0.0,0.0,0.0,0.0,False,0.0,0.0,0.0,,0.15727836122178068,0.0,0.0,0.07077526254980131,False
snow_influence,metamorphic_geology,geology,0.13696706376823375,0.13696706376823375,1331,0.0,0.0,0.0,0.0,False,0.0,0.0,0.0,,0.15667321756175664,0.0,0.0,0.07050294790279049,False
precipitation,fault_proximity,structure,0.13685966147017303,0.13685966147017303,1331,0.0,0.0,0.0,0.0,False,0.0,0.0,0.0,,0.15655028665735607,0.0,0.0,0.07044762899581024,False
aridity,metamorphic_geology,geology,0.13659291967565687,0.13659291967565687,1331,0.0,0.0,0.0,0.0,False,0.0,0.0,0.0,,0.15624497838524848,0.0,0.0,0.07031024027336182,False
snow_influence,fault_density,structure,0.136557242306415,0.136557242306415,1331,0.0,0.0,0.0,0.0,False,0.0,0.0,0.0,,0.15620414265503854,0.0,0.0,0.07029186419476735,False
solar_radiation,metamorphic_geology,geology,-0.13633171462280608,0.13633171462280608,1331,0.0,0.0,0.0,0.0,False,0.0,0.0,0.0,,0.15594600737661332,0.0,0.0,0.070175703319476,False
wind_speed,terrain_roughness,terrain,0.1359409477346891,0.1359409477346891,1265,0.0,0.0,0.0,0.0,False,0.0,0.0,0.0,,0.1554987420216499,0.0,0.0,0.06997443390974245,False
evapotranspiration_ratio,Au_anomaly,geochemistry,-0.1358851507332722,0.1358851507332722,1329,0.0,0.0,0.0,0.0,False,0.0,0.0,0.0,,0.15543487769126899,0.0,0.0,0.06994569496107104,False
max_temperature,carbonate_geology,geology,-0.135860304016648,0.135860304016648,1331,0.0,0.0,0.0,0.0,False,0.0,0.0,0.0,,0.1554064385479625,0.0,0.0,0.06993289734658312,False
runoff,intrusive_geology,geology,0.1357128441950454,0.1357128441950454,1331,0.0,0.0,0.0,0.0,False,0.0,0.0,0.0,,0.15523765846076074,0.0,0.0,0.06985694630734234,False
solar_radiation,terrain_roughness,terrain,-0.1355602322054115,0.1355602322054115,1265,0.0,0.0,0.0,0.0,False,0.0,0.0,0.0,,0.15506298128674478,0.0,0.0,0.06977834157903516,False
actual_evapotranspiration,mafic_geology,geology,0.1349995664211246,0.1349995664211246,1331,0.0,0.1349995664211246,0.1349995664211246,1.0,False,0.0,0.0,0.0,,0.15442125244878382,0.0,0.0,0.06948956360195273,False
soil_moisture,felsic_intermediate_geology,geology,0.1349160576333691,0.1349160576333691,1331,0.0,0.1349160576333691,0.1349160576333691,1.0,False,0.0,0.0,0.0,,0.15432566966341016,0.0,0.0,0.06944655134853457,False
aridity,Au_anomaly,geochemistry,-0.13460254511179198,0.13460254511179198,1329,0.0,0.0,0.0,0.0,False,0.0,0.0,0.0,,0.15396682838613515,0.0,0.0,0.06928507277376082,False
mean_temperature,carbonate_geology,geology,-0.13438088044254048,0.13438088044254048,1331,0.0,0.0,0.0,0.0,False,0.0,0.0,0.0,,0.15371311465042592,0.0,0.0,0.06917090159269167,False
precipitation,mafic_geology,geology,0.1333452665017112,0.1333452665017112,1331,0.0,0.0,0.0,0.0,False,0.0,0.0,0.0,,0.1525277679618103,0.0,0.0,0.06863749558281464,False
diurnal_temperature_range,felsic_intermediate_geology,geology,-0.13259272922609205,0.13259272922609205,1331,0.0,0.0,0.0,0.0,False,0.0,0.0,0.0,,0.1516664261697129,0.0,0.0,0.06824989177637081,False
snow_influence,shallow_gravity_source_density,geophysics,-0.1316943212380605,0.1316943212380605,1331,0.0,0.0,0.0,0.0,False,0.0,0.0,0.0,,0.15063812315866393,0.0,0.0,0.06778715542139876,False
vapor_pressure_deficit,fault_proximity,structure,-0.13147321474016435,0.13147321474016435,1331,0.0,0.0,0.0,0.0,False,0.0,0.0,0.0,,0.15038504829671034,0.0,0.0,0.06767327173351965,False
vapor_pressure_deficit,sedimentary_geology,geology,-0.1299695760786758,0.1299695760786758,1331,0.0,0.0,0.0,0.0,False,0.0,0.0,0.0,,0.14866400820831346,0.0,0.0,0.06689880369374106,False
min_temperature,carbonate_geology,geology,-0.12991913737247165,0.12991913737247165,1331,0.0,0.0,0.0,0.0,False,0.0,0.0,0.0,,0.14860627689452943,0.0,0.0,0.06687282460253825,False
vapor_pressure_deficit,igneous_geology,geology,-0.12958300919524798,0.12958300919524798,1331,0.0,0.0,0.0,0.0,False,0.0,0.0,0.0,,0.1482215501096588,0.0,0.0,0.06669969754934646,False
solar_radiation,Pb_Zn_background,geochemistry,0.129446988672741,0.129446988672741,1331,0.0,0.129446988672741,0.129446988672741,1.0,False,0.0,0.0,0.0,,0.14806586325611149,0.0,0.0,0.06662963846525018,False
max_temperature,deep_gravity_gradient,geophysics,0.12744965315265175,0.12744965315265175,1331,0.0,0.0,0.0,0.0,False,0.0,0.0,0.0,,0.14577974586095913,0.0,0.0,0.0656008856374316,False
potential_evapotranspiration,fault_proximity,structure,-0.12674531042425563,0.12674531042425563,1331,0.0,0.0,0.0,0.0,False,0.0,0.0,0.0,,0.14497356675517548,0.0,0.0,0.06523810503982896,False
snow_influence,igneous_geology,geology,0.1267323595496804,0.1267323595496804,1331,0.0,0.0,0.0,0.0,False,0.0,0.0,0.0,,0.14495874339708112,0.0,0.0,0.0652314345286865,False
solar_radiation,deep_gravity_gradient,geophysics,0.1250311338260917,0.1250311338260917,1331,0.0,0.0,0.0,0.0,False,0.0,0.0,0.0,,0.14301154840622496,0.0,0.0,0.06435519678280123,False
min_temperature,igneous_geology,geology,-0.12446079784416189,0.12446079784416189,1331,0.0,0.0,0.0,0.0,False,0.0,0.0,0.0,,0.1423587512190439,0.0,0.0,0.06406143804856976,False
solar_radiation,unconsolidated_cover,geology,0.12438788433034419,0.12438788433034419,1331,0.0,0.0,0.0,0.0,False,0.0,0.0,0.0,,0.14227529561000687,0.0,0.0,0.0640238830245031,False
min_temperature,fault_proximity,structure,-0.12324382406668968,0.12324382406668968,1331,0.0,0.0,0.0,0.0,False,0.0,0.0,0.0,,0.1409658230434116,0.0,0.0,0.06343462036953522,False
vapor_pressure_deficit,carbonate_geology,geology,-0.12273932209445165,0.12273932209445165,1331,0.0,0.0,0.0,0.0,False,0.0,0.0,0.0,,0.14038837838124962,0.0,0.0,0.06317477027156233,False
min_temperature,As_Sb_Bi_pathfinder,geochemistry,-0.12249705558062231,0.12249705558062231,1331,0.0,0.0,0.0,0.0,False,0.0,0.0,0.0,,0.14011108411298195,0.0,0.0,0.06304998785084188,False
solar_radiation,fault_proximity,structure,-0.1222843144543409,0.1222843144543409,1331,0.0,0.0,0.0,0.0,False,0.0,0.0,0.0,,0.13986758411783118,0.0,0.0,0.06294041285302403,False
runoff,mafic_geology,geology,0.12227937765033838,0.12227937765033838,1331,0.0,0.0,0.0,0.0,False,0.0,0.0,0.0,,0.13986193353314316,0.0,0.0,0.06293787008991443,False
potential_evapotranspiration,Cu_anomaly,geochemistry,0.12205783296046793,0.12205783296046793,1331,0.0,0.0,0.0,0.0,False,0.0,0.0,0.0,,0.13960835712386074,0.0,0.0,0.06282376070573734,False
snow_influence,carbonate_geology,geology,0.11965713426506874,0.11965713426506874,1331,0.0,0.0,0.0,0.0,False,0.0,0.0,0.0,,0.13686055687053802,0.0,0.0,0.06158725059174211,False
runoff,regional_gravity_anomaly,geophysics,-0.11834132196630522,0.11834132196630522,1331,0.0,0.0,0.0,0.0,False,0.0,0.0,0.0,,0.1353544997485857,0.0,0.0,0.06090952488686357,False
mean_temperature,sedimentary_geology,geology,-0.11812630963957452,0.11812630963957452,1331,0.0,0.0,0.0,0.0,False,0.0,0.0,0.0,,0.13510840017474482,0.0,0.0,0.06079878007863517,False
potential_evapotranspiration,igneous_geology,geology,-0.1179194646242515,0.1179194646242515,1331,0.0,0.0,0.0,0.0,False,0.0,0.0,0.0,,0.13487164877125032,0.0,0.0,0.060692241947062645,False
evapotranspiration_ratio,intrusive_geology,geology,0.11708369558969342,0.11708369558969342,1331,0.0,0.0,0.0,0.0,False,0.0,0.0,0.0,,0.13391504127640763,0.0,0.0,0.06026176857438344,False
precipitation,regional_gravity_anomaly,geophysics,-0.11618634308996796,0.11618634308996796,1331,0.0,0.0,0.0,0.0,False,0.0,0.0,0.0,,0.132887946359919,0.0,0.0,0.05979957586196355,False
aridity,intrusive_geology,geology,0.11601733720763555,0.11601733720763555,1331,0.0,0.0,0.0,0.0,False,0.0,0.0,0.0,,0.1326945050058765,0.0,0.0,0.059712527252644435,False
vapor_pressure,sedimentary_geology,geology,-0.11510298898055135,0.11510298898055135,1331,0.0,0.0,0.0,0.0,False,0.0,0.0,0.0,,0.1316479570593049,0.0,0.0,0.05924158067668721,False
evapotranspiration_ratio,mafic_geology,geology,0.11471262709270968,0.11471262709270968,1331,0.0,0.0,0.0,0.0,False,0.0,0.0,0.0,,0.1312011552609974,0.0,0.0,0.059040519867448835,False
potential_evapotranspiration,deep_gravity_source_strength,geophysics,0.11425308796454471,0.11425308796454471,1331,0.0,0.0,0.0,0.0,False,0.0,0.0,0.0,,0.13067517433086095,0.0,0.0,0.05880382844888743,False
vapor_pressure_deficit,deep_gravity_gradient,geophysics,0.11366862078858261,0.11366862078858261,1331,0.0,0.0,0.0,0.0,False,0.0,0.0,0.0,,0.13000620281134237,0.0,0.0,0.05850279126510407,False
aridity,mafic_geology,geology,0.11302350142208706,0.11302350142208706,1331,0.0,0.0,0.0,0.0,False,0.0,0.0,0.0,,0.1292678097918114,0.0,0.0,0.058170514406315134,False
mean_temperature,As_Sb_Bi_pathfinder,geochemistry,-0.11186416165231516,0.11186416165231516,1331,0.0,0.0,0.0,0.0,False,0.0,0.0,0.0,,0.12794084855374707,0.0,0.0,0.057573381849186187,False
vapor_pressure_deficit,Ag_anomaly,geochemistry,-0.11178792366811661,0.11178792366811661,1331,0.0,0.0,0.0,0.0,False,0.0,0.0,0.0,,0.12785358781057465,0.0,0.0,0.057534114514758594,False
soil_moisture,mafic_geology,geology,0.11133439327309365,0.11133439327309365,1331,0.0,0.0,0.0,0.0,False,0.0,0.0,0.0,,0.1273344843775941,0.0,0.0,0.05730051796991734,False
diurnal_temperature_range,carbonate_geology,geology,-0.1112326161580207,0.1112326161580207,1331,0.0,0.0,0.0,0.0,False,0.0,0.0,0.0,,0.12721799196514938,0.0,0.0,0.05724809638431722,False
actual_evapotranspiration,Cu_anomaly,geochemistry,0.11122280017844545,0.11122280017844545,1331,0.0,0.0,0.0,0.0,False,0.0,0.0,0.0,,0.12720675675632656,0.0,0.0,0.05724304054034696,False
vapor_pressure_deficit,Cu_anomaly,geochemistry,0.1111255029121151,0.1111255029121151,1331,0.0,0.0,0.0,0.0,False,0.0,0.0,0.0,,0.12709539190509284,0.0,0.0,0.05719292635729178,False
water_balance,Pb_Zn_background,geochemistry,-0.11056951195611764,0.11056951195611764,1331,0.0,0.0,0.0,0.0,False,0.0,0.0,0.0,,0.1264590137987262,0.0,0.0,0.05690655620942679,False
max_temperature,deep_gravity_source_strength,geophysics,0.10989294199314759,0.10989294199314759,1331,0.0,0.0,0.0,0.0,False,0.0,0.0,0.0,,0.12568462294359622,0.0,0.0,0.0565580803246183,False
actual_evapotranspiration,fault_density,structure,0.10972631036953173,0.10972631036953173,1331,0.0,0.0,0.0,0.0,False,0.0,0.0,0.0,,0.125493899127042,0.0,0.0,0.056472254607168905,False
precipitation,felsic_intermediate_geology,geology,0.10864344410250988,0.10864344410250988,1331,0.0,0.0,0.0,0.0,False,0.0,0.0,0.0,,0.12425446820281164,0.0,0.0,0.05591451069126524,False
max_temperature,As_Sb_Bi_pathfinder,geochemistry,-0.10611799349701653,0.10611799349701653,1331,0.0,0.0,0.0,0.0,False,0.0,0.0,0.0,,0.12136387896442545,0.0,0.0,0.054613745533991453,False
snow_influence,Cu_anomaly,geochemistry,-0.1054623493860282,0.1054623493860282,1331,0.0,0.0,0.0,0.0,False,0.0,0.0,0.0,,0.12061343949540092,0.0,0.0,0.054276047772930415,False
vapor_pressure,metamorphic_geology,geology,-0.10542481534379729,0.10542481534379729,1331,0.0,0.0,0.0,0.0,False,0.0,0.0,0.0,,0.120570478647816,0.0,0.0,0.054256715391517205,False
wind_speed,unconsolidated_cover,geology,-0.10398676554835426,0.10398676554835426,1331,0.0,0.0,0.0,0.0,False,0.0,0.0,0.0,,0.11892451049705147,0.0,0.0,0.05351602972367316,False
potential_evapotranspiration,Ag_anomaly,geochemistry,-0.10388430919101571,0.10388430919101571,1331,0.0,0.0,0.0,0.0,False,0.0,0.0,0.0,,0.11880724063507797,0.0,0.0,0.05346325828578509,False
potential_evapotranspiration,carbonate_geology,geology,-0.10375918102864276,0.10375918102864276,1331,0.0,0.0,0.0,0.0,False,0.0,0.0,0.0,,0.11866402099784273,0.0,0.0,0.05339880944902923,False
min_temperature,sedimentary_geology,geology,-0.10358756809749663,0.10358756809749663,1331,0.0,0.0,0.0,0.0,False,0.0,0.0,0.0,,0.11846759565859441,0.0,0.0,0.053310418046367485,False
potential_evapotranspiration,Pb_Zn_background,geochemistry,0.10353482471376088,0.10353482471376088,1331,0.0,0.0,0.0,0.0,False,0.0,0.0,0.0,,0.1184072264488023,0.0,0.0,0.05328325190196104,False
actual_evapotranspiration,felsic_intermediate_geology,geology,0.10222203219087701,0.10222203219087701,1331,0.0,0.0,0.0,0.0,False,0.0,0.0,0.0,,0.11690462571266926,0.0,0.0,0.05260708157070117,False
water_deficit,Cu_anomaly,geochemistry,0.10055833304246711,0.10055833304246711,1331,0.0,0.0,0.0,0.0,False,0.0,0.0,0.0,,0.11500038302273295,0.0,0.0,0.05175017236022983,False
precipitation,metamorphic_geology,geology,0.10026797838940295,0.10026797838940295,1331,0.0,0.0,0.0,0.0,False,0.0,0.0,0.0,,0.11466804786098518,0.0,0.0,0.05160062153744333,False
water_deficit,Pb_Zn_background,geochemistry,0.09956308254552712,0.09956308254552712,1331,0.0,0.0,0.0,0.0,False,0.0,0.0,0.0,,0.11386123566831806,0.0,0.0,0.05123755605074313,False
wind_speed,shallow_gravity_source_density,geophysics,-0.09755358947666125,0.09755358947666125,1331,0.0,0.0,0.0,0.0,False,0.0,0.0,0.0,,0.11156120294273617,0.0,0.0,0.05020254132423128,False
vapor_pressure_deficit,Pb_Zn_background,geochemistry,0.09693517620856387,0.09693517620856387,1331,0.0,0.0,0.0,0.0,False,0.0,0.0,0.0,,0.11085337728431735,0.0,0.0,0.04988401977794281,False
snow_influence,fault_proximity,structure,0.09665541253650975,0.09665541253650975,1331,0.0,0.0,0.0,0.0,False,0.0,0.0,0.0,,0.11053316438529173,0.0,0.0,0.049739923973381284,False
diurnal_temperature_range,metamorphic_geology,geology,-0.09490456700636878,0.09490456700636878,1331,0.0,0.0,0.0,0.0,False,0.0,0.0,0.0,,0.10852917537972835,0.0,0.0,0.04883812892087776,False
water_deficit,carbonate_geology,geology,-0.09445408495829667,0.09445408495829667,1331,0.0,0.0,0.0,0.0,False,0.0,0.0,0.0,,0.10801356103454537,0.0,0.0,0.04860610246554542,False
actual_evapotranspiration,fault_proximity,structure,0.09305655049808614,0.09305655049808614,1331,0.0,0.0,0.0,0.0,False,0.0,0.0,0.0,,0.10641396607031552,0.0,0.0,0.047886284731641984,False
snow_influence,Au_anomaly,geochemistry,0.09286563557216748,0.09286563557216748,1329,0.0,0.0,0.0,0.0,False,0.0,0.0,0.0,,0.10619544798522315,0.0,0.0,0.04778795159335042,False
water_balance,Cu_anomaly,geochemistry,-0.09266424456839882,0.09266424456839882,1331,0.0,0.0,0.0,0.0,False,0.0,0.0,0.0,,0.10596493915367633,0.0,0.0,0.04768422261915435,False
water_balance,carbonate_geology,geology,0.09222907970459943,0.09222907970459943,1331,0.0,0.0,0.0,0.0,False,0.0,0.0,0.0,,0.10546685660575945,0.0,0.0,0.047460085472591756,False
runoff,felsic_intermediate_geology,geology,0.09183914936778499,0.09183914936778499,1331,0.0,0.0,0.0,0.0,False,0.0,0.0,0.0,,0.10502054875366194,0.0,0.0,0.047259246939147875,False
soil_moisture,Cu_anomaly,geochemistry,0.09070535135619975,0.09070535135619975,1331,0.0,0.0,0.0,0.0,False,0.0,0.0,0.0,,0.10372282219204831,0.0,0.0,0.04667526998642174,False
runoff,Cu_anomaly,geochemistry,0.09064587074799546,0.09064587074799546,1331,0.0,0.0,0.0,0.0,False,0.0,0.0,0.0,,0.10365474166590617,0.0,0.0,0.04664463374965778,False
vapor_pressure_deficit,deep_gravity_source_strength,geophysics,0.08975099592419693,0.08975099592419693,1331,0.0,0.0,0.0,0.0,False,0.0,0.0,0.0,,0.10263048265654437,0.0,0.0,0.046183717195444965,False
min_temperature,Cu_anomaly,geochemistry,0.08959382409621242,0.08959382409621242,1331,0.0,0.0,0.0,0.0,False,0.0,0.0,0.0,,0.10245058636652733,0.0,0.0,0.0461027638649373,False
solar_radiation,carbonate_geology,geology,-0.08909411300940742,0.08909411300940742,1331,0.0,0.0,0.0,0.0,False,0.0,0.0,0.0,,0.101878625273058,0.0,0.0,0.045845381372876096,False
water_balance,shallow_gravity_source_strength,geophysics,-0.0870891599180564,0.0870891599180564,1331,0.0,0.0,0.0,0.0,False,0.0,0.0,0.0,,0.09958378893109113,0.0,0.0,0.04481270501899101,False
diurnal_temperature_range,gravity_gradient,geophysics,-0.0870670133270546,0.0870670133270546,1331,0.0,0.0870670133270546,0.0870670133270546,1.0,False,0.0,0.0,0.0,,0.09955844030717527,0.0,0.0,0.04480129813822887,False
min_temperature,W_Re_pathfinder,geochemistry,-0.08674937385502161,0.08674937385502161,1331,0.0,0.0,0.0,0.0,False,0.0,0.0,0.0,,0.09919487539026577,0.0,0.0,0.044637693925619594,False
vapor_pressure,Pb_Zn_background,geochemistry,-0.08614228928064645,0.08614228928064645,1331,0.0,0.0,0.0,0.0,False,0.0,0.0,0.0,,0.09850001636840963,0.0,0.0,0.04432500736578433,False
potential_evapotranspiration,As_Sb_Bi_pathfinder,geochemistry,-0.08610268867606614,0.08610268867606614,1331,0.0,0.0,0.0,0.0,False,0.0,0.0,0.0,,0.09845469016753901,0.0,0.0,0.044304610575392554,False
solar_radiation,deep_gravity_source_strength,geophysics,0.08492127661029074,0.08492127661029074,1331,0.0,0.0,0.0,0.0,False,0.0,0.0,0.0,,0.09710246534239227,0.0,0.0,0.04369610940407652,False
wind_speed,Mo_anomaly,geochemistry,0.08481700100966907,0.08481700100966907,1331,0.0,0.0,0.0,0.0,False,0.0,0.0,0.0,,0.0969831132044698,0.0,0.0,0.04364240094201141,False
wind_speed,metamorphic_geology,geology,0.08476641731319078,0.08476641731319078,1331,0.0,0.0,0.0,0.0,False,0.0,0.0,0.0,,0.09692521593720196,0.0,0.0,0.043616347171740885,False
wind_speed,igneous_geology,geology,0.08407767077864763,0.08407767077864763,1331,0.0,0.0,0.0,0.0,False,0.0,0.0,0.0,,0.09613688797846238,0.0,0.0,0.04326159959030807,False
actual_evapotranspiration,gravity_gradient,geophysics,-0.08402314094877916,0.08402314094877916,1331,0.0,0.0,0.0,0.0,False,0.0,0.0,0.0,,0.09607447403180036,0.0,0.0,0.04323351331431016,False
snow_influence,As_Sb_Bi_pathfinder,geochemistry,0.08362627940864996,0.08362627940864996,1331,0.0,0.0,0.0,0.0,False,0.0,0.0,0.0,,0.09562023283835491,0.0,0.0,0.043029104777259713,False
actual_evapotranspiration,deep_gravity_source_density,geophysics,0.08246980745441637,0.08246980745441637,1331,0.0,0.08246980745441637,0.08246980745441637,1.0,False,0.0,0.0,0.0,,0.09429655405480175,0.0,0.0,0.04243344932466079,False
precipitation,W_Re_pathfinder,geochemistry,-0.08226386070623666,0.08226386070623666,1331,0.0,0.0,0.0,0.0,False,0.0,0.0,0.0,,0.09406083079310976,0.0,0.0,0.04232737385689939,False
mean_temperature,Cu_anomaly,geochemistry,0.08182149034558446,0.08182149034558446,1331,0.0,0.0,0.0,0.0,False,0.0,0.0,0.0,,0.09355450095197138,0.0,0.0,0.04209952542838712,False
evapotranspiration_ratio,carbonate_geology,geology,0.08061678589370389,0.08061678589370389,1331,0.0,0.0,0.0,0.0,False,0.0,0.0,0.0,,0.09217561604467317,0.0,0.0,0.04147902722010293,False
aridity,carbonate_geology,geology,0.0805815625732229,0.0805815625732229,1331,0.0,0.0,0.0,0.0,False,0.0,0.0,0.0,,0.09213530001120923,0.0,0.0,0.041460885005044155,False
actual_evapotranspiration,deep_gravity_source_proximity,geophysics,0.07984692016334653,0.07984692016334653,1331,0.0,0.07984692016334653,0.07984692016334653,1.0,False,0.0,0.0,0.0,,0.0912944403882051,0.0,0.0,0.0410824981746923,False
max_temperature,Cu_anomaly,geochemistry,0.07914686010982191,0.07914686010982191,1331,0.0,0.0,0.0,0.0,False,0.0,0.0,0.0,,0.09049316316166159,0.0,0.0,0.04072192342274772,False
precipitation,deep_regional_gravity_anomaly,geophysics,-0.07896186811791528,0.07896186811791528,1331,0.0,0.0,0.0,0.0,False,0.0,0.0,0.0,,0.09028142436945169,0.0,0.0,0.040626640966253263,False
snow_influence,deep_gravity_source_proximity,geophysics,-0.07862411859808034,0.07862411859808034,1331,0.0,0.0,0.0,0.0,False,0.0,0.0,0.0,,0.08989484182248705,0.0,0.0,0.04045267882011917,False
wind_speed,fault_density,structure,0.07724887969851942,0.07724887969851942,1331,0.0,0.0,0.0,0.0,False,0.0,0.0,0.0,,0.08832076599038251,0.0,0.0,0.03974434469567213,False
water_balance,mafic_geology,geology,0.07591494560505177,0.07591494560505177,1331,0.0,0.0,0.0,0.0,False,0.0,0.0,0.0,,0.08679396696017905,0.0,0.0,0.03905728513208057,False
runoff,W_Re_pathfinder,geochemistry,-0.0756291546450524,0.0756291546450524,1331,0.0,0.0,0.0,0.0,False,0.0,0.0,0.0,,0.08646685532647483,0.0,0.0,0.03891008489691367,False
evapotranspiration_ratio,felsic_intermediate_geology,geology,0.07484543525249526,0.07484543525249526,1331,0.0,0.0,0.0,0.0,False,0.0,0.0,0.0,,0.08556982299604139,0.0,0.0,0.03850642034821863,False
aridity,felsic_intermediate_geology,geology,0.07437728102333498,0.07437728102333498,1331,0.0,0.0,0.0,0.0,False,0.0,0.0,0.0,,0.08503398136295931,0.0,0.0,0.03826529161333169,False
wind_speed,W_Re_pathfinder,geochemistry,0.07427421957103414,0.07427421957103414,1331,0.0,0.0,0.0,0.0,False,0.0,0.0,0.0,,0.08491601891924125,0.0,0.0,0.038212208513658565,False
diurnal_temperature_range,regional_gravity_anomaly,geophysics,-0.07382322104598493,0.07382322104598493,1331,0.0,0.0,0.0,0.0,False,0.0,0.0,0.0,,0.08439981342300244,0.0,0.0,0.0379799160403511,False
runoff,deep_regional_gravity_anomaly,geophysics,-0.07367306410192292,0.07367306410192292,1331,0.0,0.0,0.0,0.0,False,0.0,0.0,0.0,,0.08422794625378105,0.0,0.0,0.03790257581420147,False
vapor_pressure_deficit,As_Sb_Bi_pathfinder,geochemistry,-0.07330686594621653,0.07330686594621653,1331,0.0,0.0,0.0,0.0,False,0.0,0.0,0.0,,0.08380880186596398,0.0,0.0,0.03771396083968379,False
soil_moisture,carbonate_geology,geology,0.07319620380665255,0.07319620380665255,1331,0.0,0.0,0.0,0.0,False,0.0,0.0,0.0,,0.08368213980057865,0.0,0.0,0.03765696291026039,False
solar_radiation,gravity_gradient,geophysics,-0.07298878530591787,0.07298878530591787,1331,0.0,0.0,0.0,0.0,False,0.0,0.0,0.0,,0.0834447319951115,0.0,0.0,0.037550129397800176,False
water_deficit,Ag_anomaly,geochemistry,-0.0729058366806414,0.0729058366806414,1331,0.0,0.0,0.0,0.0,False,0.0,0.0,0.0,,0.08334979036250084,0.0,0.0,0.03750740566312538,False
min_temperature,shallow_gravity_source_strength,geophysics,0.07253645629026563,0.07253645629026563,1331,0.0,0.0,0.0,0.0,False,0.0,0.0,0.0,,0.08292700364120502,0.0,0.0,0.03731715163854226,False
solar_radiation,Mo_anomaly,geochemistry,0.071213670051359,0.071213670051359,1331,0.0,0.0,0.0,0.0,False,0.0,0.0,0.0,,0.08141296426203375,0.0,0.0,0.03663583391791519,False
solar_radiation,Ag_anomaly,geochemistry,-0.0698387204225919,0.0698387204225919,1331,0.0,0.0,0.0,0.0,False,0.0,0.0,0.0,,0.0798392195245235,0.0,0.0,0.035927648786035576,False
vapor_pressure,shallow_gravity_source_density,geophysics,0.0697743817644727,0.0697743817644727,1331,0.0,0.0,0.0,0.0,False,0.0,0.0,0.0,,0.07976557855432712,0.0,0.0,0.035894510349447205,False
precipitation,Cu_anomaly,geochemistry,0.06897339524940374,0.06897339524940374,1331,0.0,0.0,0.0,0.0,False,0.0,0.0,0.0,,0.0788487825593809,0.0,0.0,0.0354819521517214,False
soil_moisture,metamorphic_geology,geology,0.06871439991485533,0.06871439991485533,1331,0.0,0.0,0.0,0.0,False,0.0,0.0,0.0,,0.07855234075798141,0.0,0.0,0.03534855334109164,False
diurnal_temperature_range,Pb_Zn_background,geochemistry,-0.06821012797268466,0.06821012797268466,1331,0.0,0.0,0.0,0.0,False,0.0,0.0,0.0,,0.07797515938445229,0.0,0.0,0.03508882172300353,False
solar_radiation,Au_anomaly,geochemistry,-0.06820459007202248,0.06820459007202248,1329,0.0,0.0,0.0,0.0,False,0.0,0.0,0.0,,0.07796882079441116,0.0,0.0,0.03508596935748502,False
runoff,metamorphic_geology,geology,0.06814001776499204,0.06814001776499204,1331,0.0,0.0,0.0,0.0,False,0.0,0.0,0.0,,0.07789491239351273,0.0,0.0,0.03505271057708073,False
actual_evapotranspiration,shallow_gravity_source_proximity,geophysics,-0.06759151775767439,0.06759151775767439,1331,0.0,0.06759151775767439,0.06759151775767439,1.0,False,0.0,0.0,0.0,,0.07726710830383526,0.0,0.0,0.03477019873672587,False
precipitation,Ag_anomaly,geochemistry,-0.06632447623169535,0.06632447623169535,1331,0.0,0.0,0.0,0.0,False,0.0,0.0,0.0,,0.07581687340649981,0.0,0.0,0.034117593032924914,False
water_deficit,As_Sb_Bi_pathfinder,geochemistry,-0.0661847006882614,0.0661847006882614,1331,0.0,0.0,0.0,0.0,False,0.0,0.0,0.0,,0.07565688861774136,0.0,0.0,0.03404559987798361,False
runoff,gravity_gradient,geophysics,-0.06564938354149322,0.06564938354149322,1331,0.0,0.0,0.0,0.0,False,0.0,0.0,0.0,,0.07504417341348994,0.0,0.0,0.033769878036070476,False
mean_temperature,W_Re_pathfinder,geochemistry,-0.0651540042266949,0.0651540042266949,1331,0.0,0.0,0.0,0.0,False,0.0,0.0,0.0,,0.07447717039503439,0.0,0.0,0.03351472667776548,False
vapor_pressure_deficit,shallow_gravity_source_strength,geophysics,0.06429189144094082,0.06429189144094082,1331,0.0,0.0,0.0,0.0,False,0.0,0.0,0.0,,0.07349041027572924,0.0,0.0,0.03307068462407816,False
water_deficit,mafic_geology,geology,-0.06334226786245395,0.06334226786245395,1331,0.0,0.0,0.0,0.0,False,0.0,0.0,0.0,,0.07240348674195626,0.0,0.0,0.03258156903388032,False
mean_temperature,shallow_gravity_source_strength,geophysics,0.06312435237977439,0.06312435237977439,1331,0.0,0.0,0.0,0.0,False,0.0,0.0,0.0,,0.07215406426355138,0.0,0.0,0.03246932891859812,False
solar_radiation,deep_gravity_source_proximity,geophysics,0.0626129695059084,0.0626129695059084,1331,0.0,0.0,0.0,0.0,False,0.0,0.0,0.0,,0.07156874383452512,0.0,0.0,0.0322059347255363,False
precipitation,gravity_gradient,geophysics,-0.06241679349305261,0.06241679349305261,1331,0.0,0.0,0.0,0.0,False,0.0,0.0,0.0,,0.0713442039958298,0.0,0.0,0.03210489179812341,False
actual_evapotranspiration,metamorphic_geology,geology,0.062393221088279834,0.062393221088279834,1331,0.0,0.0,0.0,0.0,False,0.0,0.0,0.0,,0.0713172234089156,0.0,0.0,0.03209275053401202,False
runoff,shallow_gravity_source_proximity,geophysics,-0.061408299480398276,0.061408299480398276,1331,0.0,0.0,0.0,0.0,False,0.0,0.0,0.0,,0.07018989833108447,0.0,0.0,0.03158545424898801,False
soil_moisture,Au_anomaly,geochemistry,-0.060959527813822426,0.060959527813822426,1329,0.0,0.0,0.0,0.0,False,0.0,0.0,0.0,,0.0696762416604392,0.0,0.0,0.03135430874719764,False
diurnal_temperature_range,Cu_anomaly,geochemistry,-0.06080554546428004,0.06080554546428004,1331,0.0,0.0,0.0,0.0,False,0.0,0.0,0.0,,0.0694999959950041,0.0,0.0,0.03127499819775185,False
water_deficit,shallow_gravity_source_strength,geophysics,0.06013058600527144,0.06013058600527144,1331,0.0,0.0,0.0,0.0,False,0.0,0.0,0.0,,0.06872744849622771,0.0,0.0,0.03092735182330247,False
diurnal_temperature_range,Au_anomaly,geochemistry,-0.060099223061060685,0.060099223061060685,1329,0.0,0.0,0.0,0.0,False,0.0,0.0,0.0,,0.06869155098596855,0.0,0.0,0.030911197943685846,False
snow_influence,sedimentary_geology,geology,0.05979661958817124,0.05979661958817124,1331,0.0,0.0,0.0,0.0,False,0.0,0.0,0.0,,0.0683451960264497,0.0,0.0,0.030755338211902367,False
solar_radiation,sedimentary_geology,geology,-0.059687518360069865,0.059687518360069865,1331,0.0,0.0,0.0,0.0,False,0.0,0.0,0.0,,0.06822032055465921,0.0,0.0,0.030699144249596643,False
mean_temperature,Pb_Zn_background,geochemistry,0.058531042697575364,0.058531042697575364,1331,0.0,0.0,0.0,0.0,False,0.0,0.0,0.0,,0.06689663752669156,0.0,0.0,0.030103486887011203,False
precipitation,shallow_gravity_source_proximity,geophysics,-0.058432030861734124,0.058432030861734124,1331,0.0,0.0,0.0,0.0,False,0.0,0.0,0.0,,0.06678331020738744,0.0,0.0,0.03005248959332435,False
max_temperature,Pb_Zn_background,geochemistry,0.058333734561005254,0.058333734561005254,1331,0.0,0.0,0.0,0.0,False,0.0,0.0,0.0,,0.06667080187780776,0.0,0.0,0.03000186084501349,False
evapotranspiration_ratio,Pb_Zn_background,geochemistry,-0.0583114956008895,0.0583114956008895,1331,0.0,0.0,0.0,0.0,False,0.0,0.0,0.0,,0.06664534752972284,0.0,0.0,0.02999040638837528,False
min_temperature,Au_anomaly,geochemistry,-0.05768447848832187,0.05768447848832187,1329,0.0,0.0,0.0,0.0,False,0.0,0.0,0.0,,0.06592767405239189,0.0,0.0,0.02966745332357635,False
runoff,deep_gravity_source_density,geophysics,0.05747429033741758,0.05747429033741758,1331,0.0,0.0,0.0,0.0,False,0.0,0.0,0.0,,0.0656870961508805,0.0,0.0,0.029559193267896227,False
diurnal_temperature_range,deep_regional_gravity_anomaly,geophysics,-0.0573522715906517,0.0573522715906517,1331,0.0,0.0,0.0,0.0,False,0.0,0.0,0.0,,0.06554743549962262,0.0,0.0,0.029496345974830182,False
soil_moisture,Mo_anomaly,geochemistry,0.05728066002359316,0.05728066002359316,1331,0.0,0.0,0.0,0.0,False,0.0,0.0,0.0,,0.0654654700774389,0.0,0.0,0.029459461534847506,False
min_temperature,Pb_Zn_background,geochemistry,0.05698488916807729,0.05698488916807729,1331,0.0,0.0,0.0,0.0,False,0.0,0.0,0.0,,0.0651269356194207,0.0,0.0,0.02930712102873932,False
actual_evapotranspiration,regional_gravity_anomaly,geophysics,-0.05686409821393007,0.05686409821393007,1331,0.0,0.0,0.0,0.0,False,0.0,0.0,0.0,,0.06498868027940619,0.0,0.0,0.029244906125732783,False
water_deficit,deep_gravity_gradient,geophysics,0.056370037380528426,0.056370037380528426,1331,0.0,0.0,0.0,0.0,False,0.0,0.0,0.0,,0.06442318637307816,0.0,0.0,0.028990433867885173,False
snow_influence,deep_gravity_source_density,geophysics,-0.056081148158036824,0.056081148158036824,1331,0.0,0.0,0.0,0.0,False,0.0,0.0,0.0,,0.06409252851906844,0.0,0.0,0.028841637833580798,False
aridity,Pb_Zn_background,geochemistry,-0.05526207529534909,0.05526207529534909,1331,0.0,0.0,0.0,0.0,False,0.0,0.0,0.0,,0.06315503118802213,0.0,0.0,0.028419764034609957,False
wind_speed,Pb_Zn_background,geochemistry,0.054902379619131095,0.054902379619131095,1331,0.0,0.0,0.0,0.0,False,0.0,0.0,0.0,,0.0627433294313106,0.0,0.0,0.02823449824408977,False
max_temperature,shallow_gravity_source_strength,geophysics,0.05400333332088958,0.05400333332088958,1331,0.0,0.0,0.0,0.0,False,0.0,0.0,0.0,,0.06171429582089073,0.0,0.0,0.02777143311940083,False
runoff,carbonate_geology,geology,0.0530246011397915,0.0530246011397915,1331,0.0,0.0,0.0,0.0,False,0.0,0.0,0.0,,0.060594055059186476,0.0,0.0,0.027267324776633916,False
wind_speed,Au_anomaly,geochemistry,-0.05276207413240582,0.05276207413240582,1329,0.0,0.0,0.0,0.0,False,0.0,0.0,0.0,,0.0602935709631269,0.0,0.0,0.027132106933407108,False
soil_moisture,deep_gravity_source_density,geophysics,0.0522537779377646,0.0522537779377646,1331,0.0,0.0,0.0,0.0,False,0.0,0.0,0.0,,0.05971178349638865,0.0,0.0,0.02687030257337489,False
water_balance,Ag_anomaly,geochemistry,0.051649527577680376,0.051649527577680376,1331,0.0,0.0,0.0,0.0,False,0.0,0.0,0.0,,0.05902016846960842,0.0,0.0,0.02655907581132379,False
mean_temperature,Au_anomaly,geochemistry,-0.05152296830176924,0.05152296830176924,1329,0.0,0.0,0.0,0.0,False,0.0,0.0,0.0,,0.05887531080334841,0.0,0.0,0.026493889861506786,False
vapor_pressure,deep_gravity_source_density,geophysics,0.05130680903139501,0.05130680903139501,1331,0.0,0.0,0.0,0.0,False,0.0,0.0,0.0,,0.05862789845667173,0.0,0.0,0.02638255430550228,False
precipitation,deep_gravity_source_density,geophysics,0.05093491120748905,0.05093491120748905,1331,0.0,0.0,0.0,0.0,False,0.0,0.0,0.0,,0.0582022303223501,0.0,0.0,0.026191003645057546,False
water_balance,As_Sb_Bi_pathfinder,geochemistry,0.05064942579265208,0.05064942579265208,1331,0.0,0.0,0.0,0.0,False,0.0,0.0,0.0,,0.05787546841061484,0.0,0.0,0.02604396078477668,False
potential_evapotranspiration,Au_anomaly,geochemistry,-0.05048997084940758,0.05048997084940758,1329,0.0,0.0,0.0,0.0,False,0.0,0.0,0.0,,0.0576929589044113,0.0,0.0,0.025961831506985084,False
mean_temperature,deep_gravity_source_proximity,geophysics,0.05041361391552894,0.05041361391552894,1331,0.0,0.0,0.0,0.0,False,0.0,0.0,0.0,,0.05760556201339087,0.0,0.0,0.025922502906025893,False
diurnal_temperature_range,As_Sb_Bi_pathfinder,geochemistry,-0.05020300643671223,0.05020300643671223,1331,0.0,0.0,0.0,0.0,False,0.0,0.0,0.0,,0.05736450415604573,0.0,0.0,0.02581402687022058,False
min_temperature,deep_gravity_source_proximity,geophysics,0.049232500654312915,0.049232500654312915,1331,0.0,0.0,0.0,0.0,False,0.0,0.0,0.0,,0.05625367919502971,0.0,0.0,0.025314155637763368,False
max_temperature,W_Re_pathfinder,geochemistry,-0.04872430582645299,0.04872430582645299,1331,0.0,0.0,0.0,0.0,False,0.0,0.0,0.0,,0.05567200775104261,0.0,0.0,0.025052403487969176,False
runoff,deep_gravity_source_proximity,geophysics,0.047992759092433765,0.047992759092433765,1331,0.0,0.0,0.0,0.0,False,0.0,0.0,0.0,,0.054834691387723976,0.0,0.0,0.02467561112447579,False
max_temperature,Au_anomaly,geochemistry,-0.0467527294132743,0.0467527294132743,1329,0.0,0.0,0.0,0.0,False,0.0,0.0,0.0,,0.053415373806116544,0.0,0.0,0.024036918212752445,False
precipitation,carbonate_geology,geology,0.04674270682364686,0.04674270682364686,1331,0.0,0.0,0.0,0.0,False,0.0,0.0,0.0,,0.05340390211482517,0.0,0.0,0.024031755951671327,False
max_temperature,deep_gravity_source_proximity,geophysics,0.04669103801322152,0.04669103801322152,1331,0.0,0.0,0.0,0.0,False,0.0,0.0,0.0,,0.05334476284397551,0.0,0.0,0.02400514327978898,False
potential_evapotranspiration,mafic_geology,geology,-0.046015653448574625,0.046015653448574625,1331,0.0,0.0,0.0,0.0,False,0.0,0.0,0.0,,0.05257172877627532,0.0,0.0,0.023657277949323895,False
diurnal_temperature_range,mafic_geology,geology,-0.04591117264445712,0.04591117264445712,1331,0.0,0.0,0.0,0.0,False,0.0,0.0,0.0,,0.05245214176580556,0.0,0.0,0.023603463794612502,False
vapor_pressure_deficit,mafic_geology,geology,-0.04563260945337259,0.04563260945337259,1331,0.0,0.0,0.0,0.0,False,0.0,0.0,0.0,,0.05213330291755884,0.0,0.0,0.023459986312901478,False
potential_evapotranspiration,deep_gravity_source_proximity,geophysics,0.04512231422818557,0.04512231422818557,1331,0.0,0.0,0.0,0.0,False,0.0,0.0,0.0,,0.05154922739332689,0.0,0.0,0.0231971523269971,False
vapor_pressure,deep_gravity_source_proximity,geophysics,0.04449230907816719,0.04449230907816719,1331,0.0,0.0,0.0,0.0,False,0.0,0.0,0.0,,0.05082813385746054,0.0,0.0,0.022872660235857243,False
water_balance,intrusive_geology,geology,0.04417542965459338,0.04417542965459338,1331,0.0,0.0,0.0,0.0,False,0.0,0.0,0.0,,0.05046543887952034,0.0,0.0,0.022709447495784154,False
aridity,shallow_gravity_source_proximity,geophysics,-0.044101884331025715,0.044101884331025715,1331,0.0,0.0,0.0,0.0,False,0.0,0.0,0.0,,0.05038126011143202,0.0,0.0,0.02267156705014441,False
evapotranspiration_ratio,shallow_gravity_source_proximity,geophysics,-0.04370314437228248,0.04370314437228248,1331,0.0,0.0,0.0,0.0,False,0.0,0.0,0.0,,0.0499248689109268,0.0,0.0,0.022466191009917064,False
diurnal_temperature_range,Mo_anomaly,geochemistry,-0.043686710051489545,0.043686710051489545,1331,0.0,0.0,0.0,0.0,False,0.0,0.0,0.0,,0.04990605845756814,0.0,0.0,0.022457726305905663,False
vapor_pressure,Cu_anomaly,geochemistry,-0.043617743528243776,0.043617743528243776,1331,0.0,0.0,0.0,0.0,False,0.0,0.0,0.0,,0.04982712050904145,0.0,0.0,0.022422204229068654,False
solar_radiation,W_Re_pathfinder,geochemistry,0.04333606792140499,0.04333606792140499,1331,0.0,0.0,0.0,0.0,False,0.0,0.0,0.0,,0.04950471924089824,0.0,0.0,0.02227712365840421,False
soil_moisture,Ag_anomaly,geochemistry,0.0430759426686006,0.0430759426686006,1331,0.0,0.0,0.0,0.0,False,0.0,0.0,0.0,,0.049206984153641616,0.0,0.0,0.022143142869138727,False
snow_influence,Pb_Zn_background,geochemistry,-0.04307042620594419,0.04307042620594419,1331,0.0,0.0,0.0,0.0,False,0.0,0.0,0.0,,0.04920067010118939,0.0,0.0,0.022140301545535226,False
actual_evapotranspiration,W_Re_pathfinder,geochemistry,-0.04219836665252136,0.04219836665252136,1331,0.0,0.0,0.0,0.0,False,0.0,0.0,0.0,,0.04820252507516008,0.0,0.0,0.02169113628382204,False
potential_evapotranspiration,shallow_gravity_source_strength,geophysics,0.04206071094533098,0.04206071094533098,1331,0.0,0.0,0.0,0.0,False,0.0,0.0,0.0,,0.04804496661611067,0.0,0.0,0.021620234977249804,False
vapor_pressure_deficit,deep_gravity_source_proximity,geophysics,0.04180768989824712,0.04180768989824712,1331,0.0,0.0,0.0,0.0,False,0.0,0.0,0.0,,0.04775536288591103,0.0,0.0,0.021489913298659964,False
actual_evapotranspiration,Ag_anomaly,geochemistry,-0.04042309831157779,0.04042309831157779,1331,0.0,0.0,0.0,0.0,False,0.0,0.0,0.0,,0.046170582121923535,0.0,0.0,0.02077676195486559,False
wind_speed,gravity_gradient,geophysics,-0.04012226119924286,0.04012226119924286,1331,0.0,0.0,0.0,0.0,False,0.0,0.0,0.0,,0.045826248909652034,0.0,0.0,0.020621812009343415,False
soil_moisture,gravity_gradient,geophysics,0.040115746648721584,0.040115746648721584,1331,0.0,0.0,0.0,0.0,False,0.0,0.0,0.0,,0.04581879246224073,0.0,0.0,0.020618456608008328,False
wind_speed,shallow_gravity_source_proximity,geophysics,-0.039344693211152804,0.039344693211152804,1331,0.0,0.0,0.0,0.0,False,0.0,0.0,0.0,,0.04493625737562731,0.0,0.0,0.02022131581903229,False
soil_moisture,Pb_Zn_background,geochemistry,0.039286390503322846,0.039286390503322846,1331,0.0,0.0,0.0,0.0,False,0.0,0.0,0.0,,0.04486952505488603,0.0,0.0,0.02019128627469871,False
max_temperature,mafic_geology,geology,-0.03847553007945798,0.03847553007945798,1331,0.0,0.0,0.0,0.0,False,0.0,0.0,0.0,,0.04394142754628353,0.0,0.0,0.01977364239582759,False
aridity,W_Re_pathfinder,geochemistry,-0.037513899552206686,0.037513899552206686,1331,0.0,0.0,0.0,0.0,False,0.0,0.0,0.0,,0.04284076105637877,0.0,0.0,0.019278342475370445,False
precipitation,Pb_Zn_background,geochemistry,-0.037305559449508745,0.037305559449508745,1331,0.0,0.0,0.0,0.0,False,0.0,0.0,0.0,,0.042602298400457886,0.0,0.0,0.01917103428020605,False
solar_radiation,shallow_gravity_source_strength,geophysics,-0.03673246374090915,0.03673246374090915,1331,0.0,0.0,0.0,0.0,False,0.0,0.0,0.0,,0.041946342475507346,0.0,0.0,0.018875854113978307,False
precipitation,deep_gravity_source_proximity,geophysics,0.0358033912597388,0.0358033912597388,1331,0.0,0.0,0.0,0.0,False,0.0,0.0,0.0,,0.040882941389811925,0.0,0.0,0.018397323625415365,False
actual_evapotranspiration,Mo_anomaly,geochemistry,0.034982799365588346,0.034982799365588346,1331,0.0,0.0,0.0,0.0,False,0.0,0.0,0.0,,0.03994370540033002,0.0,0.0,0.01797466743014851,False
aridity,deep_gravity_source_density,geophysics,0.034861685358315464,0.034861685358315464,1331,0.0,0.0,0.0,0.0,False,0.0,0.0,0.0,,0.03980508029901966,0.0,0.0,0.01791228613455885,False
evapotranspiration_ratio,W_Re_pathfinder,geochemistry,-0.03471428362736128,0.03471428362736128,1331,0.0,0.0,0.0,0.0,False,0.0,0.0,0.0,,0.03963636670141896,0.0,0.0,0.017836365015638532,False
min_temperature,deep_gravity_source_density,geophysics,0.03452507438466128,0.03452507438466128,1331,0.0,0.0,0.0,0.0,False,0.0,0.0,0.0,,0.03941980091329301,0.0,0.0,0.017738910410981853,False
min_temperature,Mo_anomaly,geochemistry,-0.03429652299459529,0.03429652299459529,1331,0.0,0.0,0.0,0.0,False,0.0,0.0,0.0,,0.03915820475017427,0.0,0.0,0.01762119213757842,False
aridity,gravity_gradient,geophysics,-0.034203532717303926,0.034203532717303926,1331,0.0,0.0,0.0,0.0,False,0.0,0.0,0.0,,0.039051769607777,0.0,0.0,0.017573296323499653,False
wind_speed,As_Sb_Bi_pathfinder,geochemistry,0.033776506045810936,0.033776506045810936,1331,0.0,0.0,0.0,0.0,False,0.0,0.0,0.0,,0.03856300190096201,0.0,0.0,0.017353350855432905,False
evapotranspiration_ratio,gravity_gradient,geophysics,-0.033764104888159334,0.033764104888159334,1331,0.0,0.0,0.0,0.0,False,0.0,0.0,0.0,,0.038548807739819724,0.0,0.0,0.017346963482918875,False
water_balance,shallow_gravity_source_proximity,geophysics,-0.03373897039173636,0.03373897039173636,1331,0.0,0.0,0.0,0.0,False,0.0,0.0,0.0,,0.03852003920848735,0.0,0.0,0.017334017643819307,False
water_deficit,intrusive_geology,geology,-0.033675383322159795,0.033675383322159795,1331,0.0,0.0,0.0,0.0,False,0.0,0.0,0.0,,0.03844725849417889,0.0,0.0,0.0173012663223805,False
evapotranspiration_ratio,deep_gravity_source_density,geophysics,0.03367451721963983,0.03367451721963983,1331,0.0,0.0,0.0,0.0,False,0.0,0.0,0.0,,0.03844626716747541,0.0,0.0,0.017300820225363934,False
soil_moisture,shallow_gravity_source_proximity,geophysics,-0.033671875360517925,0.033671875360517925,1331,0.0,0.0,0.0,0.0,False,0.0,0.0,0.0,,0.038443243338963186,0.0,0.0,0.017299459502533435,False
soil_moisture,deep_gravity_source_proximity,geophysics,0.03342402740853147,0.03342402740853147,1331,0.0,0.0,0.0,0.0,False,0.0,0.0,0.0,,0.03815956064835354,0.0,0.0,0.017171802291759092,False
mean_temperature,mafic_geology,geology,-0.03328625262975848,0.03328625262975848,1331,0.0,0.0,0.0,0.0,False,0.0,0.0,0.0,,0.03800186590192849,0.0,0.0,0.01710083965586782,False
mean_temperature,shallow_gravity_source_proximity,geophysics,0.033152084148571716,0.033152084148571716,1331,0.0,0.0,0.0,0.0,False,0.0,0.0,0.0,,0.03784829886442419,0.0,0.0,0.017031734488990886,False
max_temperature,shallow_gravity_source_proximity,geophysics,0.033100747348910366,0.033100747348910366,1331,0.0,0.0,0.0,0.0,False,0.0,0.0,0.0,,0.03778953960763592,0.0,0.0,0.017005292823436165,False
vapor_pressure,shallow_gravity_source_proximity,geophysics,0.03288359051903546,0.03288359051903546,1331,0.0,0.0,0.0,0.0,False,0.0,0.0,0.0,,0.037540985470757106,0.0,0.0,0.0168934434618407,False
water_deficit,deep_gravity_source_proximity,geophysics,0.03247379665537948,0.03247379665537948,1331,0.0,0.0,0.0,0.0,False,0.0,0.0,0.0,,0.037071942152442326,0.0,0.0,0.01668237396859905,False
min_temperature,shallow_gravity_source_proximity,geophysics,0.032399160381252706,0.032399160381252706,1331,0.0,0.0,0.0,0.0,False,0.0,0.0,0.0,,0.03698651470028198,0.0,0.0,0.016643931615126895,False
wind_speed,deep_gravity_source_density,geophysics,-0.03204953505833355,0.03204953505833355,1331,0.0,0.0,0.0,0.0,False,0.0,0.0,0.0,,0.03658633930437477,0.0,0.0,0.016463852686968646,False
mean_temperature,deep_gravity_source_density,geophysics,0.031786874400487844,0.031786874400487844,1331,0.0,0.0,0.0,0.0,False,0.0,0.0,0.0,,0.03628570223419619,0.0,0.0,0.016328566005388286,False
solar_radiation,felsic_intermediate_geology,geology,0.0316284243487686,0.0316284243487686,1331,0.0,0.0,0.0,0.0,False,0.0,0.0,0.0,,0.036104342910309555,0.0,0.0,0.0162469543096393,False
diurnal_temperature_range,deep_gravity_source_density,geophysics,-0.03154798144644879,0.03154798144644879,1331,0.0,0.0,0.0,0.0,False,0.0,0.0,0.0,,0.03601226928699481,0.0,0.0,0.016205521179147666,False
wind_speed,Cu_anomaly,geochemistry,0.03151667590543883,0.03151667590543883,1331,0.0,0.0,0.0,0.0,False,0.0,0.0,0.0,,0.03597643747949542,0.0,0.0,0.01618939686577294,False
water_deficit,deep_gravity_source_strength,geophysics,0.03141254125896187,0.03141254125896187,1331,0.0,0.0,0.0,0.0,False,0.0,0.0,0.0,,0.03585724667536934,0.0,0.0,0.016135761003916203,False
solar_radiation,igneous_geology,geology,-0.02917903501062852,0.02917903501062852,1331,0.0,0.0,0.0,0.0,False,0.0,0.0,0.0,,0.033300812147900344,0.0,0.0,0.014985365466555154,False
water_balance,deep_gravity_source_proximity,geophysics,-0.028566116672361714,0.028566116672361714,1331,0.0,0.0,0.0,0.0,False,0.0,0.0,0.0,,0.032599275895815356,0.0,0.0,0.01466967415311691,False
max_temperature,intrusive_geology,geology,-0.02835993909972408,0.02835993909972408,1331,0.0,0.0,0.0,0.0,False,0.0,0.0,0.0,,0.03236328843624415,0.0,0.0,0.014563479796309868,False
vapor_pressure_deficit,shallow_gravity_source_proximity,geophysics,0.028094584997312055,0.028094584997312055,1331,0.0,0.0,0.0,0.0,False,0.0,0.0,0.0,,0.03205956849370186,0.0,0.0,0.014426805822165838,False
potential_evapotranspiration,shallow_gravity_source_proximity,geophysics,0.027573223376010026,0.027573223376010026,1331,0.0,0.0,0.0,0.0,False,0.0,0.0,0.0,,0.031462826554435615,0.0,0.0,0.014158271949496027,False
mean_temperature,Mo_anomaly,geochemistry,-0.027489377571353238,0.027489377571353238,1331,0.0,0.0,0.0,0.0,False,0.0,0.0,0.0,,0.031366858025058106,0.0,0.0,0.014115086111276149,False
water_balance,Mo_anomaly,geochemistry,-0.027306291244566332,0.027306291244566332,1331,0.0,0.0,0.0,0.0,False,0.0,0.0,0.0,,0.031157300425810386,0.0,0.0,0.014020785191614675,False
water_deficit,shallow_gravity_source_proximity,geophysics,0.026864139006357226,0.026864139006357226,1331,0.0,0.0,0.0,0.0,False,0.0,0.0,0.0,,0.0306512202440339,0.0,0.0,0.013793049109815256,False
solar_radiation,deep_gravity_source_density,geophysics,0.02657636373366709,0.02657636373366709,1331,0.0,0.0,0.0,0.0,False,0.0,0.0,0.0,,0.03032183739865085,0.0,0.0,0.013644826829392883,False
wind_speed,deep_gravity_source_proximity,geophysics,-0.026221352851036762,0.026221352851036762,1331,0.0,0.0,0.0,0.0,False,0.0,0.0,0.0,,0.029915497779650167,0.0,0.0,0.013461974000842576,False
snow_influence,mafic_geology,geology,-0.024426484093480506,0.024426484093480506,1331,0.0,0.0,0.0,0.0,False,0.0,0.0,0.0,,0.027861120511838124,0.0,0.0,0.012537504230327156,False
max_temperature,deep_gravity_source_density,geophysics,0.02427238025520453,0.02427238025520453,1331,0.0,0.0,0.0,0.0,False,0.0,0.0,0.0,,0.027684735792396137,0.0,0.0,0.012458131106578263,False
actual_evapotranspiration,deep_regional_gravity_anomaly,geophysics,-0.024260923610932603,0.024260923610932603,1331,0.0,0.0,0.0,0.0,False,0.0,0.0,0.0,,0.02767162270573809,0.0,0.0,0.01245223021758214,False
solar_radiation,intrusive_geology,geology,0.02383281605870942,0.02383281605870942,1331,0.0,0.0,0.0,0.0,False,0.0,0.0,0.0,,0.027181617840611676,0.0,0.0,0.012231728028275254,False
vapor_pressure_deficit,W_Re_pathfinder,geochemistry,-0.023803588120725666,0.023803588120725666,1331,0.0,0.0,0.0,0.0,False,0.0,0.0,0.0,,0.027148164023375148,0.0,0.0,0.012216673810518816,False
snow_influence,intrusive_geology,geology,-0.02348349094414329,0.02348349094414329,1331,0.0,0.0,0.0,0.0,False,0.0,0.0,0.0,,0.02678178605824917,0.0,0.0,0.012051803726212127,False
soil_moisture,As_Sb_Bi_pathfinder,geochemistry,0.02303156055607326,0.02303156055607326,1331,0.0,0.0,0.0,0.0,False,0.0,0.0,0.0,,0.026264513966918868,0.0,0.0,0.01181903128511349,False
min_temperature,mafic_geology,geology,-0.02255071913339139,0.02255071913339139,1331,0.0,0.0,0.0,0.0,False,0.0,0.0,0.0,,0.025714150780740852,0.0,0.0,0.011571367851333383,False
max_temperature,Mo_anomaly,geochemistry,-0.021938382191069052,0.021938382191069052,1331,0.0,0.0,0.0,0.0,False,0.0,0.0,0.0,,0.02501327998489431,0.0,0.0,0.01125597599320244,False
actual_evapotranspiration,As_Sb_Bi_pathfinder,geochemistry,-0.021890954479872445,0.021890954479872445,1331,0.0,0.0,0.0,0.0,False,0.0,0.0,0.0,,0.02495899500648769,0.0,0.0,0.01123154775291946,False
potential_evapotranspiration,W_Re_pathfinder,geochemistry,-0.021888645093845277,0.021888645093845277,1331,0.0,0.0,0.0,0.0,False,0.0,0.0,0.0,,0.024956351721213018,0.0,0.0,0.011230358274545858,False
snow_influence,gravity_gradient,geophysics,0.0216680642784011,0.0216680642784011,1331,0.0,0.0,0.0,0.0,False,0.0,0.0,0.0,,0.024703878546750425,0.0,0.0,0.01111674534603769,False
aridity,Cu_anomaly,geochemistry,0.0214009460293267,0.0214009460293267,1331,0.0,0.0,0.0,0.0,False,0.0,0.0,0.0,,0.024398139390945324,0.0,0.0,0.010979162725925397,False
water_deficit,gravity_gradient,geophysics,-0.020822138896642896,0.020822138896642896,1331,0.0,0.0,0.0,0.0,False,0.0,0.0,0.0,,0.023735646263897948,0.0,0.0,0.010681040818754076,False
water_deficit,Mo_anomaly,geochemistry,0.020446964107450394,0.020446964107450394,1331,0.0,0.0,0.0,0.0,False,0.0,0.0,0.0,,0.023306227368990757,0.0,0.0,0.010487802316045841,False
diurnal_temperature_range,shallow_gravity_source_proximity,geophysics,0.020278039317198064,0.020278039317198064,1331,0.0,0.0,0.0,0.0,False,0.0,0.0,0.0,,0.023112878831609784,0.0,0.0,0.010400795474224404,False
snow_influence,felsic_intermediate_geology,geology,-0.019857785399631542,0.019857785399631542,1331,0.0,0.0,0.0,0.0,False,0.0,0.0,0.0,,0.022631863107578188,0.0,0.0,0.010184338398410184,False
diurnal_temperature_range,Ag_anomaly,geochemistry,-0.01982073647710421,0.01982073647710421,1331,0.0,0.0,0.0,0.0,False,0.0,0.0,0.0,,0.02258945752002943,0.0,0.0,0.010165255884013244,False
runoff,Ag_anomaly,geochemistry,-0.019688880650786354,0.019688880650786354,1331,0.0,0.0,0.0,0.0,False,0.0,0.0,0.0,,0.0224385375092623,0.0,0.0,0.010097341879168036,False
evapotranspiration_ratio,Cu_anomaly,geochemistry,0.019489189563638477,0.019489189563638477,1331,0.0,0.0,0.0,0.0,False,0.0,0.0,0.0,,0.022209974374328787,0.0,0.0,0.009994488468447955,False
evapotranspiration_ratio,Ag_anomaly,geochemistry,-0.018974637496285012,0.018974637496285012,1331,0.0,0.0,0.0,0.0,False,0.0,0.0,0.0,,0.02162102653854614,0.0,0.0,0.009729461942345764,False
snow_influence,W_Re_pathfinder,geochemistry,0.018958131612151537,0.018958131612151537,1331,0.0,0.0,0.0,0.0,False,0.0,0.0,0.0,,0.021602134174964573,0.0,0.0,0.009720960378734059,False
min_temperature,felsic_intermediate_geology,geology,0.018789094825305414,0.018789094825305414,1331,0.0,0.0,0.0,0.0,False,0.0,0.0,0.0,,0.021408657448123845,0.0,0.0,0.00963389585165573,False
water_balance,Au_anomaly,geochemistry,-0.018345172977466562,0.018345172977466562,1329,0.0,0.0,0.0,0.0,False,0.0,0.0,0.0,,0.02090055180026192,0.0,0.0,0.009405248310117863,False
water_balance,deep_gravity_gradient,geophysics,-0.01821544016647508,0.01821544016647508,1331,0.0,0.0,0.0,0.0,False,0.0,0.0,0.0,,0.020752061757929725,0.0,0.0,0.009338427791068376,False
potential_evapotranspiration,gravity_gradient,geophysics,-0.01813223191703067,0.01813223191703067,1331,0.0,0.0,0.0,0.0,False,0.0,0.0,0.0,,0.020656822963765316,0.0,0.0,0.009295570333694393,False
potential_evapotranspiration,Mo_anomaly,geochemistry,0.017297098519745074,0.017297098519745074,1331,0.0,0.0,0.0,0.0,False,0.0,0.0,0.0,,0.019700943008893242,0.0,0.0,0.00886542435400196,False
solar_radiation,shallow_gravity_source_proximity,geophysics,0.01657664391140485,0.01657664391140485,1331,0.0,0.0,0.0,0.0,False,0.0,0.0,0.0,,0.018876322510244778,0.0,0.0,0.008494345129610151,False
vapor_pressure_deficit,deep_gravity_source_density,geophysics,0.016551982548569533,0.016551982548569533,1331,0.0,0.0,0.0,0.0,False,0.0,0.0,0.0,,0.01884809551983735,0.0,0.0,0.008481642983926807,False
evapotranspiration_ratio,Mo_anomaly,geochemistry,0.01596389226485639,0.01596389226485639,1331,0.0,0.0,0.0,0.0,False,0.0,0.0,0.0,,0.018174977050759784,0.0,0.0,0.008178739672841903,False
vapor_pressure_deficit,intrusive_geology,geology,-0.01577599679502483,0.01577599679502483,1331,0.0,0.0,0.0,0.0,False,0.0,0.0,0.0,,0.017959914985457372,0.0,0.0,0.008081961743455818,False
aridity,Ag_anomaly,geochemistry,-0.015711533963982206,0.015711533963982206,1331,0.0,0.0,0.0,0.0,False,0.0,0.0,0.0,,0.017886131888974553,0.0,0.0,0.00804875935003855,False
soil_moisture,shallow_gravity_source_strength,geophysics,-0.015689119824053726,0.015689119824053726,1331,0.0,0.0,0.0,0.0,False,0.0,0.0,0.0,,0.017860477032956373,0.0,0.0,0.008037214664830369,False
vapor_pressure_deficit,Au_anomaly,geochemistry,-0.015443536111725912,0.015443536111725912,1329,0.0,0.0,0.0,0.0,False,0.0,0.0,0.0,,0.017579385953830306,0.0,0.0,0.007910723679223637,False
runoff,Pb_Zn_background,geochemistry,-0.015053879143369645,0.015053879143369645,1331,0.0,0.0,0.0,0.0,False,0.0,0.0,0.0,,0.017133390994775156,0.0,0.0,0.00771002594764882,False
potential_evapotranspiration,deep_gravity_source_density,geophysics,0.014964895750356828,0.014964895750356828,1331,0.0,0.0,0.0,0.0,False,0.0,0.0,0.0,,0.017031542066240007,0.0,0.0,0.007664193929808003,False
mean_temperature,intrusive_geology,geology,-0.01471969146188461,0.01471969146188461,1331,0.0,0.0,0.0,0.0,False,0.0,0.0,0.0,,0.016750885269420385,0.0,0.0,0.007537898371239173,False
min_temperature,gravity_gradient,geophysics,0.014583895708457952,0.014583895708457952,1331,0.0,0.0,0.0,0.0,False,0.0,0.0,0.0,,0.01659545568286668,0.0,0.0,0.007467955057290005,False
vapor_pressure_deficit,Mo_anomaly,geochemistry,0.014387102610368982,0.014387102610368982,1331,0.0,0.0,0.0,0.0,False,0.0,0.0,0.0,,0.016370209538559877,0.0,0.0,0.007366594292351945,False
snow_influence,shallow_gravity_source_proximity,geophysics,-0.012827984635112068,0.012827984635112068,1331,0.0,0.0,0.0,0.0,False,0.0,0.0,0.0,,0.014585668739841032,0.0,0.0,0.006563550932928464,False
potential_evapotranspiration,intrusive_geology,geology,-0.012776692042614475,0.012776692042614475,1331,0.0,0.0,0.0,0.0,False,0.0,0.0,0.0,,0.01452696008184552,0.0,0.0,0.006537132036830484,False
vapor_pressure,shallow_gravity_source_strength,geophysics,0.012767317001933917,0.012767317001933917,1331,0.0,0.0,0.0,0.0,False,0.0,0.0,0.0,,0.014516229564431436,0.0,0.0,0.006532303303994146,False
water_balance,W_Re_pathfinder,geochemistry,-0.01271491103763752,0.01271491103763752,1331,0.0,0.0,0.0,0.0,False,0.0,0.0,0.0,,0.0144562465593816,0.0,0.0,0.006505310951721721,False
water_balance,felsic_intermediate_geology,geology,0.012479479910533726,0.012479479910533726,1331,0.0,0.0,0.0,0.0,False,0.0,0.0,0.0,,0.014186775962369306,0.0,0.0,0.006384049183066188,False
vapor_pressure,intrusive_geology,geology,-0.011947577853203915,0.011947577853203915,1331,0.0,0.0,0.0,0.0,False,0.0,0.0,0.0,,0.013577969613336528,0.0,0.0,0.0061100863260014375,False
max_temperature,gravity_gradient,geophysics,-0.011599204248886465,0.011599204248886465,1331,0.0,0.0,0.0,0.0,False,0.0,0.0,0.0,,0.013179226913959476,0.0,0.0,0.005930652111281765,False
evapotranspiration_ratio,deep_gravity_source_proximity,geophysics,0.01145780907277675,0.01145780907277675,1331,0.0,0.0,0.0,0.0,False,0.0,0.0,0.0,,0.013017388320271115,0.0,0.0,0.005857824744122002,False
aridity,deep_gravity_source_proximity,geophysics,0.011366466161782522,0.011366466161782522,1331,0.0,0.0,0.0,0.0,False,0.0,0.0,0.0,,0.012912838726250762,0.0,0.0,0.005810777426812843,False
max_temperature,felsic_intermediate_geology,geology,-0.010260983407166746,0.010260983407166746,1331,0.0,0.0,0.0,0.0,False,0.0,0.0,0.0,,0.011647521342191441,0.0,0.0,0.005241384603986148,False
aridity,Mo_anomaly,geochemistry,0.010250913069105786,0.010250913069105786,1331,0.0,0.0,0.0,0.0,False,0.0,0.0,0.0,,0.01163599499882816,0.0,0.0,0.005236197749472672,False
vapor_pressure,felsic_intermediate_geology,geology,-0.010102902475780624,0.010102902475780624,1331,0.0,0.0,0.0,0.0,False,0.0,0.0,0.0,,0.011466584507368838,0.0,0.0,0.005159963028315977,False
potential_evapotranspiration,felsic_intermediate_geology,geology,0.009443458501960262,0.009443458501960262,1331,0.0,0.0,0.0,0.0,False,0.0,0.0,0.0,,0.010711795777825904,0.0,0.0,0.004820308100021657,False
vapor_pressure_deficit,gravity_gradient,geophysics,-0.009275818840617693,0.009275818840617693,1331,0.0,0.0,0.0,0.0,False,0.0,0.0,0.0,,0.010519918177864344,0.0,0.0,0.004733963180038955,False
solar_radiation,As_Sb_Bi_pathfinder,geochemistry,-0.008798348717529842,0.008798348717529842,1331,0.0,0.0,0.0,0.0,False,0.0,0.0,0.0,,0.00997341372576913,0.0,0.0,0.004488036176596108,False
actual_evapotranspiration,Pb_Zn_background,geochemistry,-0.008637041295196938,0.008637041295196938,1331,0.0,0.0,0.0,0.0,False,0.0,0.0,0.0,,0.009788783902460341,0.0,0.0,0.004404952756107154,False
water_deficit,Au_anomaly,geochemistry,-0.008550042943397758,0.008550042943397758,1329,0.0,0.0,0.0,0.0,False,0.0,0.0,0.0,,0.00968920701945933,0.0,0.0,0.004360143158756698,False
wind_speed,mafic_geology,geology,0.008150114700066416,0.008150114700066416,1331,0.0,0.0,0.0,0.0,False,0.0,0.0,0.0,,0.009231455727952904,0.0,0.0,0.004154155077578807,False
water_balance,gravity_gradient,geophysics,0.006244037871913447,0.006244037871913447,1331,0.0,0.0,0.0,0.0,False,0.0,0.0,0.0,,0.007049791531071919,0.0,0.0,0.0031724061889823636,False
snow_influence,shallow_gravity_source_strength,geophysics,-0.006232892645667822,0.006232892645667822,1331,0.0,0.0,0.0,0.0,False,0.0,0.0,0.0,,0.007037034888366293,0.0,0.0,0.003166665699764832,False
water_deficit,felsic_intermediate_geology,geology,-0.006093004795664522,0.006093004795664522,1331,0.0,0.0,0.0,0.0,False,0.0,0.0,0.0,,0.006876921555355162,0.0,0.0,0.003094614699909823,False
wind_speed,felsic_intermediate_geology,geology,-0.006082905529267339,0.006082905529267339,1331,0.0,0.0,0.0,0.0,False,0.0,0.0,0.0,,0.006865362101093894,0.0,0.0,0.0030894129454922523,False
vapor_pressure_deficit,felsic_intermediate_geology,geology,0.00602079337562355,0.00602079337562355,1331,0.0,0.0,0.0,0.0,False,0.0,0.0,0.0,,0.006794269551310822,0.0,0.0,0.00305742129808987,False
wind_speed,deep_gravity_source_strength,geophysics,0.005887583337518919,0.005887583337518919,1331,0.0,0.0,0.0,0.0,False,0.0,0.0,0.0,,0.006641799531999144,0.0,0.0,0.002988809789399615,False
solar_radiation,mafic_geology,geology,-0.005877117599335426,0.005877117599335426,1331,0.0,0.0,0.0,0.0,False,0.0,0.0,0.0,,0.006629820620156969,0.0,0.0,0.002983419279070636,False
water_balance,deep_gravity_source_strength,geophysics,0.005717422018382304,0.005717422018382304,1331,0.0,0.0,0.0,0.0,False,0.0,0.0,0.0,,0.006447035683988816,0.0,0.0,0.0029011660577949673,False
wind_speed,sedimentary_geology,geology,0.005696659968438251,0.005696659968438251,1331,0.0,0.0,0.0,0.0,False,0.0,0.0,0.0,,0.0064232717830023656,0.0,0.0,0.0028904723023510646,False
water_deficit,deep_gravity_source_density,geophysics,0.004855714137319897,0.004855714137319897,1331,0.0,0.0,0.0,0.0,False,0.0,0.0,0.0,,0.0054607390119361205,0.0,0.0,0.002457332555371254,False
min_temperature,intrusive_geology,geology,0.004841143246857568,0.004841143246857568,1331,0.0,0.0,0.0,0.0,False,0.0,0.0,0.0,,0.005444061410294459,0.0,0.0,0.0024498276346325066,False
precipitation,Mo_anomaly,geochemistry,0.004701993223019039,0.004701993223019039,1331,0.0,0.0,0.0,0.0,False,0.0,0.0,0.0,,0.0052847925809798345,0.0,0.0,0.0023781566614409257,False
actual_evapotranspiration,carbonate_geology,geology,-0.004332594534004092,0.004332594534004092,1331,0.0,0.0,0.0,0.0,False,0.0,0.0,0.0,,0.0048619849153624835,0.0,0.0,0.0021878932119131175,False
diurnal_temperature_range,deep_gravity_source_proximity,geophysics,0.0038188406107338693,0.0038188406107338693,1331,0.0,0.0,0.0,0.0,False,0.0,0.0,0.0,,0.004273950622174048,0.0,0.0,0.0019232777799783217,False
vapor_pressure,mafic_geology,geology,0.003534524024357442,0.003534524024357442,1331,0.0,0.0,0.0,0.0,False,0.0,0.0,0.0,,0.003948526532276297,0.0,0.0,0.0017768369395243335,False
soil_moisture,W_Re_pathfinder,geochemistry,-0.0032876702709068784,0.0032876702709068784,1331,0.0,0.0,0.0,0.0,False,0.0,0.0,0.0,,0.0036659817849637507,0.0,0.0,0.001649691803233688,False
water_balance,deep_gravity_source_density,geophysics,-0.003266544867932367,0.003266544867932367,1331,0.0,0.0,0.0,0.0,False,0.0,0.0,0.0,,0.003641801996073061,0.0,0.0,0.0016388108982328775,False
snow_influence,Mo_anomaly,geochemistry,-0.0028943903382853287,0.0028943903382853287,1331,0.0,0.0,0.0,0.0,False,0.0,0.0,0.0,,0.0032158400405810613,0.0,0.0,0.0014471280182614776,False
diurnal_temperature_range,W_Re_pathfinder,geochemistry,0.0025072560290511224,0.0025072560290511224,1331,0.0,0.0,0.0,0.0,False,0.0,0.0,0.0,,0.0027727324756782585,0.0,0.0,0.0012477296140552163,False
mean_temperature,felsic_intermediate_geology,geology,0.002239458738094792,0.002239458738094792,1331,0.0,0.0,0.0,0.0,False,0.0,0.0,0.0,,0.0024662160997002288,0.0,0.0,0.001109797244865103,False
evapotranspiration_ratio,As_Sb_Bi_pathfinder,geochemistry,0.0018296251468400465,0.0018296251468400465,1331,0.0,0.0,0.0,0.0,False,0.0,0.0,0.0,,0.001997127309829121,0.0,0.0,0.0008987072894231045,False
aridity,As_Sb_Bi_pathfinder,geochemistry,-0.0012839002348076914,0.0012839002348076914,1331,0.0,0.0,0.0,0.0,False,0.0,0.0,0.0,,0.0013724995485857715,0.0,0.0,0.0006176247968635972,False
vapor_pressure,gravity_gradient,geophysics,-0.0009943179079990169,0.0009943179079990169,1331,0.0,0.0,0.0,0.0,False,0.0,0.0,0.0,,0.0010410483787710821,0.0,0.0,0.00046847177044698695,False
water_deficit,W_Re_pathfinder,geochemistry,-0.0008178824739715192,0.0008178824739715192,1331,0.0,0.0,0.0,0.0,False,0.0,0.0,0.0,,0.0008391032820186351,0.0,0.0,0.00037759647690838584,False
mean_temperature,gravity_gradient,geophysics,0.0006644898219105523,0.0006644898219105523,1331,0.0,0.0,0.0,0.0,False,0.0,0.0,0.0,,0.0006635325746246848,0.0,0.0,0.0002985896585811082,False
wind_speed,deep_gravity_gradient,geophysics,-0.00045963865185457483,0.00045963865185457483,1331,0.0,0.0,0.0,0.0,False,0.0,0.0,0.0,,0.00042906329363910347,0.0,0.0,0.00019307848213759657,False
wind_speed,intrusive_geology,geology,-0.0004285334762387105,0.0004285334762387105,1331,0.0,0.0,0.0,0.0,False,0.0,0.0,0.0,,0.0003934608210752953,0.0,0.0,0.00017705736948388288,False
runoff,Mo_anomaly,geochemistry,8.477454445175135e-05,8.477454445175135e-05,1331,0.0,0.0,0.0,0.0,False,0.0,0.0,0.0,,0.0,0.0,0.0,0.0,False
