fold,seed,model,epoch,label_loss,mmd_loss,domain_loss
1,2025,source_only,1,0.676926679081387,0.0,0.0
1,2025,source_only,2,0.6142400891061813,0.0,0.0
1,2025,source_only,3,0.5157596804792919,0.0,0.0
1,2025,source_only,4,0.4020691920840551,0.0,0.0
1,2025,source_only,5,0.2867250915557619,0.0,0.0
1,2025,source_only,6,0.19063221012789106,0.0,0.0
1,2025,source_only,7,0.11577612504599587,0.0,0.0
1,2025,source_only,8,0.07774710755736108,0.0,0.0
1,2025,source_only,9,0.05018290265330246,0.0,0.0
1,2025,source_only,10,0.03523219601502494,0.0,0.0
1,2025,source_only,11,0.029645850290618246,0.0,0.0
1,2025,source_only,12,0.01943472766923526,0.0,0.0
1,2025,source_only,13,0.016297619582878217,0.0,0.0
1,2025,source_only,14,0.013210355984194884,0.0,0.0
1,2025,source_only,15,0.010876577879701341,0.0,0.0
1,2025,source_only,16,0.009056550151269351,0.0,0.0
1,2025,source_only,17,0.009629458784022264,0.0,0.0
1,2025,source_only,18,0.009091919230755478,0.0,0.0
1,2025,source_only,19,0.007804265959070079,0.0,0.0
1,2025,source_only,20,0.004467382134559254,0.0,0.0
1,2025,source_only,21,0.004934688010031269,0.0,0.0
1,2025,source_only,22,0.004193054247898833,0.0,0.0
1,2025,source_only,23,0.004677654942497611,0.0,0.0
1,2025,source_only,24,0.004155309438439352,0.0,0.0
1,2025,source_only,25,0.002172077612374865,0.0,0.0
1,2025,source_only,26,0.0020121648271996823,0.0,0.0
1,2025,source_only,27,0.0017723470389480805,0.0,0.0
1,2025,source_only,28,0.0017012982298472217,0.0,0.0
1,2025,source_only,29,0.0015885956975306191,0.0,0.0
1,2025,source_only,30,0.0015796491504824232,0.0,0.0
1,2025,dan_mmd,1,0.6810052480016436,0.03012686548015428,0.0
1,2025,dan_mmd,2,0.6278085330175975,0.025946442924794696,0.0
1,2025,dan_mmd,3,0.5379235545794169,0.025430234829111706,0.0
1,2025,dan_mmd,4,0.4257141086790297,0.025854006468776673,0.0
1,2025,dan_mmd,5,0.30669375686418443,0.027227641748530523,0.0
1,2025,dan_mmd,6,0.2058741289471823,0.027549283608557688,0.0
1,2025,dan_mmd,7,0.12590430535021283,0.02898742521684321,0.0
1,2025,dan_mmd,8,0.08379247122340733,0.030222767047465793,0.0
1,2025,dan_mmd,9,0.054482562910942806,0.026627370111999057,0.0
1,2025,dan_mmd,10,0.03705160003451128,0.03148377775436356,0.0
1,2025,dan_mmd,11,0.03102588660955902,0.033577872440218925,0.0
1,2025,dan_mmd,12,0.020803772312189852,0.03032936466236909,0.0
1,2025,dan_mmd,13,0.01616905399021648,0.03239512694851747,0.0
1,2025,dan_mmd,14,0.01451106487019431,0.030880168908172183,0.0
1,2025,dan_mmd,15,0.01083943173880615,0.0333860366058255,0.0
1,2025,dan_mmd,16,0.009645568558000146,0.03475025494302076,0.0
1,2025,dan_mmd,17,0.011371756582299159,0.03302232992081415,0.0
1,2025,dan_mmd,18,0.01030855009790569,0.034261239071687065,0.0
1,2025,dan_mmd,19,0.008763200536902462,0.0345603223180487,0.0
1,2025,dan_mmd,20,0.004635284394247546,0.034703616171129166,0.0
1,2025,dan_mmd,21,0.005582149001947116,0.03364982686582066,0.0
1,2025,dan_mmd,22,0.006362000164309782,0.036541083147601475,0.0
1,2025,dan_mmd,23,0.00529282040605765,0.03740175600562777,0.0
1,2025,dan_mmd,24,0.0050685348050181,0.0347720164332598,0.0
1,2025,dan_mmd,25,0.0025069648326034584,0.036183091678789685,0.0
1,2025,dan_mmd,26,0.0020058026781216974,0.038994268203775086,0.0
1,2025,dan_mmd,27,0.0018082548016940968,0.03833276379321303,0.0
1,2025,dan_mmd,28,0.0016738730741457806,0.03924655308207822,0.0
1,2025,dan_mmd,29,0.0015802864504549357,0.0395595162574734,0.0
1,2025,dan_mmd,30,0.0015993276532436352,0.04124309444829585,0.0
1,2025,dann,1,0.6758585241105821,0.0,0.6973524651830159
1,2025,dann,2,0.6130434586888268,0.0,0.6984387901094224
1,2025,dann,3,0.5166911771373143,0.0,0.7023940351274278
1,2025,dann,4,0.4053906079322573,0.0,0.7059687148957026
1,2025,dann,5,0.29371807428579483,0.0,0.7058937928033253
1,2025,dann,6,0.19983485814124818,0.0,0.7053533092377677
1,2025,dann,7,0.1284736574642242,0.0,0.7003149390220642
1,2025,dann,8,0.08516546368362411,0.0,0.6993305616908603
1,2025,dann,9,0.05574962041444249,0.0,0.7030153463757227
1,2025,dann,10,0.03968491014980134,0.0,0.7039784439026363
1,2025,dann,11,0.033778619228137866,0.0,0.7068504662740798
1,2025,dann,12,0.023625438145938375,0.0,0.703096175950671
1,2025,dann,13,0.021715143385032814,0.0,0.7053653910046532
1,2025,dann,14,0.017210647397275482,0.0,0.7064148405241588
1,2025,dann,15,0.015344978775829077,0.0,0.7044795647500053
1,2025,dann,16,0.014319307976476257,0.0,0.7064330502161904
1,2025,dann,17,0.016541871057438946,0.0,0.7101243904658726
1,2025,dann,18,0.015305993694161612,0.0,0.708474390090458
1,2025,dann,19,0.013903717244310039,0.0,0.7069595730493939
1,2025,dann,20,0.00873218955738204,0.0,0.7080205565407163
1,2025,dann,21,0.006473439291030878,0.0,0.70736696322759
1,2025,dann,22,0.006027345732224011,0.0,0.7051333737751794
1,2025,dann,23,0.0068408220245074185,0.0,0.7046076475627838
1,2025,dann,24,0.007106306493311884,0.0,0.7014704535877894
1,2025,dann,25,0.0044767046051602515,0.0,0.7015285614937071
1,2025,dann,26,0.003794773420806797,0.0,0.7024094140718854
1,2025,dann,27,0.002705781476660853,0.0,0.7006221300079709
1,2025,dann,28,0.004960024908613709,0.0,0.7007095217704773
1,2025,dann,29,0.004460343214247139,0.0,0.7032867556526547
1,2025,dann,30,0.0036495805113753747,0.0,0.7023314105139838
1,2025,idann,1,0.680418922787621,0.030564866280035366,0.6965156717905923
1,2025,idann,2,0.6280502771574353,0.026168420999532656,0.697088791264428
1,2025,idann,3,0.5405554151724256,0.025601057187905386,0.6996274401271154
1,2025,idann,4,0.4286662775372702,0.026231915468261355,0.7030416670299712
1,2025,idann,5,0.31262728240754867,0.028387896066147184,0.7063068851592049
1,2025,idann,6,0.21234967027391707,0.029964003800636248,0.7071144145632547
1,2025,idann,7,0.13482814057478829,0.032634319737553596,0.7052993954174103
1,2025,idann,8,0.08964234306698754,0.03284373362031248,0.7051889697710673
1,2025,idann,9,0.0591821711924341,0.030586503534799532,0.7061509736000545
1,2025,idann,10,0.04194355170641627,0.032854234090163595,0.7039659344960773
1,2025,idann,11,0.034931369510198394,0.03495248977745336,0.7049496873976693
1,2025,idann,12,0.02557856607295218,0.031252528614704574,0.7017202982826839
1,2025,idann,13,0.02116247427664579,0.03208745897762359,0.7030629487264723
1,2025,idann,14,0.018591440186673212,0.031285504677465985,0.7045160721218775
1,2025,idann,15,0.01633634835865999,0.0325661873415349,0.705922922444722
1,2025,idann,16,0.013376039541548207,0.03317423014058953,0.7079879726682391
1,2025,idann,17,0.017312661463779116,0.03362407875321214,0.7099484697220817
1,2025,idann,18,0.012565954750965513,0.03358581413825353,0.7059454217789665
1,2025,idann,19,0.011438963047805287,0.03544452218782334,0.7057265705532498
1,2025,idann,20,0.008308653350150774,0.03470516110223437,0.7064904958482773
1,2025,idann,21,0.008181733648396201,0.035257072971453744,0.7053901240939185
1,2025,idann,22,0.007480565384621658,0.03558808911059584,0.7039160397317674
1,2025,idann,23,0.007927094477169688,0.03736899668971697,0.7046206262376573
1,2025,idann,24,0.006123373247978706,0.03475958658825783,0.7001309867889162
1,2025,idann,25,0.0042735642905066176,0.035939902392408206,0.6999599867396884
1,2025,idann,26,0.004009478899192006,0.0351894712519078,0.7004311198279971
1,2025,idann,27,0.002794642067913498,0.034620269364307794,0.6997854094656687
1,2025,idann,28,0.003115451988941502,0.03308933751568908,0.6980547668441893
1,2025,idann,29,0.0031984902646703026,0.03225548748695661,0.6994732012824406
1,2025,idann,30,0.0024825711716114293,0.03197959748407205,0.6976353242283776
1,2026,source_only,1,0.6735178402491978,0.0,0.0
1,2026,source_only,2,0.6169660800979251,0.0,0.0
1,2026,source_only,3,0.5329235252879915,0.0,0.0
1,2026,source_only,4,0.40841320488188004,0.0,0.0
1,2026,source_only,5,0.2736035209326517,0.0,0.0
1,2026,source_only,6,0.17536966585450703,0.0,0.0
1,2026,source_only,7,0.11066789605787822,0.0,0.0
1,2026,source_only,8,0.06938534880441333,0.0,0.0
1,2026,source_only,9,0.04743395790102936,0.0,0.0
1,2026,source_only,10,0.03904600237451848,0.0,0.0
1,2026,source_only,11,0.02911729525242533,0.0,0.0
1,2026,source_only,12,0.0206819764885401,0.0,0.0
1,2026,source_only,13,0.016920248756096476,0.0,0.0
1,2026,source_only,14,0.0161841354953746,0.0,0.0
1,2026,source_only,15,0.012894294660774961,0.0,0.0
1,2026,source_only,16,0.01255783250570179,0.0,0.0
1,2026,source_only,17,0.007438092551652401,0.0,0.0
1,2026,source_only,18,0.00857174162205959,0.0,0.0
1,2026,source_only,19,0.006080891330918622,0.0,0.0
1,2026,source_only,20,0.009878951782685897,0.0,0.0
1,2026,source_only,21,0.007454167290162,0.0,0.0
1,2026,source_only,22,0.00437522802634963,0.0,0.0
1,2026,source_only,23,0.005043151937166436,0.0,0.0
1,2026,source_only,24,0.004236692773355614,0.0,0.0
1,2026,source_only,25,0.0025102570754594153,0.0,0.0
1,2026,source_only,26,0.003909791613714622,0.0,0.0
1,2026,source_only,27,0.0032129696069566147,0.0,0.0
1,2026,source_only,28,0.00219187299103757,0.0,0.0
1,2026,source_only,29,0.00216055973220454,0.0,0.0
1,2026,source_only,30,0.001879303344240826,0.0,0.0
1,2026,dan_mmd,1,0.6783137709375412,0.032531150808883094,0.0
1,2026,dan_mmd,2,0.6307195254734584,0.028723966773776782,0.0
1,2026,dan_mmd,3,0.5525304911628602,0.026743978528039797,0.0
1,2026,dan_mmd,4,0.43185371113201926,0.026427085940090436,0.0
1,2026,dan_mmd,5,0.2937599231326391,0.02716611482439533,0.0
1,2026,dan_mmd,6,0.19035548515736112,0.027618729479847445,0.0
1,2026,dan_mmd,7,0.11878308748442029,0.029859249938338522,0.0
1,2026,dan_mmd,8,0.07396037971216535,0.030890573230054643,0.0
1,2026,dan_mmd,9,0.05021541364609249,0.031234481002366733,0.0
1,2026,dan_mmd,10,0.04088168286733211,0.03398706682676834,0.0
1,2026,dan_mmd,11,0.028784458776788105,0.0330760023068814,0.0
1,2026,dan_mmd,12,0.021000626408273264,0.03277263840630887,0.0
1,2026,dan_mmd,13,0.01764415269569745,0.031232344607512157,0.0
1,2026,dan_mmd,14,0.016318658603325722,0.03279475285302079,0.0
1,2026,dan_mmd,15,0.01415731892403629,0.03455492197757676,0.0
1,2026,dan_mmd,16,0.011955677760794522,0.03500733186032564,0.0
1,2026,dan_mmd,17,0.007476518691946116,0.038996875108707516,0.0
1,2026,dan_mmd,18,0.008843839733994432,0.037416213975539285,0.0
1,2026,dan_mmd,19,0.006506422621434525,0.03852717553280176,0.0
1,2026,dan_mmd,20,0.011713800290303807,0.03560590569580358,0.0
1,2026,dan_mmd,21,0.007432436723897737,0.034707958499590554,0.0
1,2026,dan_mmd,22,0.004369147132993454,0.034593850729011354,0.0
1,2026,dan_mmd,23,0.0036869277338689517,0.03454926669124573,0.0
1,2026,dan_mmd,24,0.004061745703294282,0.03777167035473718,0.0
1,2026,dan_mmd,25,0.00250849184221662,0.03626269740717752,0.0
1,2026,dan_mmd,26,0.0055962348927832434,0.03842715448921635,0.0
1,2026,dan_mmd,27,0.00391588530628868,0.03975791507770145,0.0
1,2026,dan_mmd,28,0.002715115909398134,0.03915856970799348,0.0
1,2026,dan_mmd,29,0.0021501987759533917,0.03935554747780164,0.0
1,2026,dan_mmd,30,0.0018719561889560686,0.0397559099549812,0.0
1,2026,dann,1,0.6734121233697922,0.0,0.6976291972493368
1,2026,dann,2,0.6167888565668984,0.0,0.6999059972308931
1,2026,dann,3,0.532674069915499,0.0,0.7002366137883019
1,2026,dann,4,0.4110069431009747,0.0,0.7029617911293393
1,2026,dann,5,0.2814463114454633,0.0,0.7014919330203344
1,2026,dann,6,0.18446315564806498,0.0,0.7049868286602081
1,2026,dann,7,0.11370321173989584,0.0,0.7052650820641291
1,2026,dann,8,0.07409344187804631,0.0,0.7035447964592586
1,2026,dann,9,0.05024811746700415,0.0,0.7009716734053597
1,2026,dann,10,0.0420205465976208,0.0,0.6995130701670571
1,2026,dann,11,0.03117658548234474,0.0,0.7015456746494959
1,2026,dann,12,0.023458398250301205,0.0,0.7026990652084351
1,2026,dann,13,0.017809642537955254,0.0,0.7029901629402524
1,2026,dann,14,0.016776774248610887,0.0,0.7049415206152295
1,2026,dann,15,0.0160849243993797,0.0,0.7038018608850146
1,2026,dann,16,0.014036460875696133,0.0,0.7041964881003849
1,2026,dann,17,0.009504802484390519,0.0,0.7039450000202845
1,2026,dann,18,0.014046280371350429,0.0,0.7037007543775771
1,2026,dann,19,0.00834777253118181,0.0,0.7024764645667303
1,2026,dann,20,0.01507022361167603,0.0,0.7017494137324984
1,2026,dann,21,0.007297183050670558,0.0,0.7029025914177062
1,2026,dann,22,0.006540173533490844,0.0,0.700817380632673
1,2026,dann,23,0.004706900363551482,0.0,0.7002224278828454
1,2026,dann,24,0.003993208266957294,0.0,0.6996411368960426
1,2026,dann,25,0.003496527442679046,0.0,0.6989964568425738
1,2026,dann,26,0.004136298216753713,0.0,0.6979057505017235
1,2026,dann,27,0.0042663549862077665,0.0,0.69716182114586
1,2026,dann,28,0.005687052134557494,0.0,0.6965135837358142
1,2026,dann,29,0.005057577355136533,0.0,0.6953334146075778
1,2026,dann,30,0.0030526545578761707,0.0,0.6957690242737059
1,2026,idann,1,0.6784238077345348,0.03252551465162209,0.6970439562721858
1,2026,idann,2,0.6301432185702853,0.029104767160283193,0.6984850603436666
1,2026,idann,3,0.5529981231878675,0.027356543326898228,0.6988485871799408
1,2026,idann,4,0.43344048044038197,0.027043095154185143,0.7012093057708134
1,2026,idann,5,0.2998936006001064,0.028109344520739148,0.7010185396860517
1,2026,idann,6,0.19805164587876153,0.029075467012940892,0.7032872182982308
1,2026,idann,7,0.1213828098206293,0.03167134035556089,0.7049903330348787
1,2026,idann,8,0.07819827332619637,0.033711351365560575,0.7043794280006772
1,2026,idann,9,0.052221653923865345,0.032766012327065545,0.702292589914231
1,2026,idann,10,0.04141246364821517,0.03420098341764912,0.7014063937323434
1,2026,idann,11,0.03175724611159355,0.03224754173840795,0.7018646153192671
1,2026,idann,12,0.023451800901620162,0.030503342992493084,0.7020526575663734
1,2026,idann,13,0.01781089889210841,0.02868801946677859,0.7015408211284213
1,2026,idann,14,0.01703739566137157,0.029545457826720342,0.7020783537910098
1,2026,idann,15,0.01505991147594556,0.03005529446379533,0.7011404652444143
1,2026,idann,16,0.012801972395252614,0.02942772259906171,0.7038127108225747
1,2026,idann,17,0.012426641363177508,0.03231106275722148,0.7033457226223416
1,2026,idann,18,0.01439086883328855,0.03432814280192057,0.7035453007334754
1,2026,idann,19,0.009237318277536403,0.035122074837249426,0.7024396128124661
1,2026,idann,20,0.011216459038209111,0.034307594958042344,0.7003078895901876
1,2026,idann,21,0.00949057914494049,0.032796887769585566,0.7005609340137906
1,2026,idann,22,0.005075992535918005,0.032072466221593675,0.6992035593305316
1,2026,idann,23,0.005451567949623697,0.03178635254384033,0.6982031407810393
1,2026,idann,24,0.006440563809259662,0.031004341703558726,0.6989741533521622
1,2026,idann,25,0.0039020923635227577,0.029989552965003347,0.6989988154835172
1,2026,idann,26,0.0052778287060810105,0.03212085147462194,0.698396537039015
1,2026,idann,27,0.00309542930936293,0.028997366242702046,0.6978789463875785
1,2026,idann,28,0.002750284637191466,0.03050246305527195,0.6992544115535797
1,2026,idann,29,0.004375556385004154,0.030888850046765236,0.699314156221965
1,2026,idann,30,0.0037389124202216783,0.030897376792771474,0.6984574596087137
1,2027,source_only,1,0.6760856925495087,0.0,0.0
1,2027,source_only,2,0.6286286806303357,0.0,0.0
1,2027,source_only,3,0.5503454113763476,0.0,0.0
1,2027,source_only,4,0.4277961282503037,0.0,0.0
1,2027,source_only,5,0.30209051687566063,0.0,0.0
1,2027,source_only,6,0.20470574427218663,0.0,0.0
1,2027,source_only,7,0.13401461806562212,0.0,0.0
1,2027,source_only,8,0.08245053254659214,0.0,0.0
1,2027,source_only,9,0.06062827484002189,0.0,0.0
1,2027,source_only,10,0.043302089094169556,0.0,0.0
1,2027,source_only,11,0.03272480156923097,0.0,0.0
1,2027,source_only,12,0.023166343540189756,0.0,0.0
1,2027,source_only,13,0.019498946219091377,0.0,0.0
1,2027,source_only,14,0.013666397751501155,0.0,0.0
1,2027,source_only,15,0.01108537365253719,0.0,0.0
1,2027,source_only,16,0.007868261667825872,0.0,0.0
1,2027,source_only,17,0.011170182757759614,0.0,0.0
1,2027,source_only,18,0.006301932857327518,0.0,0.0
1,2027,source_only,19,0.007520029258485588,0.0,0.0
1,2027,source_only,20,0.007097503654510965,0.0,0.0
1,2027,source_only,21,0.005604767902118582,0.0,0.0
1,2027,source_only,22,0.004986836501057186,0.0,0.0
1,2027,source_only,23,0.003342908541006701,0.0,0.0
1,2027,source_only,24,0.003990815271482995,0.0,0.0
1,2027,source_only,25,0.010642701735912216,0.0,0.0
1,2027,source_only,26,0.004807229418056233,0.0,0.0
1,2027,source_only,27,0.004408887385146781,0.0,0.0
1,2027,source_only,28,0.00204674294218421,0.0,0.0
1,2027,source_only,29,0.004609315479654701,0.0,0.0
1,2027,source_only,30,0.0031005002369749405,0.0,0.0
1,2027,dan_mmd,1,0.6788684441929772,0.0295783526131085,0.0
1,2027,dan_mmd,2,0.6382809669252426,0.029344065469645318,0.0
1,2027,dan_mmd,3,0.569632911019855,0.027618514462595896,0.0
1,2027,dan_mmd,4,0.4567491606114403,0.027152563046131815,0.0
1,2027,dan_mmd,5,0.326304036473471,0.02632934156627882,0.0
1,2027,dan_mmd,6,0.2175601962066832,0.027657726276961583,0.0
1,2027,dan_mmd,7,0.14180807319898453,0.02947464200948912,0.0
1,2027,dan_mmd,8,0.08801685332778901,0.031430421781445304,0.0
1,2027,dan_mmd,9,0.06468248047998973,0.03397571620723558,0.0
1,2027,dan_mmd,10,0.04497968514878598,0.03307408215625891,0.0
1,2027,dan_mmd,11,0.03536083889267747,0.03417038329182163,0.0
1,2027,dan_mmd,12,0.02556765784642526,0.036609956137244666,0.0
1,2027,dan_mmd,13,0.021005252390981666,0.03622478758177114,0.0
1,2027,dan_mmd,14,0.01416619268379041,0.03488216590550211,0.0
1,2027,dan_mmd,15,0.011173141240659688,0.035928054343140316,0.0
1,2027,dan_mmd,16,0.008512051288215887,0.03752953115673292,0.0
1,2027,dan_mmd,17,0.011352026768560921,0.03902658518581163,0.0
1,2027,dan_mmd,18,0.006616377567369786,0.0392692850695716,0.0
1,2027,dan_mmd,19,0.00952553736149437,0.04073549446368974,0.0
1,2027,dan_mmd,20,0.007534712854225839,0.03933387746413549,0.0
1,2027,dan_mmd,21,0.006315790268311661,0.04266975403186821,0.0
1,2027,dan_mmd,22,0.0049854675658963735,0.0423696759556021,0.0
1,2027,dan_mmd,23,0.003602476568803901,0.04169218934008053,0.0
1,2027,dan_mmd,24,0.0039038482826158757,0.04142151879412787,0.0
1,2027,dan_mmd,25,0.010547631043231203,0.044296966983921944,0.0
1,2027,dan_mmd,26,0.004026287158633331,0.04004620329018623,0.0
1,2027,dan_mmd,27,0.003605586422112076,0.042894438027389466,0.0
1,2027,dan_mmd,28,0.0019743875720508635,0.04090299581487974,0.0
1,2027,dan_mmd,29,0.005476007969321919,0.043148559799033495,0.0
1,2027,dan_mmd,30,0.0038380613666035178,0.04075875369802354,0.0
1,2027,dann,1,0.6752876450145056,0.0,0.6979026292997693
1,2027,dann,2,0.6282074583901299,0.0,0.697822942620232
1,2027,dann,3,0.5492382096865821,0.0,0.70103387037913
1,2027,dann,4,0.4309895010221572,0.0,0.7054012711085971
1,2027,dann,5,0.3069192984747508,0.0,0.7038264615195138
1,2027,dann,6,0.20694252564793542,0.0,0.7023165159755282
1,2027,dann,7,0.13298667742619438,0.0,0.699070273883759
1,2027,dann,8,0.08459001939211573,0.0,0.6977584598556398
1,2027,dann,9,0.0647261215462571,0.0,0.6969457164643302
1,2027,dann,10,0.0476021533684125,0.0,0.697889318541875
1,2027,dann,11,0.03514065763484391,0.0,0.7002208904614524
1,2027,dann,12,0.028288418663636086,0.0,0.7031196601807125
1,2027,dann,13,0.02405971001153664,0.0,0.7026285027700757
1,2027,dann,14,0.015615900852791374,0.0,0.7036895799258399
1,2027,dann,15,0.013664153168007495,0.0,0.7042964110298763
1,2027,dann,16,0.01105800150553622,0.0,0.703086152909294
1,2027,dann,17,0.01670925316977359,0.0,0.7034831785020375
1,2027,dann,18,0.009281473500388009,0.0,0.7035306531285482
1,2027,dann,19,0.014088118326894584,0.0,0.7011540475345793
1,2027,dann,20,0.00809076581046813,0.0,0.6996286842558119
1,2027,dann,21,0.006979530703069435,0.0,0.6994270266048492
1,2027,dann,22,0.006183350126125983,0.0,0.7001635763380263
1,2027,dann,23,0.005283125132943193,0.0,0.7000455165666247
1,2027,dann,24,0.005141406915047103,0.0,0.6999041135348971
1,2027,dann,25,0.01227029266818944,0.0,0.6991908143437098
1,2027,dann,26,0.006980051171027183,0.0,0.6993595238715883
1,2027,dann,27,0.005556075626777278,0.0,0.6990475541069394
1,2027,dann,28,0.0027106582540057838,0.0,0.6979063153266907
1,2027,dann,29,0.006617763595256422,0.0,0.6983575064038473
1,2027,dann,30,0.004834272406278326,0.0,0.6972862784824674
1,2027,idann,1,0.6779017798484318,0.029817025546753216,0.6980075542888944
1,2027,idann,2,0.637482638396914,0.02916156734147715,0.6972371642551725
1,2027,idann,3,0.5671041844383119,0.02780239490999116,0.6988243962091113
1,2027,idann,4,0.4557336483682905,0.028032497251554142,0.7023006185652718
1,2027,idann,5,0.32698675114957115,0.026583409469042505,0.7032492056725517
1,2027,idann,6,0.21545946172305516,0.028402658948113047,0.7023535512742543
1,2027,idann,7,0.13701782895932121,0.02978513954532525,0.7011293541817438
1,2027,idann,8,0.08597473486784905,0.031812852544207425,0.7011416081398253
1,2027,idann,9,0.06378314023216565,0.03246036698184316,0.6995732699121747
1,2027,idann,10,0.04455360533699157,0.03108441536980016,0.7006654739379883
1,2027,idann,11,0.03302226653174749,0.031353328524837416,0.701575599965595
1,2027,idann,12,0.025663095615094618,0.030719830610212825,0.7034191867661854
1,2027,idann,13,0.020698418116403952,0.02877017388504649,0.7025288579955934
1,2027,idann,14,0.013776420053863337,0.029094226392252103,0.7040670022131905
1,2027,idann,15,0.011903281789273024,0.029606822050280042,0.7050754408987742
1,2027,idann,16,0.010588700701999996,0.03061692821719344,0.7044615168420095
1,2027,idann,17,0.016764525434977952,0.03260692460314622,0.7049957580036588
1,2027,idann,18,0.009001601428266556,0.03315053315507987,0.7043375514802479
1,2027,idann,19,0.013242833833727572,0.03375285506130211,0.7027688291337755
1,2027,idann,20,0.008209691142722492,0.032233039242407634,0.7010939111785283
1,2027,idann,21,0.007491549750464776,0.03266738437943988,0.7002900157655988
1,2027,idann,22,0.005769601762516513,0.03500133022547714,0.6993443701002333
1,2027,idann,23,0.004557092698098767,0.03423122006158034,0.6982970493180412
1,2027,idann,24,0.004583749944151986,0.0338875822841175,0.6985598433585394
1,2027,idann,25,0.013454225825308452,0.03423724826129656,0.697803933469076
1,2027,idann,26,0.005096732701603619,0.031825033977391226,0.6970726298907447
1,2027,idann,27,0.003839874906199319,0.030074785951347577,0.6981362832917107
1,2027,idann,28,0.002784211615410944,0.029119045724944462,0.6965881718529595
1,2027,idann,29,0.005805763573984483,0.029656843178802066,0.6972667470810905
1,2027,idann,30,0.003173511395866554,0.02822880130556841,0.6966139257900299
2,2025,source_only,1,0.6670052424857491,0.0,0.0
2,2025,source_only,2,0.5942526436165759,0.0,0.0
2,2025,source_only,3,0.48284348335705307,0.0,0.0
2,2025,source_only,4,0.33045752307302073,0.0,0.0
2,2025,source_only,5,0.18730977197226725,0.0,0.0
2,2025,source_only,6,0.10374421626329422,0.0,0.0
2,2025,source_only,7,0.061131312462844346,0.0,0.0
2,2025,source_only,8,0.037791205790678135,0.0,0.0
2,2025,source_only,9,0.036761286533682755,0.0,0.0
2,2025,source_only,10,0.01847639956854676,0.0,0.0
2,2025,source_only,11,0.013599476685110284,0.0,0.0
2,2025,source_only,12,0.010516730713118849,0.0,0.0
2,2025,source_only,13,0.013246924833909265,0.0,0.0
2,2025,source_only,14,0.0068252535788097275,0.0,0.0
2,2025,source_only,15,0.0098471691813565,0.0,0.0
2,2025,source_only,16,0.007929348114167192,0.0,0.0
2,2025,source_only,17,0.0045398375001049745,0.0,0.0
2,2025,source_only,18,0.005876269994156533,0.0,0.0
2,2025,source_only,19,0.0069749391910399455,0.0,0.0
2,2025,source_only,20,0.004449307502670165,0.0,0.0
2,2025,source_only,21,0.00235841794653281,0.0,0.0
2,2025,source_only,22,0.0031596629690427923,0.0,0.0
2,2025,source_only,23,0.002129533850836053,0.0,0.0
2,2025,source_only,24,0.001817520627044264,0.0,0.0
2,2025,source_only,25,0.007048315380464038,0.0,0.0
2,2025,source_only,26,0.0020571120307737913,0.0,0.0
2,2025,source_only,27,0.003028327349487594,0.0,0.0
2,2025,source_only,28,0.003006135660765913,0.0,0.0
2,2025,source_only,29,0.0017257107733473134,0.0,0.0
2,2025,source_only,30,0.0009554169074889566,0.0,0.0
2,2025,dan_mmd,1,0.6711612147720236,0.028916604008133475,0.0
2,2025,dan_mmd,2,0.607398952308454,0.026378596740725794,0.0
2,2025,dan_mmd,3,0.5017179889898551,0.024556032087849945,0.0
2,2025,dan_mmd,4,0.35055316984653473,0.022948371871423564,0.0
2,2025,dan_mmd,5,0.2043264544519939,0.025333037097497207,0.0
2,2025,dan_mmd,6,0.11613214270848977,0.02618077122851422,0.0
2,2025,dan_mmd,7,0.06712253043722165,0.025056452196287483,0.0
2,2025,dan_mmd,8,0.0433195259078945,0.02617827706087969,0.0
2,2025,dan_mmd,9,0.039670134196057916,0.027050403498211188,0.0
2,2025,dan_mmd,10,0.021017119386478475,0.02716030675525728,0.0
2,2025,dan_mmd,11,0.015219415446106149,0.029088314781945786,0.0
2,2025,dan_mmd,12,0.011814532103016973,0.028070817137823292,0.0
2,2025,dan_mmd,13,0.014095599272925603,0.029043341631461914,0.0
2,2025,dan_mmd,14,0.007583310312934612,0.026492270800334058,0.0
2,2025,dan_mmd,15,0.010753304084860965,0.02840206403236248,0.0
2,2025,dan_mmd,16,0.007142298857951046,0.028282738388761094,0.0
2,2025,dan_mmd,17,0.004869506931802454,0.02887842891198632,0.0
2,2025,dan_mmd,18,0.00580413440260791,0.028592601185664535,0.0
2,2025,dan_mmd,19,0.006177100832390256,0.029688682260089798,0.0
2,2025,dan_mmd,20,0.003913458404560133,0.0304618532720365,0.0
2,2025,dan_mmd,21,0.0030406784238661395,0.02888236943583347,0.0
2,2025,dan_mmd,22,0.0035550188676049736,0.02829434703055181,0.0
2,2025,dan_mmd,23,0.0027597757082395745,0.02878399140593645,0.0
2,2025,dan_mmd,24,0.001964064273986304,0.030301551420339627,0.0
2,2025,dan_mmd,25,0.009118991943787,0.03103661489378857,0.0
2,2025,dan_mmd,26,0.002448614587161788,0.030664351082553987,0.0
2,2025,dan_mmd,27,0.0027706854943014485,0.029454213983722423,0.0
2,2025,dan_mmd,28,0.00241820336362396,0.03254813495043077,0.0
2,2025,dan_mmd,29,0.002097932292120899,0.026216497926629688,0.0
2,2025,dan_mmd,30,0.000949401451132297,0.026614392458118107,0.0
2,2025,dann,1,0.6670244963545549,0.0,0.6979263095479262
2,2025,dann,2,0.5949827558115909,0.0,0.703324525764114
2,2025,dann,3,0.48436571696871206,0.0,0.7071314995226107
2,2025,dann,4,0.33328778375136225,0.0,0.7042918173890365
2,2025,dann,5,0.1917993172414993,0.0,0.7019515163020084
2,2025,dann,6,0.11017257955513503,0.0,0.7006340583688334
2,2025,dann,7,0.06725052734346766,0.0,0.7023163014336636
2,2025,dann,8,0.044298652927146145,0.0,0.700476578191707
2,2025,dann,9,0.03907568044470329,0.0,0.7018069420990191
2,2025,dann,10,0.023063158493881162,0.0,0.7022597036863628
2,2025,dann,11,0.01881862671947793,0.0,0.7071701311751416
2,2025,dann,12,0.01617928339462531,0.0,0.706160810432936
2,2025,dann,13,0.015727308633933335,0.0,0.7046600431203842
2,2025,dann,14,0.010932892260729875,0.0,0.7031923516800529
2,2025,dann,15,0.014720841271092036,0.0,0.702395244648582
2,2025,dann,16,0.010915698299772646,0.0,0.7009727876437338
2,2025,dann,17,0.0066784366346454545,0.0,0.7011684375373941
2,2025,dann,18,0.007909884716163537,0.0,0.7006367601846394
2,2025,dann,19,0.008791914765759813,0.0,0.6991836899205258
2,2025,dann,20,0.008185217662493846,0.0,0.699749903459298
2,2025,dann,21,0.004344679056789334,0.0,0.6984191913353769
2,2025,dann,22,0.0039043286516588474,0.0,0.6991102805263117
2,2025,dann,23,0.004724660205906012,0.0,0.6997685659872858
2,2025,dann,24,0.0071383213599849685,0.0,0.7007221493281817
2,2025,dann,25,0.006009145344969032,0.0,0.6993727629121981
2,2025,dann,26,0.004522333909622638,0.0,0.6975107694927015
2,2025,dann,27,0.005478813805415197,0.0,0.696599479568632
2,2025,dann,28,0.003609398713084183,0.0,0.6969297159659235
2,2025,dann,29,0.0020396492082478575,0.0,0.6980993222249182
2,2025,dann,30,0.0014165909011162033,0.0,0.698579603904172
2,2025,idann,1,0.6711480225387373,0.028937343042343855,0.6966463790128106
2,2025,idann,2,0.6083718357901824,0.026295793438820464,0.6980144726602655
2,2025,idann,3,0.5015989004781372,0.0249665624609119,0.7010523182781119
2,2025,idann,4,0.35090266148510735,0.024383997385341086,0.702010629992736
2,2025,idann,5,0.20711906381735676,0.02710584237387306,0.7042010606903779
2,2025,idann,6,0.11962984394478171,0.029238386373770863,0.7038552314043045
2,2025,idann,7,0.07084436685239014,0.028782184039683717,0.7050638238066121
2,2025,idann,8,0.04615291342825482,0.029531910035171006,0.7028117077915292
2,2025,idann,9,0.0400020405405054,0.029613366227989133,0.7028954680028715
2,2025,idann,10,0.023376513419574814,0.028498128399645026,0.7023368093528246
2,2025,idann,11,0.01835754187164926,0.030133520154968688,0.7026407232410029
2,2025,idann,12,0.014806522920384611,0.030150160732630053,0.7027522584325389
2,2025,idann,13,0.017836867439511576,0.030873197179875876,0.7013617644184514
2,2025,idann,14,0.010285853757523,0.028732722257509044,0.7009191536589673
2,2025,idann,15,0.014357206650617483,0.028195097282724946,0.7021802718702116
2,2025,idann,16,0.008276504516528038,0.028508239989414028,0.7013539177806754
2,2025,idann,17,0.007407454547080162,0.02865134478595696,0.7009378146184119
2,2025,idann,18,0.010766985208886725,0.027801750840521174,0.7005643648536581
2,2025,idann,19,0.011230400431055674,0.02860930625741419,0.698253681785182
2,2025,idann,20,0.007859670871096713,0.028600839113718586,0.6993880750317323
2,2025,idann,21,0.004258724206776701,0.029682256281375885,0.6984725390609942
2,2025,idann,22,0.0035755968496423997,0.02809400256036928,0.6987842093957098
2,2025,idann,23,0.005169762983170681,0.028795394776879174,0.6994530989935523
2,2025,idann,24,0.004646275177181356,0.029358993357929745,0.6987916929157156
2,2025,idann,25,0.005292963892938324,0.029205887529410814,0.6979874254841554
2,2025,idann,26,0.003650064184943116,0.02885116825468446,0.6972541918880061
2,2025,idann,27,0.0031653142834425366,0.027750355706207062,0.6962859254134329
2,2025,idann,28,0.0027088966476424645,0.029173773174223146,0.6963819092825839
2,2025,idann,29,0.001719633247136555,0.02670605230684343,0.6970415131041878
2,2025,idann,30,0.0014583334586380883,0.026968770317341153,0.6961390885867571
2,2026,source_only,1,0.6675914196591628,0.0,0.0
2,2026,source_only,2,0.5938061154202411,0.0,0.0
2,2026,source_only,3,0.4870363999354212,0.0,0.0
2,2026,source_only,4,0.3382423573026532,0.0,0.0
2,2026,source_only,5,0.2176395039025106,0.0,0.0
2,2026,source_only,6,0.1321126970609552,0.0,0.0
2,2026,source_only,7,0.08243513151415084,0.0,0.0
2,2026,source_only,8,0.05340421496351298,0.0,0.0
2,2026,source_only,9,0.034314585555540886,0.0,0.0
2,2026,source_only,10,0.02758282392383798,0.0,0.0
2,2026,source_only,11,0.022165841263669887,0.0,0.0
2,2026,source_only,12,0.014480302165458469,0.0,0.0
2,2026,source_only,13,0.010269416401187252,0.0,0.0
2,2026,source_only,14,0.00861016791130073,0.0,0.0
2,2026,source_only,15,0.006891108386059243,0.0,0.0
2,2026,source_only,16,0.009410432060432964,0.0,0.0
2,2026,source_only,17,0.007562124893363369,0.0,0.0
2,2026,source_only,18,0.00409560291690899,0.0,0.0
2,2026,source_only,19,0.00444235846455405,0.0,0.0
2,2026,source_only,20,0.003248204945856215,0.0,0.0
2,2026,source_only,21,0.0025327869294223524,0.0,0.0
2,2026,source_only,22,0.0043557714716849945,0.0,0.0
2,2026,source_only,23,0.002748871238987991,0.0,0.0
2,2026,source_only,24,0.0023367027989527407,0.0,0.0
2,2026,source_only,25,0.0025010971765272857,0.0,0.0
2,2026,source_only,26,0.004333757773565594,0.0,0.0
2,2026,source_only,27,0.001999247262765972,0.0,0.0
2,2026,source_only,28,0.0015087976517909403,0.0,0.0
2,2026,source_only,29,0.004373245525991814,0.0,0.0
2,2026,source_only,30,0.0031664744632220582,0.0,0.0
2,2026,dan_mmd,1,0.6737063009487955,0.029231399297714233,0.0
2,2026,dan_mmd,2,0.6091442084626147,0.02856276301961196,0.0
2,2026,dan_mmd,3,0.5042782943499716,0.026469107888835042,0.0
2,2026,dan_mmd,4,0.3596132562348717,0.02542379547498728,0.0
2,2026,dan_mmd,5,0.2328066520000759,0.025721717944466753,0.0
2,2026,dan_mmd,6,0.13457867003193028,0.02635156260313172,0.0
2,2026,dan_mmd,7,0.08160325615225654,0.027737060868132272,0.0
2,2026,dan_mmd,8,0.05217341615475322,0.028582101418195588,0.0
2,2026,dan_mmd,9,0.03286304981692841,0.027334410010984068,0.0
2,2026,dan_mmd,10,0.026885647902657326,0.03027625771631536,0.0
2,2026,dan_mmd,11,0.02140652559280984,0.029853404131963066,0.0
2,2026,dan_mmd,12,0.013859526640245397,0.029204337036629256,0.0
2,2026,dan_mmd,13,0.009520689341068072,0.028613762158018193,0.0
2,2026,dan_mmd,14,0.008426938267228635,0.029476699823709696,0.0
2,2026,dan_mmd,15,0.006757051285699402,0.029602450306380267,0.0
2,2026,dan_mmd,16,0.011251062741441848,0.029972153237873788,0.0
2,2026,dan_mmd,17,0.0054807814610141675,0.03183049389994458,0.0
2,2026,dan_mmd,18,0.0046485935438939025,0.03151037812380022,0.0
2,2026,dan_mmd,19,0.005116740832914059,0.030829077292429775,0.0
2,2026,dan_mmd,20,0.003689754400463579,0.0295814981095885,0.0
2,2026,dan_mmd,21,0.0026228258165677913,0.02968924612689175,0.0
2,2026,dan_mmd,22,0.004681281337214291,0.03227944751760285,0.0
2,2026,dan_mmd,23,0.0025210505708329087,0.032934984915252576,0.0
2,2026,dan_mmd,24,0.001996328400166117,0.031300869586534406,0.0
2,2026,dan_mmd,25,0.0020702605711688336,0.032623675284220985,0.0
2,2026,dan_mmd,26,0.004886991725805656,0.031499940644655576,0.0
2,2026,dan_mmd,27,0.00188500350563309,0.03181867399498036,0.0
2,2026,dan_mmd,28,0.0013877337313667674,0.03407471995849751,0.0
2,2026,dan_mmd,29,0.002284465933993679,0.03374358281297119,0.0
2,2026,dan_mmd,30,0.003432291739859226,0.02938822458351129,0.0
2,2026,dann,1,0.6687983548954913,0.0,0.6949363813588494
2,2026,dann,2,0.5966502600594571,0.0,0.6970843311987425
2,2026,dann,3,0.4938731620970525,0.0,0.7047914635193976
2,2026,dann,4,0.35441702957216065,0.0,0.7056053798449667
2,2026,dann,5,0.2330979638193783,0.0,0.7041843651156676
2,2026,dann,6,0.13911225146761066,0.0,0.7003500783129742
2,2026,dann,7,0.08488982263952494,0.0,0.6999069899320602
2,2026,dann,8,0.0549943574312094,0.0,0.7002458980208949
2,2026,dann,9,0.036187476478517056,0.0,0.7013829350471497
2,2026,dann,10,0.029403459979221225,0.0,0.7029440387299186
2,2026,dann,11,0.024251642857531185,0.0,0.7053802687870828
2,2026,dann,12,0.015489157614004063,0.0,0.7052739756672006
2,2026,dann,13,0.012977522295458536,0.0,0.7058529532269427
2,2026,dann,14,0.011003699092390505,0.0,0.706632411009387
2,2026,dann,15,0.011847143000187842,0.0,0.7044894467843207
2,2026,dann,16,0.009198755050372136,0.0,0.7015892675048426
2,2026,dann,17,0.006879023211934653,0.0,0.6998832053259799
2,2026,dann,18,0.008421938728516628,0.0,0.6991200188272878
2,2026,dann,19,0.009027866761530995,0.0,0.6974303824336905
2,2026,dann,20,0.004674090112338921,0.0,0.6976554080059654
2,2026,dann,21,0.0034295609488923986,0.0,0.6977441561849493
2,2026,dann,22,0.007338762929736588,0.0,0.6980877448069421
2,2026,dann,23,0.00803238836631767,0.0,0.6985614268403304
2,2026,dann,24,0.003148681143341635,0.0,0.6976400770639118
2,2026,dann,25,0.0035468773796884833,0.0,0.6979265973756188
2,2026,dann,26,0.008017070831939284,0.0,0.6966668406599447
2,2026,dann,27,0.004773111956494272,0.0,0.696981889636893
2,2026,dann,28,0.006896191249803738,0.0,0.6978811307957298
2,2026,dann,29,0.005511058221408779,0.0,0.6969070160075238
2,2026,dann,30,0.0037893190731809133,0.0,0.6963853765475122
2,2026,idann,1,0.6743243085710626,0.029167381188783207,0.6957743011022869
2,2026,idann,2,0.6103146076202393,0.028404585036792253,0.6954067420018347
2,2026,idann,3,0.5054323398753217,0.02655558486616141,0.7012767972130525
2,2026,idann,4,0.3577573093536653,0.026022169788024928,0.702273417460291
2,2026,idann,5,0.2283201117656733,0.02773989798305066,0.7049948878978428
2,2026,idann,6,0.1335784314494384,0.027565689585906893,0.7042322903871536
2,2026,idann,7,0.08174365871634923,0.03060642909258604,0.7050418555736542
2,2026,idann,8,0.05415744167801581,0.03125366475433111,0.70598498692638
2,2026,idann,9,0.0350991057869243,0.03219160547872123,0.7063301911479548
2,2026,idann,10,0.028631680056844886,0.03370415250231561,0.7064126267244941
2,2026,idann,11,0.023347568465396762,0.03360833931028059,0.7066802860874879
2,2026,idann,12,0.015273780188229131,0.034333847242554554,0.7067052972944159
2,2026,idann,13,0.012453530449420214,0.03533473775084866,0.7058580666780472
2,2026,idann,14,0.011023290081586885,0.03799988125990096,0.7035987008559076
2,2026,idann,15,0.009261921005274513,0.037359015084803104,0.701908971133985
2,2026,idann,16,0.010833053969116392,0.0375711362269756,0.6997410200144115
2,2026,idann,17,0.0068655201007219915,0.037977011237097416,0.6984389596863797
2,2026,idann,18,0.007695258627216772,0.03477682989384783,0.6977058225556424
2,2026,idann,19,0.008559604336225771,0.03269425010014521,0.6971035599708557
2,2026,idann,20,0.004570902721944118,0.03074898274223271,0.6976939071165887
2,2026,idann,21,0.0036923489625271607,0.030133604170068315,0.69689243012353
2,2026,idann,22,0.005920289962025555,0.030452236312588577,0.6970949729806498
2,2026,idann,23,0.004977922666033632,0.030151451202599627,0.6969946364038869
2,2026,idann,24,0.003625560112260772,0.02838635822071841,0.6957329676339501
2,2026,idann,25,0.003117186801223158,0.029094319251414976,0.6958628532133604
2,2026,idann,26,0.0065660117719457236,0.026249155916861798,0.6949494371288701
2,2026,idann,27,0.0022155049181923174,0.026013288475376994,0.6957941478804538
2,2026,idann,28,0.003056528088851146,0.026871875590203625,0.696392897712557
2,2026,idann,29,0.00718142987591962,0.0275114035773042,0.6958190234083879
2,2026,idann,30,0.002439829078579542,0.027567407336870308,0.6952588111162186
2,2027,source_only,1,0.674708996948443,0.0,0.0
2,2027,source_only,2,0.613098008852256,0.0,0.0
2,2027,source_only,3,0.4948327764868736,0.0,0.0
2,2027,source_only,4,0.3324549488331142,0.0,0.0
2,2027,source_only,5,0.1898334652773644,0.0,0.0
2,2027,source_only,6,0.10059860432030339,0.0,0.0
2,2027,source_only,7,0.05804427044074002,0.0,0.0
2,2027,source_only,8,0.04380233875034671,0.0,0.0
2,2027,source_only,9,0.025277798137578526,0.0,0.0
2,2027,source_only,10,0.020359251231543328,0.0,0.0
2,2027,source_only,11,0.014095766053191926,0.0,0.0
2,2027,source_only,12,0.01010447716659033,0.0,0.0
2,2027,source_only,13,0.009428897780660344,0.0,0.0
2,2027,source_only,14,0.008034065745672897,0.0,0.0
2,2027,source_only,15,0.007490260106830024,0.0,0.0
2,2027,source_only,16,0.0051259849554442455,0.0,0.0
2,2027,source_only,17,0.005563092042728768,0.0,0.0
2,2027,source_only,18,0.0032285237102769315,0.0,0.0
2,2027,source_only,19,0.0038658245956819308,0.0,0.0
2,2027,source_only,20,0.006608790149728425,0.0,0.0
2,2027,source_only,21,0.008324481511647863,0.0,0.0
2,2027,source_only,22,0.0018850162282193963,0.0,0.0
2,2027,source_only,23,0.0029535717307896305,0.0,0.0
2,2027,source_only,24,0.0019104159280112455,0.0,0.0
2,2027,source_only,25,0.0016934320900825121,0.0,0.0
2,2027,source_only,26,0.0015817947289753264,0.0,0.0
2,2027,source_only,27,0.001715113749684717,0.0,0.0
2,2027,source_only,28,0.0012451876353129353,0.0,0.0
2,2027,source_only,29,0.0010918775340925141,0.0,0.0
2,2027,source_only,30,0.002503703043131329,0.0,0.0
2,2027,dan_mmd,1,0.6801989305960504,0.027533920873936853,0.0
2,2027,dan_mmd,2,0.6319241837451333,0.027130687388738518,0.0
2,2027,dan_mmd,3,0.5269512416500794,0.026289329324897966,0.0
2,2027,dan_mmd,4,0.3671043377957846,0.026057333293321886,0.0
2,2027,dan_mmd,5,0.21548427013974442,0.02825081647422753,0.0
2,2027,dan_mmd,6,0.11479334895940203,0.028838973014468427,0.0
2,2027,dan_mmd,7,0.06618581839690083,0.03204232345237151,0.0
2,2027,dan_mmd,8,0.04840413792254893,0.030674182099143143,0.0
2,2027,dan_mmd,9,0.02811613085826761,0.030087631661444902,0.0
2,2027,dan_mmd,10,0.022399435359004297,0.03137438857045613,0.0
2,2027,dan_mmd,11,0.017147446774240387,0.029451708297098155,0.0
2,2027,dan_mmd,12,0.010940410441866047,0.030883407207990165,0.0
2,2027,dan_mmd,13,0.011213017073092297,0.029839400569663235,0.0
2,2027,dan_mmd,14,0.008813874134303708,0.03164818233467246,0.0
2,2027,dan_mmd,15,0.008045403253115518,0.034006673046142646,0.0
2,2027,dan_mmd,16,0.005854478439830832,0.031026960362827306,0.0
2,2027,dan_mmd,17,0.005955656072872348,0.035606487727674996,0.0
2,2027,dan_mmd,18,0.0040728722218007435,0.03198449699649293,0.0
2,2027,dan_mmd,19,0.005601202107132657,0.03575330299913491,0.0
2,2027,dan_mmd,20,0.005633373407028175,0.038663429416422,0.0
2,2027,dan_mmd,21,0.006024875978351031,0.03401649935710195,0.0
2,2027,dan_mmd,22,0.0019001171787845362,0.03350573256121654,0.0
2,2027,dan_mmd,23,0.005538300406586036,0.033751048392763265,0.0
2,2027,dan_mmd,24,0.0032064721170555507,0.03471299058659688,0.0
2,2027,dan_mmd,25,0.001703449206711651,0.034679917214242253,0.0
2,2027,dan_mmd,26,0.0018422650537104346,0.036023467166447325,0.0
2,2027,dan_mmd,27,0.0012318975346524415,0.03477475634089818,0.0
2,2027,dan_mmd,28,0.0012502519871065345,0.03811484658600468,0.0
2,2027,dan_mmd,29,0.0010825182586191467,0.03646843384118065,0.0
2,2027,dan_mmd,30,0.0025831842345053844,0.035642915062214196,0.0
2,2027,dann,1,0.674706233959449,0.0,0.7003919058724454
2,2027,dann,2,0.614346823409984,0.0,0.7024505616802919
2,2027,dann,3,0.49961168750336293,0.0,0.7023020825887981
2,2027,dann,4,0.3436258635238597,0.0,0.6999288742479525
2,2027,dann,5,0.20193242448333062,0.0,0.6970494428747579
2,2027,dann,6,0.10696111864557392,0.0,0.697927976125165
2,2027,dann,7,0.06290196318571505,0.0,0.6981893275913439
2,2027,dann,8,0.04650736107539974,0.0,0.6996937582367345
2,2027,dann,9,0.028734571717091296,0.0,0.7016908518577877
2,2027,dann,10,0.023893765676276463,0.0,0.7062874240310568
2,2027,dann,11,0.020962977365247513,0.0,0.7082176506519318
2,2027,dann,12,0.013530383401207234,0.0,0.7066468047468286
2,2027,dann,13,0.012453904301908455,0.0,0.7071118158729452
2,2027,dann,14,0.011602556081733814,0.0,0.7077682951563283
2,2027,dann,15,0.011688546893358426,0.0,0.7050956895476893
2,2027,dann,16,0.008724936057421329,0.0,0.703377828001976
2,2027,dann,17,0.007045276061705265,0.0,0.7024880600603003
2,2027,dann,18,0.005766605497276606,0.0,0.7019650630260769
2,2027,dann,19,0.007698799863359646,0.0,0.7035958994376031
2,2027,dann,20,0.007870473823889992,0.0,0.7046752721071243
2,2027,dann,21,0.008023916233612812,0.0,0.7028648821931136
2,2027,dann,22,0.0050177314919174505,0.0,0.6998605312485444
2,2027,dann,23,0.00777326911338605,0.0,0.7006056183262875
2,2027,dann,24,0.004061146538955846,0.0,0.6989197503579291
2,2027,dann,25,0.0022871324468532726,0.0,0.698705499109469
2,2027,dann,26,0.0029668817388531017,0.0,0.6984897781359521
2,2027,dann,27,0.0018086734114484372,0.0,0.6969269506241146
2,2027,dann,28,0.00260409650562858,0.0,0.6974522667495828
2,2027,dann,29,0.0018666048287597828,0.0,0.6969677052999798
2,2027,dann,30,0.004525097878956187,0.0,0.6963002524877849
2,2027,idann,1,0.6799243657212508,0.02748356188500398,0.6986836704768633
2,2027,idann,2,0.6324410509122046,0.026974701102038746,0.6992121040821075
2,2027,idann,3,0.5300509310082385,0.026657059690669963,0.7013458491940248
2,2027,idann,4,0.373436113721446,0.026629300800299172,0.7019985859331331
2,2027,idann,5,0.22297099624809466,0.028161123174389725,0.7015399579939089
2,2027,idann,6,0.11932954113734395,0.02882761047466805,0.7028083667943352
2,2027,idann,7,0.06866691021346732,0.03155662960029746,0.7021017129483976
2,2027,idann,8,0.050268597974392926,0.03041621378475898,0.7016918463142294
2,2027,idann,9,0.030470286165119,0.030067391571049627,0.7018862711755853
2,2027,idann,10,0.02377533003393757,0.0326946860326356,0.7037653319145504
2,2027,idann,11,0.021874555325331658,0.03247637338446159,0.7033287373028303
2,2027,idann,12,0.012854710202909223,0.03272145540502511,0.7009325184320149
2,2027,idann,13,0.011874502518606422,0.03307407016032621,0.7015450236044432
2,2027,idann,14,0.010999026916627037,0.03335818800290948,0.7029415753326917
2,2027,idann,15,0.011924239411631501,0.03273610177596933,0.7014486311297667
2,2027,idann,16,0.008899886216233043,0.029912957235386495,0.7007197706322921
2,2027,idann,17,0.007684150042845623,0.032942468570055145,0.7003756071391859
2,2027,idann,18,0.005758833055886881,0.03211529643617963,0.7006529773536482
2,2027,idann,19,0.010755407119990866,0.03405426981809892,0.7000507296700227
2,2027,idann,20,0.006937646521500459,0.033694416946290356,0.6994634827500895
2,2027,idann,21,0.006276208858348821,0.03148079327748794,0.6984715900923076
2,2027,idann,22,0.0038042079127320137,0.031300278110919816,0.6967640377973255
2,2027,idann,23,0.005514625828302661,0.032399460379230346,0.6976053267717361
2,2027,idann,24,0.00292778104899059,0.030961518445493358,0.6966317680321241
2,2027,idann,25,0.0017274449193409008,0.03040024934728679,0.6969053980551267
2,2027,idann,26,0.00459243949904033,0.030697640105101624,0.6980189461457101
2,2027,idann,27,0.0017142695946141,0.029861583423457648,0.6955031274180663
2,2027,idann,28,0.003078852949807984,0.031521695764049104,0.6965898761623784
2,2027,idann,29,0.0015280930127023328,0.03087856635255249,0.6959121901738016
2,2027,idann,30,0.0032920982469620773,0.03180252451841768,0.6956881519995237
3,2025,source_only,1,0.6639305193249773,0.0,0.0
3,2025,source_only,2,0.581375975434373,0.0,0.0
3,2025,source_only,3,0.4602927423831893,0.0,0.0
3,2025,source_only,4,0.32122628699715544,0.0,0.0
3,2025,source_only,5,0.20632567538357363,0.0,0.0
3,2025,source_only,6,0.11702122275785702,0.0,0.0
3,2025,source_only,7,0.06642562391736158,0.0,0.0
3,2025,source_only,8,0.0422914472931042,0.0,0.0
3,2025,source_only,9,0.02772306169315082,0.0,0.0
3,2025,source_only,10,0.04409333461009693,0.0,0.0
3,2025,source_only,11,0.01655038779533309,0.0,0.0
3,2025,source_only,12,0.011964284201584212,0.0,0.0
3,2025,source_only,13,0.010612177804521308,0.0,0.0
3,2025,source_only,14,0.010756443240452648,0.0,0.0
3,2025,source_only,15,0.0067748149584342795,0.0,0.0
3,2025,source_only,16,0.004743411279533331,0.0,0.0
3,2025,source_only,17,0.003986219765487831,0.0,0.0
3,2025,source_only,18,0.004375435923021741,0.0,0.0
3,2025,source_only,19,0.005733135801586663,0.0,0.0
3,2025,source_only,20,0.014948023314922822,0.0,0.0
3,2025,source_only,21,0.0042669785786817625,0.0,0.0
3,2025,source_only,22,0.0029293011473605366,0.0,0.0
3,2025,source_only,23,0.0032364960664758324,0.0,0.0
3,2025,source_only,24,0.002014951178840952,0.0,0.0
3,2025,source_only,25,0.0016141428059199825,0.0,0.0
3,2025,source_only,26,0.0014597508369905239,0.0,0.0
3,2025,source_only,27,0.0033722697521514464,0.0,0.0
3,2025,source_only,28,0.002376615239105687,0.0,0.0
3,2025,source_only,29,0.006149957635831769,0.0,0.0
3,2025,source_only,30,0.0022176385316969374,0.0,0.0
3,2025,dan_mmd,1,0.6723747754969248,0.03023034815744656,0.0
3,2025,dan_mmd,2,0.5996917653374556,0.03033720247629212,0.0
3,2025,dan_mmd,3,0.47470734940796366,0.02987168833795117,0.0
3,2025,dan_mmd,4,0.318065782509199,0.02774277615656213,0.0
3,2025,dan_mmd,5,0.18495979032865384,0.027223579880849617,0.0
3,2025,dan_mmd,6,0.10235607283326184,0.02818315663579397,0.0
3,2025,dan_mmd,7,0.05983935814441704,0.026822974666862225,0.0
3,2025,dan_mmd,8,0.039863524822200215,0.02678740080218853,0.0
3,2025,dan_mmd,9,0.026508866116495396,0.028817491617235468,0.0
3,2025,dan_mmd,10,0.04349940953344652,0.029628705653566415,0.0
3,2025,dan_mmd,11,0.016165905609363464,0.029039114929463077,0.0
3,2025,dan_mmd,12,0.012364668189547956,0.029239896264654106,0.0
3,2025,dan_mmd,13,0.00954520397978585,0.030207556683751868,0.0
3,2025,dan_mmd,14,0.011603972133498912,0.02974910664985456,0.0
3,2025,dan_mmd,15,0.006242273919136695,0.03006313635581514,0.0
3,2025,dan_mmd,16,0.0055606112809760905,0.0279166468464565,0.0
3,2025,dan_mmd,17,0.004294095596400794,0.030116939917206764,0.0
3,2025,dan_mmd,18,0.004689000589523192,0.029845702405110364,0.0
3,2025,dan_mmd,19,0.0056771060250267935,0.030576992552818323,0.0
3,2025,dan_mmd,20,0.004367493675800222,0.03259745558224073,0.0
3,2025,dan_mmd,21,0.004959248927728523,0.030490370773960176,0.0
3,2025,dan_mmd,22,0.0058921635429170435,0.031540800908171546,0.0
3,2025,dan_mmd,23,0.004155345528710224,0.0300487345084548,0.0
3,2025,dan_mmd,24,0.0018123151754347107,0.03241181735903388,0.0
3,2025,dan_mmd,25,0.00195387089568213,0.03114571826668774,0.0
3,2025,dan_mmd,26,0.001939943723633272,0.03139920464557845,0.0
3,2025,dan_mmd,27,0.0020945528357093814,0.03334350377412104,0.0
3,2025,dan_mmd,28,0.004433086666877654,0.031716486416393665,0.0
3,2025,dan_mmd,29,0.008407455390935377,0.030693121879111704,0.0
3,2025,dan_mmd,30,0.0019778572036224565,0.02975453847519508,0.0
3,2025,dann,1,0.6654985859626676,0.0,0.6963648301799122
3,2025,dann,2,0.5863439978622809,0.0,0.6958655191630851
3,2025,dann,3,0.46315787151092436,0.0,0.6987042325298961
3,2025,dann,4,0.3281534906567597,0.0,0.6997732011283316
3,2025,dann,5,0.20631922945016767,0.0,0.7002904436937193
3,2025,dann,6,0.11719518999864416,0.0,0.7007741993520318
3,2025,dann,7,0.06598966364271758,0.0,0.6989194205621394
3,2025,dann,8,0.04452270442029325,0.0,0.6992119725157575
3,2025,dann,9,0.030823348987302403,0.0,0.7032049327361874
3,2025,dann,10,0.046591531280882476,0.0,0.7063811261479448
3,2025,dann,11,0.01975980739495376,0.0,0.7071921585536585
3,2025,dann,12,0.01537130656084273,0.0,0.7056841770323311
3,2025,dann,13,0.012901531719807081,0.0,0.7027951369925243
3,2025,dann,14,0.012912185868339204,0.0,0.6997100827170581
3,2025,dann,15,0.009045833440656523,0.0,0.6996473568241771
3,2025,dann,16,0.0076453483481777875,0.0,0.6993852766548715
3,2025,dann,17,0.006013017166235552,0.0,0.7027533257879862
3,2025,dann,18,0.006405488103798523,0.0,0.7035056614294285
3,2025,dann,19,0.006916472221236312,0.0,0.7023816377651401
3,2025,dann,20,0.011923224345082417,0.0,0.7017656433873061
3,2025,dann,21,0.004330432755168437,0.0,0.7002221941947937
3,2025,dann,22,0.004631785613416535,0.0,0.6990159233895744
3,2025,dann,23,0.0029344889775441006,0.0,0.69712624535328
3,2025,dann,24,0.0022340424968605496,0.0,0.695905138079713
3,2025,dann,25,0.002082675097371088,0.0,0.6961699724197388
3,2025,dann,26,0.00412847897003791,0.0,0.6966420208535543
3,2025,dann,27,0.005590320750787036,0.0,0.6964701021589884
3,2025,dann,28,0.005279780567123941,0.0,0.696062452909423
3,2025,dann,29,0.003676585234820888,0.0,0.6954497876690655
3,2025,dann,30,0.0015842291068998392,0.0,0.6956477303330492
3,2025,idann,1,0.673195803310813,0.030125528505844313,0.6973519710505881
3,2025,idann,2,0.6031017550608007,0.030541115145130856,0.6967264951729193
3,2025,idann,3,0.4760592376313558,0.029966217261262057,0.6994721504246316
3,2025,idann,4,0.3238951331231652,0.028380390915383653,0.701027133115908
3,2025,idann,5,0.19481917625156844,0.028304970800513175,0.7028017167637988
3,2025,idann,6,0.1083951171760152,0.029653207421666238,0.7041724084354029
3,2025,idann,7,0.06452808338331013,0.02856882788786074,0.7056363195907779
3,2025,idann,8,0.04392024438555648,0.029176364879964327,0.7037245696637688
3,2025,idann,9,0.029356756417943938,0.03130135160484692,0.7059035991750112
3,2025,idann,10,0.04893013748635606,0.0320040478893533,0.7040213615429111
3,2025,idann,11,0.020042057938464895,0.03277631744560672,0.7040858712138199
3,2025,idann,12,0.018484316277885583,0.0315700560217587,0.7020853939579754
3,2025,idann,13,0.012329266542886816,0.03130063580394518,0.7011462697168676
3,2025,idann,14,0.01310194096323557,0.029874372750338985,0.6998429240250006
3,2025,idann,15,0.008142014408892975,0.027955415726798338,0.6997675866615481
3,2025,idann,16,0.0066720594924579305,0.02704866759751628,0.6996622979640961
3,2025,idann,17,0.0051687918887360065,0.02817726157969091,0.7002892566890251
3,2025,idann,18,0.007856085135533316,0.028643262845168754,0.7001922566716264
3,2025,idann,19,0.008783127747691894,0.027751124441260246,0.6990115737042776
3,2025,idann,20,0.00900466158054769,0.028854058214985743,0.6983417868614197
3,2025,idann,21,0.004199411149318443,0.02793751638836977,0.6982790922246328
3,2025,idann,22,0.00469621725411654,0.027336459425164432,0.6987088896879335
3,2025,idann,23,0.004392163267234204,0.026811032465136633,0.6979946537715632
3,2025,idann,24,0.0027859829026899052,0.028525016747596787,0.6982624058316393
3,2025,idann,25,0.0023678160725422656,0.02821612344464151,0.6979782581329346
3,2025,idann,26,0.003353911864063021,0.02891643477104059,0.6975295478250922
3,2025,idann,27,0.0033738951091569418,0.029395275113240974,0.6966800609739815
3,2025,idann,28,0.004308916055157258,0.029179338365793228,0.696134403711412
3,2025,idann,29,0.008120522885469765,0.02642725528467719,0.6949875580101479
3,2025,idann,30,0.0026687524876296068,0.02627819106437084,0.6951803579563047
3,2026,source_only,1,0.6712417922368864,0.0,0.0
3,2026,source_only,2,0.6081786548219076,0.0,0.0
3,2026,source_only,3,0.47254332572948643,0.0,0.0
3,2026,source_only,4,0.2861847094282871,0.0,0.0
3,2026,source_only,5,0.15277262104720604,0.0,0.0
3,2026,source_only,6,0.07951184516636337,0.0,0.0
3,2026,source_only,7,0.0529959182731989,0.0,0.0
3,2026,source_only,8,0.034342762355397384,0.0,0.0
3,2026,source_only,9,0.02043234270702048,0.0,0.0
3,2026,source_only,10,0.01995771690044643,0.0,0.0
3,2026,source_only,11,0.014355189394114948,0.0,0.0
3,2026,source_only,12,0.012959181938729272,0.0,0.0
3,2026,source_only,13,0.010556708072970917,0.0,0.0
3,2026,source_only,14,0.01243288039014016,0.0,0.0
3,2026,source_only,15,0.006678057624390576,0.0,0.0
3,2026,source_only,16,0.004966857809028248,0.0,0.0
3,2026,source_only,17,0.004497782727589876,0.0,0.0
3,2026,source_only,18,0.0027719603485155215,0.0,0.0
3,2026,source_only,19,0.0028779321355836057,0.0,0.0
3,2026,source_only,20,0.002197969285345341,0.0,0.0
3,2026,source_only,21,0.002265699242565372,0.0,0.0
3,2026,source_only,22,0.0018600811085112893,0.0,0.0
3,2026,source_only,23,0.0018422732569089886,0.0,0.0
3,2026,source_only,24,0.0021643422805937007,0.0,0.0
3,2026,source_only,25,0.0019627474003511185,0.0,0.0
3,2026,source_only,26,0.0015265403600074577,0.0,0.0
3,2026,source_only,27,0.002923149965836939,0.0,0.0
3,2026,source_only,28,0.0012520599929990656,0.0,0.0
3,2026,source_only,29,0.0016374523959423574,0.0,0.0
3,2026,source_only,30,0.000930656249160742,0.0,0.0
3,2026,dan_mmd,1,0.6766774378171782,0.029437305246729675,0.0
3,2026,dan_mmd,2,0.6270504441203141,0.026674621170613824,0.0
3,2026,dan_mmd,3,0.5150241342986502,0.026214891385923072,0.0
3,2026,dan_mmd,4,0.33302026914387217,0.025029512690153063,0.0
3,2026,dan_mmd,5,0.1836602451597772,0.028569220860556858,0.0
3,2026,dan_mmd,6,0.09711967054300191,0.027259736923818906,0.0
3,2026,dan_mmd,7,0.06152974591567749,0.02848792976767915,0.0
3,2026,dan_mmd,8,0.040057437448966796,0.028555552543299955,0.0
3,2026,dan_mmd,9,0.023769875761212374,0.027199739953730165,0.0
3,2026,dan_mmd,10,0.023797528551346283,0.02884669013593982,0.0
3,2026,dan_mmd,11,0.014961197847364152,0.029195811258765254,0.0
3,2026,dan_mmd,12,0.0122739506811585,0.029443366010105464,0.0
3,2026,dan_mmd,13,0.013875416965541862,0.027225322101446913,0.0
3,2026,dan_mmd,14,0.012689940089064582,0.0328674867363056,0.0
3,2026,dan_mmd,15,0.008669852228017479,0.02973321774156719,0.0
3,2026,dan_mmd,16,0.005716780571142075,0.033472524342558735,0.0
3,2026,dan_mmd,17,0.005339355091564357,0.034041620756885625,0.0
3,2026,dan_mmd,18,0.003306612234687569,0.02970275890490994,0.0
3,2026,dan_mmd,19,0.003219942698573194,0.032941596389452855,0.0
3,2026,dan_mmd,20,0.0023124500996967007,0.03042495623230934,0.0
3,2026,dan_mmd,21,0.002846017036950443,0.03288352490607195,0.0
3,2026,dan_mmd,22,0.0018435306627042137,0.03469072839972086,0.0
3,2026,dan_mmd,23,0.003733931303453041,0.03295610474831447,0.0
3,2026,dan_mmd,24,0.002706467356424915,0.03259482989996308,0.0
3,2026,dan_mmd,25,0.0015442890055454904,0.0338654587295179,0.0
3,2026,dan_mmd,26,0.0012713255426028698,0.033826633844888064,0.0
3,2026,dan_mmd,27,0.0018596168385290473,0.034558835189516954,0.0
3,2026,dan_mmd,28,0.0033327399345935414,0.03397761728251126,0.0
3,2026,dan_mmd,29,0.002600232431332853,0.035544736231336506,0.0
3,2026,dan_mmd,30,0.0014637003151597681,0.03386869763092297,0.0
3,2026,dann,1,0.6710050811127919,0.0,0.6975461455380044
3,2026,dann,2,0.6092653107352373,0.0,0.7012676364038049
3,2026,dann,3,0.4782789451319997,0.0,0.7019236262251691
3,2026,dann,4,0.29665568361922007,0.0,0.6995731308692839
3,2026,dann,5,0.16223775104778568,0.0,0.695914651562528
3,2026,dann,6,0.08517434270825328,0.0,0.7000309388811995
3,2026,dann,7,0.05753629270759297,0.0,0.7013849696008171
3,2026,dann,8,0.03990089450394962,0.0,0.7046874252761283
3,2026,dann,9,0.023040021962781505,0.0,0.7056482804984581
3,2026,dann,10,0.02414204582299401,0.0,0.7052940871657395
3,2026,dann,11,0.016652522364449574,0.0,0.7045204057926084
3,2026,dann,12,0.014803666184179304,0.0,0.7050645424098503
3,2026,dann,13,0.015158616068841117,0.0,0.7032611420968684
3,2026,dann,14,0.013904942631176332,0.0,0.7033519054331431
3,2026,dann,15,0.009593421894284646,0.0,0.701621323097043
3,2026,dann,16,0.006745354766480443,0.0,0.7001124518673595
3,2026,dann,17,0.006592334719465636,0.0,0.6991110407724613
3,2026,dann,18,0.003909615138204905,0.0,0.6983027930666761
3,2026,dann,19,0.005442847598559882,0.0,0.699427192530981
3,2026,dann,20,0.0029017179409360013,0.0,0.6982085370435948
3,2026,dann,21,0.005138172267612479,0.0,0.6976516508474583
3,2026,dann,22,0.0027216307942403437,0.0,0.697224654802462
3,2026,dann,23,0.002698869223666673,0.0,0.6974876210456942
3,2026,dann,24,0.003049912384041108,0.0,0.6989638681818799
3,2026,dann,25,0.0029407620256789394,0.0,0.6982314811974037
3,2026,dann,26,0.0026446592521274506,0.0,0.7004380066220354
3,2026,dann,27,0.006856814904206592,0.0,0.699480290093073
3,2026,dann,28,0.002400795541910977,0.0,0.6994812270490135
3,2026,dann,29,0.006699639615651061,0.0,0.6983397414044636
3,2026,dann,30,0.002671074965491709,0.0,0.6974489819712755
3,2026,idann,1,0.6766957509808424,0.029354760764030423,0.6982502850090585
3,2026,idann,2,0.628097637397487,0.026933069159163207,0.6998828591370001
3,2026,idann,3,0.5200660690301802,0.026556988837333713,0.7009864384081306
3,2026,idann,4,0.3410194870538828,0.0258317553529107,0.7004039200340829
3,2026,idann,5,0.18896843356693663,0.02970424740825121,0.6987561140118576
3,2026,idann,6,0.10171546496269179,0.02749561777383816,0.7028983969513963
3,2026,idann,7,0.06499776346381844,0.028428239066426348,0.7049698662467119
3,2026,idann,8,0.044747348465934034,0.027498410242359814,0.7053041545356192
3,2026,idann,9,0.02594482830566604,0.028120855698589145,0.7054121487024354
3,2026,idann,10,0.025352584720566507,0.029620976244076724,0.705417068266287
3,2026,idann,11,0.017098814294469064,0.02997140302436381,0.7052270602889177
3,2026,idann,12,0.015343319641698787,0.02980546837263718,0.705385949553513
3,2026,idann,13,0.014309383693105745,0.029367402491227882,0.7029779604295405
3,2026,idann,14,0.014548555167005739,0.03199473798002412,0.7032286335782307
3,2026,idann,15,0.009020873325558879,0.0298976386420247,0.7016916863802003
3,2026,idann,16,0.006536951184942864,0.03147118622664272,0.7005592751793746
3,2026,idann,17,0.008927474512502824,0.030974888174635607,0.698998914259236
3,2026,idann,18,0.004420633968704085,0.027713881169513958,0.6981050648340364
3,2026,idann,19,0.004378665792301479,0.02826927275192447,0.6986665820203176
3,2026,idann,20,0.0036699964392294246,0.028299385704463574,0.6970336757055143
3,2026,idann,21,0.004765923934273149,0.02881221475488529,0.6978563222943283
3,2026,idann,22,0.004326673669644018,0.02739878253238957,0.6967510493790231
3,2026,idann,23,0.002701700804187212,0.0276993760021358,0.6971743332176674
3,2026,idann,24,0.002439958939936421,0.027779492333803963,0.6980320353333543
3,2026,idann,25,0.0027065277681685984,0.026712221138906186,0.6957076955132369
3,2026,idann,26,0.0026280939750793595,0.025981988496624114,0.696598412787042
3,2026,idann,27,0.005904913162273105,0.02591511066548708,0.6956419079768948
3,2026,idann,28,0.0033708053102245463,0.02675458591249658,0.6968266542364911
3,2026,idann,29,0.0029069243936668855,0.02684747743443018,0.6967528280688495
3,2026,idann,30,0.0013757050344393952,0.0264005507910397,0.696301429736905
3,2027,source_only,1,0.6625724783757838,0.0,0.0
3,2027,source_only,2,0.5758523257767282,0.0,0.0
3,2027,source_only,3,0.42577919836451367,0.0,0.0
3,2027,source_only,4,0.25725115908355245,0.0,0.0
3,2027,source_only,5,0.1321710652512748,0.0,0.0
3,2027,source_only,6,0.08138973034191423,0.0,0.0
3,2027,source_only,7,0.05484522274899774,0.0,0.0
3,2027,source_only,8,0.03207647900392369,0.0,0.0
3,2027,source_only,9,0.024831111497450167,0.0,0.0
3,2027,source_only,10,0.021670880176626692,0.0,0.0
3,2027,source_only,11,0.01590089030881844,0.0,0.0
3,2027,source_only,12,0.03479998886426229,0.0,0.0
3,2027,source_only,13,0.00970882292348528,0.0,0.0
3,2027,source_only,14,0.009240633180569403,0.0,0.0
3,2027,source_only,15,0.007354896600789777,0.0,0.0
3,2027,source_only,16,0.006282723777098354,0.0,0.0
3,2027,source_only,17,0.0038245797821706753,0.0,0.0
3,2027,source_only,18,0.005254769342860616,0.0,0.0
3,2027,source_only,19,0.003707981896984232,0.0,0.0
3,2027,source_only,20,0.0027984161960619798,0.0,0.0
3,2027,source_only,21,0.006151048302587985,0.0,0.0
3,2027,source_only,22,0.004059248081431157,0.0,0.0
3,2027,source_only,23,0.0032583527478514374,0.0,0.0
3,2027,source_only,24,0.003220381580787234,0.0,0.0
3,2027,source_only,25,0.002235549624878686,0.0,0.0
3,2027,source_only,26,0.0015613139877110015,0.0,0.0
3,2027,source_only,27,0.0025663375499567426,0.0,0.0
3,2027,source_only,28,0.002477275236742571,0.0,0.0
3,2027,source_only,29,0.009293463213330919,0.0,0.0
3,2027,source_only,30,0.0017869243397953829,0.0,0.0
3,2027,dan_mmd,1,0.6674924107586465,0.026986024592344355,0.0
3,2027,dan_mmd,2,0.5912679746383573,0.02589118676032962,0.0
3,2027,dan_mmd,3,0.44837400099126307,0.02528422814226005,0.0
3,2027,dan_mmd,4,0.28233930377698524,0.02742721967217399,0.0
3,2027,dan_mmd,5,0.14998212011485565,0.028047697368736673,0.0
3,2027,dan_mmd,6,0.09063418831948827,0.029926466971363235,0.0
3,2027,dan_mmd,7,0.060192164828682816,0.030294382853842363,0.0
3,2027,dan_mmd,8,0.034335755402358566,0.02843852483144984,0.0
3,2027,dan_mmd,9,0.027616597098729958,0.02875412883600447,0.0
3,2027,dan_mmd,10,0.024631790044467625,0.026279118252781834,0.0
3,2027,dan_mmd,11,0.016157018656774266,0.027613504778412058,0.0
3,2027,dan_mmd,12,0.03157254154850706,0.03088409542219668,0.0
3,2027,dan_mmd,13,0.01011554206573836,0.02926844502685637,0.0
3,2027,dan_mmd,14,0.01017123304886698,0.02979043373701776,0.0
3,2027,dan_mmd,15,0.007057096283860141,0.030821006427087436,0.0
3,2027,dan_mmd,16,0.00811169670451796,0.02963151599893846,0.0
3,2027,dan_mmd,17,0.004521798873433798,0.029147772572752906,0.0
3,2027,dan_mmd,18,0.00759332143366564,0.031745084561407566,0.0
3,2027,dan_mmd,19,0.0037416523768248537,0.03137717725391068,0.0
3,2027,dan_mmd,20,0.0030636395854455214,0.03142950672474576,0.0
3,2027,dan_mmd,21,0.004963180440671106,0.031464491493818234,0.0
3,2027,dan_mmd,22,0.002994119636884822,0.03259067303251203,0.0
3,2027,dan_mmd,23,0.003128810476571344,0.03146562638987855,0.0
3,2027,dan_mmd,24,0.005139422792481349,0.03095972844649379,0.0
3,2027,dan_mmd,25,0.0038241199675589665,0.03361422063146786,0.0
3,2027,dan_mmd,26,0.002000783709951154,0.03240168501236817,0.0
3,2027,dan_mmd,27,0.0018898072157753631,0.033283386152328516,0.0
3,2027,dan_mmd,28,0.00379020308368703,0.03129088000689701,0.0
3,2027,dan_mmd,29,0.008003970846447174,0.03151067943743816,0.0
3,2027,dan_mmd,30,0.0017983260668853933,0.03325973741891908,0.0
3,2027,dann,1,0.6623031613303394,0.0,0.695571062041492
3,2027,dann,2,0.5742243128578838,0.0,0.6970134602814186
3,2027,dann,3,0.4253525388676946,0.0,0.6993516785342518
3,2027,dann,4,0.25808130822530606,0.0,0.6983636603122805
3,2027,dann,5,0.13229601739383326,0.0,0.6965686693424131
3,2027,dann,6,0.08357373829476716,0.0,0.6947155522137154
3,2027,dann,7,0.056081514873700895,0.0,0.6945753562741164
3,2027,dann,8,0.03437668732481032,0.0,0.6951770041047073
3,2027,dann,9,0.02793449337208053,0.0,0.6980806901687528
3,2027,dann,10,0.02353634835766038,0.0,0.7023343109503025
3,2027,dann,11,0.018361147231899383,0.0,0.7020151593336245
3,2027,dann,12,0.04168574929964251,0.0,0.7037644764272178
3,2027,dann,13,0.016576297223431673,0.0,0.7026273361066493
3,2027,dann,14,0.011805678564464538,0.0,0.7031710300503707
3,2027,dann,15,0.00999479769252059,0.0,0.7005143143781801
3,2027,dann,16,0.009313406490879814,0.0,0.7007603819777326
3,2027,dann,17,0.006372878373396106,0.0,0.6991127060680855
3,2027,dann,18,0.013941493325457886,0.0,0.6991575571095071
3,2027,dann,19,0.004791666713838533,0.0,0.6978733357859821
3,2027,dann,20,0.005149811478587231,0.0,0.6981968087394063
3,2027,dann,21,0.00846632276647497,0.0,0.6986987176464825
3,2027,dann,22,0.004274077919345894,0.0,0.6983162055655223
3,2027,dann,23,0.004467286172013435,0.0,0.6977589188552484
3,2027,dann,24,0.007620508709451093,0.0,0.6977441492604046
3,2027,dann,25,0.0036642695287322034,0.0,0.6974857493144709
3,2027,dann,26,0.005252135121270662,0.0,0.6965305659829116
3,2027,dann,27,0.0030885283840911054,0.0,0.6954312884226078
3,2027,dann,28,0.010586898942142951,0.0,0.6970377586236814
3,2027,dann,29,0.012558913472386805,0.0,0.6964744656551175
3,2027,dann,30,0.002753765989526561,0.0,0.6950498594016563
3,2027,idann,1,0.6669287783343617,0.027123350309344325,0.6948183353354291
3,2027,idann,2,0.5898947599457531,0.026000880454553336,0.6954255976328035
3,2027,idann,3,0.44800274146766195,0.025674397489283143,0.6993964212696727
3,2027,idann,4,0.28306396396421807,0.02793905152598532,0.7006182983154203
3,2027,idann,5,0.15151356115210346,0.02866306807845831,0.6998412754477524
3,2027,idann,6,0.09438400293087088,0.0309001334783871,0.6995749066515666
3,2027,idann,7,0.06351919235979639,0.03112754952616808,0.6999602688521873
3,2027,idann,8,0.03748986293084738,0.03003083008182485,0.6988325845904466
3,2027,idann,9,0.029449912174264105,0.029847883619368076,0.6995501583669244
3,2027,idann,10,0.02385921938708279,0.02791680602311361,0.7006084490113142
3,2027,idann,11,0.017957187234991935,0.027653149874290316,0.6994245946407318
3,2027,idann,12,0.0387475056255736,0.028205222518342298,0.7006404770583641
3,2027,idann,13,0.013105438653061666,0.02755226921744463,0.7001378114630536
3,2027,idann,14,0.012645500513338825,0.027647770032650086,0.7008113410414719
3,2027,idann,15,0.009147848039524765,0.028960785374227093,0.6985955790775579
3,2027,idann,16,0.00851455677539201,0.027811894295509995,0.6993800975927492
3,2027,idann,17,0.005861981601522463,0.026508400125837907,0.6985889738652764
3,2027,idann,18,0.011262094326567178,0.027377888901022877,0.6997931257980626
3,2027,idann,19,0.005979037125986751,0.028541019890548254,0.6992656464983777
3,2027,idann,20,0.004435624399154288,0.027095628470727582,0.6989250030459427
3,2027,idann,21,0.008813526099490956,0.028013095577679028,0.6992406445305522
3,2027,idann,22,0.004110743902856484,0.028516741696654295,0.6980796012936569
3,2027,idann,23,0.004182261363006901,0.028010680044933064,0.6971554552636495
3,2027,idann,24,0.005854831911231641,0.026896200324522286,0.6980380953812018
3,2027,idann,25,0.0036874719087613703,0.02762170374484324,0.6979294899033337
3,2027,idann,26,0.003317658500547135,0.02609610062365125,0.6977222481878792
3,2027,idann,27,0.005230821746475313,0.02639452270345717,0.6963201274232167
3,2027,idann,28,0.006748117171100159,0.02557937180759703,0.6968871529509382
3,2027,idann,29,0.008568521994364834,0.02661730630732164,0.6961480037468236
3,2027,idann,30,0.0024839259738034408,0.027306934750479895,0.6953481748336698
4,2025,source_only,1,0.6723494157195091,0.0,0.0
4,2025,source_only,2,0.5968673981048844,0.0,0.0
4,2025,source_only,3,0.43888877433809365,0.0,0.0
4,2025,source_only,4,0.2535901343957944,0.0,0.0
4,2025,source_only,5,0.1250860956074162,0.0,0.0
4,2025,source_only,6,0.06520297050222078,0.0,0.0
4,2025,source_only,7,0.03731168947309594,0.0,0.0
4,2025,source_only,8,0.02265659328126772,0.0,0.0
4,2025,source_only,9,0.017338440494230865,0.0,0.0
4,2025,source_only,10,0.014326226950453764,0.0,0.0
4,2025,source_only,11,0.011874159276802939,0.0,0.0
4,2025,source_only,12,0.009152902142060075,0.0,0.0
4,2025,source_only,13,0.00609410327160731,0.0,0.0
4,2025,source_only,14,0.006421394750676965,0.0,0.0
4,2025,source_only,15,0.006150487148922614,0.0,0.0
4,2025,source_only,16,0.004984247901699167,0.0,0.0
4,2025,source_only,17,0.004936661530915775,0.0,0.0
4,2025,source_only,18,0.0038351489704589107,0.0,0.0
4,2025,source_only,19,0.002813097339557399,0.0,0.0
4,2025,source_only,20,0.0013787848517743193,0.0,0.0
4,2025,source_only,21,0.001510186763797802,0.0,0.0
4,2025,source_only,22,0.0022559198448355096,0.0,0.0
4,2025,source_only,23,0.0032605128794371426,0.0,0.0
4,2025,source_only,24,0.002265457308980827,0.0,0.0
4,2025,source_only,25,0.00203931185420846,0.0,0.0
4,2025,source_only,26,0.012627220188898553,0.0,0.0
4,2025,source_only,27,0.005321033719651909,0.0,0.0
4,2025,source_only,28,0.0012825062607258917,0.0,0.0
4,2025,source_only,29,0.0032197952133918243,0.0,0.0
4,2025,source_only,30,0.0029761228571177608,0.0,0.0
4,2025,dan_mmd,1,0.6773862649093975,0.027215694373642855,0.0
4,2025,dan_mmd,2,0.6149838112971999,0.025741567348384044,0.0
4,2025,dan_mmd,3,0.4663839397782629,0.024430827078917486,0.0
4,2025,dan_mmd,4,0.2802226538346572,0.024402333010750062,0.0
4,2025,dan_mmd,5,0.14415613299405033,0.02677235353357074,0.0
4,2025,dan_mmd,6,0.0742129471407018,0.027756003218448976,0.0
4,2025,dan_mmd,7,0.04353833101181821,0.027046381845138967,0.0
4,2025,dan_mmd,8,0.02640539853283289,0.027745843526314606,0.0
4,2025,dan_mmd,9,0.01969258695713837,0.030767482917078516,0.0
4,2025,dan_mmd,10,0.015812157986643302,0.02797247023872015,0.0
4,2025,dan_mmd,11,0.012771698662122204,0.030886386912739414,0.0
4,2025,dan_mmd,12,0.010523160160201687,0.02858389616647566,0.0
4,2025,dan_mmd,13,0.006980560148473491,0.03100749452344396,0.0
4,2025,dan_mmd,14,0.006422541259036569,0.03087275142950768,0.0
4,2025,dan_mmd,15,0.008414230551517738,0.031929900689812545,0.0
4,2025,dan_mmd,16,0.005281043360644782,0.03214177627920766,0.0
4,2025,dan_mmd,17,0.005691267939586065,0.03435138360046866,0.0
4,2025,dan_mmd,18,0.0038056093114639884,0.03455672216263007,0.0
4,2025,dan_mmd,19,0.00235164639293957,0.03245979950720952,0.0
4,2025,dan_mmd,20,0.0013400809809602586,0.031585580415346405,0.0
4,2025,dan_mmd,21,0.0021229365550177385,0.034189412613737986,0.0
4,2025,dan_mmd,22,0.002877083636783275,0.036821174128404396,0.0
4,2025,dan_mmd,23,0.004110496820265491,0.03607171603520824,0.0
4,2025,dan_mmd,24,0.001775797107256949,0.03195071908306669,0.0
4,2025,dan_mmd,25,0.002223229675192587,0.037555427279916,0.0
4,2025,dan_mmd,26,0.010897579598432376,0.035199888928962704,0.0
4,2025,dan_mmd,27,0.0025448419938501584,0.029869277675805442,0.0
4,2025,dan_mmd,28,0.0021240780957172815,0.03453863625922664,0.0
4,2025,dan_mmd,29,0.001666567702572634,0.03573252342175692,0.0
4,2025,dan_mmd,30,0.0046895165090642295,0.03489865297028287,0.0
4,2025,dann,1,0.6733442734588276,0.0,0.6998590129342946
4,2025,dann,2,0.599151037633419,0.0,0.7024343962019141
4,2025,dann,3,0.44285841997374187,0.0,0.7025474005124785
4,2025,dann,4,0.2619842548261989,0.0,0.703105707060207
4,2025,dann,5,0.13033390045166016,0.0,0.7009240476922556
4,2025,dann,6,0.06921077875251119,0.0,0.700310923836448
4,2025,dann,7,0.04083337584002451,0.0,0.7007592625238679
4,2025,dann,8,0.026435218285769224,0.0,0.7032357941974293
4,2025,dann,9,0.019926312982782045,0.0,0.7061577635732564
4,2025,dann,10,0.017167531922247938,0.0,0.705898330970244
4,2025,dann,11,0.018799771983388135,0.0,0.7041708176786249
4,2025,dann,12,0.011782252258853987,0.0,0.7036898671226068
4,2025,dann,13,0.009036434610607103,0.0,0.7029783271930434
4,2025,dann,14,0.00745987043641931,0.0,0.7018345790830526
4,2025,dann,15,0.008246476971015165,0.0,0.7012960524721579
4,2025,dann,16,0.005196942192428237,0.0,0.7010212926702066
4,2025,dann,17,0.004207641781911,0.0,0.7008347619663585
4,2025,dann,18,0.007192346461207225,0.0,0.7001984532583844
4,2025,dann,19,0.004712239181654612,0.0,0.6991678848862648
4,2025,dann,20,0.0026468726705802096,0.0,0.6994262303818356
4,2025,dann,21,0.004141924039272867,0.0,0.6984183497049592
4,2025,dann,22,0.006022531775339634,0.0,0.6988035609776323
4,2025,dann,23,0.0027101558215773284,0.0,0.6963734829967673
4,2025,dann,24,0.002243436614331916,0.0,0.696321161633188
4,2025,dann,25,0.0027304567202835724,0.0,0.6972998827695847
4,2025,dann,26,0.0100031705978009,0.0,0.6966016461903398
4,2025,dann,27,0.0019784944283442614,0.0,0.6968365880576047
4,2025,dann,28,0.0025688742875486655,0.0,0.6969323571432721
4,2025,dann,29,0.004058240766343343,0.0,0.6965859214013274
4,2025,dann,30,0.0044929429399913215,0.0,0.6963878761638295
4,2025,idann,1,0.6783826059915803,0.027201562802391974,0.6985976025462151
4,2025,idann,2,0.6173038299788128,0.025531750214709478,0.6993811455639926
4,2025,idann,3,0.46840834414417093,0.024265798782421785,0.700181935321201
4,2025,idann,4,0.28247551586140285,0.024815954818305643,0.7018928283994849
4,2025,idann,5,0.14349399244582112,0.02723432833921503,0.7021324952894991
4,2025,idann,6,0.07534864282404835,0.02870969247834926,0.7036528485742483
4,2025,idann,7,0.04450051029297439,0.02733929750551893,0.7029826668175784
4,2025,idann,8,0.02828767979305915,0.028280523637394337,0.7026790231466293
4,2025,idann,9,0.021532251584258946,0.030626926221884787,0.7031363384290175
4,2025,idann,10,0.018058808509853076,0.029131582059728153,0.7029357579621401
4,2025,idann,11,0.015010336181148887,0.03120016704567454,0.7023407918485728
4,2025,idann,12,0.010327102023769508,0.029210167820565403,0.701882618394765
4,2025,idann,13,0.007917198881676251,0.028892840660939164,0.7014497416940603
4,2025,idann,14,0.009157734843690625,0.028373352707025002,0.7016974369233305
4,2025,idann,15,0.009007077779229307,0.029416989513926885,0.6999733942476186
4,2025,idann,16,0.005899550663095645,0.0294996047265489,0.700457096777179
4,2025,idann,17,0.007015341690434566,0.029433038614859634,0.6982177367264574
4,2025,idann,18,0.00828989159014203,0.02953410370868038,0.6982277848503806
4,2025,idann,19,0.0034658435536336833,0.026275289202616972,0.6972875181924213
4,2025,idann,20,0.0022546284810893917,0.025945531511255962,0.6979576789520003
4,2025,idann,21,0.0028485700849242594,0.026303277075798673,0.6975546276027506
4,2025,idann,22,0.00468024421769025,0.027163121531802146,0.6990847120230849
4,2025,idann,23,0.003328163210508964,0.027289521457119423,0.6969132172790441
4,2025,idann,24,0.0029248870225935457,0.025956820569593798,0.6968352036042647
4,2025,idann,25,0.004738363709541524,0.027700919615612787,0.6972341070120985
4,2025,idann,26,0.008282030697128821,0.028207667785781352,0.6958988891406492
4,2025,idann,27,0.0028994258599678606,0.02627784868871624,0.6966734887524084
4,2025,idann,28,0.0023444259161558216,0.027984772046858616,0.6965997083620592
4,2025,idann,29,0.006643584451343155,0.029119746272706172,0.6963783475485715
4,2025,idann,30,0.004024757668792683,0.028156809127804907,0.6962367817759514
4,2026,source_only,1,0.6638097539544106,0.0,0.0
4,2026,source_only,2,0.5675017193637111,0.0,0.0
4,2026,source_only,3,0.4011652428995479,0.0,0.0
4,2026,source_only,4,0.23110857944596896,0.0,0.0
4,2026,source_only,5,0.12228942400013859,0.0,0.0
4,2026,source_only,6,0.071217305556109,0.0,0.0
4,2026,source_only,7,0.04048422668975862,0.0,0.0
4,2026,source_only,8,0.028064930240030993,0.0,0.0
4,2026,source_only,9,0.02073643388311294,0.0,0.0
4,2026,source_only,10,0.013346407477828589,0.0,0.0
4,2026,source_only,11,0.013427737526151097,0.0,0.0
4,2026,source_only,12,0.008719102119688283,0.0,0.0
4,2026,source_only,13,0.006590141568184746,0.0,0.0
4,2026,source_only,14,0.006606394893341613,0.0,0.0
4,2026,source_only,15,0.006430201535377736,0.0,0.0
4,2026,source_only,16,0.004047681029822508,0.0,0.0
4,2026,source_only,17,0.003633571094145406,0.0,0.0
4,2026,source_only,18,0.003770228714777411,0.0,0.0
4,2026,source_only,19,0.004596017553095325,0.0,0.0
4,2026,source_only,20,0.004399691631657664,0.0,0.0
4,2026,source_only,21,0.003361541441170795,0.0,0.0
4,2026,source_only,22,0.0017946995533500078,0.0,0.0
4,2026,source_only,23,0.002033515346490524,0.0,0.0
4,2026,source_only,24,0.001764840896695122,0.0,0.0
4,2026,source_only,25,0.0012988144064200408,0.0,0.0
4,2026,source_only,26,0.0011714605848696506,0.0,0.0
4,2026,source_only,27,0.0013426189580059145,0.0,0.0
4,2026,source_only,28,0.004538734553948002,0.0,0.0
4,2026,source_only,29,0.0014306666719428242,0.0,0.0
4,2026,source_only,30,0.0016254147153218087,0.0,0.0
4,2026,dan_mmd,1,0.6688401814211499,0.026396271603351288,0.0
4,2026,dan_mmd,2,0.5845121649855917,0.026396737349304287,0.0
4,2026,dan_mmd,3,0.4192259169437669,0.024708297770385714,0.0
4,2026,dan_mmd,4,0.2439850184389136,0.024941039440984077,0.0
4,2026,dan_mmd,5,0.1292533419856971,0.024632995673031968,0.0
4,2026,dan_mmd,6,0.07639882387593389,0.02589685952460224,0.0
4,2026,dan_mmd,7,0.04365380290387706,0.029255001509392805,0.0
4,2026,dan_mmd,8,0.030152654920873993,0.028862693960863082,0.0
4,2026,dan_mmd,9,0.022670692626640877,0.03188529040198773,0.0
4,2026,dan_mmd,10,0.015752201550640166,0.026971263546411963,0.0
4,2026,dan_mmd,11,0.014913228620902042,0.02944308613553982,0.0
4,2026,dan_mmd,12,0.009724132028747012,0.02885750048285858,0.0
4,2026,dan_mmd,13,0.007522877385120161,0.028946978600949726,0.0
4,2026,dan_mmd,14,0.0066832236797464166,0.030299031154506585,0.0
4,2026,dan_mmd,15,0.006817138781612316,0.030751364093951204,0.0
4,2026,dan_mmd,16,0.004203593361043287,0.033869687245566056,0.0
4,2026,dan_mmd,17,0.0042304654641405,0.029904269443994217,0.0
4,2026,dan_mmd,18,0.00408549074199982,0.03124432214959101,0.0
4,2026,dan_mmd,19,0.0069170017159194686,0.03286273612386801,0.0
4,2026,dan_mmd,20,0.005020396035847211,0.03042780050203543,0.0
4,2026,dan_mmd,21,0.004382436663780192,0.032205635946328665,0.0
4,2026,dan_mmd,22,0.002064575803656639,0.03295921185053885,0.0
4,2026,dan_mmd,23,0.001784581644725139,0.032968836593103006,0.0
4,2026,dan_mmd,24,0.0035116643350854497,0.03373170275749131,0.0
4,2026,dan_mmd,25,0.003038053887972968,0.03145233670842241,0.0
4,2026,dan_mmd,26,0.0013960740398033522,0.03281826846597886,0.0
4,2026,dan_mmd,27,0.0012265289955063383,0.03291468682106246,0.0
4,2026,dan_mmd,28,0.006336899378022115,0.03542484344110231,0.0
4,2026,dan_mmd,29,0.0014828260622876273,0.031701825220476494,0.0
4,2026,dan_mmd,30,0.0010090488176501822,0.034359942793592134,0.0
4,2026,dann,1,0.6629392972046678,0.0,0.6960557956587184
4,2026,dann,2,0.5663844536651265,0.0,0.6994852281429551
4,2026,dann,3,0.40289253436706285,0.0,0.7038139023564078
4,2026,dann,4,0.2319577583535151,0.0,0.7035600089214065
4,2026,dann,5,0.12534010846337135,0.0,0.6978751427747987
4,2026,dann,6,0.07823747845197265,0.0,0.6946638910607859
4,2026,dann,7,0.045688370390879834,0.0,0.6934215514497324
4,2026,dann,8,0.031348689321682534,0.0,0.6948395615274255
4,2026,dann,9,0.02812400913204659,0.0,0.6984384046359495
4,2026,dann,10,0.01888672493673353,0.0,0.7027150487357919
4,2026,dann,11,0.01788309832971374,0.0,0.7054261179132895
4,2026,dann,12,0.014738309974993834,0.0,0.7049855860796842
4,2026,dann,13,0.011007008454974064,0.0,0.7044660645452413
4,2026,dann,14,0.010437731443248182,0.0,0.7030560320073908
4,2026,dann,15,0.009462231008166616,0.0,0.702800183810971
4,2026,dann,16,0.006689900251909752,0.0,0.7025128575888547
4,2026,dann,17,0.005802239312536337,0.0,0.7015013721856204
4,2026,dann,18,0.006650485476711765,0.0,0.6996325240893797
4,2026,dann,19,0.005971415278591766,0.0,0.7002052217721939
4,2026,dann,20,0.00557606969166293,0.0,0.6988619816574183
4,2026,dann,21,0.005725575985376385,0.0,0.6977609158916906
4,2026,dann,22,0.003025733931281138,0.0,0.6978052691979841
4,2026,dann,23,0.0031049697433693586,0.0,0.6979809423739259
4,2026,dann,24,0.0027505405411251227,0.0,0.6973971826109019
4,2026,dann,25,0.003455609337172725,0.0,0.6974092823537913
4,2026,dann,26,0.005629963417628791,0.0,0.6972962766885757
4,2026,dann,27,0.0030108942534173943,0.0,0.69645986773751
4,2026,dann,28,0.004973274967183402,0.0,0.6958417994054881
4,2026,dann,29,0.001975648928319887,0.0,0.6956840198148381
4,2026,dann,30,0.0025212209987909196,0.0,0.6957244845953855
4,2026,idann,1,0.6685074472969229,0.026320902673019606,0.6954790089618076
4,2026,idann,2,0.5809259746562351,0.026664906350726433,0.6975221423940225
4,2026,idann,3,0.4174214276400479,0.025283175203102557,0.6999274255199865
4,2026,idann,4,0.24275937642563472,0.025718308456072755,0.7029990519989621
4,2026,idann,5,0.12901649861173195,0.026640996844931084,0.7027654972943392
4,2026,idann,6,0.07950666034594178,0.028226170826449314,0.7016862576658075
4,2026,idann,7,0.046188681005415594,0.030250060636634855,0.7008269510485909
4,2026,idann,8,0.031004342980767517,0.029706263131546704,0.7002864832227881
4,2026,idann,9,0.026745617400262166,0.030380537754602054,0.7009096023711291
4,2026,idann,10,0.017356899270618505,0.027321359819986603,0.6994107812643051
4,2026,idann,11,0.016423985071014613,0.02810362239622257,0.7005364346233282
4,2026,idann,12,0.012193065353626893,0.02781366122971204,0.7006069977175106
4,2026,idann,13,0.010227463766403327,0.02801571481607177,0.6995456509969451
4,2026,idann,14,0.008483022469921376,0.029390003468671985,0.6994246671145613
4,2026,idann,15,0.008174636104906147,0.029594566736539655,0.6994872790845957
4,2026,idann,16,0.006570860944603654,0.028851046819578518,0.6988376135175879
4,2026,idann,17,0.006057348430410705,0.027925664305009625,0.6984180266206915
4,2026,idann,18,0.00846692544159437,0.027162918270650236,0.697716738012704
4,2026,idann,19,0.007300492772959511,0.02875352519648996,0.6984638957814737
4,2026,idann,20,0.005373905506117312,0.027467801023951986,0.6970148574222218
4,2026,idann,21,0.0039002960587491875,0.029037828853523188,0.6966218873858452
4,2026,idann,22,0.0026363529634016395,0.02751079595393755,0.6963518783450127
4,2026,idann,23,0.002678679546410091,0.026348810431293467,0.6961822679097002
4,2026,idann,24,0.003053337901457615,0.02675674798559736,0.6957524689761075
4,2026,idann,25,0.0036108239847552877,0.026337878926741807,0.6950978162613782
4,2026,idann,26,0.0023364373059435325,0.027741921388290146,0.6955620660023256
4,2026,idann,27,0.004851880849276891,0.02585873380303383,0.6952754326842048
4,2026,idann,28,0.007243131557102474,0.028213470115919004,0.6947027681903406
4,2026,idann,29,0.0014182350304591555,0.02648775200147859,0.694610481235114
4,2026,idann,30,0.0034059451476919507,0.028168802911585026,0.6950703249736265
4,2027,source_only,1,0.6635146791284735,0.0,0.0
4,2027,source_only,2,0.567131345583634,0.0,0.0
4,2027,source_only,3,0.3982919661158865,0.0,0.0
4,2027,source_only,4,0.23881563239476897,0.0,0.0
4,2027,source_only,5,0.13431536998938431,0.0,0.0
4,2027,source_only,6,0.07942576600577343,0.0,0.0
4,2027,source_only,7,0.04268387749537148,0.0,0.0
4,2027,source_only,8,0.03016837214289064,0.0,0.0
4,2027,source_only,9,0.01947196505286477,0.0,0.0
4,2027,source_only,10,0.015032748670571229,0.0,0.0
4,2027,source_only,11,0.012491553545590828,0.0,0.0
4,2027,source_only,12,0.007197063696697693,0.0,0.0
4,2027,source_only,13,0.005710104959276082,0.0,0.0
4,2027,source_only,14,0.0051386840654727576,0.0,0.0
4,2027,source_only,15,0.010485775325584902,0.0,0.0
4,2027,source_only,16,0.005460379084318199,0.0,0.0
4,2027,source_only,17,0.003259600870395926,0.0,0.0
4,2027,source_only,18,0.003854434970311228,0.0,0.0
4,2027,source_only,19,0.011138248668761331,0.0,0.0
4,2027,source_only,20,0.006487575515744869,0.0,0.0
4,2027,source_only,21,0.0027017874642545144,0.0,0.0
4,2027,source_only,22,0.001327307886888527,0.0,0.0
4,2027,source_only,23,0.0035118911863802086,0.0,0.0
4,2027,source_only,24,0.0014883578268464507,0.0,0.0
4,2027,source_only,25,0.0013981877078053499,0.0,0.0
4,2027,source_only,26,0.0010116929204906971,0.0,0.0
4,2027,source_only,27,0.000771660338945036,0.0,0.0
4,2027,source_only,28,0.0010439413840272623,0.0,0.0
4,2027,source_only,29,0.0037254701581497848,0.0,0.0
4,2027,source_only,30,0.0014091319000561436,0.0,0.0
4,2027,dan_mmd,1,0.6695580861785195,0.029707762772556056,0.0
4,2027,dan_mmd,2,0.5812571590596979,0.02922518424351107,0.0
4,2027,dan_mmd,3,0.4176982001147487,0.02910760254599154,0.0
4,2027,dan_mmd,4,0.25243413854729047,0.027075197187845002,0.0
4,2027,dan_mmd,5,0.1411986141042276,0.027259834872728043,0.0
4,2027,dan_mmd,6,0.08521823458034884,0.02588598275641826,0.0
4,2027,dan_mmd,7,0.0463879320516505,0.02728217680388215,0.0
4,2027,dan_mmd,8,0.033183633339252665,0.02683728376657448,0.0
4,2027,dan_mmd,9,0.021622306445020844,0.025918131577782333,0.0
4,2027,dan_mmd,10,0.016076686982573432,0.028391399124467916,0.0
4,2027,dan_mmd,11,0.012717825286513702,0.026235177276910028,0.0
4,2027,dan_mmd,12,0.009174298114058647,0.02767566876189614,0.0
4,2027,dan_mmd,13,0.007372263166788881,0.027377602697180755,0.0
4,2027,dan_mmd,14,0.005281095518677665,0.03060630997854539,0.0
4,2027,dan_mmd,15,0.011342558897343803,0.031606063627722586,0.0
4,2027,dan_mmd,16,0.005516126001814634,0.03162384182426401,0.0
4,2027,dan_mmd,17,0.004835005534749309,0.02861257533500479,0.0
4,2027,dan_mmd,18,0.0061890037646993405,0.028623318998143077,0.0
4,2027,dan_mmd,19,0.008191936141387983,0.030751585219563407,0.0
4,2027,dan_mmd,20,0.006878075310933954,0.030942289539697496,0.0
4,2027,dan_mmd,21,0.0020774150570187803,0.028911371800032528,0.0
4,2027,dan_mmd,22,0.001984068304988217,0.03188649085561999,0.0
4,2027,dan_mmd,23,0.003965293364837469,0.032483493157831785,0.0
4,2027,dan_mmd,24,0.001445900085937782,0.031201348259029062,0.0
4,2027,dan_mmd,25,0.0013595818029650466,0.033999683652919804,0.0
4,2027,dan_mmd,26,0.0009312621469606794,0.035133145516738296,0.0
4,2027,dan_mmd,27,0.0007777790239990943,0.03432766993699426,0.0
4,2027,dan_mmd,28,0.000857221973588325,0.03255601916250519,0.0
4,2027,dan_mmd,29,0.00456140701581634,0.034902514117261904,0.0
4,2027,dan_mmd,30,0.0010655511430906533,0.03275292301127179,0.0
4,2027,dann,1,0.6638017100366679,0.0,0.7048727185888723
4,2027,dann,2,0.5692497427490625,0.0,0.7043166417967189
4,2027,dann,3,0.4039524519308047,0.0,0.7060427130623297
4,2027,dann,4,0.2414499863304875,0.0,0.7067743715914813
4,2027,dann,5,0.13638720695268025,0.0,0.7061496336351741
4,2027,dann,6,0.08325974342667243,0.0,0.7064201310276985
4,2027,dann,7,0.04676557408476418,0.0,0.7042327150702477
4,2027,dann,8,0.031249100490557877,0.0,0.7028882672840898
4,2027,dann,9,0.02109987422061915,0.0,0.7060521739450368
4,2027,dann,10,0.018362067830325526,0.0,0.7065566297281872
4,2027,dann,11,0.014760779502632266,0.0,0.7074462365020405
4,2027,dann,12,0.01035453161933798,0.0,0.7079151570796967
4,2027,dann,13,0.009182618827749551,0.0,0.7059174721891229
4,2027,dann,14,0.007786472137509422,0.0,0.7044056078249757
4,2027,dann,15,0.01278115055439147,0.0,0.7035981152545322
4,2027,dann,16,0.010271186503814533,0.0,0.7031556157903238
4,2027,dann,17,0.006051210419338366,0.0,0.7047198997302488
4,2027,dann,18,0.005845634442680007,0.0,0.704105096784505
4,2027,dann,19,0.008646023487513461,0.0,0.7028446691957387
4,2027,dann,20,0.006508299817638049,0.0,0.7015904919667677
4,2027,dann,21,0.002645910052788994,0.0,0.7004595615647056
4,2027,dann,22,0.004453694193877957,0.0,0.6990517736835913
4,2027,dann,23,0.005378286090655654,0.0,0.6984092450954698
4,2027,dann,24,0.0027413700068295425,0.0,0.6976384974338792
4,2027,dann,25,0.0022624572871295227,0.0,0.6969168145548214
4,2027,dann,26,0.0023433127852595962,0.0,0.6965606991540302
4,2027,dann,27,0.0013740855721897044,0.0,0.695263915441253
4,2027,dann,28,0.0017814158381952439,0.0,0.6962093047120355
4,2027,dann,29,0.0041725166564984565,0.0,0.695796974003315
4,2027,dann,30,0.001797161132179264,0.0,0.6955220225182447
4,2027,idann,1,0.6700754849748178,0.029242679307406597,0.7026255848732862
4,2027,idann,2,0.5839372615922581,0.02847398720173673,0.7007316940210082
4,2027,idann,3,0.42195746438069776,0.028521111531352453,0.7022500600327145
4,2027,idann,4,0.25162853046574374,0.028165972833944994,0.7033680304884911
4,2027,idann,5,0.14017183867029168,0.029372205407443373,0.702917789193717
4,2027,idann,6,0.0856476394798268,0.029766294703056865,0.7051301063461737
4,2027,idann,7,0.04812660233371637,0.03051941664042798,0.7048450105569579
4,2027,idann,8,0.03423007976644757,0.029446746984666042,0.7045000750910152
4,2027,idann,9,0.022668156487105243,0.02771269065454941,0.7053810683163729
4,2027,idann,10,0.018795318372378297,0.030055550562048502,0.7056275463917039
4,2027,idann,11,0.014943704517050222,0.02817580027675087,0.7056381099603393
4,2027,idann,12,0.012201688636030833,0.029384661338884722,0.7072172937068072
4,2027,idann,13,0.011263589226556096,0.02894264239479195,0.705318774012002
4,2027,idann,14,0.010061478829646314,0.030598471385680816,0.7054584222761068
4,2027,idann,15,0.016540171155198055,0.032024129018695516,0.7044411728327925
4,2027,idann,16,0.008138338947901502,0.031791565220125696,0.7037484483285383
4,2027,idann,17,0.007646834558479234,0.03305735153315419,0.7035301781513474
4,2027,idann,18,0.006935910345584323,0.03326036224395714,0.7005725970322435
4,2027,idann,19,0.009024594717299227,0.0325698505198075,0.699277093464678
4,2027,idann,20,0.007157098307454196,0.03163265515203503,0.698567694561048
4,2027,idann,21,0.003780806785057807,0.03108984854241664,0.6981104172088883
4,2027,idann,22,0.0029290182980978648,0.030939687064594844,0.6973515728657896
4,2027,idann,23,0.004316616489880041,0.03089248575270176,0.6974311531944708
4,2027,idann,24,0.0017954066223120951,0.028962511018934576,0.6976673440499739
4,2027,idann,25,0.0021854496318899855,0.029104204509745945,0.6977255493402481
4,2027,idann,26,0.0022381148636751195,0.028888065156272867,0.6976150572299957
4,2027,idann,27,0.002037086894812422,0.02860147738829255,0.6959338953549211
4,2027,idann,28,0.0031643722713025372,0.028121687239035964,0.6964445696635679
4,2027,idann,29,0.0043947208442577075,0.029115014963529327,0.6954646015709097
4,2027,idann,30,0.0013459093132207106,0.028263346778906205,0.694759263233705
5,2025,source_only,1,0.662348424450735,0.0,0.0
5,2025,source_only,2,0.5603812427333231,0.0,0.0
5,2025,source_only,3,0.39135690385036254,0.0,0.0
5,2025,source_only,4,0.22752304542600438,0.0,0.0
5,2025,source_only,5,0.11701156709636196,0.0,0.0
5,2025,source_only,6,0.062144189905584526,0.0,0.0
5,2025,source_only,7,0.03962429326153203,0.0,0.0
5,2025,source_only,8,0.0327486399393738,0.0,0.0
5,2025,source_only,9,0.01944431390487746,0.0,0.0
5,2025,source_only,10,0.019362895200133658,0.0,0.0
5,2025,source_only,11,0.013013762068735916,0.0,0.0
5,2025,source_only,12,0.010790288079467214,0.0,0.0
5,2025,source_only,13,0.014164194605951563,0.0,0.0
5,2025,source_only,14,0.008241448363059022,0.0,0.0
5,2025,source_only,15,0.02048378533636628,0.0,0.0
5,2025,source_only,16,0.008280022420365823,0.0,0.0
5,2025,source_only,17,0.025025070253157925,0.0,0.0
5,2025,source_only,18,0.005943237946452468,0.0,0.0
5,2025,source_only,19,0.009109264727566768,0.0,0.0
5,2025,source_only,20,0.02155706479496668,0.0,0.0
5,2025,source_only,21,0.0025808430022397862,0.0,0.0
5,2025,source_only,22,0.037539271554082966,0.0,0.0
5,2025,source_only,23,0.0170259094418398,0.0,0.0
5,2025,source_only,24,0.002181772270182336,0.0,0.0
5,2025,source_only,25,0.0034668649853536798,0.0,0.0
5,2025,source_only,26,0.015102006095720539,0.0,0.0
5,2025,source_only,27,0.001786733141660774,0.0,0.0
5,2025,source_only,28,0.007968402998240696,0.0,0.0
5,2025,source_only,29,0.005515027819711485,0.0,0.0
5,2025,source_only,30,0.005648631974989339,0.0,0.0
5,2025,dan_mmd,1,0.6691391715842686,0.03018372715189216,0.0
5,2025,dan_mmd,2,0.5841318442580405,0.029170498963487283,0.0
5,2025,dan_mmd,3,0.42661728349964273,0.029374582839480946,0.0
5,2025,dan_mmd,4,0.25844816880279714,0.029142987736490336,0.0
5,2025,dan_mmd,5,0.14430328910605292,0.030260929021607624,0.0
5,2025,dan_mmd,6,0.07310207845287377,0.0301316146100505,0.0
5,2025,dan_mmd,7,0.04695642925798893,0.03279655120136698,0.0
5,2025,dan_mmd,8,0.03513861916373285,0.031059049540774875,0.0
5,2025,dan_mmd,9,0.024092134700439284,0.03352528630515163,0.0
5,2025,dan_mmd,10,0.023186091924860572,0.03201611695832081,0.0
5,2025,dan_mmd,11,0.013913199841829666,0.0316439988300874,0.0
5,2025,dan_mmd,12,0.011092610994688747,0.03069734505346317,0.0
5,2025,dan_mmd,13,0.021002512915698247,0.03165601815484213,0.0
5,2025,dan_mmd,14,0.009108802675154437,0.03238139690810375,0.0
5,2025,dan_mmd,15,0.02193603451949743,0.03366497875808665,0.0
5,2025,dan_mmd,16,0.008694103210013402,0.03260873885971777,0.0
5,2025,dan_mmd,17,0.028298794388708273,0.03534446748789777,0.0
5,2025,dan_mmd,18,0.006050622355574847,0.03459036940436685,0.0
5,2025,dan_mmd,19,0.008558918103272242,0.03682018502542142,0.0
5,2025,dan_mmd,20,0.02083648739021606,0.035223208891039484,0.0
5,2025,dan_mmd,21,0.0025477379591863475,0.03560032091741817,0.0
5,2025,dan_mmd,22,0.027233327405391198,0.04048074009629448,0.0
5,2025,dan_mmd,23,0.017313070657396207,0.04142027798244793,0.0
5,2025,dan_mmd,24,0.0030916261903973026,0.037870978381945176,0.0
5,2025,dan_mmd,25,0.0035433411026593257,0.03753136577649733,0.0
5,2025,dan_mmd,26,0.02332288752590552,0.038155105823044023,0.0
5,2025,dan_mmd,27,0.0019341671014965899,0.03769424108767443,0.0
5,2025,dan_mmd,28,0.016091811310289313,0.03744488081821565,0.0
5,2025,dan_mmd,29,0.002846439637988021,0.0388638259989492,0.0
5,2025,dan_mmd,30,0.0017155225786349077,0.03989201610426554,0.0
5,2025,dann,1,0.6609830608528652,0.0,0.6934982571709022
5,2025,dann,2,0.5568645020549217,0.0,0.6998316116547316
5,2025,dann,3,0.3887020028039311,0.0,0.6997867715492677
5,2025,dann,4,0.22725157355994322,0.0,0.6962612954418311
5,2025,dann,5,0.12166868786463576,0.0,0.6926711148090576
5,2025,dann,6,0.07096770684119691,0.0,0.6896547929624494
5,2025,dann,7,0.04302924787730313,0.0,0.6927080603128069
5,2025,dann,8,0.04324520249547583,0.0,0.6968710308664301
5,2025,dann,9,0.022678600456774903,0.0,0.7036112533526474
5,2025,dann,10,0.023277751306134662,0.0,0.7068528184730015
5,2025,dann,11,0.022674439720851317,0.0,0.7072599911957644
5,2025,dann,12,0.017437483299146878,0.0,0.7071142873067534
5,2025,dann,13,0.022727460971918335,0.0,0.7044351884488309
5,2025,dann,14,0.010467224116070886,0.0,0.7002886868594738
5,2025,dann,15,0.02441135445201581,0.0,0.6975517480560903
5,2025,dann,16,0.01299565002777394,0.0,0.6977947421288222
5,2025,dann,17,0.018066642026343706,0.0,0.6961331421069885
5,2025,dann,18,0.006787064731816939,0.0,0.6966995717434401
5,2025,dann,19,0.004890200018809502,0.0,0.6975378722287295
5,2025,dann,20,0.03415480433581292,0.0,0.6983483882432573
5,2025,dann,21,0.004404701658765252,0.0,0.6993432748183775
5,2025,dann,22,0.04888035055626644,0.0,0.698803070555912
5,2025,dann,23,0.029664349241909478,0.0,0.6993488696184051
5,2025,dann,24,0.004324212333506622,0.0,0.6981176345535879
5,2025,dann,25,0.009957360016087886,0.0,0.6969380680094944
5,2025,dann,26,0.024175278621063872,0.0,0.6969093070941025
5,2025,dann,27,0.001986368316659976,0.0,0.6967083483599545
5,2025,dann,28,0.012145431866945196,0.0,0.6953842499282923
5,2025,dann,29,0.011759325605882541,0.0,0.6954819620325324
5,2025,dann,30,0.012874562231159318,0.0,0.6957499632674656
5,2025,idann,1,0.6683451385980241,0.030240262303961797,0.6942490419644988
5,2025,idann,2,0.5820100183567304,0.029516324714830754,0.6981417335821002
5,2025,idann,3,0.4248918519261178,0.029713311264019333,0.6994080148386151
5,2025,idann,4,0.260367287678665,0.030675743403059712,0.6997031134166075
5,2025,idann,5,0.145690889757001,0.0319418055476265,0.6986450097534094
5,2025,idann,6,0.07556600190615387,0.03169773514853435,0.6960898014936554
5,2025,idann,7,0.04809197624412815,0.032673582978797765,0.698328387201502
5,2025,idann,8,0.038781064457856534,0.029936057044548936,0.697817051008846
5,2025,idann,9,0.025090433510669162,0.03017839885662111,0.6995511028204071
5,2025,idann,10,0.030173013876244593,0.028582868720875697,0.7001461473743568
5,2025,idann,11,0.019977590105799813,0.027995357049231447,0.6997581204671538
5,2025,idann,12,0.014483271967201086,0.028583215026373274,0.7011357144023596
5,2025,idann,13,0.03087732867400549,0.028420145340849846,0.7022905999355102
5,2025,idann,14,0.009490484926389174,0.028644504297650263,0.7013435953118828
5,2025,idann,15,0.02099020862585624,0.029686966513314945,0.7011032030823525
5,2025,idann,16,0.011934377487194253,0.02999302993915724,0.7007680562105072
5,2025,idann,17,0.0208949926675538,0.030575848069418682,0.6978853291340088
5,2025,idann,18,0.007705154219181852,0.029946391104479855,0.6973834245392446
5,2025,idann,19,0.008695248099766002,0.029446013585737583,0.6970383913329478
5,2025,idann,20,0.029144660225059585,0.027429353906197496,0.6969138886151689
5,2025,idann,21,0.004310943729118601,0.02725622131164824,0.6969465111078841
5,2025,idann,22,0.05120575695568068,0.029553176144535623,0.6981979528169954
5,2025,idann,23,0.030685411219084843,0.029364584537034624,0.6980047158980638
5,2025,idann,24,0.00446445786222826,0.027811773728286283,0.6976651000172904
5,2025,idann,25,0.0065876541733140065,0.02840323302518116,0.6970287246650524
5,2025,idann,26,0.049038065746531224,0.027554789516195822,0.6970815303620328
5,2025,idann,27,0.0021048217411466946,0.028335130909520587,0.6967845070228148
5,2025,idann,28,0.019819098308432606,0.028068572303719733,0.6956318268615208
5,2025,idann,29,0.002536771295780546,0.028962386792965148,0.6952321341868197
5,2025,idann,30,0.013878193388305855,0.027474921761771267,0.6957932422670086
5,2026,source_only,1,0.6662152998902825,0.0,0.0
5,2026,source_only,2,0.5707878714866852,0.0,0.0
5,2026,source_only,3,0.4021780537755302,0.0,0.0
5,2026,source_only,4,0.24754889192206136,0.0,0.0
5,2026,source_only,5,0.1543838989533735,0.0,0.0
5,2026,source_only,6,0.08481063827704848,0.0,0.0
5,2026,source_only,7,0.04753033310342371,0.0,0.0
5,2026,source_only,8,0.03033406130467238,0.0,0.0
5,2026,source_only,9,0.01988498984804649,0.0,0.0
5,2026,source_only,10,0.024993630178440154,0.0,0.0
5,2026,source_only,11,0.009979407187927974,0.0,0.0
5,2026,source_only,12,0.015306804101558382,0.0,0.0
5,2026,source_only,13,0.00730075144988558,0.0,0.0
5,2026,source_only,14,0.006265958552667348,0.0,0.0
5,2026,source_only,15,0.007486405918437443,0.0,0.0
5,2026,source_only,16,0.004290598361580266,0.0,0.0
5,2026,source_only,17,0.004986966172039634,0.0,0.0
5,2026,source_only,18,0.003559682199082683,0.0,0.0
5,2026,source_only,19,0.014584873145344155,0.0,0.0
5,2026,source_only,20,0.0024180673612177036,0.0,0.0
5,2026,source_only,21,0.004013973612631305,0.0,0.0
5,2026,source_only,22,0.0022847659766851935,0.0,0.0
5,2026,source_only,23,0.002961745376033536,0.0,0.0
5,2026,source_only,24,0.005588663244892037,0.0,0.0
5,2026,source_only,25,0.005167053045778211,0.0,0.0
5,2026,source_only,26,0.003918654440700736,0.0,0.0
5,2026,source_only,27,0.0011696429470922861,0.0,0.0
5,2026,source_only,28,0.03889758491465492,0.0,0.0
5,2026,source_only,29,0.0014627662521991042,0.0,0.0
5,2026,source_only,30,0.0017214030874507199,0.0,0.0
5,2026,dan_mmd,1,0.6720080261819819,0.03209366977968243,0.0
5,2026,dan_mmd,2,0.5899366917235128,0.031112311303280713,0.0
5,2026,dan_mmd,3,0.43154652132077165,0.02978813612645262,0.0
5,2026,dan_mmd,4,0.27049881722150226,0.02819240852939279,0.0
5,2026,dan_mmd,5,0.17002009006028765,0.028767372868703994,0.0
5,2026,dan_mmd,6,0.09279571954956216,0.02854511212934269,0.0
5,2026,dan_mmd,7,0.05155855274937126,0.02771096600198679,0.0
5,2026,dan_mmd,8,0.03226022028856063,0.028580060898420516,0.0
5,2026,dan_mmd,9,0.02195797881551003,0.029275108202036177,0.0
5,2026,dan_mmd,10,0.023816325110540295,0.030376523858710622,0.0
5,2026,dan_mmd,11,0.011403141715930085,0.030784377378275555,0.0
5,2026,dan_mmd,12,0.017602977680377243,0.028906693441395678,0.0
5,2026,dan_mmd,13,0.009356334025898342,0.029866015245572905,0.0
5,2026,dan_mmd,14,0.007028108660204943,0.03425690376859033,0.0
5,2026,dan_mmd,15,0.006078629468023526,0.03159417442223999,0.0
5,2026,dan_mmd,16,0.0044909980942055665,0.03168678271134248,0.0
5,2026,dan_mmd,17,0.005151093185989165,0.03228883340619923,0.0
5,2026,dan_mmd,18,0.006217893704201691,0.03365478016896529,0.0
5,2026,dan_mmd,19,0.013691525512605152,0.03003797039724468,0.0
5,2026,dan_mmd,20,0.002699694116181286,0.028209874835493188,0.0
5,2026,dan_mmd,21,0.004420249979927341,0.03328716151123302,0.0
5,2026,dan_mmd,22,0.002004430813092236,0.03162439205171017,0.0
5,2026,dan_mmd,23,0.0032742142450362653,0.03504482324999035,0.0
5,2026,dan_mmd,24,0.005171070803085007,0.031391543838498966,0.0
5,2026,dan_mmd,25,0.002337973251588266,0.03319685500157013,0.0
5,2026,dan_mmd,26,0.0025179146854743214,0.03458685029214353,0.0
5,2026,dan_mmd,27,0.0015328915335507435,0.0336620421829016,0.0
5,2026,dan_mmd,28,0.042293024957677075,0.03704760009108969,0.0
5,2026,dan_mmd,29,0.0009865211556715305,0.03496922508635548,0.0
5,2026,dan_mmd,30,0.001013375995477944,0.04027695878503028,0.0
5,2026,dann,1,0.6656576683012287,0.0,0.7012504165092212
5,2026,dann,2,0.5741977982976464,0.0,0.7035956389448615
5,2026,dann,3,0.40937632824597736,0.0,0.7045957720681523
5,2026,dann,4,0.250006487530269,0.0,0.7044441659798782
5,2026,dann,5,0.15171557731842727,0.0,0.7047298878766177
5,2026,dann,6,0.0853667338326406,0.0,0.702667919437537
5,2026,dann,7,0.05139904659701867,0.0,0.7001727136333337
5,2026,dann,8,0.03316659184193678,0.0,0.7000927777772539
5,2026,dann,9,0.024083909683264373,0.0,0.7028340931688801
5,2026,dann,10,0.03350442992732598,0.0,0.7065836988138349
5,2026,dann,11,0.012468123975931928,0.0,0.706977672121498
5,2026,dann,12,0.016405560343076338,0.0,0.7098145685838849
5,2026,dann,13,0.015395347314122855,0.0,0.7086708224221562
5,2026,dann,14,0.01004011461673451,0.0,0.7059810087921914
5,2026,dann,15,0.009553160472626516,0.0,0.7061548038814844
5,2026,dann,16,0.008031860276470694,0.0,0.7058221215612432
5,2026,dann,17,0.011450307910707308,0.0,0.7044498177056902
5,2026,dann,18,0.009944675983390196,0.0,0.7019069301948119
5,2026,dann,19,0.008082798145857922,0.0,0.7015291130944584
5,2026,dann,20,0.0059417368179668535,0.0,0.7010532175556997
5,2026,dann,21,0.005950513569536106,0.0,0.699714225999425
5,2026,dann,22,0.0019943422482223408,0.0,0.7003477276041267
5,2026,dann,23,0.005649913478449112,0.0,0.6994073893247026
5,2026,dann,24,0.007333790514555373,0.0,0.6995027788569418
5,2026,dann,25,0.003287310619822839,0.0,0.6983871071526174
5,2026,dann,26,0.004117954576327832,0.0,0.6975465517365531
5,2026,dann,27,0.00840730194147582,0.0,0.6962722332290049
5,2026,dann,28,0.04898319618803909,0.0,0.696190436234635
5,2026,dann,29,0.001978334336374164,0.0,0.6960644688499108
5,2026,dann,30,0.0031611185646458957,0.0,0.6956721249591099
5,2026,idann,1,0.6713618924108784,0.031920454496245705,0.7026033729649661
5,2026,idann,2,0.5918467306019215,0.030836015332783205,0.7027050879564178
5,2026,idann,3,0.43522226643026546,0.02960326210752632,0.7054286733102263
5,2026,idann,4,0.2724262712041983,0.02930887166954828,0.7063273378972257
5,2026,idann,5,0.1674725522988298,0.029803107461232818,0.7054636210538028
5,2026,idann,6,0.09291386277822966,0.030600630374771825,0.7044965678386474
5,2026,idann,7,0.05372129581617505,0.0303576129875826,0.7033866657299942
5,2026,idann,8,0.033165750554187245,0.030410964418663068,0.7019570302427485
5,2026,idann,9,0.0242856013787429,0.03012862616333734,0.7027833120206769
5,2026,idann,10,0.029009500105101407,0.029533567953478085,0.7058622542392002
5,2026,idann,11,0.013554131868556979,0.030622052395025665,0.7038917635264021
5,2026,idann,12,0.015006793134458614,0.030030680108773574,0.7062463505884234
5,2026,idann,13,0.011220650776195225,0.029289283821087204,0.7055803336454242
5,2026,idann,14,0.009477339148667923,0.031008890986944853,0.7053168489691917
5,2026,idann,15,0.010510525802213155,0.03143155405276947,0.7053019665600209
5,2026,idann,16,0.006537414540463452,0.03107102332490214,0.7043872348378214
5,2026,idann,17,0.010456293256262714,0.0322244857134444,0.7026107083545642
5,2026,idann,18,0.006556579200917164,0.030319715630304948,0.7014430721154373
5,2026,idann,19,0.008059986504684254,0.02858481945449047,0.7010739084040181
5,2026,idann,20,0.004983888646676676,0.03036237388765544,0.7009324873431345
5,2026,idann,21,0.0048835836795650504,0.03164771691048413,0.7000085175707099
5,2026,idann,22,0.0022552640574952858,0.030973466280638504,0.6985374146632934
5,2026,idann,23,0.0058927704923324485,0.03338013645889384,0.698665774940105
5,2026,idann,24,0.011584667358455886,0.03183012805209401,0.6975203149774102
5,2026,idann,25,0.0042665451169903446,0.031592048788338566,0.6970370478844374
5,2026,idann,26,0.006530417889694087,0.031671734505824826,0.6963095048840127
5,2026,idann,27,0.025173139774431526,0.030667919833003807,0.6960000670358036
5,2026,idann,28,0.0512046748157486,0.030741827834523127,0.696185095926349
5,2026,idann,29,0.002144960387350908,0.029629099653677993,0.6961042164416795
5,2026,idann,30,0.001731908367423529,0.03075436500602224,0.695820244510522
5,2027,source_only,1,0.6416014915101984,0.0,0.0
5,2027,source_only,2,0.5433437358797266,0.0,0.0
5,2027,source_only,3,0.41907028435321336,0.0,0.0
5,2027,source_only,4,0.2862649035922597,0.0,0.0
5,2027,source_only,5,0.1820409775952275,0.0,0.0
5,2027,source_only,6,0.11791116116421946,0.0,0.0
5,2027,source_only,7,0.07427024326465104,0.0,0.0
5,2027,source_only,8,0.046087516011314444,0.0,0.0
5,2027,source_only,9,0.03051783275277762,0.0,0.0
5,2027,source_only,10,0.024481404902350703,0.0,0.0
5,2027,source_only,11,0.02657183113486998,0.0,0.0
5,2027,source_only,12,0.013923005708440971,0.0,0.0
5,2027,source_only,13,0.03338374580214784,0.0,0.0
5,2027,source_only,14,0.02756041091123826,0.0,0.0
5,2027,source_only,15,0.009460541639435157,0.0,0.0
5,2027,source_only,16,0.011878713728661198,0.0,0.0
5,2027,source_only,17,0.007329636214175418,0.0,0.0
5,2027,source_only,18,0.0053270393079983885,0.0,0.0
5,2027,source_only,19,0.0058327486681008945,0.0,0.0
5,2027,source_only,20,0.004824560475692655,0.0,0.0
5,2027,source_only,21,0.0032120022467066783,0.0,0.0
5,2027,source_only,22,0.003143407269040897,0.0,0.0
5,2027,source_only,23,0.011753882225236614,0.0,0.0
5,2027,source_only,24,0.0035117071787722073,0.0,0.0
5,2027,source_only,25,0.0030947241904684918,0.0,0.0
5,2027,source_only,26,0.0018811349523531044,0.0,0.0
5,2027,source_only,27,0.0014289593962714432,0.0,0.0
5,2027,source_only,28,0.001324150105431451,0.0,0.0
5,2027,source_only,29,0.0457415779677463,0.0,0.0
5,2027,source_only,30,0.0028656743209497753,0.0,0.0
5,2027,dan_mmd,1,0.647939286205206,0.03071274489080638,0.0
5,2027,dan_mmd,2,0.5580773068947739,0.030840789669015434,0.0
5,2027,dan_mmd,3,0.4385902506581853,0.029127138802844486,0.0
5,2027,dan_mmd,4,0.3014141508702482,0.0280887529756246,0.0
5,2027,dan_mmd,5,0.18750138572427663,0.027751549952820444,0.0
5,2027,dan_mmd,6,0.114585427504577,0.02903623138083501,0.0
5,2027,dan_mmd,7,0.07075457101206431,0.029771900233509164,0.0
5,2027,dan_mmd,8,0.043554357995980245,0.02772317250165042,0.0
5,2027,dan_mmd,9,0.02838186841206939,0.02990595106914472,0.0
5,2027,dan_mmd,10,0.025198622758427026,0.02987804256505176,0.0
5,2027,dan_mmd,11,0.03097665159220106,0.03176556162410573,0.0
5,2027,dan_mmd,12,0.01282801182438316,0.03180300174385644,0.0
5,2027,dan_mmd,13,0.036131684398906454,0.030889692936050758,0.0
5,2027,dan_mmd,14,0.04063094561930034,0.030699007547973247,0.0
5,2027,dan_mmd,15,0.0088452640554627,0.032058422935059235,0.0
5,2027,dan_mmd,16,0.02400230581406504,0.03133723995742503,0.0
5,2027,dan_mmd,17,0.005495375078537742,0.03268400355754943,0.0
5,2027,dan_mmd,18,0.004452520993857362,0.03215170515638389,0.0
5,2027,dan_mmd,19,0.004494733821987854,0.032868726848718825,0.0
5,2027,dan_mmd,20,0.004963546555117819,0.033853120944891756,0.0
5,2027,dan_mmd,21,0.0041301225727683015,0.034838209713526656,0.0
5,2027,dan_mmd,22,0.004536932495846465,0.03335371054708958,0.0
5,2027,dan_mmd,23,0.020477381737620225,0.03246672750775064,0.0
5,2027,dan_mmd,24,0.0033409438109721235,0.03712269467081916,0.0
5,2027,dan_mmd,25,0.002638773985463456,0.038168057108695586,0.0
5,2027,dan_mmd,26,0.0017489821838445208,0.03925849363375246,0.0
5,2027,dan_mmd,27,0.004078547169586507,0.038772002124133405,0.0
5,2027,dan_mmd,28,0.0019038131220522599,0.03656414657663763,0.0
5,2027,dan_mmd,29,0.06206040947356005,0.039486992664718897,0.0
5,2027,dan_mmd,30,0.002602390558596209,0.03664391628058439,0.0
5,2027,dann,1,0.6422970006974895,0.0,0.6989283715741018
5,2027,dann,2,0.5437085169754671,0.0,0.6974641345859913
5,2027,dann,3,0.4206511472048384,0.0,0.699171635542023
5,2027,dann,4,0.28801158221250167,0.0,0.7002779526656933
5,2027,dann,5,0.17663460827610467,0.0,0.6989150275005384
5,2027,dann,6,0.10929104865769322,0.0,0.6994314575463199
5,2027,dann,7,0.07303558001190089,0.0,0.7021894722842099
5,2027,dann,8,0.04681640321367912,0.0,0.7031218121560772
5,2027,dann,9,0.03247299462849839,0.0,0.7032278722591614
5,2027,dann,10,0.027192205012765494,0.0,0.7007278297724349
5,2027,dann,11,0.023201854826275552,0.0,0.7023261725232842
5,2027,dann,12,0.015446824079191082,0.0,0.7040018646904592
5,2027,dann,13,0.03423915012854706,0.0,0.7050151329361991
5,2027,dann,14,0.0383761660823745,0.0,0.7041990214519287
5,2027,dann,15,0.01206678605973302,0.0,0.7030971478880121
5,2027,dann,16,0.029536048128280076,0.0,0.7011978418639536
5,2027,dann,17,0.008925171320462662,0.0,0.6996897164355503
5,2027,dann,18,0.006660783299103672,0.0,0.7003340339392758
5,2027,dann,19,0.009403532493880458,0.0,0.7003359600399317
5,2027,dann,20,0.005596896599496851,0.0,0.6999033542161577
5,2027,dann,21,0.005435675657955993,0.0,0.6992816349093833
5,2027,dann,22,0.005141060869340272,0.0,0.6987025429693501
5,2027,dann,23,0.01612956108580333,0.0,0.6969327176554819
5,2027,dann,24,0.003861991951851635,0.0,0.69557148753927
5,2027,dann,25,0.0027904372706125083,0.0,0.6950441605589363
5,2027,dann,26,0.002436755003350044,0.0,0.6944956920120153
5,2027,dann,27,0.003339806608881885,0.0,0.6952804882874649
5,2027,dann,28,0.0025651656137648552,0.0,0.6954665063472276
5,2027,dann,29,0.03911165988531874,0.0,0.6957558514027113
5,2027,dann,30,0.005061908565877592,0.0,0.6961366976245066
5,2027,idann,1,0.6487951245200768,0.03051991520051876,0.7001734684022625
5,2027,idann,2,0.5587730699040917,0.03045289781405015,0.6989776813582088
5,2027,idann,3,0.44019789508219515,0.029000215881158798,0.7021323355396142
5,2027,idann,4,0.30549627174152416,0.027840146753058004,0.7032165085331777
5,2027,idann,5,0.1919757587353835,0.02616921328845319,0.7033184686403596
5,2027,idann,6,0.1184489977326286,0.02835908199377944,0.7034780858607774
5,2027,idann,7,0.07517465262600545,0.028706834159707754,0.7052935234616312
5,2027,idann,8,0.045454537307613355,0.02898987131507209,0.7065830599056201
5,2027,idann,9,0.031123852650268694,0.03006202294334267,0.7049333165200908
5,2027,idann,10,0.03034501957047856,0.030522851733846612,0.7026804879810034
5,2027,idann,11,0.024765381919157305,0.031092894734458976,0.7028713139255395
5,2027,idann,12,0.015890757945690597,0.030631425968381795,0.7025611608215933
5,2027,idann,13,0.032726686136545925,0.032034340659888944,0.7023067059141866
5,2027,idann,14,0.03491142599874835,0.032352810076783214,0.7016718193386378
5,2027,idann,15,0.014636861032209871,0.030071169263526296,0.6998651020982293
5,2027,idann,16,0.01165812904423291,0.03113551837590973,0.6984895507941086
5,2027,idann,17,0.007746143666818068,0.02959116081592072,0.6975084657079718
5,2027,idann,18,0.006143945651233531,0.02793748595155357,0.6973136576373925
5,2027,idann,19,0.008419822633339699,0.028576900920924846,0.6979184519039111
5,2027,idann,20,0.007127357378675278,0.02808281961368041,0.6966975264334947
5,2027,idann,21,0.005243340315195219,0.02759637909658839,0.6966407205281633
5,2027,idann,22,0.005407399070852049,0.02710729232581144,0.6973809070801467
5,2027,idann,23,0.013543842300861614,0.02778900343548046,0.6968841304939785
5,2027,idann,24,0.0038086111988254894,0.02689895655415701,0.6962313919924619
5,2027,idann,25,0.004199293995043263,0.027462123422307916,0.6956716327185042
5,2027,idann,26,0.003712644512121555,0.028045209501399083,0.6947384744547727
5,2027,idann,27,0.0036775094181955843,0.026681594278537824,0.6954689769262679
5,2027,idann,28,0.004352411493303233,0.025420681406021786,0.6962103602591525
5,2027,idann,29,0.04153627145798678,0.026688572103052997,0.6963636051403003
5,2027,idann,30,0.0037541958536780073,0.02557888953538423,0.6956553224767192
