dataset,experiment,cv,fold,test_group,model,n_features,n_train,n_test,positive_test,negative_test,roc_auc,average_precision,balanced_accuracy,precision,recall,f1,tn,fp,fn,tp,top01_precision,top01_recall,top01_f1,top01_lift,top01_ndcg,top05_precision,top05_recall,top05_f1,top05_lift,top05_ndcg,top10_precision,top10_recall,top10_f1,top10_lift,top10_ndcg,top20_precision,top20_recall,top20_f1,top20_lift,top20_ndcg,random_repeat
known_mining_neutral_ratio_1_10,full_feature_graph_guided_m4,groupkfold_state_random_matched,1,Arizona,NoClimate_XGB,385,1100,638,58,580,0.9684304399524376,0.7274608227721706,0.8155172413793104,0.7307692307692307,0.6551724137931034,0.6909090909090909,566,14,20,38,0.7142857142857143,0.08620689655172414,0.15384615384615388,7.857142857142857,0.7837042816946693,0.75,0.41379310344827586,0.5333333333333333,8.25,0.779999436821883,0.703125,0.7758620689655172,0.7377049180327868,7.734375,0.7859427274022304,0.4375,0.9655172413793104,0.6021505376344085,4.8125,0.9054540875343834,
known_mining_neutral_ratio_1_10,full_feature_graph_guided_m4,groupkfold_state_random_matched,1,Arizona,M4_Spearman_XGB,385,1100,638,58,580,0.9779131985731272,0.8398451706661393,0.7637931034482759,0.8857142857142857,0.5344827586206896,0.6666666666666666,576,4,27,31,0.8571428571428571,0.10344827586206896,0.1846153846153846,9.428571428571427,0.9083745556952364,0.90625,0.5,0.6444444444444445,9.96875,0.9201424380648029,0.75,0.8275862068965517,0.7868852459016394,8.25,0.8559599507172324,0.4296875,0.9482758620689655,0.5913978494623656,4.7265625,0.9336916945159635,
known_mining_neutral_ratio_1_10,full_feature_graph_guided_m4,groupkfold_state_random_matched,1,Arizona,DropSelected_XGB,184,1100,638,58,580,0.9739595719381688,0.798176153062659,0.7939655172413793,0.7954545454545454,0.603448275862069,0.6862745098039216,571,9,23,35,1.0,0.1206896551724138,0.21538461538461542,11.0,1.0,0.84375,0.46551724137931033,0.6,9.28125,0.8750322654734658,0.703125,0.7758620689655172,0.7377049180327868,7.734375,0.8127872030612129,0.4375,0.9655172413793104,0.6021505376344085,4.8125,0.93380157922892,
known_mining_neutral_ratio_1_10,full_feature_graph_guided_m4,groupkfold_state_random_matched,1,Arizona,SelectedRawOnly_XGB,201,1100,638,58,580,0.9551129607609988,0.7224696244319956,0.7974137931034483,0.7058823529411765,0.6206896551724138,0.6605504587155964,565,15,22,36,0.8571428571428571,0.10344827586206896,0.1846153846153846,9.428571428571427,0.8816172070446371,0.84375,0.46551724137931033,0.6,9.28125,0.8539069488942002,0.671875,0.7413793103448276,0.7049180327868853,7.390625,0.7735289249520646,0.40625,0.896551724137931,0.5591397849462365,4.46875,0.8696961349630998,
known_mining_neutral_ratio_1_10,full_feature_graph_guided_m4,groupkfold_state_random_matched,1,Arizona,RandomMatched_XGB,385,1100,638,58,580,0.9637931034482758,0.782905709187661,0.8327586206896551,0.9069767441860465,0.6724137931034483,0.7722772277227723,576,4,19,39,0.8571428571428571,0.10344827586206896,0.1846153846153846,9.428571428571427,0.8625618335428545,0.90625,0.5,0.6444444444444445,9.96875,0.8997873906639506,0.671875,0.7413793103448276,0.7049180327868853,7.390625,0.7849108174261532,0.421875,0.9310344827586207,0.5806451612903226,4.640625,0.9015915366389466,0.0
known_mining_neutral_ratio_1_10,full_feature_graph_guided_m4,groupkfold_state_random_matched,1,Arizona,RandomMatched_XGB,385,1100,638,58,580,0.9608799048751486,0.7800238601376477,0.7887931034482758,0.8717948717948718,0.5862068965517241,0.7010309278350515,575,5,24,34,0.8571428571428571,0.10344827586206896,0.1846153846153846,9.428571428571427,0.9083745556952364,0.90625,0.5,0.6444444444444445,9.96875,0.9138952697879564,0.6875,0.7586206896551724,0.7213114754098361,7.5625,0.8047916202379597,0.40625,0.896551724137931,0.5591397849462365,4.46875,0.889941996452586,1.0
known_mining_neutral_ratio_1_10,full_feature_graph_guided_m4,groupkfold_state_random_matched,1,Arizona,RandomMatched_XGB,385,1100,638,58,580,0.9615933412604043,0.7653406952381966,0.7724137931034483,0.8888888888888888,0.5517241379310345,0.6808510638297872,576,4,26,32,0.7142857142857143,0.08620689655172414,0.15384615384615388,7.857142857142857,0.7709363892380909,0.875,0.4827586206896552,0.6222222222222222,9.625,0.8682775066904521,0.6875,0.7586206896551724,0.7213114754098361,7.5625,0.7876282975450237,0.421875,0.9310344827586207,0.5806451612903226,4.640625,0.8946870398270643,2.0
known_mining_neutral_ratio_1_10,full_feature_graph_guided_m4,groupkfold_state_random_matched,1,Arizona,RandomMatched_XGB,385,1100,638,58,580,0.965576694411415,0.7830932783149654,0.7301724137931035,0.9,0.46551724137931033,0.6136363636363636,577,3,31,27,0.8571428571428571,0.10344827586206896,0.1846153846153846,9.428571428571427,0.9083745556952364,0.875,0.4827586206896552,0.6222222222222222,9.625,0.8932334003487605,0.6875,0.7586206896551724,0.7213114754098361,7.5625,0.7998834623568428,0.4296875,0.9482758620689655,0.5913978494623656,4.7265625,0.9203995868147822,3.0
known_mining_neutral_ratio_1_10,full_feature_graph_guided_m4,groupkfold_state_random_matched,1,Arizona,RandomMatched_XGB,385,1100,638,58,580,0.9775862068965518,0.8535711841132437,0.7905172413793103,0.918918918918919,0.5862068965517241,0.7157894736842105,577,3,24,34,1.0,0.1206896551724138,0.21538461538461542,11.0,1.0,0.90625,0.5,0.6444444444444445,9.96875,0.9278864303331379,0.765625,0.8448275862068966,0.8032786885245901,8.421875,0.874661120154441,0.4296875,0.9482758620689655,0.5913978494623656,4.7265625,0.9394464132039151,4.0
known_mining_neutral_ratio_1_10,full_feature_graph_guided_m4,groupkfold_state_random_matched,1,Arizona,RandomMatched_XGB,385,1100,638,58,580,0.9631093935790725,0.8052163420885241,0.746551724137931,0.8787878787878788,0.5,0.6373626373626373,576,4,29,29,1.0,0.1206896551724138,0.21538461538461542,11.0,1.0,0.90625,0.5,0.6444444444444445,9.96875,0.9243208129471363,0.6875,0.7586206896551724,0.7213114754098361,7.5625,0.8104629590805743,0.421875,0.9310344827586207,0.5806451612903226,4.640625,0.918041068505253,5.0
known_mining_neutral_ratio_1_10,full_feature_graph_guided_m4,groupkfold_state_random_matched,1,Arizona,RandomMatched_XGB,385,1100,638,58,580,0.9607015457788347,0.8132146737865172,0.8077586206896552,0.9230769230769231,0.6206896551724138,0.7422680412371134,577,3,22,36,1.0,0.1206896551724138,0.21538461538461542,11.0,1.0,0.9375,0.5172413793103449,0.6666666666666667,10.3125,0.943185638007302,0.703125,0.7758620689655172,0.7377049180327868,7.734375,0.8257032633998939,0.390625,0.8620689655172413,0.5376344086021505,4.296875,0.8803213035333997,6.0
known_mining_neutral_ratio_1_10,full_feature_graph_guided_m4,groupkfold_state_random_matched,1,Arizona,RandomMatched_XGB,385,1100,638,58,580,0.9637633769322235,0.7829983778687118,0.7456896551724138,0.8529411764705882,0.5,0.6304347826086957,575,5,29,29,1.0,0.1206896551724138,0.21538461538461542,11.0,1.0,0.875,0.4827586206896552,0.6222222222222222,9.625,0.8995535640932734,0.671875,0.7413793103448276,0.7049180327868853,7.390625,0.7942129189002646,0.40625,0.896551724137931,0.5591397849462365,4.46875,0.8927003223619755,7.0
known_mining_neutral_ratio_1_10,full_feature_graph_guided_m4,groupkfold_state_random_matched,1,Arizona,RandomMatched_XGB,385,1100,638,58,580,0.9785077288941737,0.8499728174240703,0.7887931034482758,0.8717948717948718,0.5862068965517241,0.7010309278350515,575,5,24,34,1.0,0.1206896551724138,0.21538461538461542,11.0,1.0,0.90625,0.5,0.6444444444444445,9.96875,0.9277184360959151,0.734375,0.8103448275862069,0.7704918032786885,8.078125,0.8501041022687136,0.4375,0.9655172413793104,0.6021505376344085,4.8125,0.9482286970181122,8.0
known_mining_neutral_ratio_1_10,full_feature_graph_guided_m4,groupkfold_state_random_matched,1,Arizona,RandomMatched_XGB,385,1100,638,58,580,0.9558561236623067,0.7754018264421687,0.7905172413793103,0.918918918918919,0.5862068965517241,0.7157894736842105,577,3,24,34,0.8571428571428571,0.10344827586206896,0.1846153846153846,9.428571428571427,0.8816172070446371,0.90625,0.5,0.6444444444444445,9.96875,0.9031793350473226,0.6875,0.7586206896551724,0.7213114754098361,7.5625,0.7975759378957246,0.40625,0.896551724137931,0.5591397849462365,4.46875,0.8838812294279621,9.0
known_mining_neutral_ratio_1_10,full_feature_graph_guided_m4,groupkfold_state_random_matched,1,Arizona,RandomMatched_XGB,385,1100,638,58,580,0.9655766944114149,0.7443768904062436,0.8137931034482759,0.8604651162790697,0.6379310344827587,0.7326732673267327,574,6,21,37,0.7142857142857143,0.08620689655172414,0.15384615384615388,7.857142857142857,0.7752805260144073,0.84375,0.46551724137931033,0.6,9.28125,0.8394618344277796,0.671875,0.7413793103448276,0.7049180327868853,7.390625,0.7692697231072402,0.4296875,0.9482758620689655,0.5913978494623656,4.7265625,0.8972984780867678,10.0
known_mining_neutral_ratio_1_10,full_feature_graph_guided_m4,groupkfold_state_random_matched,1,Arizona,RandomMatched_XGB,385,1100,638,58,580,0.9530321046373365,0.7291052026034412,0.753448275862069,0.8333333333333334,0.5172413793103449,0.6382978723404256,574,6,28,30,0.7142857142857143,0.08620689655172414,0.15384615384615388,7.857142857142857,0.7837042816946693,0.875,0.4827586206896552,0.6222222222222222,9.625,0.8725643534072342,0.65625,0.7241379310344828,0.6885245901639345,7.21875,0.7609866008171867,0.40625,0.896551724137931,0.5591397849462365,4.46875,0.8696496894330833,11.0
known_mining_neutral_ratio_1_10,full_feature_graph_guided_m4,groupkfold_state_random_matched,1,Arizona,RandomMatched_XGB,385,1100,638,58,580,0.9651307966706301,0.7684566647137979,0.7120689655172414,0.8620689655172413,0.43103448275862066,0.5747126436781609,576,4,33,25,0.8571428571428571,0.10344827586206896,0.1846153846153846,9.428571428571427,0.9083745556952364,0.84375,0.46551724137931033,0.6,9.28125,0.8678410108065887,0.6875,0.7586206896551724,0.7213114754098361,7.5625,0.7959861414815264,0.421875,0.9310344827586207,0.5806451612903226,4.640625,0.9059162893962078,12.0
known_mining_neutral_ratio_1_10,full_feature_graph_guided_m4,groupkfold_state_random_matched,1,Arizona,RandomMatched_XGB,385,1100,638,58,580,0.9661117717003567,0.7782280977729424,0.7379310344827587,0.875,0.4827586206896552,0.6222222222222222,576,4,30,28,0.8571428571428571,0.10344827586206896,0.1846153846153846,9.428571428571427,0.8816172070446371,0.875,0.4827586206896552,0.6222222222222222,9.625,0.883690223878383,0.671875,0.7413793103448276,0.7049180327868853,7.390625,0.7856666504507379,0.4375,0.9655172413793104,0.6021505376344085,4.8125,0.9234302340802405,13.0
known_mining_neutral_ratio_1_10,full_feature_graph_guided_m4,groupkfold_state_random_matched,1,Arizona,RandomMatched_XGB,385,1100,638,58,580,0.9648929845422116,0.8050973860710388,0.7905172413793103,0.918918918918919,0.5862068965517241,0.7157894736842105,577,3,24,34,0.8571428571428571,0.10344827586206896,0.1846153846153846,9.428571428571427,0.9020870746500321,0.9375,0.5172413793103449,0.6666666666666667,10.3125,0.9365880184229982,0.703125,0.7758620689655172,0.7377049180327868,7.734375,0.8205906928981177,0.40625,0.896551724137931,0.5591397849462365,4.46875,0.8950882020001167,14.0
known_mining_neutral_ratio_1_10,full_feature_graph_guided_m4,groupkfold_state_random_matched,1,Arizona,RandomMatched_XGB,385,1100,638,58,580,0.9690844233055885,0.769919027139109,0.7543103448275863,0.8571428571428571,0.5172413793103449,0.6451612903225806,575,5,28,30,0.8571428571428571,0.10344827586206896,0.1846153846153846,9.428571428571427,0.8265723430117605,0.84375,0.46551724137931033,0.6,9.28125,0.8387195264636758,0.703125,0.7758620689655172,0.7377049180327868,7.734375,0.7900377619924372,0.4296875,0.9482758620689655,0.5913978494623656,4.7265625,0.8996136196703469,15.0
known_mining_neutral_ratio_1_10,full_feature_graph_guided_m4,groupkfold_state_random_matched,1,Arizona,RandomMatched_XGB,385,1100,638,58,580,0.9703626634958383,0.8179518554856607,0.7637931034482759,0.8857142857142857,0.5344827586206896,0.6666666666666666,576,4,27,31,1.0,0.1206896551724138,0.21538461538461542,11.0,1.0,0.90625,0.5,0.6444444444444445,9.96875,0.9290998607759562,0.65625,0.7241379310344828,0.6885245901639345,7.21875,0.7891478733346163,0.4296875,0.9482758620689655,0.5913978494623656,4.7265625,0.9323610624865204,16.0
known_mining_neutral_ratio_1_10,full_feature_graph_guided_m4,groupkfold_state_random_matched,1,Arizona,RandomMatched_XGB,385,1100,638,58,580,0.9540130796670631,0.7787747239989347,0.789655172413793,0.8947368421052632,0.5862068965517241,0.7083333333333334,576,4,24,34,0.7142857142857143,0.08620689655172414,0.15384615384615388,7.857142857142857,0.7837042816946693,0.90625,0.5,0.6444444444444445,9.96875,0.8969516669673641,0.6875,0.7586206896551724,0.7213114754098361,7.5625,0.7938764164755118,0.421875,0.9310344827586207,0.5806451612903226,4.640625,0.901947174148547,17.0
known_mining_neutral_ratio_1_10,full_feature_graph_guided_m4,groupkfold_state_random_matched,1,Arizona,RandomMatched_XGB,385,1100,638,58,580,0.9710760998810939,0.8220275026017122,0.7793103448275862,0.8461538461538461,0.5689655172413793,0.6804123711340206,574,6,25,33,1.0,0.1206896551724138,0.21538461538461542,11.0,1.0,0.875,0.4827586206896552,0.6222222222222222,9.625,0.9043669737812559,0.734375,0.8103448275862069,0.7704918032786885,8.078125,0.8454484695899005,0.4296875,0.9482758620689655,0.5913978494623656,4.7265625,0.9322127672634386,18.0
known_mining_neutral_ratio_1_10,full_feature_graph_guided_m4,groupkfold_state_random_matched,1,Arizona,RandomMatched_XGB,385,1100,638,58,580,0.9593935790725326,0.7643962614525558,0.7724137931034483,0.8888888888888888,0.5517241379310345,0.6808510638297872,576,4,26,32,0.8571428571428571,0.10344827586206896,0.1846153846153846,9.428571428571427,0.8936633189697701,0.875,0.4827586206896552,0.6222222222222222,9.625,0.883543466786017,0.6875,0.7586206896551724,0.7213114754098361,7.5625,0.7956949802310294,0.4296875,0.9482758620689655,0.5913978494623656,4.7265625,0.9117396075571153,19.0
known_mining_neutral_ratio_1_10,full_feature_graph_guided_m4,groupkfold_state_random_matched,1,Arizona,RandomMatched_XGB,385,1100,638,58,580,0.9673305588585018,0.7999443141098632,0.7732758620689655,0.9142857142857143,0.5517241379310345,0.6881720430107527,577,3,26,32,0.8571428571428571,0.10344827586206896,0.1846153846153846,9.428571428571427,0.8936633189697701,0.90625,0.5,0.6444444444444445,9.96875,0.9105676656796062,0.703125,0.7758620689655172,0.7377049180327868,7.734375,0.8142920247904432,0.4296875,0.9482758620689655,0.5913978494623656,4.7265625,0.9218673062277813,20.0
known_mining_neutral_ratio_1_10,full_feature_graph_guided_m4,groupkfold_state_random_matched,1,Arizona,RandomMatched_XGB,385,1100,638,58,580,0.9689357907253269,0.7797824342836359,0.7887931034482758,0.8717948717948718,0.5862068965517241,0.7010309278350515,575,5,24,34,0.8571428571428571,0.10344827586206896,0.1846153846153846,9.428571428571427,0.8936633189697701,0.875,0.4827586206896552,0.6222222222222222,9.625,0.8816047883589544,0.6875,0.7586206896551724,0.7213114754098361,7.5625,0.7957663255937812,0.4296875,0.9482758620689655,0.5913978494623656,4.7265625,0.9141107816432087,21.0
known_mining_neutral_ratio_1_10,full_feature_graph_guided_m4,groupkfold_state_random_matched,1,Arizona,RandomMatched_XGB,385,1100,638,58,580,0.9680737217598098,0.7983263380433702,0.7551724137931035,0.8823529411764706,0.5172413793103449,0.6521739130434783,576,4,28,30,1.0,0.1206896551724138,0.21538461538461542,11.0,1.0,0.875,0.4827586206896552,0.6222222222222222,9.625,0.9000679219331347,0.6875,0.7586206896551724,0.7213114754098361,7.5625,0.804837039077353,0.4375,0.9655172413793104,0.6021505376344085,4.8125,0.9353445635668056,22.0
known_mining_neutral_ratio_1_10,full_feature_graph_guided_m4,groupkfold_state_random_matched,1,Arizona,RandomMatched_XGB,385,1100,638,58,580,0.97256242568371,0.8040955407996824,0.7120689655172414,0.8620689655172413,0.43103448275862066,0.5747126436781609,576,4,33,25,0.8571428571428571,0.10344827586206896,0.1846153846153846,9.428571428571427,0.8936633189697701,0.875,0.4827586206896552,0.6222222222222222,9.625,0.889681983868702,0.6875,0.7586206896551724,0.7213114754098361,7.5625,0.8023928958883733,0.4296875,0.9482758620689655,0.5913978494623656,4.7265625,0.9222768653155256,23.0
known_mining_neutral_ratio_1_10,full_feature_graph_guided_m4,groupkfold_state_random_matched,1,Arizona,RandomMatched_XGB,385,1100,638,58,580,0.9534482758620689,0.7473173362316524,0.771551724137931,0.8648648648648649,0.5517241379310345,0.6736842105263158,575,5,26,32,0.8571428571428571,0.10344827586206896,0.1846153846153846,9.428571428571427,0.8265723430117605,0.875,0.4827586206896552,0.6222222222222222,9.625,0.8579416211319194,0.6875,0.7586206896551724,0.7213114754098361,7.5625,0.777081891207464,0.421875,0.9310344827586207,0.5806451612903226,4.640625,0.8850770308744308,24.0
known_mining_neutral_ratio_1_10,full_feature_graph_guided_m4,groupkfold_state_random_matched,1,Arizona,RandomMatched_XGB,385,1100,638,58,580,0.9533293697978598,0.7734825815793217,0.7646551724137931,0.9117647058823529,0.5344827586206896,0.6739130434782609,577,3,27,31,0.8571428571428571,0.10344827586206896,0.1846153846153846,9.428571428571427,0.8936633189697701,0.90625,0.5,0.6444444444444445,9.96875,0.905519037342872,0.65625,0.7241379310344828,0.6885245901639345,7.21875,0.7760228650575922,0.421875,0.9310344827586207,0.5806451612903226,4.640625,0.9053124304392732,25.0
known_mining_neutral_ratio_1_10,full_feature_graph_guided_m4,groupkfold_state_random_matched,1,Arizona,RandomMatched_XGB,385,1100,638,58,580,0.9667360285374553,0.7731416628376676,0.806896551724138,0.9,0.6206896551724138,0.7346938775510204,576,4,22,36,0.7142857142857143,0.08620689655172414,0.15384615384615388,7.857142857142857,0.7349468987069968,0.875,0.4827586206896552,0.6222222222222222,9.625,0.8564869551867738,0.6875,0.7586206896551724,0.7213114754098361,7.5625,0.7802294381181611,0.4375,0.9655172413793104,0.6021505376344085,4.8125,0.9080365029850689,26.0
known_mining_neutral_ratio_1_10,full_feature_graph_guided_m4,groupkfold_state_random_matched,1,Arizona,RandomMatched_XGB,385,1100,638,58,580,0.9791319857312724,0.8573433586087058,0.7301724137931035,0.9,0.46551724137931033,0.6136363636363636,577,3,31,27,1.0,0.1206896551724138,0.21538461538461542,11.0,1.0,0.90625,0.5,0.6444444444444445,9.96875,0.9237519734996239,0.765625,0.8448275862068966,0.8032786885245901,8.421875,0.8726828251708134,0.4296875,0.9482758620689655,0.5913978494623656,4.7265625,0.9396022656265651,27.0
known_mining_neutral_ratio_1_10,full_feature_graph_guided_m4,groupkfold_state_random_matched,1,Arizona,RandomMatched_XGB,385,1100,638,58,580,0.9730677764565993,0.828734260021673,0.7724137931034483,0.8888888888888888,0.5517241379310345,0.6808510638297872,576,4,26,32,1.0,0.1206896551724138,0.21538461538461542,11.0,1.0,0.90625,0.5,0.6444444444444445,9.96875,0.926698711266025,0.734375,0.8103448275862069,0.7704918032786885,8.078125,0.8462318788365043,0.421875,0.9310344827586207,0.5806451612903226,4.640625,0.9241861067027751,28.0
known_mining_neutral_ratio_1_10,full_feature_graph_guided_m4,groupkfold_state_random_matched,1,Arizona,RandomMatched_XGB,385,1100,638,58,580,0.9664090368608799,0.8063229787820888,0.781896551724138,0.9166666666666666,0.5689655172413793,0.7021276595744681,577,3,25,33,1.0,0.1206896551724138,0.21538461538461542,11.0,1.0,0.9375,0.5172413793103449,0.6666666666666667,10.3125,0.943425460831741,0.65625,0.7241379310344828,0.6885245901639345,7.21875,0.7872828068153535,0.4296875,0.9482758620689655,0.5913978494623656,4.7265625,0.9272364545431679,29.0
known_mining_neutral_ratio_1_10,full_feature_graph_guided_m4,groupkfold_state_random_matched,1,Arizona,RandomMatched_XGB,385,1100,638,58,580,0.9649821640903685,0.785109792428053,0.7387931034482759,0.9032258064516129,0.4827586206896552,0.6292134831460674,577,3,30,28,0.8571428571428571,0.10344827586206896,0.1846153846153846,9.428571428571427,0.9020870746500321,0.90625,0.5,0.6444444444444445,9.96875,0.9101357360257918,0.65625,0.7241379310344828,0.6885245901639345,7.21875,0.7772483791792665,0.421875,0.9310344827586207,0.5806451612903226,4.640625,0.9088652374648531,30.0
known_mining_neutral_ratio_1_10,full_feature_graph_guided_m4,groupkfold_state_random_matched,1,Arizona,RandomMatched_XGB,385,1100,638,58,580,0.9700356718192628,0.7878034552819161,0.7801724137931034,0.868421052631579,0.5689655172413793,0.6875,575,5,25,33,0.7142857142857143,0.08620689655172414,0.15384615384615388,7.857142857142857,0.8104616303452685,0.875,0.4827586206896552,0.6222222222222222,9.625,0.8840098445266751,0.6875,0.7586206896551724,0.7213114754098361,7.5625,0.7961443292520358,0.421875,0.9310344827586207,0.5806451612903226,4.640625,0.9069796601125563,31.0
known_mining_neutral_ratio_1_10,full_feature_graph_guided_m4,groupkfold_state_random_matched,1,Arizona,RandomMatched_XGB,385,1100,638,58,580,0.9714030915576695,0.8307366991252048,0.7293103448275862,0.8709677419354839,0.46551724137931033,0.6067415730337079,576,4,31,27,1.0,0.1206896551724138,0.21538461538461542,11.0,1.0,0.875,0.4827586206896552,0.6222222222222222,9.625,0.9043325584193435,0.734375,0.8103448275862069,0.7704918032786885,8.078125,0.8462298794891169,0.4375,0.9655172413793104,0.6021505376344085,4.8125,0.9444113293534119,32.0
known_mining_neutral_ratio_1_10,full_feature_graph_guided_m4,groupkfold_state_random_matched,1,Arizona,RandomMatched_XGB,385,1100,638,58,580,0.9721759809750296,0.828199480475102,0.7456896551724138,0.8529411764705882,0.5,0.6304347826086957,575,5,29,29,1.0,0.1206896551724138,0.21538461538461542,11.0,1.0,0.875,0.4827586206896552,0.6222222222222222,9.625,0.9071146371557398,0.75,0.8275862068965517,0.7868852459016394,8.25,0.8587484941624339,0.421875,0.9310344827586207,0.5806451612903226,4.640625,0.9245340033929376,33.0
known_mining_neutral_ratio_1_10,full_feature_graph_guided_m4,groupkfold_state_random_matched,1,Arizona,RandomMatched_XGB,385,1100,638,58,580,0.9769322235434007,0.839337877193647,0.7474137931034484,0.90625,0.5,0.6444444444444445,577,3,29,29,1.0,0.1206896551724138,0.21538461538461542,11.0,1.0,0.90625,0.5,0.6444444444444445,9.96875,0.9221517244603836,0.765625,0.8448275862068966,0.8032786885245901,8.421875,0.8699525453012809,0.4375,0.9655172413793104,0.6021505376344085,4.8125,0.9445198963306461,34.0
known_mining_neutral_ratio_1_10,full_feature_graph_guided_m4,groupkfold_state_random_matched,1,Arizona,RandomMatched_XGB,385,1100,638,58,580,0.9727705112960761,0.8328432698369546,0.7724137931034483,0.8888888888888888,0.5517241379310345,0.6808510638297872,576,4,26,32,1.0,0.1206896551724138,0.21538461538461542,11.0,1.0,0.90625,0.5,0.6444444444444445,9.96875,0.9244009265407653,0.734375,0.8103448275862069,0.7704918032786885,8.078125,0.8474484562465201,0.4453125,0.9827586206896551,0.6129032258064515,4.8984375,0.9536125827850818,35.0
known_mining_neutral_ratio_1_10,full_feature_graph_guided_m4,groupkfold_state_random_matched,1,Arizona,RandomMatched_XGB,385,1100,638,58,580,0.9696492271105827,0.8085501095581168,0.7551724137931035,0.8823529411764706,0.5172413793103449,0.6521739130434783,576,4,28,30,1.0,0.1206896551724138,0.21538461538461542,11.0,1.0,0.90625,0.5,0.6444444444444445,9.96875,0.9127368287236768,0.703125,0.7758620689655172,0.7377049180327868,7.734375,0.8157343268557189,0.4296875,0.9482758620689655,0.5913978494623656,4.7265625,0.9261372780503005,36.0
known_mining_neutral_ratio_1_10,full_feature_graph_guided_m4,groupkfold_state_random_matched,1,Arizona,RandomMatched_XGB,385,1100,638,58,580,0.9687871581450653,0.805800727513833,0.7301724137931035,0.9,0.46551724137931033,0.6136363636363636,577,3,31,27,1.0,0.1206896551724138,0.21538461538461542,11.0,1.0,0.90625,0.5,0.6444444444444445,9.96875,0.922775222609331,0.671875,0.7413793103448276,0.7049180327868853,7.390625,0.796124266181734,0.4453125,0.9827586206896551,0.6129032258064515,4.8984375,0.9470647871418821,37.0
known_mining_neutral_ratio_1_10,full_feature_graph_guided_m4,groupkfold_state_random_matched,1,Arizona,RandomMatched_XGB,385,1100,638,58,580,0.972116527942925,0.8004313723956736,0.8077586206896552,0.9230769230769231,0.6206896551724138,0.7422680412371134,577,3,22,36,0.8571428571428571,0.10344827586206896,0.1846153846153846,9.428571428571427,0.8625618335428545,0.9375,0.5172413793103449,0.6666666666666667,10.3125,0.9174602919700887,0.703125,0.7758620689655172,0.7377049180327868,7.734375,0.8078389271086811,0.4375,0.9655172413793104,0.6021505376344085,4.8125,0.9235232632423712,38.0
known_mining_neutral_ratio_1_10,full_feature_graph_guided_m4,groupkfold_state_random_matched,1,Arizona,RandomMatched_XGB,385,1100,638,58,580,0.970332936979786,0.8156361549739152,0.7810344827586206,0.8918918918918919,0.5689655172413793,0.6947368421052632,576,4,25,33,1.0,0.1206896551724138,0.21538461538461542,11.0,1.0,0.90625,0.5,0.6444444444444445,9.96875,0.9172906831020229,0.734375,0.8103448275862069,0.7704918032786885,8.078125,0.8405915889602388,0.4296875,0.9482758620689655,0.5913978494623656,4.7265625,0.9287797981445318,39.0
known_mining_neutral_ratio_1_10,full_feature_graph_guided_m4,groupkfold_state_random_matched,1,Arizona,RandomMatched_XGB,385,1100,638,58,580,0.9662901307966707,0.7985372619924983,0.789655172413793,0.8947368421052632,0.5862068965517241,0.7083333333333334,576,4,24,34,1.0,0.1206896551724138,0.21538461538461542,11.0,1.0,0.90625,0.5,0.6444444444444445,9.96875,0.9188006361926901,0.703125,0.7758620689655172,0.7377049180327868,7.734375,0.8193857380203434,0.421875,0.9310344827586207,0.5806451612903226,4.640625,0.9155258370385475,40.0
known_mining_neutral_ratio_1_10,full_feature_graph_guided_m4,groupkfold_state_random_matched,1,Arizona,RandomMatched_XGB,385,1100,638,58,580,0.9692330558858502,0.8219546220034885,0.7646551724137931,0.9117647058823529,0.5344827586206896,0.6739130434782609,577,3,27,31,1.0,0.1206896551724138,0.21538461538461542,11.0,1.0,0.90625,0.5,0.6444444444444445,9.96875,0.9209001142613034,0.6875,0.7586206896551724,0.7213114754098361,7.5625,0.8109118064002319,0.4375,0.9655172413793104,0.6021505376344085,4.8125,0.9409965311342113,41.0
known_mining_neutral_ratio_1_10,full_feature_graph_guided_m4,groupkfold_state_random_matched,1,Arizona,RandomMatched_XGB,385,1100,638,58,580,0.9404577883472057,0.7921208212349771,0.7646551724137931,0.9117647058823529,0.5344827586206896,0.6739130434782609,577,3,27,31,1.0,0.1206896551724138,0.21538461538461542,11.0,1.0,0.90625,0.5,0.6444444444444445,9.96875,0.9259961868452319,0.6875,0.7586206896551724,0.7213114754098361,7.5625,0.8114080369204827,0.40625,0.896551724137931,0.5591397849462365,4.46875,0.8988214640734199,42.0
known_mining_neutral_ratio_1_10,full_feature_graph_guided_m4,groupkfold_state_random_matched,1,Arizona,RandomMatched_XGB,385,1100,638,58,580,0.9596611177170036,0.7960501902993931,0.7551724137931035,0.8823529411764706,0.5172413793103449,0.6521739130434783,576,4,28,30,1.0,0.1206896551724138,0.21538461538461542,11.0,1.0,0.90625,0.5,0.6444444444444445,9.96875,0.918782413188565,0.6875,0.7586206896551724,0.7213114754098361,7.5625,0.8069464002554939,0.421875,0.9310344827586207,0.5806451612903226,4.640625,0.9158873380418544,43.0
known_mining_neutral_ratio_1_10,full_feature_graph_guided_m4,groupkfold_state_random_matched,1,Arizona,RandomMatched_XGB,385,1100,638,58,580,0.9693222354340071,0.7892122528040737,0.7034482758620689,0.8571428571428571,0.41379310344827586,0.5581395348837209,576,4,34,24,0.8571428571428571,0.10344827586206896,0.1846153846153846,9.428571428571427,0.8936633189697701,0.84375,0.46551724137931033,0.6,9.28125,0.8618268497748088,0.71875,0.7931034482758621,0.7540983606557378,7.90625,0.8179217813325247,0.4296875,0.9482758620689655,0.5913978494623656,4.7265625,0.9170950490330201,44.0
known_mining_neutral_ratio_1_10,full_feature_graph_guided_m4,groupkfold_state_random_matched,1,Arizona,RandomMatched_XGB,385,1100,638,58,580,0.97294887039239,0.8406319167913286,0.7637931034482759,0.8857142857142857,0.5344827586206896,0.6666666666666666,576,4,27,31,1.0,0.1206896551724138,0.21538461538461542,11.0,1.0,0.90625,0.5,0.6444444444444445,9.96875,0.9303506142812453,0.75,0.8275862068965517,0.7868852459016394,8.25,0.8613409151039746,0.4296875,0.9482758620689655,0.5913978494623656,4.7265625,0.9375092170153956,45.0
known_mining_neutral_ratio_1_10,full_feature_graph_guided_m4,groupkfold_state_random_matched,1,Arizona,RandomMatched_XGB,385,1100,638,58,580,0.9652199762187872,0.8071492616729402,0.7905172413793103,0.918918918918919,0.5862068965517241,0.7157894736842105,577,3,24,34,1.0,0.1206896551724138,0.21538461538461542,11.0,1.0,0.90625,0.5,0.6444444444444445,9.96875,0.9183244996343903,0.6875,0.7586206896551724,0.7213114754098361,7.5625,0.8088781250254748,0.421875,0.9310344827586207,0.5806451612903226,4.640625,0.917245723021477,46.0
known_mining_neutral_ratio_1_10,full_feature_graph_guided_m4,groupkfold_state_random_matched,1,Arizona,RandomMatched_XGB,385,1100,638,58,580,0.9690844233055885,0.7898984060929168,0.7560344827586207,0.9090909090909091,0.5172413793103449,0.6593406593406593,577,3,28,30,1.0,0.1206896551724138,0.21538461538461542,11.0,1.0,0.90625,0.5,0.6444444444444445,9.96875,0.9186057542756874,0.6875,0.7586206896551724,0.7213114754098361,7.5625,0.803278447647106,0.4375,0.9655172413793104,0.6021505376344085,4.8125,0.9324121476734715,47.0
known_mining_neutral_ratio_1_10,full_feature_graph_guided_m4,groupkfold_state_random_matched,1,Arizona,RandomMatched_XGB,385,1100,638,58,580,0.9722651605231867,0.7982145952685683,0.7646551724137931,0.9117647058823529,0.5344827586206896,0.6739130434782609,577,3,27,31,0.8571428571428571,0.10344827586206896,0.1846153846153846,9.428571428571427,0.8816172070446371,0.9375,0.5172413793103449,0.6666666666666667,10.3125,0.9219502705884397,0.671875,0.7413793103448276,0.7049180327868853,7.390625,0.7844672252303041,0.4375,0.9655172413793104,0.6021505376344085,4.8125,0.926362880423674,48.0
known_mining_neutral_ratio_1_10,full_feature_graph_guided_m4,groupkfold_state_random_matched,1,Arizona,RandomMatched_XGB,385,1100,638,58,580,0.9594827586206897,0.769107699967214,0.8146551724137931,0.8809523809523809,0.6379310344827587,0.74,575,5,21,37,0.8571428571428571,0.10344827586206896,0.1846153846153846,9.428571428571427,0.8625618335428545,0.90625,0.5,0.6444444444444445,9.96875,0.8946761829401437,0.6875,0.7586206896551724,0.7213114754098361,7.5625,0.7935777571208109,0.3984375,0.8793103448275862,0.5483870967741935,4.3828125,0.8668817907580347,49.0
known_mining_neutral_ratio_1_10,full_feature_graph_guided_m4,groupkfold_state_random_matched,1,Arizona,RandomMatched_XGB,385,1100,638,58,580,0.9712544589774079,0.8046110932057147,0.7620689655172413,0.8378378378378378,0.5344827586206896,0.6526315789473685,574,6,27,31,1.0,0.1206896551724138,0.21538461538461542,11.0,1.0,0.875,0.4827586206896552,0.6222222222222222,9.625,0.8982519537249122,0.71875,0.7931034482758621,0.7540983606557378,7.90625,0.826718838453517,0.4375,0.9655172413793104,0.6021505376344085,4.8125,0.9368323262946265,50.0
known_mining_neutral_ratio_1_10,full_feature_graph_guided_m4,groupkfold_state_random_matched,1,Arizona,RandomMatched_XGB,385,1100,638,58,580,0.9633769322235434,0.7936645537435854,0.8077586206896552,0.9230769230769231,0.6206896551724138,0.7422680412371134,577,3,22,36,0.8571428571428571,0.10344827586206896,0.1846153846153846,9.428571428571427,0.8936633189697701,0.90625,0.5,0.6444444444444445,9.96875,0.9129155122742219,0.671875,0.7413793103448276,0.7049180327868853,7.390625,0.7928932019349302,0.4296875,0.9482758620689655,0.5913978494623656,4.7265625,0.9207530958973116,51.0
known_mining_neutral_ratio_1_10,full_feature_graph_guided_m4,groupkfold_state_random_matched,1,Arizona,RandomMatched_XGB,385,1100,638,58,580,0.97089774078478,0.8214692095628444,0.789655172413793,0.8947368421052632,0.5862068965517241,0.7083333333333334,576,4,24,34,0.8571428571428571,0.10344827586206896,0.1846153846153846,9.428571428571427,0.9083745556952364,0.90625,0.5,0.6444444444444445,9.96875,0.9191495903252301,0.75,0.8275862068965517,0.7868852459016394,8.25,0.8547409712697198,0.421875,0.9310344827586207,0.5806451612903226,4.640625,0.9204045589518989,52.0
known_mining_neutral_ratio_1_10,full_feature_graph_guided_m4,groupkfold_state_random_matched,1,Arizona,RandomMatched_XGB,385,1100,638,58,580,0.9604934601664684,0.7580863627154891,0.7637931034482759,0.8857142857142857,0.5344827586206896,0.6666666666666666,576,4,27,31,0.7142857142857143,0.08620689655172414,0.15384615384615388,7.857142857142857,0.7441790405874917,0.875,0.4827586206896552,0.6222222222222222,9.625,0.8600002562376116,0.703125,0.7758620689655172,0.7377049180327868,7.734375,0.7908130050048523,0.4296875,0.9482758620689655,0.5913978494623656,4.7265625,0.8986402354598426,53.0
known_mining_neutral_ratio_1_10,full_feature_graph_guided_m4,groupkfold_state_random_matched,1,Arizona,RandomMatched_XGB,385,1100,638,58,580,0.970154577883472,0.8136668045130528,0.7801724137931034,0.868421052631579,0.5689655172413793,0.6875,575,5,25,33,1.0,0.1206896551724138,0.21538461538461542,11.0,1.0,0.90625,0.5,0.6444444444444445,9.96875,0.9210466278193615,0.71875,0.7931034482758621,0.7540983606557378,7.90625,0.8335266434164708,0.4296875,0.9482758620689655,0.5913978494623656,4.7265625,0.9292338521867051,54.0
known_mining_neutral_ratio_1_10,full_feature_graph_guided_m4,groupkfold_state_random_matched,1,Arizona,RandomMatched_XGB,385,1100,638,58,580,0.9691141498216409,0.8062850637304672,0.7629310344827587,0.8611111111111112,0.5344827586206896,0.6595744680851063,575,5,27,31,1.0,0.1206896551724138,0.21538461538461542,11.0,1.0,0.90625,0.5,0.6444444444444445,9.96875,0.9205538445246959,0.734375,0.8103448275862069,0.7704918032786885,8.078125,0.8410050842214706,0.4140625,0.9137931034482759,0.5698924731182796,4.5546875,0.9071835268962345,55.0
known_mining_neutral_ratio_1_10,full_feature_graph_guided_m4,groupkfold_state_random_matched,1,Arizona,RandomMatched_XGB,385,1100,638,58,580,0.9630796670630202,0.7984564639262459,0.7655172413793103,0.9393939393939394,0.5344827586206896,0.6813186813186813,578,2,27,31,1.0,0.1206896551724138,0.21538461538461542,11.0,1.0,0.9375,0.5172413793103449,0.6666666666666667,10.3125,0.9414094234118621,0.65625,0.7241379310344828,0.6885245901639345,7.21875,0.7858085486039562,0.4296875,0.9482758620689655,0.5913978494623656,4.7265625,0.9249984400871298,56.0
known_mining_neutral_ratio_1_10,full_feature_graph_guided_m4,groupkfold_state_random_matched,1,Arizona,RandomMatched_XGB,385,1100,638,58,580,0.9770808561236624,0.8536406752146497,0.7913793103448276,0.9444444444444444,0.5862068965517241,0.723404255319149,578,2,24,34,1.0,0.1206896551724138,0.21538461538461542,11.0,1.0,0.9375,0.5172413793103449,0.6666666666666667,10.3125,0.9520896257129242,0.703125,0.7758620689655172,0.7377049180327868,7.734375,0.8296452675327011,0.4453125,0.9827586206896551,0.6129032258064515,4.8984375,0.9598788163434638,57.0
known_mining_neutral_ratio_1_10,full_feature_graph_guided_m4,groupkfold_state_random_matched,1,Arizona,RandomMatched_XGB,385,1100,638,58,580,0.9722651605231867,0.8126274491045443,0.7301724137931035,0.9,0.46551724137931033,0.6136363636363636,577,3,31,27,0.8571428571428571,0.10344827586206896,0.1846153846153846,9.428571428571427,0.8816172070446371,0.875,0.4827586206896552,0.6222222222222222,9.625,0.8878092021221493,0.734375,0.8103448275862069,0.7704918032786885,8.078125,0.8362304786080053,0.4296875,0.9482758620689655,0.5913978494623656,4.7265625,0.9224252932686979,58.0
known_mining_neutral_ratio_1_10,full_feature_graph_guided_m4,groupkfold_state_random_matched,1,Arizona,RandomMatched_XGB,385,1100,638,58,580,0.9740487514863257,0.8274768365673791,0.8051724137931034,0.8571428571428571,0.6206896551724138,0.72,574,6,22,36,1.0,0.1206896551724138,0.21538461538461542,11.0,1.0,0.90625,0.5,0.6444444444444445,9.96875,0.9204196984420498,0.75,0.8275862068965517,0.7868852459016394,8.25,0.8551393486847586,0.4375,0.9655172413793104,0.6021505376344085,4.8125,0.9416711809910961,59.0
known_mining_neutral_ratio_1_10,full_feature_graph_guided_m4,groupkfold_state_random_matched,1,Arizona,RandomMatched_XGB,385,1100,638,58,580,0.9739892984542211,0.8139365283109257,0.7724137931034483,0.8888888888888888,0.5517241379310345,0.6808510638297872,576,4,26,32,0.8571428571428571,0.10344827586206896,0.1846153846153846,9.428571428571427,0.9020870746500321,0.90625,0.5,0.6444444444444445,9.96875,0.9153883388674435,0.6875,0.7586206896551724,0.7213114754098361,7.5625,0.8059508893505263,0.4375,0.9655172413793104,0.6021505376344085,4.8125,0.9362101491381462,60.0
known_mining_neutral_ratio_1_10,full_feature_graph_guided_m4,groupkfold_state_random_matched,1,Arizona,RandomMatched_XGB,385,1100,638,58,580,0.9534482758620689,0.7202280913629199,0.7706896551724138,0.8421052631578947,0.5517241379310345,0.6666666666666666,574,6,26,32,0.7142857142857143,0.08620689655172414,0.15384615384615388,7.857142857142857,0.6891341765546151,0.84375,0.46551724137931033,0.6,9.28125,0.8132676689982723,0.6875,0.7586206896551724,0.7213114754098361,7.5625,0.7607549884731161,0.3984375,0.8793103448275862,0.5483870967741935,4.3828125,0.8375128245954647,61.0
known_mining_neutral_ratio_1_10,full_feature_graph_guided_m4,groupkfold_state_random_matched,1,Arizona,RandomMatched_XGB,385,1100,638,58,580,0.963436385255648,0.7545543733131319,0.7551724137931035,0.8823529411764706,0.5172413793103449,0.6521739130434783,576,4,28,30,0.7142857142857143,0.08620689655172414,0.15384615384615388,7.857142857142857,0.7562251525126247,0.875,0.4827586206896552,0.6222222222222222,9.625,0.8649619573742431,0.6875,0.7586206896551724,0.7213114754098361,7.5625,0.7808121949702221,0.4140625,0.9137931034482759,0.5698924731182796,4.5546875,0.8803316379102244,62.0
known_mining_neutral_ratio_1_10,full_feature_graph_guided_m4,groupkfold_state_random_matched,1,Arizona,RandomMatched_XGB,385,1100,638,58,580,0.9561831153388823,0.7419459904891753,0.7974137931034483,0.875,0.603448275862069,0.7142857142857143,575,5,23,35,0.7142857142857143,0.08620689655172414,0.15384615384615388,7.857142857142857,0.7562251525126247,0.875,0.4827586206896552,0.6222222222222222,9.625,0.8598804349643124,0.671875,0.7413793103448276,0.7049180327868853,7.390625,0.7697707235030187,0.4140625,0.9137931034482759,0.5698924731182796,4.5546875,0.8765368583763722,63.0
known_mining_neutral_ratio_1_10,full_feature_graph_guided_m4,groupkfold_state_random_matched,1,Arizona,RandomMatched_XGB,385,1100,638,58,580,0.9688466111771701,0.7947742585702372,0.7612068965517241,0.8157894736842105,0.5344827586206896,0.6458333333333334,573,7,27,31,1.0,0.1206896551724138,0.21538461538461542,11.0,1.0,0.84375,0.46551724137931033,0.6,9.28125,0.8824283558366351,0.703125,0.7758620689655172,0.7377049180327868,7.734375,0.8169024983144288,0.4296875,0.9482758620689655,0.5913978494623656,4.7265625,0.9259170137290627,64.0
known_mining_neutral_ratio_1_10,full_feature_graph_guided_m4,groupkfold_state_random_matched,1,Arizona,RandomMatched_XGB,385,1100,638,58,580,0.962871581450654,0.7579111574001738,0.721551724137931,0.896551724137931,0.4482758620689655,0.5977011494252874,577,3,32,26,0.7142857142857143,0.08620689655172414,0.15384615384615388,7.857142857142857,0.7752805260144073,0.84375,0.46551724137931033,0.6,9.28125,0.8486219087138305,0.6875,0.7586206896551724,0.7213114754098361,7.5625,0.7864024236789553,0.421875,0.9310344827586207,0.5806451612903226,4.640625,0.8938734122694967,65.0
known_mining_neutral_ratio_1_10,full_feature_graph_guided_m4,groupkfold_state_random_matched,1,Arizona,RandomMatched_XGB,385,1100,638,58,580,0.964090368608799,0.7841919761865354,0.728448275862069,0.84375,0.46551724137931033,0.6,575,5,31,27,1.0,0.1206896551724138,0.21538461538461542,11.0,1.0,0.84375,0.46551724137931033,0.6,9.28125,0.8800257817490175,0.671875,0.7413793103448276,0.7049180327868853,7.390625,0.7910480845830805,0.421875,0.9310344827586207,0.5806451612903226,4.640625,0.9121457797614418,66.0
known_mining_neutral_ratio_1_10,full_feature_graph_guided_m4,groupkfold_state_random_matched,1,Arizona,RandomMatched_XGB,385,1100,638,58,580,0.9647443519619501,0.7964441856826826,0.7456896551724138,0.8529411764705882,0.5,0.6304347826086957,575,5,29,29,1.0,0.1206896551724138,0.21538461538461542,11.0,1.0,0.875,0.4827586206896552,0.6222222222222222,9.625,0.8965468520306556,0.703125,0.7758620689655172,0.7377049180327868,7.734375,0.8163295941734106,0.4140625,0.9137931034482759,0.5698924731182796,4.5546875,0.905034048915488,67.0
known_mining_neutral_ratio_1_10,full_feature_graph_guided_m4,groupkfold_state_random_matched,1,Arizona,RandomMatched_XGB,385,1100,638,58,580,0.9708382877526753,0.8015793152920782,0.7801724137931034,0.868421052631579,0.5689655172413793,0.6875,575,5,25,33,1.0,0.1206896551724138,0.21538461538461542,11.0,1.0,0.84375,0.46551724137931033,0.6,9.28125,0.8773601241160752,0.71875,0.7931034482758621,0.7540983606557378,7.90625,0.8273964866941684,0.4296875,0.9482758620689655,0.5913978494623656,4.7265625,0.9258367371565239,68.0
known_mining_neutral_ratio_1_10,full_feature_graph_guided_m4,groupkfold_state_random_matched,1,Arizona,RandomMatched_XGB,385,1100,638,58,580,0.9644173602853746,0.7810918365119429,0.789655172413793,0.8947368421052632,0.5862068965517241,0.7083333333333334,576,4,24,34,0.8571428571428571,0.10344827586206896,0.1846153846153846,9.428571428571427,0.9083745556952364,0.90625,0.5,0.6444444444444445,9.96875,0.9101334495162088,0.671875,0.7413793103448276,0.7049180327868853,7.390625,0.7892498630827011,0.421875,0.9310344827586207,0.5806451612903226,4.640625,0.9082999291330348,69.0
known_mining_neutral_ratio_1_10,full_feature_graph_guided_m4,groupkfold_state_random_matched,1,Arizona,RandomMatched_XGB,385,1100,638,58,580,0.9717598097502973,0.8004687016810926,0.7870689655172414,0.8292682926829268,0.5862068965517241,0.6868686868686869,573,7,24,34,1.0,0.1206896551724138,0.21538461538461542,11.0,1.0,0.875,0.4827586206896552,0.6222222222222222,9.625,0.8891085516515669,0.71875,0.7931034482758621,0.7540983606557378,7.90625,0.8244719898021999,0.4375,0.9655172413793104,0.6021505376344085,4.8125,0.9325402434156508,70.0
known_mining_neutral_ratio_1_10,full_feature_graph_guided_m4,groupkfold_state_random_matched,1,Arizona,RandomMatched_XGB,385,1100,638,58,580,0.9690844233055885,0.7972017613105795,0.7560344827586207,0.9090909090909091,0.5172413793103449,0.6593406593406593,577,3,28,30,0.8571428571428571,0.10344827586206896,0.1846153846153846,9.428571428571427,0.9083745556952364,0.90625,0.5,0.6444444444444445,9.96875,0.9079296116502126,0.734375,0.8103448275862069,0.7704918032786885,8.078125,0.8347549361674819,0.4140625,0.9137931034482759,0.5698924731182796,4.5546875,0.9015252049828345,71.0
known_mining_neutral_ratio_1_10,full_feature_graph_guided_m4,groupkfold_state_random_matched,1,Arizona,RandomMatched_XGB,385,1100,638,58,580,0.9656064209274673,0.7880612570072307,0.7551724137931035,0.8823529411764706,0.5172413793103449,0.6521739130434783,576,4,28,30,0.8571428571428571,0.10344827586206896,0.1846153846153846,9.428571428571427,0.8936633189697701,0.90625,0.5,0.6444444444444445,9.96875,0.9122680328271655,0.671875,0.7413793103448276,0.7049180327868853,7.390625,0.7917097865252213,0.421875,0.9310344827586207,0.5806451612903226,4.640625,0.9091071357390267,72.0
known_mining_neutral_ratio_1_10,full_feature_graph_guided_m4,groupkfold_state_random_matched,1,Arizona,RandomMatched_XGB,385,1100,638,58,580,0.974256837098692,0.8289206200490915,0.7956896551724137,0.8333333333333334,0.603448275862069,0.7,573,7,23,35,1.0,0.1206896551724138,0.21538461538461542,11.0,1.0,0.90625,0.5,0.6444444444444445,9.96875,0.926085101241001,0.734375,0.8103448275862069,0.7704918032786885,8.078125,0.8457924095584647,0.421875,0.9310344827586207,0.5806451612903226,4.640625,0.9236309673398042,73.0
known_mining_neutral_ratio_1_10,full_feature_graph_guided_m4,groupkfold_state_random_matched,1,Arizona,RandomMatched_XGB,385,1100,638,58,580,0.9685493460166468,0.8101181166021865,0.7732758620689655,0.9142857142857143,0.5517241379310345,0.6881720430107527,577,3,26,32,1.0,0.1206896551724138,0.21538461538461542,11.0,1.0,0.90625,0.5,0.6444444444444445,9.96875,0.9198507925198265,0.6875,0.7586206896551724,0.7213114754098361,7.5625,0.8083522052362045,0.4296875,0.9482758620689655,0.5913978494623656,4.7265625,0.9276947989438294,74.0
known_mining_neutral_ratio_1_10,full_feature_graph_guided_m4,groupkfold_state_random_matched,1,Arizona,RandomMatched_XGB,385,1100,638,58,580,0.967538644470868,0.8329323474786625,0.7905172413793103,0.918918918918919,0.5862068965517241,0.7157894736842105,577,3,24,34,1.0,0.1206896551724138,0.21538461538461542,11.0,1.0,0.9375,0.5172413793103449,0.6666666666666667,10.3125,0.9539936499921695,0.6875,0.7586206896551724,0.7213114754098361,7.5625,0.8191727295308435,0.40625,0.896551724137931,0.5591397849462365,4.46875,0.9062772893849453,75.0
known_mining_neutral_ratio_1_10,full_feature_graph_guided_m4,groupkfold_state_random_matched,1,Arizona,RandomMatched_XGB,385,1100,638,58,580,0.9687871581450653,0.8144797778075549,0.7646551724137931,0.9117647058823529,0.5344827586206896,0.6739130434782609,577,3,27,31,1.0,0.1206896551724138,0.21538461538461542,11.0,1.0,0.90625,0.5,0.6444444444444445,9.96875,0.9272829488989127,0.671875,0.7413793103448276,0.7049180327868853,7.390625,0.7993365230508236,0.4296875,0.9482758620689655,0.5913978494623656,4.7265625,0.930949352681018,76.0
known_mining_neutral_ratio_1_10,full_feature_graph_guided_m4,groupkfold_state_random_matched,1,Arizona,RandomMatched_XGB,385,1100,638,58,580,0.9701843043995244,0.812110473157362,0.7620689655172413,0.8378378378378378,0.5344827586206896,0.6526315789473685,574,6,27,31,0.8571428571428571,0.10344827586206896,0.1846153846153846,9.428571428571427,0.9083745556952364,0.875,0.4827586206896552,0.6222222222222222,9.625,0.8912547070076339,0.75,0.8275862068965517,0.7868852459016394,8.25,0.8488366282832349,0.4375,0.9655172413793104,0.6021505376344085,4.8125,0.9357449516664491,77.0
known_mining_neutral_ratio_1_10,full_feature_graph_guided_m4,groupkfold_state_random_matched,1,Arizona,RandomMatched_XGB,385,1100,638,58,580,0.9702140309155767,0.7653207690423441,0.7629310344827587,0.8611111111111112,0.5344827586206896,0.6595744680851063,575,5,27,31,0.8571428571428571,0.10344827586206896,0.1846153846153846,9.428571428571427,0.8625618335428545,0.84375,0.46551724137931033,0.6,9.28125,0.8468249138115995,0.703125,0.7758620689655172,0.7377049180327868,7.734375,0.7986012460817913,0.421875,0.9310344827586207,0.5806451612903226,4.640625,0.8946767775439756,78.0
known_mining_neutral_ratio_1_10,full_feature_graph_guided_m4,groupkfold_state_random_matched,1,Arizona,RandomMatched_XGB,385,1100,638,58,580,0.9648038049940547,0.8056420570211342,0.746551724137931,0.8787878787878788,0.5,0.6373626373626373,576,4,29,29,1.0,0.1206896551724138,0.21538461538461542,11.0,1.0,0.875,0.4827586206896552,0.6222222222222222,9.625,0.9008537562783309,0.734375,0.8103448275862069,0.7704918032786885,8.078125,0.841852076473204,0.421875,0.9310344827586207,0.5806451612903226,4.640625,0.9186428759960007,79.0
known_mining_neutral_ratio_1_10,full_feature_graph_guided_m4,groupkfold_state_random_matched,1,Arizona,RandomMatched_XGB,385,1100,638,58,580,0.9697978596908443,0.7971219460868891,0.746551724137931,0.8787878787878788,0.5,0.6373626373626373,576,4,29,29,1.0,0.1206896551724138,0.21538461538461542,11.0,1.0,0.875,0.4827586206896552,0.6222222222222222,9.625,0.9002503786147723,0.671875,0.7413793103448276,0.7049180327868853,7.390625,0.7928869498158325,0.4296875,0.9482758620689655,0.5913978494623656,4.7265625,0.9252554452507904,80.0
known_mining_neutral_ratio_1_10,full_feature_graph_guided_m4,groupkfold_state_random_matched,1,Arizona,RandomMatched_XGB,385,1100,638,58,580,0.9653686087990488,0.8036398399546594,0.7810344827586206,0.8918918918918919,0.5689655172413793,0.6947368421052632,576,4,25,33,1.0,0.1206896551724138,0.21538461538461542,11.0,1.0,0.90625,0.5,0.6444444444444445,9.96875,0.921414454943138,0.71875,0.7931034482758621,0.7540983606557378,7.90625,0.8328709855082201,0.4140625,0.9137931034482759,0.5698924731182796,4.5546875,0.9077346883818213,81.0
known_mining_neutral_ratio_1_10,full_feature_graph_guided_m4,groupkfold_state_random_matched,1,Arizona,RandomMatched_XGB,385,1100,638,58,580,0.969500594530321,0.7531577095209092,0.7525862068965518,0.8108108108108109,0.5172413793103449,0.631578947368421,573,7,28,30,0.7142857142857143,0.08620689655172414,0.15384615384615388,7.857142857142857,0.7646489081928868,0.84375,0.46551724137931033,0.6,9.28125,0.8388300286657506,0.734375,0.8103448275862069,0.7704918032786885,8.078125,0.8132399764921711,0.4296875,0.9482758620689655,0.5913978494623656,4.7265625,0.8982978269743608,82.0
known_mining_neutral_ratio_1_10,full_feature_graph_guided_m4,groupkfold_state_random_matched,1,Arizona,RandomMatched_XGB,385,1100,638,58,580,0.9680142687277051,0.7876085349810131,0.7129310344827586,0.8928571428571429,0.43103448275862066,0.5813953488372093,577,3,33,25,0.8571428571428571,0.10344827586206896,0.1846153846153846,9.428571428571427,0.8936633189697701,0.90625,0.5,0.6444444444444445,9.96875,0.9085955313133416,0.671875,0.7413793103448276,0.7049180327868853,7.390625,0.7894560681777153,0.4375,0.9655172413793104,0.6021505376344085,4.8125,0.9272931642646253,83.0
known_mining_neutral_ratio_1_10,full_feature_graph_guided_m4,groupkfold_state_random_matched,1,Arizona,RandomMatched_XGB,385,1100,638,58,580,0.9754458977407848,0.812307745403821,0.7379310344827587,0.875,0.4827586206896552,0.6222222222222222,576,4,30,28,1.0,0.1206896551724138,0.21538461538461542,11.0,1.0,0.875,0.4827586206896552,0.6222222222222222,9.625,0.900097816734271,0.6875,0.7586206896551724,0.7213114754098361,7.5625,0.8055450321754376,0.4453125,0.9827586206896551,0.6129032258064515,4.8984375,0.9476895535411431,84.0
known_mining_neutral_ratio_1_10,full_feature_graph_guided_m4,groupkfold_state_random_matched,1,Arizona,RandomMatched_XGB,385,1100,638,58,580,0.9627526753864447,0.7299826501441204,0.7775862068965518,0.8048780487804879,0.5689655172413793,0.6666666666666666,572,8,25,33,0.7142857142857143,0.08620689655172414,0.15384615384615388,7.857142857142857,0.6891341765546151,0.875,0.4827586206896552,0.6222222222222222,9.625,0.8344342581434938,0.703125,0.7758620689655172,0.7377049180327868,7.734375,0.7729203994257914,0.421875,0.9310344827586207,0.5806451612903226,4.640625,0.868403142719699,85.0
known_mining_neutral_ratio_1_10,full_feature_graph_guided_m4,groupkfold_state_random_matched,1,Arizona,RandomMatched_XGB,385,1100,638,58,580,0.9626040428061832,0.7403540925491969,0.7525862068965518,0.8108108108108109,0.5172413793103449,0.631578947368421,573,7,28,30,0.8571428571428571,0.10344827586206896,0.1846153846153846,9.428571428571427,0.8625618335428545,0.8125,0.4482758620689655,0.5777777777777777,8.9375,0.8258194398036534,0.6875,0.7586206896551724,0.7213114754098361,7.5625,0.7796406003788177,0.421875,0.9310344827586207,0.5806451612903226,4.640625,0.8896999855307371,86.0
known_mining_neutral_ratio_1_10,full_feature_graph_guided_m4,groupkfold_state_random_matched,1,Arizona,RandomMatched_XGB,385,1100,638,58,580,0.9730677764565994,0.8126331215032659,0.789655172413793,0.8947368421052632,0.5862068965517241,0.7083333333333334,576,4,24,34,0.8571428571428571,0.10344827586206896,0.1846153846153846,9.428571428571427,0.8936633189697701,0.90625,0.5,0.6444444444444445,9.96875,0.9140772031745206,0.703125,0.7758620689655172,0.7377049180327868,7.734375,0.8146498732286325,0.4296875,0.9482758620689655,0.5913978494623656,4.7265625,0.9252936894347372,87.0
known_mining_neutral_ratio_1_10,full_feature_graph_guided_m4,groupkfold_state_random_matched,1,Arizona,RandomMatched_XGB,385,1100,638,58,580,0.9721759809750298,0.8143648700848788,0.7301724137931035,0.9,0.46551724137931033,0.6136363636363636,577,3,31,27,1.0,0.1206896551724138,0.21538461538461542,11.0,1.0,0.875,0.4827586206896552,0.6222222222222222,9.625,0.9002191630530995,0.71875,0.7931034482758621,0.7540983606557378,7.90625,0.831198819973381,0.4375,0.9655172413793104,0.6021505376344085,4.8125,0.9394810425320143,88.0
known_mining_neutral_ratio_1_10,full_feature_graph_guided_m4,groupkfold_state_random_matched,1,Arizona,RandomMatched_XGB,385,1100,638,58,580,0.9755945303210464,0.8332688589560454,0.7810344827586206,0.8918918918918919,0.5689655172413793,0.6947368421052632,576,4,25,33,0.8571428571428571,0.10344827586206896,0.1846153846153846,9.428571428571427,0.9083745556952364,0.90625,0.5,0.6444444444444445,9.96875,0.9196755793818775,0.734375,0.8103448275862069,0.7704918032786885,8.078125,0.8447482361726073,0.4296875,0.9482758620689655,0.5913978494623656,4.7265625,0.9322443723774505,89.0
known_mining_neutral_ratio_1_10,full_feature_graph_guided_m4,groupkfold_state_random_matched,1,Arizona,RandomMatched_XGB,385,1100,638,58,580,0.9700059453032105,0.8272576060082895,0.7905172413793103,0.918918918918919,0.5862068965517241,0.7157894736842105,577,3,24,34,1.0,0.1206896551724138,0.21538461538461542,11.0,1.0,0.9375,0.5172413793103449,0.6666666666666667,10.3125,0.9476969621003548,0.6875,0.7586206896551724,0.7213114754098361,7.5625,0.8141159794580296,0.4375,0.9655172413793104,0.6021505376344085,4.8125,0.9435901382189659,90.0
known_mining_neutral_ratio_1_10,full_feature_graph_guided_m4,groupkfold_state_random_matched,1,Arizona,RandomMatched_XGB,385,1100,638,58,580,0.9627526753864447,0.8211137281104424,0.7741379310344827,0.9411764705882353,0.5517241379310345,0.6956521739130435,578,2,26,32,1.0,0.1206896551724138,0.21538461538461542,11.0,1.0,0.9375,0.5172413793103449,0.6666666666666667,10.3125,0.953418734712735,0.671875,0.7413793103448276,0.7049180327868853,7.390625,0.8056731636700533,0.421875,0.9310344827586207,0.5806451612903226,4.640625,0.9242714235319206,91.0
known_mining_neutral_ratio_1_10,full_feature_graph_guided_m4,groupkfold_state_random_matched,1,Arizona,RandomMatched_XGB,385,1100,638,58,580,0.9655469678953627,0.8004433070650576,0.746551724137931,0.8787878787878788,0.5,0.6373626373626373,576,4,29,29,1.0,0.1206896551724138,0.21538461538461542,11.0,1.0,0.90625,0.5,0.6444444444444445,9.96875,0.9221428436141007,0.703125,0.7758620689655172,0.7377049180327868,7.734375,0.8206925338487725,0.4140625,0.9137931034482759,0.5698924731182796,4.5546875,0.906889440693953,92.0
known_mining_neutral_ratio_1_10,full_feature_graph_guided_m4,groupkfold_state_random_matched,1,Arizona,RandomMatched_XGB,385,1100,638,58,580,0.970719381688466,0.7877402561179153,0.7439655172413793,0.8055555555555556,0.5,0.6170212765957447,573,7,29,29,1.0,0.1206896551724138,0.21538461538461542,11.0,1.0,0.84375,0.46551724137931033,0.6,9.28125,0.8707303914887412,0.6875,0.7586206896551724,0.7213114754098361,7.5625,0.7997943016515503,0.4296875,0.9482758620689655,0.5913978494623656,4.7265625,0.9213939424843753,93.0
known_mining_neutral_ratio_1_10,full_feature_graph_guided_m4,groupkfold_state_random_matched,1,Arizona,RandomMatched_XGB,385,1100,638,58,580,0.9754161712247325,0.8359133303816979,0.7801724137931034,0.868421052631579,0.5689655172413793,0.6875,575,5,25,33,1.0,0.1206896551724138,0.21538461538461542,11.0,1.0,0.90625,0.5,0.6444444444444445,9.96875,0.9259444192786972,0.71875,0.7931034482758621,0.7540983606557378,7.90625,0.8355606239118658,0.421875,0.9310344827586207,0.5806451612903226,4.640625,0.9254697174068554,94.0
known_mining_neutral_ratio_1_10,full_feature_graph_guided_m4,groupkfold_state_random_matched,1,Arizona,RandomMatched_XGB,385,1100,638,58,580,0.9772889417360285,0.8150279602365176,0.825,0.926829268292683,0.6551724137931034,0.7676767676767676,577,3,20,38,0.8571428571428571,0.10344827586206896,0.1846153846153846,9.428571428571427,0.8265723430117605,0.90625,0.5,0.6444444444444445,9.96875,0.8852097391151028,0.703125,0.7758620689655172,0.7377049180327868,7.734375,0.7996129752677079,0.4453125,0.9827586206896551,0.6129032258064515,4.8984375,0.9302980321491733,95.0
known_mining_neutral_ratio_1_10,full_feature_graph_guided_m4,groupkfold_state_random_matched,1,Arizona,RandomMatched_XGB,385,1100,638,58,580,0.9769322235434007,0.8381972955855345,0.7982758620689655,0.8974358974358975,0.603448275862069,0.7216494845360825,576,4,23,35,0.8571428571428571,0.10344827586206896,0.1846153846153846,9.428571428571427,0.9083745556952364,0.90625,0.5,0.6444444444444445,9.96875,0.9204749855875713,0.734375,0.8103448275862069,0.7704918032786885,8.078125,0.8446833468891265,0.4375,0.9655172413793104,0.6021505376344085,4.8125,0.943378089107365,96.0
known_mining_neutral_ratio_1_10,full_feature_graph_guided_m4,groupkfold_state_random_matched,1,Arizona,RandomMatched_XGB,385,1100,638,58,580,0.9700951248513675,0.7782707982902769,0.7620689655172413,0.8378378378378378,0.5344827586206896,0.6526315789473685,574,6,27,31,0.7142857142857143,0.08620689655172414,0.15384615384615388,7.857142857142857,0.7837042816946693,0.90625,0.5,0.6444444444444445,9.96875,0.8963705698971214,0.734375,0.8103448275862069,0.7704918032786885,8.078125,0.8238322783320015,0.4375,0.9655172413793104,0.6021505376344085,4.8125,0.920159829264238,97.0
known_mining_neutral_ratio_1_10,full_feature_graph_guided_m4,groupkfold_state_random_matched,1,Arizona,RandomMatched_XGB,385,1100,638,58,580,0.9591557669441142,0.7665589707923955,0.7560344827586207,0.9090909090909091,0.5172413793103449,0.6593406593406593,577,3,28,30,0.8571428571428571,0.10344827586206896,0.1846153846153846,9.428571428571427,0.8265723430117605,0.90625,0.5,0.6444444444444445,9.96875,0.880949770588457,0.671875,0.7413793103448276,0.7049180327868853,7.390625,0.770391064563718,0.4296875,0.9482758620689655,0.5913978494623656,4.7265625,0.899835854890048,98.0
known_mining_neutral_ratio_1_10,full_feature_graph_guided_m4,groupkfold_state_random_matched,1,Arizona,RandomMatched_XGB,385,1100,638,58,580,0.9700059453032105,0.7990499251933982,0.721551724137931,0.896551724137931,0.4482758620689655,0.5977011494252874,577,3,32,26,1.0,0.1206896551724138,0.21538461538461542,11.0,1.0,0.875,0.4827586206896552,0.6222222222222222,9.625,0.8969266111067276,0.671875,0.7413793103448276,0.7049180327868853,7.390625,0.7933855373332107,0.4296875,0.9482758620689655,0.5913978494623656,4.7265625,0.9254458187446243,99.0
known_mining_neutral_ratio_1_10,full_feature_graph_guided_m4,groupkfold_state_random_matched,2,Washington,NoClimate_XGB,385,1331,407,37,370,0.9330898466033601,0.7058040395076951,0.7121621621621621,0.8421052631578947,0.43243243243243246,0.5714285714285714,367,3,21,16,1.0,0.13513513513513514,0.2380952380952381,11.0,1.0,0.8095238095238095,0.4594594594594595,0.5862068965517242,8.904761904761905,0.8626512516038791,0.6097560975609756,0.6756756756756757,0.6410256410256411,6.7073170731707314,0.7508742319934619,0.35365853658536583,0.7837837837837838,0.48739495798319327,3.8902439024390243,0.8127341802244553,
known_mining_neutral_ratio_1_10,full_feature_graph_guided_m4,groupkfold_state_random_matched,2,Washington,M4_Spearman_XGB,385,1331,407,37,370,0.9626004382761141,0.8454727706237108,0.768918918918919,0.9523809523809523,0.5405405405405406,0.6896551724137931,369,1,17,20,1.0,0.13513513513513514,0.2380952380952381,11.0,1.0,0.9523809523809523,0.5405405405405406,0.6896551724137931,10.476190476190474,0.9691316061072882,0.7073170731707317,0.7837837837837838,0.7435897435897435,7.780487804878049,0.8423635186398144,0.4146341463414634,0.918918918918919,0.5714285714285714,4.560975609756097,0.9247746324458658,
known_mining_neutral_ratio_1_10,full_feature_graph_guided_m4,groupkfold_state_random_matched,2,Washington,DropSelected_XGB,266,1331,407,37,370,0.9341124908692477,0.7158579538015513,0.7000000000000001,0.8823529411764706,0.40540540540540543,0.5555555555555556,368,2,22,15,1.0,0.13513513513513514,0.2380952380952381,11.0,1.0,0.8571428571428571,0.4864864864864865,0.6206896551724138,9.428571428571427,0.8999649521947837,0.6097560975609756,0.6756756756756757,0.6410256410256411,6.7073170731707314,0.7510093099310475,0.3780487804878049,0.8378378378378378,0.5210084033613445,4.158536585365853,0.8475051542005184,
known_mining_neutral_ratio_1_10,full_feature_graph_guided_m4,groupkfold_state_random_matched,2,Washington,SelectedRawOnly_XGB,119,1331,407,37,370,0.7588750913075237,0.24064690163549535,0.6256756756756756,0.3076923076923077,0.32432432432432434,0.3157894736842105,343,27,25,12,0.0,0.0,0.0,0.0,0.0,0.19047619047619047,0.10810810810810811,0.13793103448275862,2.095238095238095,0.13654545868650173,0.3170731707317073,0.35135135135135137,0.33333333333333337,3.4878048780487805,0.2699242849855058,0.2804878048780488,0.6216216216216216,0.3865546218487395,3.0853658536585367,0.43158858810558504,
known_mining_neutral_ratio_1_10,full_feature_graph_guided_m4,groupkfold_state_random_matched,2,Washington,RandomMatched_XGB,385,1331,407,37,370,0.9647918188458728,0.8251944257478808,0.7824324324324324,0.9545454545454546,0.5675675675675675,0.711864406779661,369,1,16,21,1.0,0.13513513513513514,0.2380952380952381,11.0,1.0,0.9523809523809523,0.5405405405405406,0.6896551724137931,10.476190476190474,0.9669884969887717,0.6585365853658537,0.7297297297297297,0.6923076923076923,7.2439024390243905,0.8054413617992408,0.4146341463414634,0.918918918918919,0.5714285714285714,4.560975609756097,0.9174857711400316,0.0
known_mining_neutral_ratio_1_10,full_feature_graph_guided_m4,groupkfold_state_random_matched,2,Washington,RandomMatched_XGB,385,1331,407,37,370,0.9723886048210373,0.8624845522448714,0.6878378378378378,0.9333333333333333,0.3783783783783784,0.5384615384615384,369,1,23,14,1.0,0.13513513513513514,0.2380952380952381,11.0,1.0,0.9523809523809523,0.5405405405405406,0.6896551724137931,10.476190476190474,0.9655861270645727,0.7073170731707317,0.7837837837837838,0.7435897435897435,7.780487804878049,0.8453429777888127,0.4146341463414634,0.918918918918919,0.5714285714285714,4.560975609756097,0.9262931813595023,1.0
known_mining_neutral_ratio_1_10,full_feature_graph_guided_m4,groupkfold_state_random_matched,2,Washington,RandomMatched_XGB,385,1331,407,37,370,0.9433893352812271,0.7521320189694982,0.7135135135135136,0.8888888888888888,0.43243243243243246,0.5818181818181818,368,2,21,16,1.0,0.13513513513513514,0.2380952380952381,11.0,1.0,0.9047619047619048,0.5135135135135135,0.6551724137931034,9.952380952380953,0.921709506356231,0.6341463414634146,0.7027027027027027,0.6666666666666667,6.975609756097561,0.7685022198247815,0.4146341463414634,0.918918918918919,0.5714285714285714,4.560975609756097,0.8982548430056569,2.0
known_mining_neutral_ratio_1_10,full_feature_graph_guided_m4,groupkfold_state_random_matched,2,Washington,RandomMatched_XGB,385,1331,407,37,370,0.9431701972242512,0.8190524692921336,0.741891891891892,0.9473684210526315,0.4864864864864865,0.6428571428571429,369,1,19,18,1.0,0.13513513513513514,0.2380952380952381,11.0,1.0,0.9523809523809523,0.5405405405405406,0.6896551724137931,10.476190476190474,0.9616019716485128,0.6829268292682927,0.7567567567567568,0.7179487179487181,7.51219512195122,0.8186060119555043,0.4146341463414634,0.918918918918919,0.5714285714285714,4.560975609756097,0.9184858663070175,3.0
known_mining_neutral_ratio_1_10,full_feature_graph_guided_m4,groupkfold_state_random_matched,2,Washington,RandomMatched_XGB,385,1331,407,37,370,0.9637691745799855,0.8410637215109564,0.7959459459459459,0.9565217391304348,0.5945945945945946,0.7333333333333333,369,1,15,22,1.0,0.13513513513513514,0.2380952380952381,11.0,1.0,0.9523809523809523,0.5405405405405406,0.6896551724137931,10.476190476190474,0.9647659722295682,0.7073170731707317,0.7837837837837838,0.7435897435897435,7.780487804878049,0.840158952848088,0.4146341463414634,0.918918918918919,0.5714285714285714,4.560975609756097,0.9227877320647648,4.0
known_mining_neutral_ratio_1_10,full_feature_graph_guided_m4,groupkfold_state_random_matched,2,Washington,RandomMatched_XGB,385,1331,407,37,370,0.9598977355734112,0.8333245381657547,0.7027027027027027,1.0,0.40540540540540543,0.5769230769230769,370,0,22,15,1.0,0.13513513513513514,0.2380952380952381,11.0,1.0,0.9523809523809523,0.5405405405405406,0.6896551724137931,10.476190476190474,0.9663225093198398,0.6829268292682927,0.7567567567567568,0.7179487179487181,7.51219512195122,0.8238977386377934,0.4146341463414634,0.918918918918919,0.5714285714285714,4.560975609756097,0.9211141875151407,5.0
known_mining_neutral_ratio_1_10,full_feature_graph_guided_m4,groupkfold_state_random_matched,2,Washington,RandomMatched_XGB,385,1331,407,37,370,0.9620891161431702,0.8095424589628386,0.7675675675675676,0.9090909090909091,0.5405405405405406,0.6779661016949152,368,2,17,20,1.0,0.13513513513513514,0.2380952380952381,11.0,1.0,0.9047619047619048,0.5135135135135135,0.6551724137931034,9.952380952380953,0.9319318400722236,0.6341463414634146,0.7027027027027027,0.6666666666666667,6.975609756097561,0.783142274680215,0.4146341463414634,0.918918918918919,0.5714285714285714,4.560975609756097,0.9136435626908241,6.0
known_mining_neutral_ratio_1_10,full_feature_graph_guided_m4,groupkfold_state_random_matched,2,Washington,RandomMatched_XGB,385,1331,407,37,370,0.9484295105916728,0.8133824775273314,0.768918918918919,0.9523809523809523,0.5405405405405406,0.6896551724137931,369,1,17,20,1.0,0.13513513513513514,0.2380952380952381,11.0,1.0,0.9523809523809523,0.5405405405405406,0.6896551724137931,10.476190476190474,0.9655861270645727,0.6585365853658537,0.7297297297297297,0.6923076923076923,7.2439024390243905,0.8052828079976109,0.4146341463414634,0.918918918918919,0.5714285714285714,4.560975609756097,0.9162864994552435,7.0
known_mining_neutral_ratio_1_10,full_feature_graph_guided_m4,groupkfold_state_random_matched,2,Washington,RandomMatched_XGB,385,1331,407,37,370,0.9585829072315558,0.7456601121884665,0.6067567567567568,0.8888888888888888,0.21621621621621623,0.34782608695652173,369,1,29,8,1.0,0.13513513513513514,0.2380952380952381,11.0,1.0,0.8571428571428571,0.4864864864864865,0.6206896551724138,9.428571428571427,0.8889564721529395,0.6341463414634146,0.7027027027027027,0.6666666666666667,6.975609756097561,0.7680159638362435,0.4146341463414634,0.918918918918919,0.5714285714285714,4.560975609756097,0.8937336753607488,8.0
known_mining_neutral_ratio_1_10,full_feature_graph_guided_m4,groupkfold_state_random_matched,2,Washington,RandomMatched_XGB,385,1331,407,37,370,0.9639883126369613,0.8099520985134637,0.6743243243243243,0.9285714285714286,0.35135135135135137,0.5098039215686274,369,1,24,13,1.0,0.13513513513513514,0.2380952380952381,11.0,1.0,0.9523809523809523,0.5405405405405406,0.6896551724137931,10.476190476190474,0.9602086391879793,0.6829268292682927,0.7567567567567568,0.7179487179487181,7.51219512195122,0.8177007580116267,0.4146341463414634,0.918918918918919,0.5714285714285714,4.560975609756097,0.9126927457245566,9.0
known_mining_neutral_ratio_1_10,full_feature_graph_guided_m4,groupkfold_state_random_matched,2,Washington,RandomMatched_XGB,385,1331,407,37,370,0.937399561723886,0.7105740030694853,0.672972972972973,0.8666666666666667,0.35135135135135137,0.5,368,2,24,13,0.8,0.10810810810810811,0.19047619047619047,8.8,0.8687949224876582,0.8571428571428571,0.4864864864864865,0.6206896551724138,9.428571428571427,0.880645164925325,0.5609756097560976,0.6216216216216216,0.5897435897435899,6.170731707317073,0.7074231604047689,0.4268292682926829,0.9459459459459459,0.588235294117647,4.695121951219512,0.8970725487962657,10.0
known_mining_neutral_ratio_1_10,full_feature_graph_guided_m4,groupkfold_state_random_matched,2,Washington,RandomMatched_XGB,385,1331,407,37,370,0.9535427319211103,0.7573421729299668,0.7000000000000001,0.8823529411764706,0.40540540540540543,0.5555555555555556,368,2,22,15,1.0,0.13513513513513514,0.2380952380952381,11.0,1.0,0.8095238095238095,0.4594594594594595,0.5862068965517242,8.904761904761905,0.8670783756715632,0.6341463414634146,0.7027027027027027,0.6666666666666667,6.975609756097561,0.7752214338952945,0.3902439024390244,0.8648648648648649,0.5378151260504203,4.2926829268292686,0.8699914003960653,11.0
known_mining_neutral_ratio_1_10,full_feature_graph_guided_m4,groupkfold_state_random_matched,2,Washington,RandomMatched_XGB,385,1331,407,37,370,0.9395178962746531,0.7666714279074478,0.6337837837837839,0.9090909090909091,0.2702702702702703,0.4166666666666667,369,1,27,10,1.0,0.13513513513513514,0.2380952380952381,11.0,1.0,0.9047619047619048,0.5135135135135135,0.6551724137931034,9.952380952380953,0.9249746114175474,0.6341463414634146,0.7027027027027027,0.6666666666666667,6.975609756097561,0.7761541610944128,0.4024390243902439,0.8918918918918919,0.5546218487394957,4.426829268292683,0.8891036563446421,12.0
known_mining_neutral_ratio_1_10,full_feature_graph_guided_m4,groupkfold_state_random_matched,2,Washington,RandomMatched_XGB,385,1331,407,37,370,0.9681519357195033,0.872399757687755,0.7824324324324324,0.9545454545454546,0.5675675675675675,0.711864406779661,369,1,16,21,1.0,0.13513513513513514,0.2380952380952381,11.0,1.0,1.0,0.5675675675675675,0.7241379310344828,11.0,1.0,0.7317073170731707,0.8108108108108109,0.7692307692307694,8.048780487804878,0.8624246824227791,0.4146341463414634,0.918918918918919,0.5714285714285714,4.560975609756097,0.9303974118292131,13.0
known_mining_neutral_ratio_1_10,full_feature_graph_guided_m4,groupkfold_state_random_matched,2,Washington,RandomMatched_XGB,385,1331,407,37,370,0.9495252008765522,0.7739678181002039,0.7135135135135136,0.8888888888888888,0.43243243243243246,0.5818181818181818,368,2,21,16,1.0,0.13513513513513514,0.2380952380952381,11.0,1.0,0.9047619047619048,0.5135135135135135,0.6551724137931034,9.952380952380953,0.917288633816554,0.6585365853658537,0.7297297297297297,0.6923076923076923,7.2439024390243905,0.7891217942545815,0.4146341463414634,0.918918918918919,0.5714285714285714,4.560975609756097,0.9018995260749668,14.0
known_mining_neutral_ratio_1_10,full_feature_graph_guided_m4,groupkfold_state_random_matched,2,Washington,RandomMatched_XGB,385,1331,407,37,370,0.9525931336742148,0.7742744085265437,0.7675675675675676,0.9090909090909091,0.5405405405405406,0.6779661016949152,368,2,17,20,1.0,0.13513513513513514,0.2380952380952381,11.0,1.0,0.9047619047619048,0.5135135135135135,0.6551724137931034,9.952380952380953,0.9244022056134481,0.6097560975609756,0.6756756756756757,0.6410256410256411,6.7073170731707314,0.7562713141081745,0.4146341463414634,0.918918918918919,0.5714285714285714,4.560975609756097,0.9048982416646568,15.0
known_mining_neutral_ratio_1_10,full_feature_graph_guided_m4,groupkfold_state_random_matched,2,Washington,RandomMatched_XGB,385,1331,407,37,370,0.956318480642805,0.8396552118487525,0.7945945945945947,0.9166666666666666,0.5945945945945946,0.7213114754098361,368,2,15,22,1.0,0.13513513513513514,0.2380952380952381,11.0,1.0,0.9523809523809523,0.5405405405405406,0.6896551724137931,10.476190476190474,0.967594670270134,0.7073170731707317,0.7837837837837838,0.7435897435897435,7.780487804878049,0.8402106298291999,0.4146341463414634,0.918918918918919,0.5714285714285714,4.560975609756097,0.9236006976564716,16.0
known_mining_neutral_ratio_1_10,full_feature_graph_guided_m4,groupkfold_state_random_matched,2,Washington,RandomMatched_XGB,385,1331,407,37,370,0.9612856099342586,0.7785299316656951,0.672972972972973,0.8666666666666667,0.35135135135135137,0.5,368,2,24,13,1.0,0.13513513513513514,0.2380952380952381,11.0,1.0,0.9047619047619048,0.5135135135135135,0.6551724137931034,9.952380952380953,0.9143234752740762,0.6585365853658537,0.7297297297297297,0.6923076923076923,7.2439024390243905,0.7891310112215192,0.4268292682926829,0.9459459459459459,0.588235294117647,4.695121951219512,0.9161865060732297,17.0
known_mining_neutral_ratio_1_10,full_feature_graph_guided_m4,groupkfold_state_random_matched,2,Washington,RandomMatched_XGB,385,1331,407,37,370,0.9300219138056977,0.7311363626004768,0.6472972972972973,0.9166666666666666,0.2972972972972973,0.4489795918367347,369,1,26,11,1.0,0.13513513513513514,0.2380952380952381,11.0,1.0,0.9047619047619048,0.5135135135135135,0.6551724137931034,9.952380952380953,0.9185607947668482,0.5853658536585366,0.6486486486486487,0.6153846153846153,6.439024390243902,0.7310786463432167,0.4024390243902439,0.8918918918918919,0.5546218487394957,4.426829268292683,0.8765218722010581,18.0
known_mining_neutral_ratio_1_10,full_feature_graph_guided_m4,groupkfold_state_random_matched,2,Washington,RandomMatched_XGB,385,1331,407,37,370,0.943754565376187,0.7995561639080225,0.7810810810810811,0.9130434782608695,0.5675675675675675,0.7,368,2,16,21,1.0,0.13513513513513514,0.2380952380952381,11.0,1.0,0.9523809523809523,0.5405405405405406,0.6896551724137931,10.476190476190474,0.9638448490987237,0.6341463414634146,0.7027027027027027,0.6666666666666667,6.975609756097561,0.7813725618564101,0.4146341463414634,0.918918918918919,0.5714285714285714,4.560975609756097,0.914058948670539,19.0
known_mining_neutral_ratio_1_10,full_feature_graph_guided_m4,groupkfold_state_random_matched,2,Washington,RandomMatched_XGB,385,1331,407,37,370,0.9585098612125639,0.8143202281431389,0.6743243243243243,0.9285714285714286,0.35135135135135137,0.5098039215686274,369,1,24,13,1.0,0.13513513513513514,0.2380952380952381,11.0,1.0,0.9523809523809523,0.5405405405405406,0.6896551724137931,10.476190476190474,0.9565745272588227,0.7073170731707317,0.7837837837837838,0.7435897435897435,7.780487804878049,0.8350817693656417,0.4146341463414634,0.918918918918919,0.5714285714285714,4.560975609756097,0.914186527478403,20.0
known_mining_neutral_ratio_1_10,full_feature_graph_guided_m4,groupkfold_state_random_matched,2,Washington,RandomMatched_XGB,385,1331,407,37,370,0.9577794010226443,0.7464639037749027,0.6337837837837839,0.9090909090909091,0.2702702702702703,0.4166666666666667,369,1,27,10,1.0,0.13513513513513514,0.2380952380952381,11.0,1.0,0.8095238095238095,0.4594594594594595,0.5862068965517242,8.904761904761905,0.8569071888538414,0.6341463414634146,0.7027027027027027,0.6666666666666667,6.975609756097561,0.7661228810020362,0.4146341463414634,0.918918918918919,0.5714285714285714,4.560975609756097,0.8924695507051937,21.0
known_mining_neutral_ratio_1_10,full_feature_graph_guided_m4,groupkfold_state_random_matched,2,Washington,RandomMatched_XGB,385,1331,407,37,370,0.9566837107377648,0.8244209932288786,0.6756756756756757,1.0,0.35135135135135137,0.52,370,0,24,13,1.0,0.13513513513513514,0.2380952380952381,11.0,1.0,0.9523809523809523,0.5405405405405406,0.6896551724137931,10.476190476190474,0.9647659722295682,0.7073170731707317,0.7837837837837838,0.7435897435897435,7.780487804878049,0.840674011222644,0.4146341463414634,0.918918918918919,0.5714285714285714,4.560975609756097,0.9189518421898802,22.0
known_mining_neutral_ratio_1_10,full_feature_graph_guided_m4,groupkfold_state_random_matched,2,Washington,RandomMatched_XGB,385,1331,407,37,370,0.9560993425858292,0.8206083068110998,0.7824324324324324,0.9545454545454546,0.5675675675675675,0.711864406779661,369,1,16,21,1.0,0.13513513513513514,0.2380952380952381,11.0,1.0,0.9523809523809523,0.5405405405405406,0.6896551724137931,10.476190476190474,0.9638448490987237,0.6829268292682927,0.7567567567567568,0.7179487179487181,7.51219512195122,0.8196448650950162,0.4146341463414634,0.918918918918919,0.5714285714285714,4.560975609756097,0.9177662163428106,23.0
known_mining_neutral_ratio_1_10,full_feature_graph_guided_m4,groupkfold_state_random_matched,2,Washington,RandomMatched_XGB,385,1331,407,37,370,0.9608473338203068,0.7848235745082498,0.6351351351351351,1.0,0.2702702702702703,0.425531914893617,370,0,27,10,1.0,0.13513513513513514,0.2380952380952381,11.0,1.0,0.8571428571428571,0.4864864864864865,0.6206896551724138,9.428571428571427,0.8999039875075152,0.6585365853658537,0.7297297297297297,0.6923076923076923,7.2439024390243905,0.7974539963952102,0.4146341463414634,0.918918918918919,0.5714285714285714,4.560975609756097,0.9063444134360927,24.0
known_mining_neutral_ratio_1_10,full_feature_graph_guided_m4,groupkfold_state_random_matched,2,Washington,RandomMatched_XGB,385,1331,407,37,370,0.954346238130022,0.7820920884579596,0.6486486486486487,1.0,0.2972972972972973,0.4583333333333333,370,0,26,11,1.0,0.13513513513513514,0.2380952380952381,11.0,1.0,0.9047619047619048,0.5135135135135135,0.6551724137931034,9.952380952380953,0.926645083063659,0.6341463414634146,0.7027027027027027,0.6666666666666667,6.975609756097561,0.7780611775415422,0.4146341463414634,0.918918918918919,0.5714285714285714,4.560975609756097,0.9064851857232099,25.0
known_mining_neutral_ratio_1_10,full_feature_graph_guided_m4,groupkfold_state_random_matched,2,Washington,RandomMatched_XGB,385,1331,407,37,370,0.931409788166545,0.7414237945480832,0.7540540540540541,0.9047619047619048,0.5135135135135135,0.6551724137931034,368,2,18,19,0.8,0.10810810810810811,0.19047619047619047,8.8,0.8687949224876582,0.9047619047619048,0.5135135135135135,0.6551724137931034,9.952380952380953,0.9105924356871923,0.6097560975609756,0.6756756756756757,0.6410256410256411,6.7073170731707314,0.7477750925687132,0.4146341463414634,0.918918918918919,0.5714285714285714,4.560975609756097,0.8916821795629255,26.0
known_mining_neutral_ratio_1_10,full_feature_graph_guided_m4,groupkfold_state_random_matched,2,Washington,RandomMatched_XGB,385,1331,407,37,370,0.9655953250547845,0.8300027186397152,0.7945945945945947,0.9166666666666666,0.5945945945945946,0.7213114754098361,368,2,15,22,1.0,0.13513513513513514,0.2380952380952381,11.0,1.0,0.9523809523809523,0.5405405405405406,0.6896551724137931,10.476190476190474,0.9681495182891753,0.6585365853658537,0.7297297297297297,0.6923076923076923,7.2439024390243905,0.8043616029780739,0.4146341463414634,0.918918918918919,0.5714285714285714,4.560975609756097,0.9198520140013726,27.0
known_mining_neutral_ratio_1_10,full_feature_graph_guided_m4,groupkfold_state_random_matched,2,Washington,RandomMatched_XGB,385,1331,407,37,370,0.9690284879474068,0.8649764079441284,0.7702702702702703,1.0,0.5405405405405406,0.7017543859649122,370,0,17,20,1.0,0.13513513513513514,0.2380952380952381,11.0,1.0,1.0,0.5675675675675675,0.7241379310344828,11.0,1.0,0.7073170731707317,0.7837837837837838,0.7435897435897435,7.780487804878049,0.8479321988785183,0.4146341463414634,0.918918918918919,0.5714285714285714,4.560975609756097,0.9277435553306058,28.0
known_mining_neutral_ratio_1_10,full_feature_graph_guided_m4,groupkfold_state_random_matched,2,Washington,RandomMatched_XGB,385,1331,407,37,370,0.952081811541271,0.755492479260817,0.672972972972973,0.8666666666666667,0.35135135135135137,0.5,368,2,24,13,1.0,0.13513513513513514,0.2380952380952381,11.0,1.0,0.9047619047619048,0.5135135135135135,0.6551724137931034,9.952380952380953,0.925794766252552,0.6097560975609756,0.6756756756756757,0.6410256410256411,6.7073170731707314,0.7557807111853533,0.4146341463414634,0.918918918918919,0.5714285714285714,4.560975609756097,0.8993440636978418,29.0
known_mining_neutral_ratio_1_10,full_feature_graph_guided_m4,groupkfold_state_random_matched,2,Washington,RandomMatched_XGB,385,1331,407,37,370,0.9506208911614318,0.8075180352876798,0.7027027027027027,1.0,0.40540540540540543,0.5769230769230769,370,0,22,15,1.0,0.13513513513513514,0.2380952380952381,11.0,1.0,1.0,0.5675675675675675,0.7241379310344828,11.0,1.0,0.6097560975609756,0.6756756756756757,0.6410256410256411,6.7073170731707314,0.770976050913522,0.4024390243902439,0.8918918918918919,0.5546218487394957,4.426829268292683,0.8997202276365852,30.0
known_mining_neutral_ratio_1_10,full_feature_graph_guided_m4,groupkfold_state_random_matched,2,Washington,RandomMatched_XGB,385,1331,407,37,370,0.951862673484295,0.7891146304006423,0.727027027027027,0.8947368421052632,0.4594594594594595,0.6071428571428571,368,2,20,17,1.0,0.13513513513513514,0.2380952380952381,11.0,1.0,0.9047619047619048,0.5135135135135135,0.6551724137931034,9.952380952380953,0.9303949042350694,0.6341463414634146,0.7027027027027027,0.6666666666666667,6.975609756097561,0.7792221404003098,0.4268292682926829,0.9459459459459459,0.588235294117647,4.695121951219512,0.9240530168281508,31.0
known_mining_neutral_ratio_1_10,full_feature_graph_guided_m4,groupkfold_state_random_matched,2,Washington,RandomMatched_XGB,385,1331,407,37,370,0.9534696859021183,0.8344382993344492,0.7810810810810811,0.9130434782608695,0.5675675675675675,0.7,368,2,16,21,1.0,0.13513513513513514,0.2380952380952381,11.0,1.0,0.9523809523809523,0.5405405405405406,0.6896551724137931,10.476190476190474,0.9691316061072882,0.6829268292682927,0.7567567567567568,0.7179487179487181,7.51219512195122,0.8247812278191872,0.4146341463414634,0.918918918918919,0.5714285714285714,4.560975609756097,0.9225286257770442,32.0
known_mining_neutral_ratio_1_10,full_feature_graph_guided_m4,groupkfold_state_random_matched,2,Washington,RandomMatched_XGB,385,1331,407,37,370,0.9618699780861942,0.8443694248158399,0.7837837837837838,1.0,0.5675675675675675,0.7241379310344828,370,0,16,21,1.0,0.13513513513513514,0.2380952380952381,11.0,1.0,1.0,0.5675675675675675,0.7241379310344828,11.0,1.0,0.6585365853658537,0.7297297297297297,0.6923076923076923,7.2439024390243905,0.8096238521310862,0.4146341463414634,0.918918918918919,0.5714285714285714,4.560975609756097,0.9239374147517719,33.0
known_mining_neutral_ratio_1_10,full_feature_graph_guided_m4,groupkfold_state_random_matched,2,Washington,RandomMatched_XGB,385,1331,407,37,370,0.9627465303140978,0.845614237146771,0.768918918918919,0.9523809523809523,0.5405405405405406,0.6896551724137931,369,1,17,20,1.0,0.13513513513513514,0.2380952380952381,11.0,1.0,0.9523809523809523,0.5405405405405406,0.6896551724137931,10.476190476190474,0.9691316061072882,0.6829268292682927,0.7567567567567568,0.7179487179487181,7.51219512195122,0.8240854797647142,0.4146341463414634,0.918918918918919,0.5714285714285714,4.560975609756097,0.924615882340195,34.0
known_mining_neutral_ratio_1_10,full_feature_graph_guided_m4,groupkfold_state_random_matched,2,Washington,RandomMatched_XGB,385,1331,407,37,370,0.939590942293645,0.7278094043524795,0.6608108108108108,0.9230769230769231,0.32432432432432434,0.48,369,1,25,12,1.0,0.13513513513513514,0.2380952380952381,11.0,1.0,0.8095238095238095,0.4594594594594595,0.5862068965517242,8.904761904761905,0.8580350518566096,0.6341463414634146,0.7027027027027027,0.6666666666666667,6.975609756097561,0.7668072586016506,0.3902439024390244,0.8648648648648649,0.5378151260504203,4.2926829268292686,0.8617856528923294,35.0
known_mining_neutral_ratio_1_10,full_feature_graph_guided_m4,groupkfold_state_random_matched,2,Washington,RandomMatched_XGB,385,1331,407,37,370,0.962527392257122,0.8196947821165961,0.7283783783783784,0.9444444444444444,0.4594594594594595,0.6181818181818182,369,1,20,17,1.0,0.13513513513513514,0.2380952380952381,11.0,1.0,0.9047619047619048,0.5135135135135135,0.6551724137931034,9.952380952380953,0.9325047890593875,0.6829268292682927,0.7567567567567568,0.7179487179487181,7.51219512195122,0.8177145507248912,0.4146341463414634,0.918918918918919,0.5714285714285714,4.560975609756097,0.9171612949051081,36.0
known_mining_neutral_ratio_1_10,full_feature_graph_guided_m4,groupkfold_state_random_matched,2,Washington,RandomMatched_XGB,385,1331,407,37,370,0.9631117604090578,0.840122202161595,0.7824324324324324,0.9545454545454546,0.5675675675675675,0.711864406779661,369,1,16,21,1.0,0.13513513513513514,0.2380952380952381,11.0,1.0,0.9523809523809523,0.5405405405405406,0.6896551724137931,10.476190476190474,0.9638448490987237,0.6829268292682927,0.7567567567567568,0.7179487179487181,7.51219512195122,0.8232261086368369,0.4146341463414634,0.918918918918919,0.5714285714285714,4.560975609756097,0.9220283308010188,37.0
known_mining_neutral_ratio_1_10,full_feature_graph_guided_m4,groupkfold_state_random_matched,2,Washington,RandomMatched_XGB,385,1331,407,37,370,0.9500365230094959,0.7670953578569049,0.7675675675675676,0.9090909090909091,0.5405405405405406,0.6779661016949152,368,2,17,20,1.0,0.13513513513513514,0.2380952380952381,11.0,1.0,0.9047619047619048,0.5135135135135135,0.6551724137931034,9.952380952380953,0.9329154905187435,0.5853658536585366,0.6486486486486487,0.6153846153846153,6.439024390243902,0.7437909321541338,0.4024390243902439,0.8918918918918919,0.5546218487394957,4.426829268292683,0.8887956437911245,38.0
known_mining_neutral_ratio_1_10,full_feature_graph_guided_m4,groupkfold_state_random_matched,2,Washington,RandomMatched_XGB,385,1331,407,37,370,0.9630387143900657,0.8520497213441565,0.768918918918919,0.9523809523809523,0.5405405405405406,0.6896551724137931,369,1,17,20,1.0,0.13513513513513514,0.2380952380952381,11.0,1.0,0.9523809523809523,0.5405405405405406,0.6896551724137931,10.476190476190474,0.9655861270645727,0.7073170731707317,0.7837837837837838,0.7435897435897435,7.780487804878049,0.8430315866631307,0.4146341463414634,0.918918918918919,0.5714285714285714,4.560975609756097,0.925700372900391,39.0
known_mining_neutral_ratio_1_10,full_feature_graph_guided_m4,groupkfold_state_random_matched,2,Washington,RandomMatched_XGB,385,1331,407,37,370,0.9529583637691745,0.7601119391324342,0.6743243243243243,0.9285714285714286,0.35135135135135137,0.5098039215686274,369,1,24,13,1.0,0.13513513513513514,0.2380952380952381,11.0,1.0,0.8571428571428571,0.4864864864864865,0.6206896551724138,9.428571428571427,0.8963531139858221,0.6341463414634146,0.7027027027027027,0.6666666666666667,6.975609756097561,0.7755571616502133,0.3902439024390244,0.8648648648648649,0.5378151260504203,4.2926829268292686,0.870078357958855,40.0
known_mining_neutral_ratio_1_10,full_feature_graph_guided_m4,groupkfold_state_random_matched,2,Washington,RandomMatched_XGB,385,1331,407,37,370,0.9428049671292914,0.7147643724445433,0.6594594594594595,0.8571428571428571,0.32432432432432434,0.47058823529411764,368,2,25,12,1.0,0.13513513513513514,0.2380952380952381,11.0,1.0,0.9047619047619048,0.5135135135135135,0.6551724137931034,9.952380952380953,0.9233275401474382,0.5853658536585366,0.6486486486486487,0.6153846153846153,6.439024390243902,0.7334587773679946,0.36585365853658536,0.8108108108108109,0.504201680672269,4.024390243902439,0.8280777862857063,41.0
known_mining_neutral_ratio_1_10,full_feature_graph_guided_m4,groupkfold_state_random_matched,2,Washington,RandomMatched_XGB,385,1331,407,37,370,0.9465303140978816,0.7124535677733408,0.6067567567567568,0.8888888888888888,0.21621621621621623,0.34782608695652173,369,1,29,8,1.0,0.13513513513513514,0.2380952380952381,11.0,1.0,0.8571428571428571,0.4864864864864865,0.6206896551724138,9.428571428571427,0.8803971006600106,0.5853658536585366,0.6486486486486487,0.6153846153846153,6.439024390243902,0.7271043305727738,0.4024390243902439,0.8918918918918919,0.5546218487394957,4.426829268292683,0.8686275918712747,42.0
known_mining_neutral_ratio_1_10,full_feature_graph_guided_m4,groupkfold_state_random_matched,2,Washington,RandomMatched_XGB,385,1331,407,37,370,0.97063550036523,0.8718736642874734,0.6891891891891893,1.0,0.3783783783783784,0.5490196078431373,370,0,23,14,1.0,0.13513513513513514,0.2380952380952381,11.0,1.0,1.0,0.5675675675675675,0.7241379310344828,11.0,1.0,0.6829268292682927,0.7567567567567568,0.7179487179487181,7.51219512195122,0.8310153735633434,0.4146341463414634,0.918918918918919,0.5714285714285714,4.560975609756097,0.9291794798042319,43.0
known_mining_neutral_ratio_1_10,full_feature_graph_guided_m4,groupkfold_state_random_matched,2,Washington,RandomMatched_XGB,385,1331,407,37,370,0.951935719503287,0.803957878702177,0.7540540540540541,0.9047619047619048,0.5135135135135135,0.6551724137931034,368,2,18,19,1.0,0.13513513513513514,0.2380952380952381,11.0,1.0,0.9047619047619048,0.5135135135135135,0.6551724137931034,9.952380952380953,0.9325746240533443,0.6585365853658537,0.7297297297297297,0.6923076923076923,7.2439024390243905,0.7991361827223872,0.4146341463414634,0.918918918918919,0.5714285714285714,4.560975609756097,0.9144547583883529,44.0
known_mining_neutral_ratio_1_10,full_feature_graph_guided_m4,groupkfold_state_random_matched,2,Washington,RandomMatched_XGB,385,1331,407,37,370,0.9520818115412709,0.7833503496817524,0.7675675675675676,0.9090909090909091,0.5405405405405406,0.6779661016949152,368,2,17,20,1.0,0.13513513513513514,0.2380952380952381,11.0,1.0,0.9047619047619048,0.5135135135135135,0.6551724137931034,9.952380952380953,0.9333110063086114,0.6097560975609756,0.6756756756756757,0.6410256410256411,6.7073170731707314,0.761969523557268,0.4146341463414634,0.918918918918919,0.5714285714285714,4.560975609756097,0.9080340823649314,45.0
known_mining_neutral_ratio_1_10,full_feature_graph_guided_m4,groupkfold_state_random_matched,2,Washington,RandomMatched_XGB,385,1331,407,37,370,0.9471146822498173,0.7796553920439876,0.7391891891891892,0.8571428571428571,0.4864864864864865,0.6206896551724138,367,3,19,18,1.0,0.13513513513513514,0.2380952380952381,11.0,1.0,0.8571428571428571,0.4864864864864865,0.6206896551724138,9.428571428571427,0.8941062175248358,0.6341463414634146,0.7027027027027027,0.6666666666666667,6.975609756097561,0.7749212587279606,0.4146341463414634,0.918918918918919,0.5714285714285714,4.560975609756097,0.9063915968745595,46.0
known_mining_neutral_ratio_1_10,full_feature_graph_guided_m4,groupkfold_state_random_matched,2,Washington,RandomMatched_XGB,385,1331,407,37,370,0.9449963476990504,0.725689841318041,0.7283783783783784,0.9444444444444444,0.4594594594594595,0.6181818181818182,369,1,20,17,1.0,0.13513513513513514,0.2380952380952381,11.0,1.0,0.8571428571428571,0.4864864864864865,0.6206896551724138,9.428571428571427,0.8919063821540488,0.5853658536585366,0.6486486486486487,0.6153846153846153,6.439024390243902,0.7332087150905097,0.3780487804878049,0.8378378378378378,0.5210084033613445,4.158536585365853,0.8450869687681611,47.0
known_mining_neutral_ratio_1_10,full_feature_graph_guided_m4,groupkfold_state_random_matched,2,Washington,RandomMatched_XGB,385,1331,407,37,370,0.9607012417823229,0.801345559405069,0.727027027027027,0.8947368421052632,0.4594594594594595,0.6071428571428571,368,2,20,17,1.0,0.13513513513513514,0.2380952380952381,11.0,1.0,0.9047619047619048,0.5135135135135135,0.6551724137931034,9.952380952380953,0.9285904686372844,0.6341463414634146,0.7027027027027027,0.6666666666666667,6.975609756097561,0.7791919802138645,0.4146341463414634,0.918918918918919,0.5714285714285714,4.560975609756097,0.9116723709372384,48.0
known_mining_neutral_ratio_1_10,full_feature_graph_guided_m4,groupkfold_state_random_matched,2,Washington,RandomMatched_XGB,385,1331,407,37,370,0.9476990504017532,0.7816917900820034,0.6621621621621622,1.0,0.32432432432432434,0.4897959183673469,370,0,25,12,1.0,0.13513513513513514,0.2380952380952381,11.0,1.0,0.9047619047619048,0.5135135135135135,0.6551724137931034,9.952380952380953,0.9349824492805036,0.6341463414634146,0.7027027027027027,0.6666666666666667,6.975609756097561,0.7830991694645836,0.4024390243902439,0.8918918918918919,0.5546218487394957,4.426829268292683,0.8929699464984969,49.0
known_mining_neutral_ratio_1_10,full_feature_graph_guided_m4,groupkfold_state_random_matched,2,Washington,RandomMatched_XGB,385,1331,407,37,370,0.9620160701241782,0.80299059760907,0.7540540540540541,0.9047619047619048,0.5135135135135135,0.6551724137931034,368,2,18,19,1.0,0.13513513513513514,0.2380952380952381,11.0,1.0,0.9047619047619048,0.5135135135135135,0.6551724137931034,9.952380952380953,0.9319318400722236,0.6097560975609756,0.6756756756756757,0.6410256410256411,6.7073170731707314,0.763938591959392,0.4268292682926829,0.9459459459459459,0.588235294117647,4.695121951219512,0.9264479894762134,50.0
known_mining_neutral_ratio_1_10,full_feature_graph_guided_m4,groupkfold_state_random_matched,2,Washington,RandomMatched_XGB,385,1331,407,37,370,0.9620160701241782,0.8166136309680563,0.7027027027027027,1.0,0.40540540540540543,0.5769230769230769,370,0,22,15,1.0,0.13513513513513514,0.2380952380952381,11.0,1.0,1.0,0.5675675675675675,0.7241379310344828,11.0,1.0,0.6585365853658537,0.7297297297297297,0.6923076923076923,7.2439024390243905,0.8050917851079121,0.4268292682926829,0.9459459459459459,0.588235294117647,4.695121951219512,0.9302933903337502,51.0
known_mining_neutral_ratio_1_10,full_feature_graph_guided_m4,groupkfold_state_random_matched,2,Washington,RandomMatched_XGB,385,1331,407,37,370,0.9639883126369613,0.8189711722702931,0.7283783783783784,0.9444444444444444,0.4594594594594595,0.6181818181818182,369,1,20,17,1.0,0.13513513513513514,0.2380952380952381,11.0,1.0,0.9523809523809523,0.5405405405405406,0.6896551724137931,10.476190476190474,0.9663225093198398,0.6585365853658537,0.7297297297297297,0.6923076923076923,7.2439024390243905,0.8042729090127906,0.4146341463414634,0.918918918918919,0.5714285714285714,4.560975609756097,0.9158456260376964,52.0
known_mining_neutral_ratio_1_10,full_feature_graph_guided_m4,groupkfold_state_random_matched,2,Washington,RandomMatched_XGB,385,1331,407,37,370,0.9575602629656683,0.8026489493014637,0.6756756756756757,1.0,0.35135135135135137,0.52,370,0,24,13,1.0,0.13513513513513514,0.2380952380952381,11.0,1.0,0.9047619047619048,0.5135135135135135,0.6551724137931034,9.952380952380953,0.931088481549408,0.6829268292682927,0.7567567567567568,0.7179487179487181,7.51219512195122,0.8168649375871695,0.4146341463414634,0.918918918918919,0.5714285714285714,4.560975609756097,0.9130082464253642,53.0
known_mining_neutral_ratio_1_10,full_feature_graph_guided_m4,groupkfold_state_random_matched,2,Washington,RandomMatched_XGB,385,1331,407,37,370,0.9589481373265156,0.805102985861538,0.7824324324324324,0.9545454545454546,0.5675675675675675,0.711864406779661,369,1,16,21,1.0,0.13513513513513514,0.2380952380952381,11.0,1.0,0.9523809523809523,0.5405405405405406,0.6896551724137931,10.476190476190474,0.9669884969887717,0.6585365853658537,0.7297297297297297,0.6923076923076923,7.2439024390243905,0.8037471111924972,0.3902439024390244,0.8648648648648649,0.5378151260504203,4.2926829268292686,0.8829698441642163,54.0
known_mining_neutral_ratio_1_10,full_feature_graph_guided_m4,groupkfold_state_random_matched,2,Washington,RandomMatched_XGB,385,1331,407,37,370,0.935281227173119,0.7166584150150255,0.7405405405405405,0.9,0.4864864864864865,0.631578947368421,368,2,19,18,1.0,0.13513513513513514,0.2380952380952381,11.0,1.0,0.9047619047619048,0.5135135135135135,0.6551724137931034,9.952380952380953,0.9157168077346097,0.5853658536585366,0.6486486486486487,0.6153846153846153,6.439024390243902,0.728190861592809,0.4024390243902439,0.8918918918918919,0.5546218487394957,4.426829268292683,0.871987261127916,55.0
known_mining_neutral_ratio_1_10,full_feature_graph_guided_m4,groupkfold_state_random_matched,2,Washington,RandomMatched_XGB,385,1331,407,37,370,0.9492330168005844,0.7439236297869354,0.6608108108108108,0.9230769230769231,0.32432432432432434,0.48,369,1,25,12,1.0,0.13513513513513514,0.2380952380952381,11.0,1.0,0.9047619047619048,0.5135135135135135,0.6551724137931034,9.952380952380953,0.9302619116091765,0.5853658536585366,0.6486486486486487,0.6153846153846153,6.439024390243902,0.7385482312066147,0.4146341463414634,0.918918918918919,0.5714285714285714,4.560975609756097,0.8957918586871618,56.0
known_mining_neutral_ratio_1_10,full_feature_graph_guided_m4,groupkfold_state_random_matched,2,Washington,RandomMatched_XGB,385,1331,407,37,370,0.950036523009496,0.7472064465117473,0.6594594594594595,0.8571428571428571,0.32432432432432434,0.47058823529411764,368,2,25,12,1.0,0.13513513513513514,0.2380952380952381,11.0,1.0,0.9047619047619048,0.5135135135135135,0.6551724137931034,9.952380952380953,0.9213618018828055,0.6097560975609756,0.6756756756756757,0.6410256410256411,6.7073170731707314,0.7518872671645801,0.4146341463414634,0.918918918918919,0.5714285714285714,4.560975609756097,0.8961768631228383,57.0
known_mining_neutral_ratio_1_10,full_feature_graph_guided_m4,groupkfold_state_random_matched,2,Washington,RandomMatched_XGB,385,1331,407,37,370,0.937618699780862,0.611137832006303,0.6189189189189189,0.8181818181818182,0.24324324324324326,0.375,368,2,28,9,0.8,0.10810810810810811,0.19047619047619047,8.8,0.8687949224876582,0.6666666666666666,0.3783783783783784,0.48275862068965514,7.333333333333333,0.7349602183263314,0.5609756097560976,0.6216216216216216,0.5897435897435899,6.170731707317073,0.6770901437079012,0.3780487804878049,0.8378378378378378,0.5210084033613445,4.158536585365853,0.8041292186764121,58.0
known_mining_neutral_ratio_1_10,full_feature_graph_guided_m4,groupkfold_state_random_matched,2,Washington,RandomMatched_XGB,385,1331,407,37,370,0.9493060628195763,0.7571971135416302,0.7675675675675676,0.9090909090909091,0.5405405405405406,0.6779661016949152,368,2,17,20,1.0,0.13513513513513514,0.2380952380952381,11.0,1.0,0.9047619047619048,0.5135135135135135,0.6551724137931034,9.952380952380953,0.926645083063659,0.6097560975609756,0.6756756756756757,0.6410256410256411,6.7073170731707314,0.7599106318053487,0.3780487804878049,0.8378378378378378,0.5210084033613445,4.158536585365853,0.8546691507918749,59.0
known_mining_neutral_ratio_1_10,full_feature_graph_guided_m4,groupkfold_state_random_matched,2,Washington,RandomMatched_XGB,385,1331,407,37,370,0.9338933528122718,0.6890964707311916,0.645945945945946,0.8461538461538461,0.2972972972972973,0.44,368,2,26,11,1.0,0.13513513513513514,0.2380952380952381,11.0,1.0,0.8095238095238095,0.4594594594594595,0.5862068965517242,8.904761904761905,0.8502741104546399,0.5609756097560976,0.6216216216216216,0.5897435897435899,6.170731707317073,0.7044435815510525,0.4024390243902439,0.8918918918918919,0.5546218487394957,4.426829268292683,0.8642957321186572,60.0
known_mining_neutral_ratio_1_10,full_feature_graph_guided_m4,groupkfold_state_random_matched,2,Washington,RandomMatched_XGB,385,1331,407,37,370,0.9509861212563915,0.7509029446228721,0.7540540540540541,0.9047619047619048,0.5135135135135135,0.6551724137931034,368,2,18,19,1.0,0.13513513513513514,0.2380952380952381,11.0,1.0,0.9047619047619048,0.5135135135135135,0.6551724137931034,9.952380952380953,0.9228970365786625,0.6097560975609756,0.6756756756756757,0.6410256410256411,6.7073170731707314,0.7539701429929003,0.4146341463414634,0.918918918918919,0.5714285714285714,4.560975609756097,0.8967246804658632,61.0
known_mining_neutral_ratio_1_10,full_feature_graph_guided_m4,groupkfold_state_random_matched,2,Washington,RandomMatched_XGB,385,1331,407,37,370,0.9471146822498174,0.7161987066570422,0.6472972972972973,0.9166666666666666,0.2972972972972973,0.4489795918367347,369,1,26,11,1.0,0.13513513513513514,0.2380952380952381,11.0,1.0,0.7142857142857143,0.40540540540540543,0.5172413793103449,7.857142857142857,0.7956963889506569,0.5853658536585366,0.6486486486486487,0.6153846153846153,6.439024390243902,0.7272867845731131,0.3902439024390244,0.8648648648648649,0.5378151260504203,4.2926829268292686,0.8572698199857425,62.0
known_mining_neutral_ratio_1_10,full_feature_graph_guided_m4,groupkfold_state_random_matched,2,Washington,RandomMatched_XGB,385,1331,407,37,370,0.9539079620160702,0.7692384161508261,0.7135135135135136,0.8888888888888888,0.43243243243243246,0.5818181818181818,368,2,21,16,1.0,0.13513513513513514,0.2380952380952381,11.0,1.0,0.9047619047619048,0.5135135135135135,0.6551724137931034,9.952380952380953,0.9233275401474382,0.6097560975609756,0.6756756756756757,0.6410256410256411,6.7073170731707314,0.7552960589589959,0.4146341463414634,0.918918918918919,0.5714285714285714,4.560975609756097,0.9030675922618832,63.0
known_mining_neutral_ratio_1_10,full_feature_graph_guided_m4,groupkfold_state_random_matched,2,Washington,RandomMatched_XGB,385,1331,407,37,370,0.9420745069393717,0.7583265629688664,0.6189189189189189,0.8181818181818182,0.24324324324324326,0.375,368,2,28,9,1.0,0.13513513513513514,0.2380952380952381,11.0,1.0,0.9047619047619048,0.5135135135135135,0.6551724137931034,9.952380952380953,0.9201635395663829,0.6341463414634146,0.7027027027027027,0.6666666666666667,6.975609756097561,0.7732662743310725,0.4146341463414634,0.918918918918919,0.5714285714285714,4.560975609756097,0.8995849774715741,64.0
known_mining_neutral_ratio_1_10,full_feature_graph_guided_m4,groupkfold_state_random_matched,2,Washington,RandomMatched_XGB,385,1331,407,37,370,0.9485025566106646,0.7692761670686838,0.7148648648648649,0.9411764705882353,0.43243243243243246,0.5925925925925926,369,1,21,16,1.0,0.13513513513513514,0.2380952380952381,11.0,1.0,0.9047619047619048,0.5135135135135135,0.6551724137931034,9.952380952380953,0.9288685791486431,0.6097560975609756,0.6756756756756757,0.6410256410256411,6.7073170731707314,0.7579530562465225,0.4146341463414634,0.918918918918919,0.5714285714285714,4.560975609756097,0.9040906386418007,65.0
known_mining_neutral_ratio_1_10,full_feature_graph_guided_m4,groupkfold_state_random_matched,2,Washington,RandomMatched_XGB,385,1331,407,37,370,0.9581446311176041,0.8302974416549316,0.7554054054054054,0.95,0.5135135135135135,0.6666666666666666,369,1,18,19,1.0,0.13513513513513514,0.2380952380952381,11.0,1.0,0.9523809523809523,0.5405405405405406,0.6896551724137931,10.476190476190474,0.9655861270645727,0.6829268292682927,0.7567567567567568,0.7179487179487181,7.51219512195122,0.819488855370568,0.4146341463414634,0.918918918918919,0.5714285714285714,4.560975609756097,0.9208870170054562,66.0
known_mining_neutral_ratio_1_10,full_feature_graph_guided_m4,groupkfold_state_random_matched,2,Washington,RandomMatched_XGB,385,1331,407,37,370,0.9612856099342586,0.8350251259731474,0.7675675675675676,0.9090909090909091,0.5405405405405406,0.6779661016949152,368,2,17,20,1.0,0.13513513513513514,0.2380952380952381,11.0,1.0,0.9047619047619048,0.5135135135135135,0.6551724137931034,9.952380952380953,0.9297887309537071,0.7073170731707317,0.7837837837837838,0.7435897435897435,7.780487804878049,0.837929544205582,0.4146341463414634,0.918918918918919,0.5714285714285714,4.560975609756097,0.9214643518243971,67.0
known_mining_neutral_ratio_1_10,full_feature_graph_guided_m4,groupkfold_state_random_matched,2,Washington,RandomMatched_XGB,385,1331,407,37,370,0.9566837107377648,0.7653410456117022,0.672972972972973,0.8666666666666667,0.35135135135135137,0.5,368,2,24,13,1.0,0.13513513513513514,0.2380952380952381,11.0,1.0,0.9047619047619048,0.5135135135135135,0.6551724137931034,9.952380952380953,0.9218106108364922,0.6097560975609756,0.6756756756756757,0.6410256410256411,6.7073170731707314,0.7533543054920117,0.4268292682926829,0.9459459459459459,0.588235294117647,4.695121951219512,0.9156135202904879,68.0
known_mining_neutral_ratio_1_10,full_feature_graph_guided_m4,groupkfold_state_random_matched,2,Washington,RandomMatched_XGB,385,1331,407,37,370,0.9559532505478452,0.8156692193405669,0.768918918918919,0.9523809523809523,0.5405405405405406,0.6896551724137931,369,1,17,20,1.0,0.13513513513513514,0.2380952380952381,11.0,1.0,0.9523809523809523,0.5405405405405406,0.6896551724137931,10.476190476190474,0.9638448490987237,0.7073170731707317,0.7837837837837838,0.7435897435897435,7.780487804878049,0.835896781441526,0.4146341463414634,0.918918918918919,0.5714285714285714,4.560975609756097,0.9171234107139934,69.0
known_mining_neutral_ratio_1_10,full_feature_graph_guided_m4,groupkfold_state_random_matched,2,Washington,RandomMatched_XGB,385,1331,407,37,370,0.9594594594594594,0.7986411510196174,0.768918918918919,0.9523809523809523,0.5405405405405406,0.6896551724137931,369,1,17,20,1.0,0.13513513513513514,0.2380952380952381,11.0,1.0,0.9523809523809523,0.5405405405405406,0.6896551724137931,10.476190476190474,0.9663225093198398,0.6097560975609756,0.6756756756756757,0.6410256410256411,6.7073170731707314,0.7638358261286753,0.4146341463414634,0.918918918918919,0.5714285714285714,4.560975609756097,0.9116738070737795,70.0
known_mining_neutral_ratio_1_10,full_feature_graph_guided_m4,groupkfold_state_random_matched,2,Washington,RandomMatched_XGB,385,1331,407,37,370,0.960409057706355,0.8159499337678526,0.7702702702702703,1.0,0.5405405405405406,0.7017543859649122,370,0,17,20,1.0,0.13513513513513514,0.2380952380952381,11.0,1.0,1.0,0.5675675675675675,0.7241379310344828,11.0,1.0,0.6585365853658537,0.7297297297297297,0.6923076923076923,7.2439024390243905,0.8055295009188317,0.4146341463414634,0.918918918918919,0.5714285714285714,4.560975609756097,0.9159047561381489,71.0
known_mining_neutral_ratio_1_10,full_feature_graph_guided_m4,groupkfold_state_random_matched,2,Washington,RandomMatched_XGB,385,1331,407,37,370,0.9578524470416363,0.8293959627997526,0.6891891891891893,1.0,0.3783783783783784,0.5490196078431373,370,0,23,14,1.0,0.13513513513513514,0.2380952380952381,11.0,1.0,0.9523809523809523,0.5405405405405406,0.6896551724137931,10.476190476190474,0.9686599399606638,0.7073170731707317,0.7837837837837838,0.7435897435897435,7.780487804878049,0.841803228862068,0.4024390243902439,0.8918918918918919,0.5546218487394957,4.426829268292683,0.9055518237033674,72.0
known_mining_neutral_ratio_1_10,full_feature_graph_guided_m4,groupkfold_state_random_matched,2,Washington,RandomMatched_XGB,385,1331,407,37,370,0.9554419284149014,0.7837295165771363,0.6608108108108108,0.9230769230769231,0.32432432432432434,0.48,369,1,25,12,1.0,0.13513513513513514,0.2380952380952381,11.0,1.0,0.9047619047619048,0.5135135135135135,0.6551724137931034,9.952380952380953,0.9329764552060119,0.6585365853658537,0.7297297297297297,0.6923076923076923,7.2439024390243905,0.7973008480293482,0.4024390243902439,0.8918918918918919,0.5546218487394957,4.426829268292683,0.8927265513458505,73.0
known_mining_neutral_ratio_1_10,full_feature_graph_guided_m4,groupkfold_state_random_matched,2,Washington,RandomMatched_XGB,385,1331,407,37,370,0.9319941563184807,0.7533869122937445,0.7675675675675676,0.9090909090909091,0.5405405405405406,0.6779661016949152,368,2,17,20,1.0,0.13513513513513514,0.2380952380952381,11.0,1.0,0.9047619047619048,0.5135135135135135,0.6551724137931034,9.952380952380953,0.918880808315665,0.6097560975609756,0.6756756756756757,0.6410256410256411,6.7073170731707314,0.7522297761744179,0.4146341463414634,0.918918918918919,0.5714285714285714,4.560975609756097,0.8981860860435018,74.0
known_mining_neutral_ratio_1_10,full_feature_graph_guided_m4,groupkfold_state_random_matched,2,Washington,RandomMatched_XGB,385,1331,407,37,370,0.954127100073046,0.7719857256400174,0.7283783783783784,0.9444444444444444,0.4594594594594595,0.6181818181818182,369,1,20,17,1.0,0.13513513513513514,0.2380952380952381,11.0,1.0,0.8571428571428571,0.4864864864864865,0.6206896551724138,9.428571428571427,0.9023955853144118,0.6097560975609756,0.6756756756756757,0.6410256410256411,6.7073170731707314,0.7608544313596571,0.4146341463414634,0.918918918918919,0.5714285714285714,4.560975609756097,0.9044234357951557,75.0
known_mining_neutral_ratio_1_10,full_feature_graph_guided_m4,groupkfold_state_random_matched,2,Washington,RandomMatched_XGB,385,1331,407,37,370,0.9685171658144631,0.8549989551348316,0.7702702702702703,1.0,0.5405405405405406,0.7017543859649122,370,0,17,20,1.0,0.13513513513513514,0.2380952380952381,11.0,1.0,1.0,0.5675675675675675,0.7241379310344828,11.0,1.0,0.7073170731707317,0.7837837837837838,0.7435897435897435,7.780487804878049,0.845587055601915,0.4024390243902439,0.8918918918918919,0.5546218487394957,4.426829268292683,0.9105665640188723,76.0
known_mining_neutral_ratio_1_10,full_feature_graph_guided_m4,groupkfold_state_random_matched,2,Washington,RandomMatched_XGB,385,1331,407,37,370,0.9504747991234477,0.7441899345780314,0.7000000000000001,0.8823529411764706,0.40540540540540543,0.5555555555555556,368,2,22,15,1.0,0.13513513513513514,0.2380952380952381,11.0,1.0,0.9047619047619048,0.5135135135135135,0.6551724137931034,9.952380952380953,0.9224064170165938,0.5853658536585366,0.6486486486486487,0.6153846153846153,6.439024390243902,0.7320610066664756,0.4146341463414634,0.918918918918919,0.5714285714285714,4.560975609756097,0.8956487758958915,77.0
known_mining_neutral_ratio_1_10,full_feature_graph_guided_m4,groupkfold_state_random_matched,2,Washington,RandomMatched_XGB,385,1331,407,37,370,0.9597516435354273,0.824918359629093,0.7027027027027027,1.0,0.40540540540540543,0.5769230769230769,370,0,22,15,1.0,0.13513513513513514,0.2380952380952381,11.0,1.0,1.0,0.5675675675675675,0.7241379310344828,11.0,1.0,0.6829268292682927,0.7567567567567568,0.7179487179487181,7.51219512195122,0.824390192740115,0.4024390243902439,0.8918918918918919,0.5546218487394957,4.426829268292683,0.9039401496238468,78.0
known_mining_neutral_ratio_1_10,full_feature_graph_guided_m4,groupkfold_state_random_matched,2,Washington,RandomMatched_XGB,385,1331,407,37,370,0.9490869247626005,0.8261450531194844,0.7027027027027027,1.0,0.40540540540540543,0.5769230769230769,370,0,22,15,1.0,0.13513513513513514,0.2380952380952381,11.0,1.0,1.0,0.5675675675675675,0.7241379310344828,11.0,1.0,0.7073170731707317,0.7837837837837838,0.7435897435897435,7.780487804878049,0.842639082909717,0.4024390243902439,0.8918918918918919,0.5546218487394957,4.426829268292683,0.9057573435694556,79.0
known_mining_neutral_ratio_1_10,full_feature_graph_guided_m4,groupkfold_state_random_matched,2,Washington,RandomMatched_XGB,385,1331,407,37,370,0.9661066471877282,0.8383381184484396,0.7162162162162162,1.0,0.43243243243243246,0.6037735849056604,370,0,21,16,1.0,0.13513513513513514,0.2380952380952381,11.0,1.0,1.0,0.5675675675675675,0.7241379310344828,11.0,1.0,0.6829268292682927,0.7567567567567568,0.7179487179487181,7.51219512195122,0.8260466909993899,0.4146341463414634,0.918918918918919,0.5714285714285714,4.560975609756097,0.9210351988036745,80.0
known_mining_neutral_ratio_1_10,full_feature_graph_guided_m4,groupkfold_state_random_matched,2,Washington,RandomMatched_XGB,385,1331,407,37,370,0.9623082542001461,0.8200646091859862,0.7945945945945947,0.9166666666666666,0.5945945945945946,0.7213114754098361,368,2,15,22,1.0,0.13513513513513514,0.2380952380952381,11.0,1.0,0.9523809523809523,0.5405405405405406,0.6896551724137931,10.476190476190474,0.9655861270645727,0.6585365853658537,0.7297297297297297,0.6923076923076923,7.2439024390243905,0.8054510537064079,0.4146341463414634,0.918918918918919,0.5714285714285714,4.560975609756097,0.9162485929730143,81.0
known_mining_neutral_ratio_1_10,full_feature_graph_guided_m4,groupkfold_state_random_matched,2,Washington,RandomMatched_XGB,385,1331,407,37,370,0.9324324324324325,0.7634460260324398,0.7000000000000001,0.8823529411764706,0.40540540540540543,0.5555555555555556,368,2,22,15,1.0,0.13513513513513514,0.2380952380952381,11.0,1.0,0.9047619047619048,0.5135135135135135,0.6551724137931034,9.952380952380953,0.9255500649066417,0.6341463414634146,0.7027027027027027,0.6666666666666667,6.975609756097561,0.7753474341124452,0.4024390243902439,0.8918918918918919,0.5546218487394957,4.426829268292683,0.8875154890413001,82.0
known_mining_neutral_ratio_1_10,full_feature_graph_guided_m4,groupkfold_state_random_matched,2,Washington,RandomMatched_XGB,385,1331,407,37,370,0.9555880204528853,0.8267287624963344,0.741891891891892,0.9473684210526315,0.4864864864864865,0.6428571428571429,369,1,19,18,1.0,0.13513513513513514,0.2380952380952381,11.0,1.0,0.9047619047619048,0.5135135135135135,0.6551724137931034,9.952380952380953,0.9293402452952676,0.7073170731707317,0.7837837837837838,0.7435897435897435,7.780487804878049,0.8366179684225198,0.4146341463414634,0.918918918918919,0.5714285714285714,4.560975609756097,0.9188576588196993,83.0
known_mining_neutral_ratio_1_10,full_feature_graph_guided_m4,groupkfold_state_random_matched,2,Washington,RandomMatched_XGB,385,1331,407,37,370,0.9597516435354274,0.8354622424247928,0.7810810810810811,0.9130434782608695,0.5675675675675675,0.7,368,2,16,21,1.0,0.13513513513513514,0.2380952380952381,11.0,1.0,0.9523809523809523,0.5405405405405406,0.6896551724137931,10.476190476190474,0.9686599399606638,0.6829268292682927,0.7567567567567568,0.7179487179487181,7.51219512195122,0.822793513481245,0.4268292682926829,0.9459459459459459,0.588235294117647,4.695121951219512,0.9365906152758108,84.0
known_mining_neutral_ratio_1_10,full_feature_graph_guided_m4,groupkfold_state_random_matched,2,Washington,RandomMatched_XGB,385,1331,407,37,370,0.9530314097881666,0.8373982676533404,0.6486486486486487,1.0,0.2972972972972973,0.4583333333333333,370,0,26,11,1.0,0.13513513513513514,0.2380952380952381,11.0,1.0,0.9523809523809523,0.5405405405405406,0.6896551724137931,10.476190476190474,0.9686599399606638,0.7073170731707317,0.7837837837837838,0.7435897435897435,7.780487804878049,0.8431286507512066,0.4146341463414634,0.918918918918919,0.5714285714285714,4.560975609756097,0.9229990342968539,85.0
known_mining_neutral_ratio_1_10,full_feature_graph_guided_m4,groupkfold_state_random_matched,2,Washington,RandomMatched_XGB,385,1331,407,37,370,0.9559532505478452,0.8222583342417672,0.7675675675675676,0.9090909090909091,0.5405405405405406,0.6779661016949152,368,2,17,20,1.0,0.13513513513513514,0.2380952380952381,11.0,1.0,0.9047619047619048,0.5135135135135135,0.6551724137931034,9.952380952380953,0.9317544692183398,0.7073170731707317,0.7837837837837838,0.7435897435897435,7.780487804878049,0.836821314453301,0.4146341463414634,0.918918918918919,0.5714285714285714,4.560975609756097,0.9185519580088062,86.0
known_mining_neutral_ratio_1_10,full_feature_graph_guided_m4,groupkfold_state_random_matched,2,Washington,RandomMatched_XGB,385,1331,407,37,370,0.9591672753834917,0.8096820801258636,0.7283783783783784,0.9444444444444444,0.4594594594594595,0.6181818181818182,369,1,20,17,1.0,0.13513513513513514,0.2380952380952381,11.0,1.0,0.9523809523809523,0.5405405405405406,0.6896551724137931,10.476190476190474,0.9638448490987237,0.6585365853658537,0.7297297297297297,0.6923076923076923,7.2439024390243905,0.803139922075239,0.4146341463414634,0.918918918918919,0.5714285714285714,4.560975609756097,0.9137156633842528,87.0
known_mining_neutral_ratio_1_10,full_feature_graph_guided_m4,groupkfold_state_random_matched,2,Washington,RandomMatched_XGB,385,1331,407,37,370,0.9482103725346969,0.7844500028875613,0.6608108108108108,0.9230769230769231,0.32432432432432434,0.48,369,1,25,12,1.0,0.13513513513513514,0.2380952380952381,11.0,1.0,0.9047619047619048,0.5135135135135135,0.6551724137931034,9.952380952380953,0.9309497522541107,0.6341463414634146,0.7027027027027027,0.6666666666666667,6.975609756097561,0.7827695206316908,0.4024390243902439,0.8918918918918919,0.5546218487394957,4.426829268292683,0.8928223527384234,88.0
known_mining_neutral_ratio_1_10,full_feature_graph_guided_m4,groupkfold_state_random_matched,2,Washington,RandomMatched_XGB,385,1331,407,37,370,0.9529583637691745,0.813258788852195,0.7135135135135136,0.8888888888888888,0.43243243243243246,0.5818181818181818,368,2,21,16,1.0,0.13513513513513514,0.2380952380952381,11.0,1.0,0.9047619047619048,0.5135135135135135,0.6551724137931034,9.952380952380953,0.9317544692183398,0.6829268292682927,0.7567567567567568,0.7179487179487181,7.51219512195122,0.8166803664724382,0.4146341463414634,0.918918918918919,0.5714285714285714,4.560975609756097,0.916327931000955,89.0
known_mining_neutral_ratio_1_10,full_feature_graph_guided_m4,groupkfold_state_random_matched,2,Washington,RandomMatched_XGB,385,1331,407,37,370,0.9473338203067933,0.8261888195436782,0.7810810810810811,0.9130434782608695,0.5675675675675675,0.7,368,2,16,21,1.0,0.13513513513513514,0.2380952380952381,11.0,1.0,0.9047619047619048,0.5135135135135135,0.6551724137931034,9.952380952380953,0.9285904686372844,0.7317073170731707,0.8108108108108109,0.7692307692307694,8.048780487804878,0.853153953160004,0.4146341463414634,0.918918918918919,0.5714285714285714,4.560975609756097,0.9195403109781244,90.0
known_mining_neutral_ratio_1_10,full_feature_graph_guided_m4,groupkfold_state_random_matched,2,Washington,RandomMatched_XGB,385,1331,407,37,370,0.9687363038714389,0.8687757173620573,0.7432432432432432,1.0,0.4864864864864865,0.6545454545454545,370,0,19,18,1.0,0.13513513513513514,0.2380952380952381,11.0,1.0,1.0,0.5675675675675675,0.7241379310344828,11.0,1.0,0.7073170731707317,0.7837837837837838,0.7435897435897435,7.780487804878049,0.8452099204852065,0.4146341463414634,0.918918918918919,0.5714285714285714,4.560975609756097,0.9295901767078718,91.0
known_mining_neutral_ratio_1_10,full_feature_graph_guided_m4,groupkfold_state_random_matched,2,Washington,RandomMatched_XGB,385,1331,407,37,370,0.95836376917458,0.8052949178589993,0.7432432432432432,1.0,0.4864864864864865,0.6545454545454545,370,0,19,18,1.0,0.13513513513513514,0.2380952380952381,11.0,1.0,0.9523809523809523,0.5405405405405406,0.6896551724137931,10.476190476190474,0.9681495182891753,0.6585365853658537,0.7297297297297297,0.6923076923076923,7.2439024390243905,0.8040882471408912,0.4024390243902439,0.8918918918918919,0.5546218487394957,4.426829268292683,0.8980118556357968,92.0
known_mining_neutral_ratio_1_10,full_feature_graph_guided_m4,groupkfold_state_random_matched,2,Washington,RandomMatched_XGB,385,1331,407,37,370,0.9582907231555879,0.7800927702107536,0.7675675675675676,0.9090909090909091,0.5405405405405406,0.6779661016949152,368,2,17,20,1.0,0.13513513513513514,0.2380952380952381,11.0,1.0,0.9523809523809523,0.5405405405405406,0.6896551724137931,10.476190476190474,0.9647659722295682,0.6341463414634146,0.7027027027027027,0.6666666666666667,6.975609756097561,0.7798835699329184,0.4024390243902439,0.8918918918918919,0.5546218487394957,4.426829268292683,0.8908738668880933,93.0
known_mining_neutral_ratio_1_10,full_feature_graph_guided_m4,groupkfold_state_random_matched,2,Washington,RandomMatched_XGB,385,1331,407,37,370,0.9529583637691746,0.7625917237958324,0.6743243243243243,0.9285714285714286,0.35135135135135137,0.5098039215686274,369,1,24,13,1.0,0.13513513513513514,0.2380952380952381,11.0,1.0,0.8571428571428571,0.4864864864864865,0.6206896551724138,9.428571428571427,0.8985016175833161,0.6341463414634146,0.7027027027027027,0.6666666666666667,6.975609756097561,0.7754042690318008,0.4268292682926829,0.9459459459459459,0.588235294117647,4.695121951219512,0.9162703448354813,94.0
known_mining_neutral_ratio_1_10,full_feature_graph_guided_m4,groupkfold_state_random_matched,2,Washington,RandomMatched_XGB,385,1331,407,37,370,0.952081811541271,0.7479939450950727,0.7135135135135136,0.8888888888888888,0.43243243243243246,0.5818181818181818,368,2,21,16,0.8,0.10810810810810811,0.19047619047619047,8.8,0.8687949224876582,0.8095238095238095,0.4594594594594595,0.5862068965517242,8.904761904761905,0.8498795541581474,0.6585365853658537,0.7297297297297297,0.6923076923076923,7.2439024390243905,0.7792865543701257,0.4268292682926829,0.9459459459459459,0.588235294117647,4.695121951219512,0.9075764703630125,95.0
known_mining_neutral_ratio_1_10,full_feature_graph_guided_m4,groupkfold_state_random_matched,2,Washington,RandomMatched_XGB,385,1331,407,37,370,0.9547845142439737,0.7807125973396034,0.7540540540540541,0.9047619047619048,0.5135135135135135,0.6551724137931034,368,2,18,19,1.0,0.13513513513513514,0.2380952380952381,11.0,1.0,0.9047619047619048,0.5135135135135135,0.6551724137931034,9.952380952380953,0.9204193763575464,0.6585365853658537,0.7297297297297297,0.6923076923076923,7.2439024390243905,0.7925767167299927,0.4146341463414634,0.918918918918919,0.5714285714285714,4.560975609756097,0.9045296645993615,96.0
known_mining_neutral_ratio_1_10,full_feature_graph_guided_m4,groupkfold_state_random_matched,2,Washington,RandomMatched_XGB,385,1331,407,37,370,0.9618699780861943,0.8487099725998641,0.7675675675675676,0.9090909090909091,0.5405405405405406,0.6779661016949152,368,2,17,20,1.0,0.13513513513513514,0.2380952380952381,11.0,1.0,0.9047619047619048,0.5135135135135135,0.6551724137931034,9.952380952380953,0.9323606424997022,0.7073170731707317,0.7837837837837838,0.7435897435897435,7.780487804878049,0.840627939775839,0.4146341463414634,0.918918918918919,0.5714285714285714,4.560975609756097,0.9252351304475728,97.0
known_mining_neutral_ratio_1_10,full_feature_graph_guided_m4,groupkfold_state_random_matched,2,Washington,RandomMatched_XGB,385,1331,407,37,370,0.9551497443389335,0.8031032981056675,0.7000000000000001,0.8823529411764706,0.40540540540540543,0.5555555555555556,368,2,22,15,1.0,0.13513513513513514,0.2380952380952381,11.0,1.0,0.9047619047619048,0.5135135135135135,0.6551724137931034,9.952380952380953,0.9301673584185636,0.6341463414634146,0.7027027027027027,0.6666666666666667,6.975609756097561,0.7810194727387854,0.4146341463414634,0.918918918918919,0.5714285714285714,4.560975609756097,0.913276373200199,98.0
known_mining_neutral_ratio_1_10,full_feature_graph_guided_m4,groupkfold_state_random_matched,2,Washington,RandomMatched_XGB,385,1331,407,37,370,0.956391526661797,0.7797211680875713,0.6608108108108108,0.9230769230769231,0.32432432432432434,0.48,369,1,25,12,1.0,0.13513513513513514,0.2380952380952381,11.0,1.0,0.9047619047619048,0.5135135135135135,0.6551724137931034,9.952380952380953,0.926367943878081,0.6341463414634146,0.7027027027027027,0.6666666666666667,6.975609756097561,0.7774448682016541,0.4146341463414634,0.918918918918919,0.5714285714285714,4.560975609756097,0.9057622362782002,99.0
known_mining_neutral_ratio_1_10,full_feature_graph_guided_m4,groupkfold_state_random_matched,3,Nevada,NoClimate_XGB,385,1430,308,28,280,0.9415816326530613,0.7234917089454681,0.8214285714285714,0.6551724137931034,0.6785714285714286,0.6666666666666666,270,10,9,19,1.0,0.14285714285714285,0.25,11.0,1.0,0.75,0.42857142857142855,0.5454545454545454,8.25,0.8047834560902084,0.6129032258064516,0.6785714285714286,0.6440677966101694,6.741935483870968,0.7393099545695472,0.41935483870967744,0.9285714285714286,0.5777777777777778,4.612903225806452,0.8882254426810589,
known_mining_neutral_ratio_1_10,full_feature_graph_guided_m4,groupkfold_state_random_matched,3,Nevada,M4_Spearman_XGB,385,1430,308,28,280,0.9401785714285714,0.7298788948715137,0.8035714285714286,0.6428571428571429,0.6428571428571429,0.6428571428571429,270,10,10,18,1.0,0.14285714285714285,0.25,11.0,1.0,0.8125,0.4642857142857143,0.5909090909090908,8.9375,0.8546574539234342,0.6129032258064516,0.6785714285714286,0.6440677966101694,6.741935483870968,0.7456289988172768,0.41935483870967744,0.9285714285714286,0.5777777777777778,4.612903225806452,0.8913582354580029,
known_mining_neutral_ratio_1_10,full_feature_graph_guided_m4,groupkfold_state_random_matched,3,Nevada,DropSelected_XGB,256,1430,308,28,280,0.9403061224489797,0.7042804580594705,0.7964285714285715,0.5625,0.6428571428571429,0.6,266,14,10,18,0.75,0.10714285714285714,0.1875,8.25,0.8318724637288826,0.6875,0.39285714285714285,0.5,7.5625,0.758099932085021,0.5806451612903226,0.6428571428571429,0.6101694915254238,6.387096774193549,0.70695381485551,0.41935483870967744,0.9285714285714286,0.5777777777777778,4.612903225806452,0.8797651402668747,
known_mining_neutral_ratio_1_10,full_feature_graph_guided_m4,groupkfold_state_random_matched,3,Nevada,SelectedRawOnly_XGB,129,1430,308,28,280,0.8940051020408163,0.5836977711410809,0.8285714285714285,0.5555555555555556,0.7142857142857143,0.625,264,16,8,20,0.75,0.10714285714285714,0.1875,8.25,0.8048099750039491,0.625,0.35714285714285715,0.45454545454545453,6.875,0.6793074765055505,0.6129032258064516,0.6785714285714286,0.6440677966101694,6.741935483870968,0.6953290441142274,0.3870967741935484,0.8571428571428571,0.5333333333333333,4.258064516129032,0.7973293036450677,
known_mining_neutral_ratio_1_10,full_feature_graph_guided_m4,groupkfold_state_random_matched,3,Nevada,RandomMatched_XGB,385,1430,308,28,280,0.9389030612244897,0.6818659068909482,0.7982142857142858,0.5806451612903226,0.6428571428571429,0.6101694915254238,267,13,10,18,0.75,0.10714285714285714,0.1875,8.25,0.8048099750039491,0.6875,0.39285714285714285,0.5,7.5625,0.7358524023037795,0.5806451612903226,0.6428571428571429,0.6101694915254238,6.387096774193549,0.6932384209049839,0.41935483870967744,0.9285714285714286,0.5777777777777778,4.612903225806452,0.8656450025039542,0.0
known_mining_neutral_ratio_1_10,full_feature_graph_guided_m4,groupkfold_state_random_matched,3,Nevada,RandomMatched_XGB,385,1430,308,28,280,0.9290816326530612,0.5803043389505854,0.7303571428571429,0.56,0.5,0.5283018867924528,269,11,14,14,0.5,0.07142857142857142,0.125,5.5,0.6366824387328317,0.625,0.35714285714285715,0.45454545454545453,6.875,0.6481842145563801,0.5483870967741935,0.6071428571428571,0.5762711864406779,6.032258064516128,0.6242252903358027,0.41935483870967744,0.9285714285714286,0.5777777777777778,4.612903225806452,0.8183972184349401,1.0
known_mining_neutral_ratio_1_10,full_feature_graph_guided_m4,groupkfold_state_random_matched,3,Nevada,RandomMatched_XGB,385,1430,308,28,280,0.929719387755102,0.7314982660607924,0.7839285714285714,0.6071428571428571,0.6071428571428571,0.6071428571428571,269,11,11,17,1.0,0.14285714285714285,0.25,11.0,1.0,0.75,0.42857142857142855,0.5454545454545454,8.25,0.8313868721369019,0.5483870967741935,0.6071428571428571,0.5762711864406779,6.032258064516128,0.7059459417999454,0.4032258064516129,0.8928571428571429,0.5555555555555555,4.435483870967741,0.8790261385768168,2.0
known_mining_neutral_ratio_1_10,full_feature_graph_guided_m4,groupkfold_state_random_matched,3,Nevada,RandomMatched_XGB,385,1430,308,28,280,0.933545918367347,0.6757435219204795,0.8089285714285714,0.72,0.6428571428571429,0.6792452830188679,273,7,10,18,0.75,0.10714285714285714,0.1875,8.25,0.8318724637288826,0.75,0.42857142857142855,0.5454545454545454,8.25,0.7761692118981686,0.6129032258064516,0.6785714285714286,0.6440677966101694,6.741935483870968,0.7219278397918789,0.41935483870967744,0.9285714285714286,0.5777777777777778,4.612903225806452,0.8659015813015746,3.0
known_mining_neutral_ratio_1_10,full_feature_graph_guided_m4,groupkfold_state_random_matched,3,Nevada,RandomMatched_XGB,385,1430,308,28,280,0.9400510204081632,0.6960896439860631,0.7696428571428571,0.64,0.5714285714285714,0.6037735849056604,271,9,12,16,1.0,0.14285714285714285,0.25,11.0,1.0,0.6875,0.39285714285714285,0.5,7.5625,0.760953470332122,0.6129032258064516,0.6785714285714286,0.6440677966101694,6.741935483870968,0.7304864210844474,0.43548387096774194,0.9642857142857143,0.6,4.790322580645161,0.8973622896012653,4.0
known_mining_neutral_ratio_1_10,full_feature_graph_guided_m4,groupkfold_state_random_matched,3,Nevada,RandomMatched_XGB,385,1430,308,28,280,0.9153061224489796,0.5636549213364255,0.7267857142857144,0.5185185185185185,0.5,0.509090909090909,267,13,14,14,0.5,0.07142857142857142,0.125,5.5,0.6366824387328317,0.625,0.35714285714285715,0.45454545454545453,6.875,0.6692211913655641,0.45161290322580644,0.5,0.47457627118644063,4.967741935483871,0.5668248846811682,0.4032258064516129,0.8928571428571429,0.5555555555555555,4.435483870967741,0.8009803431272199,5.0
known_mining_neutral_ratio_1_10,full_feature_graph_guided_m4,groupkfold_state_random_matched,3,Nevada,RandomMatched_XGB,385,1430,308,28,280,0.9290816326530611,0.6360299517739155,0.9142857142857144,0.5813953488372093,0.8928571428571429,0.704225352112676,262,18,3,25,0.75,0.10714285714285714,0.1875,8.25,0.8048099750039491,0.6875,0.39285714285714285,0.5,7.5625,0.7128692318513687,0.6451612903225806,0.7142857142857143,0.6779661016949152,7.096774193548387,0.7174811723327812,0.41935483870967744,0.9285714285714286,0.5777777777777778,4.612903225806452,0.8452506578418849,6.0
known_mining_neutral_ratio_1_10,full_feature_graph_guided_m4,groupkfold_state_random_matched,3,Nevada,RandomMatched_XGB,385,1430,308,28,280,0.9286989795918368,0.7234270808054042,0.8910714285714285,0.6764705882352942,0.8214285714285714,0.7419354838709677,269,11,5,23,1.0,0.14285714285714285,0.25,11.0,1.0,0.6875,0.39285714285714285,0.5,7.5625,0.7624612700475992,0.7096774193548387,0.7857142857142857,0.7457627118644068,7.806451612903226,0.8054954746621072,0.4032258064516129,0.8928571428571429,0.5555555555555555,4.435483870967741,0.871544223538686,7.0
known_mining_neutral_ratio_1_10,full_feature_graph_guided_m4,groupkfold_state_random_matched,3,Nevada,RandomMatched_XGB,385,1430,308,28,280,0.9334183673469388,0.7585500387176262,0.7535714285714286,0.6521739130434783,0.5357142857142857,0.5882352941176471,272,8,13,15,1.0,0.14285714285714285,0.25,11.0,1.0,0.9375,0.5357142857142857,0.6818181818181818,10.3125,0.9599327545674557,0.6129032258064516,0.6785714285714286,0.6440677966101694,6.741935483870968,0.7640816593417344,0.41935483870967744,0.9285714285714286,0.5777777777777778,4.612903225806452,0.9052528567092729,8.0
known_mining_neutral_ratio_1_10,full_feature_graph_guided_m4,groupkfold_state_random_matched,3,Nevada,RandomMatched_XGB,385,1430,308,28,280,0.945280612244898,0.7557998535584688,0.8267857142857142,0.7307692307692307,0.6785714285714286,0.7037037037037037,273,7,9,19,1.0,0.14285714285714285,0.25,11.0,1.0,0.75,0.42857142857142855,0.5454545454545454,8.25,0.8141094061473733,0.6129032258064516,0.6785714285714286,0.6440677966101694,6.741935483870968,0.7489636791669448,0.41935483870967744,0.9285714285714286,0.5777777777777778,4.612903225806452,0.9000869600635506,9.0
known_mining_neutral_ratio_1_10,full_feature_graph_guided_m4,groupkfold_state_random_matched,3,Nevada,RandomMatched_XGB,385,1430,308,28,280,0.9242346938775511,0.6299257316919645,0.75,0.6,0.5357142857142857,0.5660377358490566,270,10,13,15,1.0,0.14285714285714285,0.25,11.0,1.0,0.5625,0.32142857142857145,0.40909090909090917,6.1875,0.6568026423108937,0.6129032258064516,0.6785714285714286,0.6440677966101694,6.741935483870968,0.7066452319064133,0.4032258064516129,0.8928571428571429,0.5555555555555555,4.435483870967741,0.8356904130328652,10.0
known_mining_neutral_ratio_1_10,full_feature_graph_guided_m4,groupkfold_state_random_matched,3,Nevada,RandomMatched_XGB,385,1430,308,28,280,0.9286989795918367,0.5965531707397833,0.7267857142857144,0.5185185185185185,0.5,0.509090909090909,267,13,14,14,0.75,0.10714285714285714,0.1875,8.25,0.75369761125927,0.625,0.35714285714285715,0.45454545454545453,6.875,0.6524550697716103,0.5806451612903226,0.6428571428571429,0.6101694915254238,6.387096774193549,0.6513935957942205,0.41935483870967744,0.9285714285714286,0.5777777777777778,4.612903225806452,0.8224977588051405,11.0
known_mining_neutral_ratio_1_10,full_feature_graph_guided_m4,groupkfold_state_random_matched,3,Nevada,RandomMatched_XGB,385,1430,308,28,280,0.9230867346938776,0.6367075459675058,0.7857142857142857,0.6296296296296297,0.6071428571428571,0.6181818181818182,270,10,11,17,1.0,0.14285714285714285,0.25,11.0,1.0,0.625,0.35714285714285715,0.45454545454545453,6.875,0.7021717750396325,0.5806451612903226,0.6428571428571429,0.6101694915254238,6.387096774193549,0.692736887449002,0.41935483870967744,0.9285714285714286,0.5777777777777778,4.612903225806452,0.8582289561231506,12.0
known_mining_neutral_ratio_1_10,full_feature_graph_guided_m4,groupkfold_state_random_matched,3,Nevada,RandomMatched_XGB,385,1430,308,28,280,0.9322704081632652,0.693881250517561,0.8035714285714286,0.6428571428571429,0.6428571428571429,0.6428571428571429,270,10,10,18,1.0,0.14285714285714285,0.25,11.0,1.0,0.6875,0.39285714285714285,0.5,7.5625,0.75787969404203,0.6451612903225806,0.7142857142857143,0.6779661016949152,7.096774193548387,0.7533382211463829,0.41935483870967744,0.9285714285714286,0.5777777777777778,4.612903225806452,0.8795859033653038,13.0
known_mining_neutral_ratio_1_10,full_feature_graph_guided_m4,groupkfold_state_random_matched,3,Nevada,RandomMatched_XGB,385,1430,308,28,280,0.9363520408163265,0.705606276848082,0.8053571428571429,0.6666666666666666,0.6428571428571429,0.6545454545454545,271,9,10,18,1.0,0.14285714285714285,0.25,11.0,1.0,0.6875,0.39285714285714285,0.5,7.5625,0.7773834189365835,0.6129032258064516,0.6785714285714286,0.6440677966101694,6.741935483870968,0.7418742088726068,0.41935483870967744,0.9285714285714286,0.5777777777777778,4.612903225806452,0.8871212400825725,14.0
known_mining_neutral_ratio_1_10,full_feature_graph_guided_m4,groupkfold_state_random_matched,3,Nevada,RandomMatched_XGB,385,1430,308,28,280,0.9292091836734694,0.687576630824255,0.7339285714285715,0.6086956521739131,0.5,0.5490196078431373,271,9,14,14,1.0,0.14285714285714285,0.25,11.0,1.0,0.625,0.35714285714285715,0.45454545454545453,6.875,0.7265068679310147,0.5806451612903226,0.6428571428571429,0.6101694915254238,6.387096774193549,0.7081619960935278,0.4032258064516129,0.8928571428571429,0.5555555555555555,4.435483870967741,0.8614591690845042,15.0
known_mining_neutral_ratio_1_10,full_feature_graph_guided_m4,groupkfold_state_random_matched,3,Nevada,RandomMatched_XGB,385,1430,308,28,280,0.940561224489796,0.7334323484559705,0.7892857142857143,0.68,0.6071428571428571,0.6415094339622641,272,8,11,17,1.0,0.14285714285714285,0.25,11.0,1.0,0.75,0.42857142857142855,0.5454545454545454,8.25,0.8114409792706146,0.6451612903225806,0.7142857142857143,0.6779661016949152,7.096774193548387,0.7664948472368965,0.41935483870967744,0.9285714285714286,0.5777777777777778,4.612903225806452,0.8941726122897486,16.0
known_mining_neutral_ratio_1_10,full_feature_graph_guided_m4,groupkfold_state_random_matched,3,Nevada,RandomMatched_XGB,385,1430,308,28,280,0.9411989795918366,0.7696149259956137,0.8142857142857143,0.5757575757575758,0.6785714285714286,0.6229508196721312,266,14,9,19,1.0,0.14285714285714285,0.25,11.0,1.0,0.8125,0.4642857142857143,0.5909090909090908,8.9375,0.8728797306230027,0.6129032258064516,0.6785714285714286,0.6440677966101694,6.741935483870968,0.7607202260270335,0.41935483870967744,0.9285714285714286,0.5777777777777778,4.612903225806452,0.9086718556399807,17.0
known_mining_neutral_ratio_1_10,full_feature_graph_guided_m4,groupkfold_state_random_matched,3,Nevada,RandomMatched_XGB,385,1430,308,28,280,0.9397959183673469,0.7606490234620462,0.8196428571428571,0.6333333333333333,0.6785714285714286,0.6551724137931034,269,11,9,19,1.0,0.14285714285714285,0.25,11.0,1.0,0.8125,0.4642857142857143,0.5909090909090908,8.9375,0.8587821020072143,0.6129032258064516,0.6785714285714286,0.6440677966101694,6.741935483870968,0.7513984869235889,0.41935483870967744,0.9285714285714286,0.5777777777777778,4.612903225806452,0.9035972522262019,18.0
known_mining_neutral_ratio_1_10,full_feature_graph_guided_m4,groupkfold_state_random_matched,3,Nevada,RandomMatched_XGB,385,1430,308,28,280,0.9184948979591836,0.6000741140078174,0.7160714285714286,0.5909090909090909,0.4642857142857143,0.52,271,9,15,13,0.75,0.10714285714285714,0.1875,8.25,0.8318724637288826,0.5,0.2857142857142857,0.36363636363636365,5.5,0.6036459448874562,0.5483870967741935,0.6071428571428571,0.5762711864406779,6.032258064516128,0.6483013714543439,0.4032258064516129,0.8928571428571429,0.5555555555555555,4.435483870967741,0.8212177465885098,19.0
known_mining_neutral_ratio_1_10,full_feature_graph_guided_m4,groupkfold_state_random_matched,3,Nevada,RandomMatched_XGB,385,1430,308,28,280,0.929719387755102,0.6075704925604796,0.8321428571428571,0.5882352941176471,0.7142857142857143,0.6451612903225806,266,14,8,20,0.75,0.10714285714285714,0.1875,8.25,0.75369761125927,0.625,0.35714285714285715,0.45454545454545453,6.875,0.6597970904290879,0.5483870967741935,0.6071428571428571,0.5762711864406779,6.032258064516128,0.6346834716550992,0.4032258064516129,0.8928571428571429,0.5555555555555555,4.435483870967741,0.8080108003903572,20.0
known_mining_neutral_ratio_1_10,full_feature_graph_guided_m4,groupkfold_state_random_matched,3,Nevada,RandomMatched_XGB,385,1430,308,28,280,0.9376275510204082,0.7054791653620601,0.7553571428571428,0.6818181818181818,0.5357142857142857,0.6,273,7,13,15,1.0,0.14285714285714285,0.25,11.0,1.0,0.8125,0.4642857142857143,0.5909090909090908,8.9375,0.8504429371248958,0.5806451612903226,0.6428571428571429,0.6101694915254238,6.387096774193549,0.7181356821801173,0.41935483870967744,0.9285714285714286,0.5777777777777778,4.612903225806452,0.88435958622331,21.0
known_mining_neutral_ratio_1_10,full_feature_graph_guided_m4,groupkfold_state_random_matched,3,Nevada,RandomMatched_XGB,385,1430,308,28,280,0.9355867346938777,0.6991631096381662,0.8035714285714286,0.6428571428571429,0.6428571428571429,0.6428571428571429,270,10,10,18,0.75,0.10714285714285714,0.1875,8.25,0.8318724637288826,0.6875,0.39285714285714285,0.5,7.5625,0.7521170343163512,0.5806451612903226,0.6428571428571429,0.6101694915254238,6.387096774193549,0.7063493064682023,0.41935483870967744,0.9285714285714286,0.5777777777777778,4.612903225806452,0.8784289874739862,22.0
known_mining_neutral_ratio_1_10,full_feature_graph_guided_m4,groupkfold_state_random_matched,3,Nevada,RandomMatched_XGB,385,1430,308,28,280,0.9232142857142858,0.6738716364946301,0.7696428571428571,0.64,0.5714285714285714,0.6037735849056604,271,9,12,16,1.0,0.14285714285714285,0.25,11.0,1.0,0.75,0.42857142857142855,0.5454545454545454,8.25,0.8054596592793707,0.5483870967741935,0.6071428571428571,0.5762711864406779,6.032258064516128,0.6901977533855548,0.41935483870967744,0.9285714285714286,0.5777777777777778,4.612903225806452,0.8761897281480845,23.0
known_mining_neutral_ratio_1_10,full_feature_graph_guided_m4,groupkfold_state_random_matched,3,Nevada,RandomMatched_XGB,385,1430,308,28,280,0.9386479591836735,0.7207571318962633,0.8714285714285714,0.6470588235294118,0.7857142857142857,0.7096774193548387,268,12,6,22,1.0,0.14285714285714285,0.25,11.0,1.0,0.6875,0.39285714285714285,0.5,7.5625,0.7588258094536311,0.6774193548387096,0.75,0.7118644067796611,7.451612903225806,0.7820788761045357,0.4032258064516129,0.8928571428571429,0.5555555555555555,4.435483870967741,0.8689423132113098,24.0
known_mining_neutral_ratio_1_10,full_feature_graph_guided_m4,groupkfold_state_random_matched,3,Nevada,RandomMatched_XGB,385,1430,308,28,280,0.9363520408163266,0.6884452567151484,0.7357142857142858,0.6363636363636364,0.5,0.56,272,8,14,14,1.0,0.14285714285714285,0.25,11.0,1.0,0.625,0.35714285714285715,0.45454545454545453,6.875,0.7157854639943028,0.6774193548387096,0.75,0.7118644067796611,7.451612903225806,0.7706888490672156,0.4032258064516129,0.8928571428571429,0.5555555555555555,4.435483870967741,0.8582861633010631,25.0
known_mining_neutral_ratio_1_10,full_feature_graph_guided_m4,groupkfold_state_random_matched,3,Nevada,RandomMatched_XGB,385,1430,308,28,280,0.9391581632653061,0.7075451041562527,0.7910714285714285,0.7083333333333334,0.6071428571428571,0.6538461538461539,273,7,11,17,0.75,0.10714285714285714,0.1875,8.25,0.75369761125927,0.8125,0.4642857142857143,0.5909090909090908,8.9375,0.8117363923585854,0.5806451612903226,0.6428571428571429,0.6101694915254238,6.387096774193549,0.6952730620419142,0.41935483870967744,0.9285714285714286,0.5777777777777778,4.612903225806452,0.8658451769390556,26.0
known_mining_neutral_ratio_1_10,full_feature_graph_guided_m4,groupkfold_state_random_matched,3,Nevada,RandomMatched_XGB,385,1430,308,28,280,0.9303571428571429,0.7246610253192624,0.7696428571428571,0.64,0.5714285714285714,0.6037735849056604,271,9,12,16,1.0,0.14285714285714285,0.25,11.0,1.0,0.8125,0.4642857142857143,0.5909090909090908,8.9375,0.8634011405094926,0.6129032258064516,0.6785714285714286,0.6440677966101694,6.741935483870968,0.7502470414877335,0.41935483870967744,0.9285714285714286,0.5777777777777778,4.612903225806452,0.8946406577948897,27.0
known_mining_neutral_ratio_1_10,full_feature_graph_guided_m4,groupkfold_state_random_matched,3,Nevada,RandomMatched_XGB,385,1430,308,28,280,0.9367346938775509,0.7668186063557803,0.7553571428571428,0.6818181818181818,0.5357142857142857,0.6,273,7,13,15,1.0,0.14285714285714285,0.25,11.0,1.0,0.9375,0.5357142857142857,0.6818181818181818,10.3125,0.9569849987170951,0.6129032258064516,0.6785714285714286,0.6440677966101694,6.741935483870968,0.7627808373101329,0.41935483870967744,0.9285714285714286,0.5777777777777778,4.612903225806452,0.9070451785733656,28.0
known_mining_neutral_ratio_1_10,full_feature_graph_guided_m4,groupkfold_state_random_matched,3,Nevada,RandomMatched_XGB,385,1430,308,28,280,0.9153061224489796,0.5810703756626786,0.7267857142857144,0.5185185185185185,0.5,0.509090909090909,267,13,14,14,1.0,0.14285714285714285,0.25,11.0,1.0,0.5625,0.32142857142857145,0.40909090909090917,6.1875,0.6524728074119588,0.5483870967741935,0.6071428571428571,0.5762711864406779,6.032258064516128,0.6483915340563293,0.41935483870967744,0.9285714285714286,0.5777777777777778,4.612903225806452,0.83630274651139,29.0
known_mining_neutral_ratio_1_10,full_feature_graph_guided_m4,groupkfold_state_random_matched,3,Nevada,RandomMatched_XGB,385,1430,308,28,280,0.9380102040816327,0.6946378735077299,0.8142857142857143,0.5757575757575758,0.6785714285714286,0.6229508196721312,266,14,9,19,1.0,0.14285714285714285,0.25,11.0,1.0,0.75,0.42857142857142855,0.5454545454545454,8.25,0.784704507483176,0.6129032258064516,0.6785714285714286,0.6440677966101694,6.741935483870968,0.7250509104391807,0.41935483870967744,0.9285714285714286,0.5777777777777778,4.612903225806452,0.8753121142295474,30.0
known_mining_neutral_ratio_1_10,full_feature_graph_guided_m4,groupkfold_state_random_matched,3,Nevada,RandomMatched_XGB,385,1430,308,28,280,0.9261479591836734,0.6706045706833483,0.7196428571428571,0.65,0.4642857142857143,0.5416666666666666,273,7,15,13,1.0,0.14285714285714285,0.25,11.0,1.0,0.6875,0.39285714285714285,0.5,7.5625,0.7708144265267307,0.5483870967741935,0.6071428571428571,0.5762711864406779,6.032258064516128,0.6895348068890593,0.4032258064516129,0.8928571428571429,0.5555555555555555,4.435483870967741,0.8560682153410153,31.0
known_mining_neutral_ratio_1_10,full_feature_graph_guided_m4,groupkfold_state_random_matched,3,Nevada,RandomMatched_XGB,385,1430,308,28,280,0.9182397959183674,0.5411701457750061,0.7107142857142857,0.52,0.4642857142857143,0.49056603773584906,268,12,15,13,0.5,0.07142857142857142,0.125,5.5,0.5855700749881525,0.5,0.2857142857142857,0.36363636363636365,5.5,0.5521482123922519,0.5483870967741935,0.6071428571428571,0.5762711864406779,6.032258064516128,0.60794574577411,0.41935483870967744,0.9285714285714286,0.5777777777777778,4.612903225806452,0.7969139629743215,32.0
known_mining_neutral_ratio_1_10,full_feature_graph_guided_m4,groupkfold_state_random_matched,3,Nevada,RandomMatched_XGB,385,1430,308,28,280,0.9431122448979592,0.7735692633696536,0.8,0.6,0.6428571428571429,0.6206896551724138,268,12,10,18,1.0,0.14285714285714285,0.25,11.0,1.0,0.875,0.5,0.6363636363636364,9.625,0.911301570557432,0.5806451612903226,0.6428571428571429,0.6101694915254238,6.387096774193549,0.7378910858188376,0.41935483870967744,0.9285714285714286,0.5777777777777778,4.612903225806452,0.9085449501894145,33.0
known_mining_neutral_ratio_1_10,full_feature_graph_guided_m4,groupkfold_state_random_matched,3,Nevada,RandomMatched_XGB,385,1430,308,28,280,0.9399234693877551,0.7439513829363754,0.8267857142857142,0.7307692307692307,0.6785714285714286,0.7037037037037037,273,7,9,19,1.0,0.14285714285714285,0.25,11.0,1.0,0.75,0.42857142857142855,0.5454545454545454,8.25,0.8219336261998155,0.6129032258064516,0.6785714285714286,0.6440677966101694,6.741935483870968,0.7529266756866427,0.43548387096774194,0.9642857142857143,0.6,4.790322580645161,0.917576764113613,34.0
known_mining_neutral_ratio_1_10,full_feature_graph_guided_m4,groupkfold_state_random_matched,3,Nevada,RandomMatched_XGB,385,1430,308,28,280,0.9264030612244898,0.6134239016081726,0.6964285714285714,0.5454545454545454,0.42857142857142855,0.48,270,10,16,12,1.0,0.14285714285714285,0.25,11.0,1.0,0.625,0.35714285714285715,0.45454545454545453,6.875,0.701064423211083,0.5483870967741935,0.6071428571428571,0.5762711864406779,6.032258064516128,0.6613528201698529,0.41935483870967744,0.9285714285714286,0.5777777777777778,4.612903225806452,0.8499378901899868,35.0
known_mining_neutral_ratio_1_10,full_feature_graph_guided_m4,groupkfold_state_random_matched,3,Nevada,RandomMatched_XGB,385,1430,308,28,280,0.9354591836734694,0.7706190932439904,0.8107142857142857,0.75,0.6428571428571429,0.6923076923076923,274,6,10,18,1.0,0.14285714285714285,0.25,11.0,1.0,0.875,0.5,0.6363636363636364,9.625,0.9147988406796981,0.6129032258064516,0.6785714285714286,0.6440677966101694,6.741935483870968,0.7613532014792355,0.41935483870967744,0.9285714285714286,0.5777777777777778,4.612903225806452,0.9096561871056422,36.0
known_mining_neutral_ratio_1_10,full_feature_graph_guided_m4,groupkfold_state_random_matched,3,Nevada,RandomMatched_XGB,385,1430,308,28,280,0.9364795918367346,0.7149060211506314,0.8589285714285715,0.7,0.75,0.7241379310344828,271,9,7,21,1.0,0.14285714285714285,0.25,11.0,1.0,0.8125,0.4642857142857143,0.5909090909090908,8.9375,0.832623127359674,0.6774193548387096,0.75,0.7118644067796611,7.451612903225806,0.777273538043698,0.41935483870967744,0.9285714285714286,0.5777777777777778,4.612903225806452,0.8827383218575731,37.0
known_mining_neutral_ratio_1_10,full_feature_graph_guided_m4,groupkfold_state_random_matched,3,Nevada,RandomMatched_XGB,385,1430,308,28,280,0.9440051020408163,0.790486432820996,0.8178571428571428,0.6129032258064516,0.6785714285714286,0.6440677966101694,268,12,9,19,1.0,0.14285714285714285,0.25,11.0,1.0,0.8125,0.4642857142857143,0.5909090909090908,8.9375,0.8728797306230027,0.6129032258064516,0.6785714285714286,0.6440677966101694,6.741935483870968,0.7642941177147462,0.43548387096774194,0.9642857142857143,0.6,4.790322580645161,0.9324638256194122,38.0
known_mining_neutral_ratio_1_10,full_feature_graph_guided_m4,groupkfold_state_random_matched,3,Nevada,RandomMatched_XGB,385,1430,308,28,280,0.9225765306122449,0.5476470529991831,0.7303571428571429,0.56,0.5,0.5283018867924528,269,11,14,14,0.75,0.10714285714285714,0.1875,8.25,0.75369761125927,0.5,0.2857142857142857,0.36363636363636365,5.5,0.5707277904628476,0.5161290322580645,0.5714285714285714,0.5423728813559322,5.677419354838709,0.5956603215380895,0.4032258064516129,0.8928571428571429,0.5555555555555555,4.435483870967741,0.7856419629956752,39.0
known_mining_neutral_ratio_1_10,full_feature_graph_guided_m4,groupkfold_state_random_matched,3,Nevada,RandomMatched_XGB,385,1430,308,28,280,0.9167091836734693,0.6167642521774521,0.7678571428571428,0.6153846153846154,0.5714285714285714,0.5925925925925926,270,10,12,16,0.75,0.10714285714285714,0.1875,8.25,0.8048099750039491,0.6875,0.39285714285714285,0.5,7.5625,0.7309799038957806,0.5483870967741935,0.6071428571428571,0.5762711864406779,6.032258064516128,0.6626138720026855,0.41935483870967744,0.9285714285714286,0.5777777777777778,4.612903225806452,0.84652961531786,40.0
known_mining_neutral_ratio_1_10,full_feature_graph_guided_m4,groupkfold_state_random_matched,3,Nevada,RandomMatched_XGB,385,1430,308,28,280,0.8951530612244898,0.5229923869868579,0.7571428571428571,0.5,0.5714285714285714,0.5333333333333333,264,16,12,16,0.75,0.10714285714285714,0.1875,8.25,0.75369761125927,0.5625,0.32142857142857145,0.40909090909090917,6.1875,0.62002848938792,0.4838709677419355,0.5357142857142857,0.5084745762711865,5.32258064516129,0.575561905844103,0.3548387096774194,0.7857142857142857,0.48888888888888893,3.903225806451613,0.7247892569297886,41.0
known_mining_neutral_ratio_1_10,full_feature_graph_guided_m4,groupkfold_state_random_matched,3,Nevada,RandomMatched_XGB,385,1430,308,28,280,0.9386479591836734,0.6724905271758083,0.8017857142857143,0.6206896551724138,0.6428571428571429,0.631578947368421,269,11,10,18,0.75,0.10714285714285714,0.1875,8.25,0.8318724637288826,0.6875,0.39285714285714285,0.5,7.5625,0.7357991665921263,0.6451612903225806,0.7142857142857143,0.6779661016949152,7.096774193548387,0.7338481055884096,0.41935483870967744,0.9285714285714286,0.5777777777777778,4.612903225806452,0.8636328863341483,42.0
known_mining_neutral_ratio_1_10,full_feature_graph_guided_m4,groupkfold_state_random_matched,3,Nevada,RandomMatched_XGB,385,1430,308,28,280,0.9404336734693877,0.722912693135665,0.8214285714285714,0.6551724137931034,0.6785714285714286,0.6666666666666666,270,10,9,19,1.0,0.14285714285714285,0.25,11.0,1.0,0.6875,0.39285714285714285,0.5,7.5625,0.775992772340349,0.6129032258064516,0.6785714285714286,0.6440677966101694,6.741935483870968,0.7451133279010846,0.43548387096774194,0.9642857142857143,0.6,4.790322580645161,0.9099443846492935,43.0
known_mining_neutral_ratio_1_10,full_feature_graph_guided_m4,groupkfold_state_random_matched,3,Nevada,RandomMatched_XGB,385,1430,308,28,280,0.9270408163265307,0.6400154943042016,0.7321428571428572,0.5833333333333334,0.5,0.5384615384615384,270,10,14,14,0.75,0.10714285714285714,0.1875,8.25,0.8048099750039491,0.625,0.35714285714285715,0.45454545454545453,6.875,0.6981651573849512,0.6129032258064516,0.6785714285714286,0.6440677966101694,6.741935483870968,0.7076973079754405,0.41935483870967744,0.9285714285714286,0.5777777777777778,4.612903225806452,0.8542089102157719,44.0
known_mining_neutral_ratio_1_10,full_feature_graph_guided_m4,groupkfold_state_random_matched,3,Nevada,RandomMatched_XGB,385,1430,308,28,280,0.933545918367347,0.6839617860314775,0.7375,0.6666666666666666,0.5,0.5714285714285714,273,7,14,14,1.0,0.14285714285714285,0.25,11.0,1.0,0.625,0.35714285714285715,0.45454545454545453,6.875,0.710796521896692,0.6451612903225806,0.7142857142857143,0.6779661016949152,7.096774193548387,0.7450397296846787,0.41935483870967744,0.9285714285714286,0.5777777777777778,4.612903225806452,0.8741578241421942,45.0
known_mining_neutral_ratio_1_10,full_feature_graph_guided_m4,groupkfold_state_random_matched,3,Nevada,RandomMatched_XGB,385,1430,308,28,280,0.9299744897959183,0.6930692221338546,0.8035714285714286,0.6428571428571429,0.6428571428571429,0.6428571428571429,270,10,10,18,0.75,0.10714285714285714,0.1875,8.25,0.8318724637288826,0.75,0.42857142857142855,0.5454545454545454,8.25,0.7963748494224577,0.6129032258064516,0.6785714285714286,0.6440677966101694,6.741935483870968,0.7291662604006951,0.4032258064516129,0.8928571428571429,0.5555555555555555,4.435483870967741,0.8595503067062928,46.0
known_mining_neutral_ratio_1_10,full_feature_graph_guided_m4,groupkfold_state_random_matched,3,Nevada,RandomMatched_XGB,385,1430,308,28,280,0.9507653061224489,0.742945770611757,0.8053571428571429,0.6666666666666666,0.6428571428571429,0.6545454545454545,271,9,10,18,1.0,0.14285714285714285,0.25,11.0,1.0,0.75,0.42857142857142855,0.5454545454545454,8.25,0.8042473243635491,0.6774193548387096,0.75,0.7118644067796611,7.451612903225806,0.7849717463448275,0.43548387096774194,0.9642857142857143,0.6,4.790322580645161,0.9123843961387089,47.0
known_mining_neutral_ratio_1_10,full_feature_graph_guided_m4,groupkfold_state_random_matched,3,Nevada,RandomMatched_XGB,385,1430,308,28,280,0.933545918367347,0.7107095729376443,0.8017857142857143,0.6206896551724138,0.6428571428571429,0.631578947368421,269,11,10,18,1.0,0.14285714285714285,0.25,11.0,1.0,0.75,0.42857142857142855,0.5454545454545454,8.25,0.818733046403229,0.5806451612903226,0.6428571428571429,0.6101694915254238,6.387096774193549,0.7238085790702431,0.41935483870967744,0.9285714285714286,0.5777777777777778,4.612903225806452,0.8884095892977348,48.0
known_mining_neutral_ratio_1_10,full_feature_graph_guided_m4,groupkfold_state_random_matched,3,Nevada,RandomMatched_XGB,385,1430,308,28,280,0.9395408163265306,0.7782079103253302,0.8071428571428572,0.6923076923076923,0.6428571428571429,0.6666666666666666,272,8,10,18,1.0,0.14285714285714285,0.25,11.0,1.0,0.875,0.5,0.6363636363636364,9.625,0.911301570557432,0.6129032258064516,0.6785714285714286,0.6440677966101694,6.741935483870968,0.7635704855693899,0.41935483870967744,0.9285714285714286,0.5777777777777778,4.612903225806452,0.9112327732834267,49.0
known_mining_neutral_ratio_1_10,full_feature_graph_guided_m4,groupkfold_state_random_matched,3,Nevada,RandomMatched_XGB,385,1430,308,28,280,0.9359693877551021,0.6661835314206214,0.7678571428571428,0.6153846153846154,0.5714285714285714,0.5925925925925926,270,10,12,16,1.0,0.14285714285714285,0.25,11.0,1.0,0.6875,0.39285714285714285,0.5,7.5625,0.746013131614579,0.6129032258064516,0.6785714285714286,0.6440677966101694,6.741935483870968,0.7181402124589396,0.41935483870967744,0.9285714285714286,0.5777777777777778,4.612903225806452,0.8674426651976376,50.0
known_mining_neutral_ratio_1_10,full_feature_graph_guided_m4,groupkfold_state_random_matched,3,Nevada,RandomMatched_XGB,385,1430,308,28,280,0.917219387755102,0.5772625048173045,0.7107142857142857,0.52,0.4642857142857143,0.49056603773584906,268,12,15,13,0.75,0.10714285714285714,0.1875,8.25,0.75369761125927,0.625,0.35714285714285715,0.45454545454545453,6.875,0.6596655044430382,0.5161290322580645,0.5714285714285714,0.5423728813559322,5.677419354838709,0.6108386537109837,0.4032258064516129,0.8928571428571429,0.5555555555555555,4.435483870967741,0.8010297477356687,51.0
known_mining_neutral_ratio_1_10,full_feature_graph_guided_m4,groupkfold_state_random_matched,3,Nevada,RandomMatched_XGB,385,1430,308,28,280,0.9372448979591838,0.6557748381163568,0.7642857142857142,0.5714285714285714,0.5714285714285714,0.5714285714285714,268,12,12,16,0.75,0.10714285714285714,0.1875,8.25,0.8318724637288826,0.6875,0.39285714285714285,0.5,7.5625,0.745251936304133,0.5806451612903226,0.6428571428571429,0.6101694915254238,6.387096774193549,0.6929510572673674,0.41935483870967744,0.9285714285714286,0.5777777777777778,4.612903225806452,0.8617476306084579,52.0
known_mining_neutral_ratio_1_10,full_feature_graph_guided_m4,groupkfold_state_random_matched,3,Nevada,RandomMatched_XGB,385,1430,308,28,280,0.9326530612244898,0.6934570670484325,0.8017857142857143,0.6206896551724138,0.6428571428571429,0.631578947368421,269,11,10,18,1.0,0.14285714285714285,0.25,11.0,1.0,0.6875,0.39285714285714285,0.5,7.5625,0.7634252311222787,0.6129032258064516,0.6785714285714286,0.6440677966101694,6.741935483870968,0.7345975294967599,0.41935483870967744,0.9285714285714286,0.5777777777777778,4.612903225806452,0.8795706192102525,53.0
known_mining_neutral_ratio_1_10,full_feature_graph_guided_m4,groupkfold_state_random_matched,3,Nevada,RandomMatched_XGB,385,1430,308,28,280,0.9278061224489798,0.6312123130242056,0.7660714285714285,0.5925925925925926,0.5714285714285714,0.5818181818181818,269,11,12,16,0.75,0.10714285714285714,0.1875,8.25,0.8048099750039491,0.6875,0.39285714285714285,0.5,7.5625,0.7284890032639612,0.5806451612903226,0.6428571428571429,0.6101694915254238,6.387096774193549,0.6802577369509533,0.41935483870967744,0.9285714285714286,0.5777777777777778,4.612903225806452,0.8481320692011562,54.0
known_mining_neutral_ratio_1_10,full_feature_graph_guided_m4,groupkfold_state_random_matched,3,Nevada,RandomMatched_XGB,385,1430,308,28,280,0.9285714285714287,0.6348894321775572,0.7642857142857142,0.5714285714285714,0.5714285714285714,0.5714285714285714,268,12,12,16,1.0,0.14285714285714285,0.25,11.0,1.0,0.625,0.35714285714285715,0.45454545454545453,6.875,0.6967124326895066,0.6129032258064516,0.6785714285714286,0.6440677966101694,6.741935483870968,0.706960524223125,0.41935483870967744,0.9285714285714286,0.5777777777777778,4.612903225806452,0.855770496686558,55.0
known_mining_neutral_ratio_1_10,full_feature_graph_guided_m4,groupkfold_state_random_matched,3,Nevada,RandomMatched_XGB,385,1430,308,28,280,0.9205357142857142,0.5455923317399808,0.7785714285714285,0.5483870967741935,0.6071428571428571,0.576271186440678,266,14,11,17,0.75,0.10714285714285714,0.1875,8.25,0.75369761125927,0.5,0.2857142857142857,0.36363636363636365,5.5,0.5625014126864528,0.5483870967741935,0.6071428571428571,0.5762711864406779,6.032258064516128,0.611381309096997,0.4032258064516129,0.8928571428571429,0.5555555555555555,4.435483870967741,0.7831911851369242,56.0
known_mining_neutral_ratio_1_10,full_feature_graph_guided_m4,groupkfold_state_random_matched,3,Nevada,RandomMatched_XGB,385,1430,308,28,280,0.9336734693877551,0.6929738569756193,0.7678571428571428,0.6153846153846154,0.5714285714285714,0.5925925925925926,270,10,12,16,1.0,0.14285714285714285,0.25,11.0,1.0,0.75,0.42857142857142855,0.5454545454545454,8.25,0.8090933096582504,0.5806451612903226,0.6428571428571429,0.6101694915254238,6.387096774193549,0.7158176655207213,0.41935483870967744,0.9285714285714286,0.5777777777777778,4.612903225806452,0.8818667926958874,57.0
known_mining_neutral_ratio_1_10,full_feature_graph_guided_m4,groupkfold_state_random_matched,3,Nevada,RandomMatched_XGB,385,1430,308,28,280,0.9329081632653061,0.7169678580518425,0.8267857142857142,0.7307692307692307,0.6785714285714286,0.7037037037037037,273,7,9,19,1.0,0.14285714285714285,0.25,11.0,1.0,0.6875,0.39285714285714285,0.5,7.5625,0.757455715898855,0.6451612903225806,0.7142857142857143,0.6779661016949152,7.096774193548387,0.7579407366959358,0.4032258064516129,0.8928571428571429,0.5555555555555555,4.435483870967741,0.8681060762808734,58.0
known_mining_neutral_ratio_1_10,full_feature_graph_guided_m4,groupkfold_state_random_matched,3,Nevada,RandomMatched_XGB,385,1430,308,28,280,0.9331632653061225,0.7349873931783684,0.7892857142857143,0.68,0.6071428571428571,0.6415094339622641,272,8,11,17,1.0,0.14285714285714285,0.25,11.0,1.0,0.875,0.5,0.6363636363636364,9.625,0.902393873098168,0.6129032258064516,0.6785714285714286,0.6440677966101694,6.741935483870968,0.752640356420473,0.41935483870967744,0.9285714285714286,0.5777777777777778,4.612903225806452,0.8964760402203433,59.0
known_mining_neutral_ratio_1_10,full_feature_graph_guided_m4,groupkfold_state_random_matched,3,Nevada,RandomMatched_XGB,385,1430,308,28,280,0.9477040816326531,0.7914856224926411,0.825,0.7037037037037037,0.6785714285714286,0.6909090909090909,272,8,9,19,1.0,0.14285714285714285,0.25,11.0,1.0,0.875,0.5,0.6363636363636364,9.625,0.9034897643243773,0.7096774193548387,0.7857142857142857,0.7457627118644068,7.806451612903226,0.828668143941543,0.41935483870967744,0.9285714285714286,0.5777777777777778,4.612903225806452,0.9114969658827812,60.0
known_mining_neutral_ratio_1_10,full_feature_graph_guided_m4,groupkfold_state_random_matched,3,Nevada,RandomMatched_XGB,385,1430,308,28,280,0.9419642857142857,0.7355858402948136,0.7678571428571428,0.6153846153846154,0.5714285714285714,0.5925925925925926,270,10,12,16,1.0,0.14285714285714285,0.25,11.0,1.0,0.75,0.42857142857142855,0.5454545454545454,8.25,0.8113754046598275,0.6129032258064516,0.6785714285714286,0.6440677966101694,6.741935483870968,0.741177606535751,0.41935483870967744,0.9285714285714286,0.5777777777777778,4.612903225806452,0.8928391973544849,61.0
known_mining_neutral_ratio_1_10,full_feature_graph_guided_m4,groupkfold_state_random_matched,3,Nevada,RandomMatched_XGB,385,1430,308,28,280,0.932908163265306,0.6588901287732482,0.7535714285714286,0.6521739130434783,0.5357142857142857,0.5882352941176471,272,8,13,15,1.0,0.14285714285714285,0.25,11.0,1.0,0.625,0.35714285714285715,0.45454545454545453,6.875,0.6934041413285983,0.5806451612903226,0.6428571428571429,0.6101694915254238,6.387096774193549,0.6860399422140507,0.41935483870967744,0.9285714285714286,0.5777777777777778,4.612903225806452,0.8609129934338946,62.0
known_mining_neutral_ratio_1_10,full_feature_graph_guided_m4,groupkfold_state_random_matched,3,Nevada,RandomMatched_XGB,385,1430,308,28,280,0.9316326530612246,0.6376396829014132,0.8053571428571429,0.6666666666666666,0.6428571428571429,0.6545454545454545,271,9,10,18,0.75,0.10714285714285714,0.1875,8.25,0.75369761125927,0.6875,0.39285714285714285,0.5,7.5625,0.7094040402816115,0.5806451612903226,0.6428571428571429,0.6101694915254238,6.387096774193549,0.6738792983726197,0.41935483870967744,0.9285714285714286,0.5777777777777778,4.612903225806452,0.8407719857151961,63.0
known_mining_neutral_ratio_1_10,full_feature_graph_guided_m4,groupkfold_state_random_matched,3,Nevada,RandomMatched_XGB,385,1430,308,28,280,0.9422193877551022,0.7419660015951223,0.9089285714285714,0.6857142857142857,0.8571428571428571,0.7619047619047619,269,11,4,24,1.0,0.14285714285714285,0.25,11.0,1.0,0.6875,0.39285714285714285,0.5,7.5625,0.7693020767693614,0.7096774193548387,0.7857142857142857,0.7457627118644068,7.806451612903226,0.8098975735810713,0.41935483870967744,0.9285714285714286,0.5777777777777778,4.612903225806452,0.8955561219896075,64.0
known_mining_neutral_ratio_1_10,full_feature_graph_guided_m4,groupkfold_state_random_matched,3,Nevada,RandomMatched_XGB,385,1430,308,28,280,0.9380102040816326,0.7107801624605888,0.8232142857142857,0.6785714285714286,0.6785714285714286,0.6785714285714286,271,9,9,19,1.0,0.14285714285714285,0.25,11.0,1.0,0.75,0.42857142857142855,0.5454545454545454,8.25,0.7999347423184575,0.6129032258064516,0.6785714285714286,0.6440677966101694,6.741935483870968,0.7368626333512778,0.41935483870967744,0.9285714285714286,0.5777777777777778,4.612903225806452,0.8840385802214453,65.0
known_mining_neutral_ratio_1_10,full_feature_graph_guided_m4,groupkfold_state_random_matched,3,Nevada,RandomMatched_XGB,385,1430,308,28,280,0.926530612244898,0.6197933423599004,0.6428571428571429,0.47368421052631576,0.32142857142857145,0.3829787234042553,270,10,19,9,1.0,0.14285714285714285,0.25,11.0,1.0,0.5625,0.32142857142857145,0.40909090909090917,6.1875,0.6696333852379386,0.5483870967741935,0.6071428571428571,0.5762711864406779,6.032258064516128,0.6618923596759473,0.41935483870967744,0.9285714285714286,0.5777777777777778,4.612903225806452,0.8530408315290421,66.0
known_mining_neutral_ratio_1_10,full_feature_graph_guided_m4,groupkfold_state_random_matched,3,Nevada,RandomMatched_XGB,385,1430,308,28,280,0.9422193877551022,0.7429476763612329,0.8089285714285714,0.72,0.6428571428571429,0.6792452830188679,273,7,10,18,1.0,0.14285714285714285,0.25,11.0,1.0,0.75,0.42857142857142855,0.5454545454545454,8.25,0.8164748985266277,0.6129032258064516,0.6785714285714286,0.6440677966101694,6.741935483870968,0.7482579056318223,0.41935483870967744,0.9285714285714286,0.5777777777777778,4.612903225806452,0.897112806051343,67.0
known_mining_neutral_ratio_1_10,full_feature_graph_guided_m4,groupkfold_state_random_matched,3,Nevada,RandomMatched_XGB,385,1430,308,28,280,0.9349489795918368,0.629926188533412,0.8375,0.6451612903225806,0.7142857142857143,0.6779661016949152,269,11,8,20,0.75,0.10714285714285714,0.1875,8.25,0.8048099750039491,0.5625,0.32142857142857145,0.40909090909090917,6.1875,0.6422814744532128,0.6451612903225806,0.7142857142857143,0.6779661016949152,7.096774193548387,0.7197570175523473,0.41935483870967744,0.9285714285714286,0.5777777777777778,4.612903225806452,0.8465262343519339,68.0
known_mining_neutral_ratio_1_10,full_feature_graph_guided_m4,groupkfold_state_random_matched,3,Nevada,RandomMatched_XGB,385,1430,308,28,280,0.9315051020408163,0.710540526731427,0.7892857142857143,0.68,0.6071428571428571,0.6415094339622641,272,8,11,17,1.0,0.14285714285714285,0.25,11.0,1.0,0.8125,0.4642857142857143,0.5909090909090908,8.9375,0.8507291249472607,0.6129032258064516,0.6785714285714286,0.6440677966101694,6.741935483870968,0.741016103316694,0.41935483870967744,0.9285714285714286,0.5777777777777778,4.612903225806452,0.8872500325311982,69.0
known_mining_neutral_ratio_1_10,full_feature_graph_guided_m4,groupkfold_state_random_matched,3,Nevada,RandomMatched_XGB,385,1430,308,28,280,0.9387755102040817,0.7357569950156004,0.8142857142857143,0.5757575757575758,0.6785714285714286,0.6229508196721312,266,14,9,19,1.0,0.14285714285714285,0.25,11.0,1.0,0.8125,0.4642857142857143,0.5909090909090908,8.9375,0.8596582007888656,0.6129032258064516,0.6785714285714286,0.6440677966101694,6.741935483870968,0.7515493819838703,0.41935483870967744,0.9285714285714286,0.5777777777777778,4.612903225806452,0.8960264519163321,70.0
known_mining_neutral_ratio_1_10,full_feature_graph_guided_m4,groupkfold_state_random_matched,3,Nevada,RandomMatched_XGB,385,1430,308,28,280,0.9211734693877551,0.6167619446177472,0.7303571428571429,0.56,0.5,0.5283018867924528,269,11,14,14,1.0,0.14285714285714285,0.25,11.0,1.0,0.5625,0.32142857142857145,0.40909090909090917,6.1875,0.6548306523030331,0.5483870967741935,0.6071428571428571,0.5762711864406779,6.032258064516128,0.6574486906399291,0.41935483870967744,0.9285714285714286,0.5777777777777778,4.612903225806452,0.8497884336225481,71.0
known_mining_neutral_ratio_1_10,full_feature_graph_guided_m4,groupkfold_state_random_matched,3,Nevada,RandomMatched_XGB,385,1430,308,28,280,0.9237244897959184,0.6284596138499524,0.7785714285714285,0.5483870967741935,0.6071428571428571,0.576271186440678,266,14,11,17,0.75,0.10714285714285714,0.1875,8.25,0.8318724637288826,0.5625,0.32142857142857145,0.40909090909090917,6.1875,0.6598013341083742,0.5483870967741935,0.6071428571428571,0.5762711864406779,6.032258064516128,0.6622810358647081,0.4032258064516129,0.8928571428571429,0.5555555555555555,4.435483870967741,0.8346456585883326,72.0
known_mining_neutral_ratio_1_10,full_feature_graph_guided_m4,groupkfold_state_random_matched,3,Nevada,RandomMatched_XGB,385,1430,308,28,280,0.9207908163265306,0.580016642880922,0.7267857142857144,0.5185185185185185,0.5,0.509090909090909,267,13,14,14,0.75,0.10714285714285714,0.1875,8.25,0.8318724637288826,0.5625,0.32142857142857145,0.40909090909090917,6.1875,0.6231522085710204,0.5483870967741935,0.6071428571428571,0.5762711864406779,6.032258064516128,0.633173278671634,0.41935483870967744,0.9285714285714286,0.5777777777777778,4.612903225806452,0.826498527706669,73.0
known_mining_neutral_ratio_1_10,full_feature_graph_guided_m4,groupkfold_state_random_matched,3,Nevada,RandomMatched_XGB,385,1430,308,28,280,0.9338010204081633,0.7505938715733546,0.7839285714285714,0.6071428571428571,0.6071428571428571,0.6071428571428571,269,11,11,17,1.0,0.14285714285714285,0.25,11.0,1.0,0.9375,0.5357142857142857,0.6818181818181818,10.3125,0.9599327545674557,0.5483870967741935,0.6071428571428571,0.5762711864406779,6.032258064516128,0.7171902423930507,0.41935483870967744,0.9285714285714286,0.5777777777777778,4.612903225806452,0.9033645602827279,74.0
known_mining_neutral_ratio_1_10,full_feature_graph_guided_m4,groupkfold_state_random_matched,3,Nevada,RandomMatched_XGB,385,1430,308,28,280,0.9081632653061225,0.5569512081473253,0.7785714285714285,0.5483870967741935,0.6071428571428571,0.576271186440678,266,14,11,17,0.75,0.10714285714285714,0.1875,8.25,0.6096199500078984,0.5625,0.32142857142857145,0.40909090909090917,6.1875,0.562042597776844,0.5483870967741935,0.6071428571428571,0.5762711864406779,6.032258064516128,0.5950922786946047,0.4032258064516129,0.8928571428571429,0.5555555555555555,4.435483870967741,0.7602674257076778,75.0
known_mining_neutral_ratio_1_10,full_feature_graph_guided_m4,groupkfold_state_random_matched,3,Nevada,RandomMatched_XGB,385,1430,308,28,280,0.9325255102040817,0.6529424180971231,0.75,0.6,0.5357142857142857,0.5660377358490566,270,10,13,15,1.0,0.14285714285714285,0.25,11.0,1.0,0.6875,0.39285714285714285,0.5,7.5625,0.7520202479704569,0.5806451612903226,0.6428571428571429,0.6101694915254238,6.387096774193549,0.698025709345402,0.41935483870967744,0.9285714285714286,0.5777777777777778,4.612903225806452,0.8648961104658668,76.0
known_mining_neutral_ratio_1_10,full_feature_graph_guided_m4,groupkfold_state_random_matched,3,Nevada,RandomMatched_XGB,385,1430,308,28,280,0.9292091836734694,0.6110426411017872,0.7589285714285714,0.5161290322580645,0.5714285714285714,0.5423728813559322,265,15,12,16,0.75,0.10714285714285714,0.1875,8.25,0.8318724637288826,0.5625,0.32142857142857145,0.40909090909090917,6.1875,0.6480845474955315,0.5161290322580645,0.5714285714285714,0.5423728813559322,5.677419354838709,0.6276604396966493,0.4032258064516129,0.8928571428571429,0.5555555555555555,4.435483870967741,0.8241344545721191,77.0
known_mining_neutral_ratio_1_10,full_feature_graph_guided_m4,groupkfold_state_random_matched,3,Nevada,RandomMatched_XGB,385,1430,308,28,280,0.9331632653061224,0.7009369655253301,0.7678571428571428,0.6153846153846154,0.5714285714285714,0.5925925925925926,270,10,12,16,1.0,0.14285714285714285,0.25,11.0,1.0,0.75,0.42857142857142855,0.5454545454545454,8.25,0.8113754046598275,0.6129032258064516,0.6785714285714286,0.6440677966101694,6.741935483870968,0.7390994498790399,0.41935483870967744,0.9285714285714286,0.5777777777777778,4.612903225806452,0.8830167545535826,78.0
known_mining_neutral_ratio_1_10,full_feature_graph_guided_m4,groupkfold_state_random_matched,3,Nevada,RandomMatched_XGB,385,1430,308,28,280,0.9385204081632653,0.7276737366137838,0.7857142857142857,0.6296296296296297,0.6071428571428571,0.6181818181818182,270,10,11,17,1.0,0.14285714285714285,0.25,11.0,1.0,0.8125,0.4642857142857143,0.5909090909090908,8.9375,0.8631340925287908,0.5806451612903226,0.6428571428571429,0.6101694915254238,6.387096774193549,0.725324518301832,0.41935483870967744,0.9285714285714286,0.5777777777777778,4.612903225806452,0.8946061263047903,79.0
known_mining_neutral_ratio_1_10,full_feature_graph_guided_m4,groupkfold_state_random_matched,3,Nevada,RandomMatched_XGB,385,1430,308,28,280,0.9424744897959183,0.7807481665223833,0.8107142857142857,0.75,0.6428571428571429,0.6923076923076923,274,6,10,18,1.0,0.14285714285714285,0.25,11.0,1.0,0.8125,0.4642857142857143,0.5909090909090908,8.9375,0.8670437554513255,0.6451612903225806,0.7142857142857143,0.6779661016949152,7.096774193548387,0.7833338884546859,0.41935483870967744,0.9285714285714286,0.5777777777777778,4.612903225806452,0.9105245016092032,80.0
known_mining_neutral_ratio_1_10,full_feature_graph_guided_m4,groupkfold_state_random_matched,3,Nevada,RandomMatched_XGB,385,1430,308,28,280,0.9422193877551022,0.7915826509335108,0.8071428571428572,0.6923076923076923,0.6428571428571429,0.6666666666666666,272,8,10,18,1.0,0.14285714285714285,0.25,11.0,1.0,0.875,0.5,0.6363636363636364,9.625,0.9171375457291092,0.6129032258064516,0.6785714285714286,0.6440677966101694,6.741935483870968,0.7662177663894529,0.41935483870967744,0.9285714285714286,0.5777777777777778,4.612903225806452,0.9154210924511651,81.0
known_mining_neutral_ratio_1_10,full_feature_graph_guided_m4,groupkfold_state_random_matched,3,Nevada,RandomMatched_XGB,385,1430,308,28,280,0.9204081632653062,0.6326953124258958,0.7339285714285715,0.6086956521739131,0.5,0.5490196078431373,271,9,14,14,1.0,0.14285714285714285,0.25,11.0,1.0,0.5625,0.32142857142857145,0.40909090909090917,6.1875,0.6683366296933816,0.5483870967741935,0.6071428571428571,0.5762711864406779,6.032258064516128,0.6680979294521886,0.41935483870967744,0.9285714285714286,0.5777777777777778,4.612903225806452,0.8590838017604309,82.0
known_mining_neutral_ratio_1_10,full_feature_graph_guided_m4,groupkfold_state_random_matched,3,Nevada,RandomMatched_XGB,385,1430,308,28,280,0.9294642857142857,0.670731207917344,0.7785714285714285,0.5483870967741935,0.6071428571428571,0.576271186440678,266,14,11,17,1.0,0.14285714285714285,0.25,11.0,1.0,0.6875,0.39285714285714285,0.5,7.5625,0.7614942363303896,0.5483870967741935,0.6071428571428571,0.5762711864406779,6.032258064516128,0.6835991363088777,0.41935483870967744,0.9285714285714286,0.5777777777777778,4.612903225806452,0.8740053663867619,83.0
known_mining_neutral_ratio_1_10,full_feature_graph_guided_m4,groupkfold_state_random_matched,3,Nevada,RandomMatched_XGB,385,1430,308,28,280,0.9358418367346939,0.7261197586899119,0.7857142857142857,0.6296296296296297,0.6071428571428571,0.6181818181818182,270,10,11,17,1.0,0.14285714285714285,0.25,11.0,1.0,0.8125,0.4642857142857143,0.5909090909090908,8.9375,0.8621583266862908,0.5806451612903226,0.6428571428571429,0.6101694915254238,6.387096774193549,0.7280186107430405,0.41935483870967744,0.9285714285714286,0.5777777777777778,4.612903225806452,0.894588648064938,84.0
known_mining_neutral_ratio_1_10,full_feature_graph_guided_m4,groupkfold_state_random_matched,3,Nevada,RandomMatched_XGB,385,1430,308,28,280,0.9385204081632654,0.7485735500585519,0.8071428571428572,0.6923076923076923,0.6428571428571429,0.6666666666666666,272,8,10,18,1.0,0.14285714285714285,0.25,11.0,1.0,0.8125,0.4642857142857143,0.5909090909090908,8.9375,0.865472797578202,0.5806451612903226,0.6428571428571429,0.6101694915254238,6.387096774193549,0.7322702482570731,0.41935483870967744,0.9285714285714286,0.5777777777777778,4.612903225806452,0.90076464641728,85.0
known_mining_neutral_ratio_1_10,full_feature_graph_guided_m4,groupkfold_state_random_matched,3,Nevada,RandomMatched_XGB,385,1430,308,28,280,0.9478316326530613,0.7755705512372546,0.8107142857142857,0.75,0.6428571428571429,0.6923076923076923,274,6,10,18,1.0,0.14285714285714285,0.25,11.0,1.0,0.8125,0.4642857142857143,0.5909090909090908,8.9375,0.8592319492182708,0.6451612903225806,0.7142857142857143,0.6779661016949152,7.096774193548387,0.7760411031601463,0.41935483870967744,0.9285714285714286,0.5777777777777778,4.612903225806452,0.9067039682073621,86.0
known_mining_neutral_ratio_1_10,full_feature_graph_guided_m4,groupkfold_state_random_matched,3,Nevada,RandomMatched_XGB,385,1430,308,28,280,0.9318877551020409,0.744980813668165,0.7982142857142858,0.5806451612903226,0.6428571428571429,0.6101694915254238,267,13,10,18,1.0,0.14285714285714285,0.25,11.0,1.0,0.8125,0.4642857142857143,0.5909090909090908,8.9375,0.8712343251248879,0.5806451612903226,0.6428571428571429,0.6101694915254238,6.387096774193549,0.7355473092738711,0.41935483870967744,0.9285714285714286,0.5777777777777778,4.612903225806452,0.9018293099042004,87.0
known_mining_neutral_ratio_1_10,full_feature_graph_guided_m4,groupkfold_state_random_matched,3,Nevada,RandomMatched_XGB,385,1430,308,28,280,0.9360969387755101,0.763007183463758,0.8089285714285714,0.72,0.6428571428571429,0.6792452830188679,273,7,10,18,1.0,0.14285714285714285,0.25,11.0,1.0,0.8125,0.4642857142857143,0.5909090909090908,8.9375,0.8678368468040368,0.6451612903225806,0.7142857142857143,0.6779661016949152,7.096774193548387,0.7814241097936389,0.41935483870967744,0.9285714285714286,0.5777777777777778,4.612903225806452,0.9061118624172705,88.0
known_mining_neutral_ratio_1_10,full_feature_graph_guided_m4,groupkfold_state_random_matched,3,Nevada,RandomMatched_XGB,385,1430,308,28,280,0.9357142857142858,0.7197450043204668,0.8089285714285714,0.72,0.6428571428571429,0.6792452830188679,273,7,10,18,1.0,0.14285714285714285,0.25,11.0,1.0,0.75,0.42857142857142855,0.5454545454545454,8.25,0.8166613893345197,0.6129032258064516,0.6785714285714286,0.6440677966101694,6.741935483870968,0.7450658140817951,0.41935483870967744,0.9285714285714286,0.5777777777777778,4.612903225806452,0.8905672072235145,89.0
known_mining_neutral_ratio_1_10,full_feature_graph_guided_m4,groupkfold_state_random_matched,3,Nevada,RandomMatched_XGB,385,1430,308,28,280,0.9288265306122448,0.6626631604276473,0.7482142857142857,0.5769230769230769,0.5357142857142857,0.5555555555555556,269,11,13,15,1.0,0.14285714285714285,0.25,11.0,1.0,0.6875,0.39285714285714285,0.5,7.5625,0.7593804584564934,0.5806451612903226,0.6428571428571429,0.6101694915254238,6.387096774193549,0.7008661592497017,0.41935483870967744,0.9285714285714286,0.5777777777777778,4.612903225806452,0.8699445717067127,90.0
known_mining_neutral_ratio_1_10,full_feature_graph_guided_m4,groupkfold_state_random_matched,3,Nevada,RandomMatched_XGB,385,1430,308,28,280,0.9396683673469388,0.7103012451520039,0.8196428571428571,0.6333333333333333,0.6785714285714286,0.6551724137931034,269,11,9,19,1.0,0.14285714285714285,0.25,11.0,1.0,0.75,0.42857142857142855,0.5454545454545454,8.25,0.8067190851537057,0.6129032258064516,0.6785714285714286,0.6440677966101694,6.741935483870968,0.7413461538064198,0.41935483870967744,0.9285714285714286,0.5777777777777778,4.612903225806452,0.8856275029746749,91.0
known_mining_neutral_ratio_1_10,full_feature_graph_guided_m4,groupkfold_state_random_matched,3,Nevada,RandomMatched_XGB,385,1430,308,28,280,0.9357142857142857,0.7421760377846703,0.7839285714285714,0.6071428571428571,0.6071428571428571,0.6071428571428571,269,11,11,17,1.0,0.14285714285714285,0.25,11.0,1.0,0.8125,0.4642857142857143,0.5909090909090908,8.9375,0.8604747630414727,0.5806451612903226,0.6428571428571429,0.6101694915254238,6.387096774193549,0.7286328303338205,0.41935483870967744,0.9285714285714286,0.5777777777777778,4.612903225806452,0.8985236811277295,92.0
known_mining_neutral_ratio_1_10,full_feature_graph_guided_m4,groupkfold_state_random_matched,3,Nevada,RandomMatched_XGB,385,1430,308,28,280,0.9391581632653062,0.7839808814261497,0.9160714285714285,0.7741935483870968,0.8571428571428571,0.8135593220338984,273,7,4,24,1.0,0.14285714285714285,0.25,11.0,1.0,0.8125,0.4642857142857143,0.5909090909090908,8.9375,0.8589673074914761,0.7741935483870968,0.8571428571428571,0.8135593220338982,8.516129032258064,0.8699832363101406,0.41935483870967744,0.9285714285714286,0.5777777777777778,4.612903225806452,0.9096513505404801,93.0
known_mining_neutral_ratio_1_10,full_feature_graph_guided_m4,groupkfold_state_random_matched,3,Nevada,RandomMatched_XGB,385,1430,308,28,280,0.9289540816326531,0.6350087869881416,0.7964285714285715,0.5625,0.6428571428571429,0.6,266,14,10,18,0.75,0.10714285714285714,0.1875,8.25,0.75369761125927,0.8125,0.4642857142857143,0.5909090909090908,8.9375,0.7990643767963537,0.5806451612903226,0.6428571428571429,0.6101694915254238,6.387096774193549,0.6757353137692819,0.41935483870967744,0.9285714285714286,0.5777777777777778,4.612903225806452,0.8415041990128767,94.0
known_mining_neutral_ratio_1_10,full_feature_graph_guided_m4,groupkfold_state_random_matched,3,Nevada,RandomMatched_XGB,385,1430,308,28,280,0.9232142857142858,0.5683901649000633,0.8,0.6,0.6428571428571429,0.6206896551724138,268,12,10,18,0.75,0.10714285714285714,0.1875,8.25,0.75369761125927,0.4375,0.25,0.3181818181818182,4.8125,0.5325452350660411,0.5806451612903226,0.6428571428571429,0.6101694915254238,6.387096774193549,0.6467732449634418,0.4032258064516129,0.8928571428571429,0.5555555555555555,4.435483870967741,0.7948707504852057,95.0
known_mining_neutral_ratio_1_10,full_feature_graph_guided_m4,groupkfold_state_random_matched,3,Nevada,RandomMatched_XGB,385,1430,308,28,280,0.9215561224489796,0.5878194039530145,0.7660714285714285,0.5925925925925926,0.5714285714285714,0.5818181818181818,269,11,12,16,0.75,0.10714285714285714,0.1875,8.25,0.75369761125927,0.5,0.2857142857142857,0.36363636363636365,5.5,0.5798863578026405,0.5806451612903226,0.6428571428571429,0.6101694915254238,6.387096774193549,0.6550644221273922,0.4032258064516129,0.8928571428571429,0.5555555555555555,4.435483870967741,0.8038972677509194,96.0
known_mining_neutral_ratio_1_10,full_feature_graph_guided_m4,groupkfold_state_random_matched,3,Nevada,RandomMatched_XGB,385,1430,308,28,280,0.9253826530612247,0.6571273613866124,0.7660714285714285,0.5925925925925926,0.5714285714285714,0.5818181818181818,269,11,12,16,1.0,0.14285714285714285,0.25,11.0,1.0,0.625,0.35714285714285715,0.45454545454545453,6.875,0.7204178363754489,0.5161290322580645,0.5714285714285714,0.5423728813559322,5.677419354838709,0.6581998369759311,0.41935483870967744,0.9285714285714286,0.5777777777777778,4.612903225806452,0.8695273392236463,97.0
known_mining_neutral_ratio_1_10,full_feature_graph_guided_m4,groupkfold_state_random_matched,3,Nevada,RandomMatched_XGB,385,1430,308,28,280,0.9395408163265305,0.7189947540261686,0.8053571428571429,0.6666666666666666,0.6428571428571429,0.6545454545454545,271,9,10,18,1.0,0.14285714285714285,0.25,11.0,1.0,0.75,0.42857142857142855,0.5454545454545454,8.25,0.8080979269821196,0.6129032258064516,0.6785714285714286,0.6440677966101694,6.741935483870968,0.7419695900847584,0.41935483870967744,0.9285714285714286,0.5777777777777778,4.612903225806452,0.8882190165593116,98.0
known_mining_neutral_ratio_1_10,full_feature_graph_guided_m4,groupkfold_state_random_matched,3,Nevada,RandomMatched_XGB,385,1430,308,28,280,0.9396683673469388,0.7645922079797802,0.8089285714285714,0.72,0.6428571428571429,0.6792452830188679,273,7,10,18,1.0,0.14285714285714285,0.25,11.0,1.0,0.8125,0.4642857142857143,0.5909090909090908,8.9375,0.8691154125200349,0.5806451612903226,0.6428571428571429,0.6101694915254238,6.387096774193549,0.7348444223358143,0.41935483870967744,0.9285714285714286,0.5777777777777778,4.612903225806452,0.9060806880226867,99.0
known_mining_neutral_ratio_1_10,full_feature_graph_guided_m4,groupkfold_state_random_matched,4,California;Colorado;New Mexico;Oregon,NoClimate_XGB,385,1540,198,18,180,0.895679012345679,0.5564243290618842,0.8166666666666667,0.4482758620689655,0.7222222222222222,0.5531914893617021,164,16,5,13,1.0,0.1111111111111111,0.19999999999999998,11.0,1.0,0.6,0.3333333333333333,0.42857142857142855,6.6,0.6804503724350792,0.55,0.6111111111111112,0.5789473684210527,6.050000000000001,0.6580758640018008,0.325,0.7222222222222222,0.44827586206896547,3.575,0.7232734006812405,
known_mining_neutral_ratio_1_10,full_feature_graph_guided_m4,groupkfold_state_random_matched,4,California;Colorado;New Mexico;Oregon,M4_Spearman_XGB,385,1540,198,18,180,0.921604938271605,0.7458584351317044,0.8416666666666667,0.65,0.7222222222222222,0.6842105263157895,173,7,5,13,1.0,0.1111111111111111,0.19999999999999998,11.0,1.0,0.9,0.5,0.6428571428571429,9.9,0.9363792118010483,0.65,0.7222222222222222,0.6842105263157895,7.15,0.7996578351164114,0.325,0.7222222222222222,0.44827586206896547,3.575,0.7996578351164115,
known_mining_neutral_ratio_1_10,full_feature_graph_guided_m4,groupkfold_state_random_matched,4,California;Colorado;New Mexico;Oregon,DropSelected_XGB,221,1540,198,18,180,0.9104938271604939,0.6606205644574638,0.7972222222222223,0.48,0.6666666666666666,0.5581395348837209,167,13,6,12,1.0,0.1111111111111111,0.19999999999999998,11.0,1.0,0.7,0.3888888888888889,0.5,7.699999999999999,0.8006937664098821,0.5,0.5555555555555556,0.5263157894736842,5.5,0.6739708137232201,0.325,0.7222222222222222,0.44827586206896547,3.575,0.7715590798433586,
known_mining_neutral_ratio_1_10,full_feature_graph_guided_m4,groupkfold_state_random_matched,4,California;Colorado;New Mexico;Oregon,SelectedRawOnly_XGB,164,1540,198,18,180,0.8175925925925925,0.4127461893350679,0.7277777777777779,0.35714285714285715,0.5555555555555556,0.43478260869565216,162,18,8,10,1.0,0.1111111111111111,0.19999999999999998,11.0,1.0,0.5,0.2777777777777778,0.35714285714285715,5.5,0.5680035776621611,0.35,0.3888888888888889,0.36842105263157887,3.8499999999999996,0.47251131899176324,0.3,0.6666666666666666,0.41379310344827586,3.3,0.6297081533338461,
known_mining_neutral_ratio_1_10,full_feature_graph_guided_m4,groupkfold_state_random_matched,4,California;Colorado;New Mexico;Oregon,RandomMatched_XGB,385,1540,198,18,180,0.9138888888888889,0.6956299752038042,0.7833333333333334,0.5789473684210527,0.6111111111111112,0.5945945945945946,172,8,7,11,1.0,0.1111111111111111,0.19999999999999998,11.0,1.0,0.9,0.5,0.6428571428571429,9.9,0.92663607790064,0.6,0.6666666666666666,0.631578947368421,6.6,0.7514102842132633,0.325,0.7222222222222222,0.44827586206896547,3.575,0.7823764348001957,0.0
known_mining_neutral_ratio_1_10,full_feature_graph_guided_m4,groupkfold_state_random_matched,4,California;Colorado;New Mexico;Oregon,RandomMatched_XGB,385,1540,198,18,180,0.9290123456790124,0.6788838302283271,0.8055555555555556,0.5454545454545454,0.6666666666666666,0.6,170,10,6,12,1.0,0.1111111111111111,0.19999999999999998,11.0,1.0,0.8,0.4444444444444444,0.5714285714285714,8.8,0.8415908474314977,0.6,0.6666666666666666,0.631578947368421,6.6,0.7366750378493768,0.35,0.7777777777777778,0.48275862068965514,3.8499999999999996,0.797508239624416,1.0
known_mining_neutral_ratio_1_10,full_feature_graph_guided_m4,groupkfold_state_random_matched,4,California;Colorado;New Mexico;Oregon,RandomMatched_XGB,385,1540,198,18,180,0.9151234567901234,0.6686344919063458,0.7972222222222223,0.48,0.6666666666666666,0.5581395348837209,167,13,6,12,1.0,0.1111111111111111,0.19999999999999998,11.0,1.0,0.7,0.3888888888888889,0.5,7.699999999999999,0.7909506325094736,0.6,0.6666666666666666,0.631578947368421,6.6,0.7364594649177858,0.35,0.7777777777777778,0.48275862068965514,3.8499999999999996,0.7993816845027919,2.0
known_mining_neutral_ratio_1_10,full_feature_graph_guided_m4,groupkfold_state_random_matched,4,California;Colorado;New Mexico;Oregon,RandomMatched_XGB,385,1540,198,18,180,0.9077160493827161,0.7182878569701913,0.8027777777777778,0.5217391304347826,0.6666666666666666,0.5853658536585366,169,11,6,12,1.0,0.1111111111111111,0.19999999999999998,11.0,1.0,0.9,0.5,0.6428571428571429,9.9,0.9337457765456111,0.6,0.6666666666666666,0.631578947368421,6.6,0.7607831469323261,0.325,0.7222222222222222,0.44827586206896547,3.575,0.7917492975192584,3.0
known_mining_neutral_ratio_1_10,full_feature_graph_guided_m4,groupkfold_state_random_matched,4,California;Colorado;New Mexico;Oregon,RandomMatched_XGB,385,1540,198,18,180,0.9030864197530863,0.7555671321017592,0.836111111111111,0.5909090909090909,0.7222222222222222,0.65,171,9,5,13,1.0,0.1111111111111111,0.19999999999999998,11.0,1.0,1.0,0.5555555555555556,0.7142857142857143,11.0,1.0,0.65,0.7222222222222222,0.6842105263157895,7.15,0.8050986144471038,0.325,0.7222222222222222,0.44827586206896547,3.575,0.8050986144471038,4.0
known_mining_neutral_ratio_1_10,full_feature_graph_guided_m4,groupkfold_state_random_matched,4,California;Colorado;New Mexico;Oregon,RandomMatched_XGB,385,1540,198,18,180,0.9188271604938272,0.7589138255864321,0.8083333333333333,0.5714285714285714,0.6666666666666666,0.6153846153846154,171,9,6,12,1.0,0.1111111111111111,0.19999999999999998,11.0,1.0,1.0,0.5555555555555556,0.7142857142857143,11.0,1.0,0.6,0.6666666666666666,0.631578947368421,6.6,0.7713535012064042,0.325,0.7222222222222222,0.44827586206896547,3.575,0.8033095702044782,5.0
known_mining_neutral_ratio_1_10,full_feature_graph_guided_m4,groupkfold_state_random_matched,4,California;Colorado;New Mexico;Oregon,RandomMatched_XGB,385,1540,198,18,180,0.9138888888888889,0.6825711050320525,0.8111111111111111,0.6,0.6666666666666666,0.631578947368421,172,8,6,12,1.0,0.1111111111111111,0.19999999999999998,11.0,1.0,0.8,0.4444444444444444,0.5714285714285714,8.8,0.8454256604216018,0.6,0.6666666666666666,0.631578947368421,6.6,0.7428398106952475,0.35,0.7777777777777778,0.48275862068965514,3.8499999999999996,0.8033470946642991,6.0
known_mining_neutral_ratio_1_10,full_feature_graph_guided_m4,groupkfold_state_random_matched,4,California;Colorado;New Mexico;Oregon,RandomMatched_XGB,385,1540,198,18,180,0.917283950617284,0.5862948356890257,0.8027777777777778,0.5217391304347826,0.6666666666666666,0.5853658536585366,169,11,6,12,0.5,0.05555555555555555,0.09999999999999999,5.5,0.6131471927654584,0.6,0.3333333333333333,0.42857142857142855,6.6,0.6618313225363276,0.6,0.6666666666666666,0.631578947368421,6.6,0.6861809921961485,0.325,0.7222222222222222,0.44827586206896547,3.575,0.7181370611942224,7.0
known_mining_neutral_ratio_1_10,full_feature_graph_guided_m4,groupkfold_state_random_matched,4,California;Colorado;New Mexico;Oregon,RandomMatched_XGB,385,1540,198,18,180,0.9311728395061728,0.6288118063196211,0.8055555555555556,0.5454545454545454,0.6666666666666666,0.6,170,10,6,12,0.5,0.05555555555555555,0.09999999999999999,5.5,0.6131471927654584,0.7,0.3888888888888889,0.5,7.699999999999999,0.7312625444731049,0.6,0.6666666666666666,0.631578947368421,6.6,0.699139825026661,0.35,0.7777777777777778,0.48275862068965514,3.8499999999999996,0.7592009527507378,8.0
known_mining_neutral_ratio_1_10,full_feature_graph_guided_m4,groupkfold_state_random_matched,4,California;Colorado;New Mexico;Oregon,RandomMatched_XGB,385,1540,198,18,180,0.9157407407407407,0.6655909928371482,0.7972222222222223,0.48,0.6666666666666666,0.5581395348837209,167,13,6,12,1.0,0.1111111111111111,0.19999999999999998,11.0,1.0,0.8,0.4444444444444444,0.5714285714285714,8.8,0.8486026589039901,0.6,0.6666666666666666,0.631578947368421,6.6,0.7384276719828714,0.325,0.7222222222222222,0.44827586206896547,3.575,0.7697055862541735,9.0
known_mining_neutral_ratio_1_10,full_feature_graph_guided_m4,groupkfold_state_random_matched,4,California;Colorado;New Mexico;Oregon,RandomMatched_XGB,385,1540,198,18,180,0.9169753086419752,0.7190657223798128,0.8027777777777778,0.5217391304347826,0.6666666666666666,0.5853658536585366,169,11,6,12,1.0,0.1111111111111111,0.19999999999999998,11.0,1.0,0.8,0.4444444444444444,0.5714285714285714,8.8,0.8643145546088339,0.6,0.6666666666666666,0.631578947368421,6.6,0.7580502036624908,0.35,0.7777777777777778,0.48275862068965514,3.8499999999999996,0.8191249615268584,10.0
known_mining_neutral_ratio_1_10,full_feature_graph_guided_m4,groupkfold_state_random_matched,4,California;Colorado;New Mexico;Oregon,RandomMatched_XGB,385,1540,198,18,180,0.9117283950617283,0.6769842242461446,0.8305555555555555,0.5416666666666666,0.7222222222222222,0.6190476190476191,169,11,5,13,1.0,0.1111111111111111,0.19999999999999998,11.0,1.0,0.8,0.4444444444444444,0.5714285714285714,8.8,0.8486026589039901,0.55,0.6111111111111112,0.5789473684210527,6.050000000000001,0.7081993485534183,0.325,0.7222222222222222,0.44827586206896547,3.575,0.774929989191025,11.0
known_mining_neutral_ratio_1_10,full_feature_graph_guided_m4,groupkfold_state_random_matched,4,California;Colorado;New Mexico;Oregon,RandomMatched_XGB,385,1540,198,18,180,0.9179012345679012,0.7469294390928773,0.8388888888888889,0.6190476190476191,0.7222222222222222,0.6666666666666666,172,8,5,13,1.0,0.1111111111111111,0.19999999999999998,11.0,1.0,0.9,0.5,0.6428571428571429,9.9,0.9337457765456111,0.6,0.6666666666666666,0.631578947368421,6.6,0.7652625266730062,0.325,0.7222222222222222,0.44827586206896547,3.575,0.7993358180902759,12.0
known_mining_neutral_ratio_1_10,full_feature_graph_guided_m4,groupkfold_state_random_matched,4,California;Colorado;New Mexico;Oregon,RandomMatched_XGB,385,1540,198,18,180,0.9083333333333333,0.716442209130387,0.8111111111111111,0.6,0.6666666666666666,0.631578947368421,172,8,6,12,1.0,0.1111111111111111,0.19999999999999998,11.0,1.0,0.9,0.5,0.6428571428571429,9.9,0.9363792118010483,0.6,0.6666666666666666,0.631578947368421,6.6,0.7610532542886849,0.325,0.7222222222222222,0.44827586206896547,3.575,0.7930093232867589,13.0
known_mining_neutral_ratio_1_10,full_feature_graph_guided_m4,groupkfold_state_random_matched,4,California;Colorado;New Mexico;Oregon,RandomMatched_XGB,385,1540,198,18,180,0.9157407407407407,0.614522077190641,0.8083333333333333,0.5714285714285714,0.6666666666666666,0.6153846153846154,171,9,6,12,0.5,0.05555555555555555,0.09999999999999999,5.5,0.6131471927654584,0.7,0.3888888888888889,0.5,7.699999999999999,0.7280855459907166,0.6,0.6666666666666666,0.631578947368421,6.6,0.6954870007593148,0.325,0.7222222222222222,0.44827586206896547,3.575,0.7290772366338912,14.0
known_mining_neutral_ratio_1_10,full_feature_graph_guided_m4,groupkfold_state_random_matched,4,California;Colorado;New Mexico;Oregon,RandomMatched_XGB,385,1540,198,18,180,0.9166666666666666,0.7163221451843168,0.7833333333333334,0.5789473684210527,0.6111111111111112,0.5945945945945946,172,8,7,11,1.0,0.1111111111111111,0.19999999999999998,11.0,1.0,0.9,0.5,0.6428571428571429,9.9,0.9363792118010483,0.55,0.6111111111111112,0.5789473684210527,6.050000000000001,0.7239607839632183,0.35,0.7777777777777778,0.48275862068965514,3.8499999999999996,0.8178632046227675,15.0
known_mining_neutral_ratio_1_10,full_feature_graph_guided_m4,groupkfold_state_random_matched,4,California;Colorado;New Mexico;Oregon,RandomMatched_XGB,385,1540,198,18,180,0.9182098765432098,0.6872604057205807,0.8111111111111111,0.6,0.6666666666666666,0.631578947368421,172,8,6,12,1.0,0.1111111111111111,0.19999999999999998,11.0,1.0,0.7,0.3888888888888889,0.5,7.699999999999999,0.7967610662472993,0.6,0.6666666666666666,0.631578947368421,6.6,0.7430237157364019,0.35,0.7777777777777778,0.48275862068965514,3.8499999999999996,0.8060508203890817,16.0
known_mining_neutral_ratio_1_10,full_feature_graph_guided_m4,groupkfold_state_random_matched,4,California;Colorado;New Mexico;Oregon,RandomMatched_XGB,385,1540,198,18,180,0.9160493827160494,0.6433364765436699,0.8055555555555556,0.5454545454545454,0.6666666666666666,0.6,170,10,6,12,1.0,0.1111111111111111,0.19999999999999998,11.0,1.0,0.7,0.3888888888888889,0.5,7.699999999999999,0.7682269253321375,0.6,0.6666666666666666,0.631578947368421,6.6,0.7253945217967781,0.35,0.7777777777777778,0.48275862068965514,3.8499999999999996,0.7846162034948503,17.0
known_mining_neutral_ratio_1_10,full_feature_graph_guided_m4,groupkfold_state_random_matched,4,California;Colorado;New Mexico;Oregon,RandomMatched_XGB,385,1540,198,18,180,0.9070987654320988,0.7327904514947302,0.8083333333333333,0.5714285714285714,0.6666666666666666,0.6153846153846154,171,9,6,12,1.0,0.1111111111111111,0.19999999999999998,11.0,1.0,0.9,0.5,0.6428571428571429,9.9,0.9363792118010483,0.6,0.6666666666666666,0.631578947368421,6.6,0.7663230050506497,0.325,0.7222222222222222,0.44827586206896547,3.575,0.7979303058555131,18.0
known_mining_neutral_ratio_1_10,full_feature_graph_guided_m4,groupkfold_state_random_matched,4,California;Colorado;New Mexico;Oregon,RandomMatched_XGB,385,1540,198,18,180,0.9092592592592592,0.6248486957111324,0.8055555555555556,0.5454545454545454,0.6666666666666666,0.6,170,10,6,12,0.5,0.05555555555555555,0.09999999999999999,5.5,0.38685280723454163,0.9,0.5,0.6428571428571429,9.9,0.77990823370192,0.6,0.6666666666666666,0.631578947368421,6.6,0.6579027009404279,0.325,0.7222222222222222,0.44827586206896547,3.575,0.6882922035598709,19.0
known_mining_neutral_ratio_1_10,full_feature_graph_guided_m4,groupkfold_state_random_matched,4,California;Colorado;New Mexico;Oregon,RandomMatched_XGB,385,1540,198,18,180,0.9040123456790123,0.596469204370171,0.7388888888888889,0.4166666666666667,0.5555555555555556,0.47619047619047616,166,14,8,10,1.0,0.1111111111111111,0.19999999999999998,11.0,1.0,0.7,0.3888888888888889,0.5,7.699999999999999,0.7849818707050383,0.45,0.5,0.4736842105263158,4.95,0.6154238927693504,0.325,0.7222222222222222,0.44827586206896547,3.575,0.7453867877482374,20.0
known_mining_neutral_ratio_1_10,full_feature_graph_guided_m4,groupkfold_state_random_matched,4,California;Colorado;New Mexico;Oregon,RandomMatched_XGB,385,1540,198,18,180,0.9287037037037036,0.675121070595981,0.7972222222222223,0.48,0.6666666666666666,0.5581395348837209,167,13,6,12,1.0,0.1111111111111111,0.19999999999999998,11.0,1.0,0.8,0.4444444444444444,0.5714285714285714,8.8,0.823699893396571,0.6,0.6666666666666666,0.631578947368421,6.6,0.7261225765545316,0.375,0.8333333333333334,0.5172413793103448,4.125,0.8186397595928787,21.0
known_mining_neutral_ratio_1_10,full_feature_graph_guided_m4,groupkfold_state_random_matched,4,California;Colorado;New Mexico;Oregon,RandomMatched_XGB,385,1540,198,18,180,0.8941358024691358,0.6793566271842092,0.7888888888888889,0.42857142857142855,0.6666666666666666,0.5217391304347826,164,16,6,12,1.0,0.1111111111111111,0.19999999999999998,11.0,1.0,0.9,0.5,0.6428571428571429,9.9,0.9216017310213247,0.55,0.6111111111111112,0.5789473684210527,6.050000000000001,0.7150588747959005,0.325,0.7222222222222222,0.44827586206896547,3.575,0.7776460419582674,22.0
known_mining_neutral_ratio_1_10,full_feature_graph_guided_m4,groupkfold_state_random_matched,4,California;Colorado;New Mexico;Oregon,RandomMatched_XGB,385,1540,198,18,180,0.9126543209876543,0.6757959991381538,0.7694444444444445,0.4583333333333333,0.6111111111111112,0.5238095238095238,167,13,7,11,1.0,0.1111111111111111,0.19999999999999998,11.0,1.0,0.9,0.5,0.6428571428571429,9.9,0.9216017310213247,0.55,0.6111111111111112,0.5789473684210527,6.050000000000001,0.7131368094051628,0.325,0.7222222222222222,0.44827586206896547,3.575,0.7757102607969584,23.0
known_mining_neutral_ratio_1_10,full_feature_graph_guided_m4,groupkfold_state_random_matched,4,California;Colorado;New Mexico;Oregon,RandomMatched_XGB,385,1540,198,18,180,0.9114197530864199,0.6218765869888802,0.8,0.5,0.6666666666666666,0.5714285714285714,168,12,6,12,1.0,0.1111111111111111,0.19999999999999998,11.0,1.0,0.7,0.3888888888888889,0.5,7.699999999999999,0.7849818707050383,0.45,0.5,0.4736842105263158,4.95,0.6200922651811764,0.35,0.7777777777777778,0.48275862068965514,3.8499999999999996,0.7811635119073188,24.0
known_mining_neutral_ratio_1_10,full_feature_graph_guided_m4,groupkfold_state_random_matched,4,California;Colorado;New Mexico;Oregon,RandomMatched_XGB,385,1540,198,18,180,0.9231481481481482,0.6828541495323363,0.8333333333333333,0.5652173913043478,0.7222222222222222,0.6341463414634146,170,10,5,13,1.0,0.1111111111111111,0.19999999999999998,11.0,1.0,0.7,0.3888888888888889,0.5,7.699999999999999,0.791726719367984,0.6,0.6666666666666666,0.631578947368421,6.6,0.740982787174461,0.35,0.7777777777777778,0.48275862068965514,3.8499999999999996,0.8029343927503936,25.0
known_mining_neutral_ratio_1_10,full_feature_graph_guided_m4,groupkfold_state_random_matched,4,California;Colorado;New Mexico;Oregon,RandomMatched_XGB,385,1540,198,18,180,0.916358024691358,0.7182774351505177,0.7972222222222223,0.48,0.6666666666666666,0.5581395348837209,167,13,6,12,1.0,0.1111111111111111,0.19999999999999998,11.0,1.0,0.9,0.5,0.6428571428571429,9.9,0.9305687780632229,0.6,0.6666666666666666,0.631578947368421,6.6,0.7585767417837962,0.325,0.7222222222222222,0.44827586206896547,3.575,0.7905328107818701,26.0
known_mining_neutral_ratio_1_10,full_feature_graph_guided_m4,groupkfold_state_random_matched,4,California;Colorado;New Mexico;Oregon,RandomMatched_XGB,385,1540,198,18,180,0.9188271604938272,0.5978280121044163,0.8027777777777778,0.5217391304347826,0.6666666666666666,0.5853658536585366,169,11,6,12,1.0,0.1111111111111111,0.19999999999999998,11.0,1.0,0.6,0.3333333333333333,0.42857142857142855,6.6,0.6987957033953602,0.6,0.6666666666666666,0.631578947368421,6.6,0.7060253402337169,0.325,0.7222222222222222,0.44827586206896547,3.575,0.7379814092317907,27.0
known_mining_neutral_ratio_1_10,full_feature_graph_guided_m4,groupkfold_state_random_matched,4,California;Colorado;New Mexico;Oregon,RandomMatched_XGB,385,1540,198,18,180,0.9212962962962963,0.7116181195953188,0.8027777777777778,0.5217391304347826,0.6666666666666666,0.5853658536585366,169,11,6,12,1.0,0.1111111111111111,0.19999999999999998,11.0,1.0,0.8,0.4444444444444444,0.5714285714285714,8.8,0.8630152897016883,0.6,0.6666666666666666,0.631578947368421,6.6,0.7527435053366305,0.35,0.7777777777777778,0.48275862068965514,3.8499999999999996,0.8126634691589727,28.0
known_mining_neutral_ratio_1_10,full_feature_graph_guided_m4,groupkfold_state_random_matched,4,California;Colorado;New Mexico;Oregon,RandomMatched_XGB,385,1540,198,18,180,0.9203703703703704,0.6875770112440925,0.8111111111111111,0.6,0.6666666666666666,0.631578947368421,172,8,6,12,1.0,0.1111111111111111,0.19999999999999998,11.0,1.0,0.8,0.4444444444444444,0.5714285714285714,8.8,0.8482378089219648,0.6,0.6666666666666666,0.631578947368421,6.6,0.7426457607254576,0.35,0.7777777777777778,0.48275862068965514,3.8499999999999996,0.8041396446064595,29.0
known_mining_neutral_ratio_1_10,full_feature_graph_guided_m4,groupkfold_state_random_matched,4,California;Colorado;New Mexico;Oregon,RandomMatched_XGB,385,1540,198,18,180,0.9070987654320988,0.668003916751534,0.8305555555555555,0.5416666666666666,0.7222222222222222,0.6190476190476191,169,11,5,13,1.0,0.1111111111111111,0.19999999999999998,11.0,1.0,0.8,0.4444444444444444,0.5714285714285714,8.8,0.857980942822373,0.55,0.6111111111111112,0.5789473684210527,6.050000000000001,0.7075751012177556,0.325,0.7222222222222222,0.44827586206896547,3.575,0.7743057418553623,30.0
known_mining_neutral_ratio_1_10,full_feature_graph_guided_m4,groupkfold_state_random_matched,4,California;Colorado;New Mexico;Oregon,RandomMatched_XGB,385,1540,198,18,180,0.912962962962963,0.7331645879767947,0.8111111111111111,0.6,0.6666666666666666,0.631578947368421,172,8,6,12,1.0,0.1111111111111111,0.19999999999999998,11.0,1.0,0.9,0.5,0.6428571428571429,9.9,0.9363792118010483,0.6,0.6666666666666666,0.631578947368421,6.6,0.7626827957855352,0.325,0.7222222222222222,0.44827586206896547,3.575,0.7942900965903986,31.0
known_mining_neutral_ratio_1_10,full_feature_graph_guided_m4,groupkfold_state_random_matched,4,California;Colorado;New Mexico;Oregon,RandomMatched_XGB,385,1540,198,18,180,0.9145061728395061,0.679526515344329,0.7833333333333334,0.5789473684210527,0.6111111111111112,0.5945945945945946,172,8,7,11,1.0,0.1111111111111111,0.19999999999999998,11.0,1.0,0.8,0.4444444444444444,0.5714285714285714,8.8,0.8643145546088339,0.55,0.6111111111111112,0.5789473684210527,6.050000000000001,0.7129306145624984,0.325,0.7222222222222222,0.44827586206896547,3.575,0.7776783201303921,32.0
known_mining_neutral_ratio_1_10,full_feature_graph_guided_m4,groupkfold_state_random_matched,4,California;Colorado;New Mexico;Oregon,RandomMatched_XGB,385,1540,198,18,180,0.8993827160493827,0.6690055566135853,0.8083333333333333,0.5714285714285714,0.6666666666666666,0.6153846153846154,171,9,6,12,1.0,0.1111111111111111,0.19999999999999998,11.0,1.0,0.8,0.4444444444444444,0.5714285714285714,8.8,0.8630152897016883,0.6,0.6666666666666666,0.631578947368421,6.6,0.7442387559522943,0.325,0.7222222222222222,0.44827586206896547,3.575,0.7752049065392266,33.0
known_mining_neutral_ratio_1_10,full_feature_graph_guided_m4,groupkfold_state_random_matched,4,California;Colorado;New Mexico;Oregon,RandomMatched_XGB,385,1540,198,18,180,0.9172839506172838,0.6642088570776197,0.8027777777777778,0.5217391304347826,0.6666666666666666,0.5853658536585366,169,11,6,12,1.0,0.1111111111111111,0.19999999999999998,11.0,1.0,0.7,0.3888888888888889,0.5,7.699999999999999,0.7788065869851875,0.6,0.6666666666666666,0.631578947368421,6.6,0.7336263083557428,0.35,0.7777777777777778,0.48275862068965514,3.8499999999999996,0.7958195933025299,34.0
known_mining_neutral_ratio_1_10,full_feature_graph_guided_m4,groupkfold_state_random_matched,4,California;Colorado;New Mexico;Oregon,RandomMatched_XGB,385,1540,198,18,180,0.9086419753086419,0.6967301618946357,0.7722222222222223,0.4782608695652174,0.6111111111111112,0.5365853658536586,168,12,7,11,1.0,0.1111111111111111,0.19999999999999998,11.0,1.0,0.9,0.5,0.6428571428571429,9.9,0.9337457765456111,0.55,0.6111111111111112,0.5789473684210527,6.050000000000001,0.7221838137855469,0.325,0.7222222222222222,0.44827586206896547,3.575,0.7846321017497261,35.0
known_mining_neutral_ratio_1_10,full_feature_graph_guided_m4,groupkfold_state_random_matched,4,California;Colorado;New Mexico;Oregon,RandomMatched_XGB,385,1540,198,18,180,0.9055555555555554,0.6869156717377622,0.8083333333333333,0.5714285714285714,0.6666666666666666,0.6153846153846154,171,9,6,12,1.0,0.1111111111111111,0.19999999999999998,11.0,1.0,0.8,0.4444444444444444,0.5714285714285714,8.8,0.8701249883466594,0.6,0.6666666666666666,0.631578947368421,6.6,0.7500291018511417,0.325,0.7222222222222222,0.44827586206896547,3.575,0.7827492178254017,36.0
known_mining_neutral_ratio_1_10,full_feature_graph_guided_m4,groupkfold_state_random_matched,4,California;Colorado;New Mexico;Oregon,RandomMatched_XGB,385,1540,198,18,180,0.9160493827160494,0.609761289130989,0.7972222222222223,0.48,0.6666666666666666,0.5581395348837209,167,13,6,12,1.0,0.1111111111111111,0.19999999999999998,11.0,1.0,0.6,0.3333333333333333,0.42857142857142855,6.6,0.7019727018777485,0.6,0.6666666666666666,0.631578947368421,6.6,0.7126637422806569,0.35,0.7777777777777778,0.48275862068965514,3.8499999999999996,0.7722880222431614,37.0
known_mining_neutral_ratio_1_10,full_feature_graph_guided_m4,groupkfold_state_random_matched,4,California;Colorado;New Mexico;Oregon,RandomMatched_XGB,385,1540,198,18,180,0.9027777777777777,0.5907017174044231,0.7916666666666666,0.4444444444444444,0.6666666666666666,0.5333333333333333,165,15,6,12,1.0,0.1111111111111111,0.19999999999999998,11.0,1.0,0.7,0.3888888888888889,0.5,7.699999999999999,0.7702043899253147,0.45,0.5,0.4736842105263158,4.95,0.6087142795843876,0.35,0.7777777777777778,0.48275862068965514,3.8499999999999996,0.7693473408815434,38.0
known_mining_neutral_ratio_1_10,full_feature_graph_guided_m4,groupkfold_state_random_matched,4,California;Colorado;New Mexico;Oregon,RandomMatched_XGB,385,1540,198,18,180,0.9092592592592593,0.6734307284921461,0.7722222222222223,0.4782608695652174,0.6111111111111112,0.5365853658536586,168,12,7,11,1.0,0.1111111111111111,0.19999999999999998,11.0,1.0,0.8,0.4444444444444444,0.5714285714285714,8.8,0.857980942822373,0.55,0.6111111111111112,0.5789473684210527,6.050000000000001,0.7107859779884284,0.325,0.7222222222222222,0.44827586206896547,3.575,0.7747840082339906,39.0
known_mining_neutral_ratio_1_10,full_feature_graph_guided_m4,groupkfold_state_random_matched,4,California;Colorado;New Mexico;Oregon,RandomMatched_XGB,385,1540,198,18,180,0.9145061728395062,0.6911307062450854,0.7944444444444445,0.46153846153846156,0.6666666666666666,0.5454545454545454,166,14,6,12,1.0,0.1111111111111111,0.19999999999999998,11.0,1.0,0.8,0.4444444444444444,0.5714285714285714,8.8,0.857980942822373,0.6,0.6666666666666666,0.631578947368421,6.6,0.7486371167269679,0.325,0.7222222222222222,0.44827586206896547,3.575,0.7799150309982701,40.0
known_mining_neutral_ratio_1_10,full_feature_graph_guided_m4,groupkfold_state_random_matched,4,California;Colorado;New Mexico;Oregon,RandomMatched_XGB,385,1540,198,18,180,0.8864197530864197,0.6176610782557912,0.7777777777777778,0.5238095238095238,0.6111111111111112,0.5641025641025641,170,10,7,11,1.0,0.1111111111111111,0.19999999999999998,11.0,1.0,0.8,0.4444444444444444,0.5714285714285714,8.8,0.8165901947515999,0.55,0.6111111111111112,0.5789473684210527,6.050000000000001,0.6836452247527881,0.325,0.7222222222222222,0.44827586206896547,3.575,0.7479059273544588,41.0
known_mining_neutral_ratio_1_10,full_feature_graph_guided_m4,groupkfold_state_random_matched,4,California;Colorado;New Mexico;Oregon,RandomMatched_XGB,385,1540,198,18,180,0.9120370370370371,0.6562674855820563,0.8055555555555556,0.5454545454545454,0.6666666666666666,0.6,170,10,6,12,1.0,0.1111111111111111,0.19999999999999998,11.0,1.0,0.7,0.3888888888888889,0.5,7.699999999999999,0.7859162856301584,0.6,0.6666666666666666,0.631578947368421,6.6,0.7351536699038581,0.325,0.7222222222222222,0.44827586206896547,3.575,0.7678737858781184,42.0
known_mining_neutral_ratio_1_10,full_feature_graph_guided_m4,groupkfold_state_random_matched,4,California;Colorado;New Mexico;Oregon,RandomMatched_XGB,385,1540,198,18,180,0.8666666666666667,0.5481612753059243,0.7916666666666666,0.4444444444444444,0.6666666666666666,0.5333333333333333,165,15,6,12,0.5,0.05555555555555555,0.09999999999999999,5.5,0.6131471927654584,0.7,0.3888888888888889,0.5,7.699999999999999,0.7026305163854646,0.6,0.6666666666666666,0.631578947368421,6.6,0.6772783720401924,0.325,0.7222222222222222,0.44827586206896547,3.575,0.7074004262456912,43.0
known_mining_neutral_ratio_1_10,full_feature_graph_guided_m4,groupkfold_state_random_matched,4,California;Colorado;New Mexico;Oregon,RandomMatched_XGB,385,1540,198,18,180,0.9194444444444444,0.7420239421350989,0.8138888888888889,0.631578947368421,0.6666666666666666,0.6486486486486487,173,7,6,12,1.0,0.1111111111111111,0.19999999999999998,11.0,1.0,0.9,0.5,0.6428571428571429,9.9,0.9363792118010483,0.6,0.6666666666666666,0.631578947368421,6.6,0.7645232900489897,0.35,0.7777777777777778,0.48275862068965514,3.8499999999999996,0.8250305740180413,44.0
known_mining_neutral_ratio_1_10,full_feature_graph_guided_m4,groupkfold_state_random_matched,4,California;Colorado;New Mexico;Oregon,RandomMatched_XGB,385,1540,198,18,180,0.9203703703703704,0.7140951289989915,0.8277777777777777,0.52,0.7222222222222222,0.6046511627906976,168,12,5,13,1.0,0.1111111111111111,0.19999999999999998,11.0,1.0,0.9,0.5,0.6428571428571429,9.9,0.9305687780632229,0.55,0.6111111111111112,0.5789473684210527,6.050000000000001,0.7193275021364703,0.35,0.7777777777777778,0.48275862068965514,3.8499999999999996,0.8152257928963984,45.0
known_mining_neutral_ratio_1_10,full_feature_graph_guided_m4,groupkfold_state_random_matched,4,California;Colorado;New Mexico;Oregon,RandomMatched_XGB,385,1540,198,18,180,0.9253086419753085,0.6317017259602491,0.8444444444444444,0.6842105263157895,0.7222222222222222,0.7027027027027027,174,6,5,13,0.5,0.05555555555555555,0.09999999999999999,5.5,0.6131471927654584,0.7,0.3888888888888889,0.5,7.699999999999999,0.7241528458281337,0.65,0.7222222222222222,0.6842105263157895,7.15,0.7318645005002256,0.35,0.7777777777777778,0.48275862068965514,3.8499999999999996,0.760613024605913,46.0
known_mining_neutral_ratio_1_10,full_feature_graph_guided_m4,groupkfold_state_random_matched,4,California;Colorado;New Mexico;Oregon,RandomMatched_XGB,385,1540,198,18,180,0.9194444444444444,0.6999672552178817,0.8,0.5,0.6666666666666666,0.5714285714285714,168,12,6,12,1.0,0.1111111111111111,0.19999999999999998,11.0,1.0,0.9,0.5,0.6428571428571429,9.9,0.92663607790064,0.55,0.6111111111111112,0.5789473684210527,6.050000000000001,0.7172342944136946,0.35,0.7777777777777778,0.48275862068965514,3.8499999999999996,0.8113726609785707,47.0
known_mining_neutral_ratio_1_10,full_feature_graph_guided_m4,groupkfold_state_random_matched,4,California;Colorado;New Mexico;Oregon,RandomMatched_XGB,385,1540,198,18,180,0.8969135802469136,0.6812225468077794,0.8305555555555555,0.5416666666666666,0.7222222222222222,0.6190476190476191,169,11,5,13,1.0,0.1111111111111111,0.19999999999999998,11.0,1.0,0.8,0.4444444444444444,0.5714285714285714,8.8,0.8486026589039901,0.6,0.6666666666666666,0.631578947368421,6.6,0.7439691475003966,0.325,0.7222222222222222,0.44827586206896547,3.575,0.777559383374973,48.0
known_mining_neutral_ratio_1_10,full_feature_graph_guided_m4,groupkfold_state_random_matched,4,California;Colorado;New Mexico;Oregon,RandomMatched_XGB,385,1540,198,18,180,0.9191358024691358,0.6018418420437506,0.8083333333333333,0.5714285714285714,0.6666666666666666,0.6153846153846154,171,9,6,12,0.5,0.05555555555555555,0.09999999999999999,5.5,0.6131471927654584,0.7,0.3888888888888889,0.5,7.699999999999999,0.7215194105726963,0.6,0.6666666666666666,0.631578947368421,6.6,0.6900011656030021,0.375,0.8333333333333334,0.5172413793103448,4.125,0.7791065012926038,49.0
known_mining_neutral_ratio_1_10,full_feature_graph_guided_m4,groupkfold_state_random_matched,4,California;Colorado;New Mexico;Oregon,RandomMatched_XGB,385,1540,198,18,180,0.9151234567901234,0.6939707622864321,0.8111111111111111,0.6,0.6666666666666666,0.631578947368421,172,8,6,12,1.0,0.1111111111111111,0.19999999999999998,11.0,1.0,0.8,0.4444444444444444,0.5714285714285714,8.8,0.8643145546088339,0.6,0.6666666666666666,0.631578947368421,6.6,0.7484526487181288,0.325,0.7222222222222222,0.44827586206896547,3.575,0.7825259401353984,50.0
known_mining_neutral_ratio_1_10,full_feature_graph_guided_m4,groupkfold_state_random_matched,4,California;Colorado;New Mexico;Oregon,RandomMatched_XGB,385,1540,198,18,180,0.9166666666666666,0.6971446483976328,0.8333333333333333,0.5652173913043478,0.7222222222222222,0.6341463414634146,170,10,5,13,1.0,0.1111111111111111,0.19999999999999998,11.0,1.0,0.9,0.5,0.6428571428571429,9.9,0.9216017310213247,0.6,0.6666666666666666,0.631578947368421,6.6,0.7474813166581116,0.35,0.7777777777777778,0.48275862068965514,3.8499999999999996,0.8093702455268293,51.0
known_mining_neutral_ratio_1_10,full_feature_graph_guided_m4,groupkfold_state_random_matched,4,California;Colorado;New Mexico;Oregon,RandomMatched_XGB,385,1540,198,18,180,0.9070987654320988,0.6617995364803334,0.8083333333333333,0.5714285714285714,0.6666666666666666,0.6153846153846154,171,9,6,12,1.0,0.1111111111111111,0.19999999999999998,11.0,1.0,0.7,0.3888888888888889,0.5,7.699999999999999,0.8006937664098821,0.55,0.6111111111111112,0.5789473684210527,6.050000000000001,0.7063521480371766,0.325,0.7222222222222222,0.44827586206896547,3.575,0.7720327402593096,52.0
known_mining_neutral_ratio_1_10,full_feature_graph_guided_m4,groupkfold_state_random_matched,4,California;Colorado;New Mexico;Oregon,RandomMatched_XGB,385,1540,198,18,180,0.911111111111111,0.6263390337375718,0.7916666666666666,0.4444444444444444,0.6666666666666666,0.5333333333333333,165,15,6,12,0.5,0.05555555555555555,0.09999999999999999,5.5,0.6131471927654584,0.9,0.5,0.6428571428571429,9.9,0.8611375561264456,0.5,0.5555555555555556,0.5263157894736842,5.5,0.6368990219256301,0.325,0.7222222222222222,0.44827586206896547,3.575,0.7342347723114286,53.0
known_mining_neutral_ratio_1_10,full_feature_graph_guided_m4,groupkfold_state_random_matched,4,California;Colorado;New Mexico;Oregon,RandomMatched_XGB,385,1540,198,18,180,0.8981481481481481,0.6619694101234432,0.8333333333333333,0.5652173913043478,0.7222222222222222,0.6341463414634146,170,10,5,13,1.0,0.1111111111111111,0.19999999999999998,11.0,1.0,0.7,0.3888888888888889,0.5,7.699999999999999,0.7819835854675756,0.6,0.6666666666666666,0.631578947368421,6.6,0.7373676230136135,0.325,0.7222222222222222,0.44827586206896547,3.575,0.7714409144308831,54.0
known_mining_neutral_ratio_1_10,full_feature_graph_guided_m4,groupkfold_state_random_matched,4,California;Colorado;New Mexico;Oregon,RandomMatched_XGB,385,1540,198,18,180,0.9222222222222222,0.7671503165897536,0.8111111111111111,0.6,0.6666666666666666,0.631578947368421,172,8,6,12,1.0,0.1111111111111111,0.19999999999999998,11.0,1.0,1.0,0.5555555555555556,0.7142857142857143,11.0,1.0,0.6,0.6666666666666666,0.631578947368421,6.6,0.7691836710243187,0.35,0.7777777777777778,0.48275862068965514,3.8499999999999996,0.8342231130285205,55.0
known_mining_neutral_ratio_1_10,full_feature_graph_guided_m4,groupkfold_state_random_matched,4,California;Colorado;New Mexico;Oregon,RandomMatched_XGB,385,1540,198,18,180,0.9185185185185185,0.6856264526918002,0.8305555555555555,0.5416666666666666,0.7222222222222222,0.6190476190476191,169,11,5,13,1.0,0.1111111111111111,0.19999999999999998,11.0,1.0,0.8,0.4444444444444444,0.5714285714285714,8.8,0.8643145546088339,0.6,0.6666666666666666,0.631578947368421,6.6,0.7466301347093879,0.325,0.7222222222222222,0.44827586206896547,3.575,0.779350250683648,56.0
known_mining_neutral_ratio_1_10,full_feature_graph_guided_m4,groupkfold_state_random_matched,4,California;Colorado;New Mexico;Oregon,RandomMatched_XGB,385,1540,198,18,180,0.9175925925925926,0.6895143621556206,0.7861111111111111,0.41379310344827586,0.6666666666666666,0.5106382978723404,163,17,6,12,1.0,0.1111111111111111,0.19999999999999998,11.0,1.0,0.9,0.5,0.6428571428571429,9.9,0.9216017310213247,0.6,0.6666666666666666,0.631578947368421,6.6,0.7496511468401973,0.325,0.7222222222222222,0.44827586206896547,3.575,0.7797732010456961,57.0
known_mining_neutral_ratio_1_10,full_feature_graph_guided_m4,groupkfold_state_random_matched,4,California;Colorado;New Mexico;Oregon,RandomMatched_XGB,385,1540,198,18,180,0.9117283950617283,0.567414646173668,0.8,0.5,0.6666666666666666,0.5714285714285714,168,12,6,12,1.0,0.1111111111111111,0.19999999999999998,11.0,1.0,0.7,0.3888888888888889,0.5,7.699999999999999,0.7503359712972109,0.45,0.5,0.4736842105263158,4.95,0.5896151072215703,0.35,0.7777777777777778,0.48275862068965514,3.8499999999999996,0.7505598645279496,58.0
known_mining_neutral_ratio_1_10,full_feature_graph_guided_m4,groupkfold_state_random_matched,4,California;Colorado;New Mexico;Oregon,RandomMatched_XGB,385,1540,198,18,180,0.9006172839506172,0.6849393528021143,0.8027777777777778,0.5217391304347826,0.6666666666666666,0.5853658536585366,169,11,6,12,1.0,0.1111111111111111,0.19999999999999998,11.0,1.0,0.8,0.4444444444444444,0.5714285714285714,8.8,0.8603818544462509,0.6,0.6666666666666666,0.631578947368421,6.6,0.7503831545875798,0.325,0.7222222222222222,0.44827586206896547,3.575,0.7831032705618398,59.0
known_mining_neutral_ratio_1_10,full_feature_graph_guided_m4,groupkfold_state_random_matched,4,California;Colorado;New Mexico;Oregon,RandomMatched_XGB,385,1540,198,18,180,0.9027777777777777,0.6265620395938654,0.8222222222222222,0.48148148148148145,0.7222222222222222,0.5777777777777777,166,14,5,13,1.0,0.1111111111111111,0.19999999999999998,11.0,1.0,0.7,0.3888888888888889,0.5,7.699999999999999,0.793584067764911,0.55,0.6111111111111112,0.5789473684210527,6.050000000000001,0.6936940849698593,0.325,0.7222222222222222,0.44827586206896547,3.575,0.7593746771919921,60.0
known_mining_neutral_ratio_1_10,full_feature_graph_guided_m4,groupkfold_state_random_matched,4,California;Colorado;New Mexico;Oregon,RandomMatched_XGB,385,1540,198,18,180,0.9055555555555556,0.6455493805441396,0.8055555555555556,0.5454545454545454,0.6666666666666666,0.6,170,10,6,12,1.0,0.1111111111111111,0.19999999999999998,11.0,1.0,0.7,0.3888888888888889,0.5,7.699999999999999,0.7909506325094736,0.55,0.6111111111111112,0.5789473684210527,6.050000000000001,0.7009329452165998,0.325,0.7222222222222222,0.44827586206896547,3.575,0.7661304818960395,61.0
known_mining_neutral_ratio_1_10,full_feature_graph_guided_m4,groupkfold_state_random_matched,4,California;Colorado;New Mexico;Oregon,RandomMatched_XGB,385,1540,198,18,180,0.899074074074074,0.6458846684743065,0.7944444444444445,0.46153846153846156,0.6666666666666666,0.5454545454545454,166,14,6,12,1.0,0.1111111111111111,0.19999999999999998,11.0,1.0,0.8,0.4444444444444444,0.5714285714285714,8.8,0.8553475075669357,0.5,0.5555555555555556,0.5263157894736842,5.5,0.6680590175571287,0.35,0.7777777777777778,0.48275862068965514,3.8499999999999996,0.7950645037538279,62.0
known_mining_neutral_ratio_1_10,full_feature_graph_guided_m4,groupkfold_state_random_matched,4,California;Colorado;New Mexico;Oregon,RandomMatched_XGB,385,1540,198,18,180,0.9203703703703704,0.7584766504253116,0.8083333333333333,0.5714285714285714,0.6666666666666666,0.6153846153846154,171,9,6,12,1.0,0.1111111111111111,0.19999999999999998,11.0,1.0,1.0,0.5555555555555556,0.7142857142857143,11.0,1.0,0.6,0.6666666666666666,0.631578947368421,6.6,0.7694314358156666,0.35,0.7777777777777778,0.48275862068965514,3.8499999999999996,0.8311053650253368,63.0
known_mining_neutral_ratio_1_10,full_feature_graph_guided_m4,groupkfold_state_random_matched,4,California;Colorado;New Mexico;Oregon,RandomMatched_XGB,385,1540,198,18,180,0.9138888888888889,0.6960961390785952,0.836111111111111,0.5909090909090909,0.7222222222222222,0.65,171,9,5,13,1.0,0.1111111111111111,0.19999999999999998,11.0,1.0,0.7,0.3888888888888889,0.5,7.699999999999999,0.8006937664098821,0.6,0.6666666666666666,0.631578947368421,6.6,0.7502848052944444,0.325,0.7222222222222222,0.44827586206896547,3.575,0.7838750411690207,64.0
known_mining_neutral_ratio_1_10,full_feature_graph_guided_m4,groupkfold_state_random_matched,4,California;Colorado;New Mexico;Oregon,RandomMatched_XGB,385,1540,198,18,180,0.907716049382716,0.5758530390270588,0.7944444444444445,0.46153846153846156,0.6666666666666666,0.5454545454545454,166,14,6,12,1.0,0.1111111111111111,0.19999999999999998,11.0,1.0,0.7,0.3888888888888889,0.5,7.699999999999999,0.7411902110103873,0.55,0.6111111111111112,0.5789473684210527,6.050000000000001,0.6618093107977571,0.35,0.7777777777777778,0.48275862068965514,3.8499999999999996,0.7545185321656228,65.0
known_mining_neutral_ratio_1_10,full_feature_graph_guided_m4,groupkfold_state_random_matched,4,California;Colorado;New Mexico;Oregon,RandomMatched_XGB,385,1540,198,18,180,0.9003086419753086,0.7228546192326611,0.8111111111111111,0.6,0.6666666666666666,0.631578947368421,172,8,6,12,1.0,0.1111111111111111,0.19999999999999998,11.0,1.0,0.9,0.5,0.6428571428571429,9.9,0.9363792118010483,0.6,0.6666666666666666,0.631578947368421,6.6,0.7620247478192493,0.325,0.7222222222222222,0.44827586206896547,3.575,0.7956149836938258,66.0
known_mining_neutral_ratio_1_10,full_feature_graph_guided_m4,groupkfold_state_random_matched,4,California;Colorado;New Mexico;Oregon,RandomMatched_XGB,385,1540,198,18,180,0.9015432098765432,0.617367354049132,0.8277777777777777,0.52,0.7222222222222222,0.6046511627906976,168,12,5,13,1.0,0.1111111111111111,0.19999999999999998,11.0,1.0,0.8,0.4444444444444444,0.5714285714285714,8.8,0.8318477135310892,0.6,0.6666666666666666,0.631578947368421,6.6,0.7178010884427366,0.35,0.7777777777777778,0.48275862068965514,3.8499999999999996,0.7788825741183528,67.0
known_mining_neutral_ratio_1_10,full_feature_graph_guided_m4,groupkfold_state_random_matched,4,California;Colorado;New Mexico;Oregon,RandomMatched_XGB,385,1540,198,18,180,0.8780864197530864,0.6776999413058792,0.7972222222222223,0.48,0.6666666666666666,0.5581395348837209,167,13,6,12,1.0,0.1111111111111111,0.19999999999999998,11.0,1.0,0.8,0.4444444444444444,0.5714285714285714,8.8,0.857980942822373,0.6,0.6666666666666666,0.631578947368421,6.6,0.7526608303191945,0.3,0.6666666666666666,0.41379310344827586,3.3,0.7526608303191946,68.0
known_mining_neutral_ratio_1_10,full_feature_graph_guided_m4,groupkfold_state_random_matched,4,California;Colorado;New Mexico;Oregon,RandomMatched_XGB,385,1540,198,18,180,0.9237654320987654,0.7239096138332985,0.836111111111111,0.5909090909090909,0.7222222222222222,0.65,171,9,5,13,1.0,0.1111111111111111,0.19999999999999998,11.0,1.0,0.8,0.4444444444444444,0.5714285714285714,8.8,0.8630152897016883,0.65,0.7222222222222222,0.6842105263157895,7.15,0.789577311766763,0.35,0.7777777777777778,0.48275862068965514,3.8499999999999996,0.8179386814681194,69.0
known_mining_neutral_ratio_1_10,full_feature_graph_guided_m4,groupkfold_state_random_matched,4,California;Colorado;New Mexico;Oregon,RandomMatched_XGB,385,1540,198,18,180,0.9117283950617284,0.598073514468185,0.8083333333333333,0.5714285714285714,0.6666666666666666,0.6153846153846154,171,9,6,12,1.0,0.1111111111111111,0.19999999999999998,11.0,1.0,0.6,0.3333333333333333,0.42857142857142855,6.6,0.6969383549984333,0.55,0.6111111111111112,0.5789473684210527,6.050000000000001,0.6741614400137103,0.35,0.7777777777777778,0.48275862068965514,3.8499999999999996,0.7670555958544965,70.0
known_mining_neutral_ratio_1_10,full_feature_graph_guided_m4,groupkfold_state_random_matched,4,California;Colorado;New Mexico;Oregon,RandomMatched_XGB,385,1540,198,18,180,0.9200617283950617,0.6737709424000531,0.8055555555555556,0.5454545454545454,0.6666666666666666,0.6,170,10,6,12,1.0,0.1111111111111111,0.19999999999999998,11.0,1.0,0.8,0.4444444444444444,0.5714285714285714,8.8,0.8521705090845474,0.6,0.6666666666666666,0.631578947368421,6.6,0.7404631770171023,0.325,0.7222222222222222,0.44827586206896547,3.575,0.7720704778219657,71.0
known_mining_neutral_ratio_1_10,full_feature_graph_guided_m4,groupkfold_state_random_matched,4,California;Colorado;New Mexico;Oregon,RandomMatched_XGB,385,1540,198,18,180,0.9018518518518518,0.6077645752430809,0.8,0.5,0.6666666666666666,0.5714285714285714,168,12,6,12,0.5,0.05555555555555555,0.09999999999999999,5.5,0.6131471927654584,0.8,0.4444444444444444,0.5714285714285714,8.8,0.7975167679274939,0.55,0.6111111111111112,0.5789473684210527,6.050000000000001,0.6651625814941942,0.35,0.7777777777777778,0.48275862068965514,3.8499999999999996,0.7585703009284909,72.0
known_mining_neutral_ratio_1_10,full_feature_graph_guided_m4,groupkfold_state_random_matched,4,California;Colorado;New Mexico;Oregon,RandomMatched_XGB,385,1540,198,18,180,0.9302469135802469,0.7118364020917106,0.8138888888888889,0.631578947368421,0.6666666666666666,0.6486486486486487,173,7,6,12,1.0,0.1111111111111111,0.19999999999999998,11.0,1.0,0.8,0.4444444444444444,0.5714285714285714,8.8,0.8553475075669357,0.6,0.6666666666666666,0.631578947368421,6.6,0.7488768439275437,0.325,0.7222222222222222,0.44827586206896547,3.575,0.7829501353448134,73.0
known_mining_neutral_ratio_1_10,full_feature_graph_guided_m4,groupkfold_state_random_matched,4,California;Colorado;New Mexico;Oregon,RandomMatched_XGB,385,1540,198,18,180,0.9052469135802468,0.6826501603146939,0.8222222222222222,0.48148148148148145,0.7222222222222222,0.5777777777777777,166,14,5,13,1.0,0.1111111111111111,0.19999999999999998,11.0,1.0,0.8,0.4444444444444444,0.5714285714285714,8.8,0.8701249883466594,0.6,0.6666666666666666,0.631578947368421,6.6,0.7487292294797342,0.325,0.7222222222222222,0.44827586206896547,3.575,0.7803365302845975,74.0
known_mining_neutral_ratio_1_10,full_feature_graph_guided_m4,groupkfold_state_random_matched,4,California;Colorado;New Mexico;Oregon,RandomMatched_XGB,385,1540,198,18,180,0.9070987654320988,0.6657795081988447,0.775,0.5,0.6111111111111112,0.55,169,11,7,11,1.0,0.1111111111111111,0.19999999999999998,11.0,1.0,0.7,0.3888888888888889,0.5,7.699999999999999,0.8006937664098821,0.55,0.6111111111111112,0.5789473684210527,6.050000000000001,0.705442355438798,0.375,0.8333333333333334,0.5172413793103448,4.125,0.828910891838216,75.0
known_mining_neutral_ratio_1_10,full_feature_graph_guided_m4,groupkfold_state_random_matched,4,California;Colorado;New Mexico;Oregon,RandomMatched_XGB,385,1540,198,18,180,0.9370370370370371,0.734306762464346,0.8444444444444444,0.6842105263157895,0.7222222222222222,0.7027027027027027,174,6,5,13,1.0,0.1111111111111111,0.19999999999999998,11.0,1.0,0.9,0.5,0.6428571428571429,9.9,0.9305687780632229,0.65,0.7222222222222222,0.6842105263157895,7.15,0.7892056102413325,0.375,0.8333333333333334,0.5172413793103448,4.125,0.8490437270907485,76.0
known_mining_neutral_ratio_1_10,full_feature_graph_guided_m4,groupkfold_state_random_matched,4,California;Colorado;New Mexico;Oregon,RandomMatched_XGB,385,1540,198,18,180,0.9015432098765431,0.6914133497854328,0.8027777777777778,0.5217391304347826,0.6666666666666666,0.5853658536585366,169,11,6,12,1.0,0.1111111111111111,0.19999999999999998,11.0,1.0,0.9,0.5,0.6428571428571429,9.9,0.9337457765456111,0.55,0.6111111111111112,0.5789473684210527,6.050000000000001,0.7197080705628874,0.325,0.7222222222222222,0.44827586206896547,3.575,0.7839687731645583,77.0
known_mining_neutral_ratio_1_10,full_feature_graph_guided_m4,groupkfold_state_random_matched,4,California;Colorado;New Mexico;Oregon,RandomMatched_XGB,385,1540,198,18,180,0.8962962962962963,0.6840918951004916,0.8,0.5,0.6666666666666666,0.5714285714285714,168,12,6,12,1.0,0.1111111111111111,0.19999999999999998,11.0,1.0,0.8,0.4444444444444444,0.5714285714285714,8.8,0.8630152897016883,0.55,0.6111111111111112,0.5789473684210527,6.050000000000001,0.7160911983439101,0.325,0.7222222222222222,0.44827586206896547,3.575,0.7824907235198602,78.0
known_mining_neutral_ratio_1_10,full_feature_graph_guided_m4,groupkfold_state_random_matched,4,California;Colorado;New Mexico;Oregon,RandomMatched_XGB,385,1540,198,18,180,0.9290123456790123,0.730167073288339,0.7833333333333334,0.5789473684210527,0.6111111111111112,0.5945945945945946,172,8,7,11,1.0,0.1111111111111111,0.19999999999999998,11.0,1.0,0.9,0.5,0.6428571428571429,9.9,0.9337457765456111,0.55,0.6111111111111112,0.5789473684210527,6.050000000000001,0.7259186550381708,0.325,0.7222222222222222,0.44827586206896547,3.575,0.7919480154535142,79.0
known_mining_neutral_ratio_1_10,full_feature_graph_guided_m4,groupkfold_state_random_matched,4,California;Colorado;New Mexico;Oregon,RandomMatched_XGB,385,1540,198,18,180,0.9058641975308641,0.5988620475654166,0.7916666666666666,0.4444444444444444,0.6666666666666666,0.5333333333333333,165,15,6,12,1.0,0.1111111111111111,0.19999999999999998,11.0,1.0,0.7,0.3888888888888889,0.5,7.699999999999999,0.7791714369672128,0.5,0.5555555555555556,0.5263157894736842,5.5,0.6473091056367326,0.35,0.7777777777777778,0.48275862068965514,3.8499999999999996,0.7726512939140194,80.0
known_mining_neutral_ratio_1_10,full_feature_graph_guided_m4,groupkfold_state_random_matched,4,California;Colorado;New Mexico;Oregon,RandomMatched_XGB,385,1540,198,18,180,0.9138888888888889,0.5695421645901861,0.7944444444444445,0.46153846153846156,0.6666666666666666,0.5454545454545454,166,14,6,12,1.0,0.1111111111111111,0.19999999999999998,11.0,1.0,0.6,0.3333333333333333,0.42857142857142855,6.6,0.6652907408280684,0.55,0.6111111111111112,0.5789473684210527,6.050000000000001,0.6543291770717684,0.325,0.7222222222222222,0.44827586206896547,3.575,0.7178925468747054,81.0
known_mining_neutral_ratio_1_10,full_feature_graph_guided_m4,groupkfold_state_random_matched,4,California;Colorado;New Mexico;Oregon,RandomMatched_XGB,385,1540,198,18,180,0.9182098765432098,0.7059362761991421,0.8055555555555556,0.5454545454545454,0.6666666666666666,0.6,170,10,6,12,1.0,0.1111111111111111,0.19999999999999998,11.0,1.0,0.8,0.4444444444444444,0.5714285714285714,8.8,0.8512360941594275,0.6,0.6666666666666666,0.631578947368421,6.6,0.7499263699443856,0.325,0.7222222222222222,0.44827586206896547,3.575,0.7830667747074159,82.0
known_mining_neutral_ratio_1_10,full_feature_graph_guided_m4,groupkfold_state_random_matched,4,California;Colorado;New Mexico;Oregon,RandomMatched_XGB,385,1540,198,18,180,0.8919753086419753,0.6742050985867429,0.8055555555555556,0.5454545454545454,0.6666666666666666,0.6,170,10,6,12,1.0,0.1111111111111111,0.19999999999999998,11.0,1.0,0.7,0.3888888888888889,0.5,7.699999999999999,0.8006937664098821,0.6,0.6666666666666666,0.631578947368421,6.6,0.7453557846493949,0.35,0.7777777777777778,0.48275862068965514,3.8499999999999996,0.805514300425236,83.0
known_mining_neutral_ratio_1_10,full_feature_graph_guided_m4,groupkfold_state_random_matched,4,California;Colorado;New Mexico;Oregon,RandomMatched_XGB,385,1540,198,18,180,0.9135802469135802,0.6757537442839395,0.8138888888888889,0.631578947368421,0.6666666666666666,0.6486486486486487,173,7,6,12,1.0,0.1111111111111111,0.19999999999999998,11.0,1.0,0.8,0.4444444444444444,0.5714285714285714,8.8,0.8603818544462509,0.6,0.6666666666666666,0.631578947368421,6.6,0.7430803822440836,0.35,0.7777777777777778,0.48275862068965514,3.8499999999999996,0.803784975347845,84.0
known_mining_neutral_ratio_1_10,full_feature_graph_guided_m4,groupkfold_state_random_matched,4,California;Colorado;New Mexico;Oregon,RandomMatched_XGB,385,1540,198,18,180,0.9197530864197531,0.7518964755682731,0.8138888888888889,0.631578947368421,0.6666666666666666,0.6486486486486487,173,7,6,12,1.0,0.1111111111111111,0.19999999999999998,11.0,1.0,1.0,0.5555555555555556,0.7142857142857143,11.0,1.0,0.6,0.6666666666666666,0.631578947368421,6.6,0.7660612846441702,0.35,0.7777777777777778,0.48275862068965514,3.8499999999999996,0.8281720616154129,85.0
known_mining_neutral_ratio_1_10,full_feature_graph_guided_m4,groupkfold_state_random_matched,4,California;Colorado;New Mexico;Oregon,RandomMatched_XGB,385,1540,198,18,180,0.9160493827160494,0.6916687171568302,0.8055555555555556,0.5454545454545454,0.6666666666666666,0.6,170,10,6,12,1.0,0.1111111111111111,0.19999999999999998,11.0,1.0,0.8,0.4444444444444444,0.5714285714285714,8.8,0.857980942822373,0.55,0.6111111111111112,0.5789473684210527,6.050000000000001,0.7156907103828055,0.325,0.7222222222222222,0.44827586206896547,3.575,0.7805588605286838,86.0
known_mining_neutral_ratio_1_10,full_feature_graph_guided_m4,groupkfold_state_random_matched,4,California;Colorado;New Mexico;Oregon,RandomMatched_XGB,385,1540,198,18,180,0.921604938271605,0.6689140549479702,0.7805555555555556,0.55,0.6111111111111112,0.5789473684210527,171,9,7,11,1.0,0.1111111111111111,0.19999999999999998,11.0,1.0,0.7,0.3888888888888889,0.5,7.699999999999999,0.8006937664098821,0.55,0.6111111111111112,0.5789473684210527,6.050000000000001,0.7027610346483484,0.35,0.7777777777777778,0.48275862068965514,3.8499999999999996,0.7990783909238521,87.0
known_mining_neutral_ratio_1_10,full_feature_graph_guided_m4,groupkfold_state_random_matched,4,California;Colorado;New Mexico;Oregon,RandomMatched_XGB,385,1540,198,18,180,0.9089506172839505,0.647708427156167,0.8027777777777778,0.5217391304347826,0.6666666666666666,0.5853658536585366,169,11,6,12,1.0,0.1111111111111111,0.19999999999999998,11.0,1.0,0.7,0.3888888888888889,0.5,7.699999999999999,0.7859162856301584,0.6,0.6666666666666666,0.631578947368421,6.6,0.7326146640950891,0.325,0.7222222222222222,0.44827586206896547,3.575,0.7649408978537697,88.0
known_mining_neutral_ratio_1_10,full_feature_graph_guided_m4,groupkfold_state_random_matched,4,California;Colorado;New Mexico;Oregon,RandomMatched_XGB,385,1540,198,18,180,0.9212962962962963,0.728484500061074,0.8277777777777777,0.52,0.7222222222222222,0.6046511627906976,168,12,5,13,1.0,0.1111111111111111,0.19999999999999998,11.0,1.0,0.9,0.5,0.6428571428571429,9.9,0.9363792118010483,0.55,0.6111111111111112,0.5789473684210527,6.050000000000001,0.7268314257112738,0.35,0.7777777777777778,0.48275862068965514,3.8499999999999996,0.8214964194502178,89.0
known_mining_neutral_ratio_1_10,full_feature_graph_guided_m4,groupkfold_state_random_matched,4,California;Colorado;New Mexico;Oregon,RandomMatched_XGB,385,1540,198,18,180,0.9154320987654321,0.7240600448933784,0.8305555555555555,0.5416666666666666,0.7222222222222222,0.6190476190476191,169,11,5,13,1.0,0.1111111111111111,0.19999999999999998,11.0,1.0,0.9,0.5,0.6428571428571429,9.9,0.9337457765456111,0.55,0.6111111111111112,0.5789473684210527,6.050000000000001,0.7259186550381708,0.35,0.7777777777777778,0.48275862068965514,3.8499999999999996,0.8210734321310567,90.0
known_mining_neutral_ratio_1_10,full_feature_graph_guided_m4,groupkfold_state_random_matched,4,California;Colorado;New Mexico;Oregon,RandomMatched_XGB,385,1540,198,18,180,0.9182098765432098,0.7004346856399998,0.8027777777777778,0.5217391304347826,0.6666666666666666,0.5853658536585366,169,11,6,12,1.0,0.1111111111111111,0.19999999999999998,11.0,1.0,0.8,0.4444444444444444,0.5714285714285714,8.8,0.8603818544462509,0.55,0.6111111111111112,0.5789473684210527,6.050000000000001,0.7173482578528928,0.35,0.7777777777777778,0.48275862068965514,3.8499999999999996,0.811486624417769,91.0
known_mining_neutral_ratio_1_10,full_feature_graph_guided_m4,groupkfold_state_random_matched,4,California;Colorado;New Mexico;Oregon,RandomMatched_XGB,385,1540,198,18,180,0.9253086419753086,0.7167542486986932,0.8111111111111111,0.6,0.6666666666666666,0.631578947368421,172,8,6,12,1.0,0.1111111111111111,0.19999999999999998,11.0,1.0,0.8,0.4444444444444444,0.5714285714285714,8.8,0.8603818544462509,0.6,0.6666666666666666,0.631578947368421,6.6,0.7531180567998711,0.35,0.7777777777777778,0.48275862068965514,3.8499999999999996,0.8147919860095414,92.0
known_mining_neutral_ratio_1_10,full_feature_graph_guided_m4,groupkfold_state_random_matched,4,California;Colorado;New Mexico;Oregon,RandomMatched_XGB,385,1540,198,18,180,0.8919753086419753,0.6686012731185146,0.7916666666666666,0.4444444444444444,0.6666666666666666,0.5333333333333333,165,15,6,12,1.0,0.1111111111111111,0.19999999999999998,11.0,1.0,0.9,0.5,0.6428571428571429,9.9,0.92663607790064,0.55,0.6111111111111112,0.5789473684210527,6.050000000000001,0.7107662070002086,0.325,0.7222222222222222,0.44827586206896547,3.575,0.7756343571460871,93.0
known_mining_neutral_ratio_1_10,full_feature_graph_guided_m4,groupkfold_state_random_matched,4,California;Colorado;New Mexico;Oregon,RandomMatched_XGB,385,1540,198,18,180,0.9203703703703705,0.5811520494378647,0.7944444444444445,0.46153846153846156,0.6666666666666666,0.5454545454545454,166,14,6,12,0.5,0.05555555555555555,0.09999999999999999,5.5,0.38685280723454163,0.7,0.3888888888888889,0.5,7.699999999999999,0.6402900881481708,0.6,0.6666666666666666,0.631578947368421,6.6,0.6390136941131647,0.35,0.7777777777777778,0.48275862068965514,3.8499999999999996,0.697431960272249,94.0
known_mining_neutral_ratio_1_10,full_feature_graph_guided_m4,groupkfold_state_random_matched,4,California;Colorado;New Mexico;Oregon,RandomMatched_XGB,385,1540,198,18,180,0.9342592592592593,0.7135176182514583,0.8027777777777778,0.5217391304347826,0.6666666666666666,0.5853658536585366,169,11,6,12,1.0,0.1111111111111111,0.19999999999999998,11.0,1.0,0.9,0.5,0.6428571428571429,9.9,0.9216017310213247,0.6,0.6666666666666666,0.631578947368421,6.6,0.7522329162486502,0.35,0.7777777777777778,0.48275862068965514,3.8499999999999996,0.8121528800709924,95.0
known_mining_neutral_ratio_1_10,full_feature_graph_guided_m4,groupkfold_state_random_matched,4,California;Colorado;New Mexico;Oregon,RandomMatched_XGB,385,1540,198,18,180,0.9070987654320987,0.701573471252441,0.8055555555555556,0.5454545454545454,0.6666666666666666,0.6,170,10,6,12,1.0,0.1111111111111111,0.19999999999999998,11.0,1.0,0.8,0.4444444444444444,0.5714285714285714,8.8,0.8701249883466594,0.6,0.6666666666666666,0.631578947368421,6.6,0.7542862515342874,0.325,0.7222222222222222,0.44827586206896547,3.575,0.7858935523391507,96.0
known_mining_neutral_ratio_1_10,full_feature_graph_guided_m4,groupkfold_state_random_matched,4,California;Colorado;New Mexico;Oregon,RandomMatched_XGB,385,1540,198,18,180,0.9271604938271605,0.7274711579144926,0.8111111111111111,0.6,0.6666666666666666,0.631578947368421,172,8,6,12,1.0,0.1111111111111111,0.19999999999999998,11.0,1.0,0.9,0.5,0.6428571428571429,9.9,0.9363792118010483,0.6,0.6666666666666666,0.631578947368421,6.6,0.7566554456752879,0.35,0.7777777777777778,0.48275862068965514,3.8499999999999996,0.8196521461610627,97.0
known_mining_neutral_ratio_1_10,full_feature_graph_guided_m4,groupkfold_state_random_matched,4,California;Colorado;New Mexico;Oregon,RandomMatched_XGB,385,1540,198,18,180,0.9148148148148147,0.7206125624173607,0.836111111111111,0.5909090909090909,0.7222222222222222,0.65,171,9,5,13,1.0,0.1111111111111111,0.19999999999999998,11.0,1.0,0.9,0.5,0.6428571428571429,9.9,0.9216017310213247,0.6,0.6666666666666666,0.631578947368421,6.6,0.7568784896533953,0.325,0.7222222222222222,0.44827586206896547,3.575,0.7904687255279716,98.0
known_mining_neutral_ratio_1_10,full_feature_graph_guided_m4,groupkfold_state_random_matched,4,California;Colorado;New Mexico;Oregon,RandomMatched_XGB,385,1540,198,18,180,0.9228395061728394,0.7191771094402674,0.8027777777777778,0.5217391304347826,0.6666666666666666,0.5853658536585366,169,11,6,12,1.0,0.1111111111111111,0.19999999999999998,11.0,1.0,0.9,0.5,0.6428571428571429,9.9,0.92663607790064,0.6,0.6666666666666666,0.631578947368421,6.6,0.7576744501103884,0.35,0.7777777777777778,0.48275862068965514,3.8499999999999996,0.816706286538839,99.0
known_mining_neutral_ratio_1_10,full_feature_graph_guided_m4,groupkfold_state_random_matched,5,Idaho;Montana;Utah;Wyoming,NoClimate_XGB,385,1551,187,17,170,0.985121107266436,0.7917145762733998,0.9764705882352941,0.68,1.0,0.8095238095238095,162,8,0,17,0.5,0.058823529411764705,0.10526315789473684,5.5,0.6131471927654584,0.8,0.47058823529411764,0.5925925925925927,8.8,0.7877736340270853,0.7368421052631579,0.8235294117647058,0.7777777777777778,8.105263157894736,0.8047680913872917,0.4473684210526316,1.0,0.6181818181818182,4.921052631578947,0.9108189652096409,
known_mining_neutral_ratio_1_10,full_feature_graph_guided_m4,groupkfold_state_random_matched,5,Idaho;Montana;Utah;Wyoming,M4_Spearman_XGB,385,1551,187,17,170,0.9705882352941176,0.7731366019601313,0.9058823529411765,0.5555555555555556,0.8823529411764706,0.6818181818181818,158,12,2,15,1.0,0.11764705882352941,0.21052631578947367,11.0,1.0,0.8,0.47058823529411764,0.5925925925925927,8.8,0.8389574121760603,0.631578947368421,0.7058823529411765,0.6666666666666667,6.947368421052631,0.7689547386652877,0.4473684210526316,1.0,0.6181818181818182,4.921052631578947,0.9302862647681132,
known_mining_neutral_ratio_1_10,full_feature_graph_guided_m4,groupkfold_state_random_matched,5,Idaho;Montana;Utah;Wyoming,DropSelected_XGB,206,1551,187,17,170,0.9837370242214534,0.8159236543507644,0.9764705882352941,0.68,1.0,0.8095238095238095,162,8,0,17,1.0,0.11764705882352941,0.21052631578947367,11.0,1.0,0.8,0.47058823529411764,0.5925925925925927,8.8,0.8318477135310892,0.6842105263157895,0.7647058823529411,0.7222222222222222,7.526315789473684,0.8009609827029432,0.4473684210526316,1.0,0.6181818181818182,4.921052631578947,0.9404792638181486,
known_mining_neutral_ratio_1_10,full_feature_graph_guided_m4,groupkfold_state_random_matched,5,Idaho;Montana;Utah;Wyoming,SelectedRawOnly_XGB,179,1551,187,17,170,0.955363321799308,0.6529162537714872,0.7411764705882353,0.5294117647058824,0.5294117647058824,0.5294117647058824,162,8,8,9,1.0,0.11764705882352941,0.21052631578947367,11.0,1.0,0.6,0.35294117647058826,0.4444444444444445,6.6,0.6906478832608419,0.5263157894736842,0.5882352941176471,0.5555555555555555,5.789473684210526,0.6512617224897551,0.42105263157894735,0.9411764705882353,0.5818181818181818,4.63157894736842,0.8522871194391906,
known_mining_neutral_ratio_1_10,full_feature_graph_guided_m4,groupkfold_state_random_matched,5,Idaho;Montana;Utah;Wyoming,RandomMatched_XGB,385,1551,187,17,170,0.9498269896193772,0.542503711611046,0.8411764705882352,0.48148148148148145,0.7647058823529411,0.5909090909090909,156,14,4,13,0.0,0.0,0.0,0.0,0.0,0.6,0.35294117647058826,0.4444444444444445,6.6,0.5111707781750247,0.47368421052631576,0.5294117647058824,0.5,5.2105263157894735,0.48560178681927374,0.42105263157894735,0.9411764705882353,0.5818181818181818,4.63157894736842,0.7192283138768393,0.0
known_mining_neutral_ratio_1_10,full_feature_graph_guided_m4,groupkfold_state_random_matched,5,Idaho;Montana;Utah;Wyoming,RandomMatched_XGB,385,1551,187,17,170,0.9501730103806229,0.5830135385710823,0.8676470588235294,0.4827586206896552,0.8235294117647058,0.6086956521739131,155,15,3,14,0.5,0.058823529411764705,0.10526315789473684,5.5,0.38685280723454163,0.5,0.29411764705882354,0.37037037037037035,5.5,0.5072380780124418,0.5789473684210527,0.6470588235294118,0.6111111111111113,6.368421052631579,0.6016658909791689,0.39473684210526316,0.8823529411764706,0.5454545454545454,4.342105263157895,0.7350119083254391,1.0
known_mining_neutral_ratio_1_10,full_feature_graph_guided_m4,groupkfold_state_random_matched,5,Idaho;Montana;Utah;Wyoming,RandomMatched_XGB,385,1551,187,17,170,0.9588235294117646,0.5820806617617209,0.8735294117647059,0.5185185185185185,0.8235294117647058,0.6363636363636364,157,13,3,14,0.0,0.0,0.0,0.0,0.0,0.7,0.4117647058823529,0.5185185185185185,7.699999999999999,0.571614567891588,0.5789473684210527,0.6470588235294118,0.6111111111111113,6.368421052631579,0.5652980809582708,0.4473684210526316,1.0,0.6181818181818182,4.921052631578947,0.7616918236985418,2.0
known_mining_neutral_ratio_1_10,full_feature_graph_guided_m4,groupkfold_state_random_matched,5,Idaho;Montana;Utah;Wyoming,RandomMatched_XGB,385,1551,187,17,170,0.9674740484429065,0.6896987570486894,0.8823529411764706,0.5833333333333334,0.8235294117647058,0.6829268292682927,160,10,3,14,1.0,0.11764705882352941,0.21052631578947367,11.0,1.0,0.6,0.35294117647058826,0.4444444444444445,6.6,0.6867151830982592,0.5789473684210527,0.6470588235294118,0.6111111111111113,6.368421052631579,0.6891478089544594,0.4473684210526316,1.0,0.6181818181818182,4.921052631578947,0.8925907757826529,3.0
known_mining_neutral_ratio_1_10,full_feature_graph_guided_m4,groupkfold_state_random_matched,5,Idaho;Montana;Utah;Wyoming,RandomMatched_XGB,385,1551,187,17,170,0.9567474048442907,0.6378661261719408,0.8735294117647059,0.5185185185185185,0.8235294117647058,0.6363636363636364,157,13,3,14,0.5,0.058823529411764705,0.10526315789473684,5.5,0.38685280723454163,0.7,0.4117647058823529,0.5185185185185185,7.699999999999999,0.6402900881481708,0.5789473684210527,0.6470588235294118,0.6111111111111113,6.368421052631579,0.6209767281418941,0.39473684210526316,0.8823529411764706,0.5454545454545454,4.342105263157895,0.75729959253183,4.0
known_mining_neutral_ratio_1_10,full_feature_graph_guided_m4,groupkfold_state_random_matched,5,Idaho;Montana;Utah;Wyoming,RandomMatched_XGB,385,1551,187,17,170,0.9598615916955018,0.6325297578238754,0.8764705882352941,0.5384615384615384,0.8235294117647058,0.6511627906976745,158,12,3,14,0.5,0.058823529411764705,0.10526315789473684,5.5,0.6131471927654584,0.6,0.35294117647058826,0.4444444444444445,6.6,0.6306637463657284,0.5789473684210527,0.6470588235294118,0.6111111111111113,6.368421052631579,0.6569145729181735,0.4473684210526316,1.0,0.6181818181818182,4.921052631578947,0.8525604962349448,5.0
known_mining_neutral_ratio_1_10,full_feature_graph_guided_m4,groupkfold_state_random_matched,5,Idaho;Montana;Utah;Wyoming,RandomMatched_XGB,385,1551,187,17,170,0.9536332179930795,0.5986720815906832,0.8794117647058823,0.56,0.8235294117647058,0.6666666666666666,159,11,3,14,0.5,0.058823529411764705,0.10526315789473684,5.5,0.38685280723454163,0.6,0.35294117647058826,0.4444444444444445,6.6,0.5734923014668308,0.5789473684210527,0.6470588235294118,0.6111111111111113,6.368421052631579,0.6052955223484002,0.39473684210526316,0.8823529411764706,0.5454545454545454,4.342105263157895,0.7418478386713155,6.0
known_mining_neutral_ratio_1_10,full_feature_graph_guided_m4,groupkfold_state_random_matched,5,Idaho;Montana;Utah;Wyoming,RandomMatched_XGB,385,1551,187,17,170,0.9709342560553633,0.7453971305390532,0.9088235294117647,0.5769230769230769,0.8823529411764706,0.6976744186046512,159,11,2,15,1.0,0.11764705882352941,0.21052631578947367,11.0,1.0,0.6,0.35294117647058826,0.4444444444444445,6.6,0.718362797268624,0.6842105263157895,0.7647058823529411,0.7222222222222222,7.526315789473684,0.7908541440151173,0.4473684210526316,1.0,0.6181818181818182,4.921052631578947,0.9228166124418363,7.0
known_mining_neutral_ratio_1_10,full_feature_graph_guided_m4,groupkfold_state_random_matched,5,Idaho;Montana;Utah;Wyoming,RandomMatched_XGB,385,1551,187,17,170,0.9591695501730104,0.6598915055247183,0.8441176470588235,0.5,0.7647058823529411,0.6046511627906976,157,13,4,13,1.0,0.11764705882352941,0.21052631578947367,11.0,1.0,0.6,0.35294117647058826,0.4444444444444445,6.6,0.6809047493604335,0.5789473684210527,0.6470588235294118,0.6111111111111113,6.368421052631579,0.6891115545753658,0.4473684210526316,1.0,0.6181818181818182,4.921052631578947,0.8835990114393383,8.0
known_mining_neutral_ratio_1_10,full_feature_graph_guided_m4,groupkfold_state_random_matched,5,Idaho;Montana;Utah;Wyoming,RandomMatched_XGB,385,1551,187,17,170,0.9557093425605536,0.6362954914129564,0.8676470588235294,0.4827586206896552,0.8235294117647058,0.6086956521739131,155,15,3,14,0.5,0.058823529411764705,0.10526315789473684,5.5,0.6131471927654584,0.6,0.35294117647058826,0.4444444444444445,6.6,0.6520881886359192,0.5789473684210527,0.6470588235294118,0.6111111111111113,6.368421052631579,0.6655509535657519,0.42105263157894735,0.9411764705882353,0.5818181818181818,4.63157894736842,0.8314447334473403,9.0
known_mining_neutral_ratio_1_10,full_feature_graph_guided_m4,groupkfold_state_random_matched,5,Idaho;Montana;Utah;Wyoming,RandomMatched_XGB,385,1551,187,17,170,0.959515570934256,0.6439904101469067,0.8676470588235294,0.4827586206896552,0.8235294117647058,0.6086956521739131,155,15,3,14,0.5,0.058823529411764705,0.10526315789473684,5.5,0.38685280723454163,0.7,0.4117647058823529,0.5185185185185185,7.699999999999999,0.6429235234036081,0.631578947368421,0.7058823529411765,0.6666666666666667,6.947368421052631,0.6564151583065069,0.39473684210526316,0.8823529411764706,0.5454545454545454,4.342105263157895,0.7591465620981124,10.0
known_mining_neutral_ratio_1_10,full_feature_graph_guided_m4,groupkfold_state_random_matched,5,Idaho;Montana;Utah;Wyoming,RandomMatched_XGB,385,1551,187,17,170,0.9650519031141869,0.6617443817360102,0.8764705882352941,0.5384615384615384,0.8235294117647058,0.6511627906976745,158,12,3,14,1.0,0.11764705882352941,0.21052631578947367,11.0,1.0,0.6,0.35294117647058826,0.4444444444444445,6.6,0.6594803070902427,0.5789473684210527,0.6470588235294118,0.6111111111111113,6.368421052631579,0.6742087681515303,0.4473684210526316,1.0,0.6181818181818182,4.921052631578947,0.8756836553259075,11.0
known_mining_neutral_ratio_1_10,full_feature_graph_guided_m4,groupkfold_state_random_matched,5,Idaho;Montana;Utah;Wyoming,RandomMatched_XGB,385,1551,187,17,170,0.9664359861591696,0.6996118799375909,0.8764705882352941,0.5384615384615384,0.8235294117647058,0.6511627906976745,158,12,3,14,1.0,0.11764705882352941,0.21052631578947367,11.0,1.0,0.6,0.35294117647058826,0.4444444444444445,6.6,0.6835381846158709,0.631578947368421,0.7058823529411765,0.6666666666666667,6.947368421052631,0.7320259664716339,0.4473684210526316,1.0,0.6181818181818182,4.921052631578947,0.8962103972569446,12.0
known_mining_neutral_ratio_1_10,full_feature_graph_guided_m4,groupkfold_state_random_matched,5,Idaho;Montana;Utah;Wyoming,RandomMatched_XGB,385,1551,187,17,170,0.9740484429065744,0.6904343873367493,0.9147058823529411,0.625,0.8823529411764706,0.7317073170731707,161,9,2,15,0.5,0.058823529411764705,0.10526315789473684,5.5,0.6131471927654584,0.7,0.4117647058823529,0.5185185185185185,7.699999999999999,0.6816604510406282,0.631578947368421,0.7058823529411765,0.6666666666666667,6.947368421052631,0.6908835952020221,0.4473684210526316,1.0,0.6181818181818182,4.921052631578947,0.863134917398108,13.0
known_mining_neutral_ratio_1_10,full_feature_graph_guided_m4,groupkfold_state_random_matched,5,Idaho;Montana;Utah;Wyoming,RandomMatched_XGB,385,1551,187,17,170,0.9730103806228374,0.6885738716621069,0.8794117647058823,0.56,0.8235294117647058,0.6666666666666666,159,11,3,14,0.5,0.058823529411764705,0.10526315789473684,5.5,0.38685280723454163,0.7,0.4117647058823529,0.5185185185185185,7.699999999999999,0.6378891765242929,0.631578947368421,0.7058823529411765,0.6666666666666667,6.947368421052631,0.6603060524239982,0.4473684210526316,1.0,0.6181818181818182,4.921052631578947,0.8293792134456133,14.0
known_mining_neutral_ratio_1_10,full_feature_graph_guided_m4,groupkfold_state_random_matched,5,Idaho;Montana;Utah;Wyoming,RandomMatched_XGB,385,1551,187,17,170,0.9636678200692042,0.6651125423396471,0.85,0.5416666666666666,0.7647058823529411,0.6341463414634146,159,11,4,13,0.5,0.058823529411764705,0.10526315789473684,5.5,0.6131471927654584,0.6,0.35294117647058826,0.4444444444444445,6.6,0.6547216238913565,0.5789473684210527,0.6470588235294118,0.6111111111111113,6.368421052631579,0.672565790542618,0.4473684210526316,1.0,0.6181818181818182,4.921052631578947,0.8707418690337907,15.0
known_mining_neutral_ratio_1_10,full_feature_graph_guided_m4,groupkfold_state_random_matched,5,Idaho;Montana;Utah;Wyoming,RandomMatched_XGB,385,1551,187,17,170,0.9626297577854671,0.7031670084301662,0.8764705882352941,0.5384615384615384,0.8235294117647058,0.6511627906976745,158,12,3,14,1.0,0.11764705882352941,0.21052631578947367,11.0,1.0,0.7,0.4117647058823529,0.5185185185185185,7.699999999999999,0.7471589728148226,0.6842105263157895,0.7647058823529411,0.7222222222222222,7.526315789473684,0.7747925953345773,0.4473684210526316,1.0,0.6181818181818182,4.921052631578947,0.898819101979024,16.0
known_mining_neutral_ratio_1_10,full_feature_graph_guided_m4,groupkfold_state_random_matched,5,Idaho;Montana;Utah;Wyoming,RandomMatched_XGB,385,1551,187,17,170,0.9636678200692042,0.6835654915193001,0.8705882352941177,0.5,0.8235294117647058,0.6222222222222222,156,14,3,14,0.5,0.058823529411764705,0.10526315789473684,5.5,0.6131471927654584,0.7,0.4117647058823529,0.5185185185185185,7.699999999999999,0.7183424120903082,0.631578947368421,0.7058823529411765,0.6666666666666667,6.947368421052631,0.7183924893194702,0.4473684210526316,1.0,0.6181818181818182,4.921052631578947,0.8782963043393538,17.0
known_mining_neutral_ratio_1_10,full_feature_graph_guided_m4,groupkfold_state_random_matched,5,Idaho;Montana;Utah;Wyoming,RandomMatched_XGB,385,1551,187,17,170,0.9709342560553633,0.6982999022388993,0.9117647058823529,0.6,0.8823529411764706,0.7142857142857143,160,10,2,15,0.5,0.058823529411764705,0.10526315789473684,5.5,0.6131471927654584,0.6,0.35294117647058826,0.4444444444444445,6.6,0.6520881886359192,0.6842105263157895,0.7647058823529411,0.7222222222222222,7.526315789473684,0.7465065736675922,0.4473684210526316,1.0,0.6181818181818182,4.921052631578947,0.88000529264342,18.0
known_mining_neutral_ratio_1_10,full_feature_graph_guided_m4,groupkfold_state_random_matched,5,Idaho;Montana;Utah;Wyoming,RandomMatched_XGB,385,1551,187,17,170,0.9546712802768166,0.5843023442152677,0.8735294117647059,0.5185185185185185,0.8235294117647058,0.6363636363636364,157,13,3,14,0.5,0.058823529411764705,0.10526315789473684,5.5,0.38685280723454163,0.6,0.35294117647058826,0.4444444444444445,6.6,0.5734923014668308,0.5263157894736842,0.5882352941176471,0.5555555555555555,5.789473684210526,0.5605188104575732,0.4473684210526316,1.0,0.6181818181818182,4.921052631578947,0.7934409882706097,19.0
known_mining_neutral_ratio_1_10,full_feature_graph_guided_m4,groupkfold_state_random_matched,5,Idaho;Montana;Utah;Wyoming,RandomMatched_XGB,385,1551,187,17,170,0.9577854671280277,0.6153394906116383,0.8794117647058823,0.56,0.8235294117647058,0.6666666666666666,159,11,3,14,0.5,0.058823529411764705,0.10526315789473684,5.5,0.38685280723454163,0.6,0.35294117647058826,0.4444444444444445,6.6,0.5708588662113935,0.631578947368421,0.7058823529411765,0.6666666666666667,6.947368421052631,0.6458597680409766,0.42105263157894735,0.9411764705882353,0.5818181818181818,4.63157894736842,0.7756849001283367,20.0
known_mining_neutral_ratio_1_10,full_feature_graph_guided_m4,groupkfold_state_random_matched,5,Idaho;Montana;Utah;Wyoming,RandomMatched_XGB,385,1551,187,17,170,0.9529411764705883,0.6207088462580771,0.8735294117647059,0.5185185185185185,0.8235294117647058,0.6363636363636364,157,13,3,14,0.5,0.058823529411764705,0.10526315789473684,5.5,0.6131471927654584,0.6,0.35294117647058826,0.4444444444444445,6.6,0.6547216238913565,0.5789473684210527,0.6470588235294118,0.6111111111111113,6.368421052631579,0.6606188298246077,0.39473684210526316,0.8823529411764706,0.5454545454545454,4.342105263157895,0.7958737793754229,21.0
known_mining_neutral_ratio_1_10,full_feature_graph_guided_m4,groupkfold_state_random_matched,5,Idaho;Montana;Utah;Wyoming,RandomMatched_XGB,385,1551,187,17,170,0.9622837370242214,0.7043248600688047,0.8970588235294117,0.5,0.8823529411764706,0.6382978723404256,155,15,2,15,0.5,0.058823529411764705,0.10526315789473684,5.5,0.38685280723454163,0.8,0.47058823529411764,0.5925925925925927,8.8,0.7104770117651427,0.7368421052631579,0.8235294117647058,0.7777777777777778,8.105263157894736,0.7490146654581041,0.39473684210526316,0.8823529411764706,0.5454545454545454,4.342105263157895,0.7817944941445999,22.0
known_mining_neutral_ratio_1_10,full_feature_graph_guided_m4,groupkfold_state_random_matched,5,Idaho;Montana;Utah;Wyoming,RandomMatched_XGB,385,1551,187,17,170,0.9615916955017301,0.683216938422994,0.8911764705882352,0.46875,0.8823529411764706,0.6122448979591837,153,17,2,15,0.5,0.058823529411764705,0.10526315789473684,5.5,0.6131471927654584,0.7,0.4117647058823529,0.5185185185185185,7.699999999999999,0.7241528458281337,0.631578947368421,0.7058823529411765,0.6666666666666667,6.947368421052631,0.7156924432893315,0.39473684210526316,0.8823529411764706,0.5454545454545454,4.342105263157895,0.8207758234019622,23.0
known_mining_neutral_ratio_1_10,full_feature_graph_guided_m4,groupkfold_state_random_matched,5,Idaho;Montana;Utah;Wyoming,RandomMatched_XGB,385,1551,187,17,170,0.9598615916955018,0.6697014478065288,0.9029411764705882,0.5357142857142857,0.8823529411764706,0.6666666666666666,157,13,2,15,1.0,0.11764705882352941,0.21052631578947367,11.0,1.0,0.6,0.35294117647058826,0.4444444444444445,6.6,0.6809047493604335,0.631578947368421,0.7058823529411765,0.6666666666666667,6.947368421052631,0.7260100962328019,0.42105263157894735,0.9411764705882353,0.5818181818181818,4.63157894736842,0.8570837601647868,24.0
known_mining_neutral_ratio_1_10,full_feature_graph_guided_m4,groupkfold_state_random_matched,5,Idaho;Montana;Utah;Wyoming,RandomMatched_XGB,385,1551,187,17,170,0.9581314878892733,0.6171122370812774,0.8735294117647059,0.5185185185185185,0.8235294117647058,0.6363636363636364,157,13,3,14,0.5,0.058823529411764705,0.10526315789473684,5.5,0.38685280723454163,0.6,0.35294117647058826,0.4444444444444445,6.6,0.5734923014668308,0.5789473684210527,0.6470588235294118,0.6111111111111113,6.368421052631579,0.6133516481328964,0.4473684210526316,1.0,0.6181818181818182,4.921052631578947,0.8073945551858253,25.0
known_mining_neutral_ratio_1_10,full_feature_graph_guided_m4,groupkfold_state_random_matched,5,Idaho;Montana;Utah;Wyoming,RandomMatched_XGB,385,1551,187,17,170,0.9522491349480969,0.6169260172531137,0.8647058823529412,0.4666666666666667,0.8235294117647058,0.5957446808510638,154,16,3,14,0.5,0.058823529411764705,0.10526315789473684,5.5,0.38685280723454163,0.7,0.4117647058823529,0.5185185185185185,7.699999999999999,0.6371130896657825,0.5789473684210527,0.6470588235294118,0.6111111111111113,6.368421052631579,0.6169400650712372,0.39473684210526316,0.8823529411764706,0.5454545454545454,4.342105263157895,0.7504222770168306,26.0
known_mining_neutral_ratio_1_10,full_feature_graph_guided_m4,groupkfold_state_random_matched,5,Idaho;Montana;Utah;Wyoming,RandomMatched_XGB,385,1551,187,17,170,0.9615916955017302,0.6803517633138831,0.8205882352941176,0.5217391304347826,0.7058823529411765,0.6,159,11,5,12,1.0,0.11764705882352941,0.21052631578947367,11.0,1.0,0.6,0.35294117647058826,0.4444444444444445,6.6,0.6987957033953602,0.5789473684210527,0.6470588235294118,0.6111111111111113,6.368421052631579,0.6988950873099612,0.4473684210526316,1.0,0.6181818181818182,4.921052631578947,0.8967090202753056,27.0
known_mining_neutral_ratio_1_10,full_feature_graph_guided_m4,groupkfold_state_random_matched,5,Idaho;Montana;Utah;Wyoming,RandomMatched_XGB,385,1551,187,17,170,0.9487889273356401,0.5843819347000638,0.8764705882352941,0.5384615384615384,0.8235294117647058,0.6511627906976745,158,12,3,14,0.5,0.058823529411764705,0.10526315789473684,5.5,0.38685280723454163,0.6,0.35294117647058826,0.4444444444444445,6.6,0.5708588662113935,0.5789473684210527,0.6470588235294118,0.6111111111111113,6.368421052631579,0.6008657138403786,0.39473684210526316,0.8823529411764706,0.5454545454545454,4.342105263157895,0.7377205890708965,28.0
known_mining_neutral_ratio_1_10,full_feature_graph_guided_m4,groupkfold_state_random_matched,5,Idaho;Montana;Utah;Wyoming,RandomMatched_XGB,385,1551,187,17,170,0.9543252595155709,0.6846101836070908,0.8794117647058823,0.56,0.8235294117647058,0.6666666666666666,159,11,3,14,1.0,0.11764705882352941,0.21052631578947367,11.0,1.0,0.6,0.35294117647058826,0.4444444444444445,6.6,0.7125523635307983,0.5789473684210527,0.6470588235294118,0.6111111111111113,6.368421052631579,0.7115140840805096,0.39473684210526316,0.8823529411764706,0.5454545454545454,4.342105263157895,0.844774526487379,29.0
known_mining_neutral_ratio_1_10,full_feature_graph_guided_m4,groupkfold_state_random_matched,5,Idaho;Montana;Utah;Wyoming,RandomMatched_XGB,385,1551,187,17,170,0.9626297577854671,0.600729837558482,0.8999999999999999,0.5172413793103449,0.8823529411764706,0.6521739130434783,156,14,2,15,0.0,0.0,0.0,0.0,0.0,0.6,0.35294117647058826,0.4444444444444445,6.6,0.505360344437199,0.631578947368421,0.7058823529411765,0.6666666666666667,6.947368421052631,0.604812339764822,0.4473684210526316,1.0,0.6181818181818182,4.921052631578947,0.7671565356769449,30.0
known_mining_neutral_ratio_1_10,full_feature_graph_guided_m4,groupkfold_state_random_matched,5,Idaho;Montana;Utah;Wyoming,RandomMatched_XGB,385,1551,187,17,170,0.9546712802768167,0.5684308990980779,0.8705882352941177,0.5,0.8235294117647058,0.6222222222222222,156,14,3,14,0.5,0.058823529411764705,0.10526315789473684,5.5,0.38685280723454163,0.5,0.29411764705882354,0.37037037037037035,5.5,0.485813635742251,0.5263157894736842,0.5882352941176471,0.5555555555555555,5.789473684210526,0.548006709467034,0.4473684210526316,1.0,0.6181818181818182,4.921052631578947,0.7806058446355715,31.0
known_mining_neutral_ratio_1_10,full_feature_graph_guided_m4,groupkfold_state_random_matched,5,Idaho;Montana;Utah;Wyoming,RandomMatched_XGB,385,1551,187,17,170,0.9570934256055363,0.6309432085311222,0.8705882352941177,0.5,0.8235294117647058,0.6222222222222222,156,14,3,14,0.5,0.058823529411764705,0.10526315789473684,5.5,0.38685280723454163,0.7,0.4117647058823529,0.5185185185185185,7.699999999999999,0.61886564587798,0.631578947368421,0.7058823529411765,0.6666666666666667,6.947368421052631,0.6473792591388912,0.39473684210526316,0.8823529411764706,0.5454545454545454,4.342105263157895,0.7474413157505555,32.0
known_mining_neutral_ratio_1_10,full_feature_graph_guided_m4,groupkfold_state_random_matched,5,Idaho;Montana;Utah;Wyoming,RandomMatched_XGB,385,1551,187,17,170,0.9491349480968857,0.5891967514833093,0.8705882352941177,0.5,0.8235294117647058,0.6222222222222222,156,14,3,14,0.5,0.058823529411764705,0.10526315789473684,5.5,0.38685280723454163,0.5,0.29411764705882354,0.37037037037037035,5.5,0.5072380780124418,0.5263157894736842,0.5882352941176471,0.5555555555555555,5.789473684210526,0.5692365292106915,0.39473684210526316,0.8823529411764706,0.5454545454545454,4.342105263157895,0.7389533686707287,33.0
known_mining_neutral_ratio_1_10,full_feature_graph_guided_m4,groupkfold_state_random_matched,5,Idaho;Montana;Utah;Wyoming,RandomMatched_XGB,385,1551,187,17,170,0.9640138408304498,0.6863516205157072,0.8794117647058823,0.56,0.8235294117647058,0.6666666666666666,159,11,3,14,1.0,0.11764705882352941,0.21052631578947367,11.0,1.0,0.6,0.35294117647058826,0.4444444444444445,6.6,0.6835381846158709,0.631578947368421,0.7058823529411765,0.6666666666666667,6.947368421052631,0.7294520118112902,0.4473684210526316,1.0,0.6181818181818182,4.921052631578947,0.8922910931710939,34.0
known_mining_neutral_ratio_1_10,full_feature_graph_guided_m4,groupkfold_state_random_matched,5,Idaho;Montana;Utah;Wyoming,RandomMatched_XGB,385,1551,187,17,170,0.9608996539792387,0.6351536493837532,0.8852941176470588,0.6086956521739131,0.8235294117647058,0.7,161,9,3,14,0.5,0.058823529411764705,0.10526315789473684,5.5,0.38685280723454163,0.6,0.35294117647058826,0.4444444444444445,6.6,0.5734923014668308,0.631578947368421,0.7058823529411765,0.6666666666666667,6.947368421052631,0.651344053308598,0.4473684210526316,1.0,0.6181818181818182,4.921052631578947,0.8125177325943994,35.0
known_mining_neutral_ratio_1_10,full_feature_graph_guided_m4,groupkfold_state_random_matched,5,Idaho;Montana;Utah;Wyoming,RandomMatched_XGB,385,1551,187,17,170,0.9695501730103806,0.6736978210140816,0.9117647058823529,0.6,0.8823529411764706,0.7142857142857143,160,10,2,15,0.5,0.058823529411764705,0.10526315789473684,5.5,0.6131471927654584,0.7,0.4117647058823529,0.5185185185185185,7.699999999999999,0.6969179698201176,0.631578947368421,0.7058823529411765,0.6666666666666667,6.947368421052631,0.6976914173337422,0.4473684210526316,1.0,0.6181818181818182,4.921052631578947,0.8654419442538311,36.0
known_mining_neutral_ratio_1_10,full_feature_graph_guided_m4,groupkfold_state_random_matched,5,Idaho;Montana;Utah;Wyoming,RandomMatched_XGB,385,1551,187,17,170,0.9647058823529411,0.6701403821580518,0.8823529411764706,0.5833333333333334,0.8235294117647058,0.6829268292682927,160,10,3,14,0.5,0.058823529411764705,0.10526315789473684,5.5,0.38685280723454163,0.7,0.4117647058823529,0.5185185185185185,7.699999999999999,0.6371130896657825,0.6842105263157895,0.7647058823529411,0.7222222222222222,7.526315789473684,0.6970549367040625,0.39473684210526316,0.8823529411764706,0.5454545454545454,4.342105263157895,0.7664576185339037,37.0
known_mining_neutral_ratio_1_10,full_feature_graph_guided_m4,groupkfold_state_random_matched,5,Idaho;Montana;Utah;Wyoming,RandomMatched_XGB,385,1551,187,17,170,0.9730103806228374,0.7592180050771382,0.9088235294117647,0.5769230769230769,0.8823529411764706,0.6976744186046512,159,11,2,15,1.0,0.11764705882352941,0.21052631578947367,11.0,1.0,0.7,0.4117647058823529,0.5185185185185185,7.699999999999999,0.7682269253321375,0.6842105263157895,0.7647058823529411,0.7222222222222222,7.526315789473684,0.7933268151622791,0.4473684210526316,1.0,0.6181818181818182,4.921052631578947,0.9235425109792762,38.0
known_mining_neutral_ratio_1_10,full_feature_graph_guided_m4,groupkfold_state_random_matched,5,Idaho;Montana;Utah;Wyoming,RandomMatched_XGB,385,1551,187,17,170,0.9557093425605536,0.663985203653475,0.8735294117647059,0.5185185185185185,0.8235294117647058,0.6363636363636364,157,13,3,14,1.0,0.11764705882352941,0.21052631578947367,11.0,1.0,0.6,0.35294117647058826,0.4444444444444445,6.6,0.6961622681399229,0.5789473684210527,0.6470588235294118,0.6111111111111113,6.368421052631579,0.6970095648237952,0.42105263157894735,0.9411764705882353,0.5818181818181818,4.63157894736842,0.8618489537829528,39.0
known_mining_neutral_ratio_1_10,full_feature_graph_guided_m4,groupkfold_state_random_matched,5,Idaho;Montana;Utah;Wyoming,RandomMatched_XGB,385,1551,187,17,170,0.9560553633217993,0.6892866111894314,0.9058823529411765,0.5555555555555556,0.8823529411764706,0.6818181818181818,158,12,2,15,1.0,0.11764705882352941,0.21052631578947367,11.0,1.0,0.7,0.4117647058823529,0.5185185185185185,7.699999999999999,0.7655934900767002,0.631578947368421,0.7058823529411765,0.6666666666666667,6.947368421052631,0.7426896621621133,0.39473684210526316,0.8823529411764706,0.5454545454545454,4.342105263157895,0.8442397407084659,40.0
known_mining_neutral_ratio_1_10,full_feature_graph_guided_m4,groupkfold_state_random_matched,5,Idaho;Montana;Utah;Wyoming,RandomMatched_XGB,385,1551,187,17,170,0.9653979238754326,0.7230835384086158,0.9029411764705882,0.5357142857142857,0.8823529411764706,0.6666666666666666,157,13,2,15,1.0,0.11764705882352941,0.21052631578947367,11.0,1.0,0.8,0.47058823529411764,0.5925925925925927,8.8,0.8165901947515999,0.631578947368421,0.7058823529411765,0.6666666666666667,6.947368421052631,0.7451407869842955,0.42105263157894735,0.9411764705882353,0.5818181818181818,4.63157894736842,0.8767544015192468,41.0
known_mining_neutral_ratio_1_10,full_feature_graph_guided_m4,groupkfold_state_random_matched,5,Idaho;Montana;Utah;Wyoming,RandomMatched_XGB,385,1551,187,17,170,0.9553633217993079,0.5935780649225376,0.8764705882352941,0.5384615384615384,0.8235294117647058,0.6511627906976745,158,12,3,14,0.5,0.058823529411764705,0.10526315789473684,5.5,0.38685280723454163,0.6,0.35294117647058826,0.4444444444444445,6.6,0.5708588662113935,0.5789473684210527,0.6470588235294118,0.6111111111111113,6.368421052631579,0.6023220491680191,0.4473684210526316,1.0,0.6181818181818182,4.921052631578947,0.7973837244103151,42.0
known_mining_neutral_ratio_1_10,full_feature_graph_guided_m4,groupkfold_state_random_matched,5,Idaho;Montana;Utah;Wyoming,RandomMatched_XGB,385,1551,187,17,170,0.9505190311418685,0.5828504724969296,0.8705882352941177,0.5,0.8235294117647058,0.6222222222222222,156,14,3,14,0.5,0.058823529411764705,0.10526315789473684,5.5,0.38685280723454163,0.6,0.35294117647058826,0.4444444444444445,6.6,0.5734923014668308,0.5263157894736842,0.5882352941176471,0.5555555555555555,5.789473684210526,0.5680142641420826,0.42105263157894735,0.9411764705882353,0.5818181818181818,4.63157894736842,0.7658443164613564,43.0
known_mining_neutral_ratio_1_10,full_feature_graph_guided_m4,groupkfold_state_random_matched,5,Idaho;Montana;Utah;Wyoming,RandomMatched_XGB,385,1551,187,17,170,0.9667820069204153,0.6274179724644122,0.8764705882352941,0.5384615384615384,0.8235294117647058,0.6511627906976745,158,12,3,14,0.0,0.0,0.0,0.0,0.0,0.7,0.4117647058823529,0.5185185185185185,7.699999999999999,0.571614567891588,0.631578947368421,0.7058823529411765,0.6666666666666667,6.947368421052631,0.6130616798859828,0.4473684210526316,1.0,0.6181818181818182,4.921052631578947,0.778229638031651,44.0
known_mining_neutral_ratio_1_10,full_feature_graph_guided_m4,groupkfold_state_random_matched,5,Idaho;Montana;Utah;Wyoming,RandomMatched_XGB,385,1551,187,17,170,0.9698961937716263,0.6591055576989081,0.9647058823529412,0.5862068965517241,1.0,0.7391304347826086,158,12,0,17,0.5,0.058823529411764705,0.10526315789473684,5.5,0.38685280723454163,0.7,0.4117647058823529,0.5185185185185185,7.699999999999999,0.61886564587798,0.5789473684210527,0.6470588235294118,0.6111111111111113,6.368421052631579,0.6113704678850581,0.4473684210526316,1.0,0.6181818181818182,4.921052631578947,0.8132540069342651,45.0
known_mining_neutral_ratio_1_10,full_feature_graph_guided_m4,groupkfold_state_random_matched,5,Idaho;Montana;Utah;Wyoming,RandomMatched_XGB,385,1551,187,17,170,0.977508650519031,0.7845251053842386,0.9647058823529412,0.5862068965517241,1.0,0.7391304347826086,158,12,0,17,1.0,0.11764705882352941,0.21052631578947367,11.0,1.0,0.7,0.4117647058823529,0.5185185185185185,7.699999999999999,0.7846170207230131,0.6842105263157895,0.7647058823529411,0.7222222222222222,7.526315789473684,0.7998304321848194,0.4473684210526316,1.0,0.6181818181818182,4.921052631578947,0.936465370220737,46.0
known_mining_neutral_ratio_1_10,full_feature_graph_guided_m4,groupkfold_state_random_matched,5,Idaho;Montana;Utah;Wyoming,RandomMatched_XGB,385,1551,187,17,170,0.9674740484429066,0.7237541915587494,0.8764705882352941,0.5384615384615384,0.8235294117647058,0.6511627906976745,158,12,3,14,1.0,0.11764705882352941,0.21052631578947367,11.0,1.0,0.6,0.35294117647058826,0.4444444444444445,6.6,0.7125523635307983,0.631578947368421,0.7058823529411765,0.6666666666666667,6.947368421052631,0.7501477471680257,0.4473684210526316,1.0,0.6181818181818182,4.921052631578947,0.9148708610521671,47.0
known_mining_neutral_ratio_1_10,full_feature_graph_guided_m4,groupkfold_state_random_matched,5,Idaho;Montana;Utah;Wyoming,RandomMatched_XGB,385,1551,187,17,170,0.9629757785467128,0.6857577831626275,0.8029411764705883,0.6111111111111112,0.6470588235294118,0.6285714285714286,163,7,6,11,1.0,0.11764705882352941,0.21052631578947367,11.0,1.0,0.6,0.35294117647058826,0.4444444444444445,6.6,0.6987957033953602,0.5789473684210527,0.6470588235294118,0.6111111111111113,6.368421052631579,0.7009020004400941,0.4473684210526316,1.0,0.6181818181818182,4.921052631578947,0.8985403401140836,48.0
known_mining_neutral_ratio_1_10,full_feature_graph_guided_m4,groupkfold_state_random_matched,5,Idaho;Montana;Utah;Wyoming,RandomMatched_XGB,385,1551,187,17,170,0.9636678200692042,0.7106140128597331,0.8470588235294118,0.52,0.7647058823529411,0.6190476190476191,158,12,4,13,1.0,0.11764705882352941,0.21052631578947367,11.0,1.0,0.7,0.4117647058823529,0.5185185185185185,7.699999999999999,0.7529694065526482,0.6842105263157895,0.7647058823529411,0.7222222222222222,7.526315789473684,0.7785000522947331,0.4473684210526316,1.0,0.6181818181818182,4.921052631578947,0.9023622713177732,49.0
known_mining_neutral_ratio_1_10,full_feature_graph_guided_m4,groupkfold_state_random_matched,5,Idaho;Montana;Utah;Wyoming,RandomMatched_XGB,385,1551,187,17,170,0.9650519031141869,0.7316588239258565,0.8470588235294118,0.52,0.7647058823529411,0.6190476190476191,158,12,4,13,1.0,0.11764705882352941,0.21052631578947367,11.0,1.0,0.7,0.4117647058823529,0.5185185185185185,7.699999999999999,0.7819835854675756,0.631578947368421,0.7058823529411765,0.6666666666666667,6.947368421052631,0.7604639820380223,0.4473684210526316,1.0,0.6181818181818182,4.921052631578947,0.9205816330954166,50.0
known_mining_neutral_ratio_1_10,full_feature_graph_guided_m4,groupkfold_state_random_matched,5,Idaho;Montana;Utah;Wyoming,RandomMatched_XGB,385,1551,187,17,170,0.9674740484429066,0.69113464390281,0.9058823529411765,0.5555555555555556,0.8823529411764706,0.6818181818181818,158,12,2,15,0.5,0.058823529411764705,0.10526315789473684,5.5,0.6131471927654584,0.8,0.47058823529411764,0.5925925925925927,8.8,0.7663491917568949,0.631578947368421,0.7058823529411765,0.6666666666666667,6.947368421052631,0.7108013778732885,0.4473684210526316,1.0,0.6181818181818182,4.921052631578947,0.8738034257832455,51.0
known_mining_neutral_ratio_1_10,full_feature_graph_guided_m4,groupkfold_state_random_matched,5,Idaho;Montana;Utah;Wyoming,RandomMatched_XGB,385,1551,187,17,170,0.9737024221453288,0.744876065642953,0.9676470588235294,0.6071428571428571,1.0,0.7555555555555555,159,11,0,17,1.0,0.11764705882352941,0.21052631578947367,11.0,1.0,0.7,0.4117647058823529,0.5185185185185185,7.699999999999999,0.7624164915943119,0.631578947368421,0.7058823529411765,0.6666666666666667,6.947368421052631,0.7491062526840745,0.4473684210526316,1.0,0.6181818181818182,4.921052631578947,0.9177591781178858,52.0
known_mining_neutral_ratio_1_10,full_feature_graph_guided_m4,groupkfold_state_random_matched,5,Idaho;Montana;Utah;Wyoming,RandomMatched_XGB,385,1551,187,17,170,0.9726643598615917,0.7754398523025652,0.9029411764705882,0.5357142857142857,0.8823529411764706,0.6666666666666666,157,13,2,15,1.0,0.11764705882352941,0.21052631578947367,11.0,1.0,0.8,0.47058823529411764,0.5925925925925927,8.8,0.8482378089219648,0.631578947368421,0.7058823529411765,0.6666666666666667,6.947368421052631,0.7694330942623604,0.4473684210526316,1.0,0.6181818181818182,4.921052631578947,0.934904960749019,53.0
known_mining_neutral_ratio_1_10,full_feature_graph_guided_m4,groupkfold_state_random_matched,5,Idaho;Montana;Utah;Wyoming,RandomMatched_XGB,385,1551,187,17,170,0.956401384083045,0.6124541199709657,0.8735294117647059,0.5185185185185185,0.8235294117647058,0.6363636363636364,157,13,3,14,0.5,0.058823529411764705,0.10526315789473684,5.5,0.38685280723454163,0.5,0.29411764705882354,0.37037037037037035,5.5,0.5072380780124418,0.631578947368421,0.7058823529411765,0.6666666666666667,6.947368421052631,0.6450941639009621,0.42105263157894735,0.9411764705882353,0.5818181818181818,4.63157894736842,0.7749700152912559,54.0
known_mining_neutral_ratio_1_10,full_feature_graph_guided_m4,groupkfold_state_random_matched,5,Idaho;Montana;Utah;Wyoming,RandomMatched_XGB,385,1551,187,17,170,0.9539792387543252,0.638644812690238,0.8735294117647059,0.5185185185185185,0.8235294117647058,0.6363636363636364,157,13,3,14,0.5,0.058823529411764705,0.10526315789473684,5.5,0.6131471927654584,0.7,0.4117647058823529,0.5185185185185185,7.699999999999999,0.7183424120903082,0.5789473684210527,0.6470588235294118,0.6111111111111113,6.368421052631579,0.667165046671057,0.39473684210526316,0.8823529411764706,0.5454545454545454,4.342105263157895,0.8030359972768432,55.0
known_mining_neutral_ratio_1_10,full_feature_graph_guided_m4,groupkfold_state_random_matched,5,Idaho;Montana;Utah;Wyoming,RandomMatched_XGB,385,1551,187,17,170,0.9525951557093425,0.6154247217777717,0.8470588235294118,0.52,0.7647058823529411,0.6190476190476191,158,12,4,13,0.5,0.058823529411764705,0.10526315789473684,5.5,0.38685280723454163,0.7,0.4117647058823529,0.5185185185185185,7.699999999999999,0.6371130896657825,0.5789473684210527,0.6470588235294118,0.6111111111111113,6.368421052631579,0.6155818722695269,0.39473684210526316,0.8823529411764706,0.5454545454545454,4.342105263157895,0.7503677602919617,56.0
known_mining_neutral_ratio_1_10,full_feature_graph_guided_m4,groupkfold_state_random_matched,5,Idaho;Montana;Utah;Wyoming,RandomMatched_XGB,385,1551,187,17,170,0.9754325259515572,0.778970539264657,0.9058823529411765,0.5555555555555556,0.8823529411764706,0.6818181818181818,158,12,2,15,1.0,0.11764705882352941,0.21052631578947367,11.0,1.0,0.8,0.47058823529411764,0.5925925925925927,8.8,0.8389574121760603,0.631578947368421,0.7058823529411765,0.6666666666666667,6.947368421052631,0.7635507952612538,0.4473684210526316,1.0,0.6181818181818182,4.921052631578947,0.9311729856759939,57.0
known_mining_neutral_ratio_1_10,full_feature_graph_guided_m4,groupkfold_state_random_matched,5,Idaho;Montana;Utah;Wyoming,RandomMatched_XGB,385,1551,187,17,170,0.9429065743944637,0.5788982647534557,0.8705882352941177,0.5,0.8235294117647058,0.6222222222222222,156,14,3,14,0.5,0.058823529411764705,0.10526315789473684,5.5,0.38685280723454163,0.6,0.35294117647058826,0.4444444444444445,6.6,0.5766692999492191,0.5263157894736842,0.5882352941176471,0.5555555555555555,5.789473684210526,0.5679292045938666,0.3684210526315789,0.8235294117647058,0.509090909090909,4.052631578947368,0.708349884222794,58.0
known_mining_neutral_ratio_1_10,full_feature_graph_guided_m4,groupkfold_state_random_matched,5,Idaho;Montana;Utah;Wyoming,RandomMatched_XGB,385,1551,187,17,170,0.9553633217993079,0.6957407876440416,0.8735294117647059,0.5185185185185185,0.8235294117647058,0.6363636363636364,157,13,3,14,1.0,0.11764705882352941,0.21052631578947367,11.0,1.0,0.7,0.4117647058823529,0.5185185185185185,7.699999999999999,0.7788065869851875,0.5263157894736842,0.5882352941176471,0.5555555555555555,5.789473684210526,0.6794284655116679,0.39473684210526316,0.8823529411764706,0.5454545454545454,4.342105263157895,0.8501862309041786,59.0
known_mining_neutral_ratio_1_10,full_feature_graph_guided_m4,groupkfold_state_random_matched,5,Idaho;Montana;Utah;Wyoming,RandomMatched_XGB,385,1551,187,17,170,0.9678200692041522,0.7461099416207775,0.8764705882352941,0.5384615384615384,0.8235294117647058,0.6511627906976745,158,12,3,14,1.0,0.11764705882352941,0.21052631578947367,11.0,1.0,0.6,0.35294117647058826,0.4444444444444445,6.6,0.7151857987862358,0.6842105263157895,0.7647058823529411,0.7222222222222222,7.526315789473684,0.7953809567641573,0.4473684210526316,1.0,0.6181818181818182,4.921052631578947,0.9233409910261889,60.0
known_mining_neutral_ratio_1_10,full_feature_graph_guided_m4,groupkfold_state_random_matched,5,Idaho;Montana;Utah;Wyoming,RandomMatched_XGB,385,1551,187,17,170,0.9605536332179931,0.6102854214829767,0.8735294117647059,0.5185185185185185,0.8235294117647058,0.6363636363636364,157,13,3,14,0.5,0.058823529411764705,0.10526315789473684,5.5,0.38685280723454163,0.6,0.35294117647058826,0.4444444444444445,6.6,0.5494344239412027,0.631578947368421,0.7058823529411765,0.6666666666666667,6.947368421052631,0.6366728095909058,0.4473684210526316,1.0,0.6181818181818182,4.921052631578947,0.796406563981091,61.0
known_mining_neutral_ratio_1_10,full_feature_graph_guided_m4,groupkfold_state_random_matched,5,Idaho;Montana;Utah;Wyoming,RandomMatched_XGB,385,1551,187,17,170,0.9657439446366782,0.6914457129627408,0.9058823529411765,0.5555555555555556,0.8823529411764706,0.6818181818181818,158,12,2,15,0.5,0.058823529411764705,0.10526315789473684,5.5,0.6131471927654584,0.7,0.4117647058823529,0.5185185185185185,7.699999999999999,0.7183424120903082,0.631578947368421,0.7058823529411765,0.6666666666666667,6.947368421052631,0.718117860406136,0.4473684210526316,1.0,0.6181818181818182,4.921052631578947,0.8806911222621273,62.0
known_mining_neutral_ratio_1_10,full_feature_graph_guided_m4,groupkfold_state_random_matched,5,Idaho;Montana;Utah;Wyoming,RandomMatched_XGB,385,1551,187,17,170,0.9733564013840831,0.7059777379806994,0.9705882352941176,0.6296296296296297,1.0,0.7727272727272727,160,10,0,17,1.0,0.11764705882352941,0.21052631578947367,11.0,1.0,0.6,0.35294117647058826,0.4444444444444445,6.6,0.6621137423456802,0.631578947368421,0.7058823529411765,0.6666666666666667,6.947368421052631,0.7158941321395461,0.4473684210526316,1.0,0.6181818181818182,4.921052631578947,0.8890946404549691,63.0
known_mining_neutral_ratio_1_10,full_feature_graph_guided_m4,groupkfold_state_random_matched,5,Idaho;Montana;Utah;Wyoming,RandomMatched_XGB,385,1551,187,17,170,0.9640138408304498,0.64925791159371,0.9088235294117647,0.5769230769230769,0.8823529411764706,0.6976744186046512,159,11,2,15,0.5,0.058823529411764705,0.10526315789473684,5.5,0.38685280723454163,0.7,0.4117647058823529,0.5185185185185185,7.699999999999999,0.6402900881481708,0.631578947368421,0.7058823529411765,0.6666666666666667,6.947368421052631,0.6526695266859079,0.4473684210526316,1.0,0.6181818181818182,4.921052631578947,0.8175958128577779,64.0
known_mining_neutral_ratio_1_10,full_feature_graph_guided_m4,groupkfold_state_random_matched,5,Idaho;Montana;Utah;Wyoming,RandomMatched_XGB,385,1551,187,17,170,0.9519031141868513,0.665767007772097,0.8705882352941177,0.5,0.8235294117647058,0.6222222222222222,156,14,3,14,1.0,0.11764705882352941,0.21052631578947367,11.0,1.0,0.6,0.35294117647058826,0.4444444444444445,6.6,0.7125523635307983,0.5789473684210527,0.6470588235294118,0.6111111111111113,6.368421052631579,0.7014743443741448,0.39473684210526316,0.8823529411764706,0.5454545454545454,4.342105263157895,0.8377702198574334,65.0
known_mining_neutral_ratio_1_10,full_feature_graph_guided_m4,groupkfold_state_random_matched,5,Idaho;Montana;Utah;Wyoming,RandomMatched_XGB,385,1551,187,17,170,0.9681660899653979,0.6969822674163282,0.8764705882352941,0.5384615384615384,0.8235294117647058,0.6511627906976745,158,12,3,14,1.0,0.11764705882352941,0.21052631578947367,11.0,1.0,0.7,0.4117647058823529,0.5185185185185185,7.699999999999999,0.7257345305446319,0.631578947368421,0.7058823529411765,0.6666666666666667,6.947368421052631,0.7232027535935366,0.4473684210526316,1.0,0.6181818181818182,4.921052631578947,0.888480907449636,66.0
known_mining_neutral_ratio_1_10,full_feature_graph_guided_m4,groupkfold_state_random_matched,5,Idaho;Montana;Utah;Wyoming,RandomMatched_XGB,385,1551,187,17,170,0.9581314878892734,0.7035517856165181,0.7941176470588236,0.5238095238095238,0.6470588235294118,0.5789473684210527,160,10,6,11,1.0,0.11764705882352941,0.21052631578947367,11.0,1.0,0.7,0.4117647058823529,0.5185185185185185,7.699999999999999,0.7846170207230131,0.5789473684210527,0.6470588235294118,0.6111111111111113,6.368421052631579,0.7198488191721065,0.4473684210526316,1.0,0.6181818181818182,4.921052631578947,0.9114864395502295,67.0
known_mining_neutral_ratio_1_10,full_feature_graph_guided_m4,groupkfold_state_random_matched,5,Idaho;Montana;Utah;Wyoming,RandomMatched_XGB,385,1551,187,17,170,0.973356401384083,0.7060020599353163,0.9117647058823529,0.6,0.8823529411764706,0.7142857142857143,160,10,2,15,0.5,0.058823529411764705,0.10526315789473684,5.5,0.6131471927654584,0.8,0.47058823529411764,0.5925925925925927,8.8,0.7510916729774055,0.631578947368421,0.7058823529411765,0.6666666666666667,6.947368421052631,0.7028542270335171,0.4473684210526316,1.0,0.6181818181818182,4.921052631578947,0.870450335171203,68.0
known_mining_neutral_ratio_1_10,full_feature_graph_guided_m4,groupkfold_state_random_matched,5,Idaho;Montana;Utah;Wyoming,RandomMatched_XGB,385,1551,187,17,170,0.9678200692041523,0.6735316970611088,0.9088235294117647,0.5769230769230769,0.8823529411764706,0.6976744186046512,159,11,2,15,0.5,0.058823529411764705,0.10526315789473684,5.5,0.38685280723454163,0.7,0.4117647058823529,0.5185185185185185,7.699999999999999,0.6429235234036081,0.631578947368421,0.7058823529411765,0.6666666666666667,6.947368421052631,0.6639596139256041,0.4473684210526316,1.0,0.6181818181818182,4.921052631578947,0.8273273790712815,69.0
known_mining_neutral_ratio_1_10,full_feature_graph_guided_m4,groupkfold_state_random_matched,5,Idaho;Montana;Utah;Wyoming,RandomMatched_XGB,385,1551,187,17,170,0.9667820069204153,0.702339902959098,0.8794117647058823,0.56,0.8235294117647058,0.6666666666666666,159,11,3,14,0.5,0.058823529411764705,0.10526315789473684,5.5,0.6131471927654584,0.7,0.4117647058823529,0.5185185185185185,7.699999999999999,0.7183424120903082,0.6842105263157895,0.7647058823529411,0.7222222222222222,7.526315789473684,0.7562516358750594,0.42105263157894735,0.9411764705882353,0.5818181818181818,4.63157894736842,0.8543821096658434,70.0
known_mining_neutral_ratio_1_10,full_feature_graph_guided_m4,groupkfold_state_random_matched,5,Idaho;Montana;Utah;Wyoming,RandomMatched_XGB,385,1551,187,17,170,0.9674740484429066,0.682004845859335,0.9029411764705882,0.5357142857142857,0.8823529411764706,0.6666666666666666,157,13,2,15,0.5,0.058823529411764705,0.10526315789473684,5.5,0.38685280723454163,0.7,0.4117647058823529,0.5185185185185185,7.699999999999999,0.6371130896657825,0.6842105263157895,0.7647058823529411,0.7222222222222222,7.526315789473684,0.7000853379794829,0.42105263157894735,0.9411764705882353,0.5818181818181818,4.63157894736842,0.7989191238279386,71.0
known_mining_neutral_ratio_1_10,full_feature_graph_guided_m4,groupkfold_state_random_matched,5,Idaho;Montana;Utah;Wyoming,RandomMatched_XGB,385,1551,187,17,170,0.9640138408304498,0.7047985382350708,0.9058823529411765,0.5555555555555556,0.8823529411764706,0.6818181818181818,158,12,2,15,0.5,0.058823529411764705,0.10526315789473684,5.5,0.6131471927654584,0.7,0.4117647058823529,0.5185185185185185,7.699999999999999,0.7183424120903082,0.7368421052631579,0.8235294117647058,0.7777777777777778,8.105263157894736,0.7927132028702727,0.39473684210526316,0.8823529411764706,0.5454545454545454,4.342105263157895,0.8254930315567682,72.0
known_mining_neutral_ratio_1_10,full_feature_graph_guided_m4,groupkfold_state_random_matched,5,Idaho;Montana;Utah;Wyoming,RandomMatched_XGB,385,1551,187,17,170,0.9439446366782006,0.5884450173149863,0.8794117647058823,0.56,0.8235294117647058,0.6666666666666666,159,11,3,14,0.5,0.058823529411764705,0.10526315789473684,5.5,0.38685280723454163,0.5,0.29411764705882354,0.37037037037037035,5.5,0.5072380780124418,0.5789473684210527,0.6470588235294118,0.6111111111111113,6.368421052631579,0.6070956757662808,0.3684210526315789,0.8235294117647058,0.509090909090909,4.052631578947368,0.7122441510749078,73.0
known_mining_neutral_ratio_1_10,full_feature_graph_guided_m4,groupkfold_state_random_matched,5,Idaho;Montana;Utah;Wyoming,RandomMatched_XGB,385,1551,187,17,170,0.9647058823529412,0.6819975700313486,0.8705882352941177,0.5,0.8235294117647058,0.6222222222222222,156,14,3,14,0.5,0.058823529411764705,0.10526315789473684,5.5,0.38685280723454163,0.7,0.4117647058823529,0.5185185185185185,7.699999999999999,0.6429235234036081,0.6842105263157895,0.7647058823529411,0.7222222222222222,7.526315789473684,0.7022522029264738,0.4473684210526316,1.0,0.6181818181818182,4.921052631578947,0.8271873900894506,74.0
known_mining_neutral_ratio_1_10,full_feature_graph_guided_m4,groupkfold_state_random_matched,5,Idaho;Montana;Utah;Wyoming,RandomMatched_XGB,385,1551,187,17,170,0.9602076124567475,0.6402124651748543,0.9029411764705882,0.5357142857142857,0.8823529411764706,0.6666666666666666,157,13,2,15,0.5,0.058823529411764705,0.10526315789473684,5.5,0.38685280723454163,0.7,0.4117647058823529,0.5185185185185185,7.699999999999999,0.6429235234036081,0.5789473684210527,0.6470588235294118,0.6111111111111113,6.368421052631579,0.6191911867037525,0.42105263157894735,0.9411764705882353,0.5818181818181818,4.63157894736842,0.7862007445725304,75.0
known_mining_neutral_ratio_1_10,full_feature_graph_guided_m4,groupkfold_state_random_matched,5,Idaho;Montana;Utah;Wyoming,RandomMatched_XGB,385,1551,187,17,170,0.9584775086505192,0.6654982796676411,0.8764705882352941,0.5384615384615384,0.8235294117647058,0.6511627906976745,158,12,3,14,1.0,0.11764705882352941,0.21052631578947367,11.0,1.0,0.6,0.35294117647058826,0.4444444444444445,6.6,0.6835381846158709,0.631578947368421,0.7058823529411765,0.6666666666666667,6.947368421052631,0.722664034222468,0.39473684210526316,0.8823529411764706,0.5454545454545454,4.342105263157895,0.8263168068437253,76.0
known_mining_neutral_ratio_1_10,full_feature_graph_guided_m4,groupkfold_state_random_matched,5,Idaho;Montana;Utah;Wyoming,RandomMatched_XGB,385,1551,187,17,170,0.9615916955017302,0.601075895545205,0.8823529411764706,0.5833333333333334,0.8235294117647058,0.6829268292682927,160,10,3,14,0.0,0.0,0.0,0.0,0.0,0.6,0.35294117647058826,0.4444444444444445,6.6,0.5111707781750247,0.5789473684210527,0.6470588235294118,0.6111111111111113,6.368421052631579,0.5682537685285902,0.4473684210526316,1.0,0.6181818181818182,4.921052631578947,0.7669329177998925,77.0
known_mining_neutral_ratio_1_10,full_feature_graph_guided_m4,groupkfold_state_random_matched,5,Idaho;Montana;Utah;Wyoming,RandomMatched_XGB,385,1551,187,17,170,0.9615916955017301,0.6381018219253514,0.8,0.5789473684210527,0.6470588235294118,0.6111111111111112,162,8,6,11,0.5,0.058823529411764705,0.10526315789473684,5.5,0.38685280723454163,0.7,0.4117647058823529,0.5185185185185185,7.699999999999999,0.6402900881481708,0.5789473684210527,0.6470588235294118,0.6111111111111113,6.368421052631579,0.6180680688251277,0.4473684210526316,1.0,0.6181818181818182,4.921052631578947,0.8152313038086905,78.0
known_mining_neutral_ratio_1_10,full_feature_graph_guided_m4,groupkfold_state_random_matched,5,Idaho;Montana;Utah;Wyoming,RandomMatched_XGB,385,1551,187,17,170,0.9678200692041523,0.7374945895103386,0.8558823529411764,0.5909090909090909,0.7647058823529411,0.6666666666666666,161,9,4,13,1.0,0.11764705882352941,0.21052631578947367,11.0,1.0,0.6,0.35294117647058826,0.4444444444444445,6.6,0.718362797268624,0.631578947368421,0.7058823529411765,0.6666666666666667,6.947368421052631,0.7561680890039946,0.4473684210526316,1.0,0.6181818181818182,4.921052631578947,0.9210056414463701,79.0
known_mining_neutral_ratio_1_10,full_feature_graph_guided_m4,groupkfold_state_random_matched,5,Idaho;Montana;Utah;Wyoming,RandomMatched_XGB,385,1551,187,17,170,0.9640138408304497,0.6309645028275515,0.9117647058823529,0.6,0.8823529411764706,0.7142857142857143,160,10,2,15,0.5,0.058823529411764705,0.10526315789473684,5.5,0.38685280723454163,0.6,0.35294117647058826,0.4444444444444445,6.6,0.5708588662113935,0.631578947368421,0.7058823529411765,0.6666666666666667,6.947368421052631,0.6457616255150465,0.4473684210526316,1.0,0.6181818181818182,4.921052631578947,0.8107727881710753,80.0
known_mining_neutral_ratio_1_10,full_feature_graph_guided_m4,groupkfold_state_random_matched,5,Idaho;Montana;Utah;Wyoming,RandomMatched_XGB,385,1551,187,17,170,0.957439446366782,0.6207026249928277,0.8764705882352941,0.5384615384615384,0.8235294117647058,0.6511627906976745,158,12,3,14,0.5,0.058823529411764705,0.10526315789473684,5.5,0.38685280723454163,0.6,0.35294117647058826,0.4444444444444445,6.6,0.5708588662113935,0.631578947368421,0.7058823529411765,0.6666666666666667,6.947368421052631,0.647217960842687,0.39473684210526316,0.8823529411764706,0.5454545454545454,4.342105263157895,0.7492732578852238,81.0
known_mining_neutral_ratio_1_10,full_feature_graph_guided_m4,groupkfold_state_random_matched,5,Idaho;Montana;Utah;Wyoming,RandomMatched_XGB,385,1551,187,17,170,0.9660899653979238,0.7457127174680317,0.8823529411764706,0.5833333333333334,0.8235294117647058,0.6829268292682927,160,10,3,14,1.0,0.11764705882352941,0.21052631578947367,11.0,1.0,0.6,0.35294117647058826,0.4444444444444445,6.6,0.718362797268624,0.7368421052631579,0.8235294117647058,0.7777777777777778,8.105263157894736,0.8325118389478302,0.42105263157894735,0.9411764705882353,0.5818181818181818,4.63157894736842,0.8947263447039168,82.0
known_mining_neutral_ratio_1_10,full_feature_graph_guided_m4,groupkfold_state_random_matched,5,Idaho;Montana;Utah;Wyoming,RandomMatched_XGB,385,1551,187,17,170,0.9532871972318339,0.6047262304931574,0.8764705882352941,0.5384615384615384,0.8235294117647058,0.6511627906976745,158,12,3,14,0.5,0.058823529411764705,0.10526315789473684,5.5,0.6131471927654584,0.6,0.35294117647058826,0.4444444444444445,6.6,0.6547216238913565,0.47368421052631576,0.5294117647058824,0.5,5.2105263157894735,0.5808878034395476,0.4473684210526316,1.0,0.6181818181818182,4.921052631578947,0.8481334600782151,83.0
known_mining_neutral_ratio_1_10,full_feature_graph_guided_m4,groupkfold_state_random_matched,5,Idaho;Montana;Utah;Wyoming,RandomMatched_XGB,385,1551,187,17,170,0.9692041522491349,0.6876986746408943,0.8558823529411764,0.5909090909090909,0.7647058823529411,0.6666666666666666,161,9,4,13,0.5,0.058823529411764705,0.10526315789473684,5.5,0.6131471927654584,0.7,0.4117647058823529,0.5185185185185185,7.699999999999999,0.7183424120903082,0.631578947368421,0.7058823529411765,0.6666666666666667,6.947368421052631,0.7102031049148614,0.4473684210526316,1.0,0.6181818181818182,4.921052631578947,0.8783566118719558,84.0
known_mining_neutral_ratio_1_10,full_feature_graph_guided_m4,groupkfold_state_random_matched,5,Idaho;Montana;Utah;Wyoming,RandomMatched_XGB,385,1551,187,17,170,0.9633217993079585,0.6468706380562145,0.9029411764705882,0.5357142857142857,0.8823529411764706,0.6666666666666666,157,13,2,15,0.5,0.058823529411764705,0.10526315789473684,5.5,0.38685280723454163,0.7,0.4117647058823529,0.5185185185185185,7.699999999999999,0.6371130896657825,0.631578947368421,0.7058823529411765,0.6666666666666667,6.947368421052631,0.6544270216972737,0.4473684210526316,1.0,0.6181818181818182,4.921052631578947,0.8172233801460949,85.0
known_mining_neutral_ratio_1_10,full_feature_graph_guided_m4,groupkfold_state_random_matched,5,Idaho;Montana;Utah;Wyoming,RandomMatched_XGB,385,1551,187,17,170,0.9487889273356401,0.6215656633710548,0.8676470588235294,0.4827586206896552,0.8235294117647058,0.6086956521739131,155,15,3,14,1.0,0.11764705882352941,0.21052631578947367,11.0,1.0,0.5,0.29411764705882354,0.37037037037037035,5.5,0.6172839611614819,0.5263157894736842,0.5882352941176471,0.5555555555555555,5.789473684210526,0.6417284627061912,0.39473684210526316,0.8823529411764706,0.5454545454545454,4.342105263157895,0.8115353272142336,86.0
known_mining_neutral_ratio_1_10,full_feature_graph_guided_m4,groupkfold_state_random_matched,5,Idaho;Montana;Utah;Wyoming,RandomMatched_XGB,385,1551,187,17,170,0.9657439446366782,0.6698524963096238,0.9029411764705882,0.5357142857142857,0.8823529411764706,0.6666666666666666,157,13,2,15,0.5,0.058823529411764705,0.10526315789473684,5.5,0.38685280723454163,0.7,0.4117647058823529,0.5185185185185185,7.699999999999999,0.6371130896657825,0.631578947368421,0.7058823529411765,0.6666666666666667,6.947368421052631,0.663831586450804,0.4473684210526316,1.0,0.6181818181818182,4.921052631578947,0.8251197590330583,87.0
known_mining_neutral_ratio_1_10,full_feature_graph_guided_m4,groupkfold_state_random_matched,5,Idaho;Montana;Utah;Wyoming,RandomMatched_XGB,385,1551,187,17,170,0.9740484429065743,0.7910005027652087,0.9147058823529411,0.625,0.8823529411764706,0.7317073170731707,161,9,2,15,1.0,0.11764705882352941,0.21052631578947367,11.0,1.0,0.8,0.47058823529411764,0.5925925925925927,8.8,0.8482378089219648,0.6842105263157895,0.7647058823529411,0.7222222222222222,7.526315789473684,0.8077250880003025,0.4473684210526316,1.0,0.6181818181818182,4.921052631578947,0.939169295982165,88.0
known_mining_neutral_ratio_1_10,full_feature_graph_guided_m4,groupkfold_state_random_matched,5,Idaho;Montana;Utah;Wyoming,RandomMatched_XGB,385,1551,187,17,170,0.967128027681661,0.6915834982011453,0.8794117647058823,0.56,0.8235294117647058,0.6666666666666666,159,11,3,14,1.0,0.11764705882352941,0.21052631578947367,11.0,1.0,0.7,0.4117647058823529,0.5185185185185185,7.699999999999999,0.7315449642824575,0.631578947368421,0.7058823529411765,0.6666666666666667,6.947368421052631,0.723119294728106,0.4473684210526316,1.0,0.6181818181818182,4.921052631578947,0.8877465607169259,89.0
known_mining_neutral_ratio_1_10,full_feature_graph_guided_m4,groupkfold_state_random_matched,5,Idaho;Montana;Utah;Wyoming,RandomMatched_XGB,385,1551,187,17,170,0.9470588235294118,0.6298434532985763,0.8705882352941177,0.5,0.8235294117647058,0.6222222222222222,156,14,3,14,1.0,0.11764705882352941,0.21052631578947367,11.0,1.0,0.5,0.29411764705882354,0.37037037037037035,5.5,0.6489315753318466,0.5263157894736842,0.5882352941176471,0.5555555555555555,5.789473684210526,0.6539289067560816,0.42105263157894735,0.9411764705882353,0.5818181818181818,4.63157894736842,0.8503390921897994,90.0
known_mining_neutral_ratio_1_10,full_feature_graph_guided_m4,groupkfold_state_random_matched,5,Idaho;Montana;Utah;Wyoming,RandomMatched_XGB,385,1551,187,17,170,0.971280276816609,0.7483152661373149,0.8999999999999999,0.5172413793103449,0.8823529411764706,0.6521739130434783,156,14,2,15,1.0,0.11764705882352941,0.21052631578947367,11.0,1.0,0.8,0.47058823529411764,0.5925925925925927,8.8,0.8165901947515999,0.6842105263157895,0.7647058823529411,0.7222222222222222,7.526315789473684,0.7839975803020947,0.4473684210526316,1.0,0.6181818181818182,4.921052631578947,0.9139822659105256,91.0
known_mining_neutral_ratio_1_10,full_feature_graph_guided_m4,groupkfold_state_random_matched,5,Idaho;Montana;Utah;Wyoming,RandomMatched_XGB,385,1551,187,17,170,0.9522491349480969,0.6847461345280819,0.8,0.5789473684210527,0.6470588235294118,0.6111111111111112,162,8,6,11,1.0,0.11764705882352941,0.21052631578947367,11.0,1.0,0.7,0.4117647058823529,0.5185185185185185,7.699999999999999,0.7788065869851875,0.5789473684210527,0.6470588235294118,0.6111111111111113,6.368421052631579,0.7172939814974808,0.39473684210526316,0.8823529411764706,0.5454545454545454,4.342105263157895,0.844992223121275,92.0
known_mining_neutral_ratio_1_10,full_feature_graph_guided_m4,groupkfold_state_random_matched,5,Idaho;Montana;Utah;Wyoming,RandomMatched_XGB,385,1551,187,17,170,0.9747404844290657,0.7314553185393414,0.9441176470588235,0.64,0.9411764705882353,0.7619047619047619,161,9,1,16,1.0,0.11764705882352941,0.21052631578947367,11.0,1.0,0.7,0.4117647058823529,0.5185185185185185,7.699999999999999,0.7471589728148226,0.631578947368421,0.7058823529411765,0.6666666666666667,6.947368421052631,0.7346754924150292,0.4473684210526316,1.0,0.6181818181818182,4.921052631578947,0.9064258392816078,93.0
known_mining_neutral_ratio_1_10,full_feature_graph_guided_m4,groupkfold_state_random_matched,5,Idaho;Montana;Utah;Wyoming,RandomMatched_XGB,385,1551,187,17,170,0.9737024221453286,0.7560620383201029,0.9088235294117647,0.5769230769230769,0.8823529411764706,0.6976744186046512,159,11,2,15,1.0,0.11764705882352941,0.21052631578947367,11.0,1.0,0.8,0.47058823529411764,0.5925925925925927,8.8,0.8205228949141828,0.631578947368421,0.7058823529411765,0.6666666666666667,6.947368421052631,0.7507846481842568,0.4473684210526316,1.0,0.6181818181818182,4.921052631578947,0.9174249022034542,94.0
known_mining_neutral_ratio_1_10,full_feature_graph_guided_m4,groupkfold_state_random_matched,5,Idaho;Montana;Utah;Wyoming,RandomMatched_XGB,385,1551,187,17,170,0.9737024221453288,0.7763931092912113,0.8764705882352941,0.5384615384615384,0.8235294117647058,0.6511627906976745,158,12,3,14,1.0,0.11764705882352941,0.21052631578947367,11.0,1.0,0.7,0.4117647058823529,0.5185185185185185,7.699999999999999,0.7885497208855957,0.631578947368421,0.7058823529411765,0.6666666666666667,6.947368421052631,0.7683858361057081,0.4473684210526316,1.0,0.6181818181818182,4.921052631578947,0.9356591848204383,95.0
known_mining_neutral_ratio_1_10,full_feature_graph_guided_m4,groupkfold_state_random_matched,5,Idaho;Montana;Utah;Wyoming,RandomMatched_XGB,385,1551,187,17,170,0.9730103806228374,0.6998128195896959,0.8529411764705882,0.5652173913043478,0.7647058823529411,0.65,160,10,4,13,0.5,0.058823529411764705,0.10526315789473684,5.5,0.38685280723454163,0.8,0.47058823529411764,0.5925925925925927,8.8,0.7065443116025598,0.631578947368421,0.7058823529411765,0.6666666666666667,6.947368421052631,0.6681222483395197,0.4473684210526316,1.0,0.6181818181818182,4.921052631578947,0.8353819908435041,96.0
known_mining_neutral_ratio_1_10,full_feature_graph_guided_m4,groupkfold_state_random_matched,5,Idaho;Montana;Utah;Wyoming,RandomMatched_XGB,385,1551,187,17,170,0.9622837370242214,0.6276609991315873,0.9058823529411765,0.5555555555555556,0.8823529411764706,0.6818181818181818,158,12,2,15,0.5,0.058823529411764705,0.10526315789473684,5.5,0.38685280723454163,0.6,0.35294117647058826,0.4444444444444445,6.6,0.5708588662113935,0.5789473684210527,0.6470588235294118,0.6111111111111113,6.368421052631579,0.6095337153694452,0.4473684210526316,1.0,0.6181818181818182,4.921052631578947,0.8082263636718097,97.0
known_mining_neutral_ratio_1_10,full_feature_graph_guided_m4,groupkfold_state_random_matched,5,Idaho;Montana;Utah;Wyoming,RandomMatched_XGB,385,1551,187,17,170,0.970242214532872,0.6907629242028219,0.9117647058823529,0.6,0.8823529411764706,0.7142857142857143,160,10,2,15,0.5,0.058823529411764705,0.10526315789473684,5.5,0.6131471927654584,0.7,0.4117647058823529,0.5185185185185185,7.699999999999999,0.6969179698201176,0.631578947368421,0.7058823529411765,0.6666666666666667,6.947368421052631,0.7058085005954982,0.4473684210526316,1.0,0.6181818181818182,4.921052631578947,0.8722039879504934,98.0
known_mining_neutral_ratio_1_10,full_feature_graph_guided_m4,groupkfold_state_random_matched,5,Idaho;Montana;Utah;Wyoming,RandomMatched_XGB,385,1551,187,17,170,0.9570934256055363,0.6303834705021656,0.8970588235294117,0.5,0.8823529411764706,0.6382978723404256,155,15,2,15,0.5,0.058823529411764705,0.10526315789473684,5.5,0.38685280723454163,0.6,0.35294117647058826,0.4444444444444445,6.6,0.5734923014668308,0.631578947368421,0.7058823529411765,0.6666666666666667,6.947368421052631,0.6505816487010567,0.39473684210526316,0.8823529411764706,0.5454545454545454,4.342105263157895,0.7524036479083116,99.0
