climate_concept,target_concept,target_group,global_spearman,global_abs_spearman,n_pair,m4_sensitive_rate,m4_mean_abs_spearman,m4_max_abs_spearman,m4_fold_count,causal_edge_present,causal_environment_count,causal_stable_edge_score,causal_mean_edge_weight,causal_edge_class,global_score_norm,m4_score_norm,causal_score_norm,combined_climate_sensitivity_score,selected_for_graph_guided_m4
vapor_pressure,terrain_elevation,terrain,-0.9024639825491759,0.9024639825491759,1491,1.0,0.9024639825491759,0.9024639825491759,1.0,False,0.0,0.0,0.0,,1.0,1.0,0.0,0.8,True
vapor_pressure,regional_gravity_anomaly,geophysics,0.8426085446637145,0.8426085446637145,1551,1.0,0.8426085446637145,0.8426085446637145,1.0,False,0.0,0.0,0.0,,0.9336660263058579,1.0,0.0,0.770149711837636,True
vapor_pressure,deep_regional_gravity_anomaly,geophysics,0.8296000553822303,0.8296000553822303,1546,1.0,0.8296000553822303,0.8296000553822303,1.0,False,0.0,0.0,0.0,,0.9192495452594783,1.0,0.0,0.7636622953667652,True
precipitation,terrain_relief,terrain,0.49032177731097254,0.49032177731097254,1491,1.0,0.49032177731097254,0.49032177731097254,1.0,False,0.0,0.0,0.0,,0.5432490151883563,1.0,0.0,0.5944620568347603,True
aridity,shallow_gravity_source_density,geophysics,-0.47664636087635687,0.47664636087635687,1551,1.0,0.47664636087635687,0.47664636087635687,1.0,False,0.0,0.0,0.0,,0.5280934212093075,1.0,0.0,0.5876420395441884,True
actual_evapotranspiration,deep_gravity_source_strength,geophysics,0.4257093479453673,0.4257093479453673,1551,1.0,0.4257093479453673,0.4257093479453673,1.0,False,0.0,0.0,0.0,,0.47164317048541887,1.0,0.0,0.5622394267184385,True
precipitation,terrain_roughness,terrain,0.4066588472697354,0.4066588472697354,1491,1.0,0.4066588472697354,0.4066588472697354,1.0,False,0.0,0.0,0.0,,0.450530712614911,1.0,0.0,0.5527388206767099,True
precipitation,terrain_slope,terrain,0.4038304846417279,0.4038304846417279,1490,1.0,0.4038304846417279,0.4038304846417279,1.0,False,0.0,0.0,0.0,,0.44739621825998266,1.0,0.0,0.5513282982169921,True
actual_evapotranspiration,deep_gravity_gradient,geophysics,0.38222798495509486,0.38222798495509486,1546,1.0,0.38222798495509486,0.38222798495509486,1.0,False,0.0,0.0,0.0,,0.4234555422485072,1.0,0.0,0.5405549940118282,True
vapor_pressure,Ag_anomaly,geochemistry,-0.3802335892727231,0.3802335892727231,1551,1.0,0.3802335892727231,0.3802335892727231,1.0,False,0.0,0.0,0.0,,0.4212452804008983,1.0,0.0,0.5395603761804042,True
vapor_pressure,As_Sb_Bi_pathfinder,geochemistry,-0.3583211025135803,0.3583211025135803,1551,1.0,0.3583211025135803,0.3583211025135803,1.0,False,0.0,0.0,0.0,,0.3969610654389145,1.0,0.0,0.5286324794475115,True
soil_moisture,fault_density,structure,0.3485845170429358,0.3485845170429358,1551,1.0,0.3485845170429358,0.3485845170429358,1.0,False,0.0,0.0,0.0,,0.38617062722148104,1.0,0.0,0.5237767822496664,True
vapor_pressure,unconsolidated_cover,geology,0.32019826674187296,0.32019826674187296,1551,1.0,0.32019826674187296,0.32019826674187296,1.0,False,0.0,0.0,0.0,,0.35471195199886774,1.0,0.0,0.5096203783994905,True
precipitation,Au_anomaly,geochemistry,-0.301998970303493,0.301998970303493,1551,1.0,0.301998970303493,0.301998970303493,1.0,False,0.0,0.0,0.0,,0.3345428296293091,1.0,0.0,0.5005442733331891,True
soil_moisture,deep_gravity_gradient,geophysics,0.26005237936710934,0.26005237936710934,1546,0.0,0.0,0.0,0.0,True,2.0,0.6666666666666666,0.3727117047874029,undirected_cross_environment_association,0.28805609161466894,0.0,1.0,0.32962524122660103,False
wind_speed,terrain_elevation,terrain,0.600660223628912,0.600660223628912,1491,0.0,0.0,0.0,0.0,False,0.0,0.0,0.0,,0.6655300953052974,0.0,0.0,0.29948854288738386,False
min_temperature,terrain_elevation,terrain,-0.5791011616928591,0.5791011616928591,1491,0.0,0.0,0.0,0.0,False,0.0,0.0,0.0,,0.6416375585891994,0.0,0.0,0.28873690136513974,False
wind_speed,regional_gravity_anomaly,geophysics,-0.5627194838742767,0.5627194838742767,1551,0.0,0.0,0.0,0.0,False,0.0,0.0,0.0,,0.6234827872956842,0.0,0.0,0.2805672542830579,False
precipitation,deep_gravity_gradient,geophysics,0.3541531176210678,0.3541531176210678,1546,0.0,0.0,0.0,0.0,True,1.0,0.3333333333333333,0.4532307800516178,undirected_cross_environment_association,0.392341952957496,0.0,0.5,0.27655387883087323,False
wind_speed,deep_regional_gravity_anomaly,geophysics,-0.5539728981757777,0.5539728981757777,1546,0.0,0.0,0.0,0.0,False,0.0,0.0,0.0,,0.6137895028400923,0.0,0.0,0.27620527627804153,False
wind_speed,Ag_anomaly,geochemistry,0.2861976032512512,0.2861976032512512,1551,0.0,0.0,0.0,0.0,True,1.0,0.3333333333333333,0.2928015561480995,candidate_control_on_geochemical_expression,0.31703117983767864,0.0,0.5,0.2426640309269554,False
aridity,terrain_relief,terrain,0.48497062411357955,0.48497062411357955,1491,0.0,0.0,0.0,0.0,False,0.0,0.0,0.0,,0.5373186725500075,0.0,0.0,0.2417934026475034,False
evapotranspiration_ratio,terrain_relief,terrain,0.48112842751155793,0.48112842751155793,1491,0.0,0.0,0.0,0.0,False,0.0,0.0,0.0,,0.5330606105036829,0.0,0.0,0.23987727472665732,False
min_temperature,regional_gravity_anomaly,geophysics,0.4798334562071831,0.4798334562071831,1551,0.0,0.0,0.0,0.0,False,0.0,0.0,0.0,,0.5316254761955278,0.0,0.0,0.23923146428798753,False
evapotranspiration_ratio,shallow_gravity_source_density,geophysics,-0.47581987492843986,0.47581987492843986,1551,0.0,0.0,0.0,0.0,False,0.0,0.0,0.0,,0.5271774794158046,0.0,0.0,0.23722986573711208,False
diurnal_temperature_range,deep_regional_gravity_anomaly,geophysics,-0.4756365296671694,0.4756365296671694,1546,0.0,0.0,0.0,0.0,False,0.0,0.0,0.0,,0.5269742895275052,0.0,0.0,0.23713843028737736,False
runoff,terrain_relief,terrain,0.47184157331244725,0.47184157331244725,1491,0.0,0.0,0.0,0.0,False,0.0,0.0,0.0,,0.5227685808417502,0.0,0.0,0.23524586137878759,False
soil_moisture,terrain_relief,terrain,0.4691453276623279,0.4691453276623279,1491,0.0,0.0,0.0,0.0,False,0.0,0.0,0.0,,0.5197805033278873,0.0,0.0,0.23390122649754927,False
diurnal_temperature_range,terrain_relief,terrain,-0.4627731089004448,0.4627731089004448,1491,0.0,0.0,0.0,0.0,False,0.0,0.0,0.0,,0.5127185786865049,0.0,0.0,0.23072336040892724,False
precipitation,shallow_gravity_source_density,geophysics,-0.4626259819292153,0.4626259819292153,1551,0.0,0.0,0.0,0.0,False,0.0,0.0,0.0,,0.5125555272247829,0.0,0.0,0.23064998725115232,False
runoff,shallow_gravity_source_density,geophysics,-0.4571703714054953,0.4571703714054953,1551,0.0,0.0,0.0,0.0,False,0.0,0.0,0.0,,0.5065094211774354,0.0,0.0,0.22792923952984592,False
diurnal_temperature_range,regional_gravity_anomaly,geophysics,-0.4504602398791078,0.4504602398791078,1551,0.0,0.0,0.0,0.0,False,0.0,0.0,0.0,,0.49907300931779147,0.0,0.0,0.22458285419300617,False
max_temperature,terrain_relief,terrain,-0.4464693758810731,0.4464693758810731,1491,0.0,0.0,0.0,0.0,False,0.0,0.0,0.0,,0.49465018865496185,0.0,0.0,0.22259258489473283,False
actual_evapotranspiration,terrain_relief,terrain,0.4427573961618616,0.4427573961618616,1491,0.0,0.0,0.0,0.0,False,0.0,0.0,0.0,,0.4905364376952153,0.0,0.0,0.2207413969628469,False
soil_moisture,shallow_gravity_source_density,geophysics,-0.44196814637617693,0.44196814637617693,1551,0.0,0.0,0.0,0.0,False,0.0,0.0,0.0,,0.48966176237128073,0.0,0.0,0.22034779306707633,False
water_balance,shallow_gravity_source_density,geophysics,-0.4415353542018313,0.4415353542018313,1551,0.0,0.0,0.0,0.0,False,0.0,0.0,0.0,,0.4891821263394968,0.0,0.0,0.22013195685277356,False
evapotranspiration_ratio,deep_gravity_gradient,geophysics,0.23990624575608865,0.23990624575608865,1546,0.0,0.0,0.0,0.0,True,1.0,0.3333333333333333,0.373909542239506,undirected_cross_environment_association,0.26572941346807544,0.0,0.5,0.21957823606063395,False
min_temperature,deep_regional_gravity_anomaly,geophysics,0.43935108715310134,0.43935108715310134,1546,0.0,0.0,0.0,0.0,False,0.0,0.0,0.0,,0.48676144213652267,0.0,0.0,0.21904264896143522,False
mean_temperature,terrain_relief,terrain,-0.4357323556713383,0.4357323556713383,1491,0.0,0.0,0.0,0.0,False,0.0,0.0,0.0,,0.4827510322657139,0.0,0.0,0.21723796451957128,False
water_deficit,shallow_gravity_source_density,geophysics,0.4326859518094703,0.4326859518094703,1551,0.0,0.0,0.0,0.0,False,0.0,0.0,0.0,,0.47937489668348693,0.0,0.0,0.2157187035075691,False
diurnal_temperature_range,fault_proximity,structure,-0.22428987464406436,0.22428987464406436,1551,0.0,0.0,0.0,0.0,True,1.0,0.3333333333333333,0.3065705405701117,undirected_cross_environment_association,0.24842278290720213,0.0,0.5,0.21179025230824094,False
vapor_pressure_deficit,shallow_gravity_source_density,geophysics,0.42241918661464756,0.42241918661464756,1551,0.0,0.0,0.0,0.0,False,0.0,0.0,0.0,,0.46799689400876715,0.0,0.0,0.21059860230394523,False
actual_evapotranspiration,shallow_gravity_source_density,geophysics,-0.4157728239744744,0.4157728239744744,1551,0.0,0.0,0.0,0.0,False,0.0,0.0,0.0,,0.46063115314861947,0.0,0.0,0.20728401891687875,False
water_balance,terrain_relief,terrain,0.40970396109980683,0.40970396109980683,1491,0.0,0.0,0.0,0.0,False,0.0,0.0,0.0,,0.45390541853697214,0.0,0.0,0.20425743834163745,False
potential_evapotranspiration,shallow_gravity_source_density,geophysics,0.4073905887313343,0.4073905887313343,1551,0.0,0.0,0.0,0.0,False,0.0,0.0,0.0,,0.451341655122048,0.0,0.0,0.2031037448049216,False
precipitation,deep_gravity_source_strength,geophysics,0.40512438179096794,0.40512438179096794,1551,0.0,0.0,0.0,0.0,False,0.0,0.0,0.0,,0.4488301621503416,0.0,0.0,0.20197357296765373,False
aridity,terrain_slope,terrain,0.40279332093797665,0.40279332093797665,1490,0.0,0.0,0.0,0.0,False,0.0,0.0,0.0,,0.4462467957133996,0.0,0.0,0.2008110580710298,False
evapotranspiration_ratio,terrain_slope,terrain,0.40088251743196035,0.40088251743196035,1490,0.0,0.0,0.0,0.0,False,0.0,0.0,0.0,,0.4441291737565557,0.0,0.0,0.19985812819045007,False
aridity,terrain_roughness,terrain,0.3999962062271147,0.3999962062271147,1491,0.0,0.0,0.0,0.0,False,0.0,0.0,0.0,,0.44314693143699296,0.0,0.0,0.19941611914664684,False
evapotranspiration_ratio,terrain_roughness,terrain,0.39852750895494604,0.39852750895494604,1491,0.0,0.0,0.0,0.0,False,0.0,0.0,0.0,,0.44151926769150135,0.0,0.0,0.1986836704611756,False
water_deficit,terrain_relief,terrain,-0.38838626705335955,0.38838626705335955,1491,0.0,0.0,0.0,0.0,False,0.0,0.0,0.0,,0.43028037449664985,0.0,0.0,0.19362616852349243,False
solar_radiation,shallow_gravity_source_density,geophysics,0.3845038140394507,0.3845038140394507,1551,0.0,0.0,0.0,0.0,False,0.0,0.0,0.0,,0.4259776988302184,0.0,0.0,0.1916899644735983,False
runoff,terrain_roughness,terrain,0.38351877565840675,0.38351877565840675,1491,0.0,0.0,0.0,0.0,False,0.0,0.0,0.0,,0.4248860434624818,0.0,0.0,0.19119871955811682,False
runoff,terrain_slope,terrain,0.3823632917456849,0.3823632917456849,1490,0.0,0.0,0.0,0.0,False,0.0,0.0,0.0,,0.42360549415604837,0.0,0.0,0.19062247237022176,False
soil_moisture,terrain_slope,terrain,0.3782244761230653,0.3782244761230653,1490,0.0,0.0,0.0,0.0,False,0.0,0.0,0.0,,0.41901870812064895,0.0,0.0,0.18855841865429204,False
solar_radiation,fault_proximity,structure,-0.17535736591279483,0.17535736591279483,1551,0.0,0.0,0.0,0.0,True,1.0,0.3333333333333333,0.3174247617652826,undirected_cross_environment_association,0.1941939966575769,0.0,0.5,0.18738729849590963,False
snow_influence,terrain_relief,terrain,0.37274218360205363,0.37274218360205363,1491,0.0,0.0,0.0,0.0,False,0.0,0.0,0.0,,0.41294303211326133,0.0,0.0,0.18582436445096762,False
soil_moisture,terrain_roughness,terrain,0.3711882696274997,0.3711882696274997,1491,0.0,0.0,0.0,0.0,False,0.0,0.0,0.0,,0.4112209281181612,0.0,0.0,0.18504941765317254,False
diurnal_temperature_range,terrain_slope,terrain,-0.37114119677094687,0.37114119677094687,1490,0.0,0.0,0.0,0.0,False,0.0,0.0,0.0,,0.4111687602661064,0.0,0.0,0.18502594211974788,False
max_temperature,terrain_slope,terrain,-0.37093162829896603,0.37093162829896603,1490,0.0,0.0,0.0,0.0,False,0.0,0.0,0.0,,0.4109365088617461,0.0,0.0,0.18492142898778574,False
snow_influence,terrain_elevation,terrain,0.37037686705534056,0.37037686705534056,1491,0.0,0.0,0.0,0.0,False,0.0,0.0,0.0,,0.4103217022703784,0.0,0.0,0.1846447660216703,False
max_temperature,shallow_gravity_source_density,geophysics,0.36432234885419057,0.36432234885419057,1551,0.0,0.0,0.0,0.0,False,0.0,0.0,0.0,,0.4036118649477558,0.0,0.0,0.18162533922649013,False
mean_temperature,terrain_elevation,terrain,-0.3632058164319106,0.3632058164319106,1491,0.0,0.0,0.0,0.0,False,0.0,0.0,0.0,,0.40237448310001284,0.0,0.0,0.1810685173950058,False
actual_evapotranspiration,terrain_roughness,terrain,0.3619854947598849,0.3619854947598849,1491,0.0,0.0,0.0,0.0,False,0.0,0.0,0.0,,0.4010220782300419,0.0,0.0,0.18045993520351886,False
mean_temperature,terrain_slope,terrain,-0.36090670464350516,0.36090670464350516,1490,0.0,0.0,0.0,0.0,False,0.0,0.0,0.0,,0.3998265237786924,0.0,0.0,0.17992193570041157,False
min_temperature,terrain_relief,terrain,-0.3594306864135844,0.3594306864135844,1491,0.0,0.0,0.0,0.0,False,0.0,0.0,0.0,,0.398190746681497,0.0,0.0,0.17918583600667365,False
diurnal_temperature_range,terrain_roughness,terrain,-0.3580728599320982,0.3580728599320982,1491,0.0,0.0,0.0,0.0,False,0.0,0.0,0.0,,0.3966859539795128,0.0,0.0,0.17850867929078076,False
vapor_pressure_deficit,terrain_relief,terrain,-0.3580550219748991,0.3580550219748991,1491,0.0,0.0,0.0,0.0,False,0.0,0.0,0.0,,0.396666185306433,0.0,0.0,0.17849978338789485,False
potential_evapotranspiration,terrain_relief,terrain,-0.35483611823946615,0.35483611823946615,1491,0.0,0.0,0.0,0.0,False,0.0,0.0,0.0,,0.39309887908909685,0.0,0.0,0.1768944955900936,False
diurnal_temperature_range,shallow_gravity_source_density,geophysics,0.35272101908007436,0.35272101908007436,1551,0.0,0.0,0.0,0.0,False,0.0,0.0,0.0,,0.39075484925728643,0.0,0.0,0.1758396821657789,False
actual_evapotranspiration,terrain_slope,terrain,0.3527015325391956,0.3527015325391956,1490,0.0,0.0,0.0,0.0,False,0.0,0.0,0.0,,0.3907332535638005,0.0,0.0,0.17582996410371024,False
max_temperature,terrain_roughness,terrain,-0.352323912195532,0.352323912195532,1491,0.0,0.0,0.0,0.0,False,0.0,0.0,0.0,,0.39031476096182693,0.0,0.0,0.17564164243282213,False
water_balance,terrain_slope,terrain,0.3478245914911853,0.3478245914911853,1490,0.0,0.0,0.0,0.0,False,0.0,0.0,0.0,,0.3853284500803533,0.0,0.0,0.173397802536159,False
mean_temperature,terrain_roughness,terrain,-0.342964145756838,0.342964145756838,1491,0.0,0.0,0.0,0.0,False,0.0,0.0,0.0,,0.37994192730357634,0.0,0.0,0.17097386728660935,False
max_temperature,fault_density,structure,-0.33455759072147373,0.33455759072147373,1551,0.0,0.0,0.0,0.0,False,0.0,0.0,0.0,,0.37062547719855327,0.0,0.0,0.16678146473934896,False
water_balance,terrain_roughness,terrain,0.3342864934063035,0.3342864934063035,1491,0.0,0.0,0.0,0.0,False,0.0,0.0,0.0,,0.37032503729186567,0.0,0.0,0.16664626678133956,False
water_deficit,terrain_slope,terrain,-0.33122343287667105,0.33122343287667105,1490,0.0,0.0,0.0,0.0,False,0.0,0.0,0.0,,0.3669304421844835,0.0,0.0,0.1651186989830176,False
vapor_pressure_deficit,fault_density,structure,-0.3260858814784521,0.3260858814784521,1551,0.0,0.0,0.0,0.0,False,0.0,0.0,0.0,,0.36123682083041536,0.0,0.0,0.16255656937368693,False
mean_temperature,fault_density,structure,-0.32189125033265614,0.32189125033265614,1551,0.0,0.0,0.0,0.0,False,0.0,0.0,0.0,,0.35658817800176706,0.0,0.0,0.16046468010079518,False
diurnal_temperature_range,fault_density,structure,-0.31985694544900756,0.31985694544900756,1551,0.0,0.0,0.0,0.0,False,0.0,0.0,0.0,,0.3543336873254807,0.0,0.0,0.15945015929646633,False
potential_evapotranspiration,fault_density,structure,-0.31883468983813723,0.31883468983813723,1551,0.0,0.0,0.0,0.0,False,0.0,0.0,0.0,,0.3532007864697569,0.0,0.0,0.1589403539113906,False
vapor_pressure,deep_gravity_source_strength,geophysics,0.31869108064334833,0.31869108064334833,1551,0.0,0.0,0.0,0.0,False,0.0,0.0,0.0,,0.3530416335358565,0.0,0.0,0.15886873509113542,False
water_deficit,fault_density,structure,-0.31800976283774357,0.31800976283774357,1551,0.0,0.0,0.0,0.0,False,0.0,0.0,0.0,,0.3522865723586111,0.0,0.0,0.158528957561375,False
water_deficit,terrain_roughness,terrain,-0.31503022589748586,0.31503022589748586,1491,0.0,0.0,0.0,0.0,False,0.0,0.0,0.0,,0.3489845411314068,0.0,0.0,0.15704304350913306,False
solar_radiation,fault_density,structure,-0.3140506066988859,0.3140506066988859,1551,0.0,0.0,0.0,0.0,False,0.0,0.0,0.0,,0.3478988914987944,0.0,0.0,0.1565545011744575,False
runoff,deep_gravity_source_strength,geophysics,0.3107482127458166,0.3107482127458166,1551,0.0,0.0,0.0,0.0,False,0.0,0.0,0.0,,0.34423905838505486,0.0,0.0,0.1549075762732747,False
water_balance,fault_density,structure,0.3082636902241333,0.3082636902241333,1551,0.0,0.0,0.0,0.0,False,0.0,0.0,0.0,,0.34148562014421835,0.0,0.0,0.15366852906489825,False
vapor_pressure_deficit,terrain_slope,terrain,-0.3078650632405511,0.3078650632405511,1490,0.0,0.0,0.0,0.0,False,0.0,0.0,0.0,,0.3410438472197045,0.0,0.0,0.15346973124886704,False
potential_evapotranspiration,terrain_slope,terrain,-0.30779332420610694,0.30779332420610694,1490,0.0,0.0,0.0,0.0,False,0.0,0.0,0.0,,0.3409643434120009,0.0,0.0,0.1534339545354004,False
vapor_pressure,terrain_relief,terrain,-0.3072298669416451,0.3072298669416451,1491,0.0,0.0,0.0,0.0,False,0.0,0.0,0.0,,0.34033989957399724,0.0,0.0,0.15315295480829877,False
precipitation,unconsolidated_cover,geology,-0.30715059605648415,0.30715059605648415,1551,0.0,0.0,0.0,0.0,False,0.0,0.0,0.0,,0.34025204869533454,0.0,0.0,0.15311342191290056,False
diurnal_temperature_range,terrain_elevation,terrain,0.3057397901895784,0.3057397901895784,1491,0.0,0.0,0.0,0.0,False,0.0,0.0,0.0,,0.3386885423111369,0.0,0.0,0.1524098440400116,False
actual_evapotranspiration,unconsolidated_cover,geology,-0.3050958054605926,0.3050958054605926,1551,0.0,0.0,0.0,0.0,False,0.0,0.0,0.0,,0.33797485500750846,0.0,0.0,0.1520886847533788,False
snow_influence,terrain_slope,terrain,0.3003750564107429,0.3003750564107429,1490,0.0,0.0,0.0,0.0,False,0.0,0.0,0.0,,0.3327431491783972,0.0,0.0,0.14973441713027874,False
aridity,unconsolidated_cover,geology,-0.2992240298663865,0.2992240298663865,1551,0.0,0.0,0.0,0.0,False,0.0,0.0,0.0,,0.33146753968973713,0.0,0.0,0.1491603928603817,False
evapotranspiration_ratio,unconsolidated_cover,geology,-0.2967328072651405,0.2967328072651405,1551,0.0,0.0,0.0,0.0,False,0.0,0.0,0.0,,0.32870667617699284,0.0,0.0,0.14791800427964677,False
runoff,unconsolidated_cover,geology,-0.29541241807209284,0.29541241807209284,1551,0.0,0.0,0.0,0.0,False,0.0,0.0,0.0,,0.327243372839955,0.0,0.0,0.14725951777797977,False
runoff,Au_anomaly,geochemistry,-0.29530997393243646,0.29530997393243646,1551,0.0,0.0,0.0,0.0,False,0.0,0.0,0.0,,0.32712984051766064,0.0,0.0,0.1472084282329473,False
min_temperature,terrain_slope,terrain,-0.29522192341861275,0.29522192341861275,1490,0.0,0.0,0.0,0.0,False,0.0,0.0,0.0,,0.32703225973512734,0.0,0.0,0.1471645168808073,False
soil_moisture,deep_gravity_source_strength,geophysics,0.2943136673465327,0.2943136673465327,1551,0.0,0.0,0.0,0.0,False,0.0,0.0,0.0,,0.32602569731538206,0.0,0.0,0.14671156379192193,False
evapotranspiration_ratio,fault_density,structure,0.29178915625160395,0.29178915625160395,1551,0.0,0.0,0.0,0.0,False,0.0,0.0,0.0,,0.32322794228296503,0.0,0.0,0.14545257402733427,False
aridity,fault_density,structure,0.29098328002784024,0.29098328002784024,1551,0.0,0.0,0.0,0.0,False,0.0,0.0,0.0,,0.32233484093551235,0.0,0.0,0.14505067842098057,False
soil_moisture,deep_regional_gravity_anomaly,geophysics,0.2906119204439398,0.2906119204439398,1546,0.0,0.0,0.0,0.0,False,0.0,0.0,0.0,,0.3219232867352631,0.0,0.0,0.1448654790308684,False
potential_evapotranspiration,terrain_roughness,terrain,-0.28881191836305414,0.28881191836305414,1491,0.0,0.0,0.0,0.0,False,0.0,0.0,0.0,,0.3199284589484987,0.0,0.0,0.14396780652682442,False
mean_temperature,shallow_gravity_source_density,geophysics,0.2881268540015436,0.2881268540015436,1551,0.0,0.0,0.0,0.0,False,0.0,0.0,0.0,,0.31916924570170574,0.0,0.0,0.14362616056576757,False
vapor_pressure_deficit,terrain_roughness,terrain,-0.28783033893397997,0.28783033893397997,1491,0.0,0.0,0.0,0.0,False,0.0,0.0,0.0,,0.3188406369171652,0.0,0.0,0.14347828661272433,False
evapotranspiration_ratio,deep_gravity_source_strength,geophysics,0.2859241658573631,0.2859241658573631,1551,0.0,0.0,0.0,0.0,False,0.0,0.0,0.0,,0.31672814657062814,0.0,0.0,0.14252766595678268,False
min_temperature,terrain_roughness,terrain,-0.2814453275048182,0.2814453275048182,1491,0.0,0.0,0.0,0.0,False,0.0,0.0,0.0,,0.31176453497653117,0.0,0.0,0.14029404073943902,False
snow_influence,terrain_roughness,terrain,0.28139505748055343,0.28139505748055343,1491,0.0,0.0,0.0,0.0,False,0.0,0.0,0.0,,0.311708823906911,0.0,0.0,0.14026897075810996,False
snow_influence,deep_gravity_source_strength,geophysics,-0.279260037829126,0.279260037829126,1551,0.0,0.0,0.0,0.0,False,0.0,0.0,0.0,,0.30934271746115627,0.0,0.0,0.13920422285752032,False
aridity,deep_gravity_source_strength,geophysics,0.2778133456165417,0.2778133456165417,1551,0.0,0.0,0.0,0.0,False,0.0,0.0,0.0,,0.30773944052319907,0.0,0.0,0.13848274823543957,False
snow_influence,deep_gravity_gradient,geophysics,-0.27688670367162566,0.27688670367162566,1546,0.0,0.0,0.0,0.0,False,0.0,0.0,0.0,,0.30671250221033314,0.0,0.0,0.13802062599464993,False
vapor_pressure,deep_gravity_gradient,geophysics,0.2746582181714816,0.2746582181714816,1546,0.0,0.0,0.0,0.0,False,0.0,0.0,0.0,,0.3042428135109169,0.0,0.0,0.1369092660799126,False
vapor_pressure,Au_anomaly,geochemistry,-0.2745579888355062,0.2745579888355062,1551,0.0,0.0,0.0,0.0,False,0.0,0.0,0.0,,0.3041317357146322,0.0,0.0,0.1368592810715845,False
runoff,deep_regional_gravity_anomaly,geophysics,0.2735255922225824,0.2735255922225824,1546,0.0,0.0,0.0,0.0,False,0.0,0.0,0.0,,0.30298759623152194,0.0,0.0,0.13634441830418487,False
runoff,deep_gravity_gradient,geophysics,0.2690162442997676,0.2690162442997676,1546,0.0,0.0,0.0,0.0,False,0.0,0.0,0.0,,0.2979901728217705,0.0,0.0,0.13409557776979672,False
max_temperature,deep_gravity_gradient,geophysics,0.06616506655001567,0.06616506655001567,1546,0.0,0.0,0.0,0.0,True,1.0,0.3333333333333333,0.314541442252606,undirected_cross_environment_association,0.07318311829103834,0.0,0.5,0.13293240323096725,False
aridity,Au_anomaly,geochemistry,-0.26608935720364246,0.26608935720364246,1551,0.0,0.0,0.0,0.0,False,0.0,0.0,0.0,,0.2947464900671373,0.0,0.0,0.1326359205302118,False
solar_radiation,As_Sb_Bi_pathfinder,geochemistry,0.265287473875978,0.265287473875978,1551,0.0,0.0,0.0,0.0,False,0.0,0.0,0.0,,0.29385781379239595,0.0,0.0,0.13223601620657818,False
evapotranspiration_ratio,Au_anomaly,geochemistry,-0.2636542140651077,0.2636542140651077,1551,0.0,0.0,0.0,0.0,False,0.0,0.0,0.0,,0.2920477758550361,0.0,0.0,0.13142149913476625,False
actual_evapotranspiration,Au_anomaly,geochemistry,-0.2617359024144913,0.2617359024144913,1551,0.0,0.0,0.0,0.0,False,0.0,0.0,0.0,,0.28992183309921404,0.0,0.0,0.13046482489464634,False
precipitation,fault_density,structure,0.26145071738235326,0.26145071738235326,1551,0.0,0.0,0.0,0.0,False,0.0,0.0,0.0,,0.28960578067209775,0.0,0.0,0.130322601302444,False
min_temperature,deep_gravity_source_strength,geophysics,0.2583712677758843,0.2583712677758843,1551,0.0,0.0,0.0,0.0,False,0.0,0.0,0.0,,0.2861930225935613,0.0,0.0,0.12878686016710258,False
min_temperature,unconsolidated_cover,geology,0.2579462535599234,0.2579462535599234,1551,0.0,0.0,0.0,0.0,False,0.0,0.0,0.0,,0.28572200637820694,0.0,0.0,0.12857490287019313,False
snow_influence,regional_gravity_anomaly,geophysics,-0.25774038875283045,0.25774038875283045,1551,0.0,0.0,0.0,0.0,False,0.0,0.0,0.0,,0.28549385951000783,0.0,0.0,0.12847223677950353,False
soil_moisture,unconsolidated_cover,geology,-0.25756565646459345,0.25756565646459345,1551,0.0,0.0,0.0,0.0,False,0.0,0.0,0.0,,0.285300214831748,0.0,0.0,0.1283850966742866,False
min_temperature,deep_gravity_gradient,geophysics,0.2562919038773197,0.2562919038773197,1546,0.0,0.0,0.0,0.0,False,0.0,0.0,0.0,,0.28388859587778187,0.0,0.0,0.12774986814500183,False
snow_influence,fault_density,structure,0.25623382761996605,0.25623382761996605,1551,0.0,0.0,0.0,0.0,False,0.0,0.0,0.0,,0.2838242336566763,0.0,0.0,0.12772090514550435,False
soil_moisture,fault_proximity,structure,0.2555489251605191,0.2555489251605191,1551,0.0,0.2555489251605191,0.2555489251605191,1.0,False,0.0,0.0,0.0,,0.28306519983563994,0.0,0.0,0.12737933992603798,False
runoff,fault_density,structure,0.254342668165207,0.254342668165207,1551,0.0,0.0,0.0,0.0,False,0.0,0.0,0.0,,0.28172838195204974,0.0,0.0,0.1267777718784224,False
solar_radiation,Pb_Zn_background,geochemistry,0.25293192578617557,0.25293192578617557,1551,0.0,0.25293192578617557,0.25293192578617557,1.0,False,0.0,0.0,0.0,,0.28016494592742397,0.0,0.0,0.12607422566734078,False
min_temperature,fault_density,structure,-0.2526524857438014,0.2526524857438014,1551,0.0,0.0,0.0,0.0,False,0.0,0.0,0.0,,0.279855260306956,0.0,0.0,0.1259348671381302,False
mean_temperature,unconsolidated_cover,geology,0.2510817240393357,0.2510817240393357,1551,0.0,0.0,0.0,0.0,False,0.0,0.0,0.0,,0.2781144850446786,0.0,0.0,0.12515151827010537,False
solar_radiation,deep_regional_gravity_anomaly,geophysics,-0.2503793253881938,0.2503793253881938,1546,0.0,0.0,0.0,0.0,False,0.0,0.0,0.0,,0.27733606130752697,0.0,0.0,0.12480122758838715,False
soil_moisture,regional_gravity_anomaly,geophysics,0.24805102231478465,0.24805102231478465,1551,0.0,0.0,0.0,0.0,False,0.0,0.0,0.0,,0.27475575114224077,0.0,0.0,0.12364008801400835,False
precipitation,deep_regional_gravity_anomaly,geophysics,0.2463968426719917,0.2463968426719917,1546,0.0,0.0,0.0,0.0,False,0.0,0.0,0.0,,0.2729225290861197,0.0,0.0,0.12281513808875387,False
solar_radiation,Mo_anomaly,geochemistry,0.2438689164278178,0.2438689164278178,1551,0.0,0.2438689164278178,0.2438689164278178,1.0,False,0.0,0.0,0.0,,0.2701209892610724,0.0,0.0,0.1215544451674826,False
runoff,As_Sb_Bi_pathfinder,geochemistry,-0.24372599245587603,0.24372599245587603,1551,0.0,0.0,0.0,0.0,False,0.0,0.0,0.0,,0.26996259571605835,0.0,0.0,0.12148316807222626,False
solar_radiation,terrain_relief,terrain,-0.2415275106366733,0.2415275106366733,1491,0.0,0.0,0.0,0.0,False,0.0,0.0,0.0,,0.26752615818733944,0.0,0.0,0.12038677118430274,False
vapor_pressure,W_Re_pathfinder,geochemistry,-0.23912569511155585,0.23912569511155585,1551,0.0,0.23912569511155585,0.23912569511155585,1.0,False,0.0,0.0,0.0,,0.26486437884882386,0.0,0.0,0.11918897048197073,False
evapotranspiration_ratio,shallow_gravity_source_strength,geophysics,-0.038433224149521175,0.038433224149521175,1551,0.0,0.0,0.0,0.0,True,1.0,0.3333333333333333,0.3107659286815522,undirected_cross_environment_association,0.042449681709976844,0.0,0.5,0.11910235676948959,False
aridity,deep_gravity_gradient,geophysics,0.23252068074753326,0.23252068074753326,1546,0.0,0.0,0.0,0.0,False,0.0,0.0,0.0,,0.25754446165247963,0.0,0.0,0.11589500774361583,False
diurnal_temperature_range,Ag_anomaly,geochemistry,0.23240375944702704,0.23240375944702704,1551,0.0,0.0,0.0,0.0,False,0.0,0.0,0.0,,0.25741488521387923,0.0,0.0,0.11583669834624566,False
mean_temperature,regional_gravity_anomaly,geophysics,0.23191626372210591,0.23191626372210591,1551,0.0,0.0,0.0,0.0,False,0.0,0.0,0.0,,0.25687462471733413,0.0,0.0,0.11559358112280037,False
soil_moisture,Au_anomaly,geochemistry,-0.2314932563228694,0.2314932563228694,1551,0.0,0.0,0.0,0.0,False,0.0,0.0,0.0,,0.256405832529278,0.0,0.0,0.11538262463817511,False
vapor_pressure,Mo_anomaly,geochemistry,-0.230265243084626,0.230265243084626,1551,0.0,0.0,0.0,0.0,False,0.0,0.0,0.0,,0.2550449035858197,0.0,0.0,0.11477020661361888,False
vapor_pressure_deficit,deep_gravity_gradient,geophysics,0.02895544288635325,0.02895544288635325,1546,0.0,0.0,0.0,0.0,True,1.0,0.3333333333333333,0.4013639772914008,undirected_cross_environment_association,0.0319460597300845,0.0,0.5,0.11437572687853803,False
max_temperature,unconsolidated_cover,geology,0.2294572101528966,0.2294572101528966,1551,0.0,0.0,0.0,0.0,False,0.0,0.0,0.0,,0.2541494120961424,0.0,0.0,0.11436723544326408,False
runoff,Ag_anomaly,geochemistry,-0.2272424497084314,0.2272424497084314,1551,0.0,0.0,0.0,0.0,False,0.0,0.0,0.0,,0.25169493400272147,0.0,0.0,0.11326272030122467,False
vapor_pressure,terrain_roughness,terrain,-0.22663657146325222,0.22663657146325222,1491,0.0,0.0,0.0,0.0,False,0.0,0.0,0.0,,0.25102347769069056,0.0,0.0,0.11296056496081075,False
snow_influence,deep_regional_gravity_anomaly,geophysics,-0.22537095647193361,0.22537095647193361,1546,0.0,0.0,0.0,0.0,False,0.0,0.0,0.0,,0.24962087711659248,0.0,0.0,0.11232939470246661,False
soil_moisture,As_Sb_Bi_pathfinder,geochemistry,-0.225042561887693,0.225042561887693,1551,0.0,0.0,0.0,0.0,False,0.0,0.0,0.0,,0.249256938291953,0.0,0.0,0.11216562223137885,False
soil_moisture,Ag_anomaly,geochemistry,-0.22367531217288958,0.22367531217288958,1551,0.0,0.0,0.0,0.0,False,0.0,0.0,0.0,,0.24774170242000687,0.0,0.0,0.1114837660890031,False
water_balance,unconsolidated_cover,geology,-0.22224803920239877,0.22224803920239877,1551,0.0,0.0,0.0,0.0,False,0.0,0.0,0.0,,0.24615994659257365,0.0,0.0,0.11077197596665814,False
diurnal_temperature_range,As_Sb_Bi_pathfinder,geochemistry,0.22123676737928666,0.22123676737928666,1551,0.0,0.0,0.0,0.0,False,0.0,0.0,0.0,,0.24503921837001327,0.0,0.0,0.11026764826650598,False
solar_radiation,regional_gravity_anomaly,geophysics,-0.2209840366842999,0.2209840366842999,1551,0.0,0.0,0.0,0.0,False,0.0,0.0,0.0,,0.24475913301995644,0.0,0.0,0.1101416098589804,False
vapor_pressure,terrain_slope,terrain,-0.22093268531765173,0.22093268531765173,1490,0.0,0.0,0.0,0.0,False,0.0,0.0,0.0,,0.24470222356736976,0.0,0.0,0.1101160006053164,False
snow_influence,unconsolidated_cover,geology,-0.22090082742351877,0.22090082742351877,1551,0.0,0.0,0.0,0.0,False,0.0,0.0,0.0,,0.2446669174901607,0.0,0.0,0.11010011287057232,False
runoff,regional_gravity_anomaly,geophysics,0.2199512978310558,0.2199512978310558,1551,0.0,0.0,0.0,0.0,False,0.0,0.0,0.0,,0.24361461425367317,0.0,0.0,0.10962657641415292,False
water_balance,Pb_Zn_background,geochemistry,-0.2184267361159332,0.2184267361159332,1551,0.0,0.0,0.0,0.0,False,0.0,0.0,0.0,,0.24192503950025546,0.0,0.0,0.10886626777511496,False
soil_moisture,igneous_geology,geology,0.21710520921593243,0.21710520921593243,1551,0.0,0.21710520921593243,0.21710520921593243,1.0,False,0.0,0.0,0.0,,0.24046047531498457,0.0,0.0,0.10820721389174306,False
vapor_pressure_deficit,Pb_Zn_background,geochemistry,0.2167770077411204,0.2167770077411204,1551,0.0,0.0,0.0,0.0,False,0.0,0.0,0.0,,0.24009675050123885,0.0,0.0,0.10804353772555748,False
solar_radiation,terrain_slope,terrain,-0.21674745744148502,0.21674745744148502,1490,0.0,0.0,0.0,0.0,False,0.0,0.0,0.0,,0.24006400178419798,0.0,0.0,0.1080288008028891,False
precipitation,Ag_anomaly,geochemistry,-0.21515831233051239,0.21515831233051239,1551,0.0,0.0,0.0,0.0,False,0.0,0.0,0.0,,0.23830285336207546,0.0,0.0,0.10723628401293396,False
mean_temperature,fault_proximity,structure,-0.21434095118289215,0.21434095118289215,1551,0.0,0.0,0.0,0.0,False,0.0,0.0,0.0,,0.2373970240042048,0.0,0.0,0.10682866080189216,False
potential_evapotranspiration,Pb_Zn_background,geochemistry,0.2138379808816647,0.2138379808816647,1551,0.0,0.0,0.0,0.0,False,0.0,0.0,0.0,,0.2368396140192607,0.0,0.0,0.10657782630866731,False
runoff,igneous_geology,geology,0.21381882836785587,0.21381882836785587,1551,0.0,0.0,0.0,0.0,False,0.0,0.0,0.0,,0.23681838850672496,0.0,0.0,0.10656827482802624,False
solar_radiation,Cu_anomaly,geochemistry,0.21375383483262586,0.21375383483262586,1551,0.0,0.21375383483262586,0.21375383483262586,1.0,False,0.0,0.0,0.0,,0.23674636030663918,0.0,0.0,0.10653586213798763,False
mean_temperature,igneous_geology,geology,-0.21295793528009757,0.21295793528009757,1551,0.0,0.0,0.0,0.0,False,0.0,0.0,0.0,,0.2358643154691823,0.0,0.0,0.10613894196113204,False
water_deficit,shallow_gravity_source_strength,geophysics,0.011700393682913772,0.011700393682913772,1551,0.0,0.0,0.0,0.0,True,1.0,0.3333333333333333,0.2946370409836342,undirected_cross_environment_association,0.01282338649624458,0.0,0.5,0.10577052392331007,False
water_balance,Au_anomaly,geochemistry,-0.2116438207899772,0.2116438207899772,1551,0.0,0.0,0.0,0.0,False,0.0,0.0,0.0,,0.23440796598619057,0.0,0.0,0.10548358469378576,False
vapor_pressure_deficit,As_Sb_Bi_pathfinder,geochemistry,0.21155818048691793,0.21155818048691793,1551,0.0,0.0,0.0,0.0,False,0.0,0.0,0.0,,0.23431305628690538,0.0,0.0,0.10544087532910743,False
max_temperature,fault_proximity,structure,-0.21126963921500744,0.21126963921500744,1551,0.0,0.0,0.0,0.0,False,0.0,0.0,0.0,,0.23399328435277952,0.0,0.0,0.10529697795875079,False
water_deficit,Pb_Zn_background,geochemistry,0.21088707929287387,0.21088707929287387,1551,0.0,0.0,0.0,0.0,False,0.0,0.0,0.0,,0.23356931753025284,0.0,0.0,0.10510619288861378,False
aridity,Ag_anomaly,geochemistry,-0.20870310464422323,0.20870310464422323,1551,0.0,0.0,0.0,0.0,False,0.0,0.0,0.0,,0.2311489573756836,0.0,0.0,0.10401703081905762,False
evapotranspiration_ratio,Ag_anomaly,geochemistry,-0.2077355683435461,0.2077355683435461,1551,0.0,0.0,0.0,0.0,False,0.0,0.0,0.0,,0.23007669845010262,0.0,0.0,0.10353451430254618,False
min_temperature,igneous_geology,geology,-0.20641606042593222,0.20641606042593222,1551,0.0,0.0,0.0,0.0,False,0.0,0.0,0.0,,0.22861437177455973,0.0,0.0,0.10287646729855188,False
water_balance,As_Sb_Bi_pathfinder,geochemistry,-0.20538284747780838,0.20538284747780838,1551,0.0,0.0,0.0,0.0,False,0.0,0.0,0.0,,0.22746932759908406,0.0,0.0,0.10236119741958782,False
precipitation,As_Sb_Bi_pathfinder,geochemistry,-0.20479287470186194,0.20479287470186194,1551,0.0,0.0,0.0,0.0,False,0.0,0.0,0.0,,0.22681549830666822,0.0,0.0,0.10206697423800071,False
max_temperature,terrain_elevation,terrain,-0.20464124087915594,0.20464124087915594,1491,0.0,0.0,0.0,0.0,False,0.0,0.0,0.0,,0.22664745218818907,0.0,0.0,0.10199135348468509,False
solar_radiation,Ag_anomaly,geochemistry,0.20183040252642287,0.20183040252642287,1551,0.0,0.0,0.0,0.0,False,0.0,0.0,0.0,,0.22353237887262037,0.0,0.0,0.10058957049267916,False
aridity,As_Sb_Bi_pathfinder,geochemistry,-0.20101449736012025,0.20101449736012025,1551,0.0,0.0,0.0,0.0,False,0.0,0.0,0.0,,0.22262816308621178,0.0,0.0,0.1001826733887953,False
precipitation,igneous_geology,geology,0.200808526427041,0.200808526427041,1551,0.0,0.0,0.0,0.0,False,0.0,0.0,0.0,,0.22239989860533402,0.0,0.0,0.1000799543724003,False
snow_influence,igneous_geology,geology,0.19966217972240413,0.19966217972240413,1551,0.0,0.0,0.0,0.0,False,0.0,0.0,0.0,,0.22112947548529502,0.0,0.0,0.09950826396838276,False
aridity,deep_regional_gravity_anomaly,geophysics,0.1978432678270604,0.1978432678270604,1546,0.0,0.0,0.0,0.0,False,0.0,0.0,0.0,,0.21911369115424428,0.0,0.0,0.09860116101940992,False
diurnal_temperature_range,deep_gravity_source_strength,geophysics,-0.19714506541239396,0.19714506541239396,1551,0.0,0.0,0.0,0.0,False,0.0,0.0,0.0,,0.21833991783900605,0.0,0.0,0.09825296302755272,False
precipitation,regional_gravity_anomaly,geophysics,0.19655529749867853,0.19655529749867853,1551,0.0,0.0,0.0,0.0,False,0.0,0.0,0.0,,0.21768631558236712,0.0,0.0,0.0979588420120652,False
aridity,igneous_geology,geology,0.1964646502750791,0.1964646502750791,1551,0.0,0.0,0.0,0.0,False,0.0,0.0,0.0,,0.21758585703159686,0.0,0.0,0.09791363566421858,False
water_deficit,As_Sb_Bi_pathfinder,geochemistry,0.19568995053275443,0.19568995053275443,1551,0.0,0.0,0.0,0.0,False,0.0,0.0,0.0,,0.21672730659501732,0.0,0.0,0.0975272879677578,False
actual_evapotranspiration,fault_density,structure,0.19539788905589486,0.19539788905589486,1551,0.0,0.0,0.0,0.0,False,0.0,0.0,0.0,,0.21640363344170838,0.0,0.0,0.09738163504876877,False
vapor_pressure_deficit,Au_anomaly,geochemistry,0.19528364585685012,0.19528364585685012,1551,0.0,0.0,0.0,0.0,False,0.0,0.0,0.0,,0.21627702497257195,0.0,0.0,0.09732466123765739,False
evapotranspiration_ratio,As_Sb_Bi_pathfinder,geochemistry,-0.19383667244697927,0.19383667244697927,1551,0.0,0.0,0.0,0.0,False,0.0,0.0,0.0,,0.21467343640155243,0.0,0.0,0.0966030463806986,False
aridity,fault_proximity,structure,0.19289274451450172,0.19289274451450172,1551,0.0,0.0,0.0,0.0,False,0.0,0.0,0.0,,0.21362734112843873,0.0,0.0,0.09613230350779743,False
vapor_pressure_deficit,Mo_anomaly,geochemistry,0.1925525327888097,0.1925525327888097,1551,0.0,0.0,0.0,0.0,False,0.0,0.0,0.0,,0.2132503061177572,0.0,0.0,0.09596263775299074,False
vapor_pressure_deficit,fault_proximity,structure,-0.1914977827539395,0.1914977827539395,1551,0.0,0.0,0.0,0.0,False,0.0,0.0,0.0,,0.21208139375927004,0.0,0.0,0.09543662719167152,False
evapotranspiration_ratio,fault_proximity,structure,0.1912148240520802,0.1912148240520802,1551,0.0,0.0,0.0,0.0,False,0.0,0.0,0.0,,0.21176780863235842,0.0,0.0,0.09529551388456128,False
water_deficit,fault_proximity,structure,-0.19109403894393664,0.19109403894393664,1551,0.0,0.0,0.0,0.0,False,0.0,0.0,0.0,,0.2116339501815762,0.0,0.0,0.0952352775817093,False
water_deficit,unconsolidated_cover,geology,0.19086845574747396,0.19086845574747396,1551,0.0,0.0,0.0,0.0,False,0.0,0.0,0.0,,0.21138395067695925,0.0,0.0,0.09512277780463167,False
water_deficit,Au_anomaly,geochemistry,0.19058048175197695,0.19058048175197695,1551,0.0,0.0,0.0,0.0,False,0.0,0.0,0.0,,0.21106480741919126,0.0,0.0,0.09497916333863607,False
potential_evapotranspiration,As_Sb_Bi_pathfinder,geochemistry,0.1904352175043559,0.1904352175043559,1551,0.0,0.0,0.0,0.0,False,0.0,0.0,0.0,,0.21090382029553456,0.0,0.0,0.09490671913299055,False
solar_radiation,terrain_roughness,terrain,-0.19040875126717863,0.19040875126717863,1491,0.0,0.0,0.0,0.0,False,0.0,0.0,0.0,,0.2108744894487022,0.0,0.0,0.094893520251916,False
water_balance,Mo_anomaly,geochemistry,-0.19035708938292245,0.19035708938292245,1551,0.0,0.0,0.0,0.0,False,0.0,0.0,0.0,,0.21081723586920628,0.0,0.0,0.09486775614114283,False
potential_evapotranspiration,Mo_anomaly,geochemistry,0.18887840660517483,0.18887840660517483,1551,0.0,0.0,0.0,0.0,False,0.0,0.0,0.0,,0.2091785058231779,0.0,0.0,0.09413032762043005,False
potential_evapotranspiration,fault_proximity,structure,-0.1879069571626281,0.1879069571626281,1551,0.0,0.0,0.0,0.0,False,0.0,0.0,0.0,,0.20810191021142418,0.0,0.0,0.09364585959514088,False
evapotranspiration_ratio,igneous_geology,geology,0.18787759554628253,0.18787759554628253,1551,0.0,0.0,0.0,0.0,False,0.0,0.0,0.0,,0.20806937060006905,0.0,0.0,0.09363121677003107,False
max_temperature,igneous_geology,geology,-0.18762610713041336,0.18762610713041336,1551,0.0,0.0,0.0,0.0,False,0.0,0.0,0.0,,0.20779066198892215,0.0,0.0,0.09350579789501497,False
water_balance,fault_proximity,structure,0.18732050478749307,0.18732050478749307,1551,0.0,0.0,0.0,0.0,False,0.0,0.0,0.0,,0.2074519823552532,0.0,0.0,0.09335339205986394,False
evapotranspiration_ratio,deep_regional_gravity_anomaly,geophysics,0.18724412516659747,0.18724412516659747,1546,0.0,0.0,0.0,0.0,False,0.0,0.0,0.0,,0.20736733568082819,0.0,0.0,0.09331530105637269,False
mean_temperature,deep_regional_gravity_anomaly,geophysics,0.1863467082388478,0.1863467082388478,1546,0.0,0.0,0.0,0.0,False,0.0,0.0,0.0,,0.20637278559513775,0.0,0.0,0.09286775351781199,False
snow_influence,shallow_gravity_source_strength,geophysics,-0.18523631518300715,0.18523631518300715,1551,0.0,0.18523631518300715,0.18523631518300715,1.0,False,0.0,0.0,0.0,,0.20514220761662158,0.0,0.0,0.09231399342747972,False
vapor_pressure,Pb_Zn_background,geochemistry,-0.18508836426992345,0.18508836426992345,1551,0.0,0.0,0.0,0.0,False,0.0,0.0,0.0,,0.20497824303256326,0.0,0.0,0.09224020936465346,False
water_balance,Ag_anomaly,geochemistry,-0.18474747589366083,0.18474747589366083,1551,0.0,0.0,0.0,0.0,False,0.0,0.0,0.0,,0.2046004581331041,0.0,0.0,0.09207020615989685,False
water_deficit,Mo_anomaly,geochemistry,0.1838088383883072,0.1838088383883072,1551,0.0,0.0,0.0,0.0,False,0.0,0.0,0.0,,0.203560225903785,0.0,0.0,0.09160210165670325,False
actual_evapotranspiration,deep_regional_gravity_anomaly,geophysics,0.18230285705936786,0.18230285705936786,1546,0.0,0.0,0.0,0.0,False,0.0,0.0,0.0,,0.20189124261025546,0.0,0.0,0.09085105917461496,False
precipitation,fault_proximity,structure,0.1787255018098867,0.1787255018098867,1551,0.0,0.0,0.0,0.0,False,0.0,0.0,0.0,,0.19792668738525185,0.0,0.0,0.08906700932336334,False
actual_evapotranspiration,igneous_geology,geology,0.17525620055294358,0.17525620055294358,1551,0.0,0.0,0.0,0.0,False,0.0,0.0,0.0,,0.19408188152558215,0.0,0.0,0.08733684668651197,False
runoff,fault_proximity,structure,0.17400197733576436,0.17400197733576436,1551,0.0,0.0,0.0,0.0,False,0.0,0.0,0.0,,0.1926919057299969,0.0,0.0,0.0867113575784986,False
solar_radiation,Au_anomaly,geochemistry,0.17377341872486324,0.17377341872486324,1551,0.0,0.0,0.0,0.0,False,0.0,0.0,0.0,,0.1924386087628592,0.0,0.0,0.08659737394328665,False
min_temperature,fault_proximity,structure,-0.17373478525325708,0.17373478525325708,1551,0.0,0.0,0.0,0.0,False,0.0,0.0,0.0,,0.19239579374421145,0.0,0.0,0.08657810718489516,False
vapor_pressure,igneous_geology,geology,-0.173363001980925,0.173363001980925,1551,0.0,0.0,0.0,0.0,False,0.0,0.0,0.0,,0.19198376999702926,0.0,0.0,0.08639269649866317,False
diurnal_temperature_range,Au_anomaly,geochemistry,0.1727173739808567,0.1727173739808567,1551,0.0,0.0,0.0,0.0,False,0.0,0.0,0.0,,0.19126826156060808,0.0,0.0,0.08607071770227363,False
water_deficit,Ag_anomaly,geochemistry,0.17232368756278985,0.17232368756278985,1551,0.0,0.0,0.0,0.0,False,0.0,0.0,0.0,,0.19083196395052693,0.0,0.0,0.08587438377773712,False
snow_influence,fault_proximity,structure,0.17226225237022533,0.17226225237022533,1551,0.0,0.0,0.0,0.0,False,0.0,0.0,0.0,,0.19076387923522892,0.0,0.0,0.08584374565585301,False
snow_influence,metamorphic_geology,geology,0.1698414163713634,0.1698414163713634,1551,0.0,0.1698414163713634,0.1698414163713634,1.0,False,0.0,0.0,0.0,,0.18808102071578028,0.0,0.0,0.08463645932210113,False
vapor_pressure_deficit,Cu_anomaly,geochemistry,0.168599624106876,0.168599624106876,1551,0.0,0.0,0.0,0.0,False,0.0,0.0,0.0,,0.186704821354183,0.0,0.0,0.08401716960938235,False
vapor_pressure,sedimentary_geology,geology,-0.1681861194675423,0.1681861194675423,1551,0.0,0.1681861194675423,0.1681861194675423,1.0,False,0.0,0.0,0.0,,0.18624656047034394,0.0,0.0,0.08381095221165477,False
potential_evapotranspiration,Cu_anomaly,geochemistry,0.1681092067105612,0.1681092067105612,1551,0.0,0.0,0.0,0.0,False,0.0,0.0,0.0,,0.18616132295511445,0.0,0.0,0.08377259532980151,False
water_balance,igneous_geology,geology,0.16695232303814045,0.16695232303814045,1551,0.0,0.0,0.0,0.0,False,0.0,0.0,0.0,,0.18487922238406207,0.0,0.0,0.08319565007282793,False
runoff,Pb_Zn_background,geochemistry,-0.16627175686063356,0.16627175686063356,1551,0.0,0.0,0.0,0.0,False,0.0,0.0,0.0,,0.18412499418841755,0.0,0.0,0.0828562473847879,False
min_temperature,shallow_gravity_source_density,geophysics,0.1658322889486119,0.1658322889486119,1551,0.0,0.0,0.0,0.0,False,0.0,0.0,0.0,,0.1836379598612901,0.0,0.0,0.08263708193758056,False
wind_speed,Cu_anomaly,geochemistry,0.16506447830219662,0.16506447830219662,1551,0.0,0.0,0.0,0.0,False,0.0,0.0,0.0,,0.1827870441714098,0.0,0.0,0.08225416987713442,False
potential_evapotranspiration,Au_anomaly,geochemistry,0.16479444025126724,0.16479444025126724,1551,0.0,0.0,0.0,0.0,False,0.0,0.0,0.0,,0.18248777817988798,0.0,0.0,0.0821195001809496,False
diurnal_temperature_range,unconsolidated_cover,geology,0.1645042496153226,0.1645042496153226,1551,0.0,0.0,0.0,0.0,False,0.0,0.0,0.0,,0.18216617836053867,0.0,0.0,0.0819747802622424,False
mean_temperature,metamorphic_geology,geology,-0.16429841554045635,0.16429841554045635,1551,0.0,0.0,0.0,0.0,False,0.0,0.0,0.0,,0.1819380655509112,0.0,0.0,0.08187212949791003,False
potential_evapotranspiration,unconsolidated_cover,geology,0.16062469057604342,0.16062469057604342,1551,0.0,0.0,0.0,0.0,False,0.0,0.0,0.0,,0.17786670990206926,0.0,0.0,0.08004001945593117,False
soil_moisture,intrusive_geology,geology,0.16036520264860712,0.16036520264860712,1551,0.0,0.16036520264860712,0.16036520264860712,1.0,False,0.0,0.0,0.0,,0.17757913594119631,0.0,0.0,0.07991061117353834,False
aridity,Pb_Zn_background,geochemistry,-0.16031816493100093,0.16031816493100093,1551,0.0,0.0,0.0,0.0,False,0.0,0.0,0.0,,0.17752700703140048,0.0,0.0,0.07988715316413021,False
diurnal_temperature_range,Mo_anomaly,geochemistry,0.1597430097094107,0.1597430097094107,1551,0.0,0.0,0.0,0.0,False,0.0,0.0,0.0,,0.17688959909175725,0.0,0.0,0.07960031959129077,False
vapor_pressure_deficit,Ag_anomaly,geochemistry,0.15916954385274615,0.15916954385274615,1551,0.0,0.0,0.0,0.0,False,0.0,0.0,0.0,,0.17625406336778063,0.0,0.0,0.07931432851550128,False
max_temperature,metamorphic_geology,geology,-0.1590682207763319,0.1590682207763319,1551,0.0,0.0,0.0,0.0,False,0.0,0.0,0.0,,0.17614177344855333,0.0,0.0,0.07926379805184901,False
evapotranspiration_ratio,Pb_Zn_background,geochemistry,-0.15739762941776286,0.15739762941776286,1551,0.0,0.0,0.0,0.0,False,0.0,0.0,0.0,,0.1742903633319815,0.0,0.0,0.07843066349939168,False
diurnal_temperature_range,deep_gravity_gradient,geophysics,-0.1573614651484904,0.1573614651484904,1546,0.0,0.0,0.0,0.0,False,0.0,0.0,0.0,,0.17425028477318494,0.0,0.0,0.07841262814793322,False
wind_speed,Mo_anomaly,geochemistry,0.15582259531816908,0.15582259531816908,1551,0.0,0.0,0.0,0.0,False,0.0,0.0,0.0,,0.17254485324600138,0.0,0.0,0.07764518396070062,False
potential_evapotranspiration,Ag_anomaly,geochemistry,0.15572084803224373,0.15572084803224373,1551,0.0,0.0,0.0,0.0,False,0.0,0.0,0.0,,0.17243209320236194,0.0,0.0,0.07759444194106288,False
runoff,Mo_anomaly,geochemistry,-0.15468306408000473,0.15468306408000473,1551,0.0,0.0,0.0,0.0,False,0.0,0.0,0.0,,0.17128198327384123,0.0,0.0,0.07707689247322855,False
wind_speed,Pb_Zn_background,geochemistry,0.15415003886600676,0.15415003886600676,1551,0.0,0.0,0.0,0.0,False,0.0,0.0,0.0,,0.17069126534122303,0.0,0.0,0.07681106940355037,False
vapor_pressure_deficit,unconsolidated_cover,geology,0.15352367319991533,0.15352367319991533,1551,0.0,0.0,0.0,0.0,False,0.0,0.0,0.0,,0.1699971041240429,0.0,0.0,0.07649869685581931,False
min_temperature,metamorphic_geology,geology,-0.15342104474616008,0.15342104474616008,1551,0.0,0.0,0.0,0.0,False,0.0,0.0,0.0,,0.1698833675381591,0.0,0.0,0.0764475153921716,False
snow_influence,Cu_anomaly,geochemistry,-0.1526902988087459,0.1526902988087459,1551,0.0,0.0,0.0,0.0,False,0.0,0.0,0.0,,0.169073528307139,0.0,0.0,0.07608308773821255,False
max_temperature,Pb_Zn_background,geochemistry,0.15256747748409952,0.15256747748409952,1551,0.0,0.0,0.0,0.0,False,0.0,0.0,0.0,,0.16893741324715458,0.0,0.0,0.07602183596121956,False
precipitation,intrusive_geology,geology,0.1524669814374383,0.1524669814374383,1551,0.0,0.0,0.0,0.0,False,0.0,0.0,0.0,,0.16882603987238542,0.0,0.0,0.07597171794257344,False
water_deficit,igneous_geology,geology,-0.152048776728524,0.152048776728524,1551,0.0,0.0,0.0,0.0,False,0.0,0.0,0.0,,0.1683625702004573,0.0,0.0,0.07576315659020579,False
mean_temperature,deep_gravity_gradient,geophysics,0.1510770953850639,0.1510770953850639,1546,0.0,0.0,0.0,0.0,False,0.0,0.0,0.0,,0.1672857175876753,0.0,0.0,0.07527857291445389,False
diurnal_temperature_range,intrusive_geology,geology,-0.14909842953969846,0.14909842953969846,1551,0.0,0.0,0.0,0.0,False,0.0,0.0,0.0,,0.16509288811765901,0.0,0.0,0.07429179965294656,False
soil_moisture,Pb_Zn_background,geochemistry,-0.14826361044786524,0.14826361044786524,1551,0.0,0.0,0.0,0.0,False,0.0,0.0,0.0,,0.164167711230924,0.0,0.0,0.0738754700539158,False
solar_radiation,terrain_elevation,terrain,0.14791328302790047,0.14791328302790047,1491,0.0,0.0,0.0,0.0,False,0.0,0.0,0.0,,0.16377946563985926,0.0,0.0,0.07370075953793667,False
diurnal_temperature_range,igneous_geology,geology,-0.1477031343555011,0.1477031343555011,1551,0.0,0.0,0.0,0.0,False,0.0,0.0,0.0,,0.16354657123628855,0.0,0.0,0.07359595705632985,False
diurnal_temperature_range,felsic_intermediate_geology,geology,-0.14626487283089948,0.14626487283089948,1551,0.0,0.14626487283089948,0.14626487283089948,1.0,False,0.0,0.0,0.0,,0.16195263749344654,0.0,0.0,0.07287868687205094,False
potential_evapotranspiration,metamorphic_geology,geology,-0.14604634403899525,0.14604634403899525,1551,0.0,0.0,0.0,0.0,False,0.0,0.0,0.0,,0.1617104559365874,0.0,0.0,0.07276970517146433,False
aridity,regional_gravity_anomaly,geophysics,0.145971079812635,0.145971079812635,1551,0.0,0.0,0.0,0.0,False,0.0,0.0,0.0,,0.1616270453829624,0.0,0.0,0.07273217042233308,False
water_deficit,Cu_anomaly,geochemistry,0.14546227280050728,0.14546227280050728,1551,0.0,0.0,0.0,0.0,False,0.0,0.0,0.0,,0.16106316694266998,0.0,0.0,0.0724784251242015,False
vapor_pressure_deficit,metamorphic_geology,geology,-0.14281361326570927,0.14281361326570927,1551,0.0,0.0,0.0,0.0,False,0.0,0.0,0.0,,0.15812782609290058,0.0,0.0,0.07115752174180526,False
soil_moisture,Mo_anomaly,geochemistry,-0.14209487259771644,0.14209487259771644,1551,0.0,0.0,0.0,0.0,False,0.0,0.0,0.0,,0.1573312915381826,0.0,0.0,0.07079908119218217,False
min_temperature,shallow_gravity_source_strength,geophysics,0.1418319153187003,0.1418319153187003,1551,0.0,0.0,0.0,0.0,False,0.0,0.0,0.0,,0.1570398727156803,0.0,0.0,0.07066794272205613,False
water_deficit,metamorphic_geology,geology,-0.14160247610000842,0.14160247610000842,1551,0.0,0.0,0.0,0.0,False,0.0,0.0,0.0,,0.15678559982695406,0.0,0.0,0.07055351992212933,False
aridity,intrusive_geology,geology,0.1414941767425052,0.1414941767425052,1551,0.0,0.0,0.0,0.0,False,0.0,0.0,0.0,,0.15666557853923982,0.0,0.0,0.07049951034265792,False
soil_moisture,felsic_intermediate_geology,geology,0.1400469751154823,0.1400469751154823,1551,0.0,0.0,0.0,0.0,False,0.0,0.0,0.0,,0.15506173704967027,0.0,0.0,0.06977778167235163,False
evapotranspiration_ratio,intrusive_geology,geology,0.14003388784881687,0.14003388784881687,1551,0.0,0.0,0.0,0.0,False,0.0,0.0,0.0,,0.15504723326466124,0.0,0.0,0.06977125496909756,False
vapor_pressure,Cu_anomaly,geochemistry,-0.13999469351800234,0.13999469351800234,1551,0.0,0.0,0.0,0.0,False,0.0,0.0,0.0,,0.15500379668143574,0.0,0.0,0.06975170850664608,False
actual_evapotranspiration,regional_gravity_anomaly,geophysics,0.1379360354354386,0.1379360354354386,1551,0.0,0.0,0.0,0.0,False,0.0,0.0,0.0,,0.15272231690418753,0.0,0.0,0.06872504260688439,False
aridity,Mo_anomaly,geochemistry,-0.13786312633648212,0.13786312633648212,1551,0.0,0.0,0.0,0.0,False,0.0,0.0,0.0,,0.1526415163884266,0.0,0.0,0.06868868237479198,False
water_balance,Cu_anomaly,geochemistry,-0.13731354214014785,0.13731354214014785,1551,0.0,0.0,0.0,0.0,False,0.0,0.0,0.0,,0.15203244718919834,0.0,0.0,0.06841460123513926,False
evapotranspiration_ratio,regional_gravity_anomaly,geophysics,0.13707752402996295,0.13707752402996295,1551,0.0,0.0,0.0,0.0,False,0.0,0.0,0.0,,0.15177088333359168,0.0,0.0,0.06829689750011626,False
water_balance,deep_regional_gravity_anomaly,geophysics,0.13657734613239492,0.13657734613239492,1546,0.0,0.0,0.0,0.0,False,0.0,0.0,0.0,,0.15121656799196542,0.0,0.0,0.06804745559638445,False
aridity,metamorphic_geology,geology,0.13607580010979797,0.13607580010979797,1551,0.0,0.0,0.0,0.0,False,0.0,0.0,0.0,,0.15066073644441227,0.0,0.0,0.06779733139998552,False
snow_influence,shallow_gravity_source_density,geophysics,-0.1356258370217778,0.1356258370217778,1551,0.0,0.0,0.0,0.0,False,0.0,0.0,0.0,,0.1501620709814483,0.0,0.0,0.06757293194165173,False
max_temperature,Mo_anomaly,geochemistry,0.1345161686883029,0.1345161686883029,1551,0.0,0.0,0.0,0.0,False,0.0,0.0,0.0,,0.1489322961666219,0.0,0.0,0.06701953327497986,False
wind_speed,As_Sb_Bi_pathfinder,geochemistry,0.13440677889167194,0.13440677889167194,1551,0.0,0.0,0.0,0.0,False,0.0,0.0,0.0,,0.14881106641459818,0.0,0.0,0.06696497988656919,False
water_balance,metamorphic_geology,geology,0.13418011700348476,0.13418011700348476,1551,0.0,0.0,0.0,0.0,False,0.0,0.0,0.0,,0.14855987146457134,0.0,0.0,0.0668519421590571,False
evapotranspiration_ratio,metamorphic_geology,geology,0.13390609638262752,0.13390609638262752,1551,0.0,0.0,0.0,0.0,False,0.0,0.0,0.0,,0.14825619184417696,0.0,0.0,0.06671528632987964,False
mean_temperature,deep_gravity_source_strength,geophysics,0.13374716628297975,0.13374716628297975,1551,0.0,0.0,0.0,0.0,False,0.0,0.0,0.0,,0.14808005972616595,0.0,0.0,0.06663602687677468,False
runoff,intrusive_geology,geology,0.13315630305931306,0.13315630305931306,1551,0.0,0.0,0.0,0.0,False,0.0,0.0,0.0,,0.1474252436071937,0.0,0.0,0.06634135962323716,False
actual_evapotranspiration,fault_proximity,structure,0.13257291576001914,0.13257291576001914,1551,0.0,0.0,0.0,0.0,False,0.0,0.0,0.0,,0.1467787125795716,0.0,0.0,0.06605042066080721,False
potential_evapotranspiration,igneous_geology,geology,-0.1325402739941456,0.1325402739941456,1551,0.0,0.0,0.0,0.0,False,0.0,0.0,0.0,,0.14674253778718382,0.0,0.0,0.06603414200423273,False
max_temperature,As_Sb_Bi_pathfinder,geochemistry,0.1311889896430736,0.1311889896430736,1551,0.0,0.0,0.0,0.0,False,0.0,0.0,0.0,,0.1452449953121151,0.0,0.0,0.06536024789045179,False
evapotranspiration_ratio,Mo_anomaly,geochemistry,-0.1300340034834528,0.1300340034834528,1551,0.0,0.0,0.0,0.0,False,0.0,0.0,0.0,,0.1439649976337756,0.0,0.0,0.06478424893519902,False
precipitation,Pb_Zn_background,geochemistry,-0.12993690747224537,0.12993690747224537,1551,0.0,0.0,0.0,0.0,False,0.0,0.0,0.0,,0.14385739230198327,0.0,0.0,0.06473582653589248,False
actual_evapotranspiration,Ag_anomaly,geochemistry,-0.1295775854117646,0.1295775854117646,1551,0.0,0.0,0.0,0.0,False,0.0,0.0,0.0,,0.1434591785230904,0.0,0.0,0.06455663033539068,False
vapor_pressure_deficit,igneous_geology,geology,-0.12911537140631268,0.12911537140631268,1551,0.0,0.0,0.0,0.0,False,0.0,0.0,0.0,,0.142946936147763,0.0,0.0,0.06432612126649336,False
actual_evapotranspiration,intrusive_geology,geology,0.12890616935967433,0.12890616935967433,1551,0.0,0.0,0.0,0.0,False,0.0,0.0,0.0,,0.14271509082929712,0.0,0.0,0.0642217908731837,False
solar_radiation,metamorphic_geology,geology,-0.12860441997617908,0.12860441997617908,1551,0.0,0.0,0.0,0.0,False,0.0,0.0,0.0,,0.1423806811854265,0.0,0.0,0.06407130653344192,False
vapor_pressure,carbonate_geology,geology,-0.12853977057184415,0.12853977057184415,1551,0.0,0.12853977057184415,0.12853977057184415,1.0,False,0.0,0.0,0.0,,0.14230903436371747,0.0,0.0,0.06403906546367287,False
water_deficit,deep_regional_gravity_anomaly,geophysics,-0.12822325054205114,0.12822325054205114,1546,0.0,0.0,0.0,0.0,False,0.0,0.0,0.0,,0.14195825535229104,0.0,0.0,0.06388121490853096,False
max_temperature,Cu_anomaly,geochemistry,0.12665830760708466,0.12665830760708466,1551,0.0,0.0,0.0,0.0,False,0.0,0.0,0.0,,0.14022392866204866,0.0,0.0,0.0631007678979219,False
snow_influence,felsic_intermediate_geology,geology,0.12661393590558742,0.12661393590558742,1551,0.0,0.0,0.0,0.0,False,0.0,0.0,0.0,,0.1401747543282895,0.0,0.0,0.06307863944773028,False
min_temperature,Ag_anomaly,geochemistry,-0.12438348125712062,0.12438348125712062,1551,0.0,0.0,0.0,0.0,False,0.0,0.0,0.0,,0.13770288334706807,0.0,0.0,0.06196629750618063,False
vapor_pressure,shallow_gravity_source_density,geophysics,-0.12283676078941412,0.12283676078941412,1551,0.0,0.0,0.0,0.0,False,0.0,0.0,0.0,,0.13598875145794267,0.0,0.0,0.061194938156074206,False
wind_speed,carbonate_geology,geology,0.12248948178316627,0.12248948178316627,1551,0.0,0.0,0.0,0.0,False,0.0,0.0,0.0,,0.13560388422985464,0.0,0.0,0.06102174790343459,False
precipitation,felsic_intermediate_geology,geology,0.12237540722724431,0.12237540722724431,1551,0.0,0.0,0.0,0.0,False,0.0,0.0,0.0,,0.13547746265716182,0.0,0.0,0.06096485819572282,False
snow_influence,intrusive_geology,geology,0.121565497387267,0.121565497387267,1551,0.0,0.0,0.0,0.0,False,0.0,0.0,0.0,,0.13457989110948576,0.0,0.0,0.060560950999268594,False
mean_temperature,intrusive_geology,geology,-0.12154151304505555,0.12154151304505555,1551,0.0,0.0,0.0,0.0,False,0.0,0.0,0.0,,0.13455331078894128,0.0,0.0,0.06054898985502358,False
precipitation,metamorphic_geology,geology,0.12014570942400116,0.12014570942400116,1551,0.0,0.0,0.0,0.0,False,0.0,0.0,0.0,,0.13300643043934984,0.0,0.0,0.05985289369770743,False
precipitation,Mo_anomaly,geochemistry,-0.11862545922708244,0.11862545922708244,1551,0.0,0.0,0.0,0.0,False,0.0,0.0,0.0,,0.13132163386725068,0.0,0.0,0.059094735240262805,False
solar_radiation,W_Re_pathfinder,geochemistry,0.11683686483468897,0.11683686483468897,1551,0.0,0.0,0.0,0.0,False,0.0,0.0,0.0,,0.1293394484958638,0.0,0.0,0.05820275182313871,False
aridity,felsic_intermediate_geology,geology,0.1157626240246401,0.1157626240246401,1551,0.0,0.0,0.0,0.0,False,0.0,0.0,0.0,,0.12814893575128553,0.0,0.0,0.05766702108807849,False
max_temperature,intrusive_geology,geology,-0.11574442462440891,0.11574442462440891,1551,0.0,0.0,0.0,0.0,False,0.0,0.0,0.0,,0.128128766513889,0.0,0.0,0.057657944931250045,False
max_temperature,Au_anomaly,geochemistry,0.1152718457733226,0.1152718457733226,1551,0.0,0.0,0.0,0.0,False,0.0,0.0,0.0,,0.1276050374395757,0.0,0.0,0.05742226684780907,False
mean_temperature,Pb_Zn_background,geochemistry,0.11466927194225392,0.11466927194225392,1551,0.0,0.0,0.0,0.0,False,0.0,0.0,0.0,,0.12693724319947047,0.0,0.0,0.057121759439761714,False
actual_evapotranspiration,mafic_geology,geology,0.11426696465319647,0.11426696465319647,1551,0.0,0.11426696465319647,0.11426696465319647,1.0,False,0.0,0.0,0.0,,0.1264913916265463,0.0,0.0,0.05692112623194583,False
evapotranspiration_ratio,felsic_intermediate_geology,geology,0.11384864644526198,0.11384864644526198,1551,0.0,0.0,0.0,0.0,False,0.0,0.0,0.0,,0.12602779617087514,0.0,0.0,0.056712508276893815,False
mean_temperature,felsic_intermediate_geology,geology,-0.1129799343913287,0.1129799343913287,1551,0.0,0.0,0.0,0.0,False,0.0,0.0,0.0,,0.12506505787057792,0.0,0.0,0.056279276041760064,False
actual_evapotranspiration,As_Sb_Bi_pathfinder,geochemistry,-0.11290838913825285,0.11290838913825285,1551,0.0,0.0,0.0,0.0,False,0.0,0.0,0.0,,0.12498576881843608,0.0,0.0,0.056243595968296235,False
mean_temperature,Cu_anomaly,geochemistry,0.11013800302993446,0.11013800302993446,1551,0.0,0.0,0.0,0.0,False,0.0,0.0,0.0,,0.12191552615170512,0.0,0.0,0.054861986768267305,False
runoff,metamorphic_geology,geology,0.11012572935396957,0.11012572935396957,1551,0.0,0.0,0.0,0.0,False,0.0,0.0,0.0,,0.12190192401750732,0.0,0.0,0.054855865807878296,False
runoff,W_Re_pathfinder,geochemistry,-0.11006369573431812,0.11006369573431812,1551,0.0,0.0,0.0,0.0,False,0.0,0.0,0.0,,0.12183317610354193,0.0,0.0,0.054824929246593865,False
potential_evapotranspiration,deep_regional_gravity_anomaly,geophysics,-0.10985993095177074,0.10985993095177074,1546,0.0,0.0,0.0,0.0,False,0.0,0.0,0.0,,0.12160735655893921,0.0,0.0,0.05472331045152265,False
vapor_pressure_deficit,deep_regional_gravity_anomaly,geophysics,-0.10938338551882017,0.10938338551882017,1546,0.0,0.0,0.0,0.0,False,0.0,0.0,0.0,,0.12107923157430711,0.0,0.0,0.0544856542084382,False
diurnal_temperature_range,metamorphic_geology,geology,-0.10819593760390313,0.10819593760390313,1551,0.0,0.0,0.0,0.0,False,0.0,0.0,0.0,,0.11976325859785006,0.0,0.0,0.05389346636903253,False
max_temperature,felsic_intermediate_geology,geology,-0.10629461959786105,0.10629461959786105,1551,0.0,0.0,0.0,0.0,False,0.0,0.0,0.0,,0.11765614881714243,0.0,0.0,0.052945266967714094,False
wind_speed,shallow_gravity_source_density,geophysics,0.10606501404604758,0.10606501404604758,1551,0.0,0.0,0.0,0.0,False,0.0,0.0,0.0,,0.11740169159199994,0.0,0.0,0.05283076121639997,False
runoff,felsic_intermediate_geology,geology,0.10515065702627444,0.10515065702627444,1551,0.0,0.0,0.0,0.0,False,0.0,0.0,0.0,,0.11638836788008006,0.0,0.0,0.052374765546036026,False
min_temperature,intrusive_geology,geology,-0.10500467659637173,0.10500467659637173,1551,0.0,0.0,0.0,0.0,False,0.0,0.0,0.0,,0.11622658705716542,0.0,0.0,0.05230196417572444,False
diurnal_temperature_range,Pb_Zn_background,geochemistry,0.10470604157109195,0.10470604157109195,1551,0.0,0.0,0.0,0.0,False,0.0,0.0,0.0,,0.11589562885836374,0.0,0.0,0.052153032986263684,False
snow_influence,gravity_gradient,geophysics,-0.10446795249543804,0.10446795249543804,1546,0.0,0.10446795249543804,0.10446795249543804,1.0,False,0.0,0.0,0.0,,0.11563176988348645,0.0,0.0,0.0520342964475689,False
vapor_pressure,fault_proximity,structure,-0.10418669011603966,0.10418669011603966,1551,0.0,0.0,0.0,0.0,False,0.0,0.0,0.0,,0.11532006468283507,0.0,0.0,0.05189402910727578,False
actual_evapotranspiration,sedimentary_geology,geology,0.10383045560960157,0.10383045560960157,1551,0.0,0.0,0.0,0.0,False,0.0,0.0,0.0,,0.11492527264365178,0.0,0.0,0.051716372689643304,False
precipitation,mafic_geology,geology,0.1030478054718601,0.1030478054718601,1551,0.0,0.0,0.0,0.0,False,0.0,0.0,0.0,,0.11405791128965073,0.0,0.0,0.05132606008034283,False
soil_moisture,terrain_elevation,terrain,-0.1027108565983552,0.1027108565983552,1491,0.0,0.0,0.0,0.0,False,0.0,0.0,0.0,,0.11368449229045946,0.0,0.0,0.05115802153070676,False
soil_moisture,metamorphic_geology,geology,0.10135737674142625,0.10135737674142625,1551,0.0,0.0,0.0,0.0,False,0.0,0.0,0.0,,0.11218451667593164,0.0,0.0,0.05048303250416924,False
wind_speed,deep_gravity_source_strength,geophysics,-0.10010195717394745,0.10010195717394745,1551,0.0,0.0,0.0,0.0,False,0.0,0.0,0.0,,0.11079321504142338,0.0,0.0,0.04985694676864052,False
actual_evapotranspiration,Cu_anomaly,geochemistry,0.09832441710173986,0.09832441710173986,1551,0.0,0.0,0.0,0.0,False,0.0,0.0,0.0,,0.1088232804698021,0.0,0.0,0.04897047621141094,False
snow_influence,Au_anomaly,geochemistry,0.09723026580389585,0.09723026580389585,1551,0.0,0.0,0.0,0.0,False,0.0,0.0,0.0,,0.10761070219834273,0.0,0.0,0.04842481598925423,False
min_temperature,felsic_intermediate_geology,geology,-0.09713772413847638,0.09713772413847638,1551,0.0,0.0,0.0,0.0,False,0.0,0.0,0.0,,0.10750814415823125,0.0,0.0,0.04837866487120406,False
solar_radiation,sedimentary_geology,geology,0.09660836602344809,0.09660836602344809,1551,0.0,0.0,0.0,0.0,False,0.0,0.0,0.0,,0.10692149023809351,0.0,0.0,0.04811467060714208,False
water_balance,deep_gravity_source_strength,geophysics,0.0960065269108735,0.0960065269108735,1551,0.0,0.0,0.0,0.0,False,0.0,0.0,0.0,,0.1062545102397511,0.0,0.0,0.047814529607888,False
min_temperature,carbonate_geology,geology,-0.09474694682702807,0.09474694682702807,1551,0.0,0.0,0.0,0.0,False,0.0,0.0,0.0,,0.1048585977696535,0.0,0.0,0.047186368996344076,False
runoff,mafic_geology,geology,0.09466059989616338,0.09466059989616338,1551,0.0,0.0,0.0,0.0,False,0.0,0.0,0.0,,0.10476290495972855,0.0,0.0,0.047143307231877846,False
min_temperature,gravity_gradient,geophysics,0.09383135093293463,0.09383135093293463,1546,0.0,0.0,0.0,0.0,False,0.0,0.0,0.0,,0.10384390109214392,0.0,0.0,0.04672975549146476,False
vapor_pressure,fault_density,structure,-0.0934677785099959,0.0934677785099959,1551,0.0,0.0,0.0,0.0,False,0.0,0.0,0.0,,0.10344097690695488,0.0,0.0,0.046548439608129696,False
actual_evapotranspiration,felsic_intermediate_geology,geology,0.09342444319086296,0.09342444319086296,1551,0.0,0.0,0.0,0.0,False,0.0,0.0,0.0,,0.10339295112983347,0.0,0.0,0.046526828008425065,False
water_balance,intrusive_geology,geology,0.09311895939096183,0.09311895939096183,1551,0.0,0.0,0.0,0.0,False,0.0,0.0,0.0,,0.10305440286985074,0.0,0.0,0.04637448129143283,False
evapotranspiration_ratio,mafic_geology,geology,0.09071795014359461,0.09071795014359461,1551,0.0,0.0,0.0,0.0,False,0.0,0.0,0.0,,0.10039351707766886,0.0,0.0,0.045177082684950985,False
water_deficit,intrusive_geology,geology,-0.09036282542456658,0.09036282542456658,1551,0.0,0.0,0.0,0.0,False,0.0,0.0,0.0,,0.0999999549452654,0.0,0.0,0.04499997972536943,False
min_temperature,W_Re_pathfinder,geochemistry,-0.09032890954762235,0.09032890954762235,1551,0.0,0.0,0.0,0.0,False,0.0,0.0,0.0,,0.09996236813663929,0.0,0.0,0.04498306566148768,False
water_balance,regional_gravity_anomaly,geophysics,0.08996177916158608,0.08996177916158608,1551,0.0,0.0,0.0,0.0,False,0.0,0.0,0.0,,0.09955550088731348,0.0,0.0,0.044799975399291064,False
aridity,mafic_geology,geology,0.0896992339187515,0.0896992339187515,1551,0.0,0.0,0.0,0.0,False,0.0,0.0,0.0,,0.0992645386982967,0.0,0.0,0.044669042414233515,False
min_temperature,Cu_anomaly,geochemistry,0.08958037002055451,0.08958037002055451,1551,0.0,0.0,0.0,0.0,False,0.0,0.0,0.0,,0.09913280940226732,0.0,0.0,0.044609764231020296,False
runoff,shallow_gravity_source_proximity,geophysics,-0.08728971524822682,0.08728971524822682,1551,0.0,0.08728971524822682,0.08728971524822682,1.0,False,0.0,0.0,0.0,,0.09659422245381474,0.0,0.0,0.04346740010421664,False
actual_evapotranspiration,shallow_gravity_source_proximity,geophysics,-0.08714321149360658,0.08714321149360658,1551,0.0,0.0,0.0,0.0,False,0.0,0.0,0.0,,0.09643186166341057,0.0,0.0,0.04339433774853476,False
vapor_pressure,shallow_gravity_source_strength,geophysics,0.0871225335507213,0.0871225335507213,1551,0.0,0.0,0.0,0.0,False,0.0,0.0,0.0,,0.09640894561488,0.0,0.0,0.043384025526696006,False
mean_temperature,Mo_anomaly,geochemistry,0.08590587436031727,0.08590587436031727,1551,0.0,0.0,0.0,0.0,False,0.0,0.0,0.0,,0.09506059964027641,0.0,0.0,0.04277726983812439,False
water_deficit,regional_gravity_anomaly,geophysics,-0.0839094900695621,0.0839094900695621,1551,0.0,0.0,0.0,0.0,False,0.0,0.0,0.0,,0.09284813394451516,0.0,0.0,0.04178166027503182,False
max_temperature,Ag_anomaly,geochemistry,0.08327380144124882,0.08327380144124882,1551,0.0,0.0,0.0,0.0,False,0.0,0.0,0.0,,0.09214364068144874,0.0,0.0,0.04146463830665194,False
wind_speed,fault_density,structure,-0.08303460289001065,0.08303460289001065,1551,0.0,0.0,0.0,0.0,False,0.0,0.0,0.0,,0.09187855214536832,0.0,0.0,0.041345348465415745,False
mean_temperature,shallow_gravity_source_strength,geophysics,0.08282505387489847,0.08282505387489847,1551,0.0,0.0,0.0,0.0,False,0.0,0.0,0.0,,0.09164632230381768,0.0,0.0,0.04124084503671796,False
potential_evapotranspiration,intrusive_geology,geology,-0.0825877679156177,0.0825877679156177,1551,0.0,0.0,0.0,0.0,False,0.0,0.0,0.0,,0.09138335337172099,0.0,0.0,0.04112250901727445,False
actual_evapotranspiration,metamorphic_geology,geology,0.08244407579946007,0.08244407579946007,1551,0.0,0.0,0.0,0.0,False,0.0,0.0,0.0,,0.09122410854134325,0.0,0.0,0.041050848843604465,False
wind_speed,igneous_geology,geology,0.08176815416630559,0.08176815416630559,1551,0.0,0.0,0.0,0.0,False,0.0,0.0,0.0,,0.09047502759870993,0.0,0.0,0.04071376241941947,False
mean_temperature,carbonate_geology,geology,-0.08143802560794962,0.08143802560794962,1551,0.0,0.0,0.0,0.0,False,0.0,0.0,0.0,,0.09010916712087708,0.0,0.0,0.04054912520439469,False
vapor_pressure,intrusive_geology,geology,-0.08096216217950002,0.08096216217950002,1551,0.0,0.0,0.0,0.0,False,0.0,0.0,0.0,,0.08958179795844301,0.0,0.0,0.04031180908129935,False
precipitation,shallow_gravity_source_proximity,geophysics,-0.08077928193750689,0.08077928193750689,1551,0.0,0.0,0.0,0.0,False,0.0,0.0,0.0,,0.08937912342142325,0.0,0.0,0.040220605539640464,False
diurnal_temperature_range,W_Re_pathfinder,geochemistry,0.08004856115604443,0.08004856115604443,1551,0.0,0.0,0.0,0.0,False,0.0,0.0,0.0,,0.08856931206914398,0.0,0.0,0.03985619043111479,False
soil_moisture,mafic_geology,geology,0.07775004600084419,0.07775004600084419,1551,0.0,0.0,0.0,0.0,False,0.0,0.0,0.0,,0.08602201395844594,0.0,0.0,0.03870990628130067,False
vapor_pressure_deficit,intrusive_geology,geology,-0.07769397879934187,0.07769397879934187,1551,0.0,0.0,0.0,0.0,False,0.0,0.0,0.0,,0.08595987824612059,0.0,0.0,0.038681945210754264,False
diurnal_temperature_range,shallow_gravity_source_strength,geophysics,-0.07646543491473759,0.07646543491473759,1551,0.0,0.0,0.0,0.0,False,0.0,0.0,0.0,,0.08459836122106122,0.0,0.0,0.03806926254947755,False
precipitation,W_Re_pathfinder,geochemistry,-0.07621145791446271,0.07621145791446271,1551,0.0,0.0,0.0,0.0,False,0.0,0.0,0.0,,0.08431689467014583,0.0,0.0,0.03794260260156562,False
water_deficit,felsic_intermediate_geology,geology,-0.07532546937285604,0.07532546937285604,1551,0.0,0.0,0.0,0.0,False,0.0,0.0,0.0,,0.0833350099377225,0.0,0.0,0.03750075447197512,False
max_temperature,regional_gravity_anomaly,geophysics,0.07527178323818387,0.07527178323818387,1551,0.0,0.0,0.0,0.0,False,0.0,0.0,0.0,,0.0832755130102771,0.0,0.0,0.037473980854624694,False
water_balance,felsic_intermediate_geology,geology,0.07500677878110444,0.07500677878110444,1551,0.0,0.0,0.0,0.0,False,0.0,0.0,0.0,,0.08298182543057255,0.0,0.0,0.037341821443757646,False
diurnal_temperature_range,Cu_anomaly,geochemistry,0.07462693509755218,0.07462693509755218,1551,0.0,0.0,0.0,0.0,False,0.0,0.0,0.0,,0.0825608688424534,0.0,0.0,0.03715239097910403,False
wind_speed,unconsolidated_cover,geology,-0.07438943654425313,0.07438943654425313,1551,0.0,0.0,0.0,0.0,False,0.0,0.0,0.0,,0.08229766430593187,0.0,0.0,0.03703394893766934,False
water_balance,W_Re_pathfinder,geochemistry,-0.07377519829741229,0.07377519829741229,1551,0.0,0.0,0.0,0.0,False,0.0,0.0,0.0,,0.08161694313593816,0.0,0.0,0.03672762441117217,False
vapor_pressure,felsic_intermediate_geology,geology,-0.07270265016266984,0.07270265016266984,1551,0.0,0.0,0.0,0.0,False,0.0,0.0,0.0,,0.08042830627571085,0.0,0.0,0.036192737824069884,False
solar_radiation,deep_gravity_source_proximity,geophysics,0.07254549282917393,0.07254549282917393,1551,0.0,0.07254549282917393,0.07254549282917393,1.0,False,0.0,0.0,0.0,,0.08025413880163926,0.0,0.0,0.03611436246073767,False
min_temperature,As_Sb_Bi_pathfinder,geochemistry,-0.07250435133713044,0.07250435133713044,1551,0.0,0.0,0.0,0.0,False,0.0,0.0,0.0,,0.08020854430350573,0.0,0.0,0.03609384493657758,False
soil_moisture,W_Re_pathfinder,geochemistry,-0.07222305562956616,0.07222305562956616,1551,0.0,0.0,0.0,0.0,False,0.0,0.0,0.0,,0.07989680216736847,0.0,0.0,0.03595356097531581,False
aridity,shallow_gravity_source_proximity,geophysics,-0.07211387791597952,0.07211387791597952,1551,0.0,0.0,0.0,0.0,False,0.0,0.0,0.0,,0.07977580745348967,0.0,0.0,0.03589911335407035,False
wind_speed,deep_gravity_gradient,geophysics,-0.0716540076330454,0.0716540076330454,1546,0.0,0.0,0.0,0.0,False,0.0,0.0,0.0,,0.07926616247671672,0.0,0.0,0.035669773114522525,False
potential_evapotranspiration,felsic_intermediate_geology,geology,-0.07104563461415798,0.07104563461415798,1551,0.0,0.0,0.0,0.0,False,0.0,0.0,0.0,,0.0785919413657071,0.0,0.0,0.035366373614568195,False
evapotranspiration_ratio,shallow_gravity_source_proximity,geophysics,-0.07053093047868299,0.07053093047868299,1551,0.0,0.0,0.0,0.0,False,0.0,0.0,0.0,,0.07802152751879483,0.0,0.0,0.035109687383457676,False
min_temperature,Au_anomaly,geochemistry,-0.0693930741933959,0.0693930741933959,1551,0.0,0.0,0.0,0.0,False,0.0,0.0,0.0,,0.07676051379034492,0.0,0.0,0.034542231205655215,False
vapor_pressure_deficit,felsic_intermediate_geology,geology,-0.06904864936554954,0.06904864936554954,1551,0.0,0.0,0.0,0.0,False,0.0,0.0,0.0,,0.07637880966659112,0.0,0.0,0.034370464349966004,False
actual_evapotranspiration,deep_gravity_source_density,geophysics,0.06901613959957238,0.06901613959957238,1551,0.0,0.06901613959957238,0.06901613959957238,1.0,False,0.0,0.0,0.0,,0.07634278116129042,0.0,0.0,0.03435425152258069,False
snow_influence,carbonate_geology,geology,0.06861801725046536,0.06861801725046536,1551,0.0,0.0,0.0,0.0,False,0.0,0.0,0.0,,0.07590156749105964,0.0,0.0,0.03415570537097684,False
snow_influence,Pb_Zn_background,geochemistry,-0.06790452939110388,0.06790452939110388,1551,0.0,0.0,0.0,0.0,False,0.0,0.0,0.0,,0.07511085428995432,0.0,0.0,0.033799884430479446,False
vapor_pressure,metamorphic_geology,geology,-0.06781384363107558,0.06781384363107558,1551,0.0,0.0,0.0,0.0,False,0.0,0.0,0.0,,0.07501035303171172,0.0,0.0,0.03375465886427027,False
wind_speed,W_Re_pathfinder,geochemistry,0.06753228581544674,0.06753228581544674,1551,0.0,0.0,0.0,0.0,False,0.0,0.0,0.0,,0.07469832041788232,0.0,0.0,0.033614244188047045,False
precipitation,sedimentary_geology,geology,0.06697254070542737,0.06697254070542737,1551,0.0,0.0,0.0,0.0,False,0.0,0.0,0.0,,0.07407799052447311,0.0,0.0,0.033335095736012905,False
potential_evapotranspiration,regional_gravity_anomaly,geophysics,-0.06694063795326843,0.06694063795326843,1551,0.0,0.0,0.0,0.0,False,0.0,0.0,0.0,,0.07404263473396781,0.0,0.0,0.03331918563028552,False
max_temperature,carbonate_geology,geology,-0.0665806019654445,0.0665806019654445,1551,0.0,0.0,0.0,0.0,False,0.0,0.0,0.0,,0.07364362975482192,0.0,0.0,0.03313963338966986,False
water_deficit,deep_gravity_source_strength,geophysics,-0.06570455282116928,0.06570455282116928,1551,0.0,0.0,0.0,0.0,False,0.0,0.0,0.0,,0.07267276022409808,0.0,0.0,0.03270274210084414,False
vapor_pressure_deficit,regional_gravity_anomaly,geophysics,-0.06526782948356569,0.06526782948356569,1551,0.0,0.0,0.0,0.0,False,0.0,0.0,0.0,,0.07218876753418324,0.0,0.0,0.03248494539038246,False
water_balance,shallow_gravity_source_proximity,geophysics,-0.06467224109680696,0.06467224109680696,1551,0.0,0.0,0.0,0.0,False,0.0,0.0,0.0,,0.07152871481757975,0.0,0.0,0.03218792166791089,False
aridity,W_Re_pathfinder,geochemistry,-0.06409850202977876,0.06409850202977876,1551,0.0,0.0,0.0,0.0,False,0.0,0.0,0.0,,0.07089287631193925,0.0,0.0,0.031901794340372665,False
water_deficit,W_Re_pathfinder,geochemistry,0.063470419966183,0.063470419966183,1551,0.0,0.0,0.0,0.0,False,0.0,0.0,0.0,,0.07019681292060545,0.0,0.0,0.031588565814272454,False
potential_evapotranspiration,shallow_gravity_source_proximity,geophysics,0.06278570738749181,0.06278570738749181,1551,0.0,0.0,0.0,0.0,False,0.0,0.0,0.0,,0.06943798953233012,0.0,0.0,0.031247095289548554,False
evapotranspiration_ratio,sedimentary_geology,geology,0.06274679971336936,0.06274679971336936,1551,0.0,0.0,0.0,0.0,False,0.0,0.0,0.0,,0.06939487063247882,0.0,0.0,0.031227691784615468,False
vapor_pressure_deficit,shallow_gravity_source_proximity,geophysics,0.06263898546145336,0.06263898546145336,1551,0.0,0.0,0.0,0.0,False,0.0,0.0,0.0,,0.0692753869564236,0.0,0.0,0.03117392413039062,False
water_deficit,shallow_gravity_source_proximity,geophysics,0.062316320520116514,0.062316320520116514,1551,0.0,0.0,0.0,0.0,False,0.0,0.0,0.0,,0.06891779793048385,0.0,0.0,0.03101300906871773,False
water_balance,mafic_geology,geology,0.06221662360065253,0.06221662360065253,1551,0.0,0.0,0.0,0.0,False,0.0,0.0,0.0,,0.0688073101775454,0.0,0.0,0.030963289579895432,False
max_temperature,deep_gravity_source_proximity,geophysics,0.061631278823202774,0.061631278823202774,1551,0.0,0.0,0.0,0.0,False,0.0,0.0,0.0,,0.06815860980142156,0.0,0.0,0.030671374410639704,False
vapor_pressure_deficit,W_Re_pathfinder,geochemistry,0.06085130028320096,0.06085130028320096,1551,0.0,0.0,0.0,0.0,False,0.0,0.0,0.0,,0.06729420920922337,0.0,0.0,0.030282394144150515,False
vapor_pressure_deficit,deep_gravity_source_proximity,geophysics,0.060694323422538686,0.060694323422538686,1551,0.0,0.0,0.0,0.0,False,0.0,0.0,0.0,,0.06712024174171129,0.0,0.0,0.03020410878377008,False
potential_evapotranspiration,deep_gravity_source_proximity,geophysics,0.06061551147556616,0.06061551147556616,1551,0.0,0.0,0.0,0.0,False,0.0,0.0,0.0,,0.06703289947504433,0.0,0.0,0.03016480476376995,False
max_temperature,shallow_gravity_source_proximity,geophysics,0.05984652463157324,0.05984652463157324,1551,0.0,0.0,0.0,0.0,False,0.0,0.0,0.0,,0.06618068028022063,0.0,0.0,0.029781306126099284,False
vapor_pressure,gravity_gradient,geophysics,0.058880716882783506,0.058880716882783506,1546,0.0,0.0,0.0,0.0,False,0.0,0.0,0.0,,0.06511033699872276,0.0,0.0,0.029299651649425242,False
min_temperature,Pb_Zn_background,geochemistry,0.05788296708486457,0.05788296708486457,1551,0.0,0.0,0.0,0.0,False,0.0,0.0,0.0,,0.06400459437638759,0.0,0.0,0.028802067469374415,False
mean_temperature,As_Sb_Bi_pathfinder,geochemistry,0.05767784924889454,0.05767784924889454,1551,0.0,0.0,0.0,0.0,False,0.0,0.0,0.0,,0.06377727532876033,0.0,0.0,0.02869977389794215,False
evapotranspiration_ratio,W_Re_pathfinder,geochemistry,-0.05719987181341928,0.05719987181341928,1551,0.0,0.0,0.0,0.0,False,0.0,0.0,0.0,,0.06324756334683679,0.0,0.0,0.028461403506076555,False
aridity,sedimentary_geology,geology,0.05676417049881699,0.05676417049881699,1551,0.0,0.0,0.0,0.0,False,0.0,0.0,0.0,,0.06276470329999129,0.0,0.0,0.02824411648499608,False
water_balance,terrain_elevation,terrain,0.056498231542768555,0.056498231542768555,1491,0.0,0.0,0.0,0.0,False,0.0,0.0,0.0,,0.06246998007453396,0.0,0.0,0.02811149103354028,False
precipitation,deep_gravity_source_density,geophysics,0.05647873928353799,0.05647873928353799,1551,0.0,0.0,0.0,0.0,False,0.0,0.0,0.0,,0.06244837804376252,0.0,0.0,0.028101770119693135,False
soil_moisture,shallow_gravity_source_proximity,geophysics,-0.05647489160563631,0.05647489160563631,1551,0.0,0.0,0.0,0.0,False,0.0,0.0,0.0,,0.06244411390714051,0.0,0.0,0.02809985125821323,False
runoff,deep_gravity_source_density,geophysics,0.05479132607368734,0.05479132607368734,1551,0.0,0.0,0.0,0.0,False,0.0,0.0,0.0,,0.06057832533965276,0.0,0.0,0.027260246402843743,False
water_deficit,mafic_geology,geology,-0.05351178825593005,0.05351178825593005,1551,0.0,0.0,0.0,0.0,False,0.0,0.0,0.0,,0.05916029498280881,0.0,0.0,0.026622132742263965,False
potential_evapotranspiration,W_Re_pathfinder,geochemistry,0.052791713749973664,0.052791713749973664,1551,0.0,0.0,0.0,0.0,False,0.0,0.0,0.0,,0.058362282220337056,0.0,0.0,0.026263026999151676,False
diurnal_temperature_range,gravity_gradient,geophysics,-0.05268547228922526,0.05268547228922526,1546,0.0,0.0,0.0,0.0,False,0.0,0.0,0.0,,0.058244541568668984,0.0,0.0,0.026210043705901045,False
actual_evapotranspiration,Pb_Zn_background,geochemistry,-0.052607953801330154,0.052607953801330154,1551,0.0,0.0,0.0,0.0,False,0.0,0.0,0.0,,0.05815863276040526,0.0,0.0,0.026171384742182367,False
mean_temperature,deep_gravity_source_proximity,geophysics,0.05226374788306455,0.05226374788306455,1551,0.0,0.0,0.0,0.0,False,0.0,0.0,0.0,,0.05777717124021238,0.0,0.0,0.02599972705809557,False
soil_moisture,Cu_anomaly,geochemistry,-0.05194710173526822,0.05194710173526822,1551,0.0,0.0,0.0,0.0,False,0.0,0.0,0.0,,0.05742625246022672,0.0,0.0,0.025841813607102027,False
solar_radiation,igneous_geology,geology,-0.05177427744943177,0.05177427744943177,1551,0.0,0.0,0.0,0.0,False,0.0,0.0,0.0,,0.05723472229963678,0.0,0.0,0.02575562503483655,False
water_balance,deep_gravity_gradient,geophysics,0.05149331351162904,0.05149331351162904,1546,0.0,0.0,0.0,0.0,False,0.0,0.0,0.0,,0.056923347842818446,0.0,0.0,0.025615506529268302,False
snow_influence,Mo_anomaly,geochemistry,-0.051270968663228306,0.051270968663228306,1551,0.0,0.0,0.0,0.0,False,0.0,0.0,0.0,,0.05667693719332883,0.0,0.0,0.025504621736997975,False
solar_radiation,shallow_gravity_source_proximity,geophysics,0.05094570958391206,0.05094570958391206,1551,0.0,0.0,0.0,0.0,False,0.0,0.0,0.0,,0.056316473249310384,0.0,0.0,0.025342412962189673,False
mean_temperature,gravity_gradient,geophysics,0.050493340932540286,0.050493340932540286,1546,0.0,0.0,0.0,0.0,False,0.0,0.0,0.0,,0.05581514185353024,0.0,0.0,0.02511681383408861,False
water_deficit,deep_gravity_source_proximity,geophysics,0.04992433852326991,0.04992433852326991,1551,0.0,0.0,0.0,0.0,False,0.0,0.0,0.0,,0.05518455268432775,0.0,0.0,0.02483304870794749,False
diurnal_temperature_range,shallow_gravity_source_proximity,geophysics,0.049352620088874415,0.049352620088874415,1551,0.0,0.0,0.0,0.0,False,0.0,0.0,0.0,,0.05455095351727766,0.0,0.0,0.024547929082774946,False
snow_influence,deep_gravity_source_proximity,geophysics,-0.04833122948986713,0.04833122948986713,1551,0.0,0.0,0.0,0.0,False,0.0,0.0,0.0,,0.05341901129916801,0.0,0.0,0.024038555084625605,False
soil_moisture,deep_gravity_source_density,geophysics,0.0469184074600862,0.0469184074600862,1551,0.0,0.0,0.0,0.0,False,0.0,0.0,0.0,,0.05185327052992779,0.0,0.0,0.023333971738467504,False
mean_temperature,shallow_gravity_source_proximity,geophysics,0.04668310346083099,0.04668310346083099,1551,0.0,0.0,0.0,0.0,False,0.0,0.0,0.0,,0.051592498078031436,0.0,0.0,0.023216624135114147,False
water_deficit,terrain_elevation,terrain,-0.04653587369312521,0.04653587369312521,1491,0.0,0.0,0.0,0.0,False,0.0,0.0,0.0,,0.05142933269351485,0.0,0.0,0.023143199712081685,False
wind_speed,metamorphic_geology,geology,-0.046431565918675984,0.046431565918675984,1551,0.0,0.0,0.0,0.0,False,0.0,0.0,0.0,,0.05131373502334745,0.0,0.0,0.02309118076050635,False
vapor_pressure_deficit,terrain_elevation,terrain,-0.045906798977962675,0.045906798977962675,1491,0.0,0.0,0.0,0.0,False,0.0,0.0,0.0,,0.050732169209603946,0.0,0.0,0.022829476144321775,False
wind_speed,deep_gravity_source_density,geophysics,-0.04504096835488554,0.04504096835488554,1551,0.0,0.0,0.0,0.0,False,0.0,0.0,0.0,,0.049772624215802606,0.0,0.0,0.022397680897111173,False
water_balance,deep_gravity_source_proximity,geophysics,-0.04479771685258896,0.04479771685258896,1551,0.0,0.0,0.0,0.0,False,0.0,0.0,0.0,,0.049503044051920436,0.0,0.0,0.022276369823364197,False
wind_speed,felsic_intermediate_geology,geology,-0.04428142258422707,0.04428142258422707,1551,0.0,0.0,0.0,0.0,False,0.0,0.0,0.0,,0.048930867961896836,0.0,0.0,0.022018890582853577,False
diurnal_temperature_range,deep_gravity_source_proximity,geophysics,0.04424147975873957,0.04424147975873957,1551,0.0,0.0,0.0,0.0,False,0.0,0.0,0.0,,0.048886601869645906,0.0,0.0,0.021998970841340657,False
aridity,deep_gravity_source_density,geophysics,0.044135167266286815,0.044135167266286815,1551,0.0,0.0,0.0,0.0,False,0.0,0.0,0.0,,0.04876878249805907,0.0,0.0,0.021945952124126582,False
runoff,sedimentary_geology,geology,0.04361800361943238,0.04361800361943238,1551,0.0,0.0,0.0,0.0,False,0.0,0.0,0.0,,0.048195642931163664,0.0,0.0,0.02168803931902365,False
potential_evapotranspiration,deep_gravity_gradient,geophysics,0.043365384671201525,0.043365384671201525,1546,0.0,0.0,0.0,0.0,False,0.0,0.0,0.0,,0.04791568142292687,0.0,0.0,0.02156205664031709,False
potential_evapotranspiration,mafic_geology,geology,-0.042956209842244804,0.042956209842244804,1551,0.0,0.0,0.0,0.0,False,0.0,0.0,0.0,,0.04746221899245799,0.0,0.0,0.021357998546606097,False
solar_radiation,shallow_gravity_source_strength,geophysics,-0.042785494621675565,0.042785494621675565,1551,0.0,0.0,0.0,0.0,False,0.0,0.0,0.0,,0.04727302617472104,0.0,0.0,0.021272861778624468,False
evapotranspiration_ratio,deep_gravity_source_density,geophysics,0.042316153855016504,0.042316153855016504,1551,0.0,0.0,0.0,0.0,False,0.0,0.0,0.0,,0.04675288566336555,0.0,0.0,0.0210387985485145,False
max_temperature,mafic_geology,geology,-0.042018078856785566,0.042018078856785566,1551,0.0,0.0,0.0,0.0,False,0.0,0.0,0.0,,0.04642254810691214,0.0,0.0,0.020890146648110463,False
mean_temperature,mafic_geology,geology,-0.040441762649948455,0.040441762649948455,1551,0.0,0.0,0.0,0.0,False,0.0,0.0,0.0,,0.044675617143044265,0.0,0.0,0.02010402771436992,False
runoff,Cu_anomaly,geochemistry,-0.04035404070466005,0.04035404070466005,1551,0.0,0.0,0.0,0.0,False,0.0,0.0,0.0,,0.044578400492114485,0.0,0.0,0.02006028022145152,False
wind_speed,terrain_relief,terrain,0.039969388394538355,0.039969388394538355,1491,0.0,0.0,0.0,0.0,False,0.0,0.0,0.0,,0.044152114809102194,0.0,0.0,0.01986845166409599,False
potential_evapotranspiration,terrain_elevation,terrain,-0.03959818088949998,0.03959818088949998,1491,0.0,0.0,0.0,0.0,False,0.0,0.0,0.0,,0.04374072914818024,0.0,0.0,0.01968332811668111,False
solar_radiation,felsic_intermediate_geology,geology,-0.03957838670330788,0.03957838670330788,1551,0.0,0.0,0.0,0.0,False,0.0,0.0,0.0,,0.043718792510966484,0.0,0.0,0.01967345662993492,False
aridity,Cu_anomaly,geochemistry,-0.03853029871553476,0.03853029871553476,1551,0.0,0.0,0.0,0.0,False,0.0,0.0,0.0,,0.04255726327542521,0.0,0.0,0.019150768473941343,False
diurnal_temperature_range,sedimentary_geology,geology,0.03742256624638214,0.03742256624638214,1551,0.0,0.0,0.0,0.0,False,0.0,0.0,0.0,,0.041329633855863905,0.0,0.0,0.018598335235138756,False
min_temperature,shallow_gravity_source_proximity,geophysics,0.03727480665123471,0.03727480665123471,1551,0.0,0.0,0.0,0.0,False,0.0,0.0,0.0,,0.041165881297302344,0.0,0.0,0.018524646583786056,False
actual_evapotranspiration,carbonate_geology,geology,-0.037272172536950435,0.037272172536950435,1551,0.0,0.0,0.0,0.0,False,0.0,0.0,0.0,,0.041162962076028334,0.0,0.0,0.018523332934212752,False
wind_speed,shallow_gravity_source_strength,geophysics,-0.03722303784598667,0.03722303784598667,1551,0.0,0.0,0.0,0.0,False,0.0,0.0,0.0,,0.04110850922407364,0.0,0.0,0.01849882915083314,False
solar_radiation,intrusive_geology,geology,-0.036995965621071686,0.036995965621071686,1551,0.0,0.0,0.0,0.0,False,0.0,0.0,0.0,,0.04085685952395777,0.0,0.0,0.018385586785780995,False
mean_temperature,Au_anomaly,geochemistry,0.03689656219635574,0.03689656219635574,1551,0.0,0.0,0.0,0.0,False,0.0,0.0,0.0,,0.04074669703257589,0.0,0.0,0.018336013664659152,False
aridity,shallow_gravity_source_strength,geophysics,-0.036373466890868275,0.036373466890868275,1551,0.0,0.0,0.0,0.0,False,0.0,0.0,0.0,,0.04016698378580066,0.0,0.0,0.018075142703610297,False
min_temperature,mafic_geology,geology,-0.03621059949896977,0.03621059949896977,1551,0.0,0.0,0.0,0.0,False,0.0,0.0,0.0,,0.039986488217286016,0.0,0.0,0.017993919697778707,False
max_temperature,deep_gravity_source_strength,geophysics,0.03610922846737393,0.03610922846737393,1551,0.0,0.0,0.0,0.0,False,0.0,0.0,0.0,,0.039874145152381975,0.0,0.0,0.01794336531857189,False
vapor_pressure_deficit,carbonate_geology,geology,-0.03596529155340841,0.03596529155340841,1551,0.0,0.0,0.0,0.0,False,0.0,0.0,0.0,,0.03971462902816824,0.0,0.0,0.01787158306267571,False
evapotranspiration_ratio,terrain_elevation,terrain,0.03558386278675391,0.03558386278675391,1491,0.0,0.0,0.0,0.0,False,0.0,0.0,0.0,,0.03929191579329281,0.0,0.0,0.017681362106981766,False
vapor_pressure_deficit,sedimentary_geology,geology,0.035195749657929716,0.035195749657929716,1551,0.0,0.0,0.0,0.0,False,0.0,0.0,0.0,,0.038861794705096264,0.0,0.0,0.017487807617293318,False
wind_speed,intrusive_geology,geology,-0.03485890977684837,0.03485890977684837,1551,0.0,0.0,0.0,0.0,False,0.0,0.0,0.0,,0.03848849649527371,0.0,0.0,0.01731982342287317,False
actual_evapotranspiration,Mo_anomaly,geochemistry,-0.03481623296635048,0.03481623296635048,1551,0.0,0.0,0.0,0.0,False,0.0,0.0,0.0,,0.038441200501376976,0.0,0.0,0.01729854022561964,False
actual_evapotranspiration,deep_gravity_source_proximity,geophysics,0.03469402464560847,0.03469402464560847,1551,0.0,0.0,0.0,0.0,False,0.0,0.0,0.0,,0.038305764794619335,0.0,0.0,0.017237594157578702,False
aridity,terrain_elevation,terrain,0.03451528770431266,0.03451528770431266,1491,0.0,0.0,0.0,0.0,False,0.0,0.0,0.0,,0.03810768201415792,0.0,0.0,0.017148456906371064,False
vapor_pressure_deficit,mafic_geology,geology,-0.034428444334599455,0.034428444334599455,1551,0.0,0.0,0.0,0.0,False,0.0,0.0,0.0,,0.03801143903264152,0.0,0.0,0.017105147564688686,False
vapor_pressure,mafic_geology,geology,-0.03385048730470552,0.03385048730470552,1551,0.0,0.0,0.0,0.0,False,0.0,0.0,0.0,,0.03737092602711156,0.0,0.0,0.016816916712200203,False
max_temperature,shallow_gravity_source_strength,geophysics,0.03229748184827696,0.03229748184827696,1551,0.0,0.0,0.0,0.0,False,0.0,0.0,0.0,,0.035649828884848175,0.0,0.0,0.01604242299818168,False
evapotranspiration_ratio,Cu_anomaly,geochemistry,-0.03153368235540496,0.03153368235540496,1551,0.0,0.0,0.0,0.0,False,0.0,0.0,0.0,,0.03480335850124287,0.0,0.0,0.015661511325559294,False
snow_influence,W_Re_pathfinder,geochemistry,0.031013614448462287,0.031013614448462287,1551,0.0,0.0,0.0,0.0,False,0.0,0.0,0.0,,0.03422700032766608,0.0,0.0,0.015402150147449738,False
mean_temperature,W_Re_pathfinder,geochemistry,-0.03086278130378541,0.03086278130378541,1551,0.0,0.0,0.0,0.0,False,0.0,0.0,0.0,,0.03405984154970598,0.0,0.0,0.015326928697367693,False
potential_evapotranspiration,sedimentary_geology,geology,0.03019421920741981,0.03019421920741981,1551,0.0,0.0,0.0,0.0,False,0.0,0.0,0.0,,0.033318916713468365,0.0,0.0,0.014993512521060764,False
wind_speed,Au_anomaly,geochemistry,0.029982706514691978,0.029982706514691978,1551,0.0,0.0,0.0,0.0,False,0.0,0.0,0.0,,0.03308451065294912,0.0,0.0,0.014888029793827105,False
max_temperature,deep_regional_gravity_anomaly,geophysics,0.029701605161254273,0.029701605161254273,1546,0.0,0.0,0.0,0.0,False,0.0,0.0,0.0,,0.03277298390712519,0.0,0.0,0.014747842758206337,False
solar_radiation,deep_gravity_gradient,geophysics,0.02906144905218226,0.02906144905218226,1546,0.0,0.0,0.0,0.0,False,0.0,0.0,0.0,,0.032063539619363306,0.0,0.0,0.014428592828713487,False
runoff,shallow_gravity_source_strength,geophysics,-0.029060858640943515,0.029060858640943515,1551,0.0,0.0,0.0,0.0,False,0.0,0.0,0.0,,0.03206288530415046,0.0,0.0,0.014428298386867707,False
diurnal_temperature_range,mafic_geology,geology,-0.02887785672258102,0.02887785672258102,1551,0.0,0.0,0.0,0.0,False,0.0,0.0,0.0,,0.031860075920951816,0.0,0.0,0.014337034164428318,False
min_temperature,deep_gravity_source_proximity,geophysics,0.028501326268862183,0.028501326268862183,1551,0.0,0.0,0.0,0.0,False,0.0,0.0,0.0,,0.0314427911746632,0.0,0.0,0.01414925602859844,False
solar_radiation,gravity_gradient,geophysics,-0.028352938905206154,0.028352938905206154,1546,0.0,0.0,0.0,0.0,False,0.0,0.0,0.0,,0.031278342900203364,0.0,0.0,0.014075254305091513,False
snow_influence,Ag_anomaly,geochemistry,0.028054145584761766,0.028054145584761766,1551,0.0,0.0,0.0,0.0,False,0.0,0.0,0.0,,0.030947209272941777,0.0,0.0,0.0139262441728238,False
actual_evapotranspiration,terrain_elevation,terrain,0.02599387849302076,0.02599387849302076,1491,0.0,0.0,0.0,0.0,False,0.0,0.0,0.0,,0.02866394633319057,0.0,0.0,0.012898775849935757,False
soil_moisture,gravity_gradient,geophysics,0.02476266154911498,0.02476266154911498,1546,0.0,0.0,0.0,0.0,False,0.0,0.0,0.0,,0.027299466926572355,0.0,0.0,0.01228476011695756,False
wind_speed,sedimentary_geology,geology,0.02450954698184814,0.02450954698184814,1551,0.0,0.0,0.0,0.0,False,0.0,0.0,0.0,,0.027018956155290187,0.0,0.0,0.012158530269880584,False
min_temperature,sedimentary_geology,geology,-0.024206046780139292,0.024206046780139292,1551,0.0,0.0,0.0,0.0,False,0.0,0.0,0.0,,0.02668260619098374,0.0,0.0,0.012007172785942684,False
potential_evapotranspiration,carbonate_geology,geology,-0.024004410854093317,0.024004410854093317,1551,0.0,0.0,0.0,0.0,False,0.0,0.0,0.0,,0.026459145922599733,0.0,0.0,0.01190661566516988,False
vapor_pressure,shallow_gravity_source_proximity,geophysics,0.02356598120359499,0.02356598120359499,1551,0.0,0.0,0.0,0.0,False,0.0,0.0,0.0,,0.025973262234662467,0.0,0.0,0.01168796800559811,False
vapor_pressure_deficit,shallow_gravity_source_strength,geophysics,0.022703203165402554,0.022703203165402554,1551,0.0,0.0,0.0,0.0,False,0.0,0.0,0.0,,0.025017100226477712,0.0,0.0,0.011257695101914971,False
water_deficit,deep_gravity_gradient,geophysics,-0.022441482834777503,0.022441482834777503,1546,0.0,0.0,0.0,0.0,False,0.0,0.0,0.0,,0.024727052235180316,0.0,0.0,0.011127173505831141,False
runoff,terrain_elevation,terrain,-0.021883467069576328,0.021883467069576328,1491,0.0,0.0,0.0,0.0,False,0.0,0.0,0.0,,0.02410863886460898,0.0,0.0,0.010848887489074041,False
water_balance,shallow_gravity_source_strength,geophysics,-0.020922841682032886,0.020922841682032886,1551,0.0,0.0,0.0,0.0,False,0.0,0.0,0.0,,0.023044038864368913,0.0,0.0,0.010369817488966012,False
diurnal_temperature_range,carbonate_geology,geology,-0.020804509113443087,0.020804509113443087,1551,0.0,0.0,0.0,0.0,False,0.0,0.0,0.0,,0.022912898407139,0.0,0.0,0.01031080428321255,False
wind_speed,terrain_roughness,terrain,0.020675183121903876,0.020675183121903876,1491,0.0,0.0,0.0,0.0,False,0.0,0.0,0.0,,0.022769574638676276,0.0,0.0,0.010246308587404324,False
wind_speed,mafic_geology,geology,0.020512651590173243,0.020512651590173243,1551,0.0,0.0,0.0,0.0,False,0.0,0.0,0.0,,0.02258945128261764,0.0,0.0,0.010165253077177938,False
precipitation,shallow_gravity_source_strength,geophysics,-0.02017093400101539,0.02017093400101539,1551,0.0,0.0,0.0,0.0,False,0.0,0.0,0.0,,0.022210747419262756,0.0,0.0,0.009994836338668241,False
solar_radiation,unconsolidated_cover,geology,0.019754415672887753,0.019754415672887753,1551,0.0,0.0,0.0,0.0,False,0.0,0.0,0.0,,0.02174914665586983,0.0,0.0,0.009787115995141425,False
solar_radiation,deep_gravity_source_strength,geophysics,-0.0191734042120002,0.0191734042120002,1551,0.0,0.0,0.0,0.0,False,0.0,0.0,0.0,,0.021105248618798228,0.0,0.0,0.009497361878459202,False
max_temperature,gravity_gradient,geophysics,0.017342495561892424,0.017342495561892424,1546,0.0,0.0,0.0,0.0,False,0.0,0.0,0.0,,0.01907616904769837,0.0,0.0,0.008584276071464267,False
evapotranspiration_ratio,deep_gravity_source_proximity,geophysics,-0.01679936517494872,0.01679936517494872,1551,0.0,0.0,0.0,0.0,False,0.0,0.0,0.0,,0.01847425219481433,0.0,0.0,0.00831341348766645,False
snow_influence,sedimentary_geology,geology,-0.01679590769404696,0.01679590769404696,1551,0.0,0.0,0.0,0.0,False,0.0,0.0,0.0,,0.01847042048870228,0.0,0.0,0.008311689219916027,False
vapor_pressure,deep_gravity_source_proximity,geophysics,-0.016604473319565424,0.016604473319565424,1551,0.0,0.0,0.0,0.0,False,0.0,0.0,0.0,,0.018258265950875447,0.0,0.0,0.008216219677893951,False
solar_radiation,deep_gravity_source_density,geophysics,0.016263627538247102,0.016263627538247102,1551,0.0,0.0,0.0,0.0,False,0.0,0.0,0.0,,0.017880528256683077,0.0,0.0,0.008046237715507385,False
water_deficit,sedimentary_geology,geology,0.015986188018130256,0.015986188018130256,1551,0.0,0.0,0.0,0.0,False,0.0,0.0,0.0,,0.017573059687756,0.0,0.0,0.0079078768594902,False
wind_speed,shallow_gravity_source_proximity,geophysics,-0.014349263779378386,0.014349263779378386,1551,0.0,0.0,0.0,0.0,False,0.0,0.0,0.0,,0.015758960698112747,0.0,0.0,0.007091532314150736,False
aridity,deep_gravity_source_proximity,geophysics,-0.013750872296941538,0.013750872296941538,1551,0.0,0.0,0.0,0.0,False,0.0,0.0,0.0,,0.015095801488907365,0.0,0.0,0.006793110670008314,False
actual_evapotranspiration,shallow_gravity_source_strength,geophysics,-0.013463010819992606,0.013463010819992606,1551,0.0,0.0,0.0,0.0,False,0.0,0.0,0.0,,0.014776782928287572,0.0,0.0,0.0066495523177294074,False
soil_moisture,shallow_gravity_source_strength,geophysics,0.013350327496051355,0.013350327496051355,1551,0.0,0.0,0.0,0.0,False,0.0,0.0,0.0,,0.014651903169486192,0.0,0.0,0.006593356426268787,False
min_temperature,Mo_anomaly,geochemistry,0.013346650044742054,0.013346650044742054,1551,0.0,0.0,0.0,0.0,False,0.0,0.0,0.0,,0.014647827684166387,0.0,0.0,0.006591522457874874,False
diurnal_temperature_range,deep_gravity_source_density,geophysics,-0.013087739339239138,0.013087739339239138,1551,0.0,0.0,0.0,0.0,False,0.0,0.0,0.0,,0.014360893421638272,0.0,0.0,0.006462402039737223,False
wind_speed,gravity_gradient,geophysics,-0.01303272863849344,0.01303272863849344,1546,0.0,0.0,0.0,0.0,False,0.0,0.0,0.0,,0.014299928561884941,0.0,0.0,0.006434967852848224,False
aridity,gravity_gradient,geophysics,-0.012423054980466459,0.012423054980466459,1546,0.0,0.0,0.0,0.0,False,0.0,0.0,0.0,,0.013624266035266014,0.0,0.0,0.006130919715869706,False
water_deficit,carbonate_geology,geology,-0.012269722291915542,0.012269722291915542,1551,0.0,0.0,0.0,0.0,False,0.0,0.0,0.0,,0.013454337171855943,0.0,0.0,0.0060544517273351745,False
max_temperature,sedimentary_geology,geology,0.012221879409655748,0.012221879409655748,1551,0.0,0.0,0.0,0.0,False,0.0,0.0,0.0,,0.01340131594930059,0.0,0.0,0.006030592177185266,False
vapor_pressure_deficit,deep_gravity_source_strength,geophysics,-0.011991409037063484,0.011991409037063484,1551,0.0,0.0,0.0,0.0,False,0.0,0.0,0.0,,0.013145900298310462,0.0,0.0,0.005915655134239708,False
max_temperature,W_Re_pathfinder,geochemistry,0.01194824725499577,0.01194824725499577,1551,0.0,0.0,0.0,0.0,False,0.0,0.0,0.0,,0.013098066841277688,0.0,0.0,0.00589413007857496,False
vapor_pressure_deficit,gravity_gradient,geophysics,0.011889100284599087,0.011889100284599087,1546,0.0,0.0,0.0,0.0,False,0.0,0.0,0.0,,0.01303251801702734,0.0,0.0,0.005864633107662303,False
water_balance,carbonate_geology,geology,0.011534052638421687,0.011534052638421687,1551,0.0,0.0,0.0,0.0,False,0.0,0.0,0.0,,0.012639041299560717,0.0,0.0,0.0056875685848023225,False
precipitation,carbonate_geology,geology,-0.011513488634647837,0.011513488634647837,1551,0.0,0.0,0.0,0.0,False,0.0,0.0,0.0,,0.012616251522498336,0.0,0.0,0.005677313185124252,False
evapotranspiration_ratio,gravity_gradient,geophysics,-0.011368789306344516,0.011368789306344516,1546,0.0,0.0,0.0,0.0,False,0.0,0.0,0.0,,0.012455890462980235,0.0,0.0,0.005605150708341106,False
runoff,gravity_gradient,geophysics,-0.011126540686821333,0.011126540686821333,1546,0.0,0.0,0.0,0.0,False,0.0,0.0,0.0,,0.012187421730270551,0.0,0.0,0.005484339778621748,False
soil_moisture,carbonate_geology,geology,-0.011050467197949006,0.011050467197949006,1551,0.0,0.0,0.0,0.0,False,0.0,0.0,0.0,,0.012103114322490241,0.0,0.0,0.005446401445120609,False
actual_evapotranspiration,W_Re_pathfinder,geochemistry,-0.010235442247388888,0.010235442247388888,1551,0.0,0.0,0.0,0.0,False,0.0,0.0,0.0,,0.011199874023188111,0.0,0.0,0.00503994331043465,False
runoff,carbonate_geology,geology,-0.009466414737583528,0.009466414737583528,1551,0.0,0.0,0.0,0.0,False,0.0,0.0,0.0,,0.010347609761031723,0.0,0.0,0.004656424392464276,False
wind_speed,terrain_slope,terrain,0.008634742835464745,0.008634742835464745,1490,0.0,0.0,0.0,0.0,False,0.0,0.0,0.0,,0.009425920704427151,0.0,0.0,0.004241664316992218,False
snow_influence,As_Sb_Bi_pathfinder,geochemistry,0.008338232567677899,0.008338232567677899,1551,0.0,0.0,0.0,0.0,False,0.0,0.0,0.0,,0.009097317239173862,0.0,0.0,0.004093792757628238,False
soil_moisture,deep_gravity_source_proximity,geophysics,-0.008198253057323992,0.008198253057323992,1551,0.0,0.0,0.0,0.0,False,0.0,0.0,0.0,,0.008942186853605497,0.0,0.0,0.004023984084122473,False
precipitation,Cu_anomaly,geochemistry,0.007902705070335175,0.007902705070335175,1551,0.0,0.0,0.0,0.0,False,0.0,0.0,0.0,,0.008614649822938568,0.0,0.0,0.003876592420322356,False
potential_evapotranspiration,shallow_gravity_source_strength,geophysics,0.007652398561823266,0.007652398561823266,1551,0.0,0.0,0.0,0.0,False,0.0,0.0,0.0,,0.008337251044520568,0.0,0.0,0.0037517629700342557,False
water_balance,deep_gravity_source_density,geophysics,0.007509770494399792,0.007509770494399792,1551,0.0,0.0,0.0,0.0,False,0.0,0.0,0.0,,0.00817918543165813,0.0,0.0,0.0036806334442461585,False
runoff,deep_gravity_source_proximity,geophysics,0.007467407854806743,0.007467407854806743,1551,0.0,0.0,0.0,0.0,False,0.0,0.0,0.0,,0.008132237613387099,0.0,0.0,0.0036595069260241943,False
potential_evapotranspiration,gravity_gradient,geophysics,0.007194217537681597,0.007194217537681597,1546,0.0,0.0,0.0,0.0,False,0.0,0.0,0.0,,0.007829478165793524,0.0,0.0,0.003523265174607086,False
mean_temperature,sedimentary_geology,geology,0.007064136814412957,0.007064136814412957,1551,0.0,0.0,0.0,0.0,False,0.0,0.0,0.0,,0.00768531797617251,0.0,0.0,0.0034583930892776293,False
precipitation,terrain_elevation,terrain,-0.007008274364585482,0.007008274364585482,1491,0.0,0.0,0.0,0.0,False,0.0,0.0,0.0,,0.007623409177101705,0.0,0.0,0.0034305341296957674,False
max_temperature,deep_gravity_source_density,geophysics,0.0061996177648458535,0.0061996177648458535,1551,0.0,0.0,0.0,0.0,False,0.0,0.0,0.0,,0.006727226515847596,0.0,0.0,0.003027251932131418,False
aridity,carbonate_geology,geology,0.005556642963426216,0.005556642963426216,1551,0.0,0.0,0.0,0.0,False,0.0,0.0,0.0,,0.006014658450687284,0.0,0.0,0.002706596302809278,False
evapotranspiration_ratio,carbonate_geology,geology,0.005288584298792675,0.005288584298792675,1551,0.0,0.0,0.0,0.0,False,0.0,0.0,0.0,,0.005717586087064879,0.0,0.0,0.0025729137391791957,False
water_balance,gravity_gradient,geophysics,-0.004890461156937842,0.004890461156937842,1546,0.0,0.0,0.0,0.0,False,0.0,0.0,0.0,,0.00527637153828213,0.0,0.0,0.0023743671922269584,False
solar_radiation,carbonate_geology,geology,-0.004887310463587207,0.004887310463587207,1551,0.0,0.0,0.0,0.0,False,0.0,0.0,0.0,,0.005272879825294594,0.0,0.0,0.0023727959213825675,False
water_deficit,deep_gravity_source_density,geophysics,-0.004394490126840649,0.004394490126840649,1551,0.0,0.0,0.0,0.0,False,0.0,0.0,0.0,,0.004726718400225063,0.0,0.0,0.002127023280101278,False
snow_influence,deep_gravity_source_density,geophysics,-0.0043856096462773966,0.0043856096462773966,1551,0.0,0.0,0.0,0.0,False,0.0,0.0,0.0,,0.004716876728609505,0.0,0.0,0.0021225945278742775,False
wind_speed,deep_gravity_source_proximity,geophysics,0.004380140194044559,0.004380140194044559,1551,0.0,0.0,0.0,0.0,False,0.0,0.0,0.0,,0.0047108152826765785,0.0,0.0,0.0021198668772044603,False
water_balance,sedimentary_geology,geology,0.004208455203077373,0.004208455203077373,1551,0.0,0.0,0.0,0.0,False,0.0,0.0,0.0,,0.004520547730106178,0.0,0.0,0.0020342464785477804,False
vapor_pressure_deficit,deep_gravity_source_density,geophysics,0.004097243124808898,0.004097243124808898,1551,0.0,0.0,0.0,0.0,False,0.0,0.0,0.0,,0.0043972984592805485,0.0,0.0,0.001978784306676247,False
snow_influence,mafic_geology,geology,0.0036512253852420185,0.0036512253852420185,1551,0.0,0.0,0.0,0.0,False,0.0,0.0,0.0,,0.0039030053749969503,0.0,0.0,0.0017563524187486277,False
mean_temperature,Ag_anomaly,geochemistry,0.0035934481198633575,0.0035934481198633575,1551,0.0,0.0,0.0,0.0,False,0.0,0.0,0.0,,0.003838974507674894,0.0,0.0,0.0017275385284537023,False
potential_evapotranspiration,deep_gravity_source_density,geophysics,0.0033121794602529384,0.0033121794602529384,1551,0.0,0.0,0.0,0.0,False,0.0,0.0,0.0,,0.0035272623470640704,0.0,0.0,0.0015872680561788317,False
actual_evapotranspiration,gravity_gradient,geophysics,0.0032016267340063014,0.0032016267340063014,1546,0.0,0.0,0.0,0.0,False,0.0,0.0,0.0,,0.0034047437941350416,0.0,0.0,0.0015321347073607688,False
precipitation,gravity_gradient,geophysics,-0.0031468830037200885,0.0031468830037200885,1546,0.0,0.0,0.0,0.0,False,0.0,0.0,0.0,,0.0033440748007567992,0.0,0.0,0.0015048336603405597,False
snow_influence,shallow_gravity_source_proximity,geophysics,-0.0028300588366606803,0.0028300588366606803,1551,0.0,0.0,0.0,0.0,False,0.0,0.0,0.0,,0.002992958733347793,0.0,0.0,0.001346831430006507,False
precipitation,deep_gravity_source_proximity,geophysics,0.002827317064702769,0.002827317064702769,1551,0.0,0.0,0.0,0.0,False,0.0,0.0,0.0,,0.002989920201923473,0.0,0.0,0.001345464090865563,False
mean_temperature,deep_gravity_source_density,geophysics,0.002814560130021213,0.002814560130021213,1551,0.0,0.0,0.0,0.0,False,0.0,0.0,0.0,,0.002975782502835822,0.0,0.0,0.00133910212627612,False
vapor_pressure,deep_gravity_source_density,geophysics,0.0027576540382665765,0.0027576540382665765,1551,0.0,0.0,0.0,0.0,False,0.0,0.0,0.0,,0.0029127171018155855,0.0,0.0,0.0013107226958170134,False
water_deficit,gravity_gradient,geophysics,0.0025886615225788464,0.0025886615225788464,1546,0.0,0.0,0.0,0.0,False,0.0,0.0,0.0,,0.0027254334482971205,0.0,0.0,0.0012264450517337042,False
soil_moisture,sedimentary_geology,geology,-0.0017984853030501328,0.0017984853030501328,1551,0.0,0.0,0.0,0.0,False,0.0,0.0,0.0,,0.0018497314166745972,0.0,0.0,0.0008323791375035688,False
solar_radiation,mafic_geology,geology,0.0017167167739580364,0.0017167167739580364,1551,0.0,0.0,0.0,0.0,False,0.0,0.0,0.0,,0.0017591125581477719,0.0,0.0,0.0007916006511664974,False
min_temperature,deep_gravity_source_density,geophysics,-0.00171157031259499,0.00171157031259499,1551,0.0,0.0,0.0,0.0,False,0.0,0.0,0.0,,0.001753409062446554,0.0,0.0,0.0007890340781009493,False
potential_evapotranspiration,deep_gravity_source_strength,geophysics,0.0005546313236811576,0.0005546313236811576,1551,0.0,0.0,0.0,0.0,False,0.0,0.0,0.0,,0.0004712471876442272,0.0,0.0,0.00021206123443990224,False
wind_speed,fault_proximity,structure,0.00012940869343748868,0.00012940869343748868,1551,0.0,0.0,0.0,0.0,False,0.0,0.0,0.0,,0.0,0.0,0.0,0.0,False
