dep_id,site_name,latitude,longitude,country,state,county,commod1,commod2,commod3,dev_stat,model,models_parsed,is_porphyry_cu,has_copper_commodity,score,url,mrds_id,mas_id,region,com_type,oper_type,dep_type,prod_size,ore,gangue,other_matl,orebody_fm,work_type,alteration,conc_proc,names,ore_ctrl,reporter,hrock_unit,hrock_type,arock_unit,arock_type,structure,tectonic,ref,yfp_ba,yr_fst_prd,ylp_ba,yr_lst_prd,dy_ba,disc_yr,prod_yrs,discr,mine_record_type
10001755,ASARCO,63.36972,-142.513,United States,Alaska,,"Molybdenum, Copper",,,Prospect,79: Porphyry Cu-Mo,7|9: Porphyry Cu-Mo,True,True,B,https://mrdata.usgs.gov/mrds/show-mrds.php?dep_id=10001755,A012541,,NA,M,Unknown,,,"Chalcopyrite, Molybdenite, Pyrite",,,,,"Alteration types include severe silicification and leaching of the hypabyssal intrusive (Singer and others, 1976).",,"Tok, Dennis",,"Cameron, C.E.",,Quartz Monzonite,,,,,"Foster, H.L., 1970, Reconnaissance geologic map of the Tanacross quadrangle, Alaska: U.S. Geological Survey Miscellaneous Geological Investigations Map I-593, 1 sheet, scale 1:250,000.Singer, D.A., Csejtey, Bela, Jr., and Miller, R.J., 1978, Map and discussion of the metalliferous and selected nonmetalliferous mineral resources of the Talkeetna Mountains quadrangle, Alaska: U.S. Geological Survey Open-file Report 78-588-Q, 33 p., 1 plate, scale 1:250,000.Eberlein, G.D., Chapman, R.M., Foster, H.L., and Gassaway, J.S., 1977, Map and table describing known metalliferous and selected nonmetalliferous mineral deposits in central Alaska: U.S. Geological Survey Open-File Report  77-168-D, 132 p., 1 map, scale 1:1,000,000.Gill, R., 1977, Geology and mineral deposits of the southwest quarter of the Tanacross D-1 quadrangle, Alaska: Golden, Colorado School of Mines, M.Sc. thesis, 129 p.Cobb, E.H., and Eberlein, G.D., 1980, Summaries of data on and lists of references to metallic and selected nonmetallic mineral deposits in the Big Delta and Tanacross quadrangles, Alaska: U.S. Geological Survey Open-File Report 80-1086, 77 p.Nokleberg, W.J., Bundtzen, T.K., Berg, H.C., Brew, D.A., Grybeck, D.J., Robinson, M.S., Smith, T.E., and Yeend, W., 1987, Significant metalliferous lode deposits and placer districts of Alaska: U.S. Geological Survey Bulletin 1786, 104 p.Newberry, R.J., Layer, P.W., Burleigh, R.E., and Solie, D.N., 1996, New 40Ar/39Ar dates for intrusions and mineral prospects in the eastern Yukon-Tanana terrane, Alaska - Regional patterns and significance, in Gray, J.E., and Riehle, J.R., eds.,  Geological Studies in Alaska by the U.S.  Geological Survey, 1996: U.S. Geological Survey Professional Paper 1595, p. 131-159.Foster, H.L., and Keith, T.E.C., 1994, Geology of the Yukon-Tanana area of east-central Alaska: in Plafker, G. and Berg, H.C., eds, The geology of North America, vol. G-1, The geology of Alaska: Geological Society of America, p. 205-240.",,,,,,,,,porphyry_subset
10003280,Anderson Bay,53.65743,-166.802,United States,Alaska,,"Silver, Gold, Molybdenum, Copper",,,Occurrence,"53: Porphyry Cu79: Porphyry Cu-Mo105: Epithermal vein, generic","5|3: Porphyry Cu|7|9: Porphyry Cu-Mo|1|0|5: Epithermal vein, generic",True,True,C,https://mrdata.usgs.gov/mrds/show-mrds.php?dep_id=10003280,A106024,,NA,M,Unknown,,,Pyrite,,,,,Only gossan and ferruginous alteration mentioned along with moderate leaching.,,,,"F.H. Wilson, Damon Bickerstaff",,,,,,,"Christie, J.S., 1974, Aleut-Quintana-Duval 1974 joint venture, final report:  Unpublished Quintana Minerals Corporation report, 24 p., 3 appendices, 2 maps. (Report held by the Aleut Corporation, Anchorage, Alaska.)",,,,,,,,,porphyry_subset
10308367,Baggage,63.66976,-141.103,United States,Alaska,,Copper,,,Prospect,79: Porphyry Cu-Mo,7|9: Porphyry Cu-Mo,True,True,C,https://mrdata.usgs.gov/mrds/show-mrds.php?dep_id=10308367,,,NA,,Unknown,,,,,,,,,,,,"Cameron, C.E.",,,,,,,"Foster, H.L., 1970, Reconnaissance geologic map of the Tanacross quadrangle, Alaska: U.S. Geological Survey Miscellaneous Geological Investigations Map I-593, 1 sheet, scale 1:250,000.Foster, H.L., and Keith, T.E.C., 1994, Geology of the Yukon-Tanana area of east-central Alaska: in Plafker, G. and Berg, H.C., eds, The geology of North America, vol. G-1, The geology of Alaska: Geological Society of America, p. 205-240.",,,,,,,,,porphyry_subset
10210123,Baultoff,62.10512,-141.218,United States,Alaska,,Copper,,"Molybdenum, Gold, Silver",Prospect,53: Porphyry Cu79: Porphyry Cu-Mo,5|3: Porphyry Cu|7|9: Porphyry Cu-Mo,True,True,B,https://mrdata.usgs.gov/mrds/show-mrds.php?dep_id=10210123,A011423,20780041,NA,M,Unknown,,,"Chalcopyrite, Pyrite","Albite, Quartz, Actinolite, Sericite","Bornite, Magnetite",,,,,Baultoff Creek,,"Nokleberg, W.J., Elliott, R.L., Leonard, K.R., Carnes, R. David, Hudson, Travis L., Richter, D.H.",Klein Creek Batholith,Diorite,,,,,"Cobb, E.H., and Richter, D.H., 1980, Summaries of data on and list of references to metallic and selected nonmetallic mineral deposits in the Nabesna quadrangle, Alaska: U.S. Geological Survey Open-File Report 80-927, 117 p.Richter, D.H., Lanphere, M.A., and Matson, N.A., Jr., 1975, Granite plutonism and metamorphism, eeastern Alaska Range, Alaska: Geological Society of American Bulletin, v. 86, p. 819-820.MacKevett, E.M., Jr., and Holloway, C.D., 1977, Map showing metalliferous and selected nonmetalliferous mineral deposits in the eastern part of southern Alaska: U.S. Geological Survey Open-File Report 77-169-A, 99 p., 1 sheet, scale 1:1,000,000.Engineering & Mining Journal 7905, p. 83, No. 144MTA 82 No. E-56Richter, D.H., Matson, N.A., Jr., and Smoll, H.R., 1973, Reconnaissance geologic map of the Nabesna A-1 quadrangle, Alaska: U.S. Geological Survey Miscellaneous Investigations Series Map 1-807, scale 1:63,360.Richter, D.H., Singer, D.A., and Cox, D.P., 1975, Mineral resources map of the Nabesna quadrangle, Alaska: U.S. Geological Survey Miscellaneous Field Studies Map MF-655-K, scale 1:250,000.Hollister, V.F., Anzalone, S.A., and Richter, D.H., 1975, Porphyry copper belts of southern Alaska and contiguous Yukon Territory: CIM (Canadian Mining and Metallurgical) Bulletin, v. 68, no. 756, p. 104-112.Matson, N.A., and Richter, D.H., 1971, Geochemical data from the Nabesna A-1 quadrangle, Alaska: U.S. Geological Survey Open-File Report 71-0202, 10 p.,  loc. 4, samples 138, 139ALASKA KARDEX 078-085",,,,,,,,,porphyry_subset
10001419,Bear Gulch,62.28263,-149.417,United States,Alaska,,"Copper, Molybdenum","Gold, Zinc, Lead",,Prospect,79: Porphyry Cu-Mo,7|9: Porphyry Cu-Mo,True,True,B,https://mrdata.usgs.gov/mrds/show-mrds.php?dep_id=10001419,A012164,,NA,M,Unknown,,,"Chalcopyrite, Molybdenite",,,,,Alteration in granite,,Unnamed,,"Riehle, J.",,,,,,,"Csejtey, Bela, Jr., and Miller, R.J., 1978, Map and table describing metalliferous and selected nonmetalliferous mineral deposits in the Talkeetna Mountains quadrangle, Alaska: U.S. Geological Survey Open-File Report 78-558-B, 20 p., 1 plate, scale 1:250,000.Singer, D.A., Csejtey, Bela, Jr., and Miller, R.J., 1978, Map and discussion of the metalliferous and selected nonmetalliferous mineral resources of the Talkeetna Mountains quadrangle, Alaska: U.S. Geological Survey Open-file Report 78-588-Q, 33 p., 1 plate, scale 1:250,000.Miller, R.J., Cooley, E.F., O'Leary, R.M., Garmezy, larry, Csejtey, Bela, Jr., Smith, T.E., and Cleveland, M.N., 1978, Analysis of geochemical samples from the Talkeetna Mountains quadrangle, Alaska: U.S. Geological Survey Open-file Report 78-1052, 279 p.Cobb, E.H., and Csejtey, Bela, Jr., 1980, Summaries of data on and lists of references to metallic and selected nonmetallic mineral deposits in the Talkeetna Mountains quadrangle, Alaska: U.S. Geological Survey Open-File Report 80-716, 63 p.MacKevett, E.M., Jr., and Holloway, C.D., 1977, Map showing metalliferous and selected non-metalliferous mineral deposits in the eastern part of southern Alaska: U.S. Geological Survey Open-File Report 77-169-A, 99 p., 1 sheet, scale 1:1,000,000.",,,,,,,,,porphyry_subset
10001669,Bearskin Gulch,56.24927,-158.952,United States,Alaska,,"Molybdenum, Copper, Gold, Silver",,,Occurrence,53: Porphyry Cu78: Porphyry Cu-Au79: Porphyry Cu-Mo,5|3: Porphyry Cu|7|8: Porphyry Cu-Au|7|9: Porphyry Cu-Mo,True,True,B,https://mrdata.usgs.gov/mrds/show-mrds.php?dep_id=10001669,A012447,,NA,M,Unknown,,,"Chalcopyrite, Gold, Molybdenite, Pyrite",,,,,"Secondary biotite is present within the copper-bearing areas and beyond. Chlorite is present throughout the area in all rock types. Sericite is present as veinlet selvages and within the higher sulfide areas on the periphery of the system. Other periphery alteration minerals include epidote, kaolinite, montmorillonite, and pyrophyllite.",,,,S.H. Pilcher,Naknek Formation;Naknek Formation;Naknek Formation,Siltstone,Naknek Formation;Naknek Formation;Naknek Formation,Diorite,,,"Fields, E.D., 1977, 1976 Annual report: Alaska search, Chignik area-Bristol Bay region: Bear Creek Mining Company, 44 p., 22 map sheets. (Report held by the Aleut Corporation, Anchorage, Alaska.)Cox, D.P., Detra, D.E., and Detterman, R.L., 1981, Mineral resource maps of the Chignik and Sutwik Island quadrangles, Alaska: U.S. Geological Survey Miscellaneous Field Studies Map MF- 1053-K, 2 map sheets, scale 1:250,000.",,,,,,,,,porphyry_subset
10003497,Beaver Creek,61.57952,-150.993,United States,Alaska,,"Gold, Copper",Iron,,Prospect,"58: Porphyry Cu, skarn-related59: Skarn Cu","5|8: Porphyry Cu, skarn-related|5|9: Skarn Cu",True,True,E,https://mrdata.usgs.gov/mrds/show-mrds.php?dep_id=10003497,A106255,,NA,M,Unknown,,,"Chalcopyrite, Gold, Pyrite, Pyrrhotite",Magnetite,,,,,,Upper Sucker Creek,,Madelyn A. Millholland,,,,,,,,,,,,,,,,porphyry_subset
10003274,"Beaver Inlet, Amugul Bay, Tanaskan Bay",53.73244,-166.436,United States,Alaska,,"Copper, Silver, Gold",Zinc,,Occurrence,53: Porphyry Cu,5|3: Porphyry Cu,True,True,C,https://mrdata.usgs.gov/mrds/show-mrds.php?dep_id=10003274,A106017,,NA,M,Unknown,,,Chalcopyrite,"Epidote, Pyrite",,,,Alteration is propylitic on the basis of disseminated and fracture controlled epidote.  Fractured zones are totally leached.,,,,"F.H. Wilson, Damon Bickerstaff",,,,,,,"Christie, J.S., 1974, Aleut-Quintana-Duval 1974 joint venture, final report:  Unpublished Quintana Minerals Corporation report, 24 p., 3 appendices, 2 maps. (Report held by the Aleut Corporation, Anchorage, Alaska.)",,,,,,,,,porphyry_subset
10003275,"Beaver Inlet, Erskine Bay, Kisselem Bay",53.72411,-166.586,United States,Alaska,,"Copper, Silver, Gold",Zinc,,Occurrence,"53: Porphyry Cu105: Epithermal vein, generic","5|3: Porphyry Cu|1|0|5: Epithermal vein, generic",True,True,C,https://mrdata.usgs.gov/mrds/show-mrds.php?dep_id=10003275,A106018,,NA,M,Unknown,,,Pyrite,Chlorite,,,,"Chlorite is the only alteration phase mentioned and may indicate propylitic alteration.  However, bleaching (leaching) may indicate other types of alteration.  Alteration ranges from moderate to very intense.",,,,"F.H. Wilson, Damon Bickerstaff",,,,,,,"Christie, J.S., 1974, Aleut-Quintana-Duval 1974 joint venture, final report:  Unpublished Quintana Minerals Corporation report, 24 p., 3 appendices, 2 maps. (Report held by the Aleut Corporation, Anchorage, Alaska.)",,,,,,,,,porphyry_subset
10161576,Bee Creek,56.5117,-158.385,United States,Alaska,,Copper,Molybdenum,"Zinc, Silver, Gold, Lead",Prospect,53: Porphyry Cu79: Porphyry Cu-Mo,5|3: Porphyry Cu|7|9: Porphyry Cu-Mo,True,True,A,https://mrdata.usgs.gov/mrds/show-mrds.php?dep_id=10161576,,21330017,NA,M,Unknown,Porphyry Cu,,"Chalcopyrite, Pyrite, Chrysocolla, Molybdenite, Malachite, Gold, Galena, Sphalerite, Pyrrhotite, Magnetite","Sericite, Biotite, Gypsum",,,,,,"Bee Creek Prospect, Dry Creek",,"Schruben, Paul, S.H. Pilcher (Anchorage); D.J. Grybeck (Port Ludlow, WA), Mosier, Dan, Leonard, Kenneth R. (Huber, Donald F.), Elliott, R. L., Unknown",Naknek Formation;Naknek Formation,Sandstone,Naknek Formation;Naknek Formation,"Dacite,Diorite",,,"Fields, E.D., 1977, 1976 Annual Report, Alaska Search; Chignik Area, Bristol Bay Region: Bear Creek Mining Co., Unpublished Report, P. 1-2, 8-18Cox, D.P., Detra, D.E., and Detterman, R.L., 1981, Mineral resource maps of the Chignik and Sutwik Island quadrangles, Alaska: U.S. Geological Survey Miscellaneous Field Studies Map MF- 1053-K, 2 sheets, scale 1:250,000.Full Metal Minerals, 2008 (Alaska Peninsula): http://www.fullmetalminerals.com/s/alaskapeninsula.asp (as of March 4, 2008).Metallica Resources Inc., 2008; Exploration - Southwest Alaska: http://www.metal-res.com/projects/exploration/southwest_alaska/ (as of March 4, 2008).Wilson, F.H., and Cox, D.P., 1983, Geochronology, geochemistry, and tectonic environment of porphyry mineralization in the central Alaska Peninsula: U.S. Geological Survey Open-File Report 83-783, 24 p.Johnson, K.M., 1978, The United States Geological Survey in Alaska; accomplishments during 1977: U.S. Geological Survey Circular 772-B, p. B-1 - B-115.Metals Economics Group (MEG) website:\nhttp://services.metalseconomics.com/minesearch/Default.aspx#profile&projAid=100413Anderson, G.D., Fitch, G.M., Lappie, D.W., Lindberg, P.A., and Fankhauser, R.E., 1979, Exploration and evaluation of Bristol Bay Native Corporation Lands, Vol. II, Book 1: Prepared for Houston Oil and Minerals Company by Resource Associates of Alaska, 78 p. (Report held by Alaska Earth Sciences, Inc., Anchorage, Alaska.)Butherus, D.L., White, D.C., Smith, W.H., Radford, G., Sandberg, R.J., and Pray, J.C., 1981, Exploration and evaluation of precious metal potential of Bristol Bay Native Corporation Lands, southwest Alaska, 1981, Vol. 1: Prepared for NERCO by Resource Associates of Alaska, 90 p. (Report held by Alaska Earth Sciences, Inc. Anchorage, Alaska.)Nokleberg, W.J., Bundtzen, T.K., Berg, H.C., Brew, D.A., Grybeck, D.J., Robinson, M.S., Smith, T.E., and Yeend, W., 1987, Significant metalliferous lode deposits and placer districts of Alaska: U.S. Geological Survey Bulletin 1786, 104 p., 2 plates, scale 1:5,000,000.Wilson, F.H., 1980, Late Mesozoic and Cenozoic tectonics and age of porphyry copper prospects, Chignik and Sutwik Island quadrangles, Alaska Peninsula: U.S. Geological Survey Open-File Report 80-543, 94 p., 5 sheets, scales 1:250,000 and 1 inch = 1,000 feet.Young, L.E., St. George, P., and Bouley, B., 1997, Porphyry copper deposits in relation to the magmatic history and palinspastic restoration of Alaska, in Goldfarb, R.J., and Miller, L.D., eds., Mineral deposits of Alaska: Economic Geology Monograph 9.""Full Metal and Metallica Commence Exploration in Southwest Alaska."" Full Metal Minerals. June 12, 2006. April 8, 2008. http://www.marketwire.com/press-release/Full-Metal-Minerals-Ltd-TSX-VENTURE-FMM-598989.html",,,,,,1975,,,porphyry_subset
10003415,Big River,58.67941,-153.873,United States,Alaska,,Copper,"Lead, Zinc, Gold, Molybdenum, Silver",,Occurrence,54: Porphyry Cu (North America)79: Porphyry Cu-Mo85: Polymetallic veins,5|4: Porphyry Cu (North America)|7|9: Porphyry Cu-Mo|8|5: Polymetallic veins,True,True,B,https://mrdata.usgs.gov/mrds/show-mrds.php?dep_id=10003415,A106171,,NA,M,Unknown,,,"Chalcopyrite, Molybdenite, Pyrite, Sphalerite",Quartz,,,,The intrusive rock at this site exhibits argillic and quartz-sericite alteration associated with abundant quartz veining.,,,,S.H. Pilcher,,,,,,,"Church, S.E., Riehle, J.R, Magoon, L.D, and Campbell, D.L., 1992, Mineral and energy resource assessment maps of the Mount Katmai, Naknek, and western Afognak quadrangles, Alaska: U.S. Geological Survey Miscellaneous Field Studies Map MF 2021-F, 22 p. 2 map sheets, scale 1:250,000.Riehle, J.R., Dettermen, R.L., Yount, M.E., and Miller, J.W., 1993, Geologic map of the Mount Katmai quadrangle and adjacent parts of the Naknek and Afognak quadrangles, Alaska: U.S. Geological Survey Miscellaneous Investigations Series Map I-2204, 1 map sheet, scale 1:250,000.Church, S.E., Riehle, J.R., and Goldfarb, R.J., 1994, Interpretation of exploration geochemical data for the Mount Katmai quadrangle, and adjacent parts of the Afognak and Naknek quadrangles, Alaska: U.S. Geological Survey  Bulletin 2020, 67 p., 3 map sheets, scale 1:250,000.",,,,,,,,,porphyry_subset
10001750,Bluff,63.61975,-141.483,United States,Alaska,,"Zinc, Lead",,,Prospect,79: Porphyry Cu-Mo,7|9: Porphyry Cu-Mo,True,False,B,https://mrdata.usgs.gov/mrds/show-mrds.php?dep_id=10001750,A012534,,NA,M,Unknown,,,"Chalcopyrite, Galena, Magnetite, Molybdenite, Pyrite, Sphalerite",Tourmaline,,,,"Strong hydrothermal alteration (Singer and others, 1976).",,,,"Cameron, C.E.",,Diorite,,,,,"Foster, H.L., 1970, Reconnaissance geologic map of the Tanacross quadrangle, Alaska: U.S. Geological Survey Miscellaneous Geological Investigations Map I-593, 1 sheet, scale 1:250,000.Singer, D.A., Csejtey, Bela, Jr., and Miller, R.J., 1978, Map and discussion of the metalliferous and selected nonmetalliferous mineral resources of the Talkeetna Mountains quadrangle, Alaska: U.S. Geological Survey Open-file Report 78-588-Q, 33 p., 1 plate, scale 1:250,000.Eberlein, G.D., Chapman, R.M., Foster, H.L., and Gassaway, J.S., 1977, Map and table describing known metalliferous and selected nonmetalliferous mineral deposits in central Alaska: U.S. Geological Survey Open-File Report  77-168-D, 132 p., 1 map, scale 1:1,000,000.Cobb, E.H., and Eberlein, G.D., 1980, Summaries of data on and lists of references to metallic and selected nonmetallic mineral deposits in the Big Delta and Tanacross quadrangles, Alaska: U.S. Geological Survey Open-File Report 80-1086, 77 p.Nokleberg, W.J., Bundtzen, T.K., Berg, H.C., Brew, D.A., Grybeck, D.J., Robinson, M.S., Smith, T.E., and Yeend, W., 1987, Significant metalliferous lode deposits and placer districts of Alaska: U.S. Geological Survey Bulletin 1786, 104 p.Foster, H.L., and Keith, T.E.C., 1994, Geology of the Yukon-Tanana area of east-central Alaska: in Plafker, G. and Berg, H.C., eds, The geology of North America, vol. G-1, The geology of Alaska: Geological Society of America, p. 205-240.",,,,,,,,,porphyry_subset
10002117,Bonanza Hills,60.70554,-154.596,United States,Alaska,,"Silver, Copper, Lead",Gold,,Prospect,53: Porphyry Cu85: Polymetallic veins,5|3: Porphyry Cu|8|5: Polymetallic veins,True,True,B,https://mrdata.usgs.gov/mrds/show-mrds.php?dep_id=10002117,A013008,,NA,M,Unknown,,,"Arsenopyrite, Chalcopyrite, Galena, Tetrahedrite",Quartz,,,,Unknown,,Main Saddle,,"D.P. Bickerstaff, M.L. Miller",,Argillite,,,,,"Eakins, G.R., Gilbert W.G., and Buntzen, T.K., 1978, Preliminary bedrock geology and mineral resource potential of west-central Lake Clark quadrangle, Alaska: Alaska Division of Geological and Geophysical Surveys Open-File Report 118, 15 p.Cobb, E.H., and Reed, B.L., 1981, Summaries of data on and lists of references to metallic and selected nonmetallic mineral occurrences in the Iliamna, Lake Clark, Lime Hills, and McGrath quadrangles, Alaska - Supplement to Open-File Report 76-485: U.S. Geological Survey Open-File Report 81-1343-A, 25 p.Nelson, W.H., Carlson, C., and Case, J.E., 1983, Geologic map of the Lake Clark quadrangle, Alaska: U.S. Geological Survey Miscellaneous Field Studies Map MF-1114-A, scale 1:250,000.Nokleberg, W.J., Bundtzen, T.K., Berg, H.C., Brew, D.A., Grybeck, D.J., Robinson, M.S., Smith, T.E., and Yeend, W., 1987, Significant metalliferous lode deposits and placer districts of Alaska: U.S. Geological Survey Bulletin 1786, 104 p.Nokleberg, W.J., Bundtzen, T.K., Dawson, K.M., Eremin, R.A., Goryachev, N.A., Koch, R.D., Ratkin, V.V, Rozenblum, I.S., Shpikerman, V.I., Frolov, Y.F., Gorodinsky, M.E., Melnikov, V.D., Diggles, M.F., Ognyanov, N.V., Petrachenko, E.D., Petrochenko, R.I., Pozdeev, A.I., Ross, K.V., Wood, D.H., Grybeck, D., Khanchuck, A.I., Kovbas, L.I., Nekrasov, I.Y., and Sidorov, A.A., 1997, References for significant metalliferous and selected non-metalliferous lode mineral deposits and placer districts, and for metallogenesis of the Russian Far East, Alaska, and the Canadian Cordillera: U.S. Geological Survey Open-File Report 96-513-B, 385 p.Nelson, W.H., King, H.D., Case, J.E., Tripp, R.B., Crim, W.D., and Cooley, E.F., 1985, Mineral resource map of the Lake Clark quadrangle, Alaska: U.S. Geological Survey Miscellaneous Field Studies Map MF-1114-B, 1 sheet, scale 1:250,000.",,,,,,,,,porphyry_subset
10001666,Braided Creeks,56.52623,-158.576,United States,Alaska,,"Zinc, Lead, Copper, Gold, Silver",Arsenic,,Prospect,54: Porphyry Cu (North America)85: Polymetallic veins,5|4: Porphyry Cu (North America)|8|5: Polymetallic veins,True,True,B,https://mrdata.usgs.gov/mrds/show-mrds.php?dep_id=10001666,A012443,,NA,M,Unknown,,,"Arsenopyrite, Chalcopyrite, Galena, Gold, Pyrargyrite, Pyrite, Pyrrhotite, Sphalerite, Tetrahedrite","Dolomite, Quartz",,,,"The sedimentary rocks peripheral to the stock exhibit pervasive sericitization in some areas and epidote, chlorite, clay alteration in others. Chloritization in the stock is common and localized areas of quartz-sericite alteration have been reported.",,"Cathedral Creek, Manhattan",,S.H. Pilcher,Naknek Formation;Naknek Formation;Naknek Formation;;Chignik Formation,Dacite,Hoodoo Formation;Tolstoi Formation;Meshik Formation,Dacite,,,"Brown, D.L., Crabtree, E.H., and Smith, F.L., 1965, Mineralogic study of a complex sulfide deposit, vein number 1, project Manhatten, Alaska: Prepared for Pan American Petroleum Corporation by The Colorado School of Mines Foundation Inc., 55 p.  (Report held by Alaska Earth Science, Anchorage, Alaska.)U.S. Bureau of Mines, 1973, Alaska 1:250,000-scale quadrangle map overlays showing mineral deposit locations, principal minerals, and number and type of claims: U.S. Bureau of Mines Open-File Report 20-73, 95 overlays (updated in 1986, 1987).Fields, E.D., 1977, 1976 Annual report: Alaska search, Chignik area-Bristol Bay region: Bear Creek Mining Company, 44 p., 22 map sheets. (Report held by the Aleut Corporation, Anchorage, Alaska.)Anderson, G.D., Fitch, G.M., Lappie, D.W., Lindberg, P.A., and Fankhauser, R.E., 1979, Exploration and evaluation of Bristol Bay Native Corporation Lands, Vol. II, Book 1: prepared for Houston Oil and Minerals Company by Resource Associates of Alaska, 78 p. (Report held by Alaska Earth Science, Anchorage, Alaska.)Cobb, E.H., 1980, Summaries of data and lists of references to metallic and selected nonmetallic mineral deposits in fifteen quadrangles in southwestern and west-central Alaska: U.S. Geological Survey Open-File Report 80-909, 103 p.Cox, D.P., Detra, D.E., and Detterman, R.L., 1981, Mineral resource maps of the Chignik and Sutwik Island quadrangles, Alaska: U.S. Geological Survey Miscellaneous Field Studies Map MF- 1053-K, 2 map sheets, scale 1:250,000.Detterman, R.L., Miller, T.P., Yount, M.E., and Wilson, F.H.,1981, Geologic map the Chignik and Sutwik Island quadrangles Alaska: U.S. Geologic Survey Miscellaneous Investigations Series Map I- 1229, 1 map sheet, scale 1:250,000.Wilson, F.H., and Cox, D.P., 1983, Geochronology, geochemistry, and tectonic environment of porphyry mineralization in the central Alaska Peninsula: U.S. Geological Survey Open-File Report 83-783, 24 p.Nokleberg, W.J., Bundtzen, T.K., Berg, H.C., Brew, D.A., Grybeck, D.J., Robinson, M.S., Smith, T.E., and Yeend, W., 1987, Significant metalliferous lode deposits and placer districts of Alaska: U.S. Geological Survey Bulletin 1786, 104 p.Alaska Earth Science, 1997, Mineral and oil and gas potential of the Bristol Bay region, southwestern Alaska: prepared for the Bristol Bay Native Corporation, 11 p. (Report held by Alaska Earth Science, Anchorage, Alaska.)Young, L.E., St. George, P., and Bouley, B., 1997, Porphyry copper deposits in relation to the magmatic history and palinspastic restoration of Alaska, in Goldfarb, R.J., and Miller, L.D., (eds.), Mineral deposits of Alaska: Economic Geology Monograph 9, p. 306-333.Wilson, F.H., 1980, Late Mesozoic and Cenozoic tectonics and age of porphyry copper prospects, Chignik and Sutwik Island quadrangles, Alaska Peninsula: U.S. Geological Survey Open-File    Report 80-543, 94 p., 5 sheets, scales 1:250,000 and 1 inch = 1,000 feet.Cobb, E.H., 1972, Metallic mineral resources map of the Chignik quadrangle, Alaska: U.S. Geological Survey Miscellaneous Field Studies Map MF-374, 1 sheet, scale 1:250,000.MacKevett, E.M., Jr., and Holloway, C.D., 1977, Map showing metalliferous mineral deposits in the western part of southern Alaska: U.S. Geological Survey Open-File Report 77-169-F, 38 p., 1 sheet, scale 1:1,000,000.",,,,,,,,,porphyry_subset
10308722,Bush,63.47772,-142.809,United States,Alaska,,"Molybdenum, Lead",,,Prospect,79: Porphyry Cu-Mo,7|9: Porphyry Cu-Mo,True,False,C,https://mrdata.usgs.gov/mrds/show-mrds.php?dep_id=10308722,,,NA,M,Unknown,,,Pyrite,,,,,,,"VABM Bush, Hajdukovich Molybdenum?",,"Cameron, C.E.",,,,,,,"Saunders, R.H., 1967, Mineral occurences in the Yukon-Tanana region, Alaska: Alaska Division of Mines and Minerals Special Report 2, 58 p.Foster, H.L., 1970, Reconnaissance geologic map of the Tanacross quadrangle, Alaska:    U.S. Geological Survey Miscellaneous Geological Investigations Map I-593, 1 sheet, scale 1:250,000.Dashevsky, S.S., 1982, Doyon exploration program, block 8 - Fortymile, 1982:    Fairbanks, Alaska, 109 p.    (Report held by Doyon Ltd., Fairbanks, Alaska.)Foster, H.L., Keith, T.E C., and Menzie, W.D., 1994, Geology of the Yukon-Tanana area of East-Central Alaska: in Plafker, G. and Berg, H.C., eds., The geology of North America, vol. G-1, The geology of Alaska:  Geological Society of America, p. 205-240.Doyon, Limited, 1998, Veta Prospects 1997 Volume 1: Fairbanks, Alaska, Doyon, Limited., unpublished report 98-10, 256 p.  (Report held by Doyon, Limited, Fairbanks, Alaska.)",,,,,,,,,porphyry_subset
10001681,Cape Kubugakli Lode,57.89937,-155.103,United States,Alaska,,Gold,"Lead, Antimony, Copper, Molybdenum",,Occurrence,53: Porphyry Cu79: Porphyry Cu-Mo85: Polymetallic veins,5|3: Porphyry Cu|7|9: Porphyry Cu-Mo|8|5: Polymetallic veins,True,True,B,https://mrdata.usgs.gov/mrds/show-mrds.php?dep_id=10001681,A012460,,NA,M,Unknown,,,"Galena, Gold, Magnetite, Molybdenite, Pyrite, Stibnite, Tetrahedrite",Quartz,,,,Sericitic and propylitic alteration and silicification have been mapped over an area of several square miles.,,,,S.H. Pilcher,,Mafic Intrusive Rock,,Mafic Intrusive Rock,,,"Smith, W.R., 1925, The Cold Bay-Katmai District, in Brooks and others, in Mineral resources of Alaska, 1923: U.S. Geological Survey Bulletin 773, p. 183-207.Berg, H.C., and Cobb, E.H., 1967, Metalliferous Lode Deposits of Alaska. U.S. Geological Survey Bulletin 1246,  254 p.Detterman, R.L., Case, J.E., Wilson, F.H., and Yount, M.E., 1987, Geologic map of the Ugashik, Bristol Bay, and part of the Karluk quadrangles, Alaska: U.S. Geological Survey Miscellaneous Investigation Series Map I-1685, 1 map sheet, scale 1:250,000.Church, S.E., Detterman, R.L., and Wilson, F.H., 1989, Mineral and energy resource assessment maps of the Ugashik, Bristol Bay, and western Karluk quadrangles, Alaska: U.S. Geological Survey Miscellaneous Field Studies Map MF 1539-I, 2 map sheets, scale 1:250,000.Church, S.E., Frisken J.G., and Wilson, F.H., 1989, Interpretation of exploration geochemical data from Ugashik, Bristol Bay, and western Karluk quadrangles, Alaska: U.S Geological Survey Bulletin 1858, 45 p.MacKevett, E.M., Jr., and Holloway, C.D., 1977, Map showing metalliferous mineral deposits in the western part of southern Alaska: U.S. Geological Survey Open-File Report 77-169-F, 38 p., 1 sheet, scale 1:1,000,000.Cobb, E.H., 1979, Summary of references to mineral occurrences (other than mineral fuels and construction materials) in the Afognak, Karluk, Kodiak, and Trinity Islands quadrangles, Alaska: U.S. Geological Survey Open-File Report 79-860, 49 p.Cobb, E.H., 1972, Metallic mineral resources map of the Karluk quadrangle, Alaska: U.S. Geological Survey Miscellaneous Field Studies Map MF-459, 1 sheet, scale 1:250,000.",,,,,,,,,porphyry_subset
10000187,Charles,56.05366,-130.07,United States,Alaska,,"Lead, Zinc, Silver, Gold, Copper",,,Occurrence,54: Porphyry Cu (North America)85: Polymetallic veins,5|4: Porphyry Cu (North America)|8|5: Polymetallic veins,True,True,B,https://mrdata.usgs.gov/mrds/show-mrds.php?dep_id=10000187,A010224,,NA,M,Unknown,,,"Chalcopyrite, Galena, Pyrite, Sphalerite",Quartz,,,,Silicification and sulfidization of granite porphyry,,Nelson and Pitcher,,H. C. Berg,,,,,,,"Westgate, L.G., 1922, Ore deposits of the Salmon River district, Portland Canal region:  U.S. Geological Survey Bulletin 722, p. 117-140.Smith, J.G., 1973, A Tertiary lamprophyre dike province in southeastern Alaska:  Canadian Journal of Earth Sciences, v. 10, p. 408-420.Smith, J.G., 1977, Geology of the Ketchikan D-1 and Bradfield Canal A-1 quadrangles, Alaska: U.S. Geological Survey Bulletin 1425, 49 p.Elliott, R.L., and Koch, R.D., 1981, Mines, prospects, and selected metalliferous mineral occurrences in the Bradfield Canal quadrangle, Alaska:  U.S. Geological Survey Open-File Report 81-728-B, 23 p., 1 sheet, scales 1:250,000 and 1:63,360.Koch, R.D., 1996, Reconnaissance geologic map of the Bradfield Canal quadrangle, southeastern Alaska:    U.S. Geological Survey Open-File Report 81-728-A, 35 p., 1 sheet, scale 1:250,000.",,,,,,,,,porphyry_subset
10282788,Chathenda Creek,62.19969,-142.703,United States,Alaska,,"Molybdenum, Copper","Silver, Gold",,Prospect,79: Porphyry Cu-Mo,7|9: Porphyry Cu-Mo,True,True,A,https://mrdata.usgs.gov/mrds/show-mrds.php?dep_id=10282788,A010705,20780016,NA,M,Unknown,,,"Chalcopyrite, Gold, Molybdenite","Chlorite, Pyrite","Biotite, Feldspar, Galena, Sphalerite",,Surface,,,"Bond Creek, Taku 1-27, Bond Creek-Orange Hill, Johnson Creek",,"Mosier, Dan, Leonard, Kenneth R. (Elliott, R.L.), Mason, George, Elliott, R.L. (Nokleberg, Warren J.), Travis L. Hudson, Elliott, R.L., Nokleberg, W.J., Richter, D.H., WSR","""Nabesna Pluton"", ""Nikolai Greenstone""","Granodiorite,Quartz Monzonite,Greenstone",,Porphyry,,,"Richter, D.H., and Matson, N.A., Jr., 1970, Geochemical data from the Nabesna A-4 quadrangle, Alaska: U.S. Geological Survey Open-File Report 70-276, 14 p., 1 sheet, scale 1:63,360. (Note: prior to 1975 this publication had a different Open-File designation: Technical Data Unit classification number 398.)Richter, D.H., Singer, D.A., and Cox, D.P., 1975, Mineral resources map of the Nabesna quadrangle, Alaska: U.S. Geological Survey Miscellaneous Field Studies Map MF-655-K, 1 sheet, scale 1:250,000.Richter, D.H., 1973, Reconnaissance geological map of the Nabesna A-4 quadrangle, Alaska: U.S. Geological Survey Miscellaneous Investigations Series Map 1-789, 1 sheet, scale 1:63,360.Richter, D.H., Albert, N.R.D., Barnes, D.F., Griscom, A., Marsh, S.P., and Singer, D.A., 1975, The Alaska Mineral Resource Assessment Program; background information to accompany folio of geologic and mineral resource maps of the Nabesna Quadrangle, Alaska: U.S. Geological Survey Circular 718, 6 p.CU PORPHHollister, V.F., Anzalone, S.A., and Richter, D.H., 1975, Porphyry copper belts of southern Alaska and contiguous Yukon Territory: Canadian Mining and Metallurgical Bulletin, v. 68, no. 756, p. 104-112.Richter, D.H., 1976, Geologic map of the Nabesna quadrangle, Alaska: U.S. Geological Survey Miscellaneous Investigations Series Map I-932, 1 sheet, scale 1:250,000.MacKevett, E.M., Jr., and Holloway, C.D., 1977, Map showing metalliferous and selected nonmetalliferous mineral deposits in the eastern part of southern Alaska: U.S. Geological Survey Open-File Report 77-169-A, 99 p., 1 sheet, scale 1:1,000,000.Engineering & Mining Journal 7905\np. 83, No. 145Bundtzen, T.K., Eakins, G.R., and Conwell, C. N., 1982 Review of Alaska's Mineral Resources; Alaska Division of Geological & Geophysical Surveys and Alaska Department of Commerce and Economic Development, AMR 81-82.MTA 82               No. E-50Eakins, G.R., Bundtzen, T.K., Lueck, L.L., Green, C.B., Gallagher, J.L., and Robinson, M.S., 1985, Alaska's mineral industry 1984: Alaska Division of Geological & Geophysical Surveys Special Report 38, 57 p.Cobb, E.H., and Richter, D.H., 1980, Summaries of data on and list of references to metallic and selected nonmetallic mineral deposits in the Nabesna quadrangle, Alaska: U.S. Geological Survey Open-File Report 80-927, 117 p.Linn, G.W., 1973, Geology of Orange Hill, Alaska: Berkeley, University of California, M.A. thesis, 119 p.Capps, S.R., 1916, The Chisana-White River district, Alaska: U.S. Geological Survey Bulletin 630, 130 p.Richter, D.H., Lanphere, M.A., and Matson, N.A., Jr., 1975, Granite plutonism and metamorphism, eastern Alaska Range, Alaska: Geological Society of American Bulletin, v. 86, p. 819-820.ALASKA KARDEX 078-065",,,,,,1962,,,porphyry_subset
10002176,Chill,61.48254,-153.053,United States,Alaska,,"Tin, Lead, Copper, Gold, Silver, Zinc",,,Prospect,53: Porphyry Cu85: Polymetallic veins,5|3: Porphyry Cu|8|5: Polymetallic veins,True,True,B,https://mrdata.usgs.gov/mrds/show-mrds.php?dep_id=10002176,A013073,,NA,M,Unknown,,,"Arsenopyrite, Chalcopyrite, Galena, Pyrite, Pyrrhotite, Sphalerite","Quartz, Tourmaline",,,,Quartz-tourmaline veining and sulfide-rich replacement.,,,,Travis L. Hudson,,Granite,,Granite,,,"Reed, B. L., and Lanphere, M. A., 1973, Alaska-Aleutian Range batholith--    Geochronology, chemistry, and relation to circum-Pacific plutonism: Geological Society of America Bulletin, v. 84, no. 8, p. 2583-2610.Gamble, B.M., Bailey, E. A., and Reed, B. L., 1989, Gold occurrences near Snowcap Mountain, Lime Hills B-2 quadrangle, Alaska: U.S. Geological Survey Open-File Report 89-0646, 8 p.Nokleberg, W.J., and others, 1994, Metallogeny and major mineral deposits of Alaska and Metallogenic map of significant metalliferous lode deposits and placer districts of Alaska, in Plafker, G. and Berg, H.C., eds., The Geology of Alaska: Boulder, Colorado, Geological Society of America: The Geology of North America, v. G1, p. 855-904 and v. G1, Plate 11, scale 1:2,500,000.Reed, B.L., and Elliott, R.L., 1970, Reconnaissance geologic map, analyses of bedrock and stream sediment samples, and an aeromagnetic map of parts of the southern Alaska Range: U.S. Geological Survey Open-File Report 70-217, 145 p., 1 sheet, scale 1:250,000. (Also published as U.S. Geological Survey Open-File Report 413).Cobb, E.H., and Reed, B.L., 1981, Summaries of data on and lists of references to metallic and selected nonmetallic mineral occurrences in the Iliamna, Lake Clark, Lime Hills, and McGrath quadrangles, Alaska; Supplement to Open-File Report 76-485; Part A, Summaries to January 1, 1981: U.S. Geological Survey Open-File Report 81-1343-A, 25 p.Cobb, E.H., 1976, Summary of references to mineral occurrences (other than mineral fuels and construction materials) in the Iliamna, Lake Clark, Lime Hills, and McGrath quadrangles, Alaska: U.S. Geological Survey Open-File Report 76-485, 101 p.Cobb, E.H., 1972, Metallic mineral resources map of the Lime Hills quadrangle, Alaska: U.S. Geological Survey Miscellaneous Field Studies Map MF-412, 1 sheet, scale 1:250,000.",,,,,,,,,porphyry_subset
10000680,Chute Creek,63.93964,-147.743,United States,Alaska,,"Gold, Silver",,,Past Producer,78: Porphyry Cu-Au,7|8: Porphyry Cu-Au,True,False,B,https://mrdata.usgs.gov/mrds/show-mrds.php?dep_id=10000680,A011304,,NA,M,Unknown,,,Pyrite,"Quartz, Sericite",,,,Phyllic.,,,,N. Van Wyck,Totatlanika Schist,Rhyolite,,Rhyolite,,,"Brooks, A.H., 1910, Mineral resources of Alaska, report on progress of investigations in 1909: U.S. Geological Survey Bulletin 442, 426 p.Capps, S.R., 1911, Mineral resources of the Bonnifield region: U.S. Geological Survey Bulletin 480-H, p. 218-235.Berg, H.C., and Cobb, E.H., 1967, Metalliferous Lode Deposits of Alaska. U.S. Geological Survey Bulletin 1246,    254 p.Wahrhaftig, Clyde, 1970, Geologic map of the Healy D-2 quadrangle: U.S. Geological Survey Geologic Quadrangle Map GQ-804, scale 1:63,360.Cobb, E.H., 1978, Summary of references to mineral occurrences (other than mineral fuels and construction materials) in the Healy quadrangle, Alaska: U.S. Geological Survey Open-File Report 78-1062, 113 p.Eakins, G.R., Bundtzen, T.K., Lueck, L.L. Green, C.B., Gallagher, J.L., and Robinson, M.S., 1985, Alaska mineral industry, 1984: Alaska Division of Geological and Geophysical Surveys Special Report 38, 57p.Cox, D.P., Light, T.D., Csejtey, Bela, Jr., and Campbell, D.L., 1989, Mineral resource assessment map of the Healy quadrangle, Alaska: U.S. Geological Survey Miscellaneous Field Studies Map, MF-2058-A, scale 1:250,000.Wilson, F.H., Dover, J.H., Bradley, D.C., Weber, F.R., Bundtzen, T.K., and Haeussler, P.J., 1998, Geologic map of central (interior) Alaska: U.S. Geological Survey Open-File Report 98-133, 17 p., 2 sheetsm, scale 1:500,000.Clark, A.L., and Cobb, E.H., 1972, Metallic mineral resources map of the Healy quadrangle, Alaska: U.S. Geological Survey Miscellaneous Field Studies Map MF-394, 1 sheet, scale 1:250,000.",,,,,,,,,porphyry_subset
10308208,Clark Bay,55.82925,-159.902,United States,Alaska,,Copper,"Zinc, Gold, Molybdenum, Silver",,Occurrence,53: Porphyry Cu78: Porphyry Cu-Au79: Porphyry Cu-Mo,5|3: Porphyry Cu|7|8: Porphyry Cu-Au|7|9: Porphyry Cu-Mo,True,True,B,https://mrdata.usgs.gov/mrds/show-mrds.php?dep_id=10308208,,,NA,,Unknown,,,"Chalcopyrite, Pyrite",,,,,,,,,S.H. Pilcher,,,,,,,"Christie, J.S., 1974, Aleut-Quintana-Duval 1974 joint venture, final report: Unpublished Quintana Minerals Corporation report, 24 p., 3 appendices, 2 maps. (Report held by the Aleut Corporation, Anchorage, Alaska.)Arbogast, B.F., Bailey, E.A., and Frisken, J.G., 1987, Analytical results and sample locality maps of stream sediment, heavy-mineral-concentrate, and rock samples from the Port Moller, Stepovak Bay, and Simeonof island quadrangles, Alaska: U.S. Geological Survey Open-File Report 87-502, 122 p., 2 sheets, scale 1:250,000.Wilson, F.H., White, W.H., and DuBois, G.D., 1988, Brief descriptions of mines, prospects, and mineral occurrences in the Port Moller and Stepovak Bay quadrangles, Alaska Peninsula: U.S. Geological Survey Open-File Report 88-666, 128 p., scale 1:250,000.Frisken, J.G., 1992, Interpretation of reconnaissance geochemical data from the Port Moller, Stepovak Bay, and Simeonof Island quadrangles, Alaska Peninsula, Alaska: U.S. Geological Survey Bulletin 1968, 47 p., 3 map sheets, scale 1:250,000.Wilson, F.H., Shew, N., DuBois, G.D., and Bie, S.W., 1994, Sample locality map and analytical data for potassium-argon ages in the Port Moller, Stepovak Bay and Simeonof Island quadrangles, Alaska Peninsula, Alaska: U.S. Geological Survey Miscellaneous Field Studies Map MF-2155-E, 18 p., 1 map sheet, scale 1:250,000.Wilson, F.H., Detterman, R.L., Miller, J. W., and Case, J.E., 1995, Geologic map of the Port Moller, Stepovak Bay, and Simeonof Island quadrangles, Alaska: U.S. Geological Survey Miscellaneous Investigation Series Map I-2272, 1 map sheet, scale 1:250,000.MacKevett, E.M., Jr., and Holloway, C.D., 1977, Map showing metalliferous mineral deposits in the western part of southern Alaska: U.S. Geological Survey Open-File Report 77-169-F, 38 p., 1 sheet, scale 1:1,000,000.",,,,,,,,,porphyry_subset
10000175,Cone Mountain,56.51365,-131.735,United States,Alaska,,Uranium,"Zinc, Lead",,Prospect,53: Porphyry Cu,5|3: Porphyry Cu,True,False,B,https://mrdata.usgs.gov/mrds/show-mrds.php?dep_id=10000175,A010211,,NA,M,Unknown,,,,,,,,,,,,H. C. Berg,,Granite,,Granite,,,"U.S. Geological Survey, 1979, Aeroradioactivity map of Cone Mountain, Alaska: U.S. Geological Survey Open-File Report 79-830, 1 sheet, scale 1:63,360.Elliott, R.L., and Koch, R.D., 1981, Mines, prospects, and selected metalliferous mineral occurrences in the Bradfield Canal quadrangle, Alaska: U.S. Geological Survey Open-File Report 81-728-B, 23 p., 1 sheet, scales 1:250,000 and 1:63,360.Koch, R.D., Elliott, R.L., and Rossiter, Richard, 1981, Total gamma ray intensities at ground stations in the Bradfield Canal quadrangle, southeastern Alaska: U.S. Geological Survey Open-File Report 81-840, 2 sheets, scale 1:250,000.Koch, R.D., 1996, Reconnaissance geologic map of the Bradfield Canal quadrangle, southeastern Alaska: U.S. Geological Survey Open-File Report 81-728-A, 35 p., 1 sheet, scale 1:250,000.Koch, R.D., 1997, Metalliferous mineral resource potential in the Bradfield Canal quadrangle, southeastern Alaska: U.S. Geological Survey Open-File Report 97-271, 57 p., 1 sheet, scale 1:250,000.Koch, R.D., and Elliott, R.L., 1981, Maps showing distribution and abundance of gold and silver in geochemical samples from Bradfield Canal quadrangle, southeastern Alaska: U.S. Geological Survey Open-File Report 81-728-C, 2 sheets, scale l:250,000.Koch, R.D., and Elliott, R.L., 1981, Maps showing distribution and abundance of beryllium in geochemical samples from Bradfield Canal quadrangle, southeastern Alaska: U.S. Geological Survey Open-File Report 81-728-I, 2 sheets, scale l:250,000.Koch, R.D., and Elliott, R.L., 1981, Maps showing distribution and abundance of copper in geochemical samples from Bradfield Canal quadrangle, southeastern Alaska: U.S. Geological Survey Open-File Report 81-728-D, 4 sheets, scale l:250,000.Koch, R.D., and Elliott, R.L., 1981, Maps showing distribution and abundance of zinc in geochemical samples from Bradfield Canal quadrangle, southeastern Alaska: U.S. Geological Survey Open-File Report 81-728-F, 4 sheets, scale l:250,000.Koch, R.D., and Elliott, R.L., 1981, Maps showing distribution and abundance of lead in geochemical samples from Bradfield Canal quadrangle, southeastern Alaska: U.S. Geological Survey Open-File Report 81-728-E, 4 sheets, scale l:250,000.Koch, R.D., and Elliott, R.L., 1981, Maps showing distribution and abundance of molybdenum in geochemical samples from Bradfield Canal quadrangle, southeastern Alaska: U.S. Geological Survey Open-File Report 81-728-G, 2 sheets, scale l:250,000.Koch, R.D., and Elliott, R.L., 1981, Maps showing distribution and abundance of niobium in geochemical samples from Bradfield Canal quadrangle, southeastern Alaska: U.S. Geological Survey Open-File Report 81-728-J, 2 sheets, scale l:250,000.Koch, R.D., and Elliott, R.L., 1981, Maps showing distribution and abundance of tin in geochemical samples from Bradfield Canal quadrangle, southeastern Alaska: U.S. Geological Survey Open-File Report 81-728-H, 2 sheets, scale l:250,000.Koch, R.D., and Elliott, R.L., 1981, Maps showing distribution and abundance of yttrium in geochemical samples from Bradfield Canal quadrangle, southeastern Alaska: U.S. Geological Survey Open-File Report 81-728-K, 2 sheets, scale l:250,000.",,,,,,,,,porphyry_subset
10307780,Copenhagen Hill,63.51449,-154.629,United States,Alaska,,Copper,"Gold, Silver",,Prospect,78: Porphyry Cu-Au,7|8: Porphyry Cu-Au,True,True,B,https://mrdata.usgs.gov/mrds/show-mrds.php?dep_id=10307780,,,NA,,Unknown,,,"Chalcopyrite, Pyrite","Quartz, Tourmaline",,,,Tourmaline.,,,,"Bundtzen, T.K.",,,,,,,"Andrews, Tom, 1978, Summary of Progress, Doyon Project, Mystery Mountains, (Block 10): Anchorage, Alaska, WGM Inc., 24 pages (Held by Doyon Ltd.,    as proprietary report 78-42).Moll, E.J., Silberman, M.L., and Patton, W.W. Jr., 1981, Chemistry, mineralogy, and K-Ar ages of igneous and metamorphic rocks of the Medfra quadrangle, Alaska: U.S. Geological Survey Open-File Report 80-811C, 15 p., 2 sheets, scale 1:250,000.DiMarchi, J.J., and Frantz, P.S., 1997, Annual Report for 1997-Doyon Option Lands, Block 10: ASA Inc.-Montague Gold Joint Venture Report, Volume II: Unpublished report, 189 p. (Report held by Doyon, Limited, Fairbanks, Alaska.)",,,,,,,,,porphyry_subset
10308209,Dent Point,55.84925,-159.792,United States,Alaska,,"Gold, Silver, Copper","Lead, Zinc, Molybdenum, Arsenic",,Occurrence,53: Porphyry Cu78: Porphyry Cu-Au79: Porphyry Cu-Mo,5|3: Porphyry Cu|7|8: Porphyry Cu-Au|7|9: Porphyry Cu-Mo,True,True,B,https://mrdata.usgs.gov/mrds/show-mrds.php?dep_id=10308209,,,NA,,Unknown,,,"Chalcopyrite, Galena, Gold, Molybdenite, Pyrite, Pyrrhotite, Sphalerite",Quartz,,,,"The rocks exhibit argillic, phyllic, and propylitic alteration.",,,,S.H. Pilcher,,,,,,,"Christie, J.S., 1974, Aleut-Quintana-Duval 1974 joint venture, final report: Unpublished Quintana Minerals Corporation report, 24 p., 3 appendices, 2 maps. (Report held by the Aleut Corporation, Anchorage, Alaska.)Hollister, V.F., 1978, Geology of the porphyry copper deposits of the Western Hemisphere; New York, Society of Mining Engineering, American Institute of Mining, Metallurgy, and Petroleum Engineers Incorporated, 218 p.Butherus, D.L, Gressitt, E.E., Pray, J., Corner, N.G., Lindberg, P.H., and Fankhauser, R.E., 1979, Exploration and evaluation of the Aleut Native Corporation lands; Volume III: Resource Associates of Alaska, 69 p. 90 sheets, various sacales. (Report held by the Aleut Native Corporation, Anchorage, Alaska.)Arbogast, B.F., Bailey, E.A., and Frisken, J.G., 1987, Analytical results and sample locality maps of stream sediment, heavy-mineral-concentrate, and rock samples from the Port Moller, Stepovak Bay, and Simeonof island quadrangles, Alaska: U.S. Geological Survey Open-File Report 87-502, 122 p., 2 sheets, scale 1:250,000.Wilson, F.H., White, W.H., and DuBois, G.D., 1988, Brief descriptions of mines, prospects, and mineral occurrences in the Port Moller and Stepovak Bay quadrangles, Alaska Peninsula: U.S. Geological Survey Open-File Report 88-666, 128 p., scale 1:250,000.Wilson, F.H., Shew, N., DuBois, G.D., and Bie, S.W., 1994, Sample locality map and analytical data for potassium-argon ages in the Port Moller, Stepovak Bay and Simeonof Island quadrangles, Alaska Peninsula, Alaska: U.S. Geological Survey Miscellaneous Field Studies Map MF-2155-E, 18 p., 1 map sheet, scale 1:250,000.Wilson, F.H., Detterman, R.L., Miller, J. W., and Case, J.E., 1995, Geologic map of the Port Moller, Stepovak Bay, and Simeonof Island quadrangles, Alaska: U.S. Geological Survey Miscellaneous Investigation Series Map I-2272, 1 map sheet, scale 1:250,000.Eakins, G.R., 1970, Mineralization near Stepovak Bay, Alaska Peninsula, Alaska: Alaska Division of Mines and Geology Special Report 4, 12 p.MacKevett, E.M., Jr., and Holloway, C.D., 1977, Map showing metalliferous mineral deposits in the western part of southern Alaska: U.S. Geological Survey Open-File Report 77-169-F, 38 p., 1 sheet, scale 1:1,000,000.",,,,,,,,,porphyry_subset
10308542,Eva,67.64971,-149.413,United States,Alaska,,Copper,"Gold, Silver",,Prospect,"58: Porphyry Cu, skarn-related","5|8: Porphyry Cu, skarn-related",True,True,B,https://mrdata.usgs.gov/mrds/show-mrds.php?dep_id=10308542,,,NA,M,Unknown,,,"Chalcopyrite, Magnetite, Pyrite",,,,,Propylitic and sericitic alteration of the meta-granodiorite and retrograde epidote/actinolite alteration of the skarns.,,,,J.M. Britton,,,,,,,"DeYoung, J.H., Jr., 1978, Mineral resources map of the Chandalar quadrangle, Alaska: U.S. Geological Survey Miscellaneous Field Studies Map MF-878-B, 2 sheets, scale 1:250,000.Cobb, E.H., and Cruz, E.L., 1983, Summaries of data and lists of references to metallic and selected nonmetallic mineral deposits in the Chandalar quadrangle, Alaska: U.S. Geological Survey Open-File Report 83-278, 91 p.Newberry, R.J., Dillon, J.T., and Adams, D.D., 1986, Regionally metamorphosed calc-silicate-hosted deposits of the Brooks Range, northern Alaska: Economic Geology, v. 81, p. 1728-1752Nicholson, L.M., 1990, Porphyry copper, copper skarn, and volcanogenic massive sulfide occurrences in the Chandalar copper district, Alaska: University of Alaska, Fairbanks, M.Sc. thesis, 164 p.Ventures Resource Corporation, 1998, 1997 Annual Report and Website (Worldwide Web URL http://www.venturesresource.com/).Newberry, R.J., Allegro, G.L., Cutler, S.E., Hagen-Levelle, D.D., Adams, D.D., Nicholson, L.C., Weglarz, T.B., Bakke, A.A., Clautice, K.H., Coulter, G.A., Ford, M.J., Myers, G.L., and Szumigala, D.J., 1997, Skarn deposits of Alaska, in Goldfarb, R.J., and Miller, L.D., eds., Mineral Deposits of Alaska: Economic Geology Monograph 9, p. 355-395.",,,,,,,,,porphyry_subset
10001396,Evelyn Lee,67.65972,-149.263,United States,Alaska,,"Copper, Gold, Silver",,,Prospect,"58: Porphyry Cu, skarn-related","5|8: Porphyry Cu, skarn-related",True,True,B,https://mrdata.usgs.gov/mrds/show-mrds.php?dep_id=10001396,A012138,,NA,M,Unknown,,,"Bornite, Chalcopyrite, Gold, Pyrite",,,,,Potassic and sericitic alteration in the meta-igneous rocks. Calc-silicate hornfels.,,,,J.M. Britton,Skajit Limestone,Marble,,Hornblendite,,,"Grybeck, D.J., 1977, Known mineral deposits of the Brooks Range, Alaska: US Geological Survey Open-File Report 77-166C, 41 p., 1 sheet, scale 1:1,000,000.DeYoung, J.H., Jr., 1978, Mineral resources map of the Chandalar quadrangle, Alaska: U.S. Geological Survey Miscellaneous Field Studies Map MF-878-B, 2 sheets, scale 1:250,000.Marsh, S.P., and Wiltse, M.A., 1978, Composite geochemical map showing major alteration zones, and detailed geologic maps of selected mineral prospects, Chandalar quadrangle, Alaska: U.S. Geological Survey Miscellaneous Field Studies Map MF-878-I, 1 sheet, scale 1:250,000.Adams, D.D., and Dillon, J.T., 1985, Geochemical investigations in the Chandalar C-5 and C-6 quadrangles, Alaska: Alaska Division of Geological and Geophysical Surveys Public-Data File 85-26, 37 p., 3 sheets, scale 1:63,360.    (Superseded by RI 88-15.)Newberry, R.J., Dillon, J.T., and Adams, D.D., 1986, Regionally metamorphosed calc-silicate-hosted deposits of the Brooks Range, northern Alaska: Economic Geology, v. 81, p. 1728-1752Nokleberg, W.J., Bundtzen, T.K., Berg, H.C., Brew, D.A., Grybeck, D.J., Robinson, M.S., Smith, T.E., and Yeend, W., 1987, Significant metalliferous lode deposits and placer districts of Alaska: U.S. Geological Survey Bulletin 1786, 104 p.Nokleberg, W.J., Bundtzen, T.K., Berg, H.C., Brew, D.A., Grybeck, Donald, Robinson, M.S., Smith, T.E., and Yeend, Warren, 1988, Metallogeny and major mineral deposits of Alaska: U.S. Geological Survey Open-File Report 88-73, 97 p., 2 plates, scale 1:5,000,000.Nokleberg, W.J., Bundtzen, T.K., Grybeck, D.J., Koch, R.D., Eremin, R.A., Rozenblum, I. S., Sidorov, A.A., Byalobzhesky, S.G., Sosunov, G.M., Shpikerman, V.I., Gorodinsky, M.E., 1993, Metallogenesis of mainland Alaska and the Russian Northeast: U.S. Geological Survey Open-File Report 93-0339, 3 sheets, 230 p.Ventures Resource Corporation, 1998, 1997 Annual Report and Website (Worldwide Web URL http://www.venturesresource.com/).Newberry, R.J., Allegro, G.L., Cutler, S.E., Hagen-Levelle, D.D., Adams, D.D., Nicholson, L.C., Weglarz, T.B., Bakke, A.A., Clautice, K.H., Coulter, G.A., Ford, M.J., Myers, G.L., and Szumigala, D.J., 1997, Skarn deposits of Alaska, in Goldfarb, R.J., and Miller, L.D., eds., Mineral Deposits of Alaska: Economic Geology Monograph 9, p. 355-395.Nokleberg, W.J., Bundtzen, T.K., Dawson, K.M., Eremin, R.A., Goryachev, N.A., Koch, R.D., Ratkin, V.V, Rozenblum, I.S., Shpikerman, V.I., Frolov, Y.F., Gorodinsky, M.E., Melnikov, V.D., Diggles, M.F., Ognyanov, N.V., Petrachenko, E.D., Petrochenko, R.I., Pozdeev, A.I., Ross, K.V., Wood, D.H., Grybeck, D., Khanchuck, A.I., Kovbas, L.I., Nekrasov, I.Y., and Sidorov, A.A., 1996, Significant metalliferous and selected non-metalliferous lode mineral deposits and placer districts, and for metallogenesis of the Russian Far East, Alaska, and the Canadian Cordillera: U.S. Geological Survey Open-File Report 96-513-B, 385 p.; U.S. Geological Survey Open-File Report 96-513-B, 385 p. (CD-ROM format).Maas, K.M., 1987, Maps summarizing land availability for mineral exploration and development in northern Alaska, 1986: U.S. Bureau of Mines Open-File Report 10-87, 33 quadrangle overlays.",,,,,,,,,porphyry_subset
10000686,Flaurier,63.23958,-149.613,United States,Alaska,,"Silver, Gold",Copper,,Prospect,"58: Porphyry Cu, skarn-related","5|8: Porphyry Cu, skarn-related",True,True,C,https://mrdata.usgs.gov/mrds/show-mrds.php?dep_id=10000686,A011311,,NA,M,Unknown,,,"Arsenopyrite, Chalcopyrite",Quartz,,,,,,,,N. Van Wyck,,Argillite,,Mafic Intrusive Rock,,,"Cobb, E.H., 1978, Summary of references to mineral occurrences (other than mineral fuels and construction materials) in the Healy quadrangle, Alaska: U.S. Geological Survey Open-File Report 78-1062, 113 p.Capps, S.R., 1919, Mineral resources of the upper Chulitna region: U.S. Geological Survey Bulletin 692-D, p. 207-232.",,,,,,,,,porphyry_subset
10001674,Foot Bay,56.04734,-158.771,United States,Alaska,,Copper,"Gold, Molybdenum, Silver",,Occurrence,53: Porphyry Cu79: Porphyry Cu-Mo,5|3: Porphyry Cu|7|9: Porphyry Cu-Mo,True,True,C,https://mrdata.usgs.gov/mrds/show-mrds.php?dep_id=10001674,A012453,,NA,M,Unknown,,,"Chalcopyrite, Molybdenite, Pyrite",,,,,,,,,S.H. Pilcher,Hoodoo Formation;Hoodoo Formation,Sandstone,,Tonalite,,,"Fields, E.D., 1977, 1976 Annual report: Alaska search, Chignik area-Bristol Bay region: Bear Creek Mining Company, 44 p., 22 map sheets. (Report held by the Aleut Corporation, Anchorage, Alaska.)",,,,,,,,,porphyry_subset
10308093,Four Bear,55.60623,-161.102,United States,Alaska,,"Zinc, Lead, Copper, Gold, Silver","Arsenic, Mercury",,Prospect,53: Porphyry Cu78: Porphyry Cu-Au,5|3: Porphyry Cu|7|8: Porphyry Cu-Au,True,True,B,https://mrdata.usgs.gov/mrds/show-mrds.php?dep_id=10308093,,,NA,,Unknown,,,"Pyrite, Sphalerite","Calcite, Opal, Quartz, Tourmaline",,,,"Alteration ranges from propylitic to argillic to sericitic, along with local silicification.",,Pmrgx-28,,S.H. Pilcher,,,,,,,"Trujillo, R.S., Farnham, S., and Anderson, G.,1983, Exploration and evaluation of precious metal potential of the Aleut Corporation 14(h)8 lands, southwest Alaska: Resource Associates of Alaska report, 25 p., 11 map sheets, various scales. (Report held by the Aleut Corporation, Anchorage, Alaska.)Freeport Exploration Company, 1985, 1984 report of activities, Canoe Bay joint venture: Freeport Exploration Company, 25 p. (Report held by the Aleut Corporation, Anchorage, Alaska.)Angeloni, L.M., Wilson, F.H., and Sutlet, S., 1985, Map and tables showing preliminary rock geochemical data, Port Moller, Stepovak Bay, and Simeonof Island quadrangles, Alaska: U.S. Geological Survey Open-File Report 85-470, 179 p., 1 map sheet, scale 1:250,000.Wilson, F.H., White, W.H., and DuBois, G.D., 1988, Brief descriptions of mines, prospects, and mineral occurrences in the Port Moller and Stepovak Bay quadrangles, Alaska Peninsula: U.S. Geological Survey Open-File Report 88-666, 128 p., scale 1:250,000.Wilson, F.H., Detterman, R.L., Miller, J. W., and Case, J.E., 1995, Geologic map of the Port Moller, Stepovak Bay, and Simeonof Island quadrangles, Alaska: U.S. Geological Survey Miscellaneous Investigation Series Map I-2272, 1 map sheet, scale 1:250,000.",,,,,,,,,porphyry_subset
10307782,Frozen Creek,63.53149,-154.516,United States,Alaska,,"Copper, Gold",Silver,,Prospect,78: Porphyry Cu-Au,7|8: Porphyry Cu-Au,True,True,B,https://mrdata.usgs.gov/mrds/show-mrds.php?dep_id=10307782,,,NA,,Unknown,,,"Chalcopyrite, Pyrite, Pyrrhotite","Magnetite, Tourmaline",,,,Sericite and secondary biotite in pluton.,,,,"Bundtzen, T.K.",,,,,,,"Andrews, Tom, 1978, Summary of Progress, Doyon Project, Mystery Mountains, (Block 10): Anchorage, Alaska, WGM Inc., 24 pages (Held by Doyon Ltd.,    as proprietary report 78-42).Moll, E.J., Silberman, M.L., and Patton, W.W. Jr., 1981, Chemistry, mineralogy, and K-Ar ages of igneous and metamorphic rocks of the Medfra quadrangle, Alaska: U.S. Geological Survey Open-File Report 80-811C, 15 p., 2 sheets, scale 1:250,000.Clautice, K.H., Bowman, N.D., Clough, J.G., Gilbert, W.G., Kline, J.T., Smith, T.E., and Blodgett, R.B., 1993, Land selection Unit 8 (Kantishna River, Ruby, and Medfra quadrangles): References, lead isotope, geochemical and major oxide data: Alaska Division of Geological and Geophysical Surveys, 42 p., 1 sheet, scale 1:250,000.DiMarchi, J.J., and Frantz, P.S., 1997, Annual Report for 1997-Doyon Option Lands, Block 10: ASA Inc.-Montague Gold Joint Venture Report, Volume II: Unpublished report, 189 p. (Report held by Doyon, Limited, Fairbanks, Alaska.)",,,,,,,,,porphyry_subset
10001397,Geroe Creek,67.67973,-148.813,United States,Alaska,,"Molybdenum, Copper",,,Prospect,79: Porphyry Cu-Mo,7|9: Porphyry Cu-Mo,True,True,B,https://mrdata.usgs.gov/mrds/show-mrds.php?dep_id=10001397,A012140,,NA,M,Unknown,,,"Chalcopyrite, Molybdenite","Chlorite, Quartz, Sericite",,,,Seritization and propylitization of porphyritic host rocks; quartz-sericite-chlorite plus or minus epidote; calcite.,,MAS claims,,J.M. Britton,,Granite,Geroe Creek Pluton,"Diorite,Granite",,,"U.S. Bureau of Mines, 1973, Alaska 1:250,000-scale quadrangle map overlays showing mineral deposit locations, principal minerals, and number and type of claims: U.S. Bureau of Mines Open-File Report 20-73, 95 overlays (updated in 1986, 1987).Grybeck, D.J., 1977, Known mineral deposits of the Brooks Range, Alaska: US Geological Survey Open-File Report 77-166C, 41 p., 1 sheet, scale 1:1,000,000.DeYoung, J.H., Jr., 1978, Mineral resources map of the Chandalar quadrangle, Alaska: U.S. Geological Survey Miscellaneous Field Studies Map MF-878-B, 2 sheets, scale 1:250,000.Arctic Environmental Information and Data Center, 1982, Mineral terranes of Alaska: University of Alaska, Fairbanks, 7 sheets, scale 1:1,000,000.Bundtzen, T.K., Eakins, G.R., and Conwell, C.N., 1982, Review of Alaska mineral resources 1981: Alaska Division of Geological and Geophysical Surveys Annual Report 1981, 48 p., 2 sheets, scale 1:3,000,000.Bundtzen, T.K., Eakins, G.R., and Conwell, C.N., 1982, Alaska mineral resources 1981-82: Alaska Division of Geological and Geophysical Surveys Annual Report 1981-82, 153 p., 4 sheets, scale 1:2,500,000.Eakins, G.R., Bundtzen, T.K., Robinson, M.S., Clough, J.G., Green, C.B., Clautice, K.H., and Albanese M.A., 1983, Alaska's mineral industry, 1982, Alaska Division of Geological and Geophysical Surveys Special Report 31, 63 p.Newberry, R.J., Dillon, J.T., and Adams, D.D., 1986, Regionally metamorphosed calc-silicate-hosted deposits of the Brooks Range, northern Alaska: Economic Geology, v. 81, p. 1728-1752Nokleberg, W.J., Bundtzen, T.K., Berg, H.C., Brew, D.A., Grybeck, D.J., Robinson, M.S., Smith, T.E., and Yeend, W., 1987, Significant metalliferous lode deposits and placer districts of Alaska: U.S. Geological Survey Bulletin 1786, 104 p.Maas, K.M., 1987, Maps summarizing land availability for mineral exploration and development in northern Alaska, 1986: U.S. Bureau of Mines Open-File Report 10-87, 33 sheets.Nokleberg, W.J., Bundtzen, T.K., Berg, H.C., Brew, D.A., Grybeck, Donald, Robinson, M.S., Smith, T.E., and Yeend, Warren, 1988, Metallogeny and major mineral deposits of Alaska: U.S. Geological Survey Open-File Report 88-73, 97 p., 2 plates, scale 1:5,000,000.Nokleberg, W.J., Bundtzen, T.K., Grybeck, D.J., Koch, R.D., Eremin, R.A., Rozenblum, I. S., Sidorov, A.A., Byalobzhesky, S.G., Sosunov, G.M., Shpikerman, V.I., Gorodinsky, M.E., 1993, Metallogenesis of mainland Alaska and the Russian Northeast: U.S. Geological Survey Open-File Report 93-0339, 3 sheets, 230 p.Young, L.E., St. George, P., and Bouley, B., 1997, Porphyry copper deposits in relation to the magmatic history and palinspastic restoration of Alaska, in Goldfarb, R.J., and Miller, L.D., (eds.), Mineral deposits of Alaska: Economic Geology Monograph 9, p. 306-333.",,,,,,,,,porphyry_subset
10000727,"Gold Hill, Su",63.09962,-147.74,United States,Alaska,,"Copper, Gold",Molybdenum,,Prospect,78: Porphyry Cu-Au,7|8: Porphyry Cu-Au,True,True,B,https://mrdata.usgs.gov/mrds/show-mrds.php?dep_id=10000727,A011366,,NA,M,Unknown,,,"Chalcopyrite, Molybdenite, Pyrite","Quartz, Sericite",,,,Phyllic and propyllitic.,,,,N. Van Wyck,,,,,,,"Balen, M.D., 1990, Geochemical sampling results from the Bureau of Mines Investigations in the Valdez Creek mining district, Alaska: U.S. Bureau of Mines Open-File Report 34-90, 218 p., 2 plates, scale 1:250,000.Balen, M.D., and others, 1991, Executive summary of the Bureau of Mines investigations in the Valdez Creek mining district, Alaska: U.S. Bureau of Mines Special Publication, 43 p.Kurtak, J.M., Southworth, D.D., Balen, M.D., and Clautice, K.H., 1992, Mineral investigations in the Valdez Creek mining district, south-central Alaska: U.S. Bureau of Mines Open-File Report 1-92, 659 p., 2 plates, scale 1:250,000.Wilson, F.H., Dover, J.H., Bradley, D.C., Weber, F.R., Bundtzen, T.K., and Haeussler, P.J., 1998, Geologic map of central (interior) Alaska: U.S. Geological Survey Open-File Report 98-133, 17 p., 2 sheetsm, scale 1:500,000.Smith, T.E., Kline, G.L., Kline, J.T., and Coursey, N.D., 1975, Analyses of rock and stream-sediment samples, Healy A-2 quadrangle, south-central Alaska: Alaska Division of Geological and Geophysical Surveys Open-File Report AOF69, 2 sheets, scale 1:63,360.",,,,,,,,,porphyry_subset
10001420,Grizzly Bear,62.9885,-147.884,United States,Alaska,,Copper,"Tungsten, Gold",,Prospect,78: Porphyry Cu-Au85: Polymetallic veins273: Low-sulfide Au-quartz vein,7|8: Porphyry Cu-Au|8|5: Polymetallic veins|2|7|3: Low-sulfide Au-quartz vein,True,True,C,https://mrdata.usgs.gov/mrds/show-mrds.php?dep_id=10001420,A012166,,NA,M,Unknown,,,Chalcopyrite,,,,,Silicification; iron oxide,,Grizzly,,"Riehle, J.",,,,,,,"Csejtey, Bela, Jr., and Miller, R.J., 1978, Map and table describing metalliferous and selected nonmetalliferous mineral deposits in the Talkeetna Mountains quadrangle, Alaska: U.S. Geological Survey Open-File Report 78-558-B, 20 p., 1 plate, scale 1:250,000.Singer, D.A., Csejtey, Bela, Jr., and Miller, R.J., 1978, Map and discussion of the metalliferous and selected nonmetalliferous mineral resources of the Talkeetna Mountains quadrangle, Alaska: U.S. Geological Survey Open-file Report 78-588-Q, 33 p., 1 plate, scale 1:250,000.Cobb, E.H., and Csejtey, Bela, Jr., 1980, Summaries of data on and lists of references to metallic and selected nonmetallic mineral deposits in the Talkeetna Mountains quadrangle, Alaska: U.S. Geological Survey Open-File Report 80-716, 63 p.Kurtak, J.M., Southworth, D.D., Balen, M.D., and Clautice, K.H., 1992, Mineral investigations in the Valdez Creek mining district, south-central Alaska: U.S. Bureau of Mines Open-File Report 1-92, 659 p., 2 plates, scale 1:250,000.MacKevett, E.M., Jr., and Holloway, C.D., 1977, Map showing metalliferous and selected non-metalliferous mineral deposits in the eastern part of southern Alaska: U.S. Geological Survey Open-File Report 77-169-A, 99 p., 1 sheet, scale 1:1,000,000.",,,,,,,,,porphyry_subset
10003614,Gull,60.28943,-154.243,United States,Alaska,,Gold,"Copper, Lead",,Prospect,78: Porphyry Cu-Au,7|8: Porphyry Cu-Au,True,True,C,https://mrdata.usgs.gov/mrds/show-mrds.php?dep_id=10003614,A106372,,NA,M,Unknown,,,,,,,,Unknown,,,,D.P. Bickerstaff,,,,,,,"U.S. Bureau of Mines, 1973, Alaska 1:250,000-scale quadrangle map overlays showing mineral deposit locations, principal minerals, and number and type of claims: U.S. Bureau of Mines Open-File Report 20-73, 95 overlays (updated in 1986, 1987).MacKevett, E.M., Jr., and Holloway, C.D., 1977, Map showing metalliferous mineral deposits in the western part of southern Alaska: U.S. Geological Survey Open-File Report 77-169-F, 38 p., 1 sheet, scale 1:1,000,000.",,,,,,,,,porphyry_subset
10000779,Horsfeld,62.04401,-141.218,United States,Alaska,,Copper,"Silver, Gold, Molybdenum",,Prospect,53: Porphyry Cu79: Porphyry Cu-Mo,5|3: Porphyry Cu|7|9: Porphyry Cu-Mo,True,True,B,https://mrdata.usgs.gov/mrds/show-mrds.php?dep_id=10000779,A011422,,NA,M,Unknown,,,"Chalcopyrite, Magnetite, Pyrite","Actinolite, Quartz","Bornite, Molybdenite, Orthoclase",,,"Argillic, propylitic. Central altered zone 200 m by 700 m characterized by K-feldspar, actinolite and magnetite.",,Horsfall,,"Elliott, R.L., Nokleberg, W.J., Travis L. Hudson, Leonard, K.R., Carnes, R. David, W.J.; Richter, D.H.",Klein Creek Batholith;Klein Creek Batholith,Diorite,Klein Creek Batholith;,Diorite,,,"Richter, D.H., Singer, D.A., and Cox, D.P., 1975, Mineral resources map of the Nabesna quadrangle, Alaska: U.S. Geological Survey Miscellaneous Field Studies Map MF-655-K, scale 1:250,000.Richter, D.H., Matson, N.A., Jr., and Smoll, H.R., 1973, Reconnaissance geologic map of the Nabesna A-1 quadrangle, Alaska: U.S. Geological Survey Miscellaneous Investigations Series Map 1-807, scale 1:63,360.Hollister, V.F., Anzalone, S.A., and Richter, D.H., 1975, Porphyry copper belts of southern Alaska and contiguous Yukon Territory: CIM (Canadian Mining and Metallurgical) Bulletin, v. 68, no. 756, p. 104-112.Richter, D.H., Lanphere, M.A., and Matson, N.A., Jr., 1975, Granite plutonism and metamorphism, eeastern Alaska Range, Alaska: Geological Society of American Bulletin, v. 86, p. 819-820.Matson, N.A., Jr., and Richter, D.H., 1971, Geochemical data from the Nabesna A-1 quadrangle, Alaska: U.S. Geological Survey Open-File Report 71-0202, 10 p.Cobb, E.H., and Richter, D.H., 1980, Summaries of data on and list of references to metallic and selected nonmetallic mineral deposits in the Nabesna quadrangle, Alaska: U.S. Geological Survey Open-File Report 80-927, 117 p.Richter, D.H., and Matson, N.A., Jr., comps., 1972, Metallic mineral resources map of the Nabesna Quadrangle, Alaska: U.S. Geological Survey Miscellaneous Field Studies 422, 1 sheet, scale 1:250,000.MacKevett, E.M., Jr., and Holloway, C.D., 1977, Map showing metalliferous and selected nonmetalliferous mineral deposits in the eastern part of southern Alaska: U.S. Geological Survey Open-File Report 77-169-A, 99 p., 1 sheet, scale 1:1,000,000.Engineering & Mining Journal 7905, p.83, No. 144MTA 82 No. E-55Matson, N.A., and Richter, D.H., 1971, Geochemical data from the Nabesna A-1 quadrangle, Alaska: U.S. Geological Survey Open-File Report 71-0202, 10 p.Alaska Kardex 078-106Primary reference = Richter, D.H., Singer, D.A., and Cox, D.P., 1975, Mineral resources map of the Nabesna quadrangle, Alaska: U.S. Geological Survey Miscellaneous Field Studies Map MF-655-K, 1 sheet, scale 1:250,000.Engineering & Mining Journal 7905, p. 83",,,,,,,,,porphyry_subset
10003270,Humpback Bay,53.76577,-166.936,United States,Alaska,,"Gold, Copper",,,Occurrence,53: Porphyry Cu,5|3: Porphyry Cu,True,True,C,https://mrdata.usgs.gov/mrds/show-mrds.php?dep_id=10003270,A106013,,NA,M,Unknown,,,,"Chlorite, Pyrite",,,,Description suggests propylitic and possibly some argillic alteration; chlorite is the only phase explicitly mentioned.  Moderate leaching of some phase (presumably pyrite?) was reported.,,,,"F.H. Wilson, Damon Bickerstaff",,,,,,,"Christie, J.S., 1974, Aleut-Quintana-Duval 1974 joint venture, final report:  Unpublished Quintana Minerals Corporation report, 24 p., 3 appendices, 2 maps. (Report held by the Aleut Corporation, Anchorage, Alaska.)",,,,,,,,,porphyry_subset
10001449,Ihly,62.72151,-149.542,United States,Alaska,,"Silver, Lead",Gold,,Prospect,78: Porphyry Cu-Au85: Polymetallic veins,7|8: Porphyry Cu-Au|8|5: Polymetallic veins,True,False,B,https://mrdata.usgs.gov/mrds/show-mrds.php?dep_id=10001449,A012198,,NA,M,Unknown,,,"Chalcopyrite, Galena, Pyrargyrite, Pyrite",Quartz,,,,Dike rock is altered.,,,,"Riehle, J.",,,,,,,"Berg, H.C., and Cobb, E.H., 1967, Metalliferous Lode Deposits of Alaska. U.S. Geological Survey Bulletin 1246,  254 p.Cobb, E.H., 1972, Metallic mineral resources map of the Talkeetna Mountains quadrangle, Alaska: U.S. Geological Survey Miscellaneous Field Studies Map MF-370, 1 sheet, scale 1:250,000.Karlson, R.C., Curtin, G.C., Cooley, E.F., and Garmezy, Larry, 1977, Geochemical maps of selected elements and results of spectrographic analyses for heavy-mineral concentrates from the western half of the Talkeetna Mountains quadrangle, Alaska: U.S. Geological Survey Open-File Report 77-530, 7 p., 5 plates, scale 1:250,000.Csejtey, Bela, Jr., and Miller, R.J., 1978, Map and table describing metalliferous and selected nonmetalliferous mineral deposits in the Talkeetna Mountains quadrangle, Alaska: U.S. Geological Survey Open-File Report 78-558-B, 20 p., 1 plate, scale 1:250,000.Singer, D.A., Csejtey, Bela, Jr., and Miller, R.J., 1978, Map and discussion of the metalliferous and selected nonmetalliferous mineral resources of the Talkeetna Mountains quadrangle, Alaska: U.S. Geological Survey Open-file Report 78-588-Q, 33 p., 1 plate, scale 1:250,000.Cobb, E.H., and Csejtey, Bela, Jr., 1980, Summaries of data on and lists of references to metallic and selected nonmetallic mineral deposits in the Talkeetna Mountains quadrangle, Alaska: U.S. Geological Survey Open-File Report 80-716, 63 p.Kurtak, J.M., Southworth, D.D., Balen, M.D., and Clautice, K.H., 1992, Mineral investigations in the Valdez Creek mining district, south-central Alaska: U.S. Bureau of Mines Open-File Report 1-92, 659 p., 2 plates, scale 1:250,000.MacKevett, E.M., Jr., and Holloway, C.D., 1977, Map showing metalliferous and selected non-metalliferous mineral deposits in the eastern part of southern Alaska: U.S. Geological Survey Open-File Report 77-169-A, 99 p., 1 sheet, scale 1:1,000,000.",,,,,,,,,porphyry_subset
10001145,Indian,62.81968,-144.223,United States,Alaska,,"Lead, Copper, Gold, Silver",,,Prospect,53: Porphyry Cu,5|3: Porphyry Cu,True,True,B,https://mrdata.usgs.gov/mrds/show-mrds.php?dep_id=10001145,A011838,,NA,M,Unknown,,,"Azurite, Chalcopyrite, Galena, Malachite, Pyrite, Tetrahedrite","Calcite, Quartz",,,,,,Blue Ridge,,"Hawley, C.C., W.T. Ellis, W.J. Nokleberg",,Quartz Monzonite,Ahtell Pluton,Quartz Monzonite,,,"Moffit, F.H., 1932, The Slana District, upper Copper River region: U.S. Geological Survey Bulletin 824, p. 111-124.Thorne, R.L., 1946, Exploration of argentiferous lead-copper deposits of the Slana district, Alaska: U.S. Bureau of Mines Report of Investigations 3940, 9 p.Wedow, Helmuth, Jr., 1953, Preliminary summary of reconnaissance for uranium and thorium in Alaska, 1952: U.S. Geological Survey Circular 248, 15 p.Nelson, A.E., West, W.S., and Matsko, J.J., 1954, Reconnaissance for radioactive deposits in eastern Alaska: U.S. Geological Survey Circular 348, 21 p.Richter, D.H., 1966, Geology of the Slana district on south-central Alaska: Alaska Division of Geological and Geophysical Surveys Geological Report 2l, 36b p., 3 sheets, scale 1:63,360.Cobb, E.H., 1979, Summary of references to mineral occurrences (other than mineral fuels and construction materials) in the Gulkana quadrangle, Alaska: U.S. Geological Survey Open-File Report 79-1247, 36 p.Richter, D.H., and Matson, N.A., Jr., 1972, Metallic mineral resources map of the Gulkana quadrangle, Alaska: U.S. Geological Survey Miscellaneous Field Studies Map MF-419, 1 sheet,  scale 1:250,000.MacKevett, E.M., Jr., and Holloway, C.D., 1977, Map showing metalliferous and selected non-metalliferous mineral deposits in the eastern part of southern Alaska: U.S. Geological Survey Open-File Report 77-169-A, 99 p., 1 sheet, scale 1:1,000,000.",,,,,,,,,porphyry_subset
10002211,Inspiration Point,59.59976,-135.162,United States,Alaska,,"Lead, Silver","Gold, Zinc, Copper",,Prospect,"58: Porphyry Cu, skarn-related72: Polymetallic replacement","5|8: Porphyry Cu, skarn-related|7|2: Polymetallic replacement",True,True,B,https://mrdata.usgs.gov/mrds/show-mrds.php?dep_id=10002211,A013112,,NA,M,Unknown,,,Galena,,,,,Skarn peripheral to a diorite intrusion.,,Inspiration Mine,,T.C. Crafford,,,,,,,"Smith, P.S., 1929, Mineral industry of Alaska in 1926: U.S. Geological Survey Bulletin 797, p. 1-50.Herbert, C.F., and Race, W.H., 1964, Geochemical investigations of selected areas in southeastern Alaska, 1964: Alaska Division of Mines and Minerals Geochemical Report 1, 75 p.Berg, H.C., and Cobb, E.H., 1967, Metalliferous Lode Deposits of Alaska. U.S. Geological Survey Bulletin 1246,  254 p.Cobb, E.H., 1972, Metallic mineral resources map of the Skagway quadrangle, Alaska: U.S. Geological Survey Miscellaneous Field Studies Map MF-424, 1 sheet, scale 1:250,000.Cobb, E.H., 1978, Summary of references to mineral occurrences (other than mineral fuels and construction materials) in the Mt. Fairweather and Skagway quadrangles, Alaska: U.S. Geological Survey Open-File Report 78-316, 123 p.Berg, H.C., 1984, Regional geologic summary, metallogenesis, and mineral resources of southeastern Alaska: U.S. Geological Survey Open-file Report 84-572,  298 p., 1 plate, scale approx. 1:600,000.Clough, A.H., 1991?, Bureau of Mines mineral investigations in the Juneau mining district, Alaska, 1984-1988, v. 2, Detailed mine, prospect, and mineral occurrence descriptions, section E, Coast Range subarea: U.S. Bureau of Mines of Mines Special Publication, 44 p.Gilbert, W.G., Clough, A.H., Burns, L.E., Kline, J.T., Redman, E.C., and Fogels, E.J., 1990, Reconnaissance geology and geochemistry of the northeast Skagway Quadrangle, Alaska: Alaska Division of Geological and Geophysical Surveys Report of Investigations 90-5, 2 sheets, scale 1:125,000.Gilbert, W.G., Clough, A.H., Burns, L.E., Kline, J.T., Redman, E.C., and Fogels, E.J., 1990, Reconnaissance geology and geochemistry of the northeast Skagway quadrangle, Alaska: Alaska Division of Geological and Geophysical Surveys Report of Investigations 90-5, 2 sheets, scale 1:125,000.Smith, P.S., 1930, Mineral industry of Alaska in 1927: U.S. Geological Survey Bulletin 810-A, p. 1-64.",,,,,,,,,porphyry_subset
10308207,Ivanof,55.88726,-159.422,United States,Alaska,,"Molybdenum, Copper, Gold, Silver","Zinc, Lead, Arsenic",,Prospect,53: Porphyry Cu78: Porphyry Cu-Au79: Porphyry Cu-Mo,5|3: Porphyry Cu|7|8: Porphyry Cu-Au|7|9: Porphyry Cu-Mo,True,True,B,https://mrdata.usgs.gov/mrds/show-mrds.php?dep_id=10308207,,,NA,,Unknown,,,"Arsenopyrite, Bornite, Chalcopyrite, Covellite, Gold, Molybdenite, Pyrite, Pyrrhotite",Quartz,,,,"According to Fields (1977), the alteration exhibits a zonal pattern with a central potassic core surrounded by a phyllic zone and an outer propylitic zone. Farnstrom (1991) describes sericitic (phyllic) alteration that is related in part to mineralization.",,Kawisgag,,S.H. Pilcher,,,,,,,"Fields, E.D., 1977, 1976 Annual report: Alaska search, Chignik area-Bristol Bay region: Bear Creek Mining Company, 44 p., 22 map sheets. (Report held by the Aleut Corporation, Anchorage, Alaska.)Hollister, V.F., 1978, Geology of the porphyry copper deposits of the Western Hemisphere; New York, Society of Mining Engineering, American Institute of Mining, Metallurgy, and Petroleum Engineers Incorporated, 218 p.Moller, S.A., Bernt, J., Farnstrom, H., Troupe, W., and Hanneman, N., 1982, Exploration and evaluation of precious metal potential of Bristol Bay Native Corporation lands, southwest Alaska: Resource Associates of Alaska, 49 p. (Report held by Alaska Earth Sciences, Anchorage, Alaska.)Angeloni, L.M., Wilson, F.H., and Sutlet, S., 1985, Map and tables showing preliminary rock geochemical data, Port Moller, Stepovak Bay, and Simeonof Island quadrangles, Alaska: U.S. Geological Survey Open-File Report 85-470, 179 p., 1 map sheet, scale 1:250,000.Nokleberg, W.J., Bundtzen, T.K., Berg, H.C., Brew, D.A., Grybeck, D.J., Robinson, M.S., Smith, T.E., and Yeend, W., 1987, Significant metalliferous lode deposits and placer districts of Alaska: U.S. Geological Survey Bulletin 1786, 104 p.Green, C.B., Bundtzen, T.K., Peterson, R.J., Seward, A.F., Deagan, J.R., and Burton, J.E., 1989, Alaska's Mineral Industry, 1988, Alaska Division of Geological and Geophysical Surveys Special Report 43, 79 p.Wilson, F.H., White, W.H., and DuBois, G.D., 1988, Brief descriptions of mines, prospects, and mineral occurrences in the Port Moller and Stepovak Bay quadrangles, Alaska Peninsula: U.S. Geological Survey Open-File Report 88-666, 128 p., scale 1:250,000.Frisken, J.G., 1992, Interpretation of reconnaissance geochemical data from the Port Moller, Stepovak Bay, and Simeonof Island quadrangles, Alaska Peninsula, Alaska: U.S. Geological Survey Bulletin 1968, 47 p., 3 map sheets, scale 1:250,000.Wilson, F.H., Shew, N., DuBois, G.D., and Bie, S.W., 1994, Sample locality map and analytical data for potassium-argon ages in the Port Moller, Stepovak Bay and Simeonof Island quadrangles, Alaska Peninsula, Alaska: U.S. Geological Survey Miscellaneous Field Studies Map MF-2155-E, 18 p., 1 map sheet, scale 1:250,000.Wilson, F.H., Detterman, R.L., Miller, J. W., and Case, J.E., 1995, Geologic map of the Port Moller, Stepovak Bay, and Simeonof Island quadrangles, Alaska: U.S. Geological Survey Miscellaneous Investigation Series Map I-2272, 1 map sheet, scale 1:250,000.Young, L.E., St. George, P., and Bouley, B., 1997, Porphyry copper deposits in relation to the magmatic history and palinspastic restoration of Alaska, in Goldfarb, R.J., and Miller, L.D., (eds.), Mineral deposits of Alaska: Economic Geology Monograph 9, p. 306-333.Farnstrom, H.E., 1991, Ivanof Project, 1990 final report: Cominco Alaska, 12 p. (Report held by Alaska Earth Sciences, Inc., Anchorage, Alaska .)MacKevett, E.M., Jr., and Holloway, C.D., 1977, Map showing metalliferous mineral deposits in the western part of southern Alaska: U.S. Geological Survey Open-File Report 77-169-F, 38 p., 1 sheet, scale 1:1,000,000.",,,,,,,,,porphyry_subset
10308370,J-26,63.98173,-143.284,United States,Alaska,,"Molybdenum, Copper","Zinc, Lead, Gold, Silver",,Prospect,79: Porphyry Cu-Mo,7|9: Porphyry Cu-Mo,True,True,C,https://mrdata.usgs.gov/mrds/show-mrds.php?dep_id=10308370,,,NA,,Unknown,,,,Quartz,,,,"The alteration consists of widespread propylitic alteration and localized silica alteration and skarn (DiMarchi and others, 1989).",,"June 26, July 26",,"Cameron, C.E.",,,,,,,"Foster, H.L., 1970, Reconnaissance geologic map of the Tanacross quadrangle, Alaska:  U.S. Geological Survey Miscellaneous Geological Investigations Map I-593, 1 sheet, scale 1:250,000.DiMarchi, J.J., Flanders, R.W., Freeman, L.K., Puchner, C.K., Rohtert, W.R., Stubbs, G.S., and Tolbert, R.S., 1989, 1989 annual report, Alaska field operations, volume 1:  Central Alaska Exploration Corporation, 203 p.  (Report held by Doyon, Limited, Fairbanks, Alaska.)Doyon, Limited, 1998, Veta Prospects 1997 Volume 1: Fairbanks, Alaska, Doyon, Limited., unpublished report 98-10, 256 p.  (Report held by Doyon, Limited, Fairbanks, Alaska.)",,,,,,,,,porphyry_subset
10002171,Jimmy Lake,61.73337,-153.201,United States,Alaska,,"Silver, Zinc, Lead, Molybdenum, Copper",,,Occurrence,79: Porphyry Cu-Mo85: Polymetallic veins,7|9: Porphyry Cu-Mo|8|5: Polymetallic veins,True,True,B,https://mrdata.usgs.gov/mrds/show-mrds.php?dep_id=10002171,A013068,,NA,M,Unknown,,,"Arsenopyrite, Chalcopyrite, Galena, Molybdenite, Sphalerite","Albite, Fluorite, Kaolinite, Quartz, Sericite",,,,Granite locally replaced by quartz-sericite-kaolinite-albite assemblages.,,,,Travis L. Hudson,,Granite,Styx River Batholith,Granite,,,"Gamble, B.M., Bailey, E. A., and Reed, B. L., 1989, Gold occurrences near Snowcap Mountain, Lime Hills B-2 quadrangle, Alaska: U.S. Geological Survey Open-File Report 89-0646, 8 p.Reed, B.L., and Elliott, R.L., 1970, Reconnaissance geologic map, analyses of bedrock and stream sediment samples, and an aeromagnetic map of parts of the southern Alaska Range: U.S. Geological Survey Open-File Report 70-217, 145 p., 1 sheet, scale 1:250,000. (Also published as U.S. Geological Survey Open-File Report 413).Cobb, E.H., and Reed, B.L., 1981, Summaries of data on and lists of references to metallic and selected nonmetallic mineral occurrences in the Iliamna, Lake Clark, Lime Hills, and McGrath quadrangles, Alaska; Supplement to Open-File Report 76-485; Part A, Summaries to January 1, 1981: U.S. Geological Survey Open-File Report 81-1343-A, 25 p.Cobb, E.H., 1972, Metallic mineral resources map of the Lime Hills quadrangle, Alaska: U.S. Geological Survey Miscellaneous Field Studies Map MF-412, 1 sheet, scale 1:250,000.Cobb, E.H., 1976, Summary of references to mineral occurrences (other than mineral fuels and construction materials) in the Iliamna, Lake Clark, Lime Hills, and McGrath quadrangles, Alaska: U.S. Geological Survey Open-File Report 76-485, 101 p.",,,,,,,,,porphyry_subset
10307492,Judy,62.98969,-144.053,United States,Alaska,,Copper,Gold,,Prospect,"58: Porphyry Cu, skarn-related","5|8: Porphyry Cu, skarn-related",True,True,B,https://mrdata.usgs.gov/mrds/show-mrds.php?dep_id=10307492,,,NA,,Unknown,,,"Chalcopyrite, Gold, Magnetite, Malachite, Pyrite",Garnet,,,,Contact metamorphism; formation of fine-grained garnet in limestone adjacent to quartz diorite.,,,,"W.J. Nokleberg, Hawley, C.C., W.T. Ellis",,,,,,,"Cobb, E.H., 1979, Summary of references to mineral occurrences (other than mineral fuels and construction materials) in the Gulkana quadrangle, Alaska: U.S. Geological Survey Open-File Report 79-1247, 36 p.MacKevett, E.M., Jr., and Holloway, C.D., 1977, Map showing metalliferous and selected non-metalliferous mineral deposits in the eastern part of southern Alaska: U.S. Geological Survey Open-File Report 77-169-A, 99 p., 1 sheet, scale 1:1,000,000.Richter, D.H., and Matson, N.A., Jr., 1972, Metallic mineral resources map of the Gulkana quadrangle, Alaska: U.S. Geological Survey Miscellaneous Field Studies Map MF-419, 1 sheet,  scale 1:250,000.",,,,,,,,,porphyry_subset
10093977,Jumbo,63.23958,-149.613,United States,Alaska,,Copper,,,Prospect,"58: Porphyry Cu, skarn-related","5|8: Porphyry Cu, skarn-related",True,True,C,https://mrdata.usgs.gov/mrds/show-mrds.php?dep_id=10093977,A011314,,NA,M,Unknown,,,"Chalcopyrite, Pyrite, Pyrrhotite",Quartz,,,,,,,,N. Van Wyck,,Conglomerate,,,,,"Cobb, E.H., 1978, Summary of references to mineral occurrences (other than mineral fuels and construction materials) in the Healy quadrangle, Alaska: U.S. Geological Survey Open-File Report 78-1062, 113 p.Capps, S.R., 1919, Mineral resources of the upper Chulitna region: U.S. Geological Survey Bulletin 692-D, p. 207-232.",,,,,,,,,porphyry_subset
10002137,Kijik Lake,60.33943,-154.383,United States,Alaska,,Copper,"Silver, Zinc",,Occurrence,53: Porphyry Cu,5|3: Porphyry Cu,True,True,B,https://mrdata.usgs.gov/mrds/show-mrds.php?dep_id=10002137,A013028,,NA,M,Unknown,,,"Chalcopyrite, Pyrite",,,,,"Biotite, chloritic, and strong silicic alteration of the dacite.",,Thompson,,"M.L. Miller, D.P. Bickerstaff",,,,,,,"Cobb, E.H., 1972, Metallic mineral map of the Lake Clark quadrangle, Alaska: U.S. Geological Survey Miscellaneous Field Studies Map MF-378, 1 sheet, scale 1:250,000.Resource Associates of Alaska, Inc., 1976, Geology and geochemistry of certain land within the Lake Clark National Park: Contract report for U.S. Bureau of Mines, 109 p.Cobb, E.H., and Reed, B.L., 1981, Summaries of data on and lists of references to metallic and selected nonmetallic mineral occurrences in the Iliamna, Lake Clark, Lime Hills, and McGrath quadrangles, Alaska - Supplement to Open-File Report 76-485: U.S. Geological Survey Open-File Report 81-1343-A, 25 p.Cobb, E.H., and Reed, B.L., 1981, Summaries of data on and lists of references to metallic and selected nonmetallic mineral occurrences in the Iliamna, Lake Clark, Lime Hills, and McGrath quadrangles, Alaska - Supplement to Open-File Report 76-485: U.S. Geological Survey Open-File Report 81-1343-B, 20 p.MacKevett, E.M., Jr., and Holloway, C.D., 1977, Map showing metalliferous mineral deposits in the western part of southern Alaska: U.S. Geological Survey Open-File Report 77-169-F, 38 p., 1 sheet, scale 1:1,000,000.",,,,,,,,,porphyry_subset
10002135,Kijik River,60.35943,-154.323,United States,Alaska,,Copper,"Zinc, Lead, Molybdenum, Silver, Gold",,Prospect,53: Porphyry Cu85: Polymetallic veins,5|3: Porphyry Cu|8|5: Polymetallic veins,True,True,B,https://mrdata.usgs.gov/mrds/show-mrds.php?dep_id=10002135,A013029,,NA,M,Unknown,,,"Silver, Arsenopyrite, Chalcopyrite, Molybdenite, Pyrite, Sphalerite, Galena","Calcite, Quartz, Rhodochrosite",,,,"Extensive propylitic and silicic alteration of  the dacite porphyry (Nokleberg and others, 1997).",,"Thompson, Hi, Hi No. 2, Kijik, Gleason, Joe Thompson",,"DWB, M.L. Miller, D.P. Bickerstaff",,,,,,,"Brooks, A.H., 1913, Mineral resources of Alaska, report on progress of investigations in 1912: U.S. Geological Survey Bulletin 542, 308 p.Brooks, A.H., 1914, Mineral resources of Alaska in 1913: U.S. Geological Survey Bulletin 592, p. 340-341.Berg, H.C., and Cobb, E.H., 1967, Metalliferous Lode Deposits of Alaska. U.S. Geological Survey Bulletin 1246,  254 p.Cobb, E.H., 1972, Metallic mineral map of the Lake Clark quadrangle, Alaska: U.S. Geological Survey Miscellaneous Field Studies Map MF-378, 1 sheet, scale 1:250,000.Cobb, E.H., 1976, Summary of references to mineral occurrences (other than mineral fuels and construction materials) in the Iliamna, Lake Clark, Lime Hills, and McGrath quadrangles, Alaska: U.S. Geological Survey Open-File Report 76-485.Resource Associates of Alaska, Inc., 1976, Geology and geochemistry of certain land within the Lake Clark National Park: Contract report for U.S. Bureau of Mines, 109 p.Cobb, E.H., and Reed, B.L., 1981, Summaries of data on and lists of references to metallic and selected nonmetallic mineral occurrences in the Iliamna, Lake Clark, Lime Hills, and McGrath quadrangles, Alaska - Supplement to Open-File Report 76-485: U.S. Geological Survey Open-File Report 81-1343-A, 25 p.Cobb, E.H., and Reed, B.L., 1981, Summaries of data on and lists of references to metallic and selected nonmetallic mineral occurrences in the Iliamna, Lake Clark, Lime Hills, and McGrath quadrangles, Alaska - Supplement to Open-File Report 76-485: U.S. Geological Survey Open-File Report 81-1343-B, 20 p.Nokleberg, W.J., Bundtzen, T.K., Dawson, K.M., Eremin, R.A., Goryachev, N.A., Koch, R.D., Ratkin, V.V, Rozenblum, I.S., Shpikerman, V.I., Frolov, Y.F., Gorodinsky, M.E., Melnikov, V.D., Diggles, M.F., Ognyanov, N.V., Petrachenko, E.D., Petrochenko, R.I., Pozdeev, A.I., Ross, K.V., Wood, D.H., Grybeck, D., Khanchuck, A.I., Kovbas, L.I., Nekrasov, I.Y., and Sidorov, A.A., 1997, References for significant metalliferous and selected non-metalliferous lode mineral deposits and placer districts, and for metallogenesis of the Russian Far East, Alaska, and the Canadian Cordillera: U.S. Geological Survey Open-File Report 96-513-B, 385 p.Smith, P.S., 1942, Occurrences of molybdenum in Alaska: U.S. Geological Survey Bulletin 926-C, p. 161-210.Smith, P.S., 1917, The Lake Clark-central Kuskokwim region, Alaska: U.S. Geological Survey Bulletin 655, 162 p.Smith, P.S., 1915, Mineral resources of the Lake Clark-Iditarod region: U.S. Geological Survey Bulletin 622-H, p. 247-271.Wedow, Helmuth, Jr., White, M.G. and Moxham, R.M., 1952, Interim report on an appraisal of the uranium possibilities of Alaska: U.S. Geological Survey Open-File Report 51, 123 p.Resource Associates of Alaska, Inc., 1976, Geology and geochemistry of certain land within the Lake Clark National Park: Contract report for U.S. Bureau of Mines, Contract JO166108, 7 v.Moxham, R.M., and Nelson, A.E., 1952, Reconnaissance for radioactive deposits in the southern Cook Inlet region, Alaska, 1949: U.S. Geological Survey Circular 207, 7 p., 1 plate, scale 1:500,000.Eakins, G.R., 1970, Geology and geochemistry of Kontrashibuna Lake, Lake Clark region, southwestern Alaska: Alaska Division of Mines and Geology Geochemical Report 20, 34 p.MacKevett, E.M., Jr., and Holloway, C.D., 1977, Map showing metalliferous mineral deposits in the western part of southern Alaska: U.S. Geological Survey Open-File Report 77-169-F, 38 p., 1 sheet, scale 1:1,000,000.Cobb, E.H., 1976, Summary of references to mineral occurrences (other than mineral fuels and construction materials) in the Iliamna, Lake Clark, Lime Hills, and McGrath quadrangles, Alaska: U.S. Geological Survey Open-File Report 76-485, 101 p.Cobb, E.H., and Reed, B.L., 1981, Summaries of data on and lists of references to metallic and selected nonmetallic mineral occurrences in the Iliamna, Lake Clark, Lime Hills, and McGrath quadrangles, Alaska; Supplement to Open-File Report 76-485; Part A, Summaries to January 1, 1981: U.S. Geological Survey Open-File Report 81-1343-A, 25 p.Cobb, E.H., and Reed, B.L., 1981, Summaries of data on and lists of references to metallic and selected nonmetallic mineral occurrences in the Iliamna, Lake Clark, Lime Hills, and McGrath quadrangles, Alaska; Supplement to Open-File Report 76-485; Part B, Lists of references to Januray 1, 1981: U.S. Geological Survey Open-File Report 81-1343-B, 20 p.Nelson, W.H., King, H.D., Case, J.E., Tripp, R.B., Crim, W.D., and Cooley, E.F., 1985, Mineral resource map of the Lake Clark quadrangle, Alaska: U.S. Geological Survey Miscellaneous Field Studies Map MF-1114-B, 1 sheet, scale 1:250,000.Eberlein, G.D., Chapman, R.M., Foster, H.L., and Gassaway, J.S., 1977, Map and table describing known metalliferous and selected nonmetalliferous mineral deposits in central Alaska: U.S. Geological Survey Open-File Report 77-168-D, 132 p., 1 sheet, scale 1:1,000,000.MTA 82 No. D-47MTA 82 No. D-50Alaska Kardex 093-002Alaska Kardex 093-010Alaska Kardex 093-011",,,,,,,,,porphyry_subset
10002112,Kontrashibuna (Lake),60.15943,-154.003,United States,Alaska,,Molybdenum,"Copper, Zinc",,Occurrence,"79: Porphyry Cu-Mo80: Porphyry Mo, low-F","7|9: Porphyry Cu-Mo|8|0: Porphyry Mo, low-F",True,True,B,https://mrdata.usgs.gov/mrds/show-mrds.php?dep_id=10002112,A013002,,NA,M,Unknown,,,"Molybdenite, Pyrite",Quartz,,,,Unknown,,,,"D.P. Bickerstaff, M.L. Miller",,Pegmatite,,,,,"Cobb, E.H., 1972, Metallic mineral map of the Lake Clark quadrangle, Alaska: U.S. Geological Survey Miscellaneous Field Studies Map MF-378, 1 sheet, scale 1:250,000.Resource Associates of Alaska, Inc., 1976, Geology and geochemistry of certain land within the Lake Clark National Park: Contract report for U.S. Bureau of Mines, 109 p.Cobb, E.H., 1976, Summary of references to mineral occurrences (other than mineral fuels and construction materials) in the Iliamna, Lake Clark, Lime Hills, and McGrath quadrangles, Alaska: U.S. Geological Survey Open-File Report 76-485.Cobb, E.H., and Reed, B.L., 1981, Summaries of data on and lists of references to metallic and selected nonmetallic mineral occurrences in the Iliamna, Lake Clark, Lime Hills, and McGrath quadrangles, Alaska - Supplement to Open-File Report 76-485: U.S. Geological Survey Open-File Report 81-1343-A, 25 p.Cobb, E.H., and Reed, B.L., 1981, Summaries of data on and lists of references to metallic and selected nonmetallic mineral occurrences in the Iliamna, Lake Clark, Lime Hills, and McGrath quadrangles, Alaska - Supplement to Open-File Report 76-485: U.S. Geological Survey Open-File Report 81-1343-B, 20 p.MacKevett, E.M., Jr., and Holloway, C.D., 1977, Map showing metalliferous mineral deposits in the western part of southern Alaska: U.S. Geological Survey Open-File Report 77-169-F, 38 p., 1 sheet, scale 1:1,000,000.",,,,,,,,,porphyry_subset
10001056,London and Cape,61.5666,-143.719,United States,Alaska,,Copper,"Molybdenum, Silver",,Prospect,79: Porphyry Cu-Mo,7|9: Porphyry Cu-Mo,True,True,C,https://mrdata.usgs.gov/mrds/show-mrds.php?dep_id=10001056,A011735,,NA,M,Unknown,,,Chalcopyrite,,,,,,,,,"Elliott, R.L., Richter, D.H., Leonard, K.R., Nokleberg, W.J.",Chitina Valley Batholith;Chitina Valley Batholith,Diorite,,,,,"Moffit, F.H., and Mertie, J.B., Jr., 1923, The Kotsina-Kuskulana district, Alaska: U.S. Geological Survey Bulletin 745, 149 p.MacKevett, E.M., Jr., 1976, Mineral deposits and occurrences in the McCarthy quadrangle, Alaska: U.S. Geological Survey Miscellaneous Field Studies Map MF-773-B, scale 1:250,000.MacKevett, E.M., Jr., Smith, J.G., Jones, D.L., and Winkler, G.R., 1978, Geologic map of the McCarthy C-8 quadrangle, Alaska: U.S. Geological Survey Geologic Quadrangle Map GQ-1418, scale 1:63,360.MacKevett, E.M., Jr., Smith, J.G., Jones, D.L., and Winkler, G.R., 1978, Geologic map of the McCarthy C-8 quadrangle, Alaska: U.S. Geological Survey Geologic Quadrangle Map GQ-1418, 1 sheet, scale 1:63,360.",,,,,,,,,porphyry_subset
10001567,Lucky Four,55.5228,-131.759,United States,Alaska,,Copper,Gold,,Prospect,53: Porphyry Cu,5|3: Porphyry Cu,True,True,B,https://mrdata.usgs.gov/mrds/show-mrds.php?dep_id=10001567,A012316,,NA,M,Unknown,,,"Chalcopyrite, Molybdenite, Pyrite",Quartz,,,,"Locally intense silicification, argillization, and sericitization.    Local iron-staining and oxidation of copper minerals.",,Hump Island,,H.C. Berg,,Schist,,,,,"Elliott, R.L., Berg, H.C., and Karl, Susan, 1978, map and table describing metalliferous and selected nonmetalliferous mineral deposits, Ketchikan and Prince Rupert quadrangles, Alaska: U.S. Geological Survey Open-file Report, 78-73-B,17 p.,  scale 1:250,000.Berg, H.C., Elliott, R.L., and Koch, R.D., 1988, Geologic map of the Ketchikan and Prince Rupert quadrangles, southeastern Alaska: U.S. Geological Survey Mineral Investigations Series Map MF-1807,27 p., scale 1:250,000.Maas, K.M., Bittenbender, P E., and Still, J.C., 1995, Mineral investigations in the Ketchikan mining district, southeastern Alaska: U.S. Bureau of Mines Open-File Report 11-95, 606 p.Brew, D.A., 1996, Geologic map of the Craig, Dixon Entrance, and parts of the Ketchikan and Prince Rupert quadrangles, southeastern Alaska: U.S. Geological Survey Miscellaneous Field Studies Map MF-2319, 53 p., 1 sheet, scale 1:250,000.",,,,,,,,,porphyry_subset
10003265,Makushin Valley NC,53.91577,-166.769,United States,Alaska,,"Silver, Gold",,,Occurrence,"53: Porphyry Cu105: Epithermal vein, generic","5|3: Porphyry Cu|1|0|5: Epithermal vein, generic",True,False,C,https://mrdata.usgs.gov/mrds/show-mrds.php?dep_id=10003265,A106008,,NA,M,Unknown,,,Pyrite,Magnetite,,,,"Diorite shows alteration to epidote and chlorite, probably propylitic alteration.    Partial leaching reported reported but not of what was leached.",,,,"F.H. Wilson, Damon Bickerstaff",,,,,,,"Drewes, Harold, Fraser, G.D., Snyder, G.L., and Barnett, H.F., Jr., 1961, Geology of Unalaska Island and adjacent insular shelf, Aleutian Islands, Alaska:  U.S. Geological Survey Bulletin 1028-S, p. 583-676.Christie, J.S., 1974, Aleut-Quintana-Duval 1974 joint venture, final report:  Unpublished Quintana Minerals Corporation report, 24 p., 3 appendices, 2 maps. (Report held by the Aleut Corporation, Anchorage, Alaska.)",,,,,,,,,porphyry_subset
10003267,Makushin Valley SE,53.8991,-166.719,United States,Alaska,,Copper,Silver,,Occurrence,53: Porphyry Cu,5|3: Porphyry Cu,True,True,C,https://mrdata.usgs.gov/mrds/show-mrds.php?dep_id=10003267,A106010,,NA,M,Unknown,,,Pyrite,Magnetite,,,,"Possibly propylitic and argillic alteration.  Partial leaching, fractures largely leached.",,,,"F.H. Wilson, Damon Bickerstaff",,,,,,,"Drewes, Harold, Fraser, G.D., Snyder, G.L., and Barnett, H.F., Jr., 1961, Geology of Unalaska Island and adjacent insular shelf, Aleutian Islands, Alaska:  U.S. Geological Survey Bulletin 1028-S, p. 583-676.Christie, J.S., 1974, Aleut-Quintana-Duval 1974 joint venture, final report:  Unpublished Quintana Minerals Corporation report, 24 p., 3 appendices, 2 maps. (Report held by the Aleut Corporation, Anchorage, Alaska.)",,,,,,,,,porphyry_subset
10001671,Mallard Duck Bay,56.23039,-158.514,United States,Alaska,,"Zinc, Lead, Molybdenum, Copper, Silver, Gold",Arsenic,,Occurrence,53: Porphyry Cu79: Porphyry Cu-Mo85: Polymetallic veins,5|3: Porphyry Cu|7|9: Porphyry Cu-Mo|8|5: Polymetallic veins,True,True,B,https://mrdata.usgs.gov/mrds/show-mrds.php?dep_id=10001671,A012449,,NA,M,Unknown,,,"Arsenopyrite, Chalcopyrite, Galena, Gold, Pyrite, Sphalerite","Calcite, Quartz, Siderite",,,,"Propylitically altered volcanics cover an area of approximately 6 by 2 1/2 miles.  Within this altered zone argillic alteration forms envelopes up to 100 feet wide peripheral to northwest-trending andesite dikes, resulting in a central argillic zone which covers an area of approximately 2 by 1/2 miles.",,"Calcite, Marshinlak",,S.H. Pilcher,,,,,,,"Atwood, W.W., 1911, Geology and mineral resources of parts of the Alaska Peninsula: U.S. Geological Survey Bulletin 467, 137 p.Berg, H.C., and Cobb, E.H., 1967, Metalliferous Lode Deposits of Alaska. U.S. Geological Survey Bulletin 1246,  254 p.Fields, E.D., 1977, 1976 Annual report: Alaska search, Chignik area-Bristol Bay region: Bear Creek Mining Company, 44 p., 22 map sheets. (Report held by the Aleut Corporation, Anchorage, Alaska.)Anderson, G.D., Fitch, G.M., Lappie, D.W., Lindberg, P.A., and Fankhauser, R.E., 1979, Exploration and evaluation of Bristol Bay Native Corporation Lands, Vol. II, Book 1: prepared for Houston Oil and Minerals Company by Resource Associates of Alaska, 78 p. (Report held by Alaska Earth Science, Anchorage, Alaska.)Cobb, E.H., 1980, Summaries of data and lists of references to metallic and selected nonmetallic mineral deposits in fifteen quadrangles in southwestern and west-central Alaska: U.S. Geological Survey Open-File Report 80-909, 103 p.Butherus, D.L., White, D.C., Smith, W.H., Radford, G., Sandberg, R.J., and Pray, J.C., 1981, Exploration and evaluation of precious metal potential of Bristol Bay Native Corporation Lands, southwest Alaska, 1981, Vol. 1: Prepared for Nerco by Resource Associates of Alaska, 90 p. (Report held by Alaska Earth Science, Anchorage, Alaska.)Cox, D.P., Detra, D.E., and Detterman, R.L., 1981, Mineral resource maps of the Chignik and Sutwik Island quadrangles, Alaska: U.S. Geological Survey Miscellaneous Field Studies Map MF- 1053-K, 2 map sheets, scale 1:250,000.Detterman, R.L., Miller, T.P., Yount, M.E., and Wilson, F.H.,1981, Geologic map the Chignik and Sutwik Island quadrangles Alaska: U.S. Geologic Survey Miscellaneous Investigations Series Map I- 1229, 1 map sheet, scale 1:250,000.Wilson, F.H., and Cox, D.P., 1983, Geochronology, geochemistry, and tectonic environment of porphyry mineralization in the central Alaska Peninsula: U.S. Geological Survey Open-File Report 83-783, 24 p.Nokleberg, W.J., Bundtzen, T.K., Berg, H.C., Brew, D.A., Grybeck, D.J., Robinson, M.S., Smith, T.E., and Yeend, W., 1987, Significant metalliferous lode deposits and placer districts of Alaska: U.S. Geological Survey Bulletin 1786, 104 p.Cobb, E.H., 1972, Metallic mineral resources map of the Chignik quadrangle, Alaska: U.S. Geological Survey Miscellaneous Field Studies Map MF-374, 1 sheet, scale 1:250,000.MacKevett, E.M., Jr., and Holloway, C.D., 1977, Map showing metalliferous mineral deposits in the western part of southern Alaska: U.S. Geological Survey Open-File Report 77-169-F, 38 p., 1 sheet, scale 1:1,000,000.Wilson, F.H., 1980, Late Mesozoic and Cenozoic tectonics and age of porphyry copper prospects, Chignik and Sutwik Island quadrangles, Alaska Peninsula: U.S. Geological Survey Open-File    Report 80-543, 94 p., 5 sheets, scales 1:250,000 and 1 inch = 1,000 feet.",,,,,,,,,porphyry_subset
10309002,Margerie,59.00972,-137.092,United States,Alaska,,"Tungsten, Copper, Gold, Silver, Cobalt","Molybdenum, Zinc","Bismuth, Arsenic, Barium-Barite",Prospect,53: Porphyry Cu54: Porphyry Cu (North America),5|3: Porphyry Cu|5|4: Porphyry Cu (North America),True,True,B,https://mrdata.usgs.gov/mrds/show-mrds.php?dep_id=10309002,A013114,,NA,M,Unknown,,,"Arsenopyrite, Chalcopyrite, Gold, Molybdenite, Sphalerite","Pyrite, Pyrrhotite, Quartz",,,,"Plagioclase has been subjected to moderate sericitization and K-spar alteration, and biotite has been moderately chloritized (Brew and others, 1978).",,"Margerie Copper-Gold Prospect, Leo Mark Anthony, Moneta Porcupine MinesMoneta Porcupine, Moneta Porcupine Co., Margerie Nos. 1-6, Tarr Inlet, Margerie Glacier Porphyry-Copper, Margerie Glacier Porphyry Copper Deposit, Margarie Glacier",,"Mosier, Dan, WLG, T.C. Crafford, Elliott, James E., Leonard, Kenneth R. (Huber, Donald F.)",,"Limestone,Diorite",,,,,"MacKevett, E.M., Jr., Brew, D.A., Hawley, C.C., Huff, L.C., and Smith, J.G., 1971, Mineral resources of Glacier Bay National Monument, Alaska: U.S. Geological Survey Professional Paper 632, 90 p., 12 plates, scale 1:250,000.Cobb, E.H., 1972, Metallic mineral resources map of the Skagway quadrangle, Alaska: U.S. Geological Survey Miscellaneous Field Studies Map MF-424, 1 sheet, scale 1:250,000.Anthony, L.M., 1977, unpublished maps and notes on investigations in Glacier Bay, 1958-1960: (Unpublished material available at the Juneau Mineral Information Center, U.S. Bureau of Land Management, Juneau, Alaska).Hollister, V.F., Anzalone, S.A., and Richter, D.H., 1975, Porphyry copper belts of southern Alaska and contiguous Yukon Territory: Canadian Mining and Metallurgical Bulletin, v. 68, no. 756, p. 104-112.Cobb, E.H., 1981, Summaries of data and lists of references to metallic and selected nonmetallic mineral occurrences in the Skagway quadrangle, Alaska, Supplement to Open-File Report 78-316, Part A in Summaries of data to January 1, 1980: U.S. Geological Survey Open-File Report 81-82-A, 11 p.Berg, H.C., 1984, Regional geologic summary, metallogenesis, and mineral resources of southeastern Alaska: U.S. Geological Survey Open-file Report 84-572, 298 p., 1 plate, scale approx. 1:600,000.Nokleberg, W.J., Bundtzen, T.K., Berg, H.C., Brew, D.A., Grybeck, D.J., Robinson, M.S., Smith, T.E., and Yeend, W., 1987, Significant metalliferous lode deposits and placer districts of Alaska: U.S. Geological Survey Bulletin 1786, 104 p.Still, J.C., 1991, Bureau of Mines mineral investigations in the Juneau mining district, Alaska, 1984 - 1988, v. 2, Detailed mine, prospect, and mineral occurrence descriptions, section B, Glacier Bay subarea: U.S. Bureau of Mines of Mines Special Publication, 69 p.Cobb, E.H., 1975, Tungsten occurrences in Alaska, U.S. Geological Survey Mineral Investigations Resource Maps MR-66.MacKevett, E.M., Jr., Brew, D.A., Hawley, C.C., Huff, L.C., and Smith, J.G., 1967, Mineral resources of Glacier Bay National Monument, Alaska: U.S. Geological Survey Open File Report: Technical Data Unit classification number 280, 176 p., 38 sheets. (Superseded by OFR 67-151)U.S. Geological Survey Staff, 1972, Geological survey research 1972; Chapter C: U.S. Geological Survey Professional Paper 800-C, p. B1-B281.Carter, Claire, ed., 1974, United States Geological Survey Alaska Program, 1974: U.S. Geological Survey Circular 700, 63 p.Cobb, E.H., 1978, Summary of references to mineral occurrences (other than mineral fuels and construction materials) in the Mt. Fairweather and Skagway quadrangles, Alaska: U.S. Geological Survey Open-File Report 78-316, 127 p.Cobb, E.H., 1981, Summaries of data on and lists of references to metallic and selected nonmetallic mineral occurrences in the Skagway Quadrangle, Alaska, supplement to Open-file report 78-316; Part B, Lists of references to January 1, 1980: U.S. Geological Survey Open-File Report 81-82-B, 9 p.Berg, H.C., Decker, J.E., and Abramson, B.S., 1981, Metallic mineral deposits of southeastern Alaska: U.S. Geological Survey Open-File Report 81-122, 136 p., 1 sheet, scale 1:1,000,000.McGee, D.L., 1974, Glacier Bay National Monument evaluation of mineral deposits: Alaska Division of Geological & Geophysical Surveys Alaska Open-File Report 47, 17 p., 1 sheet, scale 1:250,000.MTA 82 No. F-6Cobb, E.H., 1981, Summaries of data on and lists of references to metallic and selected nonmetallic mineral occurrences in the Skagway quadrangle, Alaska; Supplement to Open-File Report 78-316; Part A, Summaries of data to January 1, 1980: U.S. Geological Survey Open-File Report 81-82-A, 11 p.MacKevett, E.M., Jr., Brew, D.A., Hawley, C.C., Huff, L.C., and Smith, J.G., 1967, Mineral resources of Glacier Bay National Monument, Alaska: U. S. Geological Survey Open-File Report 151, 176 p.Moerlein, G.A., 1968, Geology and drilling results, Nunatak molybdenum prospect, Walper  property, southeastern Alaska: Unpublished report available at U.S. Bureau of Land Management Library at Juneau, Alaska.Alaska Kardex 109-057Brew, D.A., Johnson, B.R., Grybeck, D., Griscom, A., Barnes, D.F., Kimball, A.L., Still, J.C., and Rataj, J.L., 1978, Mineral resources of the Glacier Bay National Monument Wilderness Study Area, Alaska: U.S. Geological Survey Open-File Report 78-494, 670 p.",,,,,,1960,,Leo Mark Anthony,porphyry_subset
10000694,Mayflower,63.21569,-149.646,United States,Alaska,,"Gold, Copper, Silver","Lead, Arsenic, Antimony, Zinc",,Prospect,59: Skarn Cu78: Porphyry Cu-Au85: Polymetallic veins,5|9: Skarn Cu|7|8: Porphyry Cu-Au|8|5: Polymetallic veins,True,True,B,https://mrdata.usgs.gov/mrds/show-mrds.php?dep_id=10000694,A011323,,NA,M,Unknown,,,"Arsenopyrite, Chalcopyrite, Galena, Gold, Pyrite, Pyrrhotite, Sphalerite, Stibnite","Ankerite, Quartz",,,,"Alteration consists of a combination of skarn (epidote, garnet and actinolite), silica flooding, ankerite, pyrite and sericite. Limonite and uncommon chalcocite are oxidation and supergene mineral assemblages.",,,,N. Van Wyck,,,,,,,"Berg, H.C., and Cobb, E.H., 1967, Metalliferous Lode Deposits of Alaska. U.S. Geological Survey Bulletin 1246,  254 p.Mulligan, J.J., Warfield, R.S., and Wells, R.R., 1967, Sampling a gold-copper deposit, Golden Zone Mine, south-central Alaska: U.S. Bureau of Mines Open-File Report 9-67, 59 p.Hawley, C.C., and Clark, A.L., 1974, Geology and mineral deposits of the upper Chulitna district, Alaska: U.S. Geological Survey Professional Paper 758-B, p. 1-47, 2 sheets, scale 1:12,000 and 1:48,000.Cobb, E.H., 1978, Summary of references to mineral occurrences (other than mineral fuels and construction materials) in the Healy quadrangle, Alaska: U.S. Geological Survey Open-File Report 78-1062, 113 p.",,,,,,,,,porphyry_subset
10001453,Mint,62.86847,-149.361,United States,Alaska,,"Lead, Copper, Gold, Silver",,,Past Producer,78: Porphyry Cu-Au85: Polymetallic veins,7|8: Porphyry Cu-Au|8|5: Polymetallic veins,True,True,B,https://mrdata.usgs.gov/mrds/show-mrds.php?dep_id=10001453,A012201,,NA,M,Unknown,,,"Arsenopyrite, Chalcopyrite, Galena, Miargyrite, Pyrargyrite, Pyrite, Tennantite",Quartz,,,,Altered andesitic dike,,,,"Riehle, J.",,,,,,,"Brooks, A.H., 1925, Alaska's mineral resources and production, 1923: U.S. Geological Survey Bulletin 773, p. 3-52.Capps, S.R., and Short, M.N., 1926, A ruby silver prospect in Alaska: U.S. Geological Survey Bulletin 783, p. 89-95.Smith, P.S., 1929, Mineral industry of Alaska in 1926: U.S. Geological Survey Bulletin 797, p. 1-50.Smith, P.S., 1932, Mineral industry of Alaska in 1929, in Smith, P.S., and others Mineral resources of Alaska, report on progress of investigations in 1929: U.S. Geological Survey Bulletin 824-A, p. 1-81.Smith, P.S., 1937, Mineral industry in Alaska in 1935: U.S. Geological Survey Bulletin 880-A, p. 1-95.Richter, D.H., 1963, Geology of the Portage Creek-Susitna River area, Alaska: Alaska Division of Mines and Minerals Geologic Report 3, 2 plates, scale 1:24,000.Berg, H.C., and Cobb, E.H., 1967, Metalliferous Lode Deposits of Alaska. U.S. Geological Survey Bulletin 1246,  254 p.Karlson, R.C., Curtin, G.C., Cooley, E.F., and Garmezy, Larry, 1977, Geochemical maps of selected elements and results of spectrographic analyses for heavy-mineral concentrates from the western half of the Talkeetna Mountains quadrangle, Alaska: U.S. Geological Survey Open-File Report 77-530, 7 p., 5 plates, scale 1:250,000.Csejtey, Bela, Jr., and Miller, R.J., 1978, Map and table describing metalliferous and selected nonmetalliferous mineral deposits in the Talkeetna Mountains quadrangle, Alaska: U.S. Geological Survey Open-File Report 78-558-B, 20 p., 1 plate, scale 1:250,000.Singer, D.A., Csejtey, Bela, Jr., and Miller, R.J., 1978, Map and discussion of the metalliferous and selected nonmetalliferous mineral resources of the Talkeetna Mountains quadrangle, Alaska: U.S. Geological Survey Open-file Report 78-588-Q, 33 p., 1 plate, scale 1:250,000.Cobb, E.H., and Csejtey, Bela, Jr., 1980, Summaries of data on and lists of references to metallic and selected nonmetallic mineral deposits in the Talkeetna Mountains quadrangle, Alaska: U.S. Geological Survey Open-File Report 80-716, 63 p.Kurtak, J.M., Southworth, D.D., Balen, M.D., and Clautice, K.H., 1992, Mineral investigations in the Valdez Creek mining district, south-central Alaska: U.S. Bureau of Mines Open-File Report 1-92, 659 p., 2 plates, scale 1:250,000.MacKevett, E.M., Jr., and Holloway, C.D., 1977, Map showing metalliferous and selected non-metalliferous mineral deposits in the eastern part of southern Alaska: U.S. Geological Survey Open-File Report 77-169-A, 99 p., 1 sheet, scale 1:1,000,000.Smith, P.S., 1930, Mineral industry of Alaska in 1927: U.S. Geological Survey Bulletin 810-A, p. 1-64.Wedow, Helmuth, Jr., White, M.G. and Moxham, R.M., 1952, Interim report on an appraisal of the uranium possibilities of Alaska: U.S. Geological Survey Open-File Report 51, 123 p.Smith, P.S., 1939, Mineral industry of Alaska in 1937: U.S. Geological Survey Bulletin 910-A, p. 1-113.Smith, P.S., 1933, Mineral industry of Alaska in 1930: U.S. Geological Survey Bulletin 836-A, p. 1-83.",,,,,,,,,porphyry_subset
10307771,Montana Saddle,63.55646,-155.965,United States,Alaska,,Gold,"Mercury, Antimony, Arsenic",,Prospect,78: Porphyry Cu-Au,7|8: Porphyry Cu-Au,True,False,C,https://mrdata.usgs.gov/mrds/show-mrds.php?dep_id=10307771,,,NA,,Unknown,,,"Arsenopyrite, Chalcopyrite","Feldspar, Quartz",,,,Ankerite alteration near quartz-sulide vein swarms.,,,,"Bundtzen, T.K.",,,,,,,"Patton, W.W., Jr., Moll, E.J., Dutro, J.T., Jr., Silberman, M.L., and Chapman, R.M., 1980, Preliminary geologic map of Medfra quadrangle, Alaska: U.S. Geological Survey Open-File Report 80-811-A, 1 sheet, scale l:250,000.Bundtzen, T.K., Pinney, D.S., and Laird, G.M., 1997, Preliminary geologic map and descriptive data tables from the Ophir C-1 and western Medfra C-6 quadrangles, Alaska: Alaska Division of Geological and Geophysical Surveys Public Data File Report 97-46, 10 p., 1 sheet, scale 1:63,360.",,,,,,,,,porphyry_subset
10003357,Morzhovoi Bay,54.94251,-163.077,United States,Alaska,,"Copper, Gold, Silver",,,Occurrence,"53: Porphyry Cu105: Epithermal vein, generic","5|3: Porphyry Cu|1|0|5: Epithermal vein, generic",True,True,B,https://mrdata.usgs.gov/mrds/show-mrds.php?dep_id=10003357,A106108,,NA,M,Unknown,,,"Chalcopyrite, Pyrite",Tourmaline,,,,"Christie (1974) reports minor epidote in southeast corner of occurrence, as well as chlorite, clay, and possibly sericite.  This mineral assemblage suggests propylitic, argillic, and possibly sericitc alteration.  Leaching is partial to locally complete in the anomaly.",,,,"F.H. Wilson, G.D. DuBois",,"Volcanic Rock (Aphanitic),Volcanic Breccia (Agglomerate)",,,,,"Christie, J.S., 1974, Aleut-Quintana-Duval 1974 joint venture, final report: Unpublished Quintana Minerals Corporation report, 24 p., 3 appendices, 2 maps. (Report held by the Aleut Corporation, Anchorage, Alaska.)MacKevett, E.M., Jr., and Holloway, C.D., 1977, Map showing metalliferous mineral deposits in the western part of southern Alaska: U.S. Geological Survey Open-File Report 77-169-F, 38 p., 1 sheet, scale 1:1,000,000.",,,,,,,,,porphyry_subset
10001745,Mosquito,63.88972,-143.473,United States,Alaska,,"Copper, Molybdenum","Silver, Zinc, Lead",,Prospect,79: Porphyry Cu-Mo,7|9: Porphyry Cu-Mo,True,True,B,https://mrdata.usgs.gov/mrds/show-mrds.php?dep_id=10001745,A012529,,NA,M,Unknown,,,"Chalcopyrite, Magnetite, Molybdenite, Pyrite",,,,,"Zones of quartz-sericite-pyrite, quartz-magnetite, and epidote-chlorite-quartz pyrite alteration (Doyon Ltd., 1998).",,,,"Cameron, C.E.",,Quartz Latite,,,,,"Foster, H.L., Albert, N.R.D., Barnes, D.F., Curtin, G.C., Griscom, Andrew, Singer, D.A., and Smith, J.G., 1976, The Alaskan Mineral Resources Assessment Program: Background information to accompany folio of geologic and mineral resource maps of the Tanacross quadrangle, Alaska: U.S. Geological Survey Circular 734, 23 p.Singer, D.A., Csejtey, Bela, Jr., and Miller, R.J., 1978, Map and discussion of the metalliferous and selected nonmetalliferous mineral resources of the Talkeetna Mountains quadrangle, Alaska: U.S. Geological Survey Open-file Report 78-588-Q, 33 p., 1 plate, scale 1:250,000.Eberlein, G.D., Chapman, R.M., Foster, H.L., and Gassaway, J.S., 1977, Map and table describing known metalliferous and selected nonmetalliferous mineral deposits in central Alaska: U.S. Geological Survey Open-File Report  77-168-D, 132 p., 1 map, scale 1:1,000,000.Cobb, E.H., and Eberlein, G.D., 1980, Summaries of data on and lists of references to metallic and selected nonmetallic mineral deposits in the Big Delta and Tanacross quadrangles, Alaska: U.S. Geological Survey Open-File Report 80-1086, 77 p.Bundtzen, T.K., Eakins, G.R., Clough, J.G., Lueck, L.L., Green, C.B., Robinson, M.S., and Coleman, D.A., 1984, Alaska's Mineral Industry, 1983: Alaska Division of Geological and Geophysical Surveys Special Report 33, 56 p.Nokleberg, W.J., Bundtzen, T.K., Berg, H.C., Brew, D.A., Grybeck, D.J., Robinson, M.S., Smith, T.E., and Yeend, W., 1987, Significant metalliferous lode deposits and placer districts of Alaska: U.S. Geological Survey Bulletin 1786, 104 p.Alaska Division of Geological and Geophysical Surveys, 1993, Trace element and major oxide analyses of samples from the Eagle and Tanacross quadrangles, east-central Alaska: Alaska Division of Geological and Geophysical Surveys Public-Data File 93-4, 31 p.Burleigh, R.E., and Lear, K.G., 1994, Compilation of data for Phase I of the mineral resource evaluation of the Black River and Fortymile subunits: U.S. Bureau of Mines Open-File Report 48-94, 116 p.Doyon, Limited, 1998, Veta Prospects 1997 Volume 1: Fairbanks, Alaska, Doyon, Limited., unpublished report 98-10, 256 p.  (Report held by Doyon, Limited, Fairbanks, Alaska.)Newberry, R.J., Layer, P.W., Burleigh, R.E., and Solie, D.N., 1996, New 40Ar/39Ar dates for intrusions and mineral prospects in the eastern Yukon-Tanana terrane, Alaska - Regional patterns and significance, in Gray, J.E., and Riehle, J.R., eds.,  Geological Studies in Alaska by the U.S.  Geological Survey, 1996: U.S. Geological Survey Professional Paper 1595, p. 131-159.",,,,,,,,,porphyry_subset
10003282,Mt. Aspid,53.41576,-167.402,United States,Alaska,,"Gold, Molybdenum, Copper",,,Occurrence,"53: Porphyry Cu105: Epithermal vein, generic","5|3: Porphyry Cu|1|0|5: Epithermal vein, generic",True,True,C,https://mrdata.usgs.gov/mrds/show-mrds.php?dep_id=10003282,A106025,,NA,M,Unknown,,,"Chalcopyrite, Pyrite",,,,,"Local quartz sericitic, potassic, and argillic.  Leaching is weak.",,,,"F.H. Wilson, Damon Bickerstaff",,,,,,,"Christie, J.S., 1974, Aleut-Quintana-Duval 1974 joint venture, final report:  Unpublished Quintana Minerals Corporation report, 24 p., 3 appendices, 2 maps. (Report held by the Aleut Corporation, Anchorage, Alaska.)",,,,,,,,,porphyry_subset
10003318,Mt. Dutton,55.16587,-162.259,United States,Alaska,,"Silver, Copper","Gold, Zinc, Lead",,Occurrence,"53: Porphyry Cu85: Polymetallic veins105: Epithermal vein, generic","5|3: Porphyry Cu|8|5: Polymetallic veins|1|0|5: Epithermal vein, generic",True,True,B,https://mrdata.usgs.gov/mrds/show-mrds.php?dep_id=10003318,A106061,,NA,M,Unknown,,,Pyrite,,,,,Christie (1974) reported contact metamorphic effects and weak propylitic alteration.,,,,"F.H. Wilson, G.D. DuBois",,Volcanic Rock (Aphanitic),,,,,"Christie, J.S., 1974, Aleut-Quintana-Duval 1974 joint venture, final report: Unpublished Quintana Minerals Corporation report, 24 p., 3 appendices, 2 maps. (Report held by the Aleut Corporation, Anchorage, Alaska.)Butherus, D.L, Gressitt, E.E., Pray, J., Corner, N.G., Lindberg, P.H., and Fankhauser, R.E., 1979, Exploration and evaluation of the Aleut Native Corporation lands; Volume III: Resource Associates of Alaska, 69 p. 90 sheets, various sacales. (Report held by the Aleut Native Corporation, Anchorage, Alaska.)MacKevett, E.M., Jr., and Holloway, C.D., 1977, Map showing metalliferous mineral deposits in the western part of southern Alaska: U.S. Geological Survey Open-File Report 77-169-F, 38 p., 1 sheet, scale 1:1,000,000.",,,,,,,,,porphyry_subset
10001747,Mt. Fairplay,63.68974,-142.243,United States,Alaska,,Copper,"Gold, Lead, Zinc, Molybdenum",,Prospect,79: Porphyry Cu-Mo,7|9: Porphyry Cu-Mo,True,True,B,https://mrdata.usgs.gov/mrds/show-mrds.php?dep_id=10001747,A012531,,NA,M,Unknown,,,"Chalcopyrite, Galena, Molybdenite, Pyrite, Sphalerite",Quartz,,,,"Hydrothermal alteration (Singer and others, 1976).",,Fairplay,,"Cameron, C.E.",,,,,,,"Kerin, L.J., 1976, The reconnaissance petrology of the Mount Fairplay igneous complex: University of Alaska, Fairbanks, M.Sc. thesis, 95 p.Singer, D.A., Csejtey, Bela, Jr., and Miller, R.J., 1978, Map and discussion of the metalliferous and selected nonmetalliferous mineral resources of the Talkeetna Mountains quadrangle, Alaska: U.S. Geological Survey Open-file Report 78-588-Q, 33 p., 1 plate, scale 1:250,000.Eberlein, G.D., Chapman, R.M., Foster, H.L., and Gassaway, J.S., 1977, Map and table describing known metalliferous and selected nonmetalliferous mineral deposits in central Alaska: U.S. Geological Survey Open-File Report  77-168-D, 132 p., 1 map, scale 1:1,000,000.Cobb, E.H., and Eberlein, G.D., 1980, Summaries of data on and lists of references to metallic and selected nonmetallic mineral deposits in the Big Delta and Tanacross quadrangles, Alaska: U.S. Geological Survey Open-File Report 80-1086, 77 p.U.S. Bureau of Mines, 1984, Mt. Fairplay report: U.S. Bureau of Mines, Fairbanks, Alaska, unpublished data on file at Geologic Materials Center, Box 13, Eagle River, Alaska, 17 p.Wilson, F.H., Smith, J.G., and Shew, Nora, 1985, Review of radiometric data from the Yukon crystalline terrane, Alaska and Yukon Territory: Canadian Journal of Earth Sciences, v. 22, p. 525-537.Newberry, R.J., Layer, P.W., Burleigh, R.E., and Solie, D.N., 1996, New 40Ar/39Ar dates for intrusions and mineral prospects in the eastern Yukon-Tanana terrane, Alaska - Regional patterns and significance, in Gray, J.E., and Riehle, J.R., eds.,  Geological Studies in Alaska by the U.S.  Geological Survey, 1996: U.S. Geological Survey Professional Paper 1595, p. 131-159.Indian and Northern Affairs, Canada, 1987, Yukon Exploration 1988: Exploration and Geological Services Division, Yukon, Indian and Northern Affairs Canada, 304 p.",,,,,,,,,porphyry_subset
10307778,Mystery Mountains East,63.52349,-154.563,United States,Alaska,,Copper,"Antimony, Arsenic, Silver",,Prospect,78: Porphyry Cu-Au,7|8: Porphyry Cu-Au,True,True,B,https://mrdata.usgs.gov/mrds/show-mrds.php?dep_id=10307778,,,NA,,Unknown,,,"Arsenopyrite, Chalcopyrite, Pyrite, Stibnite","Quartz, Tourmaline",,,,"Biotite, tourmaline, and quartz.",,,,"Bundtzen, T.K.",,,,,,,"Andrews, Tom, 1978, Summary of Progress, Doyon Project, Mystery Mountains, (Block 10): Anchorage, Alaska, WGM Inc., 24 pages (Held by Doyon Ltd.,    as proprietary report 78-42).Moll, E.J., Silberman, M.L., and Patton, W.W. Jr., 1981, Chemistry, mineralogy, and K-Ar ages of igneous and metamorphic rocks of the Medfra quadrangle, Alaska: U.S. Geological Survey Open-File Report 80-811C, 15 p., 2 sheets, scale 1:250,000.DiMarchi, J.J., and Frantz, P.S., 1997, Annual Report for 1997-Doyon Option Lands, Block 10: ASA Inc.-Montague Gold Joint Venture Report, Volume II: Unpublished report, 189 p. (Report held by Doyon, Limited, Fairbanks, Alaska.)",,,,,,,,,porphyry_subset
10003281,Naginak Cove,53.6691,-166.832,United States,Alaska,,"Silver, Molybdenum, Copper, Gold",Zinc,,Occurrence,"53: Porphyry Cu105: Epithermal vein, generic","5|3: Porphyry Cu|1|0|5: Epithermal vein, generic",True,True,B,https://mrdata.usgs.gov/mrds/show-mrds.php?dep_id=10003281,A106023,,NA,M,Unknown,,,"Chalcopyrite, Pyrite",Chlorite,,,,Quartz-sericite-pyrite and weak propylitic (pyrite-chlorite +/- epidote) alteration around quartz veins.  Leaching is slight to moderate.,,,,"F.H. Wilson, Damon Bickerstaff",,,,,,,"Drewes, Harold, Fraser, G.D., Snyder, G.L., and Barnett, H.F., Jr., 1961, Geology of Unalaska Island and adjacent insular shelf, Aleutian Islands, Alaska:  U.S. Geological Survey Bulletin 1028-S, p. 583-676.Christie, J.S., 1974, Aleut-Quintana-Duval 1974 joint venture, final report:  Unpublished Quintana Minerals Corporation report, 24 p., 3 appendices, 2 maps. (Report held by the Aleut Corporation, Anchorage, Alaska.)",,,,,,,,,porphyry_subset
10002133,Neacola River,60.95946,-153.053,United States,Alaska,,"Copper, Molybdenum",Lead,,Occurrence,79: Porphyry Cu-Mo,7|9: Porphyry Cu-Mo,True,True,B,https://mrdata.usgs.gov/mrds/show-mrds.php?dep_id=10002133,A013024,,NA,M,Unknown,,,"Azurite, Bornite, Molybdenite",Quartz,,,,Unknown,,,,"D.P. Bickerstaff, M.L. Miller",,Diorite,,,,,"Resource Associates of Alaska, Inc., 1976, Geology and geochemistry of certain land within the Lake Clark National Park: Contract report for U.S. Bureau of Mines, 109 p.Cobb, E.H., and Reed, B.L., 1981, Summaries of data on and lists of references to metallic and selected nonmetallic mineral occurrences in the Iliamna, Lake Clark, Lime Hills, and McGrath quadrangles, Alaska - Supplement to Open-File Report 76-485: U.S. Geological Survey Open-File Report 81-1343-A, 25 p.Cobb, E.H., and Reed, B.L., 1981, Summaries of data on and lists of references to metallic and selected nonmetallic mineral occurrences in the Iliamna, Lake Clark, Lime Hills, and McGrath quadrangles, Alaska - Supplement to Open-File Report 76-485: U.S. Geological Survey Open-File Report 81-1343-B, 20 p.Nelson, W.H., Carlson, C., and Case, J.E., 1983, Geologic map of the Lake Clark quadrangle, Alaska: U.S. Geological Survey Miscellaneous Field Studies Map MF-1114-A, scale 1:250,000.MacKevett, E.M., Jr., and Holloway, C.D., 1977, Map showing metalliferous mineral deposits in the western part of southern Alaska: U.S. Geological Survey Open-File Report 77-169-F, 38 p., 1 sheet, scale 1:1,000,000.",,,,,,,,,porphyry_subset
10307773,Neirod - East,63.53546,-155.998,United States,Alaska,,Gold,"Zinc, Copper, Mercury, Antimony, Lead, Arsenic",,Prospect,78: Porphyry Cu-Au,7|8: Porphyry Cu-Au,True,True,B,https://mrdata.usgs.gov/mrds/show-mrds.php?dep_id=10307773,,,NA,,Unknown,,,"Arsenopyrite, Boulangerite, Jamesonite, Pyrite, Zinkenite","Tourmaline, Quartz",,,,Extensive sericitization of plutonic rocks; late tourmaline metasomatism.,,,,"Bundtzen, T.K.",,,,,,,"Patton, W.W., Jr., Moll, E.J., Dutro, J.T., Jr., Silberman, M.L., and Chapman, R.M., 1980, Preliminary geologic map of Medfra quadrangle, Alaska: U.S. Geological Survey Open-File Report 80-811-A, 1 sheet, scale l:250,000.Bundtzen, T.K., Pinney, D.S., and Laird, G.M., 1997, Preliminary geologic map and descriptive data tables from the Ophir C-1 and western Medfra C-6 quadrangles, Alaska: Alaska Division of Geological and Geophysical Surveys Public Data File Report 97-46, 10 p., 1 sheet, scale 1:63,360.",,,,,,,,,porphyry_subset
10096770,Nim,63.27959,-149.433,United States,Alaska,,"Copper, Molybdenum, Silver, Gold","Lead, Zinc",,Prospect,78: Porphyry Cu-Au85: Polymetallic veins,7|8: Porphyry Cu-Au|8|5: Polymetallic veins,True,True,B,https://mrdata.usgs.gov/mrds/show-mrds.php?dep_id=10096770,A011325,,NA,M,Unknown,,,"Arsenopyrite, Bornite, Chalcocite, Chalcopyrite, Galena, Molybdenite, Pyrite, Sphalerite",Quartz,,,,Alteration consists of  widespread propylitic alteration and silicification. Local zones of potassic alteration marked by secondary biotite reported.,,,,N. Van Wyck,,,,,,,"Capps, S.R., 1924, Geology and mineral resources of the region traversed by the Alaska Railroad: U.S. Geological Survey Bulletin 755-C, p. 73-150.Ross, C.P., 1933, The Valdez Creek mining district, Alaska: U.S. Geological Survey Bulletin 849, p. 289-467.Hawley, C.C., and Clark, A.L., 1974, Geology and mineral deposits of the upper Chulitna district, Alaska: U.S. Geological Survey Professional Paper 758-B, p. 1-47, 2 sheets, scale 1:12,000 and 1:48,000.Hawley, C.C., and others, 1978, Mineral appraisal of lands adjacent to Mt. McKinley National Park, Alaska. Contract No. JO166107: U.S. Bureau of Mines Open-File Report 24-78, 274 p., 12 sheets.Salisbury and Dietz, Inc., 1984, 1983 mineral resource studies: Kantishna Hills and Dunkle Mine areas, Denali National Park and Preserve, Alaska: U.S. Bureau of Mines, Contract No. S0134031, 1080 p.Bundtzen, T.K., 1983, Mineral resource modeling, Kantishna and Dunkle mine study areas: Alaska Division of Geological ""&"" Geophysical Surveys Report of Investigations 83-12, 51 p.Bundtzen, T.K., Eakins, G.R., Clough, J.G., Lueck, L.L., Green, C.B., Robinson, M.S., and Coleman, D.A., 1984, Alaska's Mineral Industry, 1983: Alaska Division of Geological and Geophysical Surveys Special Report 33, 56 p.Balen, M.D., 1990, Geochemical sampling results from the Bureau of Mines Investigations in the Valdez Creek mining district, Alaska: U.S. Bureau of Mines Open-File Report 34-90, 218 p., 2 plates, scale 1:250,000.Kurtak, J.M., Southworth, D.D., Balen, M.D., and Clautice, K.H., 1992, Mineral investigations in the Valdez Creek mining district, south-central Alaska: U.S. Bureau of Mines Open-File Report 1-92, 659 p., 2 plates, scale 1:250,000.Clark, A.L., and Cobb, E.H., 1972, Metallic mineral resources map of the Healy quadrangle, Alaska: U.S. Geological Survey Miscellaneous Field Studies Map MF-394, 1 sheet, scale 1:250,000.",,,,,,,,,porphyry_subset
10094056,Noah,63.1597,-143.413,United States,Alaska,,Copper,,,Prospect,79: Porphyry Cu-Mo,7|9: Porphyry Cu-Mo,True,True,B,https://mrdata.usgs.gov/mrds/show-mrds.php?dep_id=10094056,A012542,,NA,M,Unknown,,,,,,,,,,,,"Cameron, C.E.",,Schist,,Diorite,,,"Foster, H.L., 1970, Reconnaissance geologic map of the Tanacross quadrangle, Alaska: U.S. Geological Survey Miscellaneous Geological Investigations Map I-593, 1 sheet, scale 1:250,000.Singer, D.A., Csejtey, Bela, Jr., and Miller, R.J., 1978, Map and discussion of the metalliferous and selected nonmetalliferous mineral resources of the Talkeetna Mountains quadrangle, Alaska: U.S. Geological Survey Open-file Report 78-588-Q, 33 p., 1 plate, scale 1:250,000.Cobb, E.H., and Eberlein, G.D., 1980, Summaries of data on and lists of references to metallic and selected nonmetallic mineral deposits in the Big Delta and Tanacross quadrangles, Alaska: U.S. Geological Survey Open-File Report 80-1086, 77 p.MacKevett, E.M., Jr., and Holloway, C.D., 1977, Map showing metalliferous and selected non-metalliferous mineral deposits in the eastern part of southern Alaska: U.S. Geological Survey Open-File Report 77-169-A, 99 p., 1 sheet, scale 1:1,000,000.",,,,,,,,,porphyry_subset
10002126,North Currant Creek,60.31943,-153.933,United States,Alaska,,Copper,,,Occurrence,53: Porphyry Cu,5|3: Porphyry Cu,True,True,B,https://mrdata.usgs.gov/mrds/show-mrds.php?dep_id=10002126,A013017,,NA,M,Unknown,,,"Chalcopyrite, Hematite, Pyrite",,,,,"Volcanic rocks are silicified, recrystallized, and iron-stained.",,,,"D.P. Bickerstaff, M.L. Miller",,Rhyolite,,,,,"Resource Associates of Alaska, Inc., 1976, Geology and geochemistry of certain land within the Lake Clark National Park: Contract report for U.S. Bureau of Mines, 109 p.Cobb, E.H., and Reed, B.L., 1981, Summaries of data on and lists of references to metallic and selected nonmetallic mineral occurrences in the Iliamna, Lake Clark, Lime Hills, and McGrath quadrangles, Alaska - Supplement to Open-File Report 76-485: U.S. Geological Survey Open-File Report 81-1343-A, 25 p.Cobb, E.H., and Reed, B.L., 1981, Summaries of data on and lists of references to metallic and selected nonmetallic mineral occurrences in the Iliamna, Lake Clark, Lime Hills, and McGrath quadrangles, Alaska - Supplement to Open-File Report 76-485: U.S. Geological Survey Open-File Report 81-1343-B, 20 p.MacKevett, E.M., Jr., and Holloway, C.D., 1977, Map showing metalliferous mineral deposits in the western part of southern Alaska: U.S. Geological Survey Open-File Report 77-169-F, 38 p., 1 sheet, scale 1:1,000,000.",,,,,,,,,porphyry_subset
10308375,North Peternie,63.67173,-142.872,United States,Alaska,,Lead,"Molybdenum, Silver",,Prospect,79: Porphyry Cu-Mo,7|9: Porphyry Cu-Mo,True,False,C,https://mrdata.usgs.gov/mrds/show-mrds.php?dep_id=10308375,,,NA,,Unknown,,,Pyrite,,,,,"Quartz monzonite and latite porphyry rocks are hydrothermally altered (Doyon Ltd., 1997).",,,,"Cameron, C.E.",,,,,,,"Foster, H.L., 1970, Reconnaissance geologic map of the Tanacross quadrangle, Alaska: U.S. Geological Survey Miscellaneous Geological Investigations Map I-593, 1 sheet, scale 1:250,000.Foster, H.L., Keith, T.E C., and Menzie, W.D., 1994, Geology of the Yukon-Tanana area of East-Central Alaska: in Plafker, G. and Berg, H.C., eds., The geology of North America, vol. G-1, The geology of Alaska: Geological Society of America, p. 205-240.Doyon, Limited, 1998, Veta Prospects 1997 Volume 1: Fairbanks, Alaska, Doyon, Limited., unpublished report 98-10, 256 p.  (Report held by Doyon, Limited, Fairbanks, Alaska.)Newberry, R.J., Layer, P.W., Burleigh, R.E., and Solie, D.N., 1996, New 40Ar/39Ar dates for intrusions and mineral prospects in the eastern Yukon-Tanana terrane, Alaska - Regional patterns and significance, in Gray, J.E., and Riehle, J.R., eds.,  Geological Studies in Alaska by the U.S.  Geological Survey, 1996: U.S. Geological Survey Professional Paper 1595, p. 131-159.",,,,,,,,,porphyry_subset
10308923,Orange Hill,62.20549,-142.845,United States,Alaska,,"Copper, Molybdenum, Gold, Silver",,,Prospect,79: Porphyry Cu-Mo,7|9: Porphyry Cu-Mo,True,True,B,https://mrdata.usgs.gov/mrds/show-mrds.php?dep_id=10308923,A011395,,NA,M,Unknown,,,"Chalcopyrite, Molybdenite, Pyrite","Calcite, Gypsum, Quartz",,,,"Central altered zone 400 m by 2000 m contain  abundant biotite, quartz veinlets, minor k-feldspar, chlorite, and sericite cut by late stage anhydrite veins.  Outer altered zones contain chlorite, minor sericite and anhydrite.",,,,"Leonard, K.R. (Elliott, R.L.); Nokleberg, W.J.; Richter, D.H.",,,,,,,"Moffit, F.H., 1943, Geology of the Nutzotin Mountains, Alaska, with a section on the igneous rocks, by R. C. Wayland, and Gold deposits near Nabesna, by R. C. Wayland, 1943: U.S. Geological Survey Bulletin 933-B, p. 103-199.Van Alstine, R.E., and Black, R.F., 1944, Mineral deposits at Orange, Hill, Alaska: U.S. Geological Survey Open-File Report 76, 16 p., 1 sheet.Moffit, F.H., 1954, Geology of the eastern part of the Alaska Range and adjacent area: U.S. Geological Survey Bulletin 989-D, p. 63-218.Richter, D.H., 1973, Reconnaissance geological map of the Nabesna A-1 quadrangle, Alaska: U.S. Geological Survey Miscellaneous Investigations Series Map 1-789, scale 1:63,360.Richter, D.H., Singer, D.A., and Cox, D.P., 1975, Mineral resources map of the Nabesna quadrangle, Alaska: U.S. Geological Survey Miscellaneous Field Studies Map MF-655-K, scale 1:250,000.Hollister, V.F., Anzalone, S.A., and Richter, D.H., 1975, Porphyry copper belts of southern Alaska and contiguous Yukon Territory: CIM (Canadian Mining and Metallurgical) Bulletin, v. 68, no. 756, p. 104-112.Richter, D.H., and Matson, N.A., 1970, Geochemical data from the Nabesna A-4 quadrangle, Alaska: U.S. Geological Survey Open-File Report 70-276, 14 p., 1 sheet, scale 1:63,360.",,,,,,,,,porphyry_subset
10308376,Oreo,63.37974,-141.813,United States,Alaska,,Copper,,,Prospect,79: Porphyry Cu-Mo,7|9: Porphyry Cu-Mo,True,True,D,https://mrdata.usgs.gov/mrds/show-mrds.php?dep_id=10308376,,,NA,,Unknown,,,,,,,,,,Oreo Mountain,,"Cameron, C.E.",,,,,,,"Foster, H.L., 1970, Reconnaissance geologic map of the Tanacross quadrangle, Alaska: U.S. Geological Survey Miscellaneous Geological Investigations Map I-593, 1 sheet, scale 1:250,000.Foster, H.L., and Keith, T.E.C., 1994, Geology of the Yukon-Tanana area of east-central Alaska: in Plafker, G. and Berg, H.C., eds, The geology of North America, vol. G-1, The geology of Alaska: Geological Society of America, p. 205-240.",,,,,,,,,porphyry_subset
10002590,Ozzna Creek,62.29447,-153.949,United States,Alaska,,"Zinc, Lead, Copper, Gold, Silver",Molybdenum,,Prospect,79: Porphyry Cu-Mo,7|9: Porphyry Cu-Mo,True,True,B,https://mrdata.usgs.gov/mrds/show-mrds.php?dep_id=10002590,A015027,,NA,M,Unknown,,,"Chalcopyrite, Galena, Molybdenite, Pyrite, Sphalerite","Epidote, Quartz, Sericite",,,,Pyritic and sericitic alteration in breccia pipe.,,,,T.K. Bundtzen,,Volcanic Breccia (Agglomerate),,Sandstone,,,"Reed, B.L. and Elliott, R.L., 1968, Geochemical anomalies and metalliferous deposits between Windy Fork and Post River, southern Alaska: U.S. Geological Survey Circular 596, 22 pages.Bundtzen, T.K., Kline, J.T., and Clough, J.G., 1982, Preliminary geologic map of the McGrath B-2 quadrangle, Alaska: Alaska Division of Geological and Geophysical Surveys Open-File report 149, 22 pages, one sheet, scale 1:63,360.Solie, D.N., Bundtzen, T.K., and Gilbert, W.G., 1991, K-Ar ages of igneous rocks in the McGrath quadrangle, Alaska: Alaska Division of Geological and Geophysical Surveys Public Data File Report 160, 17 pages, one sheet, 1:250,000 scale.Bundtzen, T.K., Harris, E.E., and Gilbert, W.G., 1997, Geologic Map of the eastern McGrath quadrangle, Alaska: Alaska Division of Geological and Geophysical Surveys Report of Investigations 97-14, 34 pages, one sheet, scale 1:125,000.MacKevett, E.M., Jr., and Holloway, C.D., 1977, Map showing metalliferous mineral deposits in the western part of southern Alaska: U.S. Geological Survey Open-File Report 77-169-F, 38 p., 1 sheet, scale 1:1,000,000.",,,,,,,,,porphyry_subset
10094067,Pass,60.37942,-154.473,United States,Alaska,,"Copper, Lead","Zinc, Antimony, Molybdenum, Silver",,Prospect,79: Porphyry Cu-Mo,7|9: Porphyry Cu-Mo,True,True,B,https://mrdata.usgs.gov/mrds/show-mrds.php?dep_id=10094067,A013010,,NA,M,Unknown,,,"Silver, Chalcopyrite, Galena, Molybdenite, Pyrite, Pyrrhotite, Tetrahedrite",Quartz,,,,"Iron-staining, silicification, and propylization of the dacite.",,,,"D.P. Bickerstaff, M.L. Miller",,Dacite,,Dacite,,,"Resource Associates of Alaska, Inc., 1976, Geology and geochemistry of certain land within the Lake Clark National Park: Contract report for U.S. Bureau of Mines, 109 p.Eakins, G.R., Gilbert W.G., and Buntzen, T.K., 1978, Preliminary bedrock geology and mineral resource potential of west-central Lake Clark quadrangle, Alaska: Alaska Division of Geological and Geophysical Surveys Open-File Report 118, 15 p.Cobb, E.H., and Reed, B.L., 1981, Summaries of data on and lists of references to metallic and selected nonmetallic mineral occurrences in the Iliamna, Lake Clark, Lime Hills, and McGrath quadrangles, Alaska - Supplement to Open-File Report 76-485: U.S. Geological Survey Open-File Report 81-1343-A, 25 p.Cobb, E.H., and Reed, B.L., 1981, Summaries of data on and lists of references to metallic and selected nonmetallic mineral occurrences in the Iliamna, Lake Clark, Lime Hills, and McGrath quadrangles, Alaska - Supplement to Open-File Report 76-485: U.S. Geological Survey Open-File Report 81-1343-B, 20 p.Nelson, W.H., Carlson, C., and Case, J.E., 1983, Geologic map of the Lake Clark quadrangle, Alaska: U.S. Geological Survey Miscellaneous Field Studies Map MF-1114-A, scale 1:250,000.Nokleberg, W.J., Bundtzen, T.K., Berg, H.C., Brew, D.A., Grybeck, D.J., Robinson, M.S., Smith, T.E., and Yeend, W., 1987, Significant metalliferous lode deposits and placer districts of Alaska: U.S. Geological Survey Bulletin 1786, 104 p.Young, L.E., St. George, P., and Bouley, B., 1997, Porphyry copper deposits in relation to the magmatic history and palinspastic restoration of Alaska, in Goldfarb, R.J., and Miller, L.D., (eds.), Mineral deposits of Alaska: Economic Geology Monograph 9, p. 306-333.MacKevett, E.M., Jr., and Holloway, C.D., 1977, Map showing metalliferous mineral deposits in the western part of southern Alaska: U.S. Geological Survey Open-File Report 77-169-F, 38 p., 1 sheet, scale 1:1,000,000.",,,,,,,,,porphyry_subset
10002178,Pass Lake,61.39919,-153.236,United States,Alaska,,"Zinc, Molybdenum, Copper",,,Occurrence,79: Porphyry Cu-Mo,7|9: Porphyry Cu-Mo,True,True,B,https://mrdata.usgs.gov/mrds/show-mrds.php?dep_id=10002178,A013075,,NA,M,Unknown,,,"Chalcopyrite, Molybdenite, Pyrite, Pyrrhotite, Sphalerite",,,,,Quartz veining(?).,,,,Travis L. Hudson,,Granite,Styx River Batholith,Granite,,,"Resource Associates of Alaska, Inc., 1976, Geology and geochemistry of certain land within the Lake Clark National Park: Contract report for U.S. Bureau of Mines, 109 p.Gamble, B.M., Bailey, E. A., and Reed, B. L., 1989, Gold occurrences near Snowcap Mountain, Lime Hills B-2 quadrangle, Alaska: U.S. Geological Survey Open-File Report 89-0646, 8 p.MacKevett, E.M., Jr., and Holloway, C.D., 1977, Map showing metalliferous and selected non-metalliferous mineral deposits in the eastern part of southern Alaska: U.S. Geological Survey Open-File Report 77-169-A, 99 p., 1 sheet, scale 1:1,000,000.",,,,,,,,,porphyry_subset
10003603,Pass Lake West,60.40942,-154.553,United States,Alaska,,"Silver, Copper","Molybdenum, Zinc",,Occurrence,79: Porphyry Cu-Mo,7|9: Porphyry Cu-Mo,True,True,B,https://mrdata.usgs.gov/mrds/show-mrds.php?dep_id=10003603,A106361,,NA,M,Unknown,,,,,,,,Unknown,,,,D.P. Bickerstaff,,,,,,,"Resource Associates of Alaska, Inc., 1976, Geology and geochemistry of certain land within the Lake Clark National Park: Contract report for U.S. Bureau of Mines, 109 p.Eakins, G.R., Gilbert W.G., and Buntzen, T.K., 1978, Preliminary bedrock geology and mineral resource potential of west-central Lake Clark quadrangle, Alaska: Alaska Division of Geological and Geophysical Surveys Open-File Report 118, 15 p.Nelson, W.H., Carlson, C., and Case, J.E., 1983, Geologic map of the Lake Clark quadrangle, Alaska: U.S. Geological Survey Miscellaneous Field Studies Map MF-1114-A, scale 1:250,000.MacKevett, E.M., Jr., and Holloway, C.D., 1977, Map showing metalliferous mineral deposits in the western part of southern Alaska: U.S. Geological Survey Open-File Report 77-169-F, 38 p., 1 sheet, scale 1:1,000,000.",,,,,,,,,porphyry_subset
10258264,Pebble Deposit,59.8971,-155.295,United States,Alaska,,"Copper, Gold","Molybdenum, Silver",,Prospect,78: Porphyry Cu-Au,7|8: Porphyry Cu-Au,True,True,A,https://mrdata.usgs.gov/mrds/show-mrds.php?dep_id=10258264,,21030050,NA,M,Surface,,,"Gold, Pyrite, Chalcopyrite, Molybdenite, Bornite, Covellite, Chalcocite, Magnetite, Galena, Sphalerite, Goethite","Biotite, Diorite, Quartz",,,,,,"Pebble Beach Copper, Pebble Copper",,"Hawley, C.C., Ges, Schruben, Paul",,"Tonalite,Granodiorite",,,,,"The Northern Dynasty Minerals Ltd website description of Pebble.\nhttp://www.northerndynastyminerals.com/ndm/Pebble.aspPorter GeoConsultancy web page for Pebble has a description of the geology.  Accessed 9/8/2010.  \nhttp://www.portergeo.com.au/The Metals Economics Group (MEG) webpage for Pebble contains information about this deposit.  Accessed on 6/29/2010. \nhttp://www.metalseconomics.com/\nMETALS WEEK 1/21/91MINING JOURNAL, SUPPLEMENT, 5/20/94, P.8.CANADIAN MINES HANDBOOK 1991-92, P.108.MINING ENGINEERING, 3/91, P. 285.Bouley, B.A., St. George, P., and Wetherbee, P.K., 1995, Geology and discovery at Pebble Copper, a copper-gold porphyry system in southwest Alaska: Canadian Institute of Mining, Metallurgy, and Petroleum, Special Volume 46Detterman, R.L., and Reed, B.L., 1980, Stratigraphy, structure, and economic geology of the Iliamna quadrangle, Alaska: U.S. Geological Survey Bulletin 1368-B, 86 p.\nMuller, Daniel, and Groves, D. I., 1995, Potassic igneous rocks and associated gold-copper mineralization: in No. 56, Lecture notes in Earth Sciences, Springer-Verlag, New York, 210 p.Youngman, Bruce, 2003, New discoveries within the giant Pebble copper-gold sulfide system [abs]: 2003 Cordilleran Exploration Roundup, Vancouver, B.C., Canada.NORTHERN MINER, V 76/N 47, 3/9/92, P.1,19.ALASKA JOURNAL OF COMMERCE 1/28/91 P. 2Bundtzen, T.K., Swainbank, R.C., Wood, J.E., and Clough, A.H., 1992, Alaska's mineral industry 1991: A summary: Alaska Division of Geological & Geophysical Surveys Information Circular 35, 11 p.COMINCO LTD., 1993 ANNUAL REPORT, P.35.COMINCO LTD., 1995 ANNUAL REPORT, P.37.",,,,,,1989,,,porphyry_subset
10001746,Peternie,63.60972,-142.993,United States,Alaska,,"Zinc, Molybdenum, Copper",,,Prospect,79: Porphyry Cu-Mo,7|9: Porphyry Cu-Mo,True,True,B,https://mrdata.usgs.gov/mrds/show-mrds.php?dep_id=10001746,A012530,,NA,M,Unknown,,,"Chalcopyrite, Molybdenite, Pyrite",,,,,"Pervasive hydrothermal alteration, evidenced by potassic, propylitic, and phyllic alteration in core (Doyon Ltd., 1997).",,,,"Cameron, C.E.",,Latite,,,,,"Singer, D.A., Csejtey, Bela, Jr., and Miller, R.J., 1978, Map and discussion of the metalliferous and selected nonmetalliferous mineral resources of the Talkeetna Mountains quadrangle, Alaska: U.S. Geological Survey Open-file Report 78-588-Q, 33 p., 1 plate, scale 1:250,000.Eberlein, G.D., Chapman, R.M., Foster, H.L., and Gassaway, J.S., 1977, Map and table describing known metalliferous and selected nonmetalliferous mineral deposits in central Alaska: U.S. Geological Survey Open-File Report  77-168-D, 132 p., 1 map, scale 1:1,000,000.Cobb, E.H., and Eberlein, G.D., 1980, Summaries of data on and lists of references to metallic and selected nonmetallic mineral deposits in the Big Delta and Tanacross quadrangles, Alaska: U.S. Geological Survey Open-File Report 80-1086, 77 p.Doyon, Limited, 1998, Veta Prospects 1997 Volume 1: Fairbanks, Alaska, Doyon, Limited., unpublished report 98-10, 256 p.  (Report held by Doyon, Limited, Fairbanks, Alaska.)Newberry, R.J., Layer, P.W., Burleigh, R.E., and Solie, D.N., 1996, New 40Ar/39Ar dates for intrusions and mineral prospects in the eastern Yukon-Tanana terrane, Alaska - Regional patterns and significance, in Gray, J.E., and Riehle, J.R., eds.,    Geological Studies in Alaska by the U.S.  Geological Survey, 1996: U.S. Geological Survey Professional Paper 1595, p. 131-159.",,,,,,,,,porphyry_subset
10001452,Phoenix,62.33068,-149.092,United States,Alaska,,Copper,Iron,,Prospect,78: Porphyry Cu-Au85: Polymetallic veins,7|8: Porphyry Cu-Au|8|5: Polymetallic veins,True,True,B,https://mrdata.usgs.gov/mrds/show-mrds.php?dep_id=10001452,A012202,,NA,M,Unknown,,,"Azurite, Bornite, Chalcopyrite, Hematite, Malachite",Quartz,,,,,,,,"Riehle, J.",,,,,,,"Capps, S.R., 1919, Mineral resources of the upper Chulitna region: U.S. Geological Survey Bulletin 692, p. 207-232.Capps, S.R., 1924, Geology and mineral resources of the region traversed by the Alaska Railroad: U.S. Geological Survey Bulletin 755-C, p. 73-150.Cobb, E.H., 1972, Metallic mineral resources map of the Talkeetna Mountains quadrangle, Alaska: U.S. Geological Survey Miscellaneous Field Studies Map MF-370, 1 sheet, scale 1:250,000.Csejtey, Bela, Jr., and Miller, R.J., 1978, Map and table describing metalliferous and selected nonmetalliferous mineral deposits in the Talkeetna Mountains quadrangle, Alaska: U.S. Geological Survey Open-File Report 78-558-B, 20 p., 1 plate, scale 1:250,000.Singer, D.A., Csejtey, Bela, Jr., and Miller, R.J., 1978, Map and discussion of the metalliferous and selected nonmetalliferous mineral resources of the Talkeetna Mountains quadrangle, Alaska: U.S. Geological Survey Open-file Report 78-588-Q, 33 p., 1 plate, scale 1:250,000.Cobb, E.H., and Csejtey, Bela, Jr., 1980, Summaries of data on and lists of references to metallic and selected nonmetallic mineral deposits in the Talkeetna Mountains quadrangle, Alaska: U.S. Geological Survey Open-File Report 80-716, 63 p.MacKevett, E.M., Jr., and Holloway, C.D., 1977, Map showing metalliferous and selected non-metalliferous mineral deposits in the eastern part of southern Alaska: U.S. Geological Survey Open-File Report 77-169-A, 99 p., 1 sheet, scale 1:1,000,000.",,,,,,,,,porphyry_subset
10001748,Pika Canyon,63.82976,-141.413,United States,Alaska,,Copper,,,Prospect,79: Porphyry Cu-Mo,7|9: Porphyry Cu-Mo,True,True,B,https://mrdata.usgs.gov/mrds/show-mrds.php?dep_id=10001748,A012532,,NA,M,Unknown,,,"Chalcopyrite, Malachite, Pyrite, Sphalerite",,,,,"The alteration at Pika Canyon is patchy and somewhat irregular, but generally occurs in somewhat concentric zones of potassic, phyllic, and propylitic alteration (Gill, 1977, p. 86).",,,,"Cameron, C.E.",,Diorite,,Diorite,,,"Singer, D.A., Csejtey, Bela, Jr., and Miller, R.J., 1978, Map and discussion of the metalliferous and selected nonmetalliferous mineral resources of the Talkeetna Mountains quadrangle, Alaska: U.S. Geological Survey Open-file Report 78-588-Q, 33 p., 1 plate, scale 1:250,000.Eberlein, G.D., Chapman, R.M., Foster, H.L., and Gassaway, J.S., 1977, Map and table describing known metalliferous and selected nonmetalliferous mineral deposits in central Alaska:  U.S. Geological Survey Open-File Report  77-168-D, 132 p., 1 map, scale 1:1,000,000.Gill, R., 1977, Geology and mineral deposits of the southwest quarter of the Tanacross D-1 quadrangle, Alaska:  Golden, Colorado School of Mines, M.Sc. thesis, 129 p.Cobb, E.H., and Eberlein, G.D., 1980, Summaries of data on and lists of references to metallic and selected nonmetallic mineral deposits in the Big Delta and Tanacross quadrangles, Alaska: U.S. Geological Survey Open-File Report 80-1086, 77 p.",,,,,,,,,porphyry_subset
10308105,Pmrgx-19,55.69824,-160.526,United States,Alaska,,"Copper, Silver",,,Occurrence,53: Porphyry Cu,5|3: Porphyry Cu,True,True,C,https://mrdata.usgs.gov/mrds/show-mrds.php?dep_id=10308105,,,NA,,Unknown,,,Pyrite,Quartz,,,,,,,,S.H. Pilcher,,,,,,,"Wilson, F.H., Harris, E.E., and Bailey, E.A., 1987, Preliminary analytical results and sample locality map for rock samples collected in 1985 and 1986, Port Moller and Stepovak Bay quadrangles, Alaska: U.S. Geological Survey Open-File Report 87-497, 44 p., 1 plate, scale 1:250,000.Wilson, F.H., White, W.H., and DuBois, G.D., 1988, Brief descriptions of mines, prospects, and mineral occurrences in the Port Moller and Stepovak Bay quadrangles, Alaska Peninsula: U.S. Geological Survey Open-File Report 88-666, 128 p., scale 1:250,000.Wilson, F.H., Detterman, R.L., Miller, J. W., and Case, J.E., 1995, Geologic map of the Port Moller, Stepovak Bay, and Simeonof Island quadrangles, Alaska: U.S. Geological Survey Miscellaneous Investigation Series Map I-2272, 1 map sheet, scale 1:250,000.",,,,,,,,,porphyry_subset
10308082,Pmrgx-5,55.18021,-161.822,United States,Alaska,,"Copper, Silver, Gold","Zinc, Lead, Molybdenum",,Occurrence,53: Porphyry Cu78: Porphyry Cu-Au79: Porphyry Cu-Mo,5|3: Porphyry Cu|7|8: Porphyry Cu-Au|7|9: Porphyry Cu-Mo,True,True,B,https://mrdata.usgs.gov/mrds/show-mrds.php?dep_id=10308082,,,NA,,Unknown,,,"Chalcopyrite, Pyrite",,,,,"Christie (1974) noted the presence of  epidote, chlorite, and fine-grained sericite.",,,,S.H. Pilcher,,,,,,,"Christie, J.S., 1974, Aleut-Quintana-Duval 1974 joint venture, final report:  Unpublished Quintana Minerals Corporation report, 24 p., 3 appendices, 2 maps. (Report held by the Aleut Corporation, Anchorage, Alaska.)Angeloni, L.M., Wilson, F.H., and Sutlet, S., 1985, Map and tables showing preliminary rock geochemical data, Port Moller, Stepovak Bay, and Simeonof Island quadrangles, Alaska: U.S. Geological Survey Open-File Report 85-470, 179 p., 1 map sheet, scale 1:250,000.Wilson, F.H., White, W.H., and DuBois, G.D., 1988, Brief descriptions of mines, prospects, and mineral occurrences in the Port Moller and Stepovak Bay quadrangles, Alaska Peninsula: U.S. Geological Survey Open-File Report 88-666, 128 p., scale 1:250,000.Wilson, F.H., Detterman, R.L., Miller, J. W., and Case, J.E., 1995, Geologic map of the Port Moller, Stepovak Bay, and Simeonof Island quadrangles, Alaska: U.S. Geological Survey Miscellaneous Investigation Series Map I-2272, 1 map sheet, scale 1:250,000.",,,,,,,,,porphyry_subset
10003127,Poovookpuk Mountain,63.44912,-171.533,United States,Alaska,,"Molybdenum, Copper",,,Prospect,79: Porphyry Cu-Mo,7|9: Porphyry Cu-Mo,True,True,B,https://mrdata.usgs.gov/mrds/show-mrds.php?dep_id=10003127,A015659,,NA,M,Unknown,,,"Chalcopyrite, Malachite, Molybdenite",Pyrite,,,,Alteration of the quartz monzonite porphyry has not been described but is probably present.  The nearby volcanic rocks are probably also altered in addition to being pyritized.,,,,Travis L. Hudson,,Quartz Monzonite,,,,,"Patton, W.W., Jr., and Csejtey, Bela, Jr., 1971, Preliminary geologic investigations of western St. Lawrence Island, Alaska: U.S. Geological Survey Professional Paper 684-C, p. C1-C15.Patton, W.W., Jr., and Csejtey, Bela, Jr., 1972, Analyses of stream sediment and rock samples from St. Lawrence Island, Alaska, 1966-1971: U.S. Geological Survey Open-File Report 72-293, 78 p.Patton, W.W., Jr., and Csejtey, Bela, Jr., 1980, Geologic map of St. Lawrence Island, Alaska: U.S. Geological Survey Miscellaneous Investigation Series Map I-1203, scale 1:250,000.Cobb, E.H., 1980, Summaries of data and lists of references to metallic and selected nonmetallic mineral deposits in fifteen quadrangles in southwestern and west-central Alaska: U.S. Geological Survey Open-File Report 80-909, 103 p.Cobb, E.H., 1972, Metallic mineral resources map of the Saint Lawrence quadrangle, Alaska: U.S. Geological Survey Miscellaneous Field Studies Map MF-465, 1 sheet, scale 1:250,000.",,,,,,,,,porphyry_subset
10001751,Pushbush,63.51975,-141.323,United States,Alaska,,"Molybdenum, Copper",,,Prospect,79: Porphyry Cu-Mo,7|9: Porphyry Cu-Mo,True,True,C,https://mrdata.usgs.gov/mrds/show-mrds.php?dep_id=10001751,A012536,,NA,M,Unknown,,,"Chalcopyrite, Molybdenite, Pyrite",,,,,,,,,"Cameron, C.E.",,,,,,,"Singer, D.A., Csejtey, Bela, Jr., and Miller, R.J., 1978, Map and discussion of the metalliferous and selected nonmetalliferous mineral resources of the Talkeetna Mountains quadrangle, Alaska: U.S. Geological Survey Open-file Report 78-588-Q, 33 p., 1 plate, scale 1:250,000.Eberlein, G.D., Chapman, R.M., Foster, H.L., and Gassaway, J.S., 1977, Map and table describing known metalliferous and selected nonmetalliferous mineral deposits in central Alaska: U.S. Geological Survey Open-File Report  77-168-D, 132 p., 1 map, scale 1:1,000,000.Cobb, E.H., and Eberlein, G.D., 1980, Summaries of data on and lists of references to metallic and selected nonmetallic mineral deposits in the Big Delta and Tanacross quadrangles, Alaska: U.S. Geological Survey Open-File Report 80-1086, 77 p.Sinclair, W.D., 1986, Molybdenum, tungsten, and tin deposits and associated granitoid intrusions in the Northern Canadian cordillera and adjacent parts of Alaska, in Morin, J.A., ed., Mineral deposits of the northern cordillera: Canadian Institute of Mining and Metallurgy, Special Volume 37, p. 216-233.Foster, H.L., and Keith, T.E.C., 1994, Geology of the Yukon-Tanana area of east-central Alaska: in Plafker, G. and Berg, H.C., eds, The geology of North America, vol. G-1, The geology of Alaska: Geological Society of America, p. 205-240.",,,,,,,,,porphyry_subset
10308987,Pyramid,55.62924,-160.672,United States,Alaska,,"Copper, Molybdenum","Zinc, Antimony, Lead, Gold, Silver",,Prospect,53: Porphyry Cu54: Porphyry Cu (North America)79: Porphyry Cu-Mo,5|3: Porphyry Cu|5|4: Porphyry Cu (North America)|7|9: Porphyry Cu-Mo,True,True,A,https://mrdata.usgs.gov/mrds/show-mrds.php?dep_id=10308987,A010658,,NA,M,Unknown,,,"Chalcocite, Chalcopyrite, Covellite, Molybdenite, Pyrite",Quartz,,Well-defined concentric alteration zones.,,"The alteration consists of a barren, potassically-altered core zone, an intermediate zone characterized by pervasive quartz and sericite, and a propylitic outer zone.",,"Pyramid Prospect, Pyramid Mountain Copper Prospect",,"Elliott, R.L., Leonard, Kenneth R. (Huber, Donald F.), S.H. Pilcher",,Diorite,,Diorite,,,"Wolfhard, F.H., 1974, Pyramid prospect preliminary evaluation: Unpublished Quintana Minerals Corporation report, 9 p., 6 map sheets, various scales. (Report held by the Aleut Corporation, Anchorage, Alaska.)Wolfhard, F.H., 1976, Final report, Pyramid project 1976 work: Unpublished Quintana Minerals Corporation report, 2 p. (Report held by the Aleut Corporation, Anchorage, Alaska.)Armstrong, R.L., Harakal, J.E., and Hollister, V.F., 1976, Age determinations of late Cenozoic porphyry copper deposits of the North American Cordillera: Institute of Mining and Metallurgy Transactions, Section B, v. 85, p. 239-244.Christie, J.S., 1974, Aleut-Quintana-Duval 1974 joint venture, final report: Unpublished Quintana Minerals Corporation report, 24 p., 3 appendices, 2 maps. (Report held by the Aleut Corporation, Anchorage, Alaska.)Hollister, V.F., 1978, Geology of the porphyry copper deposits of the Western Hemisphere; New York, Society of Mining Engineering, American Institute of Mining, Metallurgy, and Petroleum Engineers Incorporated, 218 p.Butherus, D.L, Gressitt, E.E., Pray, J., Corner, N.G., Lindberg, P.H., and Fankhauser, R.E., 1979, Exploration and evaluation of the Aleut Native Corporation lands; Volume III: Resource Associates of Alaska, 69 p. 90 sheets, various sacales. (Report held by the Aleut Native Corporation, Anchorage, Alaska.)Eakins, G.R., Bundtzen, T.K., Robinson, M.S., Clough, J.G., Green, C.B., Clautice, K.H., and Albanese M.A., 1983, Alaska's mineral industry, 1982, Alaska Division of Geological and Geophysical Surveys Special Report 31, 63 p.Freeport Exploration Company, 1985, 1984 report of activities, Canoe Bay joint venture: Freeport Exploration Company, 25 p. (Report held by the Aleut Corporation, Anchorage, Alaska.)Angeloni, L.M., Wilson, F.H., and Sutlet, S., 1985, Map and tables showing preliminary rock geochemical data, Port Moller, Stepovak Bay, and Simeonof Island quadrangles, Alaska: U.S. Geological Survey Open-File Report 85-470, 179 p., 1 map sheet, scale 1:250,000.Nokleberg, W.J., Bundtzen, T.K., Berg, H.C., Brew, D.A., Grybeck, D.J., Robinson, M.S., Smith, T.E., and Yeend, W., 1987, Significant metalliferous lode deposits and placer districts of Alaska: U.S. Geological Survey Bulletin 1786, 104 p.Bundtzen, T.K., Green, C.B., Deagen, J., and Daniels, C.L., 1987, Alaska's mineral industry, 1986: Alaska Division of Geological and Geophysical Surveys, Special Report 40, 68 p.Wilson, F.H., White, W.H., and DuBois, G.D., 1988, Brief descriptions of mines, prospects, and mineral occurrences in the Port Moller and Stepovak Bay quadrangles, Alaska Peninsula: U.S. Geological Survey Open-File Report 88-666, 128 p., scale 1:250,000.Wilson, F.H., Detterman, R.L., Miller, J. W., and Case, J.E., 1995, Geologic map of the Port Moller, Stepovak Bay, and Simeonof Island quadrangles, Alaska: U.S. Geological Survey Miscellaneous Investigation Series Map I-2272, 1 map sheet, scale 1:250,000.Wilson, F.H., White, W.H., Detterman, R.L., and Case, J.E., (1991) 1996, Maps showing the resource assessment of the Port Moller, Stepovak Bay, and Simeonof Island quadrangles, Alaska Peninsula, with a section on Geology of the Pyramid porphyry copper deposit, Alaska Peninsula, Alaska, by W.H. White, J.S. Christie, M.R. Wolfhard, and F.H.Wilson, and a section on Description of the Shumagin epithermal gold vein deposit, by W.H. White and L.D. Queen: U.S. Geological Survey Miscellaneous Field Studies Map MF-2155-F, 46 p., 2 sheets, scales 1:500,000 and 1:250,000.Young, L.E., St. George, P., and Bouley, B., 1997, Porphyry copper deposits in relation to the magmatic history and palinspastic restoration of Alaska, in Goldfarb, R.J., and Miller, L.D., (eds.), Mineral deposits of Alaska: Economic Geology Monograph 9, p. 306-333.Christie, J.S., and Wolfhard, M.R., 1977, Pyramid porphyry copper-molybdenum prospect, Alaska: Geol. Assoc. of Canada, Annual Meeting, 1977, Program with Abstracts, Vol. 2, p. 12.Cobb, E.H., 1980, Summaries of data on and lists of references to metallic and selected nonmetallic mineral deposits in fifteen quadrangles in southwestern and West-central Alaska: U.S. Geological Survey Open-File Report 80-909, 103 p.MacKevett, E.M., Jr., and Holloway, C.D., 1977, Map showing metalliferous mineral deposits in the western part of southern Alaska: U.S. Geological Survey Open-File Report 77-169-F, 39 p., 1 sheet, scale 1:1,000,000.Bundtzen, T.K., Eakins, G.R., Green, C.B., and Lueck, L.L., 1986, Alaska's mineral industry 1985: Alaska Division of Geological & Geophysical Surveys Special Report 39, 68 p.Christie, J.S., 1975, Pyramid Project, Aleut-Quintana-Duval joint venture report on 1975 drill program: Quintana Minerals Report, 17 p. (Report held by the Aleut Corporation, Anchorage, Alaska.)MacKevett, E.M., Jr., and Holloway, C.D., 1977, Map showing metalliferous mineral deposits in the western part of southern Alaska: U.S. Geological Survey Open-File Report 77-169-F, 38 p., 1 sheet, scale 1:1,000,000.Unpublished information from the USGS BORA-MRDS files.",,,,,,,,,porphyry_subset
10001678,Rex,57.25432,-157.086,United States,Alaska,,"Gold, Copper","Molybdenum, Lead, Zinc",,Prospect,78: Porphyry Cu-Au,7|8: Porphyry Cu-Au,True,True,B,https://mrdata.usgs.gov/mrds/show-mrds.php?dep_id=10001678,A012457,,NA,M,Unknown,,,"Chalcopyrite, Galena, Gold, Molybdenite, Pyrite, Sphalerite","Barite, Quartz",,,,"This prospect exhibits zoned potassic, phyllic, and propylitic alteration.",,,,S.H. Pilcher,,Diorite,,Diorite,,,"Nokleberg, W.J., Bundtzen, T.K., Berg, H.C., Brew, D.A., Grybeck, D.J., Robinson, M.S., Smith, T.E., and Yeend, W., 1987, Significant metalliferous lode deposits and placer districts of Alaska: U.S. Geological Survey Bulletin 1786, 104 p.Church, S.E., Detterman, R.L., and Wilson, F.H., 1989, Mineral and energy resource assessment maps of the Ugashik, Bristol Bay, and western Karluk quadrangles, Alaska: U.S. Geological Survey Miscellaneous Field Studies Map MF 1539-I, 2 map sheets, scale 1:250,000.Church, S.E., Frisken J.G., Wilson, F.H., 1989, Interpretation of exploration geochemical data from Ugashik, Bristol Bay, and western Karluk quadrangles, Alaska: U.S Geological Survey Bulletin 1858, 45 p.Wilson, F.H., and Shew, N., 1992, Map and tables showing geochronology and whole rock geochemistry of selected samples from Ugashik, Bristol Bay, and part of Karluk quadrangle, Alaska: U.S. Geological Survey Map MF-1539-E, 34 p., 1 map sheet, scale 1:250,000.MacKevett, E.M., Jr., and Holloway, C.D., 1977, Map showing metalliferous mineral deposits in the western part of southern Alaska: U.S. Geological Survey Open-File Report 77-169-F, 38 p., 1 sheet, scale 1:1,000,000.Hedderly-Smith, D.A., 1977, 1977 Annual report, Alaska search, Koniag Inc. region: Bear Creek Mining Company, Spokane Office, 23 p. (Report held by Kennecott Alaska, Anchorage).Eakins, G.R., Bundtzen, T.K., Robinson, M.S., Clough, J.G., Green, C.B., Clautice, K.H., and Albanese M.A., 1983, Alaska's mineral industry, 1982: Alaska Division of Geological and Geophysical Surveys Special Report 31, 63 p.",,,,,,,,,porphyry_subset
10002531,Round Top,64.17638,-157.57,United States,Alaska,,"Copper, Molybdenum","Silver, Zinc, Tungsten, Lead",,Prospect,79: Porphyry Cu-Mo,7|9: Porphyry Cu-Mo,True,True,B,https://mrdata.usgs.gov/mrds/show-mrds.php?dep_id=10002531,A013473,,NA,M,Unknown,,,"Argentojarosite, Beudantite, Chalcocite, Chalcopyrite, Covellite, Jarosite, Molybdenite, Pyrite, Pyrrhotite, Sphalerite, Copper","Actinolite, Andalusite, Anhydrite, Calcite, Chlorite, Epidote, Garnet, Goethite, Hematite, Jarosite, Kaolinite, Limonite, Montmorillonite, Quartz, Siderite",,,,"Alteration consists of early potassic and propylitic alteration in the microbreccia and earlier porphyritic intrusions, and later sericite-quartz-pyrite alteration throughout the intrusive complex.  The deposit also has undergone supergene enrichment,  and calcareous schists near the complex have undergone calc-silicate hornfelsing and iron metasomatism..   The early potassic and propylitic alteration centers around a 330-foot-  diameter zone of stockwork quartz veins.    Potassic alteration extends west for about 3600 feet, and gradually transitions to propylitic alteration.    Quartz veins in the stockwork zone make up to 90% of the rock.  Older, smaller 'A'- type veins containing potassium-feldspar margins locally contain molybdenum, pyrite, and chalcopyrite.  Younger, larger, 'B'- type veins usually contain molybdenum in their cores or along selvages.  Sericite, anhydrite, and andalusite occur along some vein margins..   The propylitic alteration consists of chlorite, epidote, calcite, actinolite,  montmorillonite, and chalcedonic quartz.  The later sericite-quartz-pyrite alteration is fracture controlled and pervasive through the intrusive complex..   A zone of supergene enrichment underlies the oxide (gossan) zone, which  typically is 300-400 feet deep. The supergene zone contains chalcocite and sparse covellite and native Cu, as well as pyrite and chalcopyrite. Within the oxide zone, goethite, hematite, jarosite, and limonite are common.  The oxidation of these rocks results in the formation of a kaolinite-sericite-quartz assemblage that is leached of all sulfides.",,Tim's Greisen,,"Cameron, C.E.",,Dacite,,,,,"Gemuts, I., Puchner, C.C., and Steefel, C.I., 1983, Regional geology and tectonic history of western Alaska, western Alaska geology and potential: Alaska Geological Society Symposium, Anchorage, Alaska, Feb. 16-18, 1982, p. 57-85.Harris, T.D., 1985, Geology of the Round Top porphyry copper-molybdenum deposit, west-central Alaska: University of Colorado, Boulder, M.Sc. thesis, 202 p.Flanigan, B., 1998, Genesis and mineralization of ore deposits in the Illinois Creek region, West Central Alaska: University of Alaska, Fairbanks, M.Sc. thesis,  125 p., 2 plates.",,,,,,,,,porphyry_subset
10000978,Rusaw Creek,61.73959,-147.443,United States,Alaska,,Copper,,,Occurrence,53: Porphyry Cu,5|3: Porphyry Cu,True,True,B,https://mrdata.usgs.gov/mrds/show-mrds.php?dep_id=10000978,A011650,,NA,M,Unknown,,,"Chalcopyrite, Magnetite",,,,,,,,,"S.W. Huss, D.P. Bickerstaff",,,,,,,"Jasper, M.W., 1965, Geochemical investigations of selected areas in southcentral Alaska, 1964: Alaska Division of Mines and Minerals Geochemical Report 4, 31 p.Berg, H.C., and Cobb, E.H., 1967, Metalliferous Lode Deposits of Alaska. U.S. Geological Survey Bulletin 1246,  254 p.MacKevett, E.M., Jr., and Holloway, C.D., 1977, Map showing metalliferous and selected non-metalliferous mineral deposits in the eastern part of southern Alaska: U.S. Geological Survey Open-File Report 77-169-A, 99 p., 1 sheet, scale 1:1,000,000.Cobb, E.H., 1972, Metallic mineral resources map of the Anchorage quadrangle, Alaska: U.S. Geological Survey Miscellaneous Field Studies Map MF-409, 1 sheet, scale 1:250,000.MacKevett, E.M., Jr., and Holloway, C.D., 1977, Map showing metalliferous mineral deposits in the western part of southern Alaska: U.S. Geological Survey Open-File Report 77-169-F, 38 p., 1 sheet, scale 1:1,000,000.Cobb, E.H., 1979, Summary of references to mineral occurrences (other than mineral fuels and construction materials in the Anchorage quadrangle, Alaska: U.S. Geological Survey Open-File Report 79-1095, 184 p.",,,,,,,,,porphyry_subset
10308377,Shady Ridge,63.09974,-141.103,United States,Alaska,,"Molybdenum, Copper",,,Prospect,79: Porphyry Cu-Mo,7|9: Porphyry Cu-Mo,True,True,C,https://mrdata.usgs.gov/mrds/show-mrds.php?dep_id=10308377,,,NA,,Unknown,,,,,,,,,,,,"Cameron, C.E.",,,,,,,"Foster, H.L., 1970, Reconnaissance geologic map of the Tanacross quadrangle, Alaska:  U.S. Geological Survey Miscellaneous Geological Investigations Map I-593, 1 sheet, scale 1:250,000.",,,,,,,,,porphyry_subset
10093982,Silver King,63.25959,-149.553,United States,Alaska,,"Copper, Silver, Gold","Bismuth, Cobalt, Antimony",,Prospect,"59: Skarn Cu78: Porphyry Cu-Au85: Polymetallic veins180: Simple Sb (veins, pods, etc)","5|9: Skarn Cu|7|8: Porphyry Cu-Au|8|5: Polymetallic veins|1|8|0: Simple Sb (veins, pods, etc)",True,True,B,https://mrdata.usgs.gov/mrds/show-mrds.php?dep_id=10093982,A011334,,NA,M,Unknown,,,"Arsenopyrite, Chalcopyrite, Pyrite, Pyrrhotite, Stibnite","Calcite, Quartz",,,,Skarn formation widespread; porphyry-type alteration is also reported.,,,,N. Van Wyck,,Argillite,,,,,"Ross, C.P., 1933, The Valdez Creek mining district, Alaska: U.S. Geological Survey Bulletin 849, p. 289-467.Hawley, C.C., and Clark, A.L., 1968, Occurence of gold and other metals in the upper Chulitna district, Alaska: U.S. Geological Survey Circular 564, 21 p.Hawley, C.C., and Clark, A.L., 1974, Geology and mineral deposits of the upper Chulitna district, Alaska: U.S. Geological Survey Professional Paper 758-B, p. 1-47, 2 sheets, scale 1:12,000 and 1:48,000.Swainbank, R.C., Smith, T.E., and Turner, D.L., 1977, Geology and K-Ar age of mineralized intrusive rocks from the Chulitna mining district, central Alaska, in Short notes on Alaskan geology-1977: Alaska Division of Geological and Geophysical Surveys, Geologic Report 55, p. 23-28.Hawley, C.C., and others, 1978, Mineral appraisal of lands adjacent to Mt. McKinley National Park, Alaska. Contract No. JO166107: U.S. Bureau of Mines Open-File Report 24-78, 274 p., 12 sheets.Cobb, E.H., 1978, Summary of references to mineral occurrences (other than mineral fuels and construction materials) in the Healy quadrangle, Alaska: U.S. Geological Survey Open-File Report 78-1062, 113 p.Bundtzen, T.K., 1983, Mineral resource modeling, Kantishna and Dunkle mine study areas: Alaska Division of Geological ""&"" Geophysical Surveys Report of Investigations 83-12, 51 p.Salisbury and Dietz, Inc., 1984, 1983 mineral resource studies: Kantishna Hills and Dunkle Mine areas, Denali National Park and Preserve, Alaska: U.S. Bureau of Mines, Contract No. S0134031, 1080 p.Balen, M.D., 1990, Geochemical sampling results from the Bureau of Mines Investigations in the Valdez Creek mining district, Alaska: U.S. Bureau of Mines Open-File Report 34-90, 218 p., 2 plates, scale 1:250,000.Wilson, F.H., Dover, J.H., Bradley, D.C., Weber, F.R., Bundtzen, T.K., and Haeussler, P.J., 1998, Geologic map of central (interior) Alaska: U.S. Geological Survey Open-File Report 98-133, 17 p., 2 sheetsm, scale 1:500,000.Hawley, C.C., Clark, A.L., Herdrick, M.A., and Clark, S.H.B., 1969, Results of geological and geochemical investigations in an area northwest of the Chulitna River, central Alaska Range: U.S. Geological Survey Circular 617, 19 p.Capps, S.R., 1919, Mineral resources of the upper Chulitna region: U.S. Geological Survey Bulletin 692-D, p. 207-232.",,,,,,,,,porphyry_subset
10000682,Snoopy,63.25959,-149.473,United States,Alaska,,"Copper, Gold, Silver",,,Occurrence,78: Porphyry Cu-Au85: Polymetallic veins,7|8: Porphyry Cu-Au|8|5: Polymetallic veins,True,True,B,https://mrdata.usgs.gov/mrds/show-mrds.php?dep_id=10000682,A011306,,NA,M,Unknown,,,"Arsenopyrite, Chalcopyrite, Galena, Pyrite, Pyrrhotite, Sphalerite",Quartz,,,,Alteration consists of  widespread propylitic alteration and silicification. Local zones of potassic alteration (secondary biotite) have been reported.,,Costello Creek,,N. Van Wyck,,Hornblendite,,Siltstone,,,"Hawley, C.C., and Clark, A.L., 1974, Geology and mineral deposits of the upper Chulitna district, Alaska: U.S. Geological Survey Professional Paper 758-B, p. 1-47, 2 sheets, scale 1:12,000 and 1:48,000.Hawley, C.C., and others, 1978, Mineral appraisal of lands adjacent to Mt. McKinley National Park, Alaska. Contract No. JO166107: U.S. Bureau of Mines Open-File Report 24-78, 274 p., 12 sheets.Salisbury and Dietz, Inc., 1984, 1983 mineral resource studies: Kantishna Hills and Dunkle Mine areas, Denali National Park and Preserve, Alaska: U.S. Bureau of Mines, Contract No. S0134031, 1080 p.Bundtzen, T.K., 1983, Mineral resource modeling, Kantishna and Dunkle mine study areas: Alaska Division of Geological ""&"" Geophysical Surveys Report of Investigations 83-12, 51 p.Bundtzen, T.K., Eakins, G.R., Clough, J.G., Lueck, L.L., Green, C.B., Robinson, M.S., and Coleman, D.A., 1984, Alaska's Mineral Industry, 1983: Alaska Division of Geological and Geophysical Surveys Special Report 33, 56 p.Balen, M.D., 1990, Geochemical sampling results from the Bureau of Mines Investigations in the Valdez Creek mining district, Alaska: U.S. Bureau of Mines Open-File Report 34-90, 218 p., 2 plates, scale 1:250,000.Kurtak, J.M., Southworth, D.D., Balen, M.D., and Clautice, K.H., 1992, Mineral investigations in the Valdez Creek mining district, south-central Alaska: U.S. Bureau of Mines Open-File Report 1-92, 659 p., 2 plates, scale 1:250,000.Hawley, C.C., Clark, A.L., Herdrick, M.A., and Clark, S.H.B., 1969, Results of geological and geochemical investigations in an area northwest of the Chulitna River, central Alaska Range: U.S. Geological Survey Circular 617, 19 p.",,,,,,,,,porphyry_subset
10002174,Styx River,61.53864,-153.161,United States,Alaska,,"Zinc, Lead, Molybdenum, Silver",,,Occurrence,79: Porphyry Cu-Mo85: Polymetallic veins,7|9: Porphyry Cu-Mo|8|5: Polymetallic veins,True,False,B,https://mrdata.usgs.gov/mrds/show-mrds.php?dep_id=10002174,A013071,,NA,M,Unknown,,,"Galena, Pyrite, Sphalerite","Quartz, Sericite",,,,Quartz-sericite-pyrite replacement and veining.,,,,Travis L. Hudson,,Granite,,Granite,,,"Reed, B. L., and Lanphere, M. A., 1973, Alaska-Aleutian Range batholith--    Geochronology, chemistry, and relation to circum-Pacific plutonism: Geological Society of America Bulletin, v. 84, no. 8, p. 2583-2610.Gamble, B.M., Bailey, E. A., and Reed, B. L., 1989, Gold occurrences near Snowcap Mountain, Lime Hills B-2 quadrangle, Alaska: U.S. Geological Survey Open-File Report 89-0646, 8 p.Cobb, E.H., and Reed, B.L., 1981, Summaries of data on and lists of references to metallic and selected nonmetallic mineral occurrences in the Iliamna, Lake Clark, Lime Hills, and McGrath quadrangles, Alaska; Supplement to Open-File Report 76-485; Part A, Summaries to January 1, 1981: U.S. Geological Survey Open-File Report 81-1343-A, 25 p.Reed, B.L., and Elliott, R.L., 1970, Reconnaissance geologic map, analyses of bedrock and stream sediment samples, and an aeromagnetic map of parts of the southern Alaska Range: U.S. Geological Survey Open-File Report 70-217, 145 p., 1 sheet, scale 1:250,000. (Also published as U.S. Geological Survey Open-File Report 413).Cobb, E.H., 1972, Metallic mineral resources map of the Lime Hills quadrangle, Alaska: U.S. Geological Survey Miscellaneous Field Studies Map MF-412, 1 sheet, scale 1:250,000.Cobb, E.H., 1976, Summary of references to mineral occurrences (other than mineral fuels and construction materials) in the Iliamna, Lake Clark, Lime Hills, and McGrath quadrangles, Alaska: U.S. Geological Survey Open-File Report 76-485, 101 p.",,,,,,,,,porphyry_subset
10003279,Tarasof Point,53.68243,-166.936,United States,Alaska,,"Gold, Silver, Copper, Molybdenum",,,Occurrence,"53: Porphyry Cu105: Epithermal vein, generic","5|3: Porphyry Cu|1|0|5: Epithermal vein, generic",True,True,B,https://mrdata.usgs.gov/mrds/show-mrds.php?dep_id=10003279,A106021,,NA,M,Unknown,,,Pyrite,"Chlorite, Epidote, Limonite",,,,"The core of the occurrence shows intense silicification and on the periphery, the development of chlorite and epidote indicate propylitic alteration.    Leaching is complete in the area of interest.",,,,"F.H. Wilson, Damon Bickerstaff",,,,,,,"Drewes, Harold, Fraser, G.D., Snyder, G.L., and Barnett, H.F., Jr., 1961, Geology of Unalaska Island and adjacent insular shelf, Aleutian Islands, Alaska:  U.S. Geological Survey Bulletin 1028-S, p. 583-676.Christie, J.S., 1974, Aleut-Quintana-Duval 1974 joint venture, final report:  Unpublished Quintana Minerals Corporation report, 24 p., 3 appendices, 2 maps. (Report held by the Aleut Corporation, Anchorage, Alaska.)",,,,,,,,,porphyry_subset
10307777,Tarn,63.53449,-154.542,United States,Alaska,,"Gold, Copper","Antimony, Arsenic",,Prospect,78: Porphyry Cu-Au,7|8: Porphyry Cu-Au,True,True,B,https://mrdata.usgs.gov/mrds/show-mrds.php?dep_id=10307777,,,NA,,Unknown,,,"Arsenopyrite, Chalcopyrite","Quartz, Tourmaline",,,,Biotite in hornfels; ankerite in intrusions.,,,,"Bundtzen, T.K.",,,,,,,"Andrews, Tom, 1978, Summary of Progress, Doyon Project, Mystery Mountains, (Block 10): Anchorage, Alaska, WGM Inc., 24 pages (Held by Doyon Ltd.,    as proprietary report 78-42).Moll, E.J., Silberman, M.L., and Patton, W.W. Jr., 1981, Chemistry, mineralogy, and K-Ar ages of igneous and metamorphic rocks of the Medfra quadrangle, Alaska: U.S. Geological Survey Open-File Report 80-811C, 15 p., 2 sheets, scale 1:250,000.DiMarchi, J.J., and Frantz, P.S., 1997, Annual Report for 1997-Doyon Option Lands, Block 10: ASA Inc.-Montague Gold Joint Venture Report, Volume II: Unpublished report, 189 p. (Report held by Doyon, Limited, Fairbanks, Alaska.)",,,,,,,,,porphyry_subset
10094054,Taurus,63.64975,-141.353,United States,Alaska,,"Copper, Molybdenum, Gold",,,Prospect,79: Porphyry Cu-Mo,7|9: Porphyry Cu-Mo,True,True,B,https://mrdata.usgs.gov/mrds/show-mrds.php?dep_id=10094054,A012535,20690064,NA,M,Unknown,,,"Chalcocite, Chalcopyrite, Covellite, Magnetite, Molybdenite, Pyrite","Fluorite, Quartz, Sericite, Tourmaline",,,,"Hypogene alteration associated with mineralization includes argillic, potassic, phyllic, silicic, and propylitic alteration of varying intensities.  A supergene leached cap, approximately 50 meters thick, exhibits strong argillic alteration over the East and West Taurus zones (Leriche, 1995).",,"East Taurus, West Taurus",,"Porter, Kenneth E., Cameron, C.E., Damon Bickerstaff",,Quartz Monzonite,,Gneiss,,,"Foster, H.L., 1970, Reconnaissance geologic map of the Tanacross quadrangle, Alaska: U.S. Geological Survey Miscellaneous Geological Investigations Map I-593, 1 sheet, scale 1:250,000.Singer, D.A., Csejtey, Bela, Jr., and Miller, R.J., 1978, Map and discussion of the metalliferous and selected nonmetalliferous mineral resources of the Talkeetna Mountains quadrangle, Alaska: U.S. Geological Survey Open-file Report 78-588-Q, 33 p., 1 plate, scale 1:250,000.Eberlein, G.D., Chapman, R.M., Foster, H.L., and Gassaway, J.S., 1977, Map and table describing known metalliferous and selected nonmetalliferous mineral deposits in central Alaska: U.S. Geological Survey Open-File Report  77-168-D, 132 p., 1 map, scale 1:1,000,000.Gill, R., 1977, Geology and mineral deposits of the southwest quarter of the Tanacross D-1 quadrangle, Alaska: Golden, Colorado School of Mines, M.Sc. thesis, 129 p.Cobb, E.H., and Eberlein, G.D., 1980, Summaries of data on and lists of references to metallic and selected nonmetallic mineral deposits in the Big Delta and Tanacross quadrangles, Alaska: U.S. Geological Survey Open-File Report 80-1086, 77 p.Nokleberg, W.J., Bundtzen, T.K., Berg, H.C., Brew, D.A., Grybeck, D.J., Robinson, M.S., Smith, T.E., and Yeend, W., 1987, Significant metalliferous lode deposits and placer districts of Alaska: U.S. Geological Survey Bulletin 1786, 104 p.Leriche, P.D., 1995, Taurus copper-molybdenum porphyry deposit, east-central Alaska: in Schroeter, T.G., ed., Porphyry Deposits of the Northwestern Cordillera: Canadian Institute of Mining, Metallurgy, and Petroleum Special Volume 46, p. 451-457.Nokleberg, W.J., Bundtzen, T.K., Brew, D.A., and Plafker, G., 1995, Metallogenesis and tectonics of porphyry copper and molybdenum (gold, silver) and granitoid-hosted gold deposits of Alaska: Canadian Institute of Mining and Metallurgy Special Volume 46, p. 103-141.Singer, D.A., Curtin, G.C., and Foster, H.L., 1976, Mineral resources map of the Tanacross Quadrangle, Alaska: U.S. Geological Survey Miscellaneous Field Studies 767-E, 1 sheet, scale 1:250,000.THE MINING RECORD, 4/7/93Newberry, R.J., Layer, P.W., Burleigh, R.E., and Solie, D.N., 1996, New 40Ar/39Ar dates for intrusions and mineral prospects in the eastern Yukon-Tanana terrane, Alaska - Regional patterns and significance, in Gray, J.E., and Riehle, J.R., eds.,  Geological Studies in Alaska by the U.S.  Geological Survey, 1996: U.S. Geological Survey Professional Paper 1595, p. 131-159.NORTHERN MINER, 5/4/92NORTHERN MINER, 3/9/92",,,,,,,,,porphyry_subset
10094004,The Dome,62.80968,-144.083,United States,Alaska,,"Lead, Copper",,,Prospect,53: Porphyry Cu,5|3: Porphyry Cu,True,True,B,https://mrdata.usgs.gov/mrds/show-mrds.php?dep_id=10094004,A011840,,NA,M,Unknown,,,"Chalcopyrite, Galena, Pyrite","Calcite, Limonite, Quartz",,,,Quartz-sericite-pyrite alteration of the intrusive rocks is present on the northeast side of The Dome.,,,,"Hawley, C.C., W.J. Nokleberg, W.T. Ellis",,Hornfels,,,,,"Richter, D.H., 1964, Geology and mineral deposits of the Ahtell Creek area, Slana District, south-central Alaska: Alaska Division of Geological and Geophysical Surveys Geologic Report 6, 17 p., 1 sheet, scale 1:31,680.Richter, D.H., 1966, Geology of the Slana district on south-central Alaska: Alaska Division of Geological and Geophysical Surveys Geological Report 2l, 36b p., 3 sheets, scale 1:63,360.Richter, D.H., 1975, Reconnaissance geologic map of the Nabesna B-3 quadrangle, Alaska: U.S. Geological Survey Miscellaneous Investigations Series Map I-904, scale 1:63,360.Richter, D.H., Lanphere, M.A., and Matson, N. A., Jr., 1975, Granite plutonism and metamorphism, Eastern Alaska Range, Alaska: Geological Society of American Bulletin, v. 86, p. 819-820.Cobb, E.H., 1979, Summary of references to mineral occurrences (other than mineral fuels and construction materials) in the Gulkana quadrangle, Alaska: U.S. Geological Survey Open-File Report 79-1247, 36 p.Beard, J.A., and Barker, Fred, 1989, Petrology and tectonic significance of gabbro, tonalites, shoshonites, and anorthosites in a late Paleozoic arc-root complex in the Wrangellia terrane, Southern Alaska: Journal of Geology, v. 97, p. 667-683.Nokleberg, W.J., and others, 1994, Metallogeny and major mineral deposits of Alaska and Metallogenic map of significant metalliferous lode deposits and placer districts of Alaska, in Plafker, G. and Berg, H.C., eds., The Geology of Alaska: Boulder, Colorado, Geological Society of America: The Geology of North America, v. G1, p. 855-904 and v. G1, Plate 11, scale 1:2,500,000.MacKevett, E.M., Jr., and Holloway, C.D., 1977, Map showing metalliferous and selected non-metalliferous mineral deposits in the eastern part of southern Alaska: U.S. Geological Survey Open-File Report 77-169-A, 99 p., 1 sheet, scale 1:1,000,000.Richter, D.H., and Matson, N.A., Jr., 1972, Metallic mineral resources map of the Gulkana quadrangle, Alaska: U.S. Geological Survey Miscellaneous Field Studies Map MF-419, 1 sheet,  scale 1:250,000.",,,,,,,,,porphyry_subset
10001427,Treasure Creek,62.87958,-149.303,United States,Alaska,,"Copper, Molybdenum","Zinc, Gold",,Prospect,79: Porphyry Cu-Mo,7|9: Porphyry Cu-Mo,True,True,B,https://mrdata.usgs.gov/mrds/show-mrds.php?dep_id=10001427,A012173,,NA,M,Unknown,,,"Arsenopyrite, Chalcopyrite, Fluorite, Molybdenite, Sphalerite","Clay, Quartz",,,,Argillic,,,,"Nokleberg, W.J.",,,,,,,"Richter, D.H., 1963, Geology of the Portage Creek-Susitna River area, Alaska: Alaska Division of Mines and Minerals Geologic Report 3, 2 plates, scale 1:24,000.Berg, H.C., and Cobb, E.H., 1967, Metalliferous Lode Deposits of Alaska. U.S. Geological Survey Bulletin 1246,  254 p.Cobb, E.H., 1972, Metallic mineral resources map of the Talkeetna Mountains quadrangle, Alaska: U.S. Geological Survey Miscellaneous Field Studies Map MF-370, 1 sheet, scale 1:250,000.Karlson, R.C., Curtin, G.C., Cooley, E.F., and Garmezy, Larry, 1977, Geochemical maps of selected elements and results of spectrographic analyses for heavy-mineral concentrates from the western half of the Talkeetna Mountains quadrangle, Alaska: U.S. Geological Survey Open-File Report 77-530, 7 p., 5 plates, scale 1:250,000.Csejtey, Bela, Jr., and Miller, R.J., 1978, Map and table describing metalliferous and selected nonmetalliferous mineral deposits in the Talkeetna Mountains quadrangle, Alaska: U.S. Geological Survey Open-File Report 78-558-B, 20 p., 1 plate, scale 1:250,000.Singer, D.A., Csejtey, Bela, Jr., and Miller, R.J., 1978, Map and discussion of the metalliferous and selected nonmetalliferous mineral resources of the Talkeetna Mountains quadrangle, Alaska: U.S. Geological Survey Open-file Report 78-588-Q, 33 p., 1 plate, scale 1:250,000.Cobb, E.H., and Csejtey, Bela, Jr., 1980, Summaries of data on and lists of references to metallic and selected nonmetallic mineral deposits in the Talkeetna Mountains quadrangle, Alaska: U.S. Geological Survey Open-File Report 80-716, 63 p.Nokleberg, W.J., Bundtzen, T.K., Berg, H.C., Brew, D.A., Grybeck, D.J., Robinson, M.S., Smith, T.E., and Yeend, W., 1987, Significant metalliferous lode deposits and placer districts of Alaska: U.S. Geological Survey Bulletin 1786, 104 p.Kurtak, J.M., Southworth, D.D., Balen, M.D., and Clautice, K.H., 1992, Mineral investigations in the Valdez Creek mining district, south-central Alaska: U.S. Bureau of Mines Open-File Report 1-92, 659 p., 2 plates, scale 1:250,000.Smith, P.S., 1942, Occurrences of molybdenum in Alaska: U.S. Geological Survey Bulletin 926-C, p. 161-210.MacKevett, E.M., Jr., and Holloway, C.D., 1977, Map showing metalliferous and selected non-metalliferous mineral deposits in the eastern part of southern Alaska: U.S. Geological Survey Open-File Report 77-169-A, 99 p., 1 sheet, scale 1:1,000,000.",,,,,,,,,porphyry_subset
10003609,Twin Lakes East,60.71945,-153.703,United States,Alaska,,Copper,,,Occurrence,"58: Porphyry Cu, skarn-related184: Massive sulfide, kuroko","5|8: Porphyry Cu, skarn-related|1|8|4: Massive sulfide, kuroko",True,True,B,https://mrdata.usgs.gov/mrds/show-mrds.php?dep_id=10003609,A106367,,NA,M,Unknown,,,"Bornite, Chalcopyrite, Pyrrhotite",,,,,Unknown,,,,D.P. Bickerstaff,,,,,,,"Resource Associates of Alaska, Inc., 1976, Geology and geochemistry of certain land within the Lake Clark National Park: Contract report for U.S. Bureau of Mines, 109 p.Eakins, G.R., Gilbert W.G., and Buntzen, T.K., 1978, Preliminary bedrock geology and mineral resource potential of west-central Lake Clark quadrangle, Alaska: Alaska Division of Geological and Geophysical Surveys Open-File Report 118, 15 p.Cobb, E.H., and Reed, B.L., 1981, Summaries of data on and lists of references to metallic and selected nonmetallic mineral occurrences in the Iliamna, Lake Clark, Lime Hills, and McGrath quadrangles, Alaska - Supplement to Open-File Report 76-485: U.S. Geological Survey Open-File Report 81-1343-A, 25 p.Cobb, E.H., and Reed, B.L., 1981, Summaries of data on and lists of references to metallic and selected nonmetallic mineral occurrences in the Iliamna, Lake Clark, Lime Hills, and McGrath quadrangles, Alaska - Supplement to Open-File Report 76-485: U.S. Geological Survey Open-File Report 81-1343-B, 20 p.MacKevett, E.M., Jr., and Holloway, C.D., 1977, Map showing metalliferous mineral deposits in the western part of southern Alaska: U.S. Geological Survey Open-File Report 77-169-F, 38 p., 1 sheet, scale 1:1,000,000.",,,,,,,,,porphyry_subset
10000887,Unnamed,62.30756,-152.631,United States,Alaska,,Copper,,,Occurrence,53: Porphyry Cu,5|3: Porphyry Cu,True,True,C,https://mrdata.usgs.gov/mrds/show-mrds.php?dep_id=10000887,A011541,,NA,M,Unknown,,,"Chalcopyrite, Pyrite, Pyrrhotite",,,,,,,,,Madelyn A. Millholland,,Quartz Monzonite,,Pyroxenite,,,"Cobb, E.H., 1973, Placer deposits of Alaska: U.S. Geological Survey Bulletin 1374, 213 p.Reed, B.L., Nelson, S.W., Curtin, G.C., and Singer, D.A., 1978, Mineral resources map of the Talkeetna Quadrangle, Alaska: U.S. Geological Survey Miscellaneous Field Studies Map MF-870-D, 1 sheet, scale 1:250,000.Cobb, E.H., and Reed, B.L., 1980, Summaries of data and lists of reference to metallic and selected nonmetallic mineral deposits in the Talkeetna quadrangle, Alaska: U.S. Geological Survey Open-File Report 80-884, 106 p.Reed, B.L., and Nelson, S.W., 1980, Geologic map of the Talkeetna quadrangle: U.S. Geological Survey Miscellaneous Investigations Map I-1174, scale 1:250,000.Foley, J.Y., Light, T.D., Nelson, S.W., and Harris, R.A., 1997, Mineral occurrences associated with mafic-ultramafic and related alkaline complexes in Alaska: Economic Geology, Monograph 9, p. 396-449.Mertie, J.B., Jr., 1919, Platinum-bearing gold placers of the Kahiltna Valley: U.S. Geological Survey Bulletin 692-D, p. 233-264.MacKevett, E.M., Jr., and Holloway, C.D., 1977, Map showing metalliferous and selected non-metalliferous mineral deposits in the eastern part of southern Alaska: U.S. Geological Survey Open-File Report 77-169-A, 99 p., 1 sheet, scale 1:1,000,000.",,,,,,,,,porphyry_subset
10000907,Unnamed,62.74453,-151.829,United States,Alaska,,"Molybdenum, Chromium",,,Occurrence,"15: Podiform chromite (minor)79: Porphyry Cu-Mo80: Porphyry Mo, low-F","1|5: Podiform chromite (minor)|7|9: Porphyry Cu-Mo|8|0: Porphyry Mo, low-F",True,False,C,https://mrdata.usgs.gov/mrds/show-mrds.php?dep_id=10000907,A011564,,NA,M,Unknown,,,"Chromite, Molybdenite",Quartz,,,,,,,,Madelyn A. Millholland,,Dunite,Foraker Pluton,Diorite,,,"Reed, B.L., Nelson, S.W., Curtin, G.C., and Singer, D.A., 1978, Mineral resources map of the Talkeetna Quadrangle, Alaska: U.S. Geological Survey Miscellaneous Field Studies Map MF-870-D, 1 sheet, scale 1:250,000.Reed, B.L., and Nelson, S.W., 1980, Geologic map of the Talkeetna quadrangle: U.S. Geological Survey Miscellaneous Investigations Map I-1174, scale 1:250,000.Foley, J.Y., Light, T.D., Nelson, S.W., and Harris, R.A., 1997, Mineral occurrences associated with mafic-ultramafic and related alkaline complexes in Alaska: Economic Geology, Monograph 9, p. 396-449.MacKevett, E.M., Jr., and Holloway, C.D., 1977, Map showing metalliferous and selected non-metalliferous mineral deposits in the eastern part of southern Alaska: U.S. Geological Survey Open-File Report 77-169-A, 99 p., 1 sheet, scale 1:1,000,000.",,,,,,,,,porphyry_subset
10001418,Unnamed,62.85764,-149.32,United States,Alaska,,Molybdenum,"Copper, Zinc",,Prospect,79: Porphyry Cu-Mo,7|9: Porphyry Cu-Mo,True,True,C,https://mrdata.usgs.gov/mrds/show-mrds.php?dep_id=10001418,A012163,,NA,M,Unknown,,,"Chalcopyrite, Molybdenite, Pyrite, Sphalerite","Fluorite, Quartz",,,,Silicification,,,,"Riehle, J.",,,,,,,"Richter, D.H., 1963, Geology of the Portage Creek-Susitna River area, Alaska: Alaska Division of Mines and Minerals Geologic Report 3, 2 plates, scale 1:24,000.Berg, H.C., and Cobb, E.H., 1967, Metalliferous Lode Deposits of Alaska. U.S. Geological Survey Bulletin 1246,  254 p.Cobb, E.H., 1972, Metallic mineral resources map of the Talkeetna Mountains quadrangle, Alaska: U.S. Geological Survey Miscellaneous Field Studies Map MF-370, 1 sheet, scale 1:250,000.Csejtey, Bela, Jr., and Miller, R.J., 1978, Map and table describing metalliferous and selected nonmetalliferous mineral deposits in the Talkeetna Mountains quadrangle, Alaska: U.S. Geological Survey Open-File Report 78-558-B, 20 p., 1 plate, scale 1:250,000.Singer, D.A., Csejtey, Bela, Jr., and Miller, R.J., 1978, Map and discussion of the metalliferous and selected nonmetalliferous mineral resources of the Talkeetna Mountains quadrangle, Alaska: U.S. Geological Survey Open-file Report 78-588-Q, 33 p., 1 plate, scale 1:250,000.Cobb, E.H., and Csejtey, Bela, Jr., 1980, Summaries of data on and lists of references to metallic and selected nonmetallic mineral deposits in the Talkeetna Mountains quadrangle, Alaska: U.S. Geological Survey Open-File Report 80-716, 63 p.Smith, P.S., 1942, Occurrences of molybdenum in Alaska: U.S. Geological Survey Bulletin 926-C, p. 161-210.MacKevett, E.M., Jr., and Holloway, C.D., 1977, Map showing metalliferous and selected non-metalliferous mineral deposits in the eastern part of southern Alaska: U.S. Geological Survey Open-File Report 77-169-A, 99 p., 1 sheet, scale 1:1,000,000.",,,,,,,,,porphyry_subset
10003125,Unnamed,63.47912,-171.813,United States,Alaska,,Copper,,,Occurrence,53: Porphyry Cu,5|3: Porphyry Cu,True,True,C,https://mrdata.usgs.gov/mrds/show-mrds.php?dep_id=10003125,A015657,,NA,M,Unknown,,,Chalcopyrite,Pyrite,,,,Alteration has not been described.,,,,Travis L. Hudson,,,,,,,"Csejtey, Bela, Jr., Patton, W.W., Jr., and Miller, T.P., 1971, Cretaceous plutonic rocks of St. Lawrence Island, Alaska, a preliminary report: U.S. Geological Survey Professional Paper 750-D, p. D68-D76.Patton, W.W., Jr., and Csejtey, Bela, Jr., 1971, Preliminary geologic investigations of western St. Lawrence Island, Alaska: U.S. Geological Survey Professional Paper 684-C, p. C1-C15.Patton, W.W., Jr., and Csejtey, Bela, Jr., 1980, Geologic map of St. Lawrence Island, Alaska: U.S. Geological Survey Miscellaneous Investigation Series Map I-1203, scale 1:250,000.Cobb, E.H., 1980, Summaries of data and lists of references to metallic and selected nonmetallic mineral deposits in fifteen quadrangles in southwestern and west-central Alaska: U.S. Geological Survey Open-File Report 80-909, 103 p.Cobb, E.H., 1972, Metallic mineral resources map of the Saint Lawrence quadrangle, Alaska: U.S. Geological Survey Miscellaneous Field Studies Map MF-465, 1 sheet, scale 1:250,000.",,,,,,,,,porphyry_subset
10003271,Unnamed,53.74912,-166.169,United States,Alaska,,Copper,Silver,,Occurrence,53: Porphyry Cu,5|3: Porphyry Cu,True,True,D,https://mrdata.usgs.gov/mrds/show-mrds.php?dep_id=10003271,A106014,,NA,M,Unknown,,,"Chalcopyrite, Pyrite",Magnetite,,,,"Propylitic alteration having the assemblages pyrite-chlorite +/- epidote and magnetite-epidote +/- chlorite.  Christie (1974) reported leaching is weakly developed.    Intensely bleached rocks containing up to 10 percent pyrite are locally present.  (Possible sericitic alteration?).",,,,"F.H. Wilson, Damon Bickerstaff",,,,,,,"Drewes, Harold, Fraser, G.D., Snyder, G.L., and Barnett, H.F., Jr., 1961, Geology of Unalaska Island and adjacent insular shelf, Aleutian Islands, Alaska:  U.S. Geological Survey Bulletin 1028-S, p. 583-676.Christie, J.S., 1974, Aleut-Quintana-Duval 1974 joint venture, final report:  Unpublished Quintana Minerals Corporation report, 24 p., 3 appendices, 2 maps. (Report held by the Aleut Corporation, Anchorage, Alaska.)",,,,,,,,,porphyry_subset
10003272,Unnamed,53.70243,-166.986,United States,Alaska,,"Silver, Copper",,,Occurrence,"53: Porphyry Cu105: Epithermal vein, generic","5|3: Porphyry Cu|1|0|5: Epithermal vein, generic",True,True,D,https://mrdata.usgs.gov/mrds/show-mrds.php?dep_id=10003272,A106015,,NA,M,Unknown,,,"Chalcopyrite, Pyrite",Magnetite,,,,"Alteration of the porphyry consists of chloritized mafic minerals, chalky feldspar, and minor disseminated pyrite.  In zones outward from the contact with the porphyry the Unalaska    Formation displays pervasive sericitic alteration  and contains minor quartz veinlets and pyrite.  Peripheral to this the rocks contain sericite and pyrite in fractures which grades to pervasively developed chlorite (propylitic alteration) and pyrite limited to fractures; and finally pervasive epidote and disseminated pyrite.  Christie (1974) reports partial leaching, complete in the breccia, however the leached phase is not identified.",,,,"F.H. Wilson, Damon Bickerstaff",,,,,,,"Drewes, Harold, Fraser, G.D., Snyder, G.L., and Barnett, H.F., Jr., 1961, Geology of Unalaska Island and adjacent insular shelf, Aleutian Islands, Alaska:  U.S. Geological Survey Bulletin 1028-S, p. 583-676.Christie, J.S., 1974, Aleut-Quintana-Duval 1974 joint venture, final report:  Unpublished Quintana Minerals Corporation report, 24 p., 3 appendices, 2 maps. (Report held by the Aleut Corporation, Anchorage, Alaska.)",,,,,,,,,porphyry_subset
10003276,Unnamed,53.70743,-166.952,United States,Alaska,,"Copper, Gold",,,Occurrence,"53: Porphyry Cu105: Epithermal vein, generic","5|3: Porphyry Cu|1|0|5: Epithermal vein, generic",True,True,D,https://mrdata.usgs.gov/mrds/show-mrds.php?dep_id=10003276,A106019,,NA,M,Unknown,,,Chalcopyrite,Pyrite,,,,Chlorite suggests propylitic alteration.  Partial leaching was noted by Christie (1974).,,,,Damon Bickerstaff,,,,,,,"Drewes, Harold, Fraser, G.D., Snyder, G.L., and Barnett, H.F., Jr., 1961, Geology of Unalaska Island and adjacent insular shelf, Aleutian Islands, Alaska:  U.S. Geological Survey Bulletin 1028-S, p. 583-676.Christie, J.S., 1974, Aleut-Quintana-Duval 1974 joint venture, final report:  Unpublished Quintana Minerals Corporation report, 24 p., 3 appendices, 2 maps. (Report held by the Aleut Corporation, Anchorage, Alaska.)",,,,,,,,,porphyry_subset
10003277,Unnamed,53.6991,-167.036,United States,Alaska,,"Silver, Gold, Molybdenum",,,Occurrence,"53: Porphyry Cu105: Epithermal vein, generic","5|3: Porphyry Cu|1|0|5: Epithermal vein, generic",True,False,D,https://mrdata.usgs.gov/mrds/show-mrds.php?dep_id=10003277,A106020,,NA,M,Unknown,,,Pyrite,"Chlorite, Epidote",,,,Rocks show propylitic alteration zoned from epidote on periphery to chlorite in interior.  Argillic alteration occurs in innermost zones.  Partial leaching was noted.,,,,"F.H. Wilson, Damon Bickerstaff",,,,,,,"Drewes, Harold, Fraser, G.D., Snyder, G.L., and Barnett, H.F., Jr., 1961, Geology of Unalaska Island and adjacent insular shelf, Aleutian Islands, Alaska:  U.S. Geological Survey Bulletin 1028-S, p. 583-676.Christie, J.S., 1974, Aleut-Quintana-Duval 1974 joint venture, final report:  Unpublished Quintana Minerals Corporation report, 24 p., 3 appendices, 2 maps. (Report held by the Aleut Corporation, Anchorage, Alaska.)",,,,,,,,,porphyry_subset
10003315,Unnamed,55.0442,-162.389,United States,Alaska,,Copper,,,Occurrence,53: Porphyry Cu,5|3: Porphyry Cu,True,True,D,https://mrdata.usgs.gov/mrds/show-mrds.php?dep_id=10003315,A106059,,NA,M,Unknown,,,,,,,,,,,,G.D. DuBois,,,,,,,"MACKEVETT, E.M., JR., AND HOLLOWAY, C.D., 1977, MAP SHOWING METALLIFEROUSMINERAL DEPOSITS IN THE WESTERN PART OF SOUTHERN ALASKA: U.S. GEOLOGICALSURVEY OPEN-FILE REPORT 77-169F, 39 P., 1 SHEET, SCALE 1:1,000,000.MacKevett, E.M., Jr., and Holloway, C.D., 1977, Map showing metalliferous mineral deposits in the western part of southern Alaska: U.S. Geological Survey Open-File Report 77-169-F, 38 p., 1 sheet, scale 1:1,000,000.",,,,,,,,,porphyry_subset
10003356,Unnamed,54.93253,-162.294,United States,Alaska,,Gold,Silver,,Occurrence,"53: Porphyry Cu105: Epithermal vein, generic","5|3: Porphyry Cu|1|0|5: Epithermal vein, generic",True,False,D,https://mrdata.usgs.gov/mrds/show-mrds.php?dep_id=10003356,A106106,,NA,M,Unknown,,,,,,,,Propylitic based on presence of chlorite.,,,,"F.H. Wilson, G.D. DuBois",,Plutonic Rock,,,,,"Christie, J.S., 1974, Aleut-Quintana-Duval 1974 joint venture, final report: Unpublished Quintana Minerals Corporation report, 24 p., 3 appendices, 2 maps. (Report held by the Aleut Corporation, Anchorage, Alaska.)MacKevett, E.M., Jr., and Holloway, C.D., 1977, Map showing metalliferous mineral deposits in the western part of southern Alaska: U.S. Geological Survey Open-File Report 77-169-F, 38 p., 1 sheet, scale 1:1,000,000.",,,,,,,,,porphyry_subset
10003362,Unnamed,54.71585,-163.252,United States,Alaska,,Copper,Gold,,Occurrence,"53: Porphyry Cu105: Epithermal vein, generic","5|3: Porphyry Cu|1|0|5: Epithermal vein, generic",True,True,D,https://mrdata.usgs.gov/mrds/show-mrds.php?dep_id=10003362,A106114,,NA,M,Unknown,,,Pyrite,,,,,"Phyllic, argillic and propylitic alteration is mentioned by Christie (1974), who also noted chlorite, clay, and possible sericite are hydrothermal phases.",,,,"F.H. Wilson, G.D. DuBois",,Volcanic Rock (Aphanitic),,,,,"Christie, J.S., 1974, Aleut-Quintana-Duval 1974 joint venture, final report: Unpublished Quintana Minerals Corporation report, 24 p., 3 appendices, 2 maps. (Report held by the Aleut Corporation, Anchorage, Alaska.)MacKevett, E.M., Jr., and Holloway, C.D., 1977, Map showing metalliferous mineral deposits in the western part of southern Alaska: U.S. Geological Survey Open-File Report 77-169-F, 38 p., 1 sheet, scale 1:1,000,000.",,,,,,,,,porphyry_subset
10003607,Unnamed,60.95945,-153.513,United States,Alaska,,Copper,"Zinc, Silver",,Occurrence,53: Porphyry Cu59: Skarn Cu,5|3: Porphyry Cu|5|9: Skarn Cu,True,True,C,https://mrdata.usgs.gov/mrds/show-mrds.php?dep_id=10003607,A106365,,NA,M,Unknown,,,"Chalcopyrite, Pyrite, Pyrrhotite, Sphalerite",,,,,Unknown,,,,D.P. Bickerstaff,,,,,,,"Reed, B.L., and Lanphere, M.A., 1972, Generalized geologic map of the Alaska-Aleutian range batholith showing potassium-argon ages of the plutonic rocks: U.S. Geological Survey Miscellaneous Field Studies Map MF-372, 2 sheets, scale 1:1,000,000.Reed, B. L., and Lanphere, M. A., 1973, Alaska-Aleutian Range batholith--  Geochronology, chemistry, and relation to circum-Pacific plutonism: Geological Society of America Bulletin, v. 84, no. 8, p. 2583-2610.Nelson, W.H., Carlson, C., and Case, J.E., 1983, Geologic map of the Lake Clark quadrangle, Alaska: U.S. Geological Survey Miscellaneous Field Studies Map MF-1114-A, scale 1:250,000.Cobb, E.H., and Reed, B.L., 1981, Summaries of data on and lists of references to metallic and selected nonmetallic mineral occurrences in the Iliamna, Lake Clark, Lime Hills, and McGrath quadrangles, Alaska - Supplement to Open-File Report 76-485: U.S. Geological Survey Open-File Report 81-1343-A, 25 p.Cobb, E.H., and Reed, B.L., 1981, Summaries of data on and lists of references to metallic and selected nonmetallic mineral occurrences in the Iliamna, Lake Clark, Lime Hills, and McGrath quadrangles, Alaska - Supplement to Open-File Report 76-485: U.S. Geological Survey Open-File Report 81-1343-B, 20 p.MacKevett, E.M., Jr., and Holloway, C.D., 1977, Map showing metalliferous mineral deposits in the western part of southern Alaska: U.S. Geological Survey Open-File Report 77-169-F, 38 p., 1 sheet, scale 1:1,000,000.U.S. Geological Survey, 1977, unpublished information",,,,,,,,,porphyry_subset
10002244,Unnamed (3850 Nunatak west of Tarr Inlet),58.95361,-136.994,United States,Alaska,,Copper,"Silver, Zinc",,Occurrence,"58: Porphyry Cu, skarn-related","5|8: Porphyry Cu, skarn-related",True,True,D,https://mrdata.usgs.gov/mrds/show-mrds.php?dep_id=10002244,A013146,,NA,M,Unknown,,,"Chalcopyrite, Pyrite, Pyrrhotite",Quartz,,,,Skarn developed in calc-magnesian rocks.  Skarn minerals include garnet and epidote.,,,,"Hawley, C.C.",,Granite,,,,,"Brew, D.A., Johnson, B.R., Grybeck, D., Griscom, A., Barnes, D.F., Kimball, A.L., Still, J.C., and Rataj, J.L., 1978, Mineral resources of the Glacier    Bay National Monument Wilderness Study Area, Alaska: U.S. Geological Survey Open-File Report 78-494, 670 p.Kimball, A.L., Still, J.C., and Rataj, J.L., 1978, Mineral resources, in Brew, D. A., and others, Mineral resources of the Glacier Bay National Monument wilderness study area, Alaska: U.S. Geological Survey Open-File Report 78-494, p. C1-C375.",,,,,,,,,porphyry_subset
10307318,Unnamed (Between Portage Bay and Chignik Lake),56.19928,-158.702,United States,Alaska,,Copper,,,Occurrence,53: Porphyry Cu,5|3: Porphyry Cu,True,True,D,https://mrdata.usgs.gov/mrds/show-mrds.php?dep_id=10307318,,,NA,,Unknown,,,,,,,,,,,,S.H. Pilcher,,,,,,,"MacKevett, E.M., Jr., and Holloway, C.D., 1977, Map showing metalliferous mineral deposits in the western part of southern Alaska: U.S. Geological Survey Open-File Report 77-169-F, 38 p., 1 sheet, scale 1:1,000,000.",,,,,,,,,porphyry_subset
10308917,Unnamed (Bruce Hills),58.98273,-136.343,United States,Alaska,,"Molybdenum, Copper","Zinc, Lead, Silver",,Prospect,53: Porphyry Cu54: Porphyry Cu (North America),5|3: Porphyry Cu|5|4: Porphyry Cu (North America),True,True,C,https://mrdata.usgs.gov/mrds/show-mrds.php?dep_id=10308917,A013172,,NA,M,Unknown,,,"Chalcopyrite, Galena, Hematite, Malachite, Molybdenite, Molybdite, Pyrrhotite, Sphalerite","Chlorite, Limonite, Montmorillonite, Quartz",,,,"K-feldspar occurs as a secondary mineral in and near quartz veins, and the host granodiorite is anomalously rich in K-feldspar, particularly south and east of the deposit (Kimball and others, 1978, p. C306).  Feldspathization was noted elsewhere in the area.    Montmorillonite is developed locally. The deposit itself is propylitically altered, with chlorite replacing primary mafic minerals.",,,,"Hawley, C.C.",,,,,,,"Rossman, Darwin, 1963, Geology of the eastern part of the Mount Fairweather quadrangle, Glacier Bay, Alaska: U.S. Geological Survey Bulletin 1121-K, p. K1-K57.MacKevett, E.M., Jr., Brew, D.A., Hawley, C.C., Huff, L.C., and Smith, J.G., 1971, Mineral resources of Glacier Bay National Monument, Alaska: U.S. Geological Survey Professional Paper 632, 90 p., 12 plates, scale 1:250,000.Moerlein, G.A., 1971, Report of examination of Bruce Hills copper-molybdenum deposit, Mt. Fairweather D-2 quadrangle: (Unpublished report available at U.S. Bureau of Land Management Library at Juneau, Alaska).Brew, D.A., Johnson, B.R., Grybeck, D., Griscom, A., Barnes, D.F., Kimball, A.L., Still, J.C., and Rataj, J.L., 1978, Mineral resources of the Glacier  Bay National Monument Wilderness Study Area, Alaska: U.S. Geological Survey Open-File Report 78-494, 670 p.Kimball, A.L., Still, J.C., and Rataj, J.L., 1978, Mineral resources, in Brew, D. A., and others, Mineral resources of the Glacier Bay National Monument wilderness study area, Alaska: U.S. Geological Survey Open-File Report 78-494, p. C1-C375.Cobb, E.H., 1972, Metallic mineral resources map of the Mount Fairweather quadrangle, AK: U.S. Geological Survey Miscellaneous Field Study Map MF-436, 1 sheet, scale 1:250,000.",,,,,,,,,porphyry_subset
10307313,Unnamed (at the head of Kuiukta Bay),56.18928,-158.512,United States,Alaska,,Copper,"Lead, Silver, Gold",,Occurrence,53: Porphyry Cu,5|3: Porphyry Cu,True,True,D,https://mrdata.usgs.gov/mrds/show-mrds.php?dep_id=10307313,,,NA,,Unknown,,,,,,,,,,,,S.H. Pilcher,,,,,,,"U.S. Bureau of Mines, 1973, Alaska 1:250,000-scale quadrangle map overlays showing mineral deposit locations, principal minerals, and number and type of claims: U.S. Bureau of Mines Open-File Report 20-73, 95 overlays (updated in 1986, 1987).MacKevett, E.M., Jr., and Holloway, C.D., 1977, Map showing metalliferous mineral deposits in the western part of southern Alaska: U.S. Geological Survey Open-File Report 77-169-F, 38 p., 1 sheet, scale 1:1,000,000.",,,,,,,,,porphyry_subset
10308102,Unnamed (between Balboa Bay and Dorenoi Bay),55.61924,-160.492,United States,Alaska,,"Zinc, Lead, Gold, Copper, Silver","Molybdenum, Antimony, Arsenic, Mercury",,Prospect,53: Porphyry Cu79: Porphyry Cu-Mo85: Polymetallic veins,5|3: Porphyry Cu|7|9: Porphyry Cu-Mo|8|5: Polymetallic veins,True,True,C,https://mrdata.usgs.gov/mrds/show-mrds.php?dep_id=10308102,,,NA,,Unknown,,,"Arsenopyrite, Chalcopyrite, Galena, Gold, Magnetite, Molybdenite, Pyrite, Sphalerite, Tetrahedrite","Barite, Calcite, Quartz",,,,All volcanic units exhibit pervasive propylitization. Silicification is present along mineralized shears and in zones of fracturing and brecciation. Argillization is associated with silica-flooded areas.,,,,S.H. Pilcher,,,,,,,"Christie, J.S., 1974, Aleut-Quintana-Duval 1974 joint venture, final report: Unpublished Quintana Minerals Corporation report, 24 p., 3 appendices, 2 maps. (Report held by the Aleut Corporation, Anchorage, Alaska.)Butherus, D.L, Gressitt, E.E., Pray, J., Corner, N.G., Lindberg, P.H., and Fankhauser, R.E., 1979, Exploration and evaluation of the Aleut Native Corporation lands; Volume III: Resource Associates of Alaska, 69 p. 90 sheets, various sacales. (Report held by the Aleut Native Corporation, Anchorage, Alaska.)Anderson, G.L., Butherus, D.L., Fankhauser, R.E., Pray, J.C., Lindberg, P.A., and Hoffman, B.L., 1980, Exploration and evaluation of lands leased from Aleut Native Corporation 1980; Resource Associates of Alaska Report, 84 p, 16 map sheets, various scales. (Report held by the Aleut Corporation, Anchorage, Alaska.)Trujillo, R.S., Tapper, C.J., Alvarez, T.J., Porterfield, Ben, and Toupe, W.M., 1982, Exploration and evaluation of precious metal potential of portions of Aleut Corporation lands, southwest Alaska 1982: Unpublished Resource Associates of Alaska report, 91 p, 33 mpas, various scales. (Report held by the Aleut Corporation, Anchorage, Alaska.)Trujillo, R.S., Farnham, S., and Anderson, G.,1983, Exploration and evaluation of precious metal potential of the Aleut Corporation 14(h)8 lands, southwest Alaska: Resource Associates of Alaska report, 25 p., 11 map sheets, various scales. (Report held by the Aleut Corporation, Anchorage, Alaska.)Freeport Exploration Company, 1985, 1984 report of activities, Canoe Bay joint venture: Freeport Exploration Company, 25 p. (Report held by the Aleut Corporation, Anchorage, Alaska.)Wilson, F.H., White, W.H., and DuBois, G.D., 1988, Brief descriptions of mines, prospects, and mineral occurrences in the Port Moller and Stepovak Bay quadrangles, Alaska Peninsula: U.S. Geological Survey Open-File Report 88-666, 128 p., scale 1:250,000.Wilson, F.H., Detterman, R.L., Miller, J. W., and Case, J.E., 1995, Geologic map of the Port Moller, Stepovak Bay, and Simeonof Island quadrangles, Alaska: U.S. Geological Survey Miscellaneous Investigation Series Map I-2272, 1 map sheet, scale 1:250,000.Christie, J.S., 1976, Aleut-Quintana-Duval joint venture, 1975. Report on drill programs at the Tarasof and San Diego prospects and additional exploration Rootok Island and Unalaska Island: Quintana Minerals Report, 20 p., 11 map sheets, various scales. (Report held by the Aleut Corporation, Anchorage, Alaska.)MacKevett, E.M., Jr., and Holloway, C.D., 1977, Map showing metalliferous mineral deposits in the western part of southern Alaska: U.S. Geological Survey Open-File Report 77-169-F, 38 p., 1 sheet, scale 1:1,000,000.",,,,,,,,,porphyry_subset
10307315,Unnamed (between arms of Castle Bay),56.20929,-158.312,United States,Alaska,,Copper,"Silver, Molybdenum",,Occurrence,53: Porphyry Cu,5|3: Porphyry Cu,True,True,D,https://mrdata.usgs.gov/mrds/show-mrds.php?dep_id=10307315,,,NA,,Unknown,,,"Chalcopyrite, Molybdenite",,,,,,,,,S.H. Pilcher,,,,,,,"Fields, E.D., 1977, 1976 Annual report: Alaska search, Chignik area-Bristol Bay region: Bear Creek Mining Company, 44 p., 22 map sheets. (Report held by the Aleut Corporation, Anchorage, Alaska.)MacKevett, E.M., Jr., and Holloway, C.D., 1977, Map showing metalliferous mineral deposits in the western part of southern Alaska: U.S. Geological Survey Open-File Report 77-169-F, 38 p., 1 sheet, scale 1:1,000,000.",,,,,,,,,porphyry_subset
10001417,Unnamed (east of Big Lake),62.99155,-148.045,United States,Alaska,,"Zinc, Silver",Gold,,Occurrence,78: Porphyry Cu-Au85: Polymetallic veins,7|8: Porphyry Cu-Au|8|5: Polymetallic veins,True,False,C,https://mrdata.usgs.gov/mrds/show-mrds.php?dep_id=10001417,A012162,,NA,M,Unknown,,,Pyrite,Quartz,,,,"Altered, silicified granite",,Unnamed,,"Riehle, J.",,,,,,,"Csejtey, Bela, Jr., and Miller, R.J., 1978, Map and table describing metalliferous and selected nonmetalliferous mineral deposits in the Talkeetna Mountains quadrangle, Alaska: U.S. Geological Survey Open-File Report 78-558-B, 20 p., 1 plate, scale 1:250,000.Miller, R.J., Cooley, E.F., O'Leary, R.M., Garmezy, larry, Csejtey, Bela, Jr., Smith, T.E., and Cleveland, M.N., 1978, Analysis of geochemical samples from the Talkeetna Mountains quadrangle, Alaska: U.S. Geological Survey Open-file Report 78-1052, 279 p.Cobb, E.H., and Csejtey, Bela, Jr., 1980, Summaries of data on and lists of references to metallic and selected nonmetallic mineral deposits in the Talkeetna Mountains quadrangle, Alaska: U.S. Geological Survey Open-File Report 80-716, 63 p.Kurtak, J.M., Southworth, D.D., Balen, M.D., and Clautice, K.H., 1992, Mineral investigations in the Valdez Creek mining district, south-central Alaska: U.S. Bureau of Mines Open-File Report 1-92, 659 p., 2 plates, scale 1:250,000.",,,,,,,,,porphyry_subset
10308156,Unnamed (east of Sapsuk Lake),55.66923,-160.922,United States,Alaska,,"Zinc, Lead, Copper, Silver","Gold, Molybdenum",,Occurrence,53: Porphyry Cu79: Porphyry Cu-Mo,5|3: Porphyry Cu|7|9: Porphyry Cu-Mo,True,True,C,https://mrdata.usgs.gov/mrds/show-mrds.php?dep_id=10308156,,,NA,,Unknown,,,"Chalcopyrite, Pyrite",Tourmaline,,,,,,,,S.H. Pilcher,,,,,,,"Trujillo, R.S., Tapper, C.J., Alvarez, T.J., Porterfield, Ben, and Toupe, W.M., 1982, Exploration and evaluation of precious metal potential of portions of Aleut Corporation lands, southwest Alaska 1982:    Unpublished Resource Associates of Alaska report, 91 p, 33 mpas, various scales. (Report held by the Aleut Corporation, Anchorage, Alaska.)Wilson, F.H., White, W.H., and DuBois, G.D., 1988, Brief descriptions of mines, prospects, and mineral occurrences in the Port Moller and Stepovak Bay quadrangles, Alaska Peninsula: U.S. Geological Survey Open-File Report 88-666, 128 p., scale 1:250,000.Wilson, F.H., Detterman, R.L., Miller, J. W., and Case, J.E., 1995, Geologic map of the Port Moller, Stepovak Bay, and Simeonof Island quadrangles, Alaska: U.S. Geological Survey Miscellaneous Investigation Series Map I-2272, 1 map sheet, scale 1:250,000.",,,,,,,,,porphyry_subset
10308354,Unnamed (east of Yantarni Creek),56.89931,-157.302,United States,Alaska,,Copper,,,Occurrence,53: Porphyry Cu,5|3: Porphyry Cu,True,True,D,https://mrdata.usgs.gov/mrds/show-mrds.php?dep_id=10308354,,,NA,,Unknown,,,"Chalcopyrite, Pyrite",Quartz,,,,Color anomaly associated with diorite stock.,,,,S.H. Pilcher,,,,,,,"Cox, D.P., Detra, D.E., and Detterman, R.L., 1981, Mineral resource maps of the Chignik and Sutwik Island quadrangles, Alaska: U.S. Geological Survey Miscellaneous Field Studies Map MF- 1053-K, 2 map sheets, scale 1:250,000.Detterman, R.L., Miller, T.P., Yount, M.E., and Wilson, F.H.,1981, Geologic map the Chignik and Sutwik Island quadrangles Alaska: U.S. Geologic Survey Miscellaneous Investigations Series Map I- 1229, 1 map sheet, scale 1:250,000.MacKevett, E.M., Jr., and Holloway, C.D., 1977, Map showing metalliferous mineral deposits in the western part of southern Alaska: U.S. Geological Survey Open-File Report 77-169-F, 38 p., 1 sheet, scale 1:1,000,000.",,,,,,,,,porphyry_subset
10308352,Unnamed (east tip of Sutwik Island),56.49932,-156.902,United States,Alaska,,Copper,,,Occurrence,53: Porphyry Cu,5|3: Porphyry Cu,True,True,D,https://mrdata.usgs.gov/mrds/show-mrds.php?dep_id=10308352,,,NA,,Unknown,,,"Chalcopyrite, Pyrite",Quartz,,,,The alteration is unknown but it probably includes propylitic and sericitic types.,,,,S.H. Pilcher,,,,,,,"Cox, D.P., Detra, D.E., and Detterman, R.L., 1981, Mineral resource maps of the Chignik and Sutwik Island quadrangles, Alaska: U.S. Geological Survey Miscellaneous Field Studies Map MF- 1053-K, 2 map sheets, scale 1:250,000.Detterman, R.L., Miller, T.P., Yount, M.E., and Wilson, F.H.,1981, Geologic map the Chignik and Sutwik Island quadrangles Alaska: U.S. Geologic Survey Miscellaneous Investigations Series Map I- 1229, 1 map sheet, scale 1:250,000.MacKevett, E.M., Jr., and Holloway, C.D., 1977, Map showing metalliferous mineral deposits in the western part of southern Alaska: U.S. Geological Survey Open-File Report 77-169-F, 38 p., 1 sheet, scale 1:1,000,000.",,,,,,,,,porphyry_subset
10002168,Unnamed (head of South Fork Kuskokwim River),61.5178,-153.483,United States,Alaska,,"Tin, Molybdenum, Copper, Silver",,,Occurrence,79: Porphyry Cu-Mo85: Polymetallic veins,7|9: Porphyry Cu-Mo|8|5: Polymetallic veins,True,True,C,https://mrdata.usgs.gov/mrds/show-mrds.php?dep_id=10002168,A013065,,NA,M,Unknown,,,"Chalcopyrite, Pyrite","Quartz, Tourmaline",,,,Quartz-tourmaline veining and replacement(?).,,,,Travis L. Hudson,,Gneiss,,,,,"Gamble, B.M., Bailey, E. A., and Reed, B. L., 1989, Gold occurrences near Snowcap Mountain, Lime Hills B-2 quadrangle, Alaska: U.S. Geological Survey Open-File Report 89-0646, 8 p.Cobb, E.H., 1972, Metallic mineral resources map of the Lime Hills quadrangle, Alaska: U.S. Geological Survey Miscellaneous Field Studies Map MF-412, 1 sheet, scale 1:250,000.Cobb, E.H., and Reed, B.L., 1981, Summaries of data on and lists of references to metallic and selected nonmetallic mineral occurrences in the Iliamna, Lake Clark, Lime Hills, and McGrath quadrangles, Alaska; Supplement to Open-File Report 76-485; Part A, Summaries to January 1, 1981: U.S. Geological Survey Open-File Report 81-1343-A, 25 p.Reed, B.L., and Elliott, R.L., 1970, Reconnaissance geologic map, analyses of bedrock and stream sediment samples, and an aeromagnetic map of parts of the southern Alaska Range: U.S. Geological Survey Open-File Report 70-217, 145 p., 1 sheet, scale 1:250,000. (Also published as U.S. Geological Survey Open-File Report 413).Cobb, E.H., 1976, Summary of references to mineral occurrences (other than mineral fuels and construction materials) in the Iliamna, Lake Clark, Lime Hills, and McGrath quadrangles, Alaska: U.S. Geological Survey Open-File Report 76-485, 101 p.",,,,,,,,,porphyry_subset
10307316,Unnamed (in Knife Peak area),56.26927,-159.092,United States,Alaska,,Copper,,,Occurrence,53: Porphyry Cu,5|3: Porphyry Cu,True,True,D,https://mrdata.usgs.gov/mrds/show-mrds.php?dep_id=10307316,,,NA,,Unknown,,,,,,,,,,,,S.H. Pilcher,,,,,,,"MacKevett, E.M., Jr., and Holloway, C.D., 1977, Map showing metalliferous mineral deposits in the western part of southern Alaska: U.S. Geological Survey Open-File Report 77-169-F, 38 p., 1 sheet, scale 1:1,000,000.",,,,,,,,,porphyry_subset
10307479,Unnamed (in headwaters of Grubstake Creek),62.78768,-144.033,United States,Alaska,,"Gold, Copper","Zinc, Lead, Iron",,Prospect,78: Porphyry Cu-Au,7|8: Porphyry Cu-Au,True,True,C,https://mrdata.usgs.gov/mrds/show-mrds.php?dep_id=10307479,,,NA,,Unknown,,,"Arsenopyrite, Chalcopyrite, Galena, Magnetite, Malachite, Sphalerite",Quartz,,,,"Potassic alteration with the introduction of K-feldspar and biotite occurs in the core of the system.  Locally the rocks are sericitized and phyllically altered. Higher in the system, the rocks are silicified, altered to clay, and carbonatized. Bull and her co-authors (1997 and 1999) indicate that galena is more abundant distally.",,,,"W.J. Nokleberg, Hawley, C.C., W.T. Ellis",,,,,,,"Richter, D.H., 1964, Geology and mineral deposits of the Ahtell Creek area, Slana District, south-central Alaska:  Alaska Division of Geological and Geophysical Surveys Geologic Report 6, 17 p., 1 sheet, scale 1:31,680.Richter, D.H., 1966, Geology of the Slana district on south-central Alaska:  Alaska Division of Geological and Geophysical Surveys Geological Report 2l, 36b p., 3 sheets, scale 1:63,360.Richter, D.H., and Matson, N.A., 1968, Distribution of gold and some base metals in the Slana area, eastern Alaska Range, Alaska:  U.S. Geological Survey Circular 593, 20 p.St. George, Phil, 1992, 1992 Ahtna Lands. Gulkana Quad Reconnaissance: Cominco Alaska Exploration, 1 p., maps, scale 1:63,360. (Report held by Ahtna Minerals Co., Anchorage, Alaska).Bull, Katharine, Schneider, Craig, and Freeman, Larry, 1997, Summary report for Ahtna Corporation: 12 p., appendices and maps. (Report available, Ahtna Minerals Co., Anchorage, Alaska).Bull, Katharine, Freeman, Larry, and Schneider, Craig, 1999, Slana property summary report for Homestake Mining Company: 11 p. and analytical appendices. (Report available, Ahtna Minerals Co., Anchorage, Alaska).",,,,,,,,,porphyry_subset
10003526,Unnamed (in upper Granite Creek),62.32959,-147.963,United States,Alaska,,"Silver, Gold, Copper, Zinc",,,Occurrence,78: Porphyry Cu-Au85: Polymetallic veins,7|8: Porphyry Cu-Au|8|5: Polymetallic veins,True,True,C,https://mrdata.usgs.gov/mrds/show-mrds.php?dep_id=10003526,A106284,,NA,M,Unknown,,,"Chalcopyrite, Gold, Pyrite, Sphalerite",Clay,,,,Clay in gouge of shear zone; iron oxide (gossan),,Unnamed,,"Riehle, J.",,,,,,,"Clautice, K.H., Harris, E.E., Liss, S.A., Kline, J.T., Bundtzen, T.K., Gilbert, W.G., and Nye, C.J., 1990, Analytical results for rock, pan concentrate, and stream sediment samples from the Talkeetna Mountains B-2 quadrangle and the northern part of the Talkeetna Mountains A-2 quadrangle: Alaska Division of Geological and Geophysical Surveys, Public Data File 90-31, 23 p., 1 pl., scale 1:63,360.",,,,,,,,,porphyry_subset
10307480,Unnamed (in upper Slope Creek),62.78968,-144.013,United States,Alaska,,"Gold, Copper","Zinc, Lead, Iron",,Prospect,78: Porphyry Cu-Au,7|8: Porphyry Cu-Au,True,True,C,https://mrdata.usgs.gov/mrds/show-mrds.php?dep_id=10307480,,,NA,,Unknown,,,"Arsenopyrite, Chalcopyrite, Galena, Magnetite, Malachite, Sphalerite",Quartz,,,,"Potassic alteration with the introduction of K-feldspar and biotite in the core of the system.  Locally the rocks are sericitized and phyllically altered. Higher in the system, the rocks are silicified, altered to clay, and carbonatized. Bull and her co-authors (1997 and 1999) indicate that galena is more abundant distally.",,,,"W.J. Nokleberg, Hawley, C.C., W.T. Ellis",,,,,,,"Richter, D.H., 1964, Geology and mineral deposits of the Ahtell Creek area, Slana District, south-central Alaska:  Alaska Division of Geological and Geophysical Surveys Geologic Report 6, 17 p., 1 sheet, scale 1:31,680.Richter, D.H., 1966, Geology of the Slana district on south-central Alaska:  Alaska Division of Geological and Geophysical Surveys Geological Report 2l, 36b p., 3 sheets, scale 1:63,360.Richter, D.H., and Matson, N.A., 1968, Distribution of gold and some base metals in the Slana area, eastern Alaska Range, Alaska:  U.S. Geological Survey Circular 593, 20 p.Bull, Katharine, Schneider, Craig, and Freeman, Larry, 1997, Summary report for Ahtna Corporation: 12 p., appendices and maps. (Report available, Ahtna Minerals Co., Anchorage, Alaska).Bull, Katharine, Freeman, Larry, and Schneider, Craig, 1999, Slana property summary report for Homestake Mining Company: 11 p. and analytical appendices. (Report available, Ahtna Minerals Co., Anchorage, Alaska).",,,,,,,,,porphyry_subset
10001216,Unnamed (near Angiaak Pass),67.43959,-155.063,United States,Alaska,,"Molybdenum, Arsenic, Fluorine-Fluorite","Lead, Copper, Silver",,Occurrence,50: Climax Mo54: Porphyry Cu (North America),5|0: Climax Mo|5|4: Porphyry Cu (North America),True,True,C,https://mrdata.usgs.gov/mrds/show-mrds.php?dep_id=10001216,A011929,,NA,B,Unknown,,,"Arsenopyrite, Fluorite, Galena, Molybdenite",,,,,White mica and pyrite-oxidation.,,,,S.W. Nelson,,Gneiss,Mt. Igikpak Pluton,Gneiss,,,"Nelson, S.W., and Grybeck, D.J., 1980, Geologic map of the Survey Pass quadrangle, Brooks Range, Alaska:  U.S. Geological Survey Miscellaneous Field Studies Map MF-1176-A, 2 sheets, scale 1:250,000.Grybeck, D.J., and Nelson, S.W., 1981, Mineral deposit map of the Survey Pass quadrangle, Brooks Range, Alaska:  U.S. Geological Survey Miscellaneous Field Studies Map MF-1176-F, 1 sheet, scale 1:250,000.",,,,,,,,,porphyry_subset
10003533,Unnamed (near Indian Mountain),62.87958,-149.603,United States,Alaska,,Silver,"Copper, Lead, Gold",,Prospect,78: Porphyry Cu-Au85: Polymetallic veins,7|8: Porphyry Cu-Au|8|5: Polymetallic veins,True,True,C,https://mrdata.usgs.gov/mrds/show-mrds.php?dep_id=10003533,A106291,,NA,M,Unknown,,,,,,,,,,Indian Mountain,,"Riehle, J.",,,,,,,"Kurtak, J.M., Southworth, D.D., Balen, M.D., and Clautice, K.H., 1992, Mineral investigations in the Valdez Creek mining district, south-central Alaska: U.S. Bureau of Mines Open-File Report 1-92, 659 p., 2 plates, scale 1:250,000.Balen, M.D., 1990, Geochemical sampling results from the Bureau of Mines investigations in the Valdez Creek mining district, Alaska: U.S. Bureau of Mines Open-File Report 34-90, 218 p., 2 plates, scale 1:250,000.",,,,,,,,,porphyry_subset
10002173,Unnamed (near Styx River),61.66004,-153.045,United States,Alaska,,"Lead, Copper, Gold, Silver, Zinc",,,Occurrence,54: Porphyry Cu (North America)85: Polymetallic veins,5|4: Porphyry Cu (North America)|8|5: Polymetallic veins,True,True,C,https://mrdata.usgs.gov/mrds/show-mrds.php?dep_id=10002173,A013070,,NA,M,Unknown,,,"Chalcopyrite, Galena, Pyrite, Pyrrhotite, Sphalerite","Quartz, Sericite",,,,Quartz veining and possibly quartz-pyrite-sericite replacement.,,,,Travis L. Hudson,,Hornblendite,,,,,"Gamble, B.M., Bailey, E. A., and Reed, B. L., 1989, Gold occurrences near Snowcap Mountain, Lime Hills B-2 quadrangle, Alaska: U.S. Geological Survey Open-File Report 89-0646, 8 p.Reed, B.L., and Elliott, R.L., 1970, Reconnaissance geologic map, analyses of bedrock and stream sediment samples, and an aeromagnetic map of parts of the southern Alaska Range: U.S. Geological Survey Open-File Report 70-217, 145 p., 1 sheet, scale 1:250,000. (Also published as U.S. Geological Survey Open-File Report 413).Cobb, E.H., and Reed, B.L., 1981, Summaries of data on and lists of references to metallic and selected nonmetallic mineral occurrences in the Iliamna, Lake Clark, Lime Hills, and McGrath quadrangles, Alaska; Supplement to Open-File Report 76-485; Part A, Summaries to January 1, 1981: U.S. Geological Survey Open-File Report 81-1343-A, 25 p.Cobb, E.H., 1972, Metallic mineral resources map of the Lime Hills quadrangle, Alaska: U.S. Geological Survey Miscellaneous Field Studies Map MF-412, 1 sheet, scale 1:250,000.Cobb, E.H., 1976, Summary of references to mineral occurrences (other than mineral fuels and construction materials) in the Iliamna, Lake Clark, Lime Hills, and McGrath quadrangles, Alaska: U.S. Geological Survey Open-File Report 76-485, 101 p.",,,,,,,,,porphyry_subset
10307717,Unnamed (near Winter Creek),65.41966,-148.625,United States,Alaska,,"Molybdenum, Copper",,,Prospect,79: Porphyry Cu-Mo,7|9: Porphyry Cu-Mo,True,True,D,https://mrdata.usgs.gov/mrds/show-mrds.php?dep_id=10307717,,,NA,,Unknown,,,,,,,,,,,,"C.J. Freeman, J.R. Guidetti Schaefer",,,,,,,"Eakins, G.R., 1974, Preliminary investigations, Livengood mining district:    Alaska Division of Geological and Geophysical Surveys Open-File Report 40, 18 p.Eberlein, G.D., Chapman, R.M., Foster, H.L., and Gassaway, J.S., 1977, Map and table describing known metalliferous and selected nonmetalliferous mineral deposits in central Alaska:  U.S. Geological Survey Open-File Report  77-168-D, 132 p., 1 map, scale 1:1,000,000.",,,,,,,,,porphyry_subset
10308356,Unnamed (near headwaters of Main Creek),56.89931,-157.502,United States,Alaska,,Copper,,,Occurrence,53: Porphyry Cu,5|3: Porphyry Cu,True,True,D,https://mrdata.usgs.gov/mrds/show-mrds.php?dep_id=10308356,,,NA,,Unknown,,,Quartz,,,,,Hydrothermal alteration of unknown type.,,,,S.H. Pilcher,,,,,,,"Detterman, R.L., Miller, T.P., Yount, M.E., and Wilson, F.H.,1981, Geologic map the Chignik and Sutwik Island quadrangles Alaska: U.S. Geologic Survey Miscellaneous Investigations Series Map I- 1229, 1 map sheet, scale 1:250,000.MacKevett, E.M., Jr., and Holloway, C.D., 1977, Map showing metalliferous mineral deposits in the western part of southern Alaska: U.S. Geological Survey Open-File Report 77-169-F, 38 p., 1 sheet, scale 1:1,000,000.",,,,,,,,,porphyry_subset
10307485,Unnamed (near the West Fork of Ahtell Creek),62.83968,-144.113,United States,Alaska,,"Copper, Gold",,,Occurrence,78: Porphyry Cu-Au,7|8: Porphyry Cu-Au,True,True,D,https://mrdata.usgs.gov/mrds/show-mrds.php?dep_id=10307485,,,NA,,Unknown,,,"Chalcopyrite, Gold",,,,,,,,,"W.T. Ellis, Hawley, C.C., W.J. Nokleberg",,,,,,,"Richter, D.H., 1966, Geology of the Slana district on south-central Alaska:    Alaska Division of Geological and Geophysical Surveys Geological Report 2l, 36b p., 3 sheets, scale 1:63,360.Richter, D.H., and Matson, N.A., 1968, Distribution of gold and some base metals in the Slana area, eastern Alaska Range, Alaska:  U.S. Geological Survey Circular 593, 20 p.WGM Inc., 1980, 1979 Summary report of gold potential, Slana District, Ahtna project: WGM Inc., 10 p., 1:63,360-scale map. (Report held by Ahtna Mineral Co., Anchorage, Alaska).Bull, Katharine, Freeman, Larry, and Schneider, Craig, 1999, Slana property summary report for Homestake Mining Company: 11 p. and analytical appendices. (Report available, Ahtna Minerals Co., Anchorage, Alaska).",,,,,,,,,porphyry_subset
10307312,Unnamed (near the head of Portage Bay),56.20928,-158.612,United States,Alaska,,Copper,Silver,,Occurrence,53: Porphyry Cu,5|3: Porphyry Cu,True,True,D,https://mrdata.usgs.gov/mrds/show-mrds.php?dep_id=10307312,,,NA,,Unknown,,,,,,,,,,,,S.H. Pilcher,,,,,,,"U.S. Bureau of Mines, 1973, Alaska 1:250,000-scale quadrangle map overlays showing mineral deposit locations, principal minerals, and number and type of claims: U.S. Bureau of Mines Open-File Report 20-73, 95 overlays (updated in 1986, 1987).MacKevett, E.M., Jr., and Holloway, C.D., 1977, Map showing metalliferous mineral deposits in the western part of southern Alaska: U.S. Geological Survey Open-File Report 77-169-F, 38 p., 1 sheet, scale 1:1,000,000.",,,,,,,,,porphyry_subset
10001085,Unnamed (north of Beaver Creek),61.9836,-141.099,United States,Alaska,,Copper,,,Occurrence,53: Porphyry Cu,5|3: Porphyry Cu,True,True,C,https://mrdata.usgs.gov/mrds/show-mrds.php?dep_id=10001085,A011770,,NA,M,Unknown,,,Chalcopyrite,Pyrite,,,,,,Unnamed,,"Elliott, R.L., Richter, D.H., Leonard, K.R.",,Diorite,Klein Creek Batholith,Diorite,,,"Knaebel, Jeff, 1970, Geochemical survey and geological reconnaissance of the White River area, south-central Alaska:  Alaska Division of Mines and Minerals Geochemical Report 21, 60 p.MacKevett, E.M., Jr., 1976, Mineral deposits and occurrences in the McCarthy quadrangle, Alaska:  U.S. Geological Survey Miscellaneous Field Studies Map MF-773-B, scale 1:250,000.",,,,,,,,,porphyry_subset
10307763,Unnamed (north of Neacola River),61.08176,-153.419,United States,Alaska,,"Copper, Molybdenum",,,Occurrence,79: Porphyry Cu-Mo,7|9: Porphyry Cu-Mo,True,True,D,https://mrdata.usgs.gov/mrds/show-mrds.php?dep_id=10307763,,,NA,,Unknown,,,Molybdenite,,,,,,,,,"Madelyn A. Millholland, Travis L. Hudson",,,,,,,"Cobb, E.H., and Reed, B.L., 1981, Summaries of data on and lists of references to metallic and selected nonmetallic mineral occurrences in the Iliamna, Lake Clark, Lime Hills, and McGrath quadrangles, Alaska; Supplement to Open-File Report 76-485; Part A, Summaries to January 1, 1981: U.S. Geological Survey Open-File Report 81-1343-A, 25 p.",,,,,,,,,porphyry_subset
10258737,Unnamed (north of upper Antler Creek),62.20369,-142.847,United States,Alaska,,"Molybdenum, Copper","Gold, Silver",Zinc,Prospect,79: Porphyry Cu-Mo,7|9: Porphyry Cu-Mo,True,True,A,https://mrdata.usgs.gov/mrds/show-mrds.php?dep_id=10258737,A011395,20780015,NA,M,Surface,,,"Bornite, Chalcopyrite, Molybdenite, Pyrite, Sphalerite, Tetrahedrite","Anhydrite, Calcite, Gypsum, Quartz","Biotite, Chlorite, Epidote, Feldspar, Hornblende, Kaolin, Limonite, Magnetite, Sericite",,Surface,,,"Lemon, Alaska Nabesna Corporation, Sargent Mine, Camp Bird, Nebesna, North Star Group, Glacier Claim, California Group, Copper King, Orange Hill, Unnamed",,"Hudson, Travis, Mason, George, Leonard, Kenneth R. (Elliott, R.L.), Mosier, Dan, Beougher, Dee (Spanski, Gregory T.), King, Robert U., WSR",Nabesna batholith,Diorite,,Dacite,,,"Hollister, V.F., Anzalone, S.A., and Richter, D.H., 1975, Porphyry copper belts of southern Alaska and contiguous Yukon Territory: CIM Bulletin (Canadian Mining and Metallurgical Bulletin), V. 68, NO. 756, P. 104-112.Pilgrim, E.R., 1931, Alaska Nabesna Orange Hill copper claims, in Stewart, B.D., Report on cooperation between the Territory of Alaska and the United States in making mining investigations and in inspection of mines for the biennium ending March 31, 1931, p. 69-74.Bundtzen, T.K., Eakins, G.R., and Conwell, C.N., 1982, Review of Alaska mineral resources 1981:  Alaska Division of Geological and Geophysical Surveys Annual Report 1981, 48 p.U.S. Geological Survey, 1977 (1978), Geological Survey research, 1977: U.S. Geological Survey Professional Paper 1050, 411 p.Mendenhall, W.C., and Schrader, F.C., 1903, The mineral resources of the Mount Wrangell district, Alaska:  U.S. Geological Survey Professional Paper 15, 71 p.Moffit, F.H., Knopf, Adolph, and Capps, S.R., 1910, Mineral resources of the Nabesna-White River district, Alaska, with a section on Quaternary deposits and glaciation in the Nabesna-White River district by S.R. Capps: U.S. Geological Survey Bulletin 417, 64 p.Capps, S.R., 1915, Mineral resources of the Chisana-White River district, U.S. Geological Survey Bulletin 622-K, p. 189-228, in Brooks, A.H., 1915, Mineral resources of Alaska; report on progress of investigations in 1914:  U.S. Geological Survey Bulletin 622, 380 p.Smith, P.S., 1929, Mineral industry of Alaska in 1926:  U.S. Geological Survey Bulletin 797-A, p. 1-50, in U.S. Geological Survey Staff, 1929, Mineral resources of Alaska, report on progress of investigations in 1926: U.S. Geological Survey Bulletin 797, 227 p.Smith, P.S., 1930, Mineral industry of Alaska in 1928:  U.S. Geological Survey Bulletin 813-A, p. 1-72.Smith, P.S., 1932, Mineral industry of Alaska in 1929, in Smith, P.S., and others Mineral resources of Alaska, report on progress of investigations in 1929:  U.S. Geological Survey Bulletin 824-A, p. 1-81.Smith, P.S., 1933, Mineral industry of Alaska in 1930:  U.S. Geological Survey Bulletin 836-A, p. 1-83.Moffit, F.H., 1937, Recent mineral developments in the Copper River region:  U.S. Geological Survey Bulletin 880-B, p. 97-109.Smith, P.S., 1942, Occurrences of molybdenum in Alaska:  U.S. Geological Survey Bulletin 926-C, p. 161-210.Moffit, F.H., 1943, Geology of the Nutzotin Mountains, Alaska, with a section on The igneous rocks, by R.C. Wayland, and Gold deposits near Nabesna, by R.C. Wayland:    U.S. Geological Survey Bulletin 933-B, p. 103-199.Van Alstine, R.E., and Black, R.F., 1944, Mineral deposits at Orange Hill, Alaska:  U.S. Geological Survey Open-File Report 76, 16 p., 1 sheet.Wedow, Helmuth, Jr., White, M.G. and Moxham, R.M., 1952, Interim report on an appraisal of the uranium possibilities of Alaska: U.S. Geological Survey Open-File Report 51, 123 p.Wedow, Helmuth, Jr., 1953, Preliminary summary of reconnaissance for uranium and thorium in Alaska, 1952:  U.S. Geological Survey Circular 248, 15 p.Twenhofel, W.S., 1953, Potential Alaskan mineral resources for proposed electrochemical and electrometallurgical industries in the upper Lynn Canal area, Alaska:  U.S. Geological Survey Circular 252, 14 p.Moffit, F.H., 1954, Geology of the eastern part of the Alaska Range and adjacent area:  U.S. Geological Survey Bulletin 989-D, p. 65-218.Nelson, A.E., West, W.S., and Matsko, J.J., (1952) 1954, Reconnaissance for radioactive deposits in eastern Alaska:  U.S. Geological Survey Circular 348, 21 p.McInnes, Wilmer, 1957, Molybdenum, a materials survey, with a chapter on geology and resources by S.C. Creasy: U.S. Bureau of Mines Information Circular 7784, 77 p.Berg, H.C., and Cobb, E.H., 1967, Metalliferous lode deposits of Alaska:  U.S. Geological Survey Bulletin 1246,  254 p.Richter, D.H., 1967, Geology of the upper Slana-Mentasta Pass area, southcentral Alaska: Alaska Division of Mines and Minerals Geologic Report 30, 30 p., 2 sheets, scale 1:63,360.Richter, D.H., and Matson, N.A., Jr., 1970, Geochemical data from the Nabesna A-4 quadrangle, Alaska: U.S. Geological Survey Open File Report: Technical Data Unit classification number 398, 8 p., 1 sheet. \nSuperseded by:\nRichter, D.H., and Matson, N.A., Jr., 1970, Geochemical data from the Nabesna A-4 quadrangle, Alaska: U.S. Geological Survey Open-File Report 70-276, 8 p., 1 sheet, scale 1:63,360.Richter, D.H., Singer, D.A., and Cox, D.P., 1975, Mineral resources map of the Nabesna quadrangle, Alaska:  U.S. Geological Survey Miscellaneous Field Studies Map MF-655-K, 1 sheet, scale 1:250,000.Richter, D.H., and Matson, N.A., 1972, Metallic mineral resources map of the Nabesna quadrangle, Alaska:  U.S. Geological Survey Miscellaneous Field Studies Map MF-422, scale 1:250,000.Richter, D.H., 1972, Reconnaissance geologic map of the Nabesna A-4 quadrangle, Alaska: U.S. Geological Survey Open File Report: Technical Data Unit classification number 509, 1 sheet. \nSuperseded by:\nRichter, D.H., 1972, Reconnaissance geologic map of the Nabesna A-4 quadrangle, Alaska: U.S. Geological Survey Open-File Report 72-313, 1 sheet.Richter, D.H., 1973, Reconnaissance geological map of the Nabesna A-4 quadrangle, Alaska: U.S. Geological Survey Miscellaneous Investigations Series Map I-789, Scale 1:63,360.Richter, D.H., Albert, N.R.D., Barnes, D.F., Griscom, A., Marsh, S.P., and Singer, D.A., 1976, The Alaskan mineral resource assessment program ?background information to accompany folio of geologic and mineral resource maps of the Nabesna quadrangle, Alaska: U.S. Geological Survey Circular 718, 27p.CIM BULL 7504\nCanadian Institute of Mining, Metallurgy, and Petroleum?Richter, D.H., 1976, Geologic map of the Nabesna quadrangle, Alaska:  U.S. Geological Survey Miscellaneous Investigations Series Map I-932, 1 sheet, scale 1:250,000.MacKevett, E.M., Jr., and Holloway, C.D., 1977, Map showing metalliferous and selected non-metalliferous mineral deposits in the eastern part of southern Alaska:  U.S. Geological Survey Open-File Report 77-169-A, 99 p., 1 sheet, scale 1:1,000,000.Engineering and Mining Journal\n7905  No. 145Bundtzen, T.K., Eakins, G.R., and Conwell, C.N., 1983, Alaska mineral resources 1981-82: Alaska Division of Geological and Geophysical Surveys, Annual Report 1981-82, 153 p., scale 1:2,500,000, 4 sheets.MTA 82  \nNo. E-49SR38  \nNo. 73Berg, H.C., Eberlein, G.D., and MacKevett, Jr., E.M., 1964,  Metallic mineral resources, in Mineral and water resources of Alaska, Report prepared by the United States Geological Survey in cooperation with State of Alaska Department of Natural Resources at the request of Senator Ernest Gruening of Alaska of the Committee on Interior and Insular Affairs United States Senate, U.S. Government Printing Office, Washington, D.C., p. 95-125.Herreid, G., 1961, Geology and ore deposits of Alaska, State Division\nof Mines and Minerals, (Reprinted from Mining Enpineering Magazine).Direxp\n1940Richter, D.H., and Matson, N.A., 1970, Geochemical data from the Nabesna A-4 quadrangle, Alaska: U.S. Geological Survey Open-File Report 70-276, 14 P., 1 sheet, scale 1:63,360.Linn, G.W., 1973, Geology of Orange Hill, Alaska:  Berkeley, University of California, M.A. thesis, 119 p.Richter, D.H., Lanphere, M.A., and Matson, N.A., Jr., 1975, Granite plutonism and metamorphism, eeastern Alaska Range, Alaska: Geological Society of American Bulletin, v. 86, p. 819-820.ALASKA KARDEX 078-014ALASKA KARDEX 078-061Cobb, E.H., and Richter, D.H., 1980, Summaries of data on and list of references to metallic and selected nonmetallic mineral deposits in the Nabesna quadrangle, Alaska:  U.S. Geological Survey Open-File Report 80-927, 117 p.",,,,,,1898,,,porphyry_subset
10307569,Unnamed (north of upper Schist Creek),63.47161,-148.617,United States,Alaska,,"Molybdenum, Copper, Silver",,,Occurrence,79: Porphyry Cu-Mo,7|9: Porphyry Cu-Mo,True,True,D,https://mrdata.usgs.gov/mrds/show-mrds.php?dep_id=10307569,,,NA,,Unknown,,,,,,,,,,,,N. Van Wyck,,,,,,,"Wilson, F.H., Dover, J.H., Bradley, D.C., Weber, F.R., Bundtzen, T.K., and Haeussler, P.J., 1998, Geologic map of central (interior) Alaska: U.S. Geological Survey Open-File Report 98-133, 17 p., 2 sheetsm, scale 1:500,000.Clark, A.L., and Cobb, E.H., 1972, Metallic mineral resources map of the Healy quadrangle, Alaska: U.S. Geological Survey Miscellaneous Field Studies Map MF-394, 1 sheet, scale 1:250,000.",,,,,,,,,porphyry_subset
10093989,Unnamed (north side of Carl Creek),62.0486,-141.589,United States,Alaska,,Copper,"Silver, Gold, Molybdenum",,Prospect,53: Porphyry Cu,5|3: Porphyry Cu,True,True,B,https://mrdata.usgs.gov/mrds/show-mrds.php?dep_id=10093989,A011416,,NA,M,Unknown,,,"Chalcopyrite, Pyrite","Orthoclase, Quartz","Bornite, Magnetite, Molybdenite",,,Sericite,,"Carl Creek, Cccu 1-101",,"W.J.; Richter, D.H., Nokleberg, W.J., Elliott, R.L., Carnes, R. David, Leonard, K.R.",,Hornblendite,Chisana Formation,Volcanic Rock (Aphanitic),,,"Richter, D.H., and Jones, D.L., 1973, Reconnaissance geologic map of the Nabesna A-2 quadrangle, Alaska: U.S. Geological Survey Miscellaneous Investigations Series Map I-749, scale 1:63,360.Richter, D.H., Singer, D.A., and Cox, D.P., 1975, Mineral resources map of the Nabesna quadrangle, Alaska: U.S. Geological Survey Miscellaneous Field Studies Map MF-655-K, scale 1:250,000.Hollister, V.F., Anzalone, S.A., and Richter, D.H., 1975, Porphyry copper belts of southern Alaska and contiguous Yukon Territory: CIM (Canadian Mining and Metallurgical) Bulletin, v. 68, no. 756, p. 104-112.MacKevett, E.M., Jr., and Holloway, C.D., 1977, Map showing metalliferous and selected nonmetalliferous mineral deposits in the eastern part of southern Alaska: U.S. Geological Survey Open-File Report 77-169-A, 99 p., 1 sheet, scale 1:1,000,000.Bundtzen, T.K., Eakins, G.R., and Conwell, C.N., 1983, Alaska mineral resources 1981-82: Alaska Division of Geological & Geophysical Surveys, Annual Report 1981-2, 153 p., 4 sheets, scale 1:2,500,000.Engineering & Mining Journal 7905, No. 144MTA 82 No. E-54AK Mine License - 1983Cobb, E.H., and Richter, D.H., 1980, Summaries of data on and list of references to metallic and selected nonmetallic mineral deposits in the Nabesna quadrangle, Alaska: U.S. Geological Survey Open-File Report 80-927, 117 p.Richter, D.H., and Matson, N.A., Jr., 1970, Geochemical data from the Nabesna A-2 quadrangle, Alaska: U.S. Geological Survey Open-File Report 70-275, 12 p., 1 sheet, scale 1:63,360.Richter, D.H., Lanphere, M.A., and Matson, N.A., Jr., 1975, Granite plutonism and metamorphism, eeastern Alaska Range, Alaska: Geological Society of American Bulletin, v. 86, p. 819-820.Richter, D.H., and Matson, N.A., 1970, Geochemical data from the Nabesna A-2 quadrangle, Alaska: U.S. Geological Survey Open-File Report 70-275, 12 p., 1 sheet, scale 1:63,360.Alaska Kardex 078-101",,,,,,,,,porphyry_subset
10001142,Unnamed (northeast of Hogan Hill),62.67965,-145.453,United States,Alaska,,Copper,,,Occurrence,53: Porphyry Cu,5|3: Porphyry Cu,True,True,C,https://mrdata.usgs.gov/mrds/show-mrds.php?dep_id=10001142,A011835,,NA,M,Unknown,,,"Chalcopyrite, Pyrite",,,,,"K-feldspar and propylitic (chlorite) alteration of granodiorite adjacent to mineralized fractures (Rose and Saunders, 1965).",,,,"Hawley, C.C., W.J. Nokleberg, W.T. Ellis",,Diorite,,Diorite,,,"Rose, A.W., and Saunders, R.H., 1965, Geology and geochemical investigations near Paxson, northern Copper River basin, Alaska: Alaska Division of Mines and Minerals Geological Report 13, 35 p.Berg, H.C., and Cobb, E.H., 1967, Metalliferous Lode Deposits of Alaska. U.S. Geological Survey Bulletin 1246,    254 p.Mulligan, J.J., 1974, Mineral resources of the Trans-Alaska Pipeline corridor: U.S. Bureau of Mines Information Circular 8626, 24 p.Cobb, E.H., 1979, Summary of references to mineral occurrences (other than mineral fuels and construction materials) in the Gulkana quadrangle, Alaska: U.S. Geological Survey Open-File Report 79-1247, 36 p.Nokleberg, W.J., and others, 1994, Metallogeny and major mineral deposits of Alaska and Metallogenic map of significant metalliferous lode deposits and placer districts of Alaska, in Plafker, G. and Berg, H.C., eds., The Geology of Alaska: Boulder, Colorado, Geological Society of America: The Geology of North America, v. G1, p. 855-904 and v. G1, Plate 11, scale 1:2,500,000.MacKevett, E.M., Jr., and Holloway, C.D., 1977, Map showing metalliferous and selected non-metalliferous mineral deposits in the eastern part of southern Alaska: U.S. Geological Survey Open-File Report 77-169-A, 99 p., 1 sheet, scale 1:1,000,000.Richter, D.H., and Matson, N.A., Jr., 1972, Metallic mineral resources map of the Gulkana quadrangle, Alaska: U.S. Geological Survey Miscellaneous Field Studies Map MF-419, 1 sheet,  scale 1:250,000.",,,,,,,,,porphyry_subset
10003511,Unnamed (northeast of VABM Watana),62.96961,-147.843,United States,Alaska,,Copper,"Gold, Silver",,Occurrence,"58: Porphyry Cu, skarn-related273: Low-sulfide Au-quartz vein","5|8: Porphyry Cu, skarn-related|2|7|3: Low-sulfide Au-quartz vein",True,True,C,https://mrdata.usgs.gov/mrds/show-mrds.php?dep_id=10003511,A106269,,NA,M,Unknown,,,,,,,,Silicification,,VABM Watana,,"Riehle, J.",,,,,,,"Kurtak, J.M., Southworth, D.D., Balen, M.D., and Clautice, K.H., 1992, Mineral investigations in the Valdez Creek mining district, south-central Alaska: U.S. Bureau of Mines Open-File Report 1-92, 659 p., 2 plates, scale 1:250,000.Balen, M.D., 1990, Geochemical sampling results from the Bureau of Mines investigations in the Valdez Creek mining district, Alaska: U.S. Bureau of Mines Open-File Report 34-90, 218 p., 2 plates, scale 1:250,000.",,,,,,,,,porphyry_subset
10307822,Unnamed (on Candle Creek),62.86245,-155.837,United States,Alaska,,Gold,"Antimony, Copper, Mercury, Silver",,Prospect,78: Porphyry Cu-Au,7|8: Porphyry Cu-Au,True,True,C,https://mrdata.usgs.gov/mrds/show-mrds.php?dep_id=10307822,,,NA,,Unknown,,,"Arsenopyrite, Chalcopyrite, Cinnabar","Dolomite, Quartz",,,,"Ankerite, epidote, and sericite.",,,,T.K. Bundtzen,,,,,,,"Bundtzen, T.K., and Laird, G.M., 1983, Geologic map of the McGrath D-6 quadrangle, Alaska:  Alaska Division of Geological and Geophysical Surveys Geologic Report 79, 1:63,360 scale.Bundtzen, T.K., and Miller, M.L., 1997, Precious metals associated with Late Cretaceous-early Tertiary igneous rocks of southwestern Alaska, in Goldfarb, R.J., and Miller, L.D., eds., Economic Geology Monograph #9, Mineral Deposits of Alaska, p. 242-286.",,,,,,,,,porphyry_subset
10001665,Unnamed (on Cape Kumlik),56.62931,-157.482,United States,Alaska,,Copper,"Molybdenum, Gold, Silver",,Occurrence,53: Porphyry Cu,5|3: Porphyry Cu,True,True,C,https://mrdata.usgs.gov/mrds/show-mrds.php?dep_id=10001665,A012442,,NA,M,Unknown,,,"Chalcopyrite, Molybdenite, Pyrite","Barite, Quartz",,,,"The rocks exhibit a zoned alteration pattern, with a central potassic core grading outward to quartz-sericite and silicification, and to peripheral propylitization.",,,,S.H. Pilcher,Meshik Formation;Meshik Formation;Meshik Formation;Meshik Formation,Dacite,,Tonalite,,,"Yount, M.E., Cooley, E.F., and O'Leary, R.M., 1978, Sample location map, analytical data, and statistical summary of analyses of rock samples, Chignik and Sutwik Island quadrangles, Alaska: U.S. Geological Survey Open-File Report 78-557, l sheet, scale l:250,000.Cox, D.P., Detra, D.E., and Detterman, R.L., 1981, Mineral resource maps of the Chignik and Sutwik Island quadrangles, Alaska: U.S. Geological Survey Miscellaneous Field Studies Map MF- 1053-K, 2 map sheets, scale 1:250,000.Detterman, R.L., Miller, T.P., Yount, M.E., and Wilson, F.H.,1981, Geologic map the Chignik and Sutwik Island quadrangles Alaska: U.S. Geologic Survey Miscellaneous Investigations Series Map I- 1229, 1 map sheet, scale 1:250,000.MacKevett, E.M., Jr., and Holloway, C.D., 1977, Map showing metalliferous mineral deposits in the western part of southern Alaska: U.S. Geological Survey Open-File Report 77-169-F, 38 p., 1 sheet, scale 1:1,000,000.Hedderly-Smith, D.A., 1977 Annual report, Alaska search, Koniag Inc. region: Bear Creek Mining Company, Spokane Office, 23 p. (Report held by Kennecott Alaska, Anchorage).",,,,,,,,,porphyry_subset
10001143,Unnamed (on Hogan Hill),62.66159,-145.482,United States,Alaska,,Copper,"Lead, Zinc",,Prospect,"58: Porphyry Cu, skarn-related85: Polymetallic veins","5|8: Porphyry Cu, skarn-related|8|5: Polymetallic veins",True,True,C,https://mrdata.usgs.gov/mrds/show-mrds.php?dep_id=10001143,A011836,,NA,M,Unknown,,,"Chalcopyrite, Galena, Pyrite, Sphalerite",Quartz,,,,,,,,"Hawley, C.C., W.J. Nokleberg, W.T. Ellis",,Amphibolite,,,,,"Rose, A.W., and Saunders, R.H., 1965, Geology and geochemical investigations near Paxson, northern Copper River basin, Alaska: Alaska Division of Mines and Minerals Geological Report 13, 35 p.Mulligan, J.J., 1974, Mineral resources of the Trans-Alaska Pipeline corridor: U.S. Bureau of Mines Information Circular 8626, 24 p.Cobb, E.H., 1979, Summary of references to mineral occurrences (other than mineral fuels and construction materials) in the Gulkana quadrangle, Alaska: U.S. Geological Survey Open-File Report 79-1247, 36 p.MacKevett, E.M., Jr., and Holloway, C.D., 1977, Map showing metalliferous and selected non-metalliferous mineral deposits in the eastern part of southern Alaska: U.S. Geological Survey Open-File Report 77-169-A, 99 p., 1 sheet, scale 1:1,000,000.Richter, D.H., and Matson, N.A., Jr., 1972, Metallic mineral resources map of the Gulkana quadrangle, Alaska: U.S. Geological Survey Miscellaneous Field Studies Map MF-419, 1 sheet,  scale 1:250,000.",,,,,,,,,porphyry_subset
10308453,Unnamed (on Portage Creek),62.00849,-152.903,United States,Alaska,,"Molybdenum, Copper, Gold",Arsenic,,Occurrence,53: Porphyry Cu,5|3: Porphyry Cu,True,True,C,https://mrdata.usgs.gov/mrds/show-mrds.php?dep_id=10308453,,,NA,,Unknown,,,"Arsenopyrite, Chalcopyrite, Gold, Molybdenite, Pyrite",,,,,,,,,Madelyn A. Millholland,,,,,,,"Reed, B.L., and Elliot, R.L., 1970, Reconnaissance geologic map, analyses of bedrock and stream sediment samples, and an aeromagnetic map of parts of the southern Alaska Range: U.S. Geological Survey Open-file Report 70-271, 24 p., 4 plates, scale 1:250,000.Curtin, G.C., Karlson, R.C., O'Leary, R.M., Day, G.W., and McDanal, S.K., 1978, Geochemical and generalized geologic map showing the distribution of gold and silver, Talkeetna quadrangle, Alaska: U.S. Geological Survey Miscellaneous Field Studies Map MF-870-E, 2 sheets, scale 1:250,000.Reed, B.L., Nelson, S.W., Curtin, G.C., and Singer, D.A., 1978, Mineral resources map of the Talkeetna Quadrangle, Alaska: U.S. Geological Survey Miscellaneous Field Studies Map MF-870-D, 1 sheet, scale 1:250,000.Reed, B.L., and Nelson, S.W., 1980, Geologic map of the Talkeetna quadrangle: U.S. Geological Survey Miscellaneous Investigations Map I-1174, scale 1:250,000.",,,,,,,,,porphyry_subset
10308355,Unnamed (on Unavikshak Island),56.4893,-157.722,United States,Alaska,,Copper,,,Occurrence,53: Porphyry Cu,5|3: Porphyry Cu,True,True,D,https://mrdata.usgs.gov/mrds/show-mrds.php?dep_id=10308355,,,NA,,Unknown,,,"Chalcopyrite, Pyrite",Quartz,,,,"A small zone of sericitic alteration in undescribed rocks lies near the northern part of the island (Wilson, 1980). Propylitic and argillic types may also be present.",,,,S.H. Pilcher,,,,,,,"Cox, D.P., Detra, D.E., and Detterman, R.L., 1981, Mineral resource maps of the Chignik and Sutwik Island quadrangles, Alaska: U.S. Geological Survey Miscellaneous Field Studies Map MF- 1053-K, 2 map sheets, scale 1:250,000.Detterman, R.L., Miller, T.P., Yount, M.E., and Wilson, F.H.,1981, Geologic map the Chignik and Sutwik Island quadrangles Alaska: U.S. Geologic Survey Miscellaneous Investigations Series Map I- 1229, 1 map sheet, scale 1:250,000.Wilson, F.H., 1980, Late Mesozoic and Cenozoic tectonics and age of porphyry copper prospects, Chignik and Sutwik Island quadrangles, Alaska Peninsula: U.S. Geological Survey Open-File  Report 80-543, 94 p., 5 sheets, scales 1:250,000 and 1 inch = 1,000 feet.",,,,,,,,,porphyry_subset
10308445,Unnamed (on the Yentna Glacier),62.73653,-151.681,United States,Alaska,,"Molybdenum, Copper",,,Occurrence,"79: Porphyry Cu-Mo80: Porphyry Mo, low-F","7|9: Porphyry Cu-Mo|8|0: Porphyry Mo, low-F",True,True,C,https://mrdata.usgs.gov/mrds/show-mrds.php?dep_id=10308445,,,NA,,Unknown,,,"Chalcopyrite, Molybdenite, Pyrite",,,,,,,,,Madelyn A. Millholland,,,,,,,"Curtin, G.C., Karlson, R.C., O'Leary, R.M., Day, G.W., and McDanal, S.K., 1978, Geochemical and generalized geologic maps showing the distribution and abundance of gold and silver in the Talkeetna quadrangle, Alaska: U.S. Geological Survey Miscellaneous Field Studies Map MF-870-E, 2 sheets, scale 1:250,000.Reed, B.L., Nelson, S.W., Curtin, G.C., and Singer, D.A., 1978, Mineral resources map of the Talkeetna Quadrangle, Alaska: U.S. Geological Survey Miscellaneous Field Studies Map MF-870-D, 1 sheet, scale 1:250,000.Reed, B.L., and Nelson, S.W., 1980, Geologic map of the Talkeetna quadrangle: U.S. Geological Survey Miscellaneous Investigations Map I-1174, scale 1:250,000.MacKevett, E.M., Jr., and Holloway, C.D., 1977, Map showing metalliferous and selected non-metalliferous mineral deposits in the eastern part of southern Alaska: U.S. Geological Survey Open-File Report 77-169-A, 99 p., 1 sheet, scale 1:1,000,000.",,,,,,,,,porphyry_subset
10308446,Unnamed (on the Yentna Glacier),62.70653,-151.719,United States,Alaska,,"Molybdenum, Copper",,,Occurrence,"79: Porphyry Cu-Mo80: Porphyry Mo, low-F","7|9: Porphyry Cu-Mo|8|0: Porphyry Mo, low-F",True,True,C,https://mrdata.usgs.gov/mrds/show-mrds.php?dep_id=10308446,,,NA,,Unknown,,,"Chalcopyrite, Molybdenite, Pyrite",,,,,,,,,Madelyn A. Millholland,,,,,,,"Curtin, G.C., Karlson, R.C., O'Leary, R.M., Day, G.W., and McDanal, S.K., 1978, Geochemical and generalized geologic maps showing the distribution and abundance of gold and silver in the Talkeetna quadrangle, Alaska: U.S. Geological Survey Miscellaneous Field Studies Map MF-870-E, 2 sheets, scale 1:250,000.Reed, B.L., Nelson, S.W., Curtin, G.C., and Singer, D.A., 1978, Mineral resources map of the Talkeetna Quadrangle, Alaska: U.S. Geological Survey Miscellaneous Field Studies Map MF-870-D, 1 sheet, scale 1:250,000.Reed, B.L., and Nelson, S.W., 1980, Geologic map of the Talkeetna quadrangle: U.S. Geological Survey Miscellaneous Investigations Map I-1174, scale 1:250,000.MacKevett, E.M., Jr., and Holloway, C.D., 1977, Map showing metalliferous and selected non-metalliferous mineral deposits in the eastern part of southern Alaska: U.S. Geological Survey Open-File Report 77-169-A, 99 p., 1 sheet, scale 1:1,000,000.",,,,,,,,,porphyry_subset
10002214,Unnamed (on the west side of Tarr Inlet),59.00972,-137.012,United States,Alaska,,"Silver, Copper, Lead, Zinc",Gold,,Occurrence,53: Porphyry Cu,5|3: Porphyry Cu,True,True,C,https://mrdata.usgs.gov/mrds/show-mrds.php?dep_id=10002214,A013115,,NA,M,Unknown,,,"Arsenopyrite, Chalcopyrite, Pyrite, Sphalerite",Quartz,,,,Alteration is mentioned but not described in Brew and others (1978).,,,,T.C. Crafford,,,,,,,"Wright, F.E. and Wright, C.W., 1937, The Glacier Bay National Monument in southeastern Alaska, its glaciers and geology: U.S. Geological Survey manuscript report, 224 p.MacKevett, E.M., Jr., Brew, D.A., Hawley, C.C., Huff, L.C., and Smith, J.G., 1971, Mineral resources of Glacier Bay National Monument, Alaska: U.S. Geological Survey Professional Paper 632, 90 p., 12 plates, scale 1:250,000.Cobb, E.H., 1972, Metallic mineral resources map of the Skagway quadrangle, Alaska: U.S. Geological Survey Miscellaneous Field Studies Map MF-424, 1 sheet, scale 1:250,000.Brew, D.A., Johnson, B.R., Grybeck, D., Griscom, A., Barnes, D.F., Kimball, A.L., Still, J.C., and Rataj, J.L., 1978, Mineral resources of the Glacier  Bay National Monument Wilderness Study Area, Alaska: U.S. Geological Survey Open-File Report 78-494, 670 p.Cobb, E.H., 1981, Summaries of data and lists of references to metallic and selected nonmetallic mineral occurrences in the Skagway quadrangle, Alaska, Supplement to Open-File Report 78-316, Part A in Summaries of data to January 1, 1980: U.S. Geological Survey Open-File Report 81-82-A, 11 p.Berg, H.C., 1984, Regional geologic summary, metallogenesis, and mineral resources of southeastern Alaska: U.S. Geological Survey Open-file Report 84-572,  298 p., 1 plate, scale approx. 1:600,000.Still, J.C., 1991, Bureau of Mines mineral investigations in the Juneau mining district, Alaska, 1984 - 1988, v. 2, Detailed mine, prospect, and mineral occurrence descriptions, section B, Glacier Bay subarea: U.S. Bureau of Mines of Mines Special Publication, 69 p.Cobb, E.H., 1981, Summaries of data on and lists of references to metallic and selected nonmetallic mineral occurrences in the Skagway quadrangle, Alaska; Supplement to Open-File Report 78-316; Part A, Summaries of data to January 1, 1980: U.S. Geological Survey Open-File Report 81-82-A, 11 p.MacKevett, E.M., Jr., Brew, D.A., Hawley, C.C., Huff, L.C., and Smith, J.G., 1967, Mineral resources of Glacier Bay National Monument, Alaska: U. S. Geological Survey Open-File Report 151, 176 p.",,,,,,,,,porphyry_subset
10001668,Unnamed (on western Nakchamik Island),56.3393,-157.882,United States,Alaska,,Copper,"Zinc, Lead",,Prospect,53: Porphyry Cu,5|3: Porphyry Cu,True,True,C,https://mrdata.usgs.gov/mrds/show-mrds.php?dep_id=10001668,A012446,,NA,M,Unknown,,,"Chalcopyrite, Galena, Pyrite, Sphalerite","Barite, Quartz",,,,Country rocks are propylitically and sericitically altered. The area is marked by a large color anomaly.,,,,S.H. Pilcher,Meshik Formation;Meshik Formation;Meshik Formation,Basalt,,Tonalite,,,"Yount, M.E., Cooley, E.F., and O'Leary, R.M., 1978, Sample location map, analytical data, and statistical summary of analyses of rock samples, Chignik and Sutwik Island quadrangles, Alaska: U.S. Geological Survey Open-File Report 78-557, l sheet, scale l:250,000.Cox, D.P., Detra, D.E., and Detterman, R.L., 1981, Mineral resource maps of the Chignik and Sutwik Island quadrangles, Alaska: U.S. Geological Survey Miscellaneous Field Studies Map MF- 1053-K, 2 map sheets, scale 1:250,000.Detterman, R.L., Miller, T.P., Yount, M.E., and Wilson, F.H.,1981, Geologic map the Chignik and Sutwik Island quadrangles Alaska: U.S. Geologic Survey Miscellaneous Investigations Series Map I- 1229, 1 map sheet, scale 1:250,000.Young, L.E., St. George, P., and Bouley, B., 1997, Porphyry copper deposits in relation to the magmatic history and palinspastic restoration of Alaska, in Goldfarb, R.J., and Miller, L.D., (eds.), Mineral deposits of Alaska: Economic Geology Monograph 9, p. 306-333.Wilson, F.H., 1980, Late Mesozoic and Cenozoic tectonics and age of porphyry copper prospects, Chignik and Sutwik Island quadrangles, Alaska Peninsula: U.S. Geological Survey Open-File  Report 80-543, 94 p., 5 sheets, scales 1:250,000 and 1 inch = 1,000 feet.",,,,,,,,,porphyry_subset
10308478,Unnamed (on western Rootok Island),54.04113,-165.563,United States,Alaska,,"Silver, Gold, Copper","Zinc, Molybdenum",,Occurrence,53: Porphyry Cu,5|3: Porphyry Cu,True,True,C,https://mrdata.usgs.gov/mrds/show-mrds.php?dep_id=10308478,,,NA,,Unknown,,,"Chalcocite, Chalcopyrite, Malachite, Pyrite","Quartz, Tourmaline",,,,"The rocks exhibit pervasive propylitic alteration consisting of chlorite, epidote, and pyrite. The breccia bodies in the northern area are altered to quartz-sericite-pyrite. Wall rock adjoining the breccias varies from pyritized volcanics to malachite-chalcopyrite-chalcopyrite-bearing porphyritic diorite, whose feldspar phenocrysts are altered to clay.",,,,S.H. Pilcher,,,,,,,"Christie, J.S., 1974, Aleut-Quintana-Duval 1974 joint venture, final report: Unpublished Quintana Minerals Corporation report, 24 p., 3 appendices, 2 maps. (Report held by the Aleut Corporation, Anchorage, Alaska.)Christie, J.S., 1976, Aleut-Quintana-Duval joint venture, final report, 1975, 20 p. (Report held by the Aleut Native Corporation, Anchorage, Alaska.)",,,,,,,,,porphyry_subset
10307841,Unnamed (overlooking Middle Fork of Kuskokwim River),62.22746,-154.453,United States,Alaska,,Silver,"Molybdenum, Iron",,Occurrence,"58: Porphyry Cu, skarn-related","5|8: Porphyry Cu, skarn-related",True,False,D,https://mrdata.usgs.gov/mrds/show-mrds.php?dep_id=10307841,,,NA,,Unknown,,,"Molybdenite, Pyrite","Epidote, Quartz",,,,,,,,T.K. Bundtzen,,,,,,,"Gilbert, W.G., Solie, D.N., and Kline, J.T., 1988, Geologic map of the McGrath A-3 quadrangle, Alaska:  Alaska Division of Geological and Geophysical Surveys Professional Report 92, 2 sheets, 1:63,360 scale.Bundtzen, T.K., Harris, E.E., and Gilbert, W.G., 1997, Geologic Map of the eastern McGrath quadrangle, Alaska:    Alaska Division of Geological and Geophysical Surveys Report of Investigations 97-14, 34 pages, one sheet, scale 1:125,000.",,,,,,,,,porphyry_subset
10307320,Unnamed (south of Chignik),56.26929,-158.392,United States,Alaska,,,,,Occurrence,53: Porphyry Cu,5|3: Porphyry Cu,True,False,E,https://mrdata.usgs.gov/mrds/show-mrds.php?dep_id=10307320,,,NA,,Unknown,,,"Pyrite, Pyrrhotite",,,,,,,,,S.H. Pilcher,,,,,,,"Fields, E.D., 1977, 1976 Annual report: Alaska search, Chignik area-Bristol Bay region: Bear Creek Mining Company, 44 p., 22 map sheets. (Report held by the Aleut Corporation, Anchorage, Alaska.)",,,,,,,,,porphyry_subset
10001153,Unnamed (south of Flat Creek),62.72968,-144.133,United States,Alaska,,Copper,"Gold, Tungsten, Lead",,Prospect,79: Porphyry Cu-Mo,7|9: Porphyry Cu-Mo,True,True,C,https://mrdata.usgs.gov/mrds/show-mrds.php?dep_id=10001153,A011849,,NA,M,Unknown,,,Chalcopyrite,"Quartz, Tourmaline",,,,Tourmaline.,,,,"Hawley, C.C., W.J. Nokleberg, W.T. Ellis",,,,,,,"Richter, D.H., 1966, Geology of the Slana district on south-central Alaska: Alaska Division of Geological and Geophysical Surveys Geological Report 2l, 36b p., 3 sheets, scale 1:63,360.Richter, D.H., and Matson, N.A., 1968, Distribution of gold and some base metals in the Slana area, eastern Alaska Range, Alaska: U.S. Geological Survey Circular 593, 20 p.MacKevett, E.M., Jr., and Holloway, C.D., 1977, Map showing metalliferous and selected non-metalliferous mineral deposits in the eastern part of southern Alaska: U.S. Geological Survey Open-File Report 77-169-A, 99 p., 1 sheet, scale 1:1,000,000.Cobb, E.H., 1979, Summary of references to mineral occurrences (other than mineral fuels and construction materials) in the Gulkana quadrangle, Alaska: U.S. Geological Survey Open-File Report 79-1247, 36 p.WGM Inc., 1980, 1979 Summary report of gold potential, Slana District, Ahtna project: WGM Inc., 10 p., 1:63,360-scale map. (Report held by Ahtna Mineral Co., Anchorage, Alaska).Richter, D.H., and Matson, N.A., Jr., 1972, Metallic mineral resources map of the Gulkana quadrangle, Alaska: U.S. Geological Survey Miscellaneous Field Studies Map MF-419, 1 sheet,  scale 1:250,000.",,,,,,,,,porphyry_subset
10308130,Unnamed (south of Zachary Bay),55.25323,-160.635,United States,Alaska,,"Copper, Gold",Molybdenum,,Prospect,53: Porphyry Cu78: Porphyry Cu-Au,5|3: Porphyry Cu|7|8: Porphyry Cu-Au,True,True,C,https://mrdata.usgs.gov/mrds/show-mrds.php?dep_id=10308130,,,NA,,Unknown,,,"Chalcocite, Chalcopyrite, Molybdenite, Pyrite",Quartz,,,,"Propylitic alteration consisting of various combinations of epidote, chlorite, pyrite, and magnetite is widespread. Quartz-sericite-pyrite, magnetite-plagioclase, and potassic (biotite) assemblages are also present. .Alteration zoning is poorly understood due primarily to lack of outcrop. One zoning sequence of increasing intensity consists of epidote-pyrite to chlorite-pyrite to chlorite-magnetite.",,,,S.H. Pilcher,,,,,,,"Christie, J.S., 1974, Aleut-Quintana-Duval 1974 joint venture, final report: Unpublished Quintana Minerals Corporation report, 24 p., 3 appendices, 2 maps. (Report held by the Aleut Corporation, Anchorage, Alaska.)Christie, J.S., and Richards, G.G., 1974, Zachary Bay color anomaly and copper-gold prospect Unga Island Alaska, Port Moller B-2 quadrangle: Quintana Minerals Report, 9 p. (Report held by the Aleut Corporation, Anchorage, Alaska.)Dircks, N.J., and Richards, G.G., 1976, Final report on Zachary Bay project Unga Island, Alaska Port Moller B-2 quadrangle: Quintana Minerals, 10 p. (Report held by the Aleut Corporation, Anchorage, Alaska.)Trujillo, R.S., Anderson, G., MacLeod, T., Hendrick, K., Farnham, S., Peterson, J., 1981. Exploration and evaluation of the Unga-Popof-Korovan Islands portion of lands leased from Aleut Native Corporation: Resource Associates of Alaska report, 70 p., 38 map sheets, various scales. (Report held by the Aleut Corporation, Anchorage, Alaska.)Wilson, F.H., White, W.H., and DuBois, G.D., 1988, Brief descriptions of mines, prospects, and mineral occurrences in the Port Moller and Stepovak Bay quadrangles, Alaska Peninsula: U.S. Geological Survey Open-File Report 88-666, 128 p., scale 1:250,000.Wilson, F.H., Shew, N., DuBois, G.D., and Bie, S.W., 1994, Sample locality map and analytical data for potassium-argon ages in the Port Moller, Stepovak Bay and Simeonof Island quadrangles, Alaska Peninsula, Alaska: U.S. Geological Survey Miscellaneous Field Studies Map MF-2155-E, 18 p., 1 map sheet, scale 1:250,000.Wilson, F.H., Detterman, R.L., Miller, J. W., and Case, J.E., 1995, Geologic map of the Port Moller, Stepovak Bay, and Simeonof Island quadrangles, Alaska: U.S. Geological Survey Miscellaneous Investigation Series Map I-2272, 1 map sheet, scale 1:250,000.Christie, J.S., 1975, Aleut-Quintana-Duval 1975 joint venture, preliminary report: Quintana Minerals Report, 6 p., 9 map sheets, scales 1:63.360 and 1 inch equals 800 feet. (Report held by the Aleut Corporation, Anchorage, Alaska.)",,,,,,,,,porphyry_subset
10308351,Unnamed (southeast Nakchamik Island),56.3193,-157.822,United States,Alaska,,Copper,,,Occurrence,53: Porphyry Cu,5|3: Porphyry Cu,True,True,C,https://mrdata.usgs.gov/mrds/show-mrds.php?dep_id=10308351,,,NA,,Unknown,,,"Chalcopyrite, Pyrite",Quartz,,,,The alteration is unknown but probably includes propylitic and sericitic types.,,,,S.H. Pilcher,,,,,,,"U.S. Bureau of Mines, 1973, Alaska 1:250,000-scale quadrangle map overlays showing mineral deposit locations, principal minerals, and number and type of claims: U.S. Bureau of Mines Open-File Report 20-73, 95 overlays (updated in 1986, 1987).Cox, D.P., Detra, D.E., and Detterman, R.L., 1981, Mineral resource maps of the Chignik and Sutwik Island quadrangles, Alaska: U.S. Geological Survey Miscellaneous Field Studies Map MF- 1053-K, 2 map sheets, scale 1:250,000.Detterman, R.L., Miller, T.P., Yount, M.E., and Wilson, F.H.,1981, Geologic map the Chignik and Sutwik Island quadrangles Alaska: U.S. Geologic Survey Miscellaneous Investigations Series Map I- 1229, 1 map sheet, scale 1:250,000.MacKevett, E.M., Jr., and Holloway, C.D., 1977, Map showing metalliferous mineral deposits in the western part of southern Alaska: U.S. Geological Survey Open-File Report 77-169-F, 38 p., 1 sheet, scale 1:1,000,000.",,,,,,,,,porphyry_subset
10002265,Unnamed (southwest Gilbert Peninsula),58.77472,-136.563,United States,Alaska,,"Copper, Molybdenum","Bismuth, Silver, Zinc",,Occurrence,79: Porphyry Cu-Mo,7|9: Porphyry Cu-Mo,True,True,C,https://mrdata.usgs.gov/mrds/show-mrds.php?dep_id=10002265,A013168,,NA,M,Unknown,,,"Chalcopyrite, Molybdenite, Pyrite, Sphalerite",Quartz,,,,Silicification in stockwork zones.,,,,"Hawley, C.C.",,Diorite,,,,,"Rossman, Darwin, 1963, Geology of the eastern part of the Mount Fairweather quadrangle, Glacier Bay, Alaska: U.S. Geological Survey Bulletin 1121-K, p. K1-K57.MacKevett, E.M., Jr., Brew, D.A., Hawley, C.C., Huff, L.C., and Smith, J.G., 1971, Mineral resources of Glacier Bay National Monument, Alaska: U.S. Geological Survey Professional Paper 632, 90 p., 12 plates, scale 1:250,000.Brew, D.A., Johnson, B.R., Grybeck, D., Griscom, A., Barnes, D.F., Kimball, A.L., Still, J.C., and Rataj, J.L., 1978, Mineral resources of the Glacier  Bay National Monument Wilderness Study Area, Alaska: U.S. Geological Survey Open-File Report 78-494, 670 p.Kimball, A.L., Still, J.C., and Rataj, J.L., 1978, Mineral resources, in Brew, D. A., and others, Mineral resources of the Glacier Bay National Monument wilderness study area, Alaska: U.S. Geological Survey Open-File Report 78-494, p. C1-C375.Cobb, E.H., 1972, Metallic mineral resources map of the Mount Fairweather quadrangle, AK: U.S. Geological Survey Miscellaneous Field Study Map MF-436, 1 sheet, scale 1:250,000.",,,,,,,,,porphyry_subset
10001078,Unnamed (southwest flank of Granite Peak),61.7416,-143.866,United States,Alaska,,Copper,"Gold, Silver, Molybdenum",,Occurrence,53: Porphyry Cu,5|3: Porphyry Cu,True,True,B,https://mrdata.usgs.gov/mrds/show-mrds.php?dep_id=10001078,A011762,,NA,M,Unknown,,,Chalcopyrite,Quartz,,,,,,Unnamed,,"Elliott, R.L., Leonard, K.R., Richter, D.H.",,Diorite,Chitina Valley Batholith,Diorite,,,"MacKevett, E.M., Jr., 1976, Mineral deposits and occurrences in the McCarthy quadrangle, Alaska: U.S. Geological Survey Miscellaneous Field Studies Map MF-773-B, scale 1:250,000.MacKevett, E.M., Jr., Smith, J.G., Jones, D.L., and Winkler, G.R., 1978, Geologic map of the McCarthy C-8 quadrangle, Alaska: U.S. Geological Survey Geologic Quadrangle Map GQ-1418, scale 1:63,360.MacKevett, E.M., Jr., Smith, J.G., Jones, D.L., and Winkler, G.R., 1978, Geologic map of the McCarthy C-8 quadrangle, Alaska: U.S. Geological Survey Geologic Quadrangle Map GQ-1418, 1 sheet, scale 1:63,360.",,,,,,,,,porphyry_subset
10308124,Unnamed (southwest of head of Zachary Bay),55.28323,-160.709,United States,Alaska,,Copper,,,Occurrence,53: Porphyry Cu78: Porphyry Cu-Au,5|3: Porphyry Cu|7|8: Porphyry Cu-Au,True,True,D,https://mrdata.usgs.gov/mrds/show-mrds.php?dep_id=10308124,,,NA,,Unknown,,,"Chalcopyrite, Pyrite",Quartz,,,,,,,,S.H. Pilcher,,,,,,,"Christie, J.S., 1974, Aleut-Quintana-Duval 1974 joint venture, final report:  Unpublished Quintana Minerals Corporation report, 24 p., 3 appendices, 2 maps. (Report held by the Aleut Corporation, Anchorage, Alaska.)Wilson, F.H., Detterman, R.L., Miller, J. W., and Case, J.E., 1995, Geologic map of the Port Moller, Stepovak Bay, and Simeonof Island quadrangles, Alaska: U.S. Geological Survey Miscellaneous Investigation Series Map I-2272, 1 map sheet, scale 1:250,000.",,,,,,,,,porphyry_subset
10003539,Unnamed (upper Black River),62.27959,-148.093,United States,Alaska,,"Copper, Molybdenum","Gold, Tungsten",,Occurrence,78: Porphyry Cu-Au79: Porphyry Cu-Mo,7|8: Porphyry Cu-Au|7|9: Porphyry Cu-Mo,True,True,C,https://mrdata.usgs.gov/mrds/show-mrds.php?dep_id=10003539,A106297,,NA,M,Unknown,,,"Chalcopyrite, Molybdenite",,,,,,,Upper Black River,,"Riehle, J.",,,,,,,"Kurtak, J.M., Southworth, D.D., Balen, M.D., and Clautice, K.H., 1992, Mineral investigations in the Valdez Creek mining district, south-central Alaska: U.S. Bureau of Mines Open-File Report 1-92, 659 p., 2 plates, scale 1:250,000.",,,,,,,,,porphyry_subset
10307566,Unnamed (west end of Reindeer Hills),63.4006,-148.869,United States,Alaska,,"Molybdenum, Copper",,,Occurrence,79: Porphyry Cu-Mo,7|9: Porphyry Cu-Mo,True,True,D,https://mrdata.usgs.gov/mrds/show-mrds.php?dep_id=10307566,,,NA,,Unknown,,,"Chalcopyrite, Molybdenite",Quartz,,,,,,,,N. Van Wyck,,,,,,,"Berg, H.C., and Cobb, E.H., 1967, Metalliferous Lode Deposits of Alaska. U.S. Geological Survey Bulletin 1246,  254 p.",,,,,,,,,porphyry_subset
10002260,Unnamed (west head of Hugh Miller Glacier),58.78472,-136.767,United States,Alaska,,Copper,"Silver, Gold, Manganese, Iron",,Occurrence,"58: Porphyry Cu, skarn-related62: Skarn Fe","5|8: Porphyry Cu, skarn-related|6|2: Skarn Fe",True,True,C,https://mrdata.usgs.gov/mrds/show-mrds.php?dep_id=10002260,A013163,,NA,M,Unknown,,,"Arsenopyrite, Chalcopyrite, Pyrite","Epidote, Garnet",,,,Marble has been converted to pyritic garnet-epidote skarn.,,,,"Hawley, C.C.",,Marble,,Granite,,,"Brew, D.A., Johnson, B.R., Grybeck, D., Griscom, A., Barnes, D.F., Kimball, A.L., Still, J.C., and Rataj, J.L., 1978, Mineral resources of the Glacier    Bay National Monument Wilderness Study Area, Alaska: U.S. Geological Survey Open-File Report 78-494, 670 p.Kimball, A.L., Still, J.C., and Rataj, J.L., 1978, Mineral resources, in Brew, D. A., and others, Mineral resources of the Glacier Bay National Monument wilderness study area, Alaska: U.S. Geological Survey Open-File Report 78-494, p. C1-C375.",,,,,,,,,porphyry_subset
10307317,Unnamed (west of Hook Bay),56.49929,-158.202,United States,Alaska,,"Zinc, Copper",,,Occurrence,53: Porphyry Cu,5|3: Porphyry Cu,True,True,D,https://mrdata.usgs.gov/mrds/show-mrds.php?dep_id=10307317,,,NA,,Unknown,,,,,,,,,,,,S.H. Pilcher,,,,,,,"Detterman, R.L., Miller, T.P., Yount, M.E., and Wilson, F.H.,1981, Geologic map the Chignik and Sutwik Island quadrangles Alaska: U.S. Geologic Survey Miscellaneous Investigations Series Map I- 1229, 1 map sheet, scale 1:250,000.MacKevett, E.M., Jr., and Holloway, C.D., 1977, Map showing metalliferous mineral deposits in the western part of southern Alaska: U.S. Geological Survey Open-File Report 77-169-F, 38 p., 1 sheet, scale 1:1,000,000.",,,,,,,,,porphyry_subset
10002216,Unnamed (west of Rendu Glacier),59.02972,-136.802,United States,Alaska,,"Tungsten, Silver, Gold, Copper",Zinc,,Occurrence,"58: Porphyry Cu, skarn-related72: Polymetallic replacement","5|8: Porphyry Cu, skarn-related|7|2: Polymetallic replacement",True,True,C,https://mrdata.usgs.gov/mrds/show-mrds.php?dep_id=10002216,A013117,,NA,M,Unknown,,,"Chalcopyrite, Goethite, Pyrite, Pyrrhotite, Sphalerite",Augite,,,,"Skarn, tactite.",,,,T.C. Crafford,,Marble,,,,,"MacKevett, E.M., Jr., Brew, D.A., Hawley, C.C., Huff, L.C., and Smith, J.G., 1971, Mineral resources of Glacier Bay National Monument, Alaska: U.S. Geological Survey Professional Paper 632, 90 p., 12 plates, scale 1:250,000.Cobb, E.H., 1972, Metallic mineral resources map of the Skagway quadrangle, Alaska: U.S. Geological Survey Miscellaneous Field Studies Map MF-424, 1 sheet, scale 1:250,000.Brew, D.A., Johnson, B.R., Grybeck, D., Griscom, A., Barnes, D.F., Kimball, A.L., Still, J.C., and Rataj, J.L., 1978, Mineral resources of the Glacier  Bay National Monument Wilderness Study Area, Alaska: U.S. Geological Survey Open-File Report 78-494, 670 p.Cobb, E.H., 1981, Summaries of data and lists of references to metallic and selected nonmetallic mineral occurrences in the Skagway quadrangle, Alaska, Supplement to Open-File Report 78-316, Part A in Summaries of data to January 1, 1980: U.S. Geological Survey Open-File Report 81-82-A, 11 p.Cobb, E.H., 1981, Summaries of data and lists of references to metallic and selected nonmetallic mineral occurrences in the Skagway quadrangle, Alaska, Supplement to Open-File Report 78-316, Part B in Lists of References to January 1, 1980: U.S. Geological Survey Open-File Report 81-82-B, 10 p.Berg, H.C., 1984, Regional geologic summary, metallogenesis, and mineral resources of southeastern Alaska: U.S. Geological Survey Open-file Report 84-572,  298 p., 1 plate, scale approx. 1:600,000.Still, J.C., 1991, Bureau of Mines mineral investigations in the Juneau mining district, Alaska, 1984 - 1988, v. 2, Detailed mine, prospect, and mineral occurrence descriptions, section B, Glacier Bay subarea: U.S. Bureau of Mines of Mines Special Publication, 69 p.MacKevett, E.M., Jr., Brew, D.A., Hawley, C.C., Huff, L.C., and Smith, J.G., 1967, Mineral resources of Glacier Bay National Monument, Alaska: U. S. Geological Survey Open-File Report 151, 176 p.Cobb, E.H., 1981, Summaries of data on and lists of references to metallic and selected nonmetallic mineral occurrences in the Skagway quadrangle, Alaska; Supplement to Open-File Report 78-316; Part B, Lists of references to January 1, 1980: U.S. Geological Survey Open-File Report 81-82-B, 10 p.Cobb, E.H., 1981, Summaries of data on and lists of references to metallic and selected nonmetallic mineral occurrences in the Skagway quadrangle, Alaska; Supplement to Open-File Report 78-316; Part A, Summaries of data to January 1, 1980: U.S. Geological Survey Open-File Report 81-82-A, 11 p.",,,,,,,,,porphyry_subset
10002261,Unnamed (west of Rendu Inlet),58.93972,-136.692,United States,Alaska,,Molybdenum,Copper,,Occurrence,"53: Porphyry Cu80: Porphyry Mo, low-F","5|3: Porphyry Cu|8|0: Porphyry Mo, low-F",True,True,C,https://mrdata.usgs.gov/mrds/show-mrds.php?dep_id=10002261,A013164,,NA,M,Unknown,,,"Chalcopyrite, Molybdenite, Pyrite, Pyrrhotite","Feldspar, Quartz",,,,,,,,"Hawley, C.C.",,Pegmatite,,,,,"MacKevett, E.M., Jr., Brew, D.A., Hawley, C.C., Huff, L.C., and Smith, J.G., 1971, Mineral resources of Glacier Bay National Monument, Alaska: U.S. Geological Survey Professional Paper 632, 90 p., 12 plates, scale 1:250,000.Brew, D.A., Johnson, B.R., Grybeck, D., Griscom, A., Barnes, D.F., Kimball, A.L., Still, J.C., and Rataj, J.L., 1978, Mineral resources of the Glacier  Bay National Monument Wilderness Study Area, Alaska: U.S. Geological Survey Open-File Report 78-494, 670 p.Kimball, A.L., Still, J.C., and Rataj, J.L., 1978, Mineral resources, in Brew, D. A., and others, Mineral resources of the Glacier Bay National Monument wilderness study area, Alaska: U.S. Geological Survey Open-File Report 78-494, p. C1-C375.",,,,,,,,,porphyry_subset
10002243,Unnamed (west of Tarr Inlet),58.97972,-137.002,United States,Alaska,,Copper,"Zinc, Silver",,Occurrence,53: Porphyry Cu,5|3: Porphyry Cu,True,True,C,https://mrdata.usgs.gov/mrds/show-mrds.php?dep_id=10002243,A013145,,NA,M,Unknown,,,"Chalcopyrite, Pyrite",Quartz,,,,"Greenish, sericitic alteration reported by MacKevett and others, (1971, table 9).",,,,"Hawley, C.C.",,Granite,,Granite,,,"MacKevett, E.M., Jr., Brew, D.A., Hawley, C.C., Huff, L.C., and Smith, J.G., 1971, Mineral resources of Glacier Bay National Monument, Alaska: U.S. Geological Survey Professional Paper 632, 90 p., 12 plates, scale 1:250,000.Brew, D.A., Johnson, B.R., Grybeck, D., Griscom, A., Barnes, D.F., Kimball, A.L., Still, J.C., and Rataj, J.L., 1978, Mineral resources of the Glacier  Bay National Monument Wilderness Study Area, Alaska: U.S. Geological Survey Open-File Report 78-494, 670 p.Kimball, A.L., Still, J.C., and Rataj, J.L., 1978, Mineral resources, in Brew, D. A., and others, Mineral resources of the Glacier Bay National Monument wilderness study area, Alaska: U.S. Geological Survey Open-File Report 78-494, p. C1-C375.",,,,,,,,,porphyry_subset
10001426,Unnamed (west of lake 2710),62.55764,-148.925,United States,Alaska,,Copper,"Gold, Molybdenum",,Prospect,78: Porphyry Cu-Au85: Polymetallic veins273: Low-sulfide Au-quartz vein,7|8: Porphyry Cu-Au|8|5: Polymetallic veins|2|7|3: Low-sulfide Au-quartz vein,True,True,C,https://mrdata.usgs.gov/mrds/show-mrds.php?dep_id=10001426,A012172,,NA,M,Unknown,,,"Malachite, Pyrite",Quartz,,,,Minor pyritic alteration of mafic rocks.,,Unnamed,,"Riehle, J.",,,,,,,"Csejtey, Bela, Jr., and Miller, R.J., 1978, Map and table describing metalliferous and selected nonmetalliferous mineral deposits in the Talkeetna Mountains quadrangle, Alaska: U.S. Geological Survey Open-File Report 78-558-B, 20 p., 1 plate, scale 1:250,000.Singer, D.A., Csejtey, Bela, Jr., and Miller, R.J., 1978, Map and discussion of the metalliferous and selected nonmetalliferous mineral resources of the Talkeetna Mountains quadrangle, Alaska: U.S. Geological Survey Open-file Report 78-588-Q, 33 p., 1 plate, scale 1:250,000.Cobb, E.H., and Csejtey, Bela, Jr., 1980, Summaries of data on and lists of references to metallic and selected nonmetallic mineral deposits in the Talkeetna Mountains quadrangle, Alaska: U.S. Geological Survey Open-File Report 80-716, 63 p.",,,,,,,,,porphyry_subset
10003606,Upper South Currant Creek,60.27333,-153.552,United States,Alaska,,Copper,Molybdenum,,Occurrence,53: Porphyry Cu,5|3: Porphyry Cu,True,True,C,https://mrdata.usgs.gov/mrds/show-mrds.php?dep_id=10003606,A106364,,NA,M,Unknown,,,,,,,,Unknown,,,,D.P. Bickerstaff,,,,,,,"Resource Associates of Alaska, Inc., 1976, Geology and geochemistry of certain land within the Lake Clark National Park: Contract report for U.S. Bureau of Mines, 109 p.Nelson, W.H., Carlson, C., and Case, J.E., 1983, Geologic map of the Lake Clark quadrangle, Alaska: U.S. Geological Survey Miscellaneous Field Studies Map MF-1114-A, scale 1:250,000.MacKevett, E.M., Jr., and Holloway, C.D., 1977, Map showing metalliferous mineral deposits in the western part of southern Alaska: U.S. Geological Survey Open-File Report 77-169-F, 38 p., 1 sheet, scale 1:1,000,000.",,,,,,,,,porphyry_subset
10308379,"VW, VABM West",63.74573,-142.835,United States,Alaska,,"Molybdenum, Copper",Gold,,Prospect,79: Porphyry Cu-Mo,7|9: Porphyry Cu-Mo,True,True,B,https://mrdata.usgs.gov/mrds/show-mrds.php?dep_id=10308379,,,NA,,Unknown,,,Pyrite,"Quartz, Sericite",,,,"The prospect contains broad areas of pervasive hydrothermal alteration, including well-developed silicification, secondary sericite, and secondary pyrite (Doyon Ltd., 1998).",,,,"Cameron, C.E.",,,Peternie,,,,"Foster, H.L., 1970, Reconnaissance geologic map of the Tanacross quadrangle, Alaska: U.S. Geological Survey Miscellaneous Geological Investigations Map I-593, 1 sheet, scale 1:250,000.Singer, D.A., Csejtey, Bela, Jr., and Miller, R.J., 1978, Map and discussion of the metalliferous and selected nonmetalliferous mineral resources of the Talkeetna Mountains quadrangle, Alaska: U.S. Geological Survey Open-file Report 78-588-Q, 33 p., 1 plate, scale 1:250,000.Doyon, Limited, 1998, Veta Prospects 1997 Volume 1: Fairbanks, Alaska, Doyon, Limited., unpublished report 98-10, 256 p.    (Report held by Doyon, Limited, Fairbanks, Alaska.)Newberry, R.J., Layer, P.W., Burleigh, R.E., and Solie, D.N., 1996, New 40Ar/39Ar dates for intrusions and mineral prospects in the eastern Yukon-Tanana terrane, Alaska - Regional patterns and significance, in Gray, J.E., and Riehle, J.R., eds.,  Geological Studies in Alaska by the U.S.  Geological Survey, 1996: U.S. Geological Survey Professional Paper 1595, p. 131-159.",,,,,,,,,porphyry_subset
10094023,Venus,67.62972,-149.323,United States,Alaska,,"Silver, Gold, Copper",Molybdenum,,Prospect,"53: Porphyry Cu58: Porphyry Cu, skarn-related","5|3: Porphyry Cu|5|8: Porphyry Cu, skarn-related",True,True,B,https://mrdata.usgs.gov/mrds/show-mrds.php?dep_id=10094023,A012153,,NA,M,Unknown,,,"Bornite, Chalcopyrite, Magnetite, Molybdenite, Pyrite",Epidote,,,,"Extensive propylitic alteration, along with restricted areas of sericitic to potassic alteration in meta-intrusives, and hornfels and skarn in adjacent calcareous rocks.",,,,J.M. Britton,,Diorite,,Diorite,,,"Grybeck, D.J., 1977, Known mineral deposits of the Brooks Range, Alaska: US Geological Survey Open-File Report 77-166C, 41 p., 1 sheet, scale 1:1,000,000.DeYoung, J.H., Jr., 1978, Mineral resources map of the Chandalar quadrangle, Alaska: U.S. Geological Survey Miscellaneous Field Studies Map MF-878-B, 2 sheets, scale 1:250,000.Arctic Environmental Information and Data Center, 1982, Mineral terranes of Alaska: University of Alaska, Fairbanks, Arctic Environmental Information and Data Center, 7 sheets, scale 1:1,000,000.Cobb, E.H., and Cruz, E.L., 1983, Summaries of data and lists of references to metallic and selected nonmetallic mineral deposits in the Chandalar quadrangle, Alaska: U.S. Geological Survey Open-File Report 83-278, 91 p.Adams, D.D., and Dillon, J.T., 1985, Geochemical investigations in the Chandalar C-5 and C-6 quadrangles, Alaska: Alaska Division of Geological and Geophysical Surveys Public-Data File 85-26, 37 p., 3 sheets, scale 1:63,360.  (Superseded by RI 88-15.)Newberry, R.J., Dillon, J.T., and Adams, D.D., 1986, Regionally metamorphosed calc-silicate-hosted deposits of the Brooks Range, northern Alaska: Economic Geology, v. 81, p. 1728-1752Nokleberg, W.J., Bundtzen, T.K., Berg, H.C., Brew, D.A., Grybeck, D.J., Robinson, M.S., Smith, T.E., and Yeend, W., 1987, Significant metalliferous lode deposits and placer districts of Alaska: U.S. Geological Survey Bulletin 1786, 104 p.Nokleberg, W.J., Bundtzen, T.K., Berg, H.C., Brew, D.A., Grybeck, Donald, Robinson, M.S., Smith, T.E., and Yeend, Warren, 1988, Metallogeny and major mineral deposits of Alaska: U.S. Geological Survey Open-File Report 88-73, 97 p., 2 plates, scale 1:5,000,000.Nicholson, L.M., 1990, Porphyry copper, copper skarn, and volcanogenic massive sulfide occurrences in the Chandalar copper district, Alaska: University of Alaska, Fairbanks, M.Sc. thesis, 164 p.Nokleberg, W.J., Bundtzen, T.K., Grybeck, D.J., Koch, R.D., Eremin, R.A., Rozenblum, I. S., Sidorov, A.A., Byalobzhesky, S.G., Sosunov, G.M., Shpikerman, V.I., Gorodinsky, M.E., 1993, Metallogenesis of mainland Alaska and the Russian Northeast: U.S. Geological Survey Open-File Report 93-0339, 3 sheets, 230 p.Ventures Resource Corporation, 1998, 1997 Annual Report and Website (Worldwide Web URL http://www.venturesresource.com/).Nokleberg, W.J., Bundtzen, T.K., Dawson, K.M., Eremin, R.A., Goryachev, N.A., Koch, R.D., Ratkin, V.V, Rozenblum, I.S., Shpikerman, V.I., Frolov, Y.F., Gorodinsky, M.E., Melnikov, V.D., Diggles, M.F., Ognyanov, N.V., Petrachenko, E.D., Petrochenko, R.I., Pozdeev, A.I., Ross, K.V., Wood, D.H., Grybeck, D., Khanchuck, A.I., Kovbas, L.I., Nekrasov, I.Y., and Sidorov, A.A., 1996, Significant metalliferous and selected non-metalliferous lode mineral deposits and placer districts, and for metallogenesis of the Russian Far East, Alaska, and the Canadian Cordillera: U.S. Geological Survey Open-File Report 96-513-B, 385 p.; U.S. Geological Survey Open-File Report 96-513-B, 385 p. (CD-ROM format).Maas, K.M., 1987, Maps summarizing land availability for mineral exploration and development in northern Alaska, 1986: U.S. Bureau of Mines Open-File Report 10-87, 33 quadrangle overlays.Newberry, R.J., Allegro, G.L., Cutler, S.E., Hagen-Levelle, D.D., Adams, D.D., Nicholson, L.C., Weglarz, T.B., Bakke, A.A., Clautice, K.H., Coulter, G.A., Ford, M.J., Myers, G.L., and Szumigala, D.J., 1997, Skarn deposits of Alaska, in Goldfarb, R.J., and Miller, L.D., eds., Mineral Deposits of Alaska: Economic Geology Monograph 9, p. 355-395.",,,,,,,,,porphyry_subset
10308543,Victor,67.62971,-149.383,United States,Alaska,,Copper,Gold,,Prospect,"58: Porphyry Cu, skarn-related","5|8: Porphyry Cu, skarn-related",True,True,B,https://mrdata.usgs.gov/mrds/show-mrds.php?dep_id=10308543,,,NA,M,Unknown,,,"Bornite, Chalcocite, Chalcopyrite, Magnetite, Molybdenite",Quartz,,,,Propylitic and sericitic alteration in Devonian(?) meta-granodiorite. Associated skarns exhibit retrograde alteration related to proximity to the altered intrusives.,,,,J.M. Britton,,,,,,,"Grybeck, D.J., 1977, Known mineral deposits of the Brooks Range, Alaska: US Geological Survey Open-File Report 77-166C, 41 p., 1 sheet, scale 1:1,000,000.DeYoung, J.H., Jr., 1978, Mineral resources map of the Chandalar quadrangle, Alaska: U.S. Geological Survey Miscellaneous Field Studies Map MF-878-B, 2 sheets, scale 1:250,000.Arctic Environmental Information and Data Center, 1982, Mineral terranes of Alaska: University of Alaska, Fairbanks, 7 sheets, scale 1:1,000,000.Cobb, E.H., and Cruz, E.L., 1983, Summaries of data and lists of references to metallic and selected nonmetallic mineral deposits in the Chandalar quadrangle, Alaska: U.S. Geological Survey Open-File Report 83-278, 91 p.Newberry, R.J., Dillon, J.T., and Adams, D.D., 1986, Regionally metamorphosed calc-silicate-hosted deposits of the Brooks Range, northern Alaska: Economic Geology, v. 81, p. 1728-1752Nokleberg, W.J., Bundtzen, T.K., Berg, H.C., Brew, D.A., Grybeck, D.J., Robinson, M.S., Smith, T.E., and Yeend, W., 1987, Significant metalliferous lode deposits and placer districts of Alaska: U.S. Geological Survey Bulletin 1786, 104 p.Nokleberg, W.J., Bundtzen, T.K., Berg, H.C., Brew, D.A., Grybeck, Donald, Robinson, M.S., Smith, T.E., and Yeend, Warren, 1988, Metallogeny and major mineral deposits of Alaska: U.S. Geological Survey Open-File Report 88-73, 97 p., 2 plates, scale 1:5,000,000.Nicholson, L.M., 1990, Porphyry copper, copper skarn, and volcanogenic massive sulfide occurrences in the Chandalar copper district, Alaska: University of Alaska, Fairbanks, M.Sc. thesis, 164 p.Nokleberg, W.J., Bundtzen, T.K., Grybeck, D.J., Koch, R.D., Eremin, R.A., Rozenblum, I. S., Sidorov, A.A., Byalobzhesky, S.G., Sosunov, G.M., Shpikerman, V.I., Gorodinsky, M.E., 1993, Metallogenesis of mainland Alaska and the Russian Northeast: U.S. Geological Survey Open-File Report 93-0339, 3 sheets, 230 p.Ventures Resource Corporation, 1998, 1997 Annual Report and Website (Worldwide Web URL http://www.venturesresource.com/).Young, L.E., St. George, P., and Bouley, B., 1997, Porphyry copper deposits in relation to the magmatic history and palinspastic restoration of Alaska, in Goldfarb, R.J., and Miller, L.D., (eds.), Mineral deposits of Alaska: Economic Geology Monograph 9, p. 306-333.Newberry, R.J., Allegro, G.L., Cutler, S.E., Hagen-Levelle, D.D., Adams, D.D., Nicholson, L.C., Weglarz, T.B., Bakke, A.A., Clautice, K.H., Coulter, G.A., Ford, M.J., Myers, G.L., and Szumigala, D.J., 1997, Skarn deposits of Alaska, in Goldfarb, R.J., and Miller, L.D., eds., Mineral Deposits of Alaska: Economic Geology Monograph 9, p. 355-395.Nokleberg, W.J., Bundtzen, T.K., Dawson, K.M., Eremin, R.A., Goryachev, N.A., Koch, R.D., Ratkin, V.V, Rozenblum, I.S., Shpikerman, V.I., Frolov, Y.F., Gorodinsky, M.E., Melnikov, V.D., Diggles, M.F., Ognyanov, N.V., Petrachenko, E.D., Petrochenko, R.I., Pozdeev, A.I., Ross, K.V., Wood, D.H., Grybeck, D., Khanchuck, A.I., Kovbas, L.I., Nekrasov, I.Y., and Sidorov, A.A., 1996, Significant metalliferous and selected non-metalliferous lode mineral deposits and placer districts, and for metallogenesis of the Russian Far East, Alaska, and the Canadian Cordillera: U.S. Geological Survey Open-File Report 96-513-B, 385 p.; U.S. Geological Survey Open-File Report 96-513-B, 385 p. (CD-ROM format).",,,,,,,,,porphyry_subset
10307827,Vinasale,62.70945,-155.693,United States,Alaska,,"Silver, Gold","Lead, Zinc, Molybdenum, Antimony, Arsenic, Bismuth",,Prospect,78: Porphyry Cu-Au,7|8: Porphyry Cu-Au,True,False,B,https://mrdata.usgs.gov/mrds/show-mrds.php?dep_id=10307827,,,NA,,Unknown,,,"Arsenopyrite, Galena, Jamesonite, Pyrargyrite, Pyrite, Sphalerite, Stibnite, Silver","Dolomite, Epidote, Quartz, Sericite, Tourmaline",,,,"Silicification and dolomitic, sericitic, and propylitic.",,,,T.K. Bundtzen,,,,,,,"Solie, D.N., Bundtzen, T.K., and Gilbert, W.G., 1991, K-Ar ages of igneous rocks in the McGrath quadrangle, Alaska: Alaska Division of Geological and Geophysical Surveys Public Data File Report 160, 17 pages, one sheet, 1:250,000 scale.DiMarchi, J.J., 1993, Geology, alteration, and mineralization of the Vinasale Mountain gold deposit, west-central Alaska: Alaska Division of Geological and Geophysical Surveys Professional Report 113, p. 17-29.Bundtzen, T.K., and Miller, M.L., 1997, Precious metals associated with Late Cretaceous-early Tertiary igneous rocks of southwestern Alaska, in Goldfarb, R.J., and Miller, L.D., eds., Economic Geology Monograph #9, Mineral Deposits of Alaska, p. 242-286.McCoy, Dan, Newberry, R.J., Layer, Paul, DiMarchi, J.J., Bakke, Arne, Masterman, J.S., and Minehane, D.L., 1997, Plutonic-related gold deposits of interior Alaska, in R.J. Goldfarb, and L.D. Miller, eds., Mineral Deposits of Alaska: Economic Geology Monograph 9, p. 191-241.Bundtzen, T.K., Swainbank, R.C., Wood, J.E., Clough, A.H., 1991 (1992), Alaska's Mineral Industry 1991: Alaska Division of Geological & Geophysical Surveys, Special Report 46, 89 p.Bundtzen, T.K., 1986, Prospect examination of a gold-tungsten placer deposit in Alder Creek, Vinasale Mountain area, western Alaska: Alaska Division of Geological and Geophysical Surveys Public Data File Report 86-15, 10 pages.",,,,,,,,,porphyry_subset
10307785,Von Frank - South,63.5275,-154.338,United States,Alaska,,"Copper, Gold","Molybdenum, Arsenic",,Prospect,78: Porphyry Cu-Au,7|8: Porphyry Cu-Au,True,True,B,https://mrdata.usgs.gov/mrds/show-mrds.php?dep_id=10307785,,,NA,,Unknown,,,"Arsenopyrite, Bournonite, Chalcopyrite, Molybdenite, Pyrite, Sphalerite, Stibnite",Quartz,,,,Quartz+sericite+ankerite in diorite intrusion.,,,,"Bundtzen, T.K.",,,,,,,"Patton, W.W., Jr., Moll, E.J., Dutro, J.T., Jr., Silberman, M.L., and Chapman, R.M., 1980, Preliminary geologic map of Medfra quadrangle, Alaska: U.S. Geological Survey Open-File Report 80-811-A, 1 sheet, scale l:250,000.DiMarchi, J.J., Weglarz, T.B., Adams, D.D., Huber, J., and West, A.W., 1994, Annual Report for 1993--Doyon Option Lands, Volume 1: ASA Inc. Report, 187 p.    (Report held by Doyon Ltd., Fairbanks, Alaska.)Bundtzen, T.K., and Miller, M.L., 1997, Precious metals associated with Late Cretaceous-early Tertiary igneous rocks of southwestern Alaska, in Goldfarb, R.J., and Miller, L.D., eds., Economic Geology Monograph #9, Mineral Deposits of Alaska, p. 242-286.Bundtzen, T.K., Swainbank, R.C., Clough, A.H., Henning, M.W., and Hansen, E.W., 1994, Alaska's mineral industry, 1993: Alaska Division of Geological and Geophysical Surveys Special Report 48, 84 p.",,,,,,,,,porphyry_subset
10308803,Warner Bay,56.14928,-158.412,United States,Alaska,,"Zinc, Lead, Molybdenum, Copper, Gold, Silver","Tin, Tungsten",,Prospect,79: Porphyry Cu-Mo,7|9: Porphyry Cu-Mo,True,True,B,https://mrdata.usgs.gov/mrds/show-mrds.php?dep_id=10308803,A012452,,NA,M,Unknown,,,"Chalcopyrite, Galena, Gold, Molybdenite, Pyrite, Sphalerite, Wolframite","Calcite, Chlorite, Hematite, Quartz, Zeolite",,,,Alteration of granodiorite host rock is limited to partial alteration (?) of amphibole to biotite and slight chloritization of biotite. Clasts of granodiorite in the breccia pipe exhibit propylitic alteration. Biotitic and sericitic alteration occur as thin selvages along veinlets.,,Prospect Bay,,S.H. Pilcher,,,,,,,"Atwood, W.W., 1909, Mineral resources of southwest Alaska, in Brooks, A.H., and others, Mineral resources of Alaska in 1908: U.S. Geological Survey Bulletin 379, 411 p.Atwood, W.W., 1911, Geology and mineral resources of parts of the Alaska Peninsula: U.S. Geological Survey Bulletin 467, 137 p.Knappen, R.S., 1929, Geology and mineral resources of the Aniakchak District, in Smith, P.S., and others, Mineral Resources of Alaska in 1926: U.S. Geological Survey Bulletin 797, 227 p.Berg, H.C., and Cobb, E.H., 1967, Metalliferous Lode Deposits of Alaska. U.S. Geological Survey Bulletin 1246,    254 p.Fields, E.D., 1977, 1976 Annual report: Alaska search, Chignik area-Bristol Bay region: Bear Creek Mining Company, 44 p., 22 map sheets. (Report held by the Aleut Corporation, Anchorage, Alaska.)Anderson, G.D., Fitch, G.M., Lappie, D.W., Lindberg, P.A., and Fankhauser, R.E., 1979, Exploration and evaluation of Bristol Bay Native Corporation Lands, Vol. II, Book 1: prepared for Houston Oil and Minerals Company by Resource Associates of Alaska, 78 p. (Report held by Alaska Earth Science, Anchorage, Alaska.)Cobb, E.H., 1980, Summaries of data and lists of references to metallic and selected nonmetallic mineral deposits in fifteen quadrangles in southwestern and west-central Alaska: U.S. Geological Survey Open-File Report 80-909, 103 p.Cox, D.P., Detra, D.E., and Detterman, R.L., 1981, Mineral resource maps of the Chignik and Sutwik Island quadrangles, Alaska: U.S. Geological Survey Miscellaneous Field Studies Map MF- 1053-K, 2 map sheets, scale 1:250,000.Detterman, R.L., Miller, T.P., Yount, M.E., and Wilson, F.H.,1981, Geologic map the Chignik and Sutwik Island quadrangles Alaska: U.S. Geologic Survey Miscellaneous Investigations Series Map I- 1229, 1 map sheet, scale 1:250,000.Wilson, F.H., and Cox, D.P., 1983, Geochronology, geochemistry, and tectonic environment of porphyry mineralization in the central Alaska Peninsula: U.S. Geological Survey Open-File Report 83-783, 24 p.Nokleberg, W.J., Bundtzen, T.K., Berg, H.C., Brew, D.A., Grybeck, D.J., Robinson, M.S., Smith, T.E., and Yeend, W., 1987, Significant metalliferous lode deposits and placer districts of Alaska: U.S. Geological Survey Bulletin 1786, 104 p.Cobb, E.H., 1972, Metallic mineral resources map of the Chignik quadrangle, Alaska: U.S. Geological Survey Miscellaneous Field Studies Map MF-374, 1 sheet, scale 1:250,000.MacKevett, E.M., Jr., and Holloway, C.D., 1977, Map showing metalliferous mineral deposits in the western part of southern Alaska: U.S. Geological Survey Open-File Report 77-169-F, 38 p., 1 sheet, scale 1:1,000,000.Wilson, F.H., 1980, Late Mesozoic and Cenozoic tectonics and age of porphyry copper prospects, Chignik and Sutwik Island quadrangles, Alaska Peninsula: U.S. Geological Survey Open-File    Report 80-543, 94 p., 5 sheets, scales 1:250,000 and 1 inch = 1,000 feet.",,,,,,,,,porphyry_subset
10094052,Weasel Mountain,56.48929,-158.192,United States,Alaska,,"Copper, Molybdenum","Zinc, Lead, Silver, Gold",,Occurrence,53: Porphyry Cu79: Porphyry Cu-Mo,5|3: Porphyry Cu|7|9: Porphyry Cu-Mo,True,True,B,https://mrdata.usgs.gov/mrds/show-mrds.php?dep_id=10094052,A012445,,NA,M,Unknown,,,"Chalcopyrite, Galena, Molybdenite, Pyrite, Sphalerite","Calcite, Quartz, Tourmaline",,,,"Alteration consists of a broad sericitic zone within the area of higher sulfide content and a peripheral, patchy propylitic zone.",,,,S.H. Pilcher,Naknek Formation;Naknek Formation,Quartzite,Meshik Formation;Meshik Formation;;,Siltstone,,,"Fields, E.D., 1977, 1976 Annual report: Alaska search, Chignik area-Bristol Bay region: Bear Creek Mining Company, 44 p., 22 map sheets. (Report held by the Aleut Corporation, Anchorage, Alaska.)Anderson, G.D., Fitch, G.M., Lappie, D.W., Lindberg, P.A., and Fankhauser, R.E., 1979, Exploration and evaluation of Bristol Bay Native Corporation Lands, Vol. II, Book 1: prepared for Houston Oil and Minerals Company by Resource Associates of Alaska, 78 p. (Report held by Alaska Earth Science, Anchorage, Alaska.)Butherus, D.L., White, D.C., Smith, W.H., Radford, G., Sandberg, R.J., and Pray, J.C., 1981, Exploration and evaluation of precious metal potential of Bristol Bay Native Corporation Lands, southwest Alaska, 1981, Vol. 1: Prepared for Nerco by Resource Associates of Alaska, 90 p. (Report held by Alaska Earth Science, Anchorage, Alaska.)Cox, D.P., Detra, D.E., and Detterman, R.L., 1981, Mineral resource maps of the Chignik and Sutwik Island quadrangles, Alaska: U.S. Geological Survey Miscellaneous Field Studies Map MF- 1053-K, 2 map sheets, scale 1:250,000.Detterman, R.L., Miller, T.P., Yount, M.E., and Wilson, F.H.,1981, Geologic map the Chignik and Sutwik Island quadrangles Alaska: U.S. Geologic Survey Miscellaneous Investigations Series Map I- 1229, 1 map sheet, scale 1:250,000.Young, L.E., St. George, P., and Bouley, B., 1997, Porphyry copper deposits in relation to the magmatic history and palinspastic restoration of Alaska, in Goldfarb, R.J., and Miller, L.D., (eds.), Mineral deposits of Alaska: Economic Geology Monograph 9, p. 306-333.MacKevett, E.M., Jr., and Holloway, C.D., 1977, Map showing metalliferous mineral deposits in the western part of southern Alaska: U.S. Geological Survey Open-File Report 77-169-F, 38 p., 1 sheet, scale 1:1,000,000.",,,,,,,,,porphyry_subset
10002180,West Chilligan,61.46614,-153.25,United States,Alaska,,"Lead, Molybdenum, Copper, Silver, Zinc",,,Occurrence,79: Porphyry Cu-Mo,7|9: Porphyry Cu-Mo,True,True,B,https://mrdata.usgs.gov/mrds/show-mrds.php?dep_id=10002180,A013077,,NA,M,Unknown,,,"Chalcopyrite, Galena, Molybdenite, Pyrite, Sphalerite","Chlorite, Clay, Quartz, Sericite",,,,Argillization and quartz-chlorite veining.,,,,Travis L. Hudson,,Siltstone,,"Diorite,Volcanic Rock (Aphanitic)",,,"Resource Associates of Alaska, Inc., 1976, Geology and geochemistry of certain land within the Lake Clark National Park: Contract report for U.S. Bureau of Mines, 109 p.Gamble, B.M., Bailey, E. A., and Reed, B. L., 1989, Gold occurrences near Snowcap Mountain, Lime Hills B-2 quadrangle, Alaska: U.S. Geological Survey Open-File Report 89-0646, 8 p.Cobb, E.H., and Reed, B.L., 1981, Summaries of data on and lists of references to metallic and selected nonmetallic mineral occurrences in the Iliamna, Lake Clark, Lime Hills, and McGrath quadrangles, Alaska; Supplement to Open-File Report 76-485; Part A, Summaries to January 1, 1981: U.S. Geological Survey Open-File Report 81-1343-A, 25 p.",,,,,,,,,porphyry_subset
10002119,West Gladiator,60.18943,-153.933,United States,Alaska,,Copper,"Zinc, Silver",,Occurrence,53: Porphyry Cu85: Polymetallic veins,5|3: Porphyry Cu|8|5: Polymetallic veins,True,True,B,https://mrdata.usgs.gov/mrds/show-mrds.php?dep_id=10002119,A013011,,NA,M,Unknown,,,"Chalcopyrite, Malachite, Pyrite, Pyrrhotite","Chlorite, Epidote, Quartz",,,,Chlorite and epidote in shear zones,,,,"D.P. Bickerstaff, M.L. Miller",,Greenstone,,"Diorite,Andesite",,,"Resource Associates of Alaska, Inc., 1976, Geology and geochemistry of certain land within the Lake Clark National Park: Contract report for U.S. Bureau of Mines, 109 p.MacKevett, E.M., Jr., and Holloway, C.D., 1977, Map showing metalliferous mineral deposits in the western part of southern Alaska: U.S. Geological Survey Open-File Report 77-169-F, 38 p., 1 sheet, scale 1:1,000,000.",,,,,,,,,porphyry_subset
10002122,West Ospook,60.13943,-153.923,United States,Alaska,,Copper,"Molybdenum, Lead",,Occurrence,79: Porphyry Cu-Mo,7|9: Porphyry Cu-Mo,True,True,B,https://mrdata.usgs.gov/mrds/show-mrds.php?dep_id=10002122,A013013,,NA,M,Unknown,,,"Chalcopyrite, Magnetite, Pyrite",,,,,,,,,"D.P. Bickerstaff, M.L. Miller",,Andesite,,Tuff,,,"Resource Associates of Alaska, Inc., 1976, Geology and geochemistry of certain land within the Lake Clark National Park: Contract report for U.S. Bureau of Mines, 109 p.Cobb, E.H., and Reed, B.L., 1981, Summaries of data on and lists of references to metallic and selected nonmetallic mineral occurrences in the Iliamna, Lake Clark, Lime Hills, and McGrath quadrangles, Alaska - Supplement to Open-File Report 76-485: U.S. Geological Survey Open-File Report 81-1343-A, 25 p.Cobb, E.H., and Reed, B.L., 1981, Summaries of data on and lists of references to metallic and selected nonmetallic mineral occurrences in the Iliamna, Lake Clark, Lime Hills, and McGrath quadrangles, Alaska - Supplement to Open-File Report 76-485: U.S. Geological Survey Open-File Report 81-1343-B, 20 p.MacKevett, E.M., Jr., and Holloway, C.D., 1977, Map showing metalliferous mineral deposits in the western part of southern Alaska: U.S. Geological Survey Open-File Report 77-169-F, 38 p., 1 sheet, scale 1:1,000,000.",,,,,,,,,porphyry_subset
10000728,Wickersham,63.10962,-147.705,United States,Alaska,,Copper,,,Occurrence,78: Porphyry Cu-Au,7|8: Porphyry Cu-Au,True,True,C,https://mrdata.usgs.gov/mrds/show-mrds.php?dep_id=10000728,A011367,,NA,M,Unknown,,,Chalcopyrite,Quartz,,,,,,,,N. Van Wyck,,,,,,,"Wilson, F.H., Dover, J.H., Bradley, D.C., Weber, F.R., Bundtzen, T.K., and Haeussler, P.J., 1998, Geologic map of central (interior) Alaska: U.S. Geological Survey Open-File Report 98-133, 17 p., 2 sheetsm, scale 1:500,000.Smith, T.E., Kline, G.L., Kline, J.T., and Coursey, N.D., 1975, Analyses of rock and stream-sediment samples, Healy A-2 quadrangle, south-central Alaska: Alaska Division of Geological and Geophysical Surveys Open-File Report AOF69, 2 sheets, scale 1:63,360.",,,,,,,,,porphyry_subset
10001672,Windy Bay,56.14234,-158.781,United States,Alaska,,"Copper, Molybdenum","Lead, Gold, Zinc",,Occurrence,53: Porphyry Cu78: Porphyry Cu-Au79: Porphyry Cu-Mo,5|3: Porphyry Cu|7|8: Porphyry Cu-Au|7|9: Porphyry Cu-Mo,True,True,B,https://mrdata.usgs.gov/mrds/show-mrds.php?dep_id=10001672,A012450,,NA,M,Unknown,,,"Chalcopyrite, Galena, Gold, Molybdenite, Pyrite, Pyrrhotite, Sphalerite","Chlorite, Quartz",,,,"Alteration in the intrusive consists of local zones containing chlorite, epidote, and secondary biotite. The sediments near the intrusive contact have been hornfelsed, silicified, and contain chlorite and secondary biotite.",,,,S.H. Pilcher,Naknek Formation;Naknek Formation;Naknek Formation;,Siltstone,Naknek Formation;Naknek Formation,Black Shale,,,"Fields, E.D., 1977, 1976 Annual report: Alaska search, Chignik area-Bristol Bay region: Bear Creek Mining Company, 44 p., 22 map sheets. (Report held by the Aleut Corporation, Anchorage, Alaska.)Anderson, G.D., Fitch, G.M., Lappie, D.W., Lindberg, P.A., and Fankhauser, R.E., 1979, Exploration and evaluation of Bristol Bay Native Corporation Lands, Vol. II, Book 1: prepared for Houston Oil and Minerals Company by Resource Associates of Alaska, 78 p. (Report held by Alaska Earth Science, Anchorage, Alaska.)Cox, D.P., Detra, D.E., and Detterman, R.L., 1981, Mineral resource maps of the Chignik and Sutwik Island quadrangles, Alaska: U.S. Geological Survey Miscellaneous Field Studies Map MF- 1053-K, 2 map sheets, scale 1:250,000.",,,,,,,,,porphyry_subset
10113726,Alvarez Claims,33.03569,-111.216,United States,Arizona,Pinal,"Iron, Copper, Stone",Gold,,Past Producer,53: Porphyry Cu,5|3: Porphyry Cu,True,True,B,https://mrdata.usgs.gov/mrds/show-mrds.php?dep_id=10113726,,40210103,NA,B,Surface-Underground,Porphyry Cu,,"Chalcopyrite, Hematite, Pyrite, Sericite",,,,,,,"Munsey Property, Ben Alverez Group, Red Hills Property, Arizona Cons Au and Ag Property, Arizona Copper GroupRed Hills, Mesa West",,"Anderson, Claire, ADMR",,,,"Rhyodacite,Diabase,Granite,Schist",,,"Claims Extend Into Sec.32 And 34USGS Worth Butte QuadAdmr Alvarez Claims FileEngineering And Mining Journal Vol.172,No.2,Feb.1971,P132Admr Arizona Copper Group FileAdmr Ariz.Cons.Au And Cu Mine FileAdmr U FileArizona Depeartment of Mines and Mineral Resources. Arizona Mining Update-2007. Accessed 30-JUL-2009. www.mines.az.govSinger and others, 2008Bell Copper News ""Bell introduces new porphyry copper project in Arizona"": Press release August 8, 2007.  Contains a description of the geology, possibly copied from Williams and Forrester, 1995. Accessed 29-JUL-2009. http://www.bellcopper.net/s/News_Releases.asp?ReportID=300697Williams, S.A. and Forrester, J.D., 1995, Characteristics of porphyry copper deposits; in Pierce, F. W. and Bolm, J. G., eds., Porphyry Copper Deposits of the American Cordillera, Arizona Geological Society, Digest 20, p. 21-34.",,,,,<,1958,,,porphyry_subset
10162326,Bagdad,34.58474,-113.209,United States,Arizona,Yavapai,"Copper, Copper Sulfide","Silver, Molybdenum, Gold, Lead, Zinc, Semiprecious Gemstone, Titanium, Metal, Rhodium",,Producer,53: Porphyry Cu,5|3: Porphyry Cu,True,True,A,https://mrdata.usgs.gov/mrds/show-mrds.php?dep_id=10162326,M003467,40250001,NA,M,Surface,Porphyry Cu,,"Chrysocolla, Cuprite, Malachite, Molybdenite, Pyrite, Silver, Azurite, Chalcocite, Chalcopyrite, Covellite, Tetrahedrite",,,BLANKET,Surface,,,"Bagdad Mine, Bagdad Copper Corp.",,AGH/LMO/CS,,Quartz Monzonite,"""Bridle Formation of the Yavapai Series"", ""Dick Rhyolite""","Andesite,Meta-Rhyolite,Rhyolite,Diorite",,,"Barra, F., Ruiz, J., Ryan, M. and Titley, S.R., 2002, A Re-Os study of sulfide minerals from the Bagdad porphyry Cu-Mo deposit, northern Arizona, USA; Mineralium Deposita, v. 38, p. 585-596.Bouse, R.M., Ruiz, J., Titley, S.R., Tosdal, R.M., and Wooden, J.L., 1999, Lead isotope compositions of Late Cretaceous and Early Tertiary igneous rocks and sulfide minerals in Arizona: implications for the sources of plutons and metals in porphyry copperMcCandless, T.E., and Ruiz, J., 1993, Rhenium-osmium evidence for regional mineralization in southwestern North America: Science, v. 261, p. 1282-1286.Apland,Ken. Cyprus Bagdad Copper Company 1970-1977. Historic Highlights. Arizona A.I.M.E. Spring Meeting, Bagdad,Ariz. April 1978. 5 Pp.Bagdad Mine Story. Arizona Bureau Of Mineral Resources (Unpublished) April 1957, 7 Pp.World Mining.  Sept. 1981, P. 49, and Sept. 1982, P. 69. (1977-1981 Production)Bagdad Considering Five Fold Expansion, Concentrator And New Smelter. Pay Dirt Magazine. April 24, 1972. P 1,4-5.Bagdad'S Expansion Is Largest Single Project Ever Undertaken By Cyprus Mines. Pay Dirt Magazine. April 26, 1976. P 6-7.Bonnis,R J And J E Nelson, Cyprus Bagdad'S $240 Million Expansion Boosts Production To 40 000 Stpd. Mining Engr.April 1978, P 351-354.Cyprus Bagdad'S $240 Million Expansion Nearing Rated Production. Pay Dirt Magazine. March 1978. P 1,4-9.Arizona Pay Dirt.  Standard Oil Merges Cyprus Into Amoco.  July 1980, P. 74.Burgin, L. B.  The Mineral Industry Of Arizona.  Ch. In Bumines Minerals Yearbook 1981 (Centennial Edition), V. 2,Pp. 55-73.Standard Oil Company (Indiana).  1980 Annual Report.  Pp. 19And 45, 1981 Annual Report.  P. 20.World Mining.  Arizona, In What'S Going On In World Mining November 1981, P. 80.Skillings' Mining Review, 5-22-93, P.4-7.Pay Dirt, 9-93, P.4a-5a.The Mining Record, 8-93, P.22.Cyprus Amax Minerals Company News Release, 1-27-94.The Mining Record, 7-12-95, P.7.Damon, P.E. and Mauger, R.L., 1966, Epeirogeny-orogeny viewed from the Basin and Range Province; Society of Mining Engineers, AIME Transactions, v. 235, p. 99-112.Barra F, Ruiz J, Mathur R, Titley S  2003 - A Re-Os study of sulfide minerals from the Bagdad porphyry Cu-Mo deposit, northern Arizona, USA: in    Mineralium Deposita   v38 pp 585-596\nAnderson, C.A. (1950), Alteration and metallization in the Bagdad porphyry copper deposit, Arizona, Economic Geology: 45: 609-628.\nMedhi, P.K. (1978) Recent geological developments at the Bagdad porphyry copper deposits, Eureka mining district, Yavapai County, Arizona [abs.], in Jenney, J.P., and Hauck, H.R., eds., Proceedings of the Porphyry Copper Symposium, Tucson, Arizona, March 18-20, 1976: Arizona Geological Society Digest, v. 11, p. 79.\n\nWilson, E.D., et al (1950), Arizona zinc and lead deposits, part I, Arizona Bureau of Mines Bull. 156: 122-125.\nTitley, S. R., 1993, Characteristics of porphyry copper occurrence in the American Southwest; in Kirkham, R.V., Sinclair, W.D., Thorpe, R.I. and Duke, J.M., Mineral Deposit Modeling, Geological Association of Canada, Special Paper 40, p. 433-464.Titley, S.R., 1982, Some features of tectonic history and ore genesis in the Pima mining district, in Titley, S.R., ed., Advances in geology of the porphyry copper deposits, southwestern North America: Tucson, University of Arizona Press, p. 387?406.Anderson, C.A., Scholz, E.A., and Strobell, J.D., Jr., 1955, Geology and ore deposits of the Bagdad area, Yavapai County, Arizona: U.S. Geological Survey Professional Paper 278, 103 p.Nickel News. Issue 32/52. 8/6/97. P.12.Bagdad Copper Builds Sx Plant For Pregnant Leach Solution. World Mining Magazine. May 1969. P 21.Jones, Raymond L    Cyprus Bagdad'S Solvent Exchange Process. Mining Engineer. September 1977. P 38-42.How Bagdad Uses Lix To Recover Copper From Dump Leach Solutions. World Mining Magazine. April 1971. P 46-48.Mcgarr, H J  Solvent Extraction Stars In Making Ultrapure Copper. Chemical Engineer. August 10,1970. P 82-84.Skillings, David N  Bagdad Copper Corporation Dedicates Cathode Refinery In Arizona. Skillings Mining Review.December 19,1970. P 1,8-10.Austin, Alfred G  Cyprus Bagdad Copper Company Grinding Section. Arizona A.I.M.E. Spring Meeting, Bagdad,Arizona,May 1978. 19 Pp.Hernandez, Ramon And Ken Apland  Cyprus Bagdad Copper Company Tailings Disposal System. Arizona A.I.M.E. Spring Meeting. Bagdad, Arizona. May 1978. 9 Pp.Jackson, Paul E  Cyprus Bagdad Copper Company. Electrical And Instrumentation. Arizona A.I.M.E. Spring Meeting. Bagdad, Arizona. May 1978. 15 Pp.Wakefield, Robert E  Cyprus Bagdad Copper Company. Mechanical Description Of The Cyprus Bagdad 40 000 Tpd Concentrator. Arizona A.I.M.E. Spring Meeting. Bagdad, Arizona. May 1978. 13 Pp.Winslow, David G  Cyprus Bagdad Copper Company Molybdenum Circuit. Arizona A.I.M.E. Spring Meeting. Bagdad, Arizona. April 1978. 3 Pp.Niemi, L.  Cyprus Bagdad:  Successful Expansion Creates ""State-Of-The-Art"" Copper-Moly Producer In Northwest Arizona.  EandMj, August 1980, Pp. 56-63.Standard Oil Company (Indiana).  1982 Annual Report, Financial And Statistical Supplement.    P. 34.Cyprus-Amax Minerals Co. Sec Form 10-K Rept, 12/31/93, P. 7.Cyprus Amax Minerals Co., 1994 10-K, P.2.Cyprus Amax Minerals Co., 1995 10-K, P.2-3.",,1906,,,,1882,,,porphyry_subset
10104070,Bisbee Coalition Mines,31.48875,-109.987,United States,Arizona,Cochise,"Copper, Gold, Silver",,,Past Producer,53: Porphyry Cu,5|3: Porphyry Cu,True,True,B,https://mrdata.usgs.gov/mrds/show-mrds.php?dep_id=10104070,M241093,,NA,M,Unknown,,S,"Copper, Gold, Silver",,,IRREGULAR,Underground,,,"And North Bisbee Groups, Eureka",,"Zigler, Jan L., Laraba, Peter (Gest, Don E.)",,Granite,,Granite,,,"KEITH, S.B., 1973, ARIZONA BUREAU OF MINES BULLETIN 187, P. 85.COPPER HANDBOOK, 1912-1913, W.H. WEED, ED.CIMRIKEITH, 1973, ARIZ. BUR. OF MINES BULL. 187.",,,,,,,,,porphyry_subset
10185792,Bluebird,33.40978,-110.905,United States,Arizona,Gila,Copper,,,Past Producer,53: Porphyry Cu,5|3: Porphyry Cu,True,True,A,https://mrdata.usgs.gov/mrds/show-mrds.php?dep_id=10185792,M241238,40070007,NA,M,Surface,Porphyry Cu,,"Azurite, Chrysocolla, Malachite, Chalcocite, Chalcopyrite, Bornite, Covellite, Curite, Galena, Molybdenite",,,,,,,Blue Bird,,Rlb / Mrd,"""Schultze Granite"", ""Pinal Schist""",Schist,,,,,"RANCHERS EXPLORATION & DEVELOPMENT CORP., APPLICATION FOR MINERAL & MILLSITE PATENTS, 22 PP. (EXPLORATION, LANDS)PETERSON,N P, 1962, GEOL. & ORE DEPOSITS OF THE GLOBE-MIAMI DISTRICT, ARIZONA: USGS PROF. PA 342, 146 P. (GEOLOGY)POTTER,S C,1972, GEOLOGY & ORE DEPOSIT AT THE BLUEBIRD MINE, GILA COUNTY, ARIZ., UNPUBLISHED REPT FOR  RANCHERS EXPLOATION & DEVELOPMENT CORP., 19 P. (GEOLOGY, ENVIRONMENT)RANSOME,F L,1919, THE COPPER DEPOSITS OF RAY & MIAMI, ARIZ.: USGS PROF. PA. 115, 157 PP.SKILLINGS MINING REVIEW, 5/25/68 & 1/14/78.(POWER,PROCESSES)The Porter GeoConsultancy webpages for Globe Miami and Miami Inspiration contain descriptions of the geology. Accessed on 9/2/2010.\nhttp://www.portergeo.com.au/\nBAER,R,1977, TRIP NOTES FOR THE BLUEBIRD MINE, GILA COUNTY, ARIZONA. (DETAILS ABOUT GEOLOGY, MINE, SOLVENT-EXTRACTION PLANT & MARKETING)GANT,T L,1971, CERTIFICATE OF SURVEYOR- MINERAL SURVEY 4684A & 4684B, LOCATED IN USBLM MINERAL PATENT FILE A7196 (SIZES OF BUILDING & VALUE OF MINE & LEACH PLANT)MILLER,A,1967, HEAP LEACHING COPPER ORE AT RANCHERS BLUEBIRD MINE, MIAMI, ARIZONA, AIME PREPRINT 67-B-339 (EXPLORATION GEOLOGY, LEACHING, MINE EQUIP., SOLVENT-EXTRACTION)PAYDIRT,9/27/71, P.387. (RESOURCE CALCULATIONS)RANCHERS EXPLORATION & DEVELOPMENT CORP., ANNUAL REPORTS 1964-76. (EXPLORATION, RESERVES, PRODUCTION,MINING COSTS)MCCOLLY,R A,1974, MINERAL REPORT FOR BLUEBIRD PATENT APPLICATION, US BLM (DESCRIPTION OF MINE, PLANT, GEOL.,& ENV.)",,1961,,,,1900,,,porphyry_subset
10026848,Chilito Mine,33.0662,-110.798,United States,Arizona,Gila,"Copper, Silica","Gold, Silver, Molybdenum",,Past Producer,"58: Porphyry Cu, skarn-related","5|8: Porphyry Cu, skarn-related",True,True,B,https://mrdata.usgs.gov/mrds/show-mrds.php?dep_id=10026848,M000503,,NA,M,Surface-Underground,"Porphyry Cu, skarn-related",S,"Chalcocite, Chalcopyrite, Molybdenite, Pyrite, Quartzite",Anhydrite,,Tabular,Surface/Underground,Epidote-Chlorite-Clay-Magnetite In Diabase; Quartz-Sericite In Other Rocks; Also Biotite & Carbonate Minerals,Replacement,"Chillito, Velasco Pit ?, Schneider Group",Apache Group Sediments Adjacent To Stock,"Orris, Greta J., Peterson, Jocelyn A.","""Apache Group;Dripping Springs Quartzite"", ""Christmas Intrusive Complex""","Diabase,Quartzite,Granodiorite",Williamson Canyon Volcanics,"Diorite,Rhyodacite",Horst Block Between Nnw Keystone Fault And O'Carroll Fault To East,,"ROSS, 1925, USGS BULL 771KEITH, S.B., 1975, UNPUB. MAPPINGBANKS & KRIEGER, 1977, USGS MAP GQ-1391ADMR FILE DATAPHILLIPS, K.A., 1987, ARIZONA INDUSTRIAL MINERALS:  ARIZONA DEPARTMENT OF MINES AND MINERAL RESOURCES MINERAL REPORT 4, 185 P.PEIRCE, H.W., 1990, ARIZONA GEOLOGICAL SURVEY INDUSTRIAL MINERAL CARD FILES.Koski R A, Cook D S  1982 - Geology of the Christmas Porphyry Copper deposit, Gila County, Arizona: in Titley S R 1983 Advances in Geology of the Porphyry Copper Deposits, Southwestern North America University of Arizona Press, Tucson    pp 353-374\nEastlick, J.T., 1968, Geology of the Christmas mine and vicinity, Banner mining district, Arizona, in Ridge, J.D., ed., Ore Deposits of the United States, 1933?1967: American Institute of Mining, Metallurgical, and Petroleum Engineers, Inc., p. 1191?1210.The Portergeo webpage for the Christmas deposit contains a detailed description of the geology. 7/26/2010\nhttp://www.portergeo.com.au/index.aspCIMRILong, K.R., 1995, Production and reserves of Cordilleran (Alaska to Chile) porphyry copper deposits, in Pierce, F.W., and Bolm, J.G., eds., Porphyry copper deposits of the American Cordillera: Tucson, Arizona Geological Society Digest 20, p. 35-68.",,,,1962,,1885,,Jake Schneider,porphyry_subset
10234135,Christmas,33.05899,-110.742,United States,Arizona,Gila,Copper,"Iron, Silver, Gold",,Past Producer,"58: Porphyry Cu, skarn-related","5|8: Porphyry Cu, skarn-related",True,True,A,https://mrdata.usgs.gov/mrds/show-mrds.php?dep_id=10234135,M000635,40070052,NA,M,Surface-Underground,Porphyry Cu-Skarn related,,"Chalcocite, Covellite, Malachite, Chalcopyrite, Bornite, Copper, Hematite, Brochantite, Chalcanthite, Cubanite, Dioptase, Galena, Molybdenite, Pyrrhotite, Sphalerite, Tenorite","Cuprite, Magnetite, Pyrite",,Tabular\n,"Surface, Underground",,,"Christmas Mine, Christmas Mine & Mill",,Tjf,"""Christmas Intrusive Complex"", ""Devonian Martin Formation, Carboniferous (Mississippian) Escabrosa Limestone and Carboniferous (Pennsylvanian) Naco Limestone ""","Granodiorite,Limestone",Williamson Canyon Volcanics,Andesite,,,"McKee, E.H., and Koski, R.A., 1981, K?Ar ages for igneous rocks and vein minerals from the Christmas mine area, Arizona: Isochron/West, no. 32, December, p. 7?11.Koski R A, Cook D S  1982 - Geology of the Christmas Porphyry Copper deposit, Gila County, Arizona: in Titley S R 1983 Advances in Geology of the Porphyry Copper Deposits, Southwestern North America University of Arizona Press, Tucson    pp 353-374\nEinaudi, M.T., 1982, Description of skarns associated with porphyry copper plutons, in Titley, S.R., ed., Advances in geology of the porphyry copper deposits, southwestern North America: Tucson, University of Arizona Press, p. 139-183.PETERSON & SWANSON, 1957,USGS BULLETIN B-1027H (GEOLOGY)Eastlick, J.T., 1968, Geology of the Christmas mine and vicinity, Banner mining district, Arizona, in Ridge, J.D., ed., Ore Deposits of the United States, 1933?1967: American Institute of Mining, Metallurgical, and Petroleum Engineers, Inc., p. 1191?1210.WILLDEN, 1964, USGS BULL 1161-E.The Portergeo webpage for the Christmas deposit contains a detailed description of the geology. 7/26/2010\nhttp://www.portergeo.com.au/index.aspMINING WORLD, 9/62 (MILL)E/MJ, 1/63 (MILL FLOWSHEETS)INSPIRATION ANNUAL REPORTS, 1966-1976 (LANDS, EXPLORATION,RESERVES, MINING, MILLING, LEACH TESTS)",,1905,,1982,,1880,,,porphyry_subset
10282707,Cochise,31.44044,-109.908,United States,Arizona,Cochise,Copper,,,Prospect,53: Porphyry Cu,5|3: Porphyry Cu,True,True,A,https://mrdata.usgs.gov/mrds/show-mrds.php?dep_id=10282707,TC40403,40030086,NA,M,Surface,Porphyry Cu-supergene enrichment,,"Chalcocite, Copper, Tenorite, Cuprite, Delafossite",,,supergene chalcocite blanket,Surface,,,"Muheim-Anderson, Msha.Dbf # 0201656, Msha Name: Copper Queen Branch, Dubacher Canyon, Dubacher Canyon-B Hill-Jones Hill, Bisbee",,BJR,"""Pinal Schists"", ""Sacramento Quartz Porphyry ""","Schist,Granitoid",,,,,"Bryant, D.G., Metz, H.E., 1966, Geology and ore deposits of the Warren mining district: in Titley, S.R., Hicks, C.L., 1966 Geology of the Porphyry Copper Deposits, Southwestern North America University of Arizona Press, Tucson, pp 189-203Titley, S.R., 1996, Alteration of mineralized carbonate rocks in the epicrustal environment: in Porphyry Related Copper and Gold Deposits of the Asia Pacific Region, Conf Proc, Cairns, 12-13 Aug, 1996, AMF, Adelaide, pp 3.1 - 3.10SKILLINGS MINING REVIEW.  US COPPER RESOURCE OPPORTUNITIES.NOV. 30, 1991. PP. 6,7.SOME ARIZONA ORE DEPOSITS, U. OF ARIZ. BULL., ARIZ. BUMINES,VOL.IX NO.4, OCT.1,1938, GEOL. SERIES NO.12, BULL.NO.145.The Porter GeoConsultancy webpage for Cochise contains a description of the geology.  Accessed 8/26/2010\nhttp://www.portergeo.com.auTRANSACTIONS OF AIME, VOL.IV, CONTAINING PAPERS AND DISCUSSIONS OF THE ARIZ. MEETING SEPT., 1916, PUBLISHED 1917, PP. 302-303.OXYMIN TERMINATES BISBEE EXPLORATION PROJECT,PAYDIRT,3/28/77PHELPS DODGE CORP. SEC FM-10K REPT. 12/31/93, P. 14.PHELPS DODGE CORP., 1994 10-K, P.14.PHELPS DODGE CORP., 1995 ANNUAL REPORT. P.23.",,,,,,1987,,,porphyry_subset
10072137,Copper Basin,34.49172,-112.584,United States,Arizona,Yavapai,Copper,Molybdenum,"Gold, Lead, Zinc, Silver",Past Producer,53: Porphyry Cu,5|3: Porphyry Cu,True,True,A,https://mrdata.usgs.gov/mrds/show-mrds.php?dep_id=10072137,W016056,,NA,M,Surface,Porphyry Cu,S,"Chalcocite, Chalcopyrite, Chrysocolla, Copper, Malachite, Molybdenite, Pyrite, Tenorite, Azurite, Bornite, Cuprite, Ferrimolybdite, Hematite, Jarosite, Limonite",,,"Pipe, Cylindrical or elliptical, Vertical","Surface, Underground","Phyllic Core, Potassic, Propylitic, Silicic, Oxidation",,"Copper Hill, Loma Prieta, Commercial, Western Copper","Granodiorite-Quartz Diorite Phase Of Stock, Shallow Dipping Fractures, Breccia Pipe","Davis, Orris, Greta J., Peterson, Jocelyn A.",,"Quartz Monzonite,Diorite,Metasedimentary Rock,Quartz Latite",Copper Basin Stock,"Quartz Monzonite,Diorite,Quartz Latite","Breccia Around Older Quartz Latite Porphyry, N10-20e Regional Fault",,"Christman, 1978, M.S. Thesis, Univ Of Az.Johnston, 1955, Ph.D Thesis, Univ Of Utah.Johnston And Lowell, 1961, Geology And Origin Of Mineralized Breccia Pipes In Copper Basin, Arizona:  Econ Geol, V. 56, P. 916-940.Anderson, C.A., 1943, Report On A Brief Examination Of The Molybdenite Prospects At Copper Basin, Yavapai County, Arizona:  Unpublished Report.Tovote, W., 1917, Loma Prieta Mines:  Unpublished Report.Sawyer, M.B., Gurmendi, A.C., Daley, M.R., And Howell, S.B., 1992, Principal Deposits Of Strategic And Critical Minerals In Arizona:  United Stats Bureau Of Mines Special Publication, 334 P.1974 Phelps Dodge Annual ReportCopper Basin Land Exchange Environ. Statement-Prescott N.F.Securities And Exchange Commission, Form 10-K, 1982, Phelps Dodge Corp., P.4.Dept. Of Min. Resources, State Of Az., Table Xxii, Proven Copper Reserves In Arizona, 1978.Sw Pay Dirt, 8-87, P.16a.Sw Pay Dirt, 12-90, P.7a.CimriJolly, J.L.W. and Edelstein, D.L., 1983, Copper; in Minerals Yearbook 1983, Volume 2, United States Bureau Of Mines, p. 277-319.Sawyer And Others, 1992.Phelps Dodge Corp., Sec Form 10-K Rept, 12/31/93, P. 14.Phelps Dodge Corp., 1994 10-K, P.14.Pay Dirt Mag. (Southwestern Ed.). Apr 1989, P. 7a.Phelps Dodge Corp. 1995 Annual Report, P.23.",,1911,,1961,,1890,,,porphyry_subset
10257231,Copper Cities & Diamond H,33.44588,-110.882,United States,Arizona,Gila,Copper,"Gold, Zinc, Silver, Molybdenum, Lead","Uranium, Gemstone",Past Producer,79: Porphyry Cu-Mo,7|9: Porphyry Cu-Mo,True,True,A,https://mrdata.usgs.gov/mrds/show-mrds.php?dep_id=10257231,W002707,40070009,NA,M,Surface,Porphyry Cu-Mo,,"Chalcocite, Chalcopyrite, Covellite, Ferrimolybdite, Galena, Malachite, Molybdenite, Pyrite, Sphalerite, Turquoise",Quartz,"Biotite, Oligoclase, Orthoclase",Blanket,Underground,,,"Sleeping Beauty, Porphyry Reserves, Lost Gulch, Yellow Metal",,"Anderson, Claire, Orris, Greta J., Peterson, Jocelyn A., ADMR, Tjf",,Quartz Monzonite,Lost Gulch Quartz Monzonite,"Quartz Monzonite,Granite",,,"Burgin,L B,1976, Time Required In Developing Selected Arizona Copper Mines, Us Bureau Of Mines Ic 8702, Appendix C, P 105. (Historical Development and Production Figures)E/Mj Directory, 1974, 1975, 1976 and 1977.Abm File Data.Abgmt-USBM File Data.Sawyer, M.B., Gurmendi, A.C., Daley, M.R., And Howell, S.B., 1992, Principal Deposits Of Strategic And Critical Minerals In Arizona: United Stats Bureau Of Mines Special Publication, 334 P.Peirce, H.W., 1969, Gem Materials, In USGS, Abm, And Usbr, Mineral And Water Resources Of Arizona: Abm Bulletin 180, USGS Bulletin 871, P. 359-364.Phillips, K.A., Beard, R.R., Niemuth, N.J., And Bain, D.R., 1991, Active Mines In Arizona--1992: Arizona Department Of Mines And Mineral Resources Directory 39, 20 P.Blair, Gerry, 1992, The Rockhound'S Guide To Arizona: Helena, Montana, Falcon Press, 165 P.Hardwick,W R and Stover,M M,1960, Open Pit Copper Mining Methods and Practices, Copper Cities Division, Miami Copper Company, Gila County, Arizona, Us Bureau Mines Ic 7985, 51 P. (Geologic and Mining Data)Peterson,N P, 1962, Geology and Ore Deposits, Globe-Miami District, Arizona: Us Geol Survey Prof. Paper 342.Simmons,W W and Fowells,J E,1966, Geology Of The Copper Cities Mine, In Geology Of Porphyry Copper Deposits, Titley and Hicks Editors (Geology)Chemical Geology, v. 177, p. 351-370.Mining Engineering, June issue, p. 25.  Kendrick, M.A., Burgess, R., Pattrick, R.A.D. and Turner, G., 2001, Halogen and Ar-Ar age determinations of inclusions within quartz veins from porphyry copper deposits using complementary noble gas extraction techniquesCimriPeterson,N P, 1954, Copper Cities Copper Deposit, Globe-Miami District, Arizona: Econ. Geol., V. 49, No. 4, P. 362-377.(Geology, Grades and Distribution, Leaching Capability)Az Bur Geol File Data; Sawyer And Others, 1992.Ta, M.L. and Carter, R., 1975, Pinto Valley copper mine - blueprint for insured productivity;Cities Service 1973-82 SEC Form 10K; PCIA 1975-82; USBM Minerals Yearbook 1955-82",,1896,,,,1896,,,porphyry_subset
10046248,Copper Queen Mine,31.44097,-109.915,United States,Arizona,Cochise,"Copper, Gemstone, Semiprecious Gemstone","Lead, Zinc, Gold, Silver",,Past Producer,"53: Porphyry Cu58: Porphyry Cu, skarn-related72: Polymetallic replacement","5|3: Porphyry Cu|5|8: Porphyry Cu, skarn-related|7|2: Polymetallic replacement",True,True,B,https://mrdata.usgs.gov/mrds/show-mrds.php?dep_id=10046248,M241115,,NA,B,Surface-Underground,Polymetallic replacement,L,"Anglesite, Bornite, Calcite, Chalcocite, Copper, Cuprite, Delafossite, Gold, Malachite, Selenite","Pyrite, Quartz",,IRREGULAR,,Gossan With Mn And Fe Oxides Induced By Hydrothermal Metamorphism,Bornite Replaces Pyrite,"Halero, Bisbee","Ore Bodies Near Dikes And Sills, And Faulting And Associated Brecciation","Zigler, Jan L., Orris, Greta J., Laraba, Peter (Gest, Don E.)",Escabrosa Limestone;Naco Limestone;Martin Limestone,Limestone,"""Juniper Flat Granite "", ""Sacramento Stock-Sacramento Quartz Porphyry """,Granite,"Pre-Mineralization Faulting And Tilting, Main Fault Directions, N10w To N40e, S30w To N50w, Pre-Mineralization",,"KEITH, S.B., 1973, ARIZONA BUREAU OF MINES BULLETIN 187, P. 86.RANSOME, USGS PP 21, P. 110, 13-15.ARIZONA BUREAU OF MINES BULLETIN 140.MINES HANDBOOK, 1931.USGS FOLIO 112, 1904.PHILLIPS, K.A., BEARD, R.R., NIEMUTH, N.J., AND BAIN, D.R., 1991, ACTIVE MINES IN ARIZONA--1992:  ARIZONA DEPARTMENT OF MINES AND MINERAL RESOURCES DIRECTORY 39, 20 P.NIEMUTH, N.J., 1987, ARIZONA MINERAL DEVELOPMENT 1984-1986:  ARIZONA DEPARTMENT OF MINES AND MINERAL RESOURCES DIRECTORY 29, 46 P.SAWYER, M.B., GURMENDI, A.C., DALEY, M.R., AND HOWELL, S.B., 1992, PRINCIPAL DEPOSITS OF STRATEGIC AND CRITICAL MINERALS IN ARIZONA:    UNITED STATS BUREAU OF MINES SPECIAL PUBLICATION, 334 P.PEIRCE, H.W., 1969, GEM MATERIALS, IN USGS, ABM, AND USBR, MINERAL AND WATER RESOURCES OF ARIZONA:  ABM BULLETIN 180, USGS BULLETIN 871, P. 359.Metals Economics Group (MEG) entry for Cochise/Bisbee:\nhttp://services.metalseconomics.com/minesearch/Default.aspx#profile&projAid=89923Mine history is available at Wikipedia:\nhttp://en.wikipedia.org/wiki/Copper_Queen_MineBryant, D.G., Metz, H.E., 1966, Geology and ore deposits of the Warren mining district: in Titley, S.R., Hicks, C.L., 1966, Geology of the Porphyry Copper Deposits, Southwestern North America University of Arizona Press, Tucson, pp 189-203Cook, S.S. and Porter, T.M., 2005, The Geologic History of Oxidation and Supergene Enrichment in the Porphyry Copper Deposits of Southwestern North America,  in  Porter, T.M., (Ed.), Super Porphyry Copper and Gold Deposits: A Global Perspective,    v1  pp 207-242Titley, S.R., 1993, Characteristics of porphyry copper occurrence in the American Southwest; in Kirkham, R.V., Sinclair, W.D., Thorpe, R.I. and Duke, J.M., Mineral Deposit Modeling, Geological Association of Canada, Special Paper 40, p. 433-464.Bryant, D.G. (1968), Intrusive breccias associated with ore, Warren (Bisbee) mining district, Arizona, Economic Geology: 61: 1-12.Lowell, J.D. and Guilbert, J.M., 1970, Lateral and vertical alteration-mineralization zoning in porphyry ore deposits; Economic Geology, v. 65, p. 373-408.Porter GeoConsultancy entry for Bisbee, Warren Mining District, Cochise, Arizona:\nhttp://www.portergeo.com.au/database/mineinfo.asp?mineid=mn742Einaudi, M.T., 1982, Description of skarns associated with porphyry copper plutons, in Titley, S.R., ed., Advances in geology of the porphyry copper deposits, southwestern North America: Tucson, University of Arizona Press.GILMOUR, P., 1982, GRADES AND TONNAGES OF PORPHYRY COPPER DEPOSITS: IN - ADVANCES IN GEOLOGY OF THE PORPHYRY COPPER DEPOSITS, SOUTHWESTERN NORTH AMERICA, ED. BY, S.R. TITLEY UNIV. AIR. PRESS, TUCSON, AZ, 1982.Titley, S.R., 1992, Evidence for crustal controls of metallogeneis in epigenetic ores of the Southern Cordillera, United States and Mexico: Society of Mining, Metallurgy, and Exploration Annual Meeting Preprint 920-210, 11p.Mineralogy discussion at:\nhttp://www.mindat.org/loc-3318.htmlCIMRI",,1881,,,,1877,,,porphyry_subset
10186051,Cyprus Miami,33.40818,-110.887,United States,Arizona,Gila,"Copper, Molybdenum","Silver, Gold","Rhodium, Zinc, Lead, PGE",Producer,79: Porphyry Cu-Mo,7|9: Porphyry Cu-Mo,True,True,A,https://mrdata.usgs.gov/mrds/show-mrds.php?dep_id=10186051,D000316,40070008,NA,M,Surface,Porphyry Cu-Mo,,"Chalcocite, Chalcopyrite, Bornite, Brochantite, Covellite, Cuprite, Galena, Gold, Malachite, Molybdenite, Silver",Quartz,Pyrite,Irregular,"Surface, Surface/Underground",,,"Bluebird, Inspiration, Live Oak, Thornton, Joe Bush, Ox Hide, Miami Mine, Globe, Red Hill, Brisbee, Miami Inspiration",,"Anderson, Claire, Orris, Greta J., Peterson, Jocelyn A., Hite, Alan G.","""Schultze Granite"", ""Pinal Schist""","Quartz Monzonite,Schist",,,,,"Arizona Pay Dirt. Inspiration Predicts Profit Soon From Newsx-Ew Plant After Strike Ends. August 1980, P.4.Arizona Pay Dirt. Inspiration Raising Production ReducingArizona Pay Dirt. Inspiration To Spend Record $70 MillionEngineering And Mining Journal. Polyethylene Pipe Plays KeyHudson Bay Mining And Smelting Co. 1980 Annual Report.Bilson, E., A.J. Savely, And J. Housewert.  HydrometallurgySkillings Mining Review.  Cyprus Minerals Plans To BuyTimmers, J., J. Fountain, And J. Housewert.  New HydrometLachapelle, G.W., Dyas, J.S., Cyprus Miami Property OverviewLa Chapelle, G. W. And J. S. Dya.  Cyprus Miami PropertyCyprus Amax Minerals Co., News Release, 1/27/94, 1pp.Mining Record, V 106/N 28, 7/12/95, P.7.Abm File Data.Elsing And Heineman, 1936, Arizona Bureau Of Mines Bulletin 140.Simmons And Reed, 1962, Az Geol Soc 13th Field Conf-Mogollon Rim.Inspiration Consolidated Copper Company Annual Report, 1966.Phillips, K.A., Beard, R.R., Niemuth, N.J., And Bain, D.R., 1991, Active Mines In Arizona--1992: Arizona Department Of Mines And Mineral Resources Directory 39, 20 P.Arizona Department Of Mines And Mineral Resources, 1989, Directory Of Active Mines In Arizona, Incorporating Sand And Gravel Operations--1989-90: Arizona Department Of Mines And Mineral Resources Directory 36, 14 P.The Porter GeoConsultancy webpages for the Miami Inspiration deposit contain detailed descriptions of the geology. Accessed on 7/27/2010 http://www.portergeo.com.au/index.aspOlmstead, H.W., and Johnson, D.W., 1966, Inspiration geology, in Titley, S.R., and Hicks, C.L., eds., Geology of the porphyry copper deposits, southwestern North America: Tucson, University of Arizona Press, p. 143?150.Peterson,N P,1962, Geology and Ore Deposits Of The Globe-Miami district, Arizona: U.S. Geological Survey Professional Paper 342, 151 p.\nRansome,F L,1919, The Copper Deposits Of Ray and Miami, Ari-Reed,E F, and Simmons,W W,1962, Geological Notes On The Miami-Sheffer,H W and Evans,L G,1968, Copper Leaching Practices InSeedorff, E., Barton, M. , Stavast, W. and Maher D., 2008, Root Zones of Porphyry Systems: Extending the Porphyry Model to Depth: Econ. Geol. Vol 103 no, 5.Hammer, D.F., and Peterson, D.W., 1968, Geology of the Magma mine area, Arizona, in Ridge, J.D., ed., Ore Deposits of the United States, 1933?1967 (Graton-Sales Volume): New York, American Institute of Mining, Metallurgical, and Petroleum Engineers, v. 2, p. 1282?1310Breitrick, R.A., and Lenzi, G.W., 1987, Pinto Valley copper deposit: Arizona Bureau of Geology and Mineral Technology, Geological Survey Branch, Special Paper 5, p. 260?265Sell, J.D., 1995, Discovery of a deep (3500 feet) unexposed porphyry copper deposit at Superior East, Pinal County, Arizona: Arizona Geological Society Digest 20, p. 373?395Manske, S.L., and Paul, A.H., 2002, Geology of a major new porphyry copper center in the Superior (Pioneer) district, Arizona: ECONOMIC GEOLOGY, v. 97, p. 197?220Maher, D.J., Stavast, W.J.A., Barton, M.D., and Seedorff, E., 2005, A view of the roots of a productive Laramide porphyry copper system exposed in the Globe-Miami district, Arizona [abs.]: Geological Society of America Abstracts with Programs, v. 37, no. 7, p. 164Stavast, W.J.A., 2006, Three-dimensional evolution of magmatic hydrothermal systems, Schultze Granite and Ruby Star Granodiorite, Arizona: Unpublished Ph. D. dissertation, University of Arizona, 414 p.\n\nCreasey S C    1980 - Chronology of intrusion and deposition of porphyry copper ores, Globe-Miami district, Arizona: in      Econ. Geol.   v75 pp 830-844\nCimriDayton, S,1974; Inspiration'S Design For Clean Air: Eng andMcmahon,A D,1965, Copper: A Materials Survey: Us BuminesPaydirt, Aug. 25, 1975, P. 46. (Water Source)Coakley,G J,1976, Selenium, In Mineral Facts and ProblemsArizona Department of Mines and Mineral Resources 2007 Report. Accessed 15-JUL-2009\nhttp://www.admmr.state.az.us/Info/mining_update2007.pdfSkillings Mining Review, Nov 24, 1973, P18. (Joe BushMining Business Digest. May 1994. P. 5.Cyprus Amax Minerals Co., 1993 Form 10-K, P.7.Cyprus Amax Minerals Co., 1994 Form 10-K, P.2.Cyprus Amax Minerals Company, Form 10-K. December 31, 1995.Dayton,S and Jackson,D, 1974, Mining Program Aims At GrowthHardwick,W R,1963, Mining Methods and Costs, Inspiration Con-Inspiration Consolidated Copper Company. 1960-1977 AnnualWorld Mines Register. 1976/77 Edition, Published By World",,1915,,,,1872,,,porphyry_subset
10096999,Dos Pobres Mine,32.96149,-109.675,United States,Arizona,Graham,Copper,"Molybdenum, Gold",Silver,Unknown,78: Porphyry Cu-Au,7|8: Porphyry Cu-Au,True,True,A,https://mrdata.usgs.gov/mrds/show-mrds.php?dep_id=10096999,M001628,,NA,M,Surface-Underground,Porphyry Cu-Au,N,"Bornite, Chalcocite, Chalcopyrite, Chrysocolla, Molybdenite, Pyrite",,,IRREGULAR AND MASSIVE,Underground,"Hydrothermal, Oxidation",Supergene Enrichment,"Los Pobres, Safford Phelps DodgeSafford",Ne Fractures And Dikes,"Long, Keith R., Peterson, Jocelyn A.",,"Quartz Monzonite,Diorite,Andesite",,Quartz Monzonite,Nw Striking Butte Fault,Continental Magmatic Arc,"GREELEY, 1978, AZ. DEPT. MIN. RES., SPEC. REPT. NO. 2.WORLD MINING, V. 29, NO. 4.DUNN, 1978, AZ. GEOL. SOC. DIGEST V. 11, P. 9-15.SAWYER, M.B., GURMENDI, A.C., DALEY, M.R., AND HOWELL, S.B., 1992, PRINCIPAL DEPOSITS OF STRATEGIC AND CRITICAL MINERALS IN ARIZONA:  UNITED STATES BUREAU OF MINES SPECIAL PUBLICATION, 334 P.ROBINSON, R.F. AND COOK, A.,1966, THE SAFFORD COPPER DEPOSIT, LONE STAR MINING DISTRICT, GRAHAM COUNTY, ARIZONA, IN: GEOLOGY OF THE PORPHYRY COPPER DEPOSITS Southwestern North America, EDITED BY TITLEY, S.R AND HICKS, C.L. THE UNIVERSITY OF ARIZONA PRESS, TUCSON, ARIZ., P. 251-266Metals Economics Group (MEG) Safford webpage contains historical information on Don Pobres as of 8/3/2010.\nhttp://www.metalseconomics.com/Langton J M, Williams S A  1982 - Structural, petrological and mineralogical controls for the Dos Pobres orebody, Lone Star Mining District, Graham County, Arizona: in Titley S R 1983 Advances in Geology of the Porphyry Copper Deposits, Southwestern North America University of Arizona Press, Tucson    pp 335-352\nThe Dos Pobres geology and reserves are described at portergeo.com as of 8/3/2010. \nhttp://www.portergeo.com.au/CIMRIGREELEY, 1978, P. 86;  KEITH, UNPUB. DATA ABM; SAWYER AND OTHERS, 1992; (4,5) PHELPS DODGE 1992 FORM 10K; (6) PHELPS DODGE 1980 FORM 10K",,,,,,1957,,,porphyry_subset
10039684,El Tiro Open Pit Mine,32.41622,-111.538,United States,Arizona,Pima,Copper,"Gold, Lead, Silver, Molybdenum",,Past Producer,53: Porphyry Cu,5|3: Porphyry Cu,True,True,B,https://mrdata.usgs.gov/mrds/show-mrds.php?dep_id=10039684,M050650,,NA,M,Underground,Porphyry Cu,L,"Chalcocite, Chalcopyrite, Cuprite, Limonite, Molybdenite, Pyrite",,,TABULAR,,"Argillic; Partly Oxidized, Garnetized Limestone",Supergene Enrichment,"Red Rock Group, Silver Bell Mine",Sheared & Garnetized Limestone In Contact With Igneous Units; Closely Spaced Parallel Fractures,"ADMR, Peterson, Jocelyn A.",El Tiro and Imperial stocks,Quartz Monzonite,,Dacite,"Sheared Limestone, Parallel Fissures In Dacite Porphyry",,"Kendrick, M.A., Burgess, R., Pattrick, R.A.D. and Turner, G., 2001, Halogen and Ar-Ar age determinations of inclusions within quartz veins from porphyry copper deposits using complementary noble gas extraction techniques; Chemical Geology, v. 177, p. 351-370.Barra, F., Ruiz, J., Valencia, V.A., Ochoa-Landin, L., Chesley, J.T. and Zurcher, L., 2005, Laramide porphyry Cu-Mo mineralization in northern Mexico: age constraints from Re-Os geochronology in molybdenite; Economic Geology, v. 100, p. 1605-1616.Richard and Courtright, 1966, Porph-Cu Volume Abm.Kerr, 1951, Gsa Bull 62, P. 451-480.Hardwick, 1963, USBM Ic 8153.Keith, 1974, Abm Bull 189, P. 143.Galey, 1979, Soc Econ Geol, Porphyry Cu Field Conf, 18 P.S B Keith Ariz Bur Mines Bull 189 1974 P 143Graybeal F T  1983 - Geology of the El Tiro area: in Titley S R 1983 Advances in Geology of the Porphyry Copper Deposits, Southwestern North America University of Arizona Press, Tucson    pp 487-505\nLopez J A, Titley S R  1995 - Outcrop and capping characteristics of the supergene sulfide enrichment at North Silver Bell, Pima County, Arizona: in Pierce F W, Bolm J G (Eds),    Porphyry Copper Deposits of the American Cordillera Arizona Geol. Soc.   Digest 20 pp 424-435\nRichard K, Courtright J H  1966 - Structure and mineralization at Silver Bell, Arizona: in Titley S R, Hicks C L 1966 Geology of the Porphyry Copper Deposits, Southwestern North America University of Arizona Press, Tucson    pp 157-163Cook S S and Porter T M, 2005 - The Geologic History of Oxidation and Supergene Enrichment in the Porphyry Copper Deposits of Southwestern North America,   in  Porter T M, (Ed),  Super Porphyry Copper and Gold Deposits: A Global Perspective,  v1  pp 207-242\nThe Porter GeoConsultancy webpage for Silver Bell contains a description of the geology at El Tiro. Accessed on 8/12/2010.\nhttp://www.portergeo.com.au/\nCimriLong, K.R., 1995, Production and reserves of Cordilleran (Alaska to Chile) porphyry copper deposits; in Pierce, F.W. and Bolm, J.G., eds., Porphyry Copper Deposits of the American Cordillera, Arizona Geological Society, Digest 20, p. 35-68.Browne, Q. J. and Miller, M. A., 2002, Use of geologic parameters for development of low-grade copper reserves, Silver Bell Mine, Arizona; In Society of Mining Engineers Annual Meeting and Exhibit, 2002, Technical Program, Society of Mining Engineers, p. 68.",,1954,,,,,,,porphyry_subset
10186598,Florence,33.04785,-111.431,United States,Arizona,Pinal,"Copper Sulfide, Copper Oxide",Molybdenum,,Prospect,"58: Porphyry Cu, skarn-related","5|8: Porphyry Cu, skarn-related",True,True,A,https://mrdata.usgs.gov/mrds/show-mrds.php?dep_id=10186598,W002694,40210007,NA,M,Surface,,,"Brochantite, Chalcocite, Chrysocolla, Copper, Cuprite, Azurite, Molybdenite, Shattuckite",,,,Surface,,,"Florence Conoco, Continental Oil Company Florence, Poston Butte, Florence Copper Mine, Dollar Pit, Conoco Copper Deposit, Aztec Exp. and Devel Co Property, Poston Butte Prospect",,"Anderson, Claire, Orris, Greta J., Cox, Dennis P., ADMR, Schruben, Paul, Br",,Quartz Monzonite,,Granodiorite,,,"SKILLINGS MINING REVIEW, CONTINENTAL OIL DISCOVERS COPPER MINERALIZATION IN ARIZONA, VOL. 59, NO. 44. OCTOBER 31, 1970 PP. 11.      (MILS,UNDER,EXPLO,ASSAY,RESRV)PAY DIRT, CONOCO PUTS FLORENCE COPPER PROJECT ON BACK BURNER NO.449. NOVEMBER 22, 1976. PP. 7. (ASSAY,RESRV,ENVIR,UNDER,BENEF-PRO,COMMOD)CONOCO ANNUAL REPORT. 1972 . PP. 29.SKILLINGS MINING REVIEW,CONOCO EVALUATION OF FLORENCE COPPERWORLD MINING, VOL. 27, NO. 13. NOVEMBER 1974. PP. 74.ARUNDALE, J.C. MONTHLY LIAISON REPORT FOR THE STATE OF ARIZ.SKILLINGS, D. N. JR. ARIZONA CONFERENCE OF A.I.M.E. ANNUALAMERICAN METAL MARKET. DUPONT MOVING PLANS TO SELL CONOCOINTERMOUNTAIN PAY DIRT.  CONOCO GETTING OUT OF MINERALSNASON, PHILIP W., UNIV OF AZ PRESS, 1982, P.375.DILLARD, GARY, SW PAY DIRT, 8-92, P.3A.MINING JOURNAL, 8-7-92, V319 N8185, P.88.MAGMA COPPER COMPANY 1993 10-K, P.18.MINING RECORD, 1974, ARIZONA COPPER PROJECT NEAR COMPLETION: PROJECT MANAGER NAMED.SAWYER, M.B., GURMENDI, A.C., DALEY, M.R., AND HOWELL, S.B., 1992, PRINCIPAL DEPOSITS OF STRATEGIC AND CRITICAL MINERALS IN ARIZONA: UNITED STATES BUREAU OF MINES SPECIAL PUBLICATION, 334 P.YEEND, 1976, USGS MAP MF-778.WILSON, 1969, ABM BULL 179.ABGMT FILE DATA.ULLMER, 1978, JOURNAL OF GEOCHEMICAL EXPLORATION, V. 9, NO. 2-3, P. 235-236.ADMR CONTINENTAL OIL CO(FLORENCE PROJECT)ACTIVE FILE \nSKILLINGS MINING REVIEW CONOCO OIL DISCOVERS CU MIN. IN AZ  VOL 59 NO 44,VOL 65 NO 3,VOL 66 NO 1Brown and Caldwell Environmental Engineering and Consulting, Mine Characterizing and Permitting, BHP-Copper, Florence Site, Arizona:  press release discussing the permitting process for the proposed Florence in-situ leach mine.  Accessed 9/28/2010\nhttp://www.brownandcaldwell.com/PAGs%5CP_522_0800a_BHPMine.pdfMining Engineering, May issue, p. 72.  Nason, P.W., Shaw, A.V. and Aveson, K.D., 1982, Geology of the Poston Butte porphyry copper depositPinal County, Arizona; in Titley, S. R., ed., Advances in Geology of the Porphyry Copper Deposits, Southwest North America, University of Arizona Press, Tucson, Arizona, p. 375-385.CIMRINiemuth, N.J., 1998, ArizonaMAGMA COPPER CO. 1993 ANNUAL REPORT. P. 9.MAGMA COPPER CO., 1994 10-K, P.20.",,,,,,1969,,,porphyry_subset
10104088,Gibson Mine,33.33425,-110.942,United States,Arizona,Gila,Copper,"Gold, Silver",,Past Producer,53: Porphyry Cu,5|3: Porphyry Cu,True,True,B,https://mrdata.usgs.gov/mrds/show-mrds.php?dep_id=10104088,M241234,,NA,M,Underground,Porphyry Cu,S,"Chalcopyrite, Pyrite, Malachite",,,LINEAR,Underground,,,"Kuno, Pasquale, Summit","In Three Lenticular Shoots, Separated By Intervals In Which Vein Fracture Is Obscure And Practically Barren Of Ore Minerals.  Rolls And Folds In Veins Favorable For Deposition","Gest, Don E.",Pinal Schist,Schist,Schultze Granite,Quartz Monzonite,N 25 E Trending Veins With Nw Dip Other Ne Trending Veins Nw Of Mineralized Veins,,"Peterson, N. P.,1963, Geology of the Pinal Ranch Quad, AZ:USGS BULLETIN 1141-H, 1963, P.11ADMR GIBSON MINE FILEABGMT-USBM FILE DATAABGMT CLIPPINGS FILEThe Gibson geology is similar to Portergeo Miami Inspiration deposit and the Globe Miami district.  7/27/2010 \nhttp://www.portergeo.com.au/index.aspOlmstead, H.W., and Johnson, D.W., 1966, Inspiration geology, in Titley, S.R., and Hicks, C.L., eds., Geology of the porphyry copper deposits, southwestern North America: Tucson, University of Arizona Press.Long, K.R., 1995, Production and reserves of Cordilleran (Alaska to Chile) porphyry copper deposits, in Pierce, F.W., and Bolm, J.G., eds., Porphyry copper deposits of the American Cordillera: Tucson, Arizona Geological Society Digest 20, p. 35-68.",,1903,,1975,,,,,porphyry_subset
10210685,Helvetia East,31.83263,-110.759,United States,Arizona,Pima,"Copper, Silver","Lead, Zinc, Molybdenum, Gold",,Past Producer,"58: Porphyry Cu, skarn-related","5|8: Porphyry Cu, skarn-related",True,True,A,https://mrdata.usgs.gov/mrds/show-mrds.php?dep_id=10210685,D000804,40190010,NA,M,Unknown,"Porphyry Cu, Skarn Related",,"Bornite, Chalcocite, Chalcopyrite, Chrysocolla, Cuprite, Malachite, Pyrite, Azurite, Molybdenite, Tenorite, Gold, Scheelite, Sphalerite","Quartz, Biotite, Feldspar, Diopside, Garnet, Magnetite, Epidote, Sericite, Wollastonite",,"Irregular Lenticular Zones, Bedded, Stringers and Pockets","Surface, Surface/Underground",,,"East Helvetia, Unit, Az, Usbm Ofr Mla ??-94., RosemontHelvetia, Helvetia-Rosemont, Coronado Nf, Part 12, Santa Rita Mt, Peach Mine, Peach Elgin, Copper World, Broad Top Butte",,"Anderson, Claire, ADMR, Br, Intermountain Field Operations Center (IFOC), Peterson, Jocelyn A., Keith, William J., Orris, Greta J., Tad/Ras, Schruben, Paul","""Escabrosa Limestone, Horquilla Limestone, Earp Formation, Colina Limestone, and Epitaph Formation"", ""Martin Formation; Abrigo Formation""","Limestone,Sandstone,Dolomite",,"Quartz Monzonite,Quartz Latite,Diorite",,,"SAWYER, M.B., GURMENDI, A.C., DALEY, M.R., AND HOWELL, S.B., 1992, PRINCIPAL DEPOSITS OF STRATEGIC AND CRITICAL MINERALS IN ARIZONA: U.S. BUREAU OF MINES SPECIAL PUBLICATION, 334 P.SCHRADER, F.C., 1915, USGS BULL. 582.Anzalone (1995),  Long and others (1998),  Niemuth (1994),  Titley (1993),  Titley and Anthony (1989)Anamax Mining Company.  An Environmental Inventory Of The Rosemont Area In Southern Arizona.  Contract Study By University Of Arizona, R. Davis And J. R. Callahan,     - Editors, 1977, 2 Volumes, 341 Pp.Arizona Pay Dirt.  Usfs Working On Anamax Land Swap At Rosemont.  October 1977, P. 57.Bennett, H. J., L. Moore, L. E. Welborn, And J. E. Toland. An Economic Appraisal Of The Supply Of Copper From Primary Domestic Sources.  Bumines Ri 8598, 1973, 156 Pp.Bowman, A. B. History, Growth, And Development Of A Small Mining Company.  Min. Eng., June, 1963, Pp. 42-49.Caterpillar Tractor Company.    Caterpillar Performance Handbook, 9th Edition, Cat Publication, October 1978, 592 Pp.Cummins, A. B., And I. A. Given.  Sme Mining Engineering Handbook, A.I.M.E., New York, 1973, 2 Volumes, Pp. 17-1 To 17-180, 18-1 To 18-90.Drewes, H.  Cenozoic Rocks Of The Santa Rita Mountains, Southeast Of Tucson, Arizona.  U.S. Geological Survey  Professional Paper 746, 1972, 66 Pp.Drewes, H.    Geochemical Reconnaissance Of The Santa Rita Mountains, Southeast Of Tucson, Arizona.  U.S. Geol. Survey Bulletin 1365, 1973, 67 Pp.Drewes, H.    Mesozoic Stratigraphy Of The Santa Rita Mountains, Southeast Of Tucson, Arizonia.  U.S. Geol.Mountains, Southeast Of Tucson, Arizonia.  U.S. Geol. Survey Professional Paper 658-C,    1971, 81 Pp.Drewes, H. Structural Geology Of The Santa Rita Mountains, Professional Paper 748, 1972, 35 Pp.Drewes, H.L And T. L. Finnell.  Mesozoic Stratigraphy And Laramie Tectonics Of Part Of The Santa Rita And Empire Mountains Southeast Of Tucson, Arizona.  Southern Arizona Geol. Society Guidebook Iii, S. R. Titley, Editor; Geol. Society Of America Cordilleran Section, 64th Annual Meeting, Tucson, Arizona, 1968, Pp. 315-324.Engineering And Mining Journal.  In The U.S.--Arizona. June 1975, P. 301.Hopkins, W. R., And A.J. Lynch.  The Twin Buttes Ozide Project.  A.I.M.E. Reprint, 1976 Sme-Aime Fall Meeting, 1976, 30 Pp.Keith, S. B.    Index Of Mining Properties In Pima County, Arizona.  Arizona Bureau Of Mines Bulletin 189, 1974,Lovering, T. G., J. R. Cooper, H. Drewes, And G. C. Cone. Copper In Biotite From Igneous Rocks In Southern Arizona As An Ore Indicator.  U.S. Geological Survey Research 1970 (Professional Paper 700-B), 1971, Pp. B1-B8.Pay Dirt.  Anamax Files For Forest Land Swap For Helvetia. June 30, 1975, Pp. 73-74.Pay Dirt.    Scenes In Old Arizona.  August 24, 1970, Pp. 3-4.Pfleider, E. P.    Surface Mining.  A.I.M.E., New York, 1968, 1061 Pp.Rampacek, C., And J.T. Dunham.  Copper Ore Processing --U.S. Practices And Trends.  Min. Cong. J., February 1976, Pp. 43-50.Schwartz, G. M.  The Nature Of Primary And Secondary Mineralization In Porphyry Copper Deposits.  Chapter In Geology Of The Porphyry Copper Deposits - Southwestern North America, S. R. Titley And C. L. Hicks, Editors, University Of Arizona Press, 1966, Pp. 41-50.Skillings' Mining Review.  Anamax Mining Company Acquires Empire Ranch In Arizona.  January 18, 1975, P. 16.World Mining.  Copper Deposits To Be Developed. August 1970, P. 47.Anzalone And Brown, 1992, Geology Of The Helvetia Copper Deposit, Sme Preprint 92-61.Sw Pay Dirt, 12-95, P.12a.Randol Mining Directory 1996/97, P. 136.Huss, Conrad, 2009, NI 43-101 Technical Report For The Rosemont Copper Project\nUpdated Feasibility Study, Pima County, Arizona, USA, for Augusta Resource Corporation, M3-PN08036; January 14, 2009, Amended March 17, 2009, 138 pages plus appendices.Anzalone, S.A., 1995, The Helvetia area porphyry systems, Pima County, Arizona; in Pierce, F.W. and Bolm, J.G., eds., Porphyry Copper Deposits of the American Cordillera, Arizona Geological Society, Digest 20, p. 436-441.Titley, S.R., 1993, Characteristics of porphyry copper occurrence in the American Southwest, in Kirkham, R.V., Sinclair, W.D., Thorpe, R.I., and Duke, J.M., eds., Mineral deposit modeling: Geological Association of Canada Special Paper 40, p. 433-464.Titley, S.R., and Anthony, E.Y., 1989, Laramide mineral deposits in Arizona, in Jenney, J.P., and Reynolds, S.J., eds., Geologic evolution of Arizona: Tucson, Arizona Geological Society Digest 17, p. 485?514.Hardy, J.J., 2000, SUPERIMPOSED LARAMIDE AND MIDDLE TERTIARY DEFORMATIONS IN THE ROSEMONT-HELVETIA DISTRICT, SOUTHEASTERN ARIZONA; Denver Region Exploration Geologists' Society abstracts2000.\nhttp://www.dregs.org/abs2000.htmlCIMRILowell, J.D.  Trends And Techniques In Southwest Porphyry Exploration.  World Mining, Oct. 1976, Pp. 56-57.World Mining.  Copper:  A Future Of Ample And Secure Supply. Sept. 1977, P. 110.Asarco Incorporated 1988 Annual Report. P. 6, 8.Southwestern Pay Dirt, 8/95, P.5a.American Metal Market.    Asarco Buys Helvetia Deposit As Long-Term Copper Reserve.  Aug. 19, 1988, P. 2.Long, K.R., 1995, Production and reserves of Cordilleran (Alaska to Chile) porphyry copper deposits; in Pierce, F.W. and Bolm, J.G., eds., Porphyry Copper Deposits of the American Cordillera, Arizona Geological Society, Digest 20, p. 35-68.Niemuth, N.J., 1994, The primary copper industry of Arizona, 1992: Arizona Department of Mines and Mineral Resources SR-20, 58 p.",,1890,,,,1870,,,porphyry_subset
60000203,Helvetia-Rosemont District,31.86683,-110.784,United States,Arizona,Pima,Copper,"Zinc, Silver","Molybdenum, Tungsten",Past Producer,"58: Porphyry Cu, skarn-related","5|8: Porphyry Cu, skarn-related",True,True,D,https://mrdata.usgs.gov/mrds/show-mrds.php?dep_id=60000203,D000804,,NA,M,Unknown,"SKARN, PYROMETASOMATIC",M,,,,,,"CONTACT PYROMETASOMATIC (SKARNIFICATION), SILICIFICATION, ARGILLIZATION, PYRITIZATION",,"Helvetia Deposit, Peach-Elgin, Broadtop Butte, Rosemont, Copper World","LITHOLOGY, INTRUSIONS",,,,,,"BACKBONE FAULT-- A COMPLEX ZONE CONSISTING OF THRUST FAULTS, HIGH-ANGLE NORMAL AND REVERSE FAULTS, TEAR FAULTS; FOLDING",,"LEMMON, D.M., UNPUBLISHED DATA.LEMMON, D.M., AND TWETO, O.L., 1962, TUNGSTEN IN THE U.S., USGS MAP, MR-25.SAWYER, M.B., GURMENDI, A.C., DALEY, M.R., AND HOWELL, S.B., 1992, PRINCIPAL DEPOSITS OF STRATEGIC AND CRITICAL MINERALS IN ARIZONA:  U.S. BUREAU OF MINES SPECIAL PUBLICATION, 334 P.ANZALONE, S.A., AND BROWN, R.L., 1992, GEOLOGYOF THE HELVETIA COPPER DEPOSIT--ARIZONA:  SOCIETY FOR MINING, METALLURGY, AND EXPLORATION, INC. PREPRINT NO. 92-61, 5 P.",>,1870,,,<,1861,,,porphyry_subset
10048777,I-10,32.09012,-110.031,United States,Arizona,Cochise,Copper,,,Occurrence,53: Porphyry Cu,5|3: Porphyry Cu,True,True,C,https://mrdata.usgs.gov/mrds/show-mrds.php?dep_id=10048777,MP90000,,NA,M,Unknown,,N,,,,,,,,,Bound Within Strata,Sachiko Tanikawa,,Volcanic Rock (Aphanitic),,,"North To Northwest Trending Faults/Isolated Ranges, Silicic To Basaltic Volcanic Rocks Igneous Intrusives",Back-Arc Extensional Cratonic Basin,"PHILLIPS, K.A., AND NIEMUTH, N.J., 1993, THE PRIMARY COPPER INDUSTRY OF ARIZONA IN 1991: PHOENIX, ARIZONA, DEPARTMENT OF MINES AND MINERAL RESOURCES, SPECIAL REPORT NO. 18, 53 P",,,,,,,,,porphyry_subset
10095027,Korn Kob Mine,32.38733,-110.578,United States,Arizona,Pima,"Tungsten, Molybdenum, Copper","Iron, Gold, Zinc, Silver",,Past Producer,"58: Porphyry Cu, skarn-related","5|8: Porphyry Cu, skarn-related",True,True,B,https://mrdata.usgs.gov/mrds/show-mrds.php?dep_id=10095027,M000134,,NA,M,Unknown,Porphyry Cu,N,"Chalcopyrite, Chrysocolla, Malachite, Molybdenite, Powellite, Scheelite, Tenorite",,,Oxide copper,Underground,"Skarns; Sericitization, Silicification, Quartz-Epidote-Muscovite Veining",,,Skarn Permeability. Post Mineralizing Fractures Important For Secondary Copper Minerals,"Anderson, Claire, Peterson, Jocelyn A., Schruben, Paul, ADMR",Abrigo Formation; Martin Formation,Limestone,Catalina Granite ;Leatherwood Quartz Diorite-Major Mineralizer Of Skarns,"Pegmatite,Granite",,,"Keith, 1974, Abm Bull 189, P. 141.Wilson, 1977, M.S. Thesis Univ Of Az 103 P.Creasey and Theodore, 1975, USGS Open-File Report 75-295.Wilt, J.C., Keith, S.B., Theodore, T.G., 1984, A listing and map showing molybdenum occurrences in Arizona: USGS Open-File Report 84-830, 62 p plus map. Accessed 21-JUL-2009. http://www.janrasmussen.com/pdfs/MO%20in%20AZ%20usgs%2084_830%20rot.pdfMetals Economics Group (MEG) has a webpage on the Korn Kob mine with some details about reserves and drilling.  Accessed on 8/16/2010.\nhttp://www.metalseconomics.com/CimriAnonymous, 1995, Corner Bay acquires Arizona copper play; The Northern Miner, June 12 issue, p. 15.Randol 1996Keith and others, 1983",,1913,,1942,<,1910,,,porphyry_subset
10046238,Lavender Pit,31.43264,-109.899,United States,Arizona,Cochise,Copper,"Zinc, Silver, Gold, Gemstone",,Past Producer,53: Porphyry Cu,5|3: Porphyry Cu,True,True,B,https://mrdata.usgs.gov/mrds/show-mrds.php?dep_id=10046238,M241102,,NA,B,Unknown,Porphyry Cu,L,"Bornite, Chalcocite, Cuprite, Gold, Sphalerite, Turquoise","Pyrite, Quartz",,BLANKET,Surface,,Bornite Replaces Pyrite,"Copper Dog, Pearl, Bisbee",,"Cox, Dennis P., Laraba, Peter (Gest, Don E.), Zigler, Jan L.",,Granite,Sacramento Hill Stock,Granite,"Pre-Mineralization Faulting And Tilting, Main Fault Directions, N10w To N40e, S30w To N50w, Pre-Mineralization",,"A discussion of Bisbee turquoise here:\nhttp://www.nevadagem.com/pages/mineinfo.htmlKEITH, S.B., 1973, ARIZONA BUREAU OF MINES BULLETIN 187, P. 88.BRYANT AND METZ, 1966, IN TITLEY AND HICKS, GEOLOGY OF THE PORPHYRY COPPER DEPOSITS, SW NORTH AMERICA, P. 189-203.BLAIR, GERRY, 1992, THE ROCKHOUND'S GUIDE TO ARIZONA:  HELENA, MONTANA, FALCON PRESS, 165 P.Titley, S. R., 1993, Characteristics of porphyry copper occurrence in the American Southwest; in Kirkham, R.V., Sinclair, W.D., Thorpe, R.I. and Duke, J.M., Mineral Deposit Modeling, Geological Association of Canada, Special Paper 40, p. 433-464.Lowell, J.D. and Guilbert, J.M., 1970, Lateral and vertical alteration-mineralization zoning in porphyry ore deposits; Economic Geology, v. 65, p. 373-408.Mineralogy discussed here:\nhttp://www.mindat.org/loc-3304.htmlHistory of Cyprus Mines Corporation, former owner here:\nhttp://en.wikipedia.org/wiki/Cyprus_Mines_CorporationKEITH, 1973, ARIZ. BUR. OF MINES BULL. 187.",,1950,,1974,,,,,porphyry_subset
10209543,Lone Star,32.93085,-109.623,United States,Arizona,Graham,Copper,,,Past Producer,78: Porphyry Cu-Au,7|8: Porphyry Cu-Au,True,True,A,https://mrdata.usgs.gov/mrds/show-mrds.php?dep_id=10209543,D000319,40090003,NA,M,Leach,Porphyry Cu-Au,,"Pyrite, Chalcopyrite, Molybdenite, Bornite, Tetrahedrite, Galena, Sphalerite",,"Brochantite, Chrysocolla, Cuprite, Malachite",,Surface,,,Safford Kennecott,,Br,Safford Meta-volcanics,"Andesite,Rhyolite,Quartz Latite,Dacite,Quartz Diorite",Lone Star Pluton,Quartz Diorite,,,"ROBINSON, R.F. AND COOK, A.,1966, THE SAFFORD COPPER DEPOSIT, LONE STAR MINING DISTRICT, GRAHAM COUNTY, ARIZONA, IN: GEOLOGY OF THE PORPHYRY COPPER DEPOSITS Southwestern North America, EDITED BY TITLEY, S.R AND HICKS, C.L. THE UNIVERSITY OF ARIZONA PRESS, TUCSON, ARIZ., P. 251-266SLOOP, JUNE 1,1967, ATOMIC ENERGY COMMISSION AVAIL FROM CLEARINGHOUSE FOR FED SCIENT AND TECH INFO, SPRINGFIELD VAKENNECOTT INVESTIGATES SOLUTION MINING POTENTIAL OF DEEP CU DEPOSIT E/MJ SEPT 1975 VOL 176 NO 9 P37KENNECOTT TRYING SOLUTION MINING AT SAFFORD PROSPECT, PAY DIRT 8/25/75 P42HANSEN, S AND RABB, D , SEEK PROFITABILITY ANSWER TO NUCLEAR IN-SITU COPPER LEACHING AT SAFFORD, WORLD MINING, JAN 1978,V 4 NO 1, P 24-27SKILLINGS' MINING REVIEW, 11-30-96, P.6.SW PAY DIRT, 2-95, P.10A.Langton, J.M., and Williams, S.A., 1982, Structural, petrological and mineralogical controls for the Dos Pobres orebody, Lone Star mining district, Graham County, Arizona, in Titley, S.R., ed., Advances in geology of the porphyry copper deposits, southwestern North America University of Arizona Press, Tucson pp 335-352Williams, S.A., and Forrester, J.D., 1995, Characteristics of porphyry copper deposits, in Pierce, F.W., and Bolm, J.G., eds., Porphyry copper deposits of the American Cordillera: Tucson, Arizona Geological Society Digest 20, p. 21?34The Lone Star and Safford webpages at portergeo.com contain geological descriptions. \nhttp://www.portergeo.com.au/JUST SIMPLY KENNECOTT, SALT LAKE CITY TRIBUNE, MARCH 19,1983.WORLD MINING MAGAZINE.    MAY 1981, P. 51.PHELPS DODGE CORP SEC FM 10-K REPT. 12/31/93., P. 10.PHELPS DODGE CORP., 1994 10-K, P.14.PHELPS DODGE CORP. 1995 ANNUAL REPORT, P.23.",,,,,,1950,,,porphyry_subset
10209824,Lonesome Pine and Esther Groups,33.34178,-110.903,United States,Arizona,Gila,Copper,"Molybdenum, Tungsten, Lead",,Prospect,53: Porphyry Cu,5|3: Porphyry Cu,True,True,B,https://mrdata.usgs.gov/mrds/show-mrds.php?dep_id=10209824,,40070468,NA,M,Surface-Underground,Porphyry Cu,,"Chalcopyrite, Pyrite, Molybdenite, Galena, Chalcocite, Covellite",,,,,,,,,ADMR,Schultze Granite,"Quartz Monzonite,Schist",,,,,"ADMR LONESOME PINE GROUP AND ESTHER GROUP FILEOlmstead, H.W., and Johnson, D.W., 1966, Inspiration geology, in Titley, S.R., and Hicks, C.L., eds., Geology of the porphyry copper deposits, southwestern North America: Tucson, University of Arizona Press, p. 143?150.The Lonesome Pine and Esther Groups geology is similar to Portergeo Miami Inspiration deposit and the Globe Miami district. 7/27/2010 http://www.portergeo.com.au/index.aspLong, K.R., 1995, Production and reserves of Cordilleran (Alaska to Chile) porphyry copper deposits, in Pierce, F.W., and Bolm, J.G., eds., Porphyry copper deposits of the American Cordillera: Tucson, Arizona Geological Society Digest 20, p. 35-68.",,,,,,,,,porphyry_subset
10048292,Metcalf Mines,33.11371,-109.361,United States,Arizona,Greenlee,Copper,"Silver, Gold, Molybdenum",Zinc,Past Producer,53: Porphyry Cu,5|3: Porphyry Cu,True,True,A,https://mrdata.usgs.gov/mrds/show-mrds.php?dep_id=10048292,M800422,,NA,M,Unknown,,S,"Brochantite, Chalcanthite, Chalcocite, Covellite, Cuprite, Malachite, Molybdenite, Pyrite","Chalcedony, Garnet, Kaolin, Limonite, Magnetite, Sericite",,IRREGULAR,Surface/Underground,"Surface Oxidation To Depths Of 30 Ft;    Sericitization Of Granite Porphyry",Extensive Leaching (Leached Capping Ranges In Thickness From 200 To 1000 Ft); Supergene Enrichment Of Chalcocite; Ores Have Generally Been Deposited By Replacement In The Porphyry Mass,"Metcalf Open Pit, Arizona Copper Co Group","Copper Ores Occur As Irregular Bodies In Porphyry, As Replacement Deposits Of Narrower Porphyry Dikes, As Distinct Ne-Trending Fissure Veins, And As Contact Breccias Between Granite Porphyry And Quartz Monzonite Porphyry","Calder, Susan R.",,Granite,Morenci Granite Porphyry;Precambrian Granite-Granodiorite Complex,Quartz Monzonite,"General Nw-Striking Step Faults With Normal Displacements To The South, Irregular Bodies Of Chalcocite Ore Contained In Soft And Sericitic Granite Porphyry Near Contact With Sedimentary Rocks;    Porphyry Contains Inclusions Of Shale And Metamorphosed Limestone",Shannon Mountain Fault Block; Precipitous Gully Terrain,"ABGMT-USBM FILE DATA.BLM DISTRICT SHEET 840.USBM FILES, METCALF MINES.ABGMT CLIPPINGS FILES, ARIZONA COPPER CO. LTD.USGS PP 43, P. 320-323.LANGTON, J.M., 1973, ORE GENESIS IN THE MORENCI-METCALF DISTRICT:  AMERICAN INSTITUTE OF MINING, METALLURGICAL AND PETROLEUM ENGINEERS TRANSACTIONS, V. 254, P. 256.PAY DIRT, 1969, PHELPS DODGE TO DEVELOP BIG MINE AD METCALF:  NO. 360, P. 3-5.TENNEY, JAMES B., 1927, HISTORY OF MINING IN ARIZONA, V. 1, P. 97-98.WEED, W. H., 1918, THE MINES HANDBOOK, VOL. XIII, PAGES 470-472, ARIZONA COPPER CO LTDSTEVENS, J. H., 1904, THE COPPER HANDBOOK, VOL IV, PAGES 193-195, ARIZONA COPPER CO LTDCIMRI",,1882,,1979,,1870,,Robert And James Metcalf,porphyry_subset
10184420,Miami East,33.40698,-110.876,United States,Arizona,Gila,Copper,"Silver, Molybdenum, Gold",,Past Producer,53: Porphyry Cu,5|3: Porphyry Cu,True,True,A,https://mrdata.usgs.gov/mrds/show-mrds.php?dep_id=10184420,M003084,40070051,NA,M,Underground,Porphyry Copper,,"Chalcopyrite, Molybdenite, Galena, Pyrite, Gold, Silver",,"Azurite, Bornite, Chalcocite, Chrysocolla, Copper, Covellite, Cuprite, Malachite, Quartz, Sericite","ore minerals: Chalcocite\nclass of ore: sulfide, oxide\nlithostratigraphic unit: gila conglomerate, Type of Orebody #1 : DISSEMINATED\nShape of Orebody #1 : MASSIVE\nType of Orebody #2 : FISSURE VEIN\nPrimary mode of Origin : HYDROTHERMAL\nPrimary Ore Control : IGNEOUS\nSecondary Ore Control : FAULTING\nDegree of Wallrock Alter. : MODERATE\nType of Wallrock Alter. #1 : INTERM ARGILLIC Date of Last Modification : 830502, Total Surface Area (HA) : 200Date of Last Modification : 910418, Total Surface Area (HA) : 85\nPrevious Surface Area (HA) : 85\nReclaimed Surface Area (HA): 15\nDate of Last Modification : 920629, Ore Genesis: Hydrothermal\nOrebody Typer: Disseminated, Vein (Lode)\nOre minerals: Charcocite, Bornite, Covellite, Malachite, Azurite, Chrysocolla\nClass of Ore: Sulfide, Carbonate, Silicate, Native\nGangue mineral: Cuprite","Underground, Surface",,,"Miami Concentrator, Miami Pit, Old Dominion, Miami Property, Miami Leach, Magma No. 2 Tailings, Miami No. 2 Tailings, Old Miami, Miami Tailings",,"Anderson, Claire, Intermountain Field Operations Center (IFOC), Hite, Alan G., ADMR, Sachiko Tanikawa, Dolzani, Roger L.","""Schultze Granite"", ""Pinal Schists""","Quartz Monzonite,Schist",,,,,"Burgin,L B,1976 Time Required In Developing Selected Copper Mines, Bur Of Mines Ic 8702, P60-84(Production Records and Historical Development)Wall Street Journal 4/21/69 (Exploration)Arizona Republic 12/30/69,P. 25 (Exploration)American Metal Market 1/5/70 (Exploration)Magma Copper Co. Sec Form 10-K Reports For The End Of Years 1989-1991.Walenga, Karen. Project To Recover 125 Million Pounds Of Copper. Paydirt Mag. (Southwestern Ed.). March 1988, Pp. 4a-6a.Newmont Mining Corp. Annual Report 1982. P. 3.Arizona Paydirt. Miami East Underground Mine Is To Begin Production In July. Jan. 1982, Pp. 7-10.Zach, R. Pinto Valley Copper Co., Personal Contact, July 21,1983.Shank, R., Senior Engineer, Pinto Valley Copper Co.,Personal Contacts, July 22 And 26, 1983.Me 5/75 (Ore Body Size,Development, Mining Method, Milling)The Porter GeoConsultancy webpage for the Globe-Miami District contain detailed descriptions of the geology. Accessed on 7/27/2010 http://www.portergeo.com.au/index.aspPeterson,N P,1962, Geology and Ore Deposits Of The Globe-Miamidistrict, Arizona: USGS Prof Pa 342. (Deposit Maps and Cross-Sections)Ransome, L,1919, The Copper Deposits Of Ray and Miami, Arizona: USGS Prof Pa 115. (Lands and Deposit Description)Olmsted and Johnson, 1966, In Titley and Hicks, Univ Of Az Press.Peterson, N.P. (1962), Geology and ore deposits of the Globe-Miami District, Arizona, USGS PP 342: 83-88.Baer,R L,1977, Trip Notes From Visit To Miami Mine, Bom-IFOC September, 1977 (Detailed Information About Operation)Fletcher,J B,1971, In-Place Leaching, Miami Mine, Miami,Arizona, Aime Preprint 71-As-40, 13p.(Description Of Operation. Solution Strengths)At The Miami Mine, Miami Copper Company, Gila County, Arizona, Bur Of Mines 8271, 96p. (Leach Operation Description)Mc Waters, Tom. Developing Magma'S Tailings Leach Operation Min. Eng. Mag., Sep. 1990, Pp. 1075-1080.Hardwick,W R,1967, Fracturing A Deposit With Nuclear Explosives and Recovering Copper By The In-Situ Leach Method, Bur Of Mines Ic 6996, P6-8. (Description Of Leach Equipment)Magma Copper Company 1993 Annual Report. P. 8.Magma Copper Co., 1994 10-K, P.19-20.Magma Copper Company Sec Form 10-K Rept, Dec 31, 1993, P. 18 Copper Industry Of Arizona.  P. 49.ZMagma Copper Co., 1994 10-K, P.19.Magma Copper Co. Sec Form 10-K Report, Dec 31, 1992, P. 21.Titley, S.R., 1992, Evidence for crustal controls of metallogeneis in epigenetic ores of the Southern Cordillera, United States and Mexico: Society of Mining, Metallurgy, and Exploration Annual Meeting Preprint 920-210, 11p.Paydirt 4/70 (Development)Trip Notes From Arizona Dmr 10/73 (Development)Skillings 7/75 (Development)Mining Magazine 9/75 (Development, Production Rate)Cities Service Annual Report 1974 (Production Plans)Skillings 1/75 (Tailings Fill)",,,,,,1969,,,porphyry_subset
10067172,Mineral Butte Prospect,33.11398,-111.58,United States,Arizona,Pinal,Copper,"Gold, Molybdenum",,Prospect,53: Porphyry Cu,5|3: Porphyry Cu,True,True,B,https://mrdata.usgs.gov/mrds/show-mrds.php?dep_id=10067172,U504079,,NA,M,Unknown,Porphyry Cu,N,"Chalcopyrite, Pyrite, Chrysocolla",,,,,,,,Mineralization In Granite Near Contact With Quartz Monzonite,"Peterson, Jocelyn A.","""Oracle Granite"", ""Pinal Schist""","Granite,Schist",,"Diabase,Quartz Monzonite",,,"Chaffee, M.A., 1976, Geochemical exploration techniques based on distribution of selected elements in rocks, soils, and plants, Mineral Butte copper deposit, Pinal County, Arizona: U.S. Geological Survey Bulletin 1278-D, 55 p.BALLA, 1972, PHD THESIS, UNIV OF AZ.ABGMT FILE DATA.Wilson, E., 1969, Mineral deposits of the Gila River Indian Reservation, Arizona, Arizona Bur. Mines Bull. 179, 34p.CIMRILong, K.R., 1995, Production and reserves of Cordilleran (Alaska to Chile) porphyry copper deposits, in Pierce, F.W., and Bolm, J.G., eds., Porphyry copper deposits of the American Cordillera: Tucson, Arizona Geological Society Digest 20, p. 35-68.",,,,,,,1920-1953,,porphyry_subset
10113911,Mineral Park,35.36422,-114.15,United States,Arizona,Mohave,"Silver, Molybdenum, Copper",Gold,,Producer,79: Porphyry Cu-Mo85: Polymetallic veins,7|9: Porphyry Cu-Mo|8|5: Polymetallic veins,True,True,A,https://mrdata.usgs.gov/mrds/show-mrds.php?dep_id=10113911,W002675,40150001,NA,M,Surface,"Porphyry Cu-Mo, Vein, polymetallic, porphyry Cu-related",,"Chalcocite, Chalcopyrite, Copper, Molybdenite, Bornite, Cuprite, Galena, Malachite, Pyrite, Sphalerite, Turquoise",,,,Surface,,,Ithica Peak,,"Buckingham, David A.","""Cerbat Complex"", ""Diana Granite"", ""Ithaca Peak Stock"", ""Gross Peak Stock""","Schist,Gneiss,Granite,Diorite,Quartz Monzonite",Rhyolite Dikes,Rhyolite,,,"Mauger, R.L. and Damon, P.E., 1965, K-Ar ages of Laramide magmatism and copper mineralization in the southwest; Annual Progress Report, Atomic Energy Commission, Publication C00-689-50.Olson, A.E., and Keane, J.M., 2006, National Instrument 43-101 Technical Report Preliminary Feasibility Study on Phase I & Phase II Copper-Moly Milling Expansion Mineral Park Mine Mohave County, Arizona, prepared for Mercator Minerals Ltd, December 29, 2006, 213 p.SCHMITT, H.A. THE PORPHYRY COPPER-MOLYBDENUM ORE DEPOSITS AT MINERAL PARK, ARIZONA, AIME MEETING, 12/3/62.JANCIC,T., MINE DEVELOPMENT AT MINERAL PARK, AMERICAN MINING CONGRESS, AMC MEETING, PORTLAND, ORE., SEPT. 13-16, 1964.DUVAL'S MINERAL PARK COPPER MINE, SKILLINGS MINING REVIEW, V. 56, NO. 34, AUG. 26, 1967, PP. 1-6.SMITH, A.E., DUVAL'S MINERAL PARK PROJECT, MINING CONGRESS JOURNAL, V. 52, NO. 6, JUNE, 1966, PP. 48-55.GOMEZ, A., DESCRIPTION OF DUVAL'S MINERAL PARK CONCENTRATOR,PRESENTED BEFORE THE MINERAL DRESSING DIVISION, ARIZONA SECTION, AIME, MAY 6. 1966.ARIZONA DAILY STAR. FURLOUGHS HAVE HIT 10,000 COPPER MINERS,JULY 27, 1982PENNZOIL COMPANY.    1981 ANNUAL REPORT, P. 16.WORLD MINING. UNITED STATES OPEN PIT AND UNDERGROUND MINE TONNAGES, SEPTEMBER 1982, PP. 66-70.PENNZOIL COMPANY FORM 10-K 1981, P. 11.NIEMUTH, NYAL J. THE PRIMARY COPPER INDUSTRY OF ARIZONA IN 1981, SPECIAL REPORT NO. 5, ARIZONA DEPARTMENT OF MINERAL RESOURCES.MOHAVE CUSTON MILL PROJECT CARD FILE.ADMR ACTIVE MINE FILE.ANDERSON, C.A. AZ. B.M., 180, PP. 121, 136.PIERCE, H.S., AZ. B.M., 180, P362.SHEFFER, H., & LVEANS, L., USBM IC, #8341, PP. 6, 9-10.MCCUTCHAN, V., AZ. STATE MINE INSP. RPT., 1973, P14.BLM, AZ. MINE CLAIM FILE #13342.The Metals Economics Group (MEG) webpage for Mineral Park contains information about this deposit.  Accessed on 8/12/2010. \nhttp://www.metalseconomics.com/\nLang J R, Eastoe C J  1988 - Relationships between a Porphyry Cu-Mo deposit, base and precious metal veins, and Laramide intrusions, Mineral Park, Arizona: in    Econ. Geol.   v83 pp 551-567\nLang J R, Guan Y, Eastoe C J  1989 - Stable isotope studies of Sulfates and Sulfides in the Mineral Park Porphyry Cu-Mo system, Arizona: in    Econ. Geol.   v84 pp 650-662\nCook, A., and Martin, K., 1991, Mineral Park porphyry copper deposit, in Hollister, V.F., ed., Case histories of mineral discoveries, v. 3, Society for Mining, Metallurgy, and Exploration, Inc., Littleton, Colorado, p. 35?37Eidel, J.J., Frost, J.E., and Clippinger, D.M., 1968, Copper-molybdenum at Mineral Park, Mohave County, Arizona, in Ridge, J.D., ed., Ore deposits of the United States, 1933-1967, The Graton-Sales Volume: New York, American Institute of Mining and MetallurgyThe Porter GeoConsultancy webpage for Mineral Park contains a description of the geology. Accessed on 8/12/2010.\nhttp://www.portergeo.com.au/\nCYPRUS AMAX MINERALS COMPANY SEC FORM 10-K, 12/31/93, P 7.WILKINSON, W. H., L. A. VEGA AND S. R. TITLEY. 1982, GEOLOGY AND ORE DEPOSITS AT MINERAL PARK.    CH. IN ADVANCES IN GEOLOGY OF THE PORPHYRY COPPER DEPOSITS, SOUTHWESTERN AMERICA, ED. BY S.R. TITLEY. UNIVERSITY OF ARIZONA. TUSCON, ARIZONA, P. 523.CYPRUS AMAX MINERALS CO. SEC FORM 10-K REPT, 12/31/93, P. 7.BEARD, R. R. 1985, PRIMARY COPPER INDUSTRY OF ARIZONA IN 1985. AZ DEPT OF MINES & MIN RESOURCES SPECIAL REPORT NO 10. P. 61.CYPRUS AMAX MINERALS COMPANY FORM 10-K.  12/31/95.  P. 2.",,1965,,,,1906,,,porphyry_subset
10111429,Mission Mine,31.99234,-111.064,United States,Arizona,Pima,"Silver, Molybdenum, Copper","PGE, Gold, Lead, Zinc","Cadmium, Tungsten, Tin, Fluorine-Fluorite",Producer,"58: Porphyry Cu, skarn-related","5|8: Porphyry Cu, skarn-related",True,True,A,https://mrdata.usgs.gov/mrds/show-mrds.php?dep_id=10111429,M050387,,NA,B,Underground,"Porphyry Cu, Skarn related",L,"Bornite, Chalcocite, Chalcopyrite, Copper, Cubanite, Galena, Hematite, Magnetite, Molybdenite, Pyrite, Scheelite, Sphalerite, Chrysocolla, Tennantite","Clay, Chlorite, Diopside, Garnet",,"Irregular, Lenses, Veinlets",Surface,"Tactite, Hornfels, Leaching And Enrichment Confined To A Thin Layer","Hydrothermal-Metasomatic Fluids Migrating Through Altered Porphyry, Tactite, And Hornfels","Mission Porphyry Copper Deposit, East Pima, Mission - San Xavier - Eisenhower, Eisenhower Mine, Palo Verde, Mission ExtensionSan Xavier, East Pima Mine","Tactite And Hornfelsed Sedimentary Units, Particularly Limy Units,  Less In Argillite; Contact Of Papago Formation With Underlying Paleozoic Sedimentary Rocks; Low Angle Thrust Faults","ADMR, Bolm, Karen S., Peterson, Jocelyn A., Amaro, R., Intermountain Field Operations Center (IFOC), Schruben, Paul, Orris, Greta J., Anderson, Claire",Sherrer Formation ;,"Skarn (Tactite),Limestone",,Quartz Monzonite,"Thrust And Normal Faults, Nw Trending Anticline",Basin And Range,"Gale, R.E., 1965, The Geology Of The Mission Copper Mine, Pima Mining District, Arizona:  Stanford, Calif., Stanford University, Ph.D Thesis, 176 P.Cooper, J.R., 1960, Some Geologic Features Of The Pima Mining District, Pima County, Arizona:  U.S. Geological Survey Bulletin 1112-C, P. 63-103.Richard, Kenyon, And Courtright, J.H., 1959, Some Geologic Features Of The Mission Copper Deposit, In Heindl, L.A., Ed., Arizona Geological Society, Southern Arizona Guidebook Ii, P. 201-204.Kennison, J.E., 1966, The Mission Copper Deposit, Arizona, In Titley, S.R., And Hicks, C.L., Eds., Geology Of The Porphyry Copper Deposits, Southwestrn North America:  Tucson, University Of Arizona Press, P. 281-287.World Mining, 1972, Pima Mining Five Year Ore Production And Copper Sales:    Mining World, Jan 1972, P. 57.Keith, S.B., 1974, Index Of Mining Properties In Pima County, Arizona:    Arizona Bureau Of Mines Bulletin 189, P. 136.Walenga, Karen, 1989, Mission, Ray Expansion To Assure Copper Feed:    Overall Project Will Reduce Need For Outside Sources, Cut Costs:  Southwestern Pay Dirt, March 1989, P. 4a-8a.Dayton, S.H., 1988, Mission Today, Trim, Efficient, And In Third-Stage Growth:  Engineering And Mining Journal, V. 189, No. 9, P. 35-41.Argall, G., Jr., 1962, Asarco'S Mission Copper:  Mining World, V. 24, No. 1, P. 19-42.Niemuth, N.J., 1987, Arizona Mineral Development 1984-1986:  Arizona Department Of Mines And Mineral Resources Directory 29, 46 P.Elevatorski, E.A., 1983, Bulk-Tonnage Metal Deposits:  Dana Point, Calif., Minobras Mining Services, P. 165.1956 Direxpl AsarcShafiqullah, M. and Langlois, J.D., 1978, The Pima mining district, Arizona, a geochronologic update; in James, H.L., Callender, J.F., Wilt, J.C. and Clemons, R.E., eds., Land of Cochise, Southeast Arizona, New Mexico Geological Society and Arizona Geological Society, Field Conference Guidebook 29, p. 321-327.Vugteveen, R. Asarco Mining Operations in Arizona: CHM 110 Online course.  Accessed 8/26/2010\nhttp://elmhcx9.elmhurst.edu/~chm/onlcourse/chm110/outlines/haydencopper.htmlPorter T M  1998 - The Mission skarn porphyry copper deposit: in   Compilation from published literature and previous visits    (Unpub.)    9pTitley S R  1982 - Some features of tectonic history and ore genesis in the Pima mining district, Pima County, Arizona: in Titley S R 1983 Advances in Geology of the Porphyry Copper Deposits, Southwestern North America University of Arizona Press, Tucson    pp 387-406\nTitley S R,  1996 - Alteration of mineralized carbonate rocks in the epicrustal environment: in     Porphyry Related Copper and Gold Deposits of the Asia Pacific Region, Conf Proc, Cairns, 12-13 Aug, 1996, AMF, Adelaide,    pp 3.1 - 3.10\nEinaudi, M.T., 1982, Description of skarns associated with porphyry copper plutons, in Titley, S.R., ed., Advances in geology of the porphyry copper deposits, southwestern North America: Tucson, University of Arizona Press, p. 139-183.Williamson, R.L., and Poulton, M.M., 1995, The geology of the Mineral Hill area, Mission mine, Pima County, Arizona, in Pierce, F.W., and Bolm, J.G., eds., Porphyry copper deposits of the American Cordillera: Tucson, Arizona Geological Society Digest 20,The Porter GeoConsultancy webpage for the Mission Complex contains a lengthy description of the geology. Accessed on 8/16/2010.\nhttp://www.portergeo.com.au/\nJansen L J  1982 - Stratigraphy and structure of the Mission Copper deposit, Pima mining district, Pima County, Arizona: in Titley S R 1983 Advances in Geology of the Porphyry Copper Deposits, Southwestern North America University of Arizona Press, Tucson    pp 467-474\nKing J R  1982 - Geology of the San Xavier North Porphyry Copper deposit, Pima mining district, Pima County, Arizona: in Titley S R 1983 Advances in Geology of the Porphyry Copper Deposits, Southwestern North America University of Arizona Press, Tucson    pp 475-485CimriAcarco Mining operations in Arizona. Mission Mine, Tuscon. Accessed 06-AUG-2009. http://www.elmhurst.edu/~chm/vchembool/330copper.htmlKeith, 1974, Greeley, 1978; Asarco, 1969Long, K.R., 1995, Production and reserves of Cordilleran (Alaska to Chile) porphyry copper deposits; in Pierce, F.W. and Bolm, J.G., eds., Porphyry Copper Deposits of the American Cordillera, Arizona Geological Society, Digest 20, p. 35-68.Greeley, 1978; Walenga, 1989, P. 5a and 6a; Niemuth, 1987.USBM Minerals Yearbook 1957-89; Asarco 1961-71 Annual Reports and 1972-96 SEC Form 10K; PCIA 1975-94Asarco 1996 SEC Form 10K",,1961,,,,1953,,Asarco,porphyry_subset
10282444,Morenci Mine,33.089,-109.354,United States,Arizona,Greenlee,Copper,"Gold, Silver, Molybdenum, Gemstone","REE, Zinc, Uranium, Lead, Talc-Soapstone, Gypsum-Anhydrite, Garnet",Producer,79: Porphyry Cu-Mo,7|9: Porphyry Cu-Mo,True,True,A,https://mrdata.usgs.gov/mrds/show-mrds.php?dep_id=10282444,M002216,40110018,NA,M,Surface,Porphyry Cu-Mo,,"Chalcocite, Chalcopyrite, Andradite, Argentite, Molybdenite, Pyrite, Sphalerite, Stromeyerite, Azurite, Chrysocolla, Copper, Covellite, Cuprite, Gold, Malachite, Galena","Allophane, Alunite, Goethite, Gypsum, Hematite, Jarosite, Magnetite, Nontronite, Opal, Talc, Tremolite","Tenorite, Turquoise",ELLIPTICAL,Surface/Underground,,Complex Progressively More Silicic Intrusions Carried Sulfide Phases Into Fractures Created By Older Pulses.,"Morenci-Metcalf, Clay Ore Body","Ne Trending Fissures, Veining, Crackling","Carbonaro, Marguerite M., Orris, Greta J., Peterson, Jocelyn A., Geroyan, Rena","""Mulit-phase intrusions"", ""Coronado Quartzite; Longfellow Limestone; Morenci Limestone; Modoc Limestone and Pinkard Formation""","Quartz Monzonite,Limestone","""Granite-Granodiorite Complex "", ""Pinal Schist""","Granite,Schist",,,"McDowell, F.W., 1971, K-Ar ages of igneous rocks from the western United States; Isochron/West: A Bulletin of Isotopic Geochronology, v. 2, p. 1-16.Holick, P.A., and Wood, S.A., 1999, Fluid-inclusion study of the Morenci porphyry copper deposit, Arizona; metal content of the ore-forming brine (abs.): Geological Society of America, Abstracts with Programs, v. 31, no. 7, p. 404.BUTLER & WILSON, 1938, ABM BULL. 145, P. 72-80.LANGTON, 1971, AIME TRANS., V. 254, P. 247-257.LINDGREN, 1905, USGS PROF PAPER 43.PHILIPS AND OTHERS, 1990.PEIRCE, H.W., 1990, ARIZONA GEOLOGICAL SURVEY INDUSTRIAL MINERAL CARD FILES.TITLEY AND HICKS, 1966, GEOLOGY OF THE PORPHYRY COPPER DEPOSITS IN SOUTHWESTERN NORTH AMERICA, P. 221-231.BLAIR, GERRY, 1992, THE ROCKHOUND'S GUIDE TO ARIZONA:  HELENA, MONTANA, FALCON PRESS, 165 P.PHILLIPS, K.A., 1987, ARIZONA INDUSTRIAL MINERALS:  ARIZONA DEPARTMENT OF MINES AND MINERAL RESOURCES MINERAL REPORT 4, 185 P.PAYDIRT, 1981, PHELPS DODGE, A COPPER CENTENNIAL, 1881-1981.  192 P.PHELPS DODGE TODAY, 1979, AUGUST, V.1, NO. 1 (MOLY PLANT).PHELPS DODGE TODAY, 1980, SEPTEMBER, V.2, NO. 3 (NEW FLOT.COST)U.S. BUREAU OF MINES, 1979, CAPITAL AND OPERATING COSTPHELPS DODGE HAS SOMETHING TO SMILE ABOUT. E&MJ AUG. 1987, PP. 24-31.PAY DIRT JAN 1986 P19A AND DEC. 1987 PP4A&5A.PHELPS DODGE 1986 ANNUAL REPORT EINAUDI, MARCO T.,  IN ""ADVANCES IN GEOLOGY OF THE PORPHYRY COPPER DEPOSITS-SOUTHWESTERN NORTH AMERICA"", 1982, UNIVERSITY OF ARIZONA    PRESS, P.168,169.WALENGA, KAREN, SX-EW PRODUCTION DOUBLED TO 200 MILLION 25PPY,  SOUTHWESTERN PAY DIRT, 4/90, P.4A-6A.PHELPS DODGE CORP., NEWS RELEASE, 12/19/90, 2PP.EPLER, BILL, PHELPS DODGE FINDS 150 MILLION MORE TONS OF ORE  AT MORENCI, SOUTHWESTERN PAY DIRT, 1/91, P.3A.EPLER, BILL, PHELPS DODGE RELOCATES HIGHWAY AT MORENCI MINE,  SOUTHWESTERN PAY DIRT, 7/91, P.4A-6A.DILLARD, GARY, FOUR MAJOR OREBODIES WILL SHOULDER THE LOAD,  SOUTHWESTERN PAY DIRT, 11/91, P.4A-14A.CARTER, RUSSELL A., EXPANSION ALMOST COMPLETE AT ARIZONA'S  MISSION AND MORENCI MINES, ENGINEERING AND MINING JOURNAL,  2/92, C14-C16.DILLARD, GARY, HEFTY CRAWLER RIG MOVES 3,000 TONS OF PARTS,  SOUTHWESTERN PAY DIRT, 3/92, P.4A-9A.DILLARD, GARY, PD HITTING A MILLION POUNDS A DAY OF ELECTRO-  WON, SOUTHWESTERN PAY DIRT, 7/92, P.4A-8A.MINING RECORD, 8/5/92, P.3.METAL BULLETIN MONTHLY, 8/92, P.47.DOWALL, WILLIAM M., AND LINDE, TERRY B., MORENCI'S IN-PIT  CRUSHING AND CONVEYING SYSTEM, MINING ENGINEERING, 3/93, P.257-262DILLARD, GARY, PHELPS DODGE IS CONTEMPLATING SX-EW EXPANSION  AT MORENCI, SOUTHWESTERN PAY DIRT, 5/94, P.3A,8A.PHELPS DODGE CORP, NEWS RELEASE, 6/9/94, P.1.METALS WEEK, 6/13/94, P.1,5.CANEY, DEREK J., PD SETS $200M FOR MINE EXPANSION, AMERICAN  METAL MARKET, 6/14/94, P.16.SKILLINGS', 6/18/94, P.11.MINING RECORD, 6/22/94, P.1.SOUTHWESTERN PAY DIRT, 7/94, P.3A.RHOADES, DAVID, TWO NEW P&H 40-YARDERS HELP BOOST PRODUCTION, SOUTHWESTERN PAY DIRT, 7/94, P.5A-7A.SNIDER, T.R., MORENCI SOUTHSIDE WILL ADD 150 MILLION POUNDS    OF CATHODE, SOUTHWESTERN PAY DIRT, 8/94, P.3A.DILLARD, GARY, CHALLENGES OF 2 SAFFORD PROJECTS APPEAR    WITHOUT STANDING, SOUTHWESTERN PAY DIRT, 2/95, P.9A,10A.MINING RECORD, V 106/N 28, 7/12/95, P.8.The Metals Economics Group website has a page covering the Morenci mine. http://www.metalseconomics.com/Enders M S, Knickerbocker C, Titley S R and Southam G,    2006 - The Role of Bacteria in the Supergene Environment of the Morenci Porphyry Copper Deposit, Greenlee County, Arizona : in    Econ. Geol.   v101 pp 59-70.Melchiorre E B, Enders M S  2003 - Stable isotope geochemistry of Copper Carbonates at the Northwest Extension deposit, Morenci district, Arizona: implications for conditions of supergene oxidation and related mineralization: in Econ. Geol. v98 pp 607-621Moolick R T, Durek J J  1966 - The Morenci district: in Titley S R, Hicks C L 1966 Geology of the Porphyry Copper Deposits, Southwestern North America University of Arizona Press, Tucson pp 221-231.TITLEY,S.R.,HICKS,C.L.,1966; GEOLOGY OF THE PORPHYRY COPPER DEPOSITS SOUTHWESTERN NORTH AMERICALANGTON,J.M.,2/72;ORE GENSIS IN THE MORENCI-METCALF DISTRICT AIME TRANSACTIONS VOL 254 9/73Enders, M.S., Titley, S. R. and Hertle, M. P., 1997, Thick supergene enrichment blankets - lessons from the Morenci District, Arizona; Mining Engineering, vol. 49, no. 11, Supplement, 62 p.Einaudi, M.T., 1982, Description of skarns associated with porphyry copper plutons, in Titley, S.R., ed., Advances in geology of the porphyry copper deposits, southwestern North America: Tucson, University of Arizona Press, p. 139-183.Enders, M.S., 2000, The evolution of supergene enrichment in the Morenci porphyry copper deposit, Greenlee County, Arizona: Tucson, University of Arizona, Ph.D. dissertation, 517 p.Enders, M.S., Knickerbocker, C., Titley, S.R., and Southam, G., 2006, The role of bacteria in the supergene environment of the Morenci porphyry copper deposit, Greenlee County, Arizona: Economic Geology, v. 101, p. 59-70.Melchiorre, E.B., and Enders, M.S., 2003, Stable isotope geochemistry of copper carbonates at the northwest expension deposit, Morenci district, Arizona: indications of conditions of supergene oxidation and related mineralization: Economic Geology, v. 98, p. 607?621.The Porter GeoConsultancy website has a webpage covering the Morenci mine. http://www.portergeo.com.au/database/mineinfo.asp?mineid=mn741CIMRIFreeport-McMoRan 2008 Form 10-KSinger, D.A., Berger, V.I., and Moring, B.C., 2008, Porphyry copper deposits of the world: database and grade and tonnage models, 2008: U.S. Geological Survey Open-File Report 2008-1155, 45 p. http://pubs.usgs.gov/of/2008/1155/PHELPS DODGE CORP., 1993 FORM 10-K, P.12.PHELPS DODGE CORP., 1994 FORM 10-K, P.12,14.PHELPS DODGE CORP., 1994 ANNUAL REPORT, P.14.PHELPS DODGE CORP., 1994 ANNUAL REPORT, P.22.PHELPS DODGE CORP., 1995 FORM 10-K.GREELEY, 1976, P. 86; 1990 ESTIMATE FROM PHILIPS AND OTHERS, 1990.",,1942,,,,1865,,,porphyry_subset
10283204,New Cornelia Ajo,32.354,-112.869,United States,Arizona,Pima,Copper,"Zinc, Silver, Molybdenum, Gold, Semiprecious Gemstone","Iron, Niobium (Columbium), Titanium, Rubidium",Past Producer,53: Porphyry Cu,5|3: Porphyry Cu,True,True,A,https://mrdata.usgs.gov/mrds/show-mrds.php?dep_id=10283204,M002273,40190008,NA,M,Surface,Porphyry Cu,,"Bornite, Chalcocite, Chalcopyrite, Chrysocolla, Gold, Malachite, Molybdenite, Silver, Covellite, Hematite, Ilmenite, Magnetite, Pyrite, Rutile, Shattuckite, Tenorite","Kaolin, Quartz, Talc",,,"Surface, Surface/Underground",,,"New Cornelia Mine, Ajo Mine",,"Cox, Dennis P., Johnson, Kris H. (Creasey, S.C.), Gest, Don E., Peterson, Jocelyn, Anderson, Claire, Rcs/Lmo","""Chico Shuni (Cornelia)"", ""Locomotive Fanglomerate""","Quartz Monzonite,Alluvium,Volcanic Rock (Aphanitic)",Cornelia Pluton,Quartz Monzonite,,,"WORLD MINING.  SEPT. 1981, P. 50, & SEPT. 1982, P. 70. (1977-1981 PRODUCTION)GILLULY, 1946, USGS PP 209.DIXON, 1966, IN TITLEY & HICKS, UNIV OF AZ PRESS, P. 123-132.BELL, 1930, USBM IC 6303.GEOLOGY OF THE PORPHYRY COPPER DEPOSITS SOUTHWESTERN NORTH AMERICA BY TITLY AND HICKS, 1966.HARDWICK, 1960, USBM IC 7938.MINING METHODS AND COSTS AT THE NEW CORNELIA BRANCH, PHELPS DODGE CORPORATION, AJO, ARIZ.-U.S.B.M. I.C. 6666,OCT,1932WADSWORTH, 1968, ECON GEOL, V. 63, NO. 2.ARIZONA PAY DIRT.  PHELPS DODGE ANNOUNCES PIT EXPANSION THAT WILL CARRY AJO MINE THROUGH 1980S.    AUGUST 1979, P. 30.PHELPS DODGE IS CONSTRUCTING MOLY PLANT AT AJO. APRIL 1980, P. 22.PHELPS DODGE BRINGING COPPER MINE, MILL AT AJO BACK ON LINE.  FEBRUARY 1983, FRONT COVER AND P. 5A.ARIZONA PAY DIRT (SUPPLEMENT).    AJO, IN PHELPS DODGE--A COPPER CENTENNIAL, 1881-1981.  SUMMER 1981, PP. 64-68, 70-71, 90-91, AND 180-181.PHELPS DODGE CORP.  1979 ANNUAL REPORT.  PP. 6-7.1981 ANNUAL REPORT.  P. 5.PHELPS DODGE TODAY (CORP. QUARTERLY PUB.).  AJO'S NEW ""MOLY"" PLANT GOES INTO PRODUCTION.  MARCH 1981, FRONT COVER AND P. 2.AJO'S NEW WASTE DUMP SYSTEM AND THE D-10 DOZER. SEPTEMBER 1981, P. 8.SW PAY DIRT, 8-90, P.7A.PHELPS DODGE CORP 1994 10-K, P.14.New Corenelia Copper Co. 1911-30 Annual reports; Phelps Dodge 1971-85 SEC Form 10K; USBM Minerals Yearbooks 1911-85; PCIA 1979-85Cox and others (2006),  Dixon (1966),  Gilluly (1946),  Long (1995),  McDowell (1971),  Niemuth (1994),  Trischka (1938),  Wilkinson and others (1999)Dixon D W  1966 - Geology of the New Cornelia Mine, Ajo, Arizona: in Titley S R, Hicks C L 1966 Geology of the Porphyry Copper Deposits, Southwestern North America University of Arizona Press, Tucson    pp 123-132\n \nHagstrum J T, Cox D P, Miller R J  1987 - Structural reinterpretation of the Ajo mining district, Pima County, Arizona, based on paleomagnetic and geochronologic studies: in    Econ. Geol.   v82 pp 1348-1361\nThe Metals Economics Group (MEG) webpage for the Ajo Mine contains information about this deposit.  Accessed on 8/17/2010. \nhttp://www.metalseconomics.com/\nThe Porter GeoConsultancy webpage for Ajo, New Cornelia contains a description of the geology. Accessed on 8/17/2010.\nhttp://www.portergeo.com.au/\nCIMRIPorter, T.M., 1998, An overview of the World's porphyry and other hydrothermal copper & gold deposits and their distribution; in Porter, T. M., ed., Porphyry and Hydrothermal Copper and Gold Deposits: a global perspective, PACRIM '98 Conference Proceedings, Australian Mineral Foundation, p. 3-17.Damon, P.E. and Mauger, R.L., 1966, Epeirogeny-orogeny viewed from the Basin and Range Province; Society of Mining Engineers, AIME Transactions, v. 235, p. 99-112.PHELPS DODGE CORP SEC FORM 10-K REPT. DEC 31, 1993. P. 14.PHELPS DODGE CORP 1995 ANNUAL REPORT, P.23.Phelps Dodge 1984 SEC Form 10KGILMOUR, P., 1982, GRADES AND TONNAGES OF PORPHYRY COPPER DEPOSITS: IN - ADVANCES IN GEOLOGY OF THE PORPHYRY COPPER DEPOSITS, SOUTHWESTERN NORTH AMERICA, ED. BY, S.R. TITLEY UNIV. AIR. PRESS, TUCSON, AZ, 1982.",,1917,,1985,,1750,,Spainards,porphyry_subset
10039895,North Silver Bell Mine,32.44094,-111.533,United States,Arizona,Pima,Copper,,"Lead, Zinc, Molybdenum",Past Producer,53: Porphyry Cu,5|3: Porphyry Cu,True,True,B,https://mrdata.usgs.gov/mrds/show-mrds.php?dep_id=10039895,M051069,,NA,M,Unknown,Porphyry Cu,S,"Chalcocite, Chalcopyrite, Molybdenite, Pyrite","Alunite, Barite, Fluorite, Garnet, Quartz",,IRREGULAR OVAL ELONGATE NW,,"Potassic, Phyllic, Propylitic, Variable Silicification",,,,"Peterson, Jocelyn A.",,Dacite,,Diorite,Abundant Close Fractures,,"BANKS, 1976, FIELD EXAMGUILBERT, 1979, SOC ECON GEOL PORPH CU FIELD SYMPOSIUMBANKS & DOCKTER, 1976, USGS MF-793",,,,,,,,,porphyry_subset
10039685,Oxide Mine,32.39705,-111.503,United States,Arizona,Pima,"Silver, Copper",Molybdenum,"Lead, Gold",Producer,53: Porphyry Cu,5|3: Porphyry Cu,True,True,B,https://mrdata.usgs.gov/mrds/show-mrds.php?dep_id=10039685,M050651,,NA,M,Unknown,Porphyry Cu,L,"Chalcopyrite, Copper, Cuprite, Pyrite",,,TABULAR,,"Argillic, Garnetized Limestone",Supergene Enrichment,"Oxide Open Pit Mine, Young AmericanYoung America, Silver Bell","Closely Spaced Parallel Fractures, Sheared And Garnetized Limestone  In Contact With Intrusives","Peterson, Jocelyn A.",,Limestone,,Dacite,Parallel Faults Cutting Across Major Wnw Fault Zone,,"RICHARD & COURTRIGHT, 1966, IN TITLEY & HICKS, UNIV OF AZ PRESSKERR, 1951, GSA BULL V 62 P 451-480HARDWICK, 1963, USBM IC 8153KEITH, 1974, ABM BULL 189, P. 143GALEY, 1979, SOC ECON GEOL, PORPHYRY CU FIELD CONF, 18 P.",,1885,,,,,,,porphyry_subset
60000891,Pima District,31.96682,-111.084,United States,Arizona,Pima,"Silver, Copper","Zinc, Lead",,Producer,"58: Porphyry Cu, skarn-related","5|8: Porphyry Cu, skarn-related",True,True,D,https://mrdata.usgs.gov/mrds/show-mrds.php?dep_id=60000891,K003361,,NA,M,Unknown,"PORPHYRY, SKARN",Y,,,,,,,,"San Xavier Mine, Pima Mine, Mission",,,,,,,,,"MCKNIGHT, E.T., NEWMAN, W.L., AND HEYL, A.V., JR. (COMPILERS), 1962, ZINC IN THE UNITED STATES, EXCLUSIVE OF ALASKA AND HAWAII: USGS MINERAL INV. RESOURCE MAP MR-19, SEPARATE TEXT, 18 P.WILSON, E.B., 1950, ARIZONA ZINC AND LEAD DEPOSITS: ARIZONA STAT BUREAU OF MINES BULL. 156, P. 39-51.HUTTL, J.B., 1958, HOW SCIENTIFIC EXPLORATION FOUND PIMA MINE: ENGR. AND MIN. JOUR., V. 159, NO. 3, P. 100-106.",,,,,,,,,porphyry_subset
10039593,Pima Open Pit Mine,31.98651,-111.073,United States,Arizona,Pima,Copper,"Silver, Molybdenum","Zinc, Lead, Gold",Producer,"58: Porphyry Cu, skarn-related85: Polymetallic veins","5|8: Porphyry Cu, skarn-related|8|5: Polymetallic veins",True,True,A,https://mrdata.usgs.gov/mrds/show-mrds.php?dep_id=10039593,M050388,,NA,M,Unknown,,L,"Bornite, Chalcocite, Chalcopyrite, Chrysocolla, Cuprite, Galena, Hematite, Magnetite, Malachite, Molybdenite, Sphalerite, Tennantite, Tenorite",Serpentine,,TABULAR,Surface,"Propylitic, Quartz-Sericite, Potassic, Skarn",Reaction Of Fluids From Porphyry Intrusion With Altered Sedimentar Y Units,,"Pre Ore Brecciation & Stockwork Fracturing, Wall Rock Lithologies.  Sulfides Preferentially Replaced Calc-Magnesian Silicates","Peterson, Jocelyn A., Orris, Greta J.","Colina Limestone, Epitaph Formation, Scherer Formation, Concha Li Mestone, All Of Naco Group;Whitcomb Quartzite, Angelica Arkose;Rodolfo Formation","Arkose,Limestone",Ruby Star Granodiorite;,Rhyolite,"Ew Post Mineralization Faulting, Jointing, San Xavier Thrust",Basin And Range,"HIMES, 1972, AIME ANN MTG REPORT NO 72-I-57.COOPER, 1960, USGS BULL 1112.CREASEY & KISTLER, 1962, USGS PP 450-D.HUFF, 1970, USGS BULL 1312-C.LACY & TITLEY, 1959, SO. AZ. GUIDEBOOK II.THURMOND,R., AND OTHERS, 1954, PIMA - A THREE PART STORY. GOLOGY, OPEN PIT, MILLING: MINING ENGINEERING, V. 10.USBM FILE DATAKEITH, 1974, ABM BULL 189, P. 137MAUGER, 1966, PHD THESIS, UNIV OF AZLANGLOIS, 1978, AZ GEOL SOC DIGEST VII, P. 103-113SAWYER, M.B., GURMENDI, A.C., DALEY, M.R., AND HOWELL, S.B., 1992, PRINCIPAL DEPOSITS OF STRATEGIC AND CRITICAL MINERALS IN ARIZONA:  U.S. BUREAU OF MINES SPECIAL PUBLICATION, 334 P.CIMRIMINING ENGINEERING, 1967; SAWYER AND OTHERS, 1992.",,1952,,,,1950,,,porphyry_subset
10037125,Pine Flat Mine,34.36394,-112.334,United States,Arizona,Yavapai,"Molybdenum, Copper","Silver, Gold",,Prospect,79: Porphyry Cu-Mo,7|9: Porphyry Cu-Mo,True,True,B,https://mrdata.usgs.gov/mrds/show-mrds.php?dep_id=10037125,M030504,,NA,M,Unknown,Porphyry Cu-Mo,N,"Barite, Chalcopyrite, Cuprite, Galena, Malachite, Molybdenite, Pyrite, Sphalerite, Tetrahedrite","Ankerite, Calcite, Kaolin, Limonite, Quartz, Selenite",,,,"Deuteric, Potassic, Phyllic, Propylitic",Minor Supergene Ennchment,"Circle Park, Bucksight, Circle peak, Patented Claims M S 1950, Old Pine Flat Camp","Breccia Zones, Intrusive Contacts","ADMR, Peterson, Jocelyn A., Anderson, Claire",Pine Flat Intrusive Complex,Quartz Latite,"""Spud Mountain Formation-member of the Big Bug Group of the Yavapai Supergroup"", ""Yavapai Supergroup""","Metavolcanic Rock,Metamorphic Rock","Overturned Anticline; Foliation Of Volcanics Trends N28e, Dips 72nw; Siliceous Breccia Zones",,"Spatz, D.M., 1995, Geology and zoning relationships at the Pine Flat porphyry copper deposit, Yavapai County, Arizona; in Pierce, F.W. and Bolm, J.G., eds., Porphyry Copper Deposits of the American Cordillera, Arizona Geological Society, Digest 20, p. 347-363.Anderson, C.A. and Blacet, P.M., 1972, Precambrian geology of the northern Bradshaw Mountains, Yavapai County, Arizona; United States Geological Survey, Bulletin 1336, 79 p.",,,,,<,1920,,,porphyry_subset
10258292,Pinto Valley,33.41228,-110.965,United States,Arizona,Gila,Copper,"Molybdenum, Gold, Silver, Gemstone","Rhenium, Barium-Barite, Fluorine-Fluorite",Producer,53: Porphyry Cu,5|3: Porphyry Cu,True,True,A,https://mrdata.usgs.gov/mrds/show-mrds.php?dep_id=10258292,M002863,40070010,NA,M,Surface,Porphyry Cu-Mo,,"Anglesite, Chalcanthite, Chalcocite, Chalcopyrite, Covellite, Cuprite, Galena, Gold, Malachite, Molybdenite, Pyrite, Silver, Sphalerite, Turquoise, Wavellite, Wulfenite","Barite, Calcite, Chlorite, Epidote, Fluorite, Gypsum, Kaolinite, Quartz, Sericite",Azurite,Massive,"Surface, Surface/Underground",,,"Pinto Valley Mine, Castle Dome Mine",,"Anderson, Claire, Peterson, Jocelyn A., Intermountain Field Operations Center (IFOC), Orris, Greta J., Ward, Doug",Lost Gulch Quartz Monzonite,"Quartz Monzonite,Diabase,Granite",,,,,"ARIZONA DEPT. OF MINES AND MINERAL RESOURCES.  PRIMARY COPPER INDUSTRY OF ARIZONA SPECIAL REPORTS, NOS. 8-10 AND 13. (1983-1986 PRODUCTION)WORLD MINING.  SEPTEMBER 1983, P. 68. (1979-1982 PRODUCTION)_____.  AUGUST 1979, P. 57. (1975-1978 PRODUCTION)WORLD MINING YEARBOOK, CATALOG, SURVEY, AND DIRECTORY NUM-BURGIN, L.B.,1976, TIME REQUIRED IN DEVELOPING SELECTED ARIZCITIES SERVICE 1981 ANNUAL REPORT, P.49.E/MJ 6/75 (MILL EQUIP LIST, REAGENT)E/MJ 7/75 (POWDER FACTOR, DRILLING, CUT-OFF GRADES)E/MJ 6/77 (TIRE LIFE, BUILDING SITES)E/MJ INTERNATIONAL DIRECTORY OF MINING & MINERAL PROCESSINGMIN ENG 6/75 (GEOL.,EXPLOR.,PREPROD.,CONC. GRADE,CONC. PROD,MIN MAG 11/75 (GEOL., EXPLOR., WATER SUPPLY)PAYDIRT 8/28/72 (MINING EQUIP.)PAYDIRT 6/75 (GEOL., PREPROD., DRILLING, MAINTENANCE)PAYDIRT 4/25/77 (CAPACITIES)PETERSON,N P, ET AL, 1951, GEOLOGY & ORE DEPOSITS OF THESKILL 5/13/72 (CAPACITY, POWER)SKILL 4/28/73 (WATER SUPPLY)SKILL 1/4/75 (BUILDING SIZES)SKIL 7/15/75 (LANDS, PREPROD., MOLY CONC. GRADE, DRILLING,TRIP NOTES BY R BAER 10/20/77 (BLASTING, MINING, MINE EQUIP,WORLD MIN 9/75 (ENVIR.)MAGMA COPPER COMPANY, PINTO VALLEY DIVISION.  PERSONAL COM-PETERSON, N. P.  GEOLOGY AND ORE DEPOSITS OF THE GLOBE-MIAMIU.S. GEOLOGICAL SURVEY.    GLOBE QUADRANGLE (TOPOGRAPHIC MAP),_____.  INSPIRATION QUADRANGLE (TOPOGRAPHIC MAP), ARIZONA._____.  MESA QUADRANGLE (TOPOGRAPHIC MAP), ARIZONA.  1 DEG.ZABURUNOV, STEVEN A., MAGMA INDEPENDENCE: OLD RESOURCES, NEWEPLER, BILL, PINTO VALLEY CLAIMS LARGEST- 25,000 GALLONS-MAGMA COPPER CO., MAGMA UPDATE, 7/91, P.7.SOUTHWESTERN PAY DIRT, MILL RECOVERIES AND EFFICIENCIESMAGMA COPPER CO., PINTO VALLEY DIV., COMPANY HANDOUT, DATE ?ENVIROMET, CORPORATE PROFILE: MAGMA COPPER CO., 10/94, P.8.PIO, JOHN, PINTO VALLEY SETS 9 PRODUCTION AND COST RECORDSPETERSON, N.P., 1962, GEOLOGY AND ORE DEPOSITS OF THE GLOBE-MIAMI DISTRICT, ARIZONA: USGS PP 342, P. 88.PETERSON, N.P., GILBERT, C.M., AND QUICK, G.L., 1951, GEOLOGY AND ORE DEPOSITS OF CASTLE DOME AREA, GILA COUNTY, ARIZONA: USGS BULL 971, 134 P.PETERSON, ET AL, 1946, ECON GEOL V. 41, P. 820-840.ABM FILE DATA.ABGMT CLIPPINGS FILE.ABGMT-USBM FILE DATA.PHILLIPS, K.A., BEARD, R.R., NIEMUTH, N.J., AND BARN, D.R., 1991, ACTIVE MINES IN ARIZONA--1992: AZ DEPARTMENT OF MINES AND MINERAL RESOURCES DIRECTORY 39, 20 P.PEIRCE, H.W., 1969, GEM MATERIALS, IN USGS, ABM, AND USBR, MINERAL AND WATER RESOURCES OF ARIZONA: ABM BULLETIN 180, USGS BULLETIN 871, P. 359-364.PHILLIPS, K.A., 1987, ARIZONA INDUSTRIAL MINERALS: ARIZONA DEPARTMENT OF MINES AND MINERAL RESOURCES MINERAL REPORT 4, 185 P.SAWYER, M.B., GURMENDI, A.C., DALEY, M.R., AND HOWELL, S.B., 1992, PRINCIPAL DEPOSITS OF STRATEGIC AND CRITICAL MINERALS IN ARIZONA: UNITED STATES BUREAU OF MINES SPECIAL PUBLICATION, 334 P.CIMRINEWMONT MINING CORPORATION, 1983, NEWS RELEASE DATED MARCHWORLD MINING, 1983, NEWMONT BUYS MIAMI OPERATIONS, JANUARYPETERSON, 1962; ABM FILE DATA; SAWYER AND OTHERS, 1992.MAGMA COPPER CO. SEC FORM 10-K REPT. 12/31/92, P.18.MAGMA COPPER CO., 1992 10K, P.18.MAGMA COPPER CO., 1994 10-K, P.19,20.MAGMA COPPER CO., 1993 10-K, P.17,18.Anonymous, 1975, Pinto Valley?another major porphyry copper open pit for Arizona: Mining Magazine, v. 133, no. 5, p. 344?351.BANNING,W.R., 1983, METALLURGICAL SUPERINTENDENT WITH PINTOBROWN,C.T., 1983, VICE PRESIDENT, METALS WITH PINTO VALLEYKENNEDY,A.D., 1983, MANAGER TECHNICAL SERVICES WITH PINTO",,1906,,,,1881,,,porphyry_subset
10210616,Ray Mine,33.18315,-110.992,United States,Arizona,Pinal,Copper,"Silver, Gold","Zinc, Lead, Molybdenum",Producer,79: Porphyry Cu-Mo,7|9: Porphyry Cu-Mo,True,True,A,https://mrdata.usgs.gov/mrds/show-mrds.php?dep_id=10210616,M000327,40210006,NA,M,Surface,Porphyry Cu-Mo,,"Bornite, Brochantite, Chalcocite, Chalcopyrite, Chrysocolla, Copper, Covellite, Cuprite, Galena, Malachite, Molybdenite, Pyrite, Silver, Sphalerite","Anhydrite, Calcite, Quartz",Tennantite,"horse-shoe shaped, concentric and symmetrical\nblanket",Surface,,,"Pearl Handle Pit, El Paso, Hayden",,"Peterson, Jocelyn A., Orris, Greta J., Schruben, Paul, Buckingham, David A.",Apache Group and the over-faulted older Pinal Schists,"Diabase,Schist",Granite Mountain Porphyry,Quartz Monzonite,,,"Kendrick, M.A., Burgess, R., Pattrick, R.A.D. and Turner, G., 2001, Halogen and Ar-Ar age determinations of inclusions within quartz veins from porphyry copper deposits using complementary noble gas extraction techniques; Chemical Geology, v. 177, p. 351-370.Banks, N.G. and Stuckless, J.S., 1973, Chronology of intrusion and ore deposition at Ray, Arizona; Part II, fission-track ages; Economic Geology, v. 68, p. 657-664.Metz, R.A., And Rose, A.W., 1966, Geology Of The Ray Copper Deposit, Ray, Arizona, In Titley, S.R., And Hicks, C.L., Eds., Geology Of The Porphyry Copper Deposits, Southwestern North America: Tucson, Ariz., University Of Arizona Press, P. 177-188.Phillips And Others, 1974, Economic Geology, V. 69, P. 1237-1250.Cornwall And Others, 1971-1972, USGS Map Gq-1021.Abgmt File Data.Dayton, S.H., 1988, Asarco Hits The Mark With Arizona Copper Expansion: Engineering and Mining Journal, V. 189, No. 9, P. 30-50.Walenga, Karen, 1989, Mission, Ray Expansion To Assure Copper Feed: Southwestern Paydirt, March 1989, P. 4a-8a.Phillips, K.A., Beard, R.R., Niemuth, N.J., And Bain, D.R., 1991, Active Mines In Arizona--1992: Arizona Department Of Mines And Mineral Resources Directory 39, 20 P.Sawyer, M.B., Gurmendi, A.C., Daley, M.R., And Howell, S.B., 1992, Principal Deposits Of Strategic And Critical Minerals In Arizona: United States Bureau Of Mines Special Publication, 334 P.Kennezonian, Summer 1977 (Exploration) Arizona Pay Dirt.  Kennecott Surprises Industry By Closing Ray, Chino Indefinitely.  March 1982, Front Cover And Pp._____.  Ray Has Been Consistent Producer From Underground, Openpit.  March 1982, Pp. 6-8 And 10-11.EandMj.  Kennecott'S New Sx Plant On Stream, In This Month In Mining.  June 1980, Pp. 35 And 39.Skillings' Mining Review.  M. M. Sundt Constructing Plant For Kennecott'S Ray Mines.  Mar. 31, 1979, P. 6.Sohio.  1982 Annual Report.  Pp. 27-28.Arizona Pay Dirt.  Kennecott Reopening Ray Mine And Mill, Calling Back Workers.  August 1983, Pp. 18a-19a.Asarco Incorporated. Personal Communication With Lee Osmon-Son By Company Representatives During Visit To The Ray Unit In March 1989.Epler, B.  Copper Firms Get Concessionary Contracts Without Strikes.    Southwestern Pay Dirt, August 1986, Pp. 12a-14a.Parsons, A. B.  Ray Consolidated.  Ch. In The Porphyry Coppers. The American Institute Of Mining And Metallurgical Engineers, New York, 1st Ed., 1933, Pp. 184-203.U.S. Geological Survey.  Hayden Quadrangle (Topographic Map), Arizona.    7.5 Minute Series, 1964, Scale 1:24,000._____. Mesa Quadrangle (Topographic Map), Arizona.  1 Deg. X 2 Deg. Series, 1978 Rev., Scale 1:250,000._____.  Sonora Quadrangle (Topographic Map), Arizona.  7.5 Minute Series, 1964, Scale 1:24,000._____.  Teapot Mountain Quadrangle (Topographic Map), Arizona--Pinal Co.  7.5 Minute Series, 1964, Scale 1:24,000._____.  Winkelman Quadrangle (Topographic Map), Arizona. 7.5 Minute Series, 1949, Scale 1:24,000.Walenga, K.  Kennecott'S Ray Mines Division Is Having A Tough Time.  Arizona Pay Dirt, June 1985, P. 3a._____.  Modifying Ray Sx-Ew To Treat Sulphide Leach. South Western Pay Dirt, February 1987, Pp. 4a-6a.O'Neil, Tim, Asarco: Plant Expansions And Modernizations Continue Amidst Company Restructuring, Mining Engineering, 6/89, P.430-434. Continue Amidst Company Restructuring, Mining Engineering, 6/89, P.430-434.Mining Engineering, 5/90, P.414.American Mining Congress Journal, 9/90, P.20.Skillings', 3/7/92, P.7.Mining Record, 3/11/92, P.5.Mining Engineering, 4/92, P.294.Dillard, Gary, Expansion Doubles Production, Lowers Costs, Southwestern Pay Dirt, No. 636, 6/92, P.4a-11a.Metal Bulletin Mounthly, 8/92, P.43.Mining Journal, V 319/ N 8185, 8/7/92, P.104.Dillard, Gary, Ray Greatly Expands Ore Reserves- Without Drilling A Hole, Southwestern Pay Dirt, 9/92, P.3a.Skillings', 8/8/92, P.13.Mining Record, 8/26/92, P.14.Kilburn, John, Ray Expansion Boosts Asarco Copper Output, Northern Miner, 11/23/92, P.1,2.Dillard, Gary, Ray Complex Is Hit Hardest By Rail Link WashOut, Southwestern, Pay Dirt, 2/93, P.4a-10a.Mcghee, S.A., Ray Modernization And Concentrator Expansion Project, Preprint Number 93-36, Sme Annual Meeting February 15-18, 1993, 7pp.Asarco Inc., Asarco Ray Complex- Ray Modernization And Concentrator Expansion Project, Project Description.Coughlin, Patrick J., Commissioning Asarco'S Ray Expansion, Mining Engineering, 7/94, P.637-640.Mining Record, V 105/ N 31, 8/17/94, P.6,7.Southwestern Pay Dirt, 2/95, P.3a.Caney, Derek J., Asarco Overcomes Ray Problems, American Metal Market, V 103/ N 30, 2/14/95, P.2.Caney, Derek J., American Metal Market, 8-9-95, P.2.E/Mj 6/77 (Size Of Ore Body)Force E R, 1998 - Laramide alteration of Proterozoic diabase: a likely contributor of Copper to Porphyry systems in the Dripping Spring Mountains area, southeastern Arizona: in Econ. Geol. v93 pp 171-183\nPorter, T.M., 1998, An overview of the World's porphyry and other hydrothermal copper & gold deposits and their distribution; in Porter, T. M., ed., Porphyry and Hydrothermal Copper and Gold Deposits: a global perspective, PACRIM '98 Conference Proceedings, Australian Mineral Foundation, p. 3-17The Porter GeoConsultancy webpages for Ray contain a very complete description of the geology. Accessed on 9/28/2010.\nhttp://www.portergeo.com.au/\nTitley and Hicks, 1966 Geology Of The Porphyry Copper Deposits (Geology Of Deposit)CimriAsarco Incorporated.  1986 Annual Report.  Pp. 5 And 24.Paydirt 5/18/70 (History Of Property, Mine Equip., Crushing Drilling, Trucks, Shovels)World Mining.  September 1981, P. 49. (1977-1980 Production)Skillings Mining Review. Asarco Curtails Operations At Ray Complex. Oct. 5, 1996. P.11.Arizona Dept. Of Mineral Resources.  Primary Copper Industry Of Arizona Special Reports, Nos. 5 And 6. (1981 And 1982 Production)Arizona Dept. Of Mines And Mineral Resources.  Primary Copper Industry Of Arizona Special Reports, Nos. 8-10, 13, And 14. (1983-1987 Production)E/Mj 6/77 (Exploration, Ore Body Dimensions, Mine Equip. Mill, Vat Leach, Dump Leach, Electrowinning, Railroad)Skilling 6/20/70 (Crushing, Vat Leach, Electrowinning)Kennecott Annual Report 1967 (Crusher)Ariz./N.M. Contractor 11173 (Flotation)Skillings 1/5/74 (Milling)Paydirt 6/23/76 (Milling Rate)Skillings 10/73 (Vat Leach Expansion, Cone Precipatators)Skillings 2/74 (Vat Leach Expansion)World Mining 6/76 (Vat Leach)Skillings 9/6/69 (Pilot Plant Cost)Kennezonian, Spring 1977 (Marketing Cathodes)Roman, Sheffer and Stone, 1978, Draft Ic ""Copper Leaching Practices In Western U.S."" (Dump Leach Description)Paydirt 11/22/76 (Solvent-Extraction Pilot Plant)Skillings 4/27/74 (Underground Leach)Paydirt 1/78 (Tailings Reclamation)Paydirt 4/71 (Water Diversion Project)Asarco, Inc., 1993 Annual Report. P. 5.Asarco, Inc., 1993 Form 10-K, P.A15,A18.Dayton, S. H.  Asarco Hits The Mark With Arizona Copper Expansion.    EandMj, September 1988, Pp. 30-50.Asarco Inc. 1995 Annual Report, P.7.Kennecott Annual Report 1966 (Surface Plant)World Mining 8/73 (Mine Equipment)Kennezonian, Spring 1978 (Drilling)Paydirt 3/25/74 (Mine Equip., Tailings, Expansion, Railroad)Baer,R.L. 1978, File Report-Ray Mine,Leach Plant, Concentrator and Smelter - Visited 4/18/78 (Information On All Phases Of Operation)",,1911,,,,1846,"1911-1966; 1981-1986, 1986-2006",The Army Of The West,porphyry_subset
10048337,Red Mountain Mine,31.50375,-110.719,United States,Arizona,Santa Cruz,"Aluminum, Copper","Molybdenum, Zinc, Lead","Gold, Potassium, Kaolin",Past Producer,53: Porphyry Cu,5|3: Porphyry Cu,True,True,A,https://mrdata.usgs.gov/mrds/show-mrds.php?dep_id=10048337,M899921,,NA,B,Unknown,Porphyry Cu,S,"Alunite, Bornite, Chalcocite, Chalcopyrite, Enargite, Kaolinite, Molybdenite, Pyrite, Sphalerite, Tetrahedrite, Gold","Anhydrite, Chlorite, Epidote, Magnetite, Pyrophyllite, Quartz, Sericite",,IRREGULAR,Surface/Underground,"High Pyritic Phyllic Alteration Surrounded By Pyritic-Argillic And Propyllitic Alteration; With Depth, Sulfur Decreases And Changes From Near-Surface Sulfur-Rich Phyllitic Alteration, Through Weak Potassic Alteration, To Low Sulfur Potassic Alteration At Depth.  Alunitization, Silicification.",Hypogene Enrichment Of Fractured Intrusives; Gossan And Some Oxidized Copper On Surface Indicates Surface Oxidationand Leaching; Felsic Volcanic Rocks Are Pervasively Altered Solfatarically,"Red Mountain Project, Ten Grand Mine, Gem, Carlton Property","Disseminations Of Chalcopyrite, Bornite, And Molybdenite In Porous Fractured Intrusives, At Great Depths","Rcs/Tad, Beougher, Dee (Spanski, Gregory T.), Orris, Greta J., Calder, Susan R.",,"Quartz Monzonite,Rhyolite",,Quartz Monzonite,"E-W And N-S Trending Faults In Tertiary Volcanics, In Patagonia Mountains - Dominant Structural Features Are Major Nw-Trending High-Angle Faults.  Includes Harshaw Creek Fault.  Patagonia Fault Is A Major Ne-Trending Fault.",Red Mountain Fault Block; Downthrow To North,"USBM Files; Red Mountain Mine, Red Mountain Project.Unpublished Data, Earth Sciences, Inc. (Obtained By R.B. Hall, U.S. Geological Survey, 1975).Admr File Data, Red Mountain.Simons, Frank S., 1972, Mesozoic Stratigraphy Of The Patagonia Mountains And Adjoining Areas, Santa Cruz County, Arizona:     USGS Professional Paper 658-E, P. 22.Schrader, Frank C., 1915, Mineral Deposits Of The Santa Rita And Patagonia Mountains, Arizona:  USGS Bulletin 582.Drewes, Harald, 1971, Mesozoic Stratigraphy Of The Santa Rita Mountains, Southeast Of Tucson, Arizona:  USGS Professional Paper 658-C, 81 P.Corn, R.M., 1975, Alteration-Mineratization Zoning, Red Mountain, Arizona: Economic Geology, Vol. 70, P. 1437-1447.Unpublished Data, 1979, Jan C. Wilt, U.S. Geological Survey.Abgmt Clippings File, Red Mountain Mining Co.Blm Mining District Sheet 721.Hall, R.B., 1978, World Nonbarite Aluminum Resources - Alunite:  USGS Pp 1076-A, P. A14.Raup, R.B., (1975), Geologic Map Elgin Quad [In Progress].Simons, F.S., 1974, Geologic Map And Sections Of The Nogales And Lochiel Quadrangles, Santa Cruz County, Arizona:  USGS Map I-762.Sawyer, M.B., Gurmendi, A.C., Daley, M.R., And Howell, S.B., 1992, Principal Deposits Of Strategic And Critical Minerals In Arizona:  United States Bureau Of Mines Special Publication, 334 P.World Mng., Oct.,76 (Discovery Method)Skillings Mng. Review, 3-26-77 (Information)USGS Bulletin 582 (General Info)E/Mj Vol.178 No.3 P.253 General InfoWilliams, S.A. and Forrester, J.D., 1995, Characteristics of porphyry copper deposits; in Pierce, F. W. and Bolm, J. G., eds., Porphyry Copper Deposits of the American Cordillera, Arizona Geological Society, Digest 20, p. 21-34.CimriMines Magazine, 11-70 (Ore Grade And Thickness)Pay Dirt, March 24,75 (General Info)Pay Dirt, Sept.28,70 (Grade, Depth, Thickness)Tucson Daily Citizen, 2-22-75 (Tonnage)",,,,,,1970,,,porphyry_subset
10283179,Sacaton,32.95465,-111.817,United States,Arizona,Pinal,"Molybdenum, Copper","Gold, Silver",,Past Producer,78: Porphyry Cu-Au,7|8: Porphyry Cu-Au,True,True,A,https://mrdata.usgs.gov/mrds/show-mrds.php?dep_id=10283179,M050669,40210005,NA,M,Underground,Porphyry Cu-Au,,"Antlerite, Brochantite, Chalcocite, Chalcopyrite, Chrysocolla, Covellite, Malachite, Molybdenite, Pyrite, Gold",,Azurite,Massive Tabular to Irregular,Underground,,,"Asarco, Casa Grande Mine",,"Peterson, Jocelyn A., Intermountain Field Operations Center (IFOC), Orris, Greta J., Anderson, Claire, Hite, Alan G.",Pinal Schist; Oracle Granite; Three Peaks Monzonite Porphyry; Sacaton Granite,Schist,,,,,"Long, K.R., 1995, Production and reserves of Cordilleran (Alaska to Chile) porphyry copper deposits; in Pierce, F.W. and Bolm, J.G., eds., Porphyry Copper Deposits of the American Cordillera, Arizona Geological Society, Digest 20, p. 35-68.Asarco Annual Reports, 1973 (P. 4), 1974 (Pp. 4-5, 18), And 1976 (Pp. 9, 18).Asarco'S New 40 Million Dollar Sacaton Unit Dedicated Today. Pay Dirt Mag., March 25, 1974, Pp. 1, 3-22.Asarco'S New Sacaton Unit To Go On Stream Early Next Year. Pay Dirt Mag., Nov. 26, 1973, Pp. 1, 3, 4.Calahan, G. Edward (Sacaton Mine Superintendent) And Jim Harasha (Sacaton Chief Mine Engineer), Personal Commuication, 1977, Comments On File At USBM, IFOC, Bldg. 20, Denver Federal Center, Denver, Co. 80225.New Arizona Copper Mine For Asarco, Mining Mag., Aug., 1974, P. 79.Sacaton-Asarco'S New Copper Mine In Arizona, Mining Mag., Feb., 1975, Pp. 90-7.Sacaton-How Asarco Discovered And Developed Its Newest Copper Mine, World Mining, Dec., 1975, Pp. 38-41.Sacaton Works Pit While Preparing To Go Underground, Engr. And Min. J., June, 1977, Pp. 105-6.Skillings, David N., Jr., Sacaton Porphyry Copper Project Of Asarco In Southern Arizona, Skillings Min. Review, Feb. 24, 1973, Pp. 1, 10-12.Cummings, R.B., 1982, Geology of the Sacaton porphyry copper deposit, Pinal County, Arizona; in Titley, S. R., ed., Advances in Geology of the Porphyry Copper Deposits, Southwest North America, University of Arizona Press, Tucson, Arizona, p. 507-521.Sawyer, M.B., Gurmendi, A.C., Daley, M.R., And Howell, S.B., 1992, Principal Deposits Of Strategic And Critical Minerals In Arizona: United States Bureau Of Mines Special Publication, 334 P.Cook S S and Porter T M, 2005 - The Geologic History of Oxidation and Supergene Enrichment in the Porphyry Copper Deposits of Southwestern North America,   in  Porter T M, (Ed),  Super Porphyry Copper and Gold Deposits: A Global Perspective,  v1  pp 207-242\nThe Porter GeoConsultancy webpage for Sacaton contains a description of the geology. Accessed on 9/28/2010.\nhttp://www.portergeo.com.au/\nReserve References - Asarco Form 10-K, 1979.Asarco 1979 SEC Form 10KKeith and others, 1983Asarco 1982-84 SEC Form 10KPcia 1982-84",,1974,,1984,,1961,,,porphyry_subset
10046235,Sacramento Mine,31.43708,-109.902,United States,Arizona,Cochise,"Silver, Gold, Copper",Vanadium,"Cadmium, Bismuth",Past Producer,"53: Porphyry Cu58: Porphyry Cu, skarn-related","5|3: Porphyry Cu|5|8: Porphyry Cu, skarn-related",True,True,B,https://mrdata.usgs.gov/mrds/show-mrds.php?dep_id=10046235,M241099,,NA,M,Unknown,Contact Metamorphic,M,"Bornite, Chalcocite, Chalcopyrite, Cuprodescloizite, Gold, Silver",Quartz,,IRREGULAR,"Underground, Surface",,,"Bisbee, Sacramento Hill mine",,"Laraba, Peter (Gest, Don E.), Zigler, Jan L., Schruben, Paul",Escabrosa Limestone,Limestone,Sacramento Hill Stock,Granite,,,"KEITH, S.B., 1973, ARIZONA BUREAU OF MINES BULLETIN 187, P. 89.BONILLAS, 1917, AIME TRANS, V. 55, P. 284-355Titley, S. R., 1993, Characteristics of porphyry copper occurrence in the American Southwest; in Kirkham, R.V., Sinclair, W.D., Thorpe, R.I. and Duke, J.M., Mineral Deposit Modeling, Geological Association of Canada, Special Paper 40, p. 433-464.Lowell, J.D. and Guilbert, J.M., 1970, Lateral and vertical alteration-mineralization zoning in porphyry ore deposits; Economic Geology, v. 65, p. 373-408.A succinct description of the ore geology was found at the Sacramento pit record of mindat.org on 7/20/2010.\nhttp://www.mindat.org/loc-6830.htmlKEITH, 1973, ARIZ. BUR. OF MINES BULL. 187.",,1917,,1931,,,,,porphyry_subset
10027031,Safford Deposit,32.94177,-109.606,United States,Arizona,Graham,"Copper, Molybdenum","Zinc, Lead, Silver, Gold",,Past Producer,53: Porphyry Cu,5|3: Porphyry Cu,True,True,A,https://mrdata.usgs.gov/mrds/show-mrds.php?dep_id=10027031,M001755,,NA,M,Surface-Underground,Porphyry Cu,N,"Antlerite, Bornite, Brochantite, Chalcanthite, Chalcocite, Chalcopyrite, Chrysocolla, Covellite, Cuprite, Galena, Gold, Malachite, Molybdenite, Pyrite, Sphalerite, Tenorite, Tetrahedrite, Turquoise","Alunite, Goethite, Hematite, Jarosite, Limonite, Magnetite, Quartz",,,Surface/Underground,"4 Hypogene Alteration Zones 1) Seritization & Silicification In Rhyolite, Latite, Quartz Latite, 2) Biotization In Andesite, 3) Chloritization, 4) Propylitic Alteration. Ore Body Is In Zones 1) & 2). Supergene Enrichment Has Taken Place To Average Depth Of 440 Ft","Shearing And Fracturing Of Older Andesites, Followed By Intrusion  Of Later Igneous Plugs And Porphyries Along Shear Zones. Shearing And  Fracturing Continued, Followed By Alteration And Iron And Copper Sulfide Mineralization. Deposit Later Enriched By Formation Of A Chalcocite  Blanket. It Was Subsequently Covered By Volcanics. Nw Block Faulting  Uplifted And Tilted Gila Mountains And Further Oxidized Deposit.","Kennecott Safford, Lone Star Mine",Ne Trending Shears Intruded By Dikes,"Orris, Greta J., Peterson, Jocelyn A.",,"Diorite,Rhyolite,Dacite,Latite",Lone Star Pluton,"Quartz Monzonite,Diorite","Lone Star Shear Zone 6000 Ft Wide And 16,000 Ft Long, Strikes N50- 65e, Steep To Vertical Dip",,"Robinson, R.F. & A. Cook (1966), The Safford copper deposit, Lone Star mining district, Graham County, Arizona, in S.R. Titley and C.L. Hicks (editors), Geology of the porphyry copper deposits, southwestern North America, University of Arizona Press, Tucson: 251-266.\nDunn, P.G. (1978) Geologic structure of the Safford district, Arizona, in Jenney, J.P., and Hauck, H.R., eds., Proceedings of the Porphyry Copper Symposium, Tucson, Arizona, March 18-20, 1976: Arizona Geological Society Digest: 11: 9-15.\nCook And Robinson, 1962, N. Mex. Geol. Soc. 13th Field Conf. Guidebook.Horsnail, R.F. (1978) Safford district, Graham County, Arizona, in Lovering, R.G., and McCarthy, J.H., Jr., eds., Conceptual models in exploration geochemistry; the Basin and Range Province of the western United States and northern Mexico: Journal of Geochemical Exploration: 9(2-3): 151-153, 241-243.\nUSGS Pp 424-C, P. 151-153.Abm Bull 180, P. 230-238.Yarter, W.V. (1981) Geology, geochemistry, alteration, and mass transfer in the Sol prospect, a sub-economic porphyry copper-molybdenum deposit, Safford district, Graham County, Arizona: Tucson, University of Arizona, M.S. thesis, 136 p.\nAdmr Sr No 2, P. 83-87.Laine, 1974, M.S. Thesis, Univ Of Az.Bolin, 1976, M.S. Thesi S, Univ Of Az.Dewhurst, 1976, M.S. Thesis, Univ Of Az.Valentine, 19??, M.S. Thesis, Univ Of Utah.World Mining, V. 29, No. 4, P. 139.Langton J M, Williams S A  1982 - Structural, petrological and mineralogical controls for the Dos Pobres orebody, Lone Star Mining District, Graham County, Arizona: in Titley S R 1983 Advances in Geology of the Porphyry Copper Deposits, Southwestern North America University of Arizona Press, Tucson    pp 335-352\nThe Porter GeoConsultancy webpage for Dos Pobres, Safford contains a description of the geology as of 8/4/2010.\nhttp://www.portergeo.com.au/Mindat.org contains a description of the Safford deposit as of 8/4/2010.\nhttp://www.mindat.org/loc-53634.htmlCimriWorld Mining, 1974, P. 139.",,,,,,1899,1899-1939,,porphyry_subset
10400314,Safford Mine,32.9468,-109.654,United States,Arizona,Graham,Copper,Gold,"Silver, Molybdenum",Producer,78: Porphyry Cu-Au,7|8: Porphyry Cu-Au,True,True,B,https://mrdata.usgs.gov/mrds/show-mrds.php?dep_id=10400314,,,NA,,Surface,Porphyry Cu-Au,,"Bornite, Chalcopyrite, Chalcocite, Chrysocolla, Curite, Malachite, Molybdenite, Pyrite",,,Irregular and Massive,,,,"Dos Pobres Mine, San Juan Mine",,W. D. Heran,"""San Juan Stock"", ""Safford Meta-volcanics""","Quartz Monzonite,Andesite,Quartz Diorite",,,,,"http://en.wikipedia.org/wiki/Safford_MineAnnual Review, 1996, Exploration overview, copper: Mining Engineering, May, p. 50.Langton J M, Williams S A 1982 - Structural, petrological and mineralogical controls for the Dos Pobres orebody, Lone Star Mining District, Graham County, Arizona: in Titley S R 1983 Advances in Geology of the Porphyry Copper Deposits, Southwestern North America University of Arizona Press, Tucson pp 335-352Lowell, J.D., 1989, Gold mineralization in porphyry copper deposits discussed: Mining Engineering, v. 41, no. 4, p. 227?231.Robinson, R.F., and Cook, A., 1966, The Safford copper deposit, Lone Star mining district, Graham County, Arizona, in Titley, S.R., and Hicks, C.L., eds., Geology of the porphyry copper deposits, southwestern North America: Tucson, University of Arizona PressWilliams, S.A., and Forrester, J.D., 1995, Characteristics of porphyry copper deposits, in Pierce, F.W., and Bolm, J.G., eds., Porphyry copper deposits of the American Cordillera: Tucson, Arizona Geological Society Digest 20, p. 21?34.",,2006,,,,,,,porphyry_subset
10039675,Saginaw Mine,32.14568,-111.079,United States,Arizona,Pima,"Copper, Silver","Gold, Lead, Zinc",Molybdenum,Past Producer,53: Porphyry Cu,5|3: Porphyry Cu,True,True,B,https://mrdata.usgs.gov/mrds/show-mrds.php?dep_id=10039675,M050631,,NA,M,Unknown,Porphyry Cu,S,"Cuprite, Malachite",,,,,"Limonite, Quartz, Sericite, Clay, Pyrite, Garnetized-Epidotized",,"Papago Queen, Gold Hill, Amole Group, Gold Mountain, Saginaw Hill",Quartz Veins As Siliceous Replacements Along Fractures In Limestone  Lenses In Arkose,"Anderson, Claire, ADMR, Peterson, Jocelyn A.",Amole Arkose,Arkose,"Saginaw Hill Porphyry, Latite",Latite,"Ne Trending Fractures, Brecciation",,"KINNESON, 1958, M.S. THESIS, UNIV OF AZ, 123 P.ASHLEY, R.P., 1974, FIELD EXAMKEITH, 1974, ABM BULL 189, P. 103ABM FILE DATAAriz Bur Mines Bull 189 P102 1974Abandoned Mines Site Investigations at Saginaw Hill Pime County, AZ: BLM Fact Sheet, June 2005. Accessed 28-JUL-2009. http://www.blm.gov/pgdata/etc/medialib/blm/az/pdfs/nepa/library/saginaw.Par.27395.File.dat/Saginaw_Hill_Fact_Sheet.pdf",,,,,,,,,porphyry_subset
10027008,San Juan Mine,32.94593,-109.653,United States,Arizona,Graham,Copper,"Gold, Silver",Molybdenum,Past Producer,53: Porphyry Cu78: Porphyry Cu-Au,5|3: Porphyry Cu|7|8: Porphyry Cu-Au,True,True,A,https://mrdata.usgs.gov/mrds/show-mrds.php?dep_id=10027008,M001705,,NA,M,Surface-Underground,Hydrothermal Stockwork,S,"Antlerite, Brochantite, Chalcocite, Chalcopyrite, Chrysocolla, Cuprite, Malachite, Molybdenite, Tenorite","Chlorite, Epidote, Hematite, Jarosite, Limonite, Magnetite, Pyrite, Quartz, Sericite",,IRREGULAR,Underground,"Potassic, Phyllic, Argillic, And Propylitic In Zones Out From Stock",Supergene Enrichment,Peacock,Ore In Veins And Fractures In Quartz Monzonite Porphyry With Some Disseminated Sulfides,"Long, Keith R., Peterson, Jocelyn A.",San Juan Stock,"Quartz Monzonite,Diorite",,,"San Juan Shear Zone 3000 Ft Wide, 9-10,000 Ft Long, Strike N50-65e  And Intersecting Shears",,"Greeley, 1978, Az. Dept. Min. Res., Spec. Rept. No 2, P. 83-87.Horsnail, 1978, Jour. Geochem. Expl., V. 9, Nos. 2-3, P. 241-243.Blake, 1971, M.S. Thesis, Univ. Of Az., 85 P.Dunn, 1978, Az. Geol. Soc. Digest, V. 11, P. 9-15.Robinson, R.F., And Cook, A., 1966, Safford Copper Deposit, Lone Star Mining District, Graham Co., Arizona, In Titley, S.R. And Hicks, C., Geology Of The Porphyry Copper Deposits, Southwestern North America: Tucson, University Of Arizona Press, P. 251-266.Metals Economics Group (MEG) Safford webpage contains information about the San Juan deposit as of 8/4/2010. \nhttp://www.metalseconomics.com/The Porter GeoConsultancy webpage for Dos Pobres, Safford contains a description of the geology as of 8/4/2010. \nhttp://www.portergeo.com.au/CimriAbm File DataGreeley, 1978, P.87; Keith, Unpub. Data Abm; Robinson And Cook, 1966.",,,,,,,,,porphyry_subset
10113259,San Manuel Mine,32.6837,-110.693,United States,Arizona,Pinal,Copper,"Vanadium, Zinc, Rhenium, Molybdenum, Lead, Silver, Gold",Titanium,Past Producer,53: Porphyry Cu,5|3: Porphyry Cu,True,True,A,https://mrdata.usgs.gov/mrds/show-mrds.php?dep_id=10113259,M050188,40210001,NA,M,Surface-Underground,Porphyry Cu-Mo,,"Chalcocite, Chalcopyrite, Chrysocolla, Cuprite, Gold, Molybdenite, Silver, Atacamite, Bornite, Copper, Covellite, Magnetite, Malachite, Pyrite, Rutile, Wulfenite","Alunite, Barite, Biotite, Chlorite, Fluorite, Goethite, Kaolinite, Quartz, Sericite",,"TABULAR, U-SHAPED","Surface, Underground",,,"Quarelli Group, Apex Lead & Vanadium Mining Corp., San Manuel / Kalamazoo, Magma Copper Copany PropertyKalamazoo",,"Schruben, Paul, Orris, Greta J., Peterson, Jocelyn A., Buckingham, David A.",,"Quartz Monzonite,Monzonite,Diabase",Oracle Granite-Quartz Monzonite,Diorite,,,"Creasey, S.C., 1966, Isotopic age of fresh and altered igneous rocks associated with copper deposits, southeastern Arizona; Geological Society of America, Special Paper 87, 39 p.McCandless, T.E. and Ruiz, J. 1992, Dating sulfide mineralization by molybdenite Re-Os geochronometry; the San Manuel-Kalamazoo base metal porphyry, southwestern Arizona; Geological Society of America, Abstracts with Programs, v. 24, no. 7, p. 299.THOMAS, 1966, IN TITLEY & HICKS, P. 133-142CREASEY & PELLETIER, 1965, USGS PP 471SCHWARTZ, 1953, USGS PP 256LOWELL, 1968, ECON GEOLOGY, V. 63, P. 645-654CREASEY, 1967, USGS BULL 1218LOWELL, J.D., AND GUILBERT, J.M., 1970, LATERAL AND VERTICAL ALTERATION-MINERALIZATION ZONING IN PROPHYRY ORE DEPOSITS: ECON. GEOL., V. 65, NO. 4, P. 373-408.MINING RECORD, 1972PAYDIRT, 1968BURKE, H.K., SHIRLEY, J.F., 1965, SAN MANUEL'S NEW PROCESS FOR MOLYBDENITE RECOVERY: MINING ENG. V. 17, NO. 3SAWYER, M.B., GURMENDI, A.C., DALEY, M.R., AND HOWELL, S.B., 1992, PRINCIPAL DEPOSITS OF STRATEGIC AND CRITICAL MINERALS IN ARIZONA: U.S. BUREAU OF MINES SPECIAL PUBLICATION, 334 P.1943 DIREXPL U.S.B.M.1944 DIREXPL MAGMA COPPER CO.1965 DIREXPL QUINTANSAN MANUEL'S NEW PROCESS FOR THE RECOVERY OF MOLYBDENITE BY HARRY K. BURKE AND JOSEPH F. SHIRLEY, SOCIETY OF MINING ENGINEERS, PREPRINT NO. 65810, 1965.NEWMONT MINING PROSPECTUS, 5-5-69, TONS AND GRADEFROM PUBLIC RELATIONS DEPT.:""THE PLANT"" AND ""THE MINE"" GENERAL INFORMATION PUBLICATIONS - EXCELLENT INFORMATIONMAGMA FACTS - 7-1-77, COMPANY LITERATURELATERAL AND VERTICAL ALTERATION-MINERALIZATION ZONING IN PORPHYRY ORE DEPOSITS BY J. DAVID LOWELL AND JOHN M. GUILBERT FROM ECONOMIC GEOLOGY, JUNE-JULY, 1970, NO. 4.ORE TRANSPORTATION AT SAN MANUEL BY C.F. CIGLIANA, MAY, 1958, MINING ENGINEERING.MINING, MILLING, AND SMELTING METHODS, SAN MANUEL COPPER CORP., PINAL COUNTY, ARIZONA, BY V.B. DALE,BUREAU OF MINES CORP., PINAL COUNTY, ARIZONA, BY V.B. DALE,BUREAU OF MINES I.C. 8104, 1962.HISTORY AND DEVELOPMENT OF THE SAN MANUEL MINE BY JOHN F. BUCHANAN AND FRANK H. BUCHELLA FROM: AIME VOL. 217, FEBRUARY, 1960.SAN MANUEL-ENGINEERING AND MINING JOURNAL, APRIL, 1956, P.75EPLER, BILL, STILL PROBLEMS, BUT THINGS ARE LOOKING UP AT MAGMA COPPER, SOUTHWESTERN PAY DIRT, 9/89, P.19A.WALENGA, KAREN, SX-EW PRODUCTION OF 37,000 TPY WILL KEEP RISING, SOUTHWESTERN PAY DIRT, 11/89, P.4A-6A.ZABURUNOV, STEVEN A., MAGMA INDEPENDENCE- OLD RESOURCES, NEW TECHNOLOGY, ENGINEERING AND MINING JOURNAL, 1/90, P.C30-C35.MAGMA COPPER CO., HISTORY AND DISCOVERY OF THE KALAMAZOO A FASCINATING STORY, FROM MAGMA UPDATE, SOUTHWESTERN PAY DIRT, 3/91, P.8A,9A.EPLER, BILL, FIRST PROJECT IN 1985 TOOK LOTS OF COURAGE, SOUTHWESTERN PAY DIRT, 6/91, P.4A-6A.MCGREGOR, DOUG, SAM MANUEL OXIDE AND SX-EW OPERATIONS EXPLAINED IN DETAIL, SOUTHWESTERN PAY DIRT, 6/91, P.7A-10A.SOUTHWESTERN PAY DIRT, 7/91, P.14A.MAGMA COPPER CO., MAGMA UPDATE, 7/91, P.7.EPLER, BILL, MAGMA AND UNIONS SIGN PACT TO CUT COSTS, EXTEND MINING, SOUTHWESTERN PAY DIRT, 8/91, P.6A.EPLER, BILL, MAGMA MAKING GOOD PROGRESS ON MITIGATING TAILINGS PONDS, SOUTHWESTERN PAY DIRT, 10/91, P.16A,17A.DONALDSON, JERRY, MAGMA'S TAILINGS RECLAIMATION AND VEGETATION WORK DETAILED, SOUTHWESTERN PAY DIRT, 10/91, P.18A-20A.SKILLINGS', 11/9/91, P.5.DILLARD, GARY, MAGMA NET EASES UPWARD DESPITE BIG COPPER ORICE DECLINE, SOUTHWESTERN PAY DIRT, 12/91, P.25A.SIEDENBURG, WILLIAM G., MAGMA COPPER COMPANY, SMITH BARNEY,8/25/92, 23PP.MINING ENGINEERING, 9/92, P.1086,1087.SEANEY, RICK, MAGMA'S KALAMAZOO TEAM HITS $4 PER TON, SHOOTING FOR $3.50, SOUTHWESTERN PAY DIRT, 1/93, P.3A.JENKINS, JACKSON G., COPPER HEAP LEACH- FROM PERMITS TO CATHODES, AIME-SME 1993 ANNUAL MEETING, FEBRUARY 15-18,1993, 93-279, 11PP.WALL STREET JOURNAL, 3/22/93, P.B5.DILLARD, GARY, MAGMA BOARD APPROVES $134 MILLION TO DEVELOPe LOWER K, SOUTHWESTERN PAY DIRT, 4/93, P.3A.SOUTHWESTERN PAY DIRT, 4/93, P.3A,9A.MINING RECORD, 5/5/93, P.12.MINING RECORD, 8/25/93, P.13.MINING RECORD, 10/20/93, P.12,13.SOUTHWESTERN PAY DIRT, 9/93, P.3A.MINING MAGAZINE, 5/94, P.253.LAWHON, KENNEY, BRIAN EMLING & JIM NORBY, SAN MANUEL SHAFTS HOIST 600 MILLIONTH TON OF ORE SINCE 1955, SOUTHWESTERN PAY DIRT, 7/94, P.8A-10A.MINING RECORD, 8/17/94, P.16.JENKINS, J.G., COPPER HEAP LEACHING AT SAN MANUEL, MINING ENGINEERING, 9/94, P.1094-1098.CHADWICK, JOHN, MAGMA'S LOWER K PROCEEDS AT LAST, MINING MAGAZINE, 10/94, P.186-192.MINING JOURNAL, V 323/ N 8297, 10/14/94, P.269,270.GRAHAM, JOHN AND RON ALLUM, SW PAY DIRT, 12-95, P10A.THE MINING RECORD, JULY 31, 1996, VOL 107, #31, PP. 1, 4. ""SAN MANUEL; LARGEST UNDERGROUND COPPER MINE IN NORTH AMERICA"".USGS MAMMOTH QUAD:ADMR MAGMA COPPER CORPORATION FILE; KALAMAZOO PROJECT:ADMR MAGMA COPPER CO. FILE; MISCELLANEOUS:ADMR MAGMA COPPER CO. FILE; TECHNICAL PAPERS:ADMR MAGMA COPPER CO. FILE; SAN MANUEL DIVISION ACTIVE FILE:ADMR ST. ANTHONY MINERAL & DEVELOPMENT COMPANY FILE:ADMR U FILE:MYRICK DAVEI, F. RAILROADS OF ARIZONA, VOL 11, 1980, P726.ADMR DIRECTORY OF ACTIVE MINES IN ARIZONA, 1980, P13.ADMR FILES:CHAPMAN, THOMAS L., SAN MANUEL COPPER CEPOSIT, USGS R1 4108, 1947Force E R, Dickinson W R, Hagstrum J T  1995 - Tilting history of the San Manuel-Kalamazoo Porphyry system, southeastern Arizona: in Econ. Geol.   v90 pp 67-80\nSandbak L A, Alexander G H  1995 - Geology and rock mechanics of the Kalamazoo Orebody, San Manuel, Arizona: in Pierce F W, Bolm J G (Eds),  Porphyry Copper Deposits of the American Cordillera Arizona Geol. Soc.     Digest 20 pp 396-423Thomas L A    1966 - Geology of the Sam Manuel ore body: in Titley S R, Hicks C L 1966 Geology of the Porphyry Copper Deposits, Southwestern North America University of Arizona Press, Tucson, pp 133-142\nPorter, T.M., 1998, An overview of the World's porphyry and other hydrothermal copper & gold deposits and their distribution; in Porter, T. M., ed., Porphyry and Hydrothermal Copper and Gold Deposits: a global perspective, PACRIM '98 Conference Proceedings, Australian Mineral Foundation, p. 3-17.The Porter GeoConsultancy webpage for San Manuel contains a description of the geology. Accessed on 9/28/2010. \nhttp://www.portergeo.com.au/CIMRISX-EW PLANT OPERATIONEPLER, B.  MAGMA'S NEW SX-EW PLANT STARTS CUTTING PRODUCTION COSTS.    PAYDIRT (SW ED.), SEP 1986, PP. 10A-11A.MC EVER, J. D.  ELECTROLYTIC REFINERY AND SOLVENT EXTRACTION-ELECTROWINNING (IN-SITU) EXPANSION.  AZ AIME PRES.TION-ELECTROWINNING (IN-SITU) EXPANSION.  AZ AIME PRES. SPRING MEETING, MAY 2, 1987, 10 PP.SULFIDE CONCENTRATORBRUNSKILL, G. R.  MAGMA SAN MANUEL MOLYBDENITE RECOVERY CIRCUIT - AN OPERATIONAL REVIEW.  MIN & MET PROCESSING,AUG 1986, PP. 180-183.BRUNSKILL, G. R. & D. L. WERNKE.  CONVERSION TO TWENTY-SIX INCH CYCLONES AT THE SAN MANUEL DIVISION.    AZ AIME PRES. SPRING MEETING, MAY 2, 1987, 5 PP.CLINGAN, B. V. & D. MC GREGOR. COLUMN FLOTATION EXPERIENCE AT MAGMA COPPER COMPANY, WITH RELATED EXPERIENCE OF OTHER MINERAL PROCESSORS.  AIME PRES. ANNUAL MEETING, DENVER, CO, FEB 24, 1987. 5 PP.DAVIS, F. C.  MAGMA'S SODIUM HYDROSULFIDE MOLYBDENITE PROCESS.    AZ AIME CON. PRES. SPRING MEETING, MAY 16, 1987, 15 PP.DAYTON, S. H.  MAGMA MODERNIZES SAN MANUEL'S BIG CU-MO CONCENTRATOR.  E&MJ, 1988, PP. 44-47.MINING RECORD, 1972; SAWYER AND OTHERS, 1992.MAGMA COPPER CO. SEC FM 10-K, DEC 31, 1993,  P. 17.MAGMA COPPER COMPANY 1994 10K, P.19.BROKEN HILL PTY. CO. LTD., 1996 ANNUAL REPORT TO SHARE-HOLDERS, STATISTICAL SUPPLEMENT, P.16.OXIDE OPEN PIT OPERATIONENG. & MIN. JOURNAL.  MAGMA REORGANIZES PRODUCTION AT SAN MANUEL.  DEC. 1986.  PP. 12-14.EPLER, B.  MAGMA IS ROLLING ON NEW OXIDE MINE, SX-EW PLANT._______.  MAGMA TO DEVELOP OPENPIT MINE AT SAN MANUEL.PAYDIRT (AZ ED.), MAR 1985, P. 4A-6A.HALL, G.  BLASTING OPEN PIT BENCHES IS CAREFUL PROCEDURE.MAGMA UPDATE (MAGMA COPPER COMPANY NEWSPAPER), JUL 1988, P. 9.MAGMA COPPER COMPANY.  SAN MANUEL OXIDE PROJECT INFORMATION PAPER.  1988, 6 PP.NIELSON, M. C.  DUMP LEACH & SX-EW OPERATIONS. AZ AIME PRES SPRING MEETING, MAY 2, 1987, 11 PP.O'COYNE, C.  51 MILLION TONS HAVE BEEN MINED FROM OPEN PIT.MAGMA UPDATE (MAGMA COPPER COMPANY NEWSPAPER), MAY 1988, P. 3.WALENGA, KAREN.  FACILITY WILL ADD 25,000 TPY OF CATHODE COPPER.  PAYDIRT (SW ED.), AUG 1986, PP. 4A-5A.IN-SITU OPERATIONBURT, C. W.  INVESTIGATIONS INTO IN-SITU LEACHING AT SAN MANUEL.  AZ AIME PRES. SPRING MEETING, MAY 2, 1987, 14 PP.WALENGA, KAREN.    PROJECT DOUBLES ELECTROWON CAPACITY TO 50,000 TPY.  PAYDIRT (SW ED.), APR 1988, PP. 4A-5A.______.  MAGMA'S IN SITU LEACHING AND SX-EW EXPANSION ON SCHEDULE.    PAYDIRT (SW ED), OCT 1987, PP. 10A-12A._______.  $4 MILLION IN SITU LEACHING TEST ALSO UNDERWAY BY MAGMA.  PAYDIRT (SW ED.), AUG 1986, P. 6A.",,1955,,2002,,1879,,Frank Schultz,porphyry_subset
10039668,San Xavier Mine,32.02762,-111.082,United States,Arizona,Pima,"Copper Oxide, Copper Sulfide",Silver,Molybdenum,Producer,53: Porphyry Cu,5|3: Porphyry Cu,True,True,B,https://mrdata.usgs.gov/mrds/show-mrds.php?dep_id=10039668,M050619,,NA,M,Unknown,,M,"Chalcocite, Chalcopyrite, Chrysocolla, Malachite, Melaconite, Molybdenite, Pyrite",,,ENRICHMENT BLANKET,,Phyllic,Supergene Processes Operating In Mid-Tertiary,San Xavier North,"Clastic Wall Rocks, Stratigrapy. Mo & Ag Concentrated Also In Porphyry","Peterson, Jocelyn A.",Bisbee Group,"Quartz Monzonite,Clastic Sedimentary Rock",,Quartz Monzonite,"Folding Of Sedimentary Rocks, San Xavier Fault Is Lower Boundary Of Mineralized Rocks",,"PAYDIRT - AUGUST 28, 1972; OCT 23, 1972; MARCH 26, 1973.E & MJ, MARCH, 1972.KEITH, 1974, ABM BULL 189, P. 138.KING, 1978, AZ GEOL SOC DIGEST, V. 11, P. 101-102.GREELEY, 1978, ADMR SPEC REPT NO. 27.CIMRIKEITH, 1974; KING, 1978GREELEY, 1978.",,,,,,1955,,Asarco Geologists,porphyry_subset
10026888,Sanchez Copper Deposit,32.88149,-109.535,United States,Arizona,Graham,Copper,"Gold, Silver, Molybdenum",,Past Producer,53: Porphyry Cu78: Porphyry Cu-Au,5|3: Porphyry Cu|7|8: Porphyry Cu-Au,True,True,A,https://mrdata.usgs.gov/mrds/show-mrds.php?dep_id=10026888,M000791,,NA,M,Surface-Underground,Porphyry Cu,S,"Atacamite, Bornite, Chalcanthite, Chalcocite, Chalcopyrite, Chrysocolla, Copper, Cuprite, Delafossite, Gold, Molybdenite, Tenorite, Malachite, Brochantite","Biotite, Calcite, Chlorite, Epidote, Goethite, Hematite, Jarosite, Magnetite, Plagioclase, Pyrite, Quartz, Sericite",,"PIPE, Disseminated massive orebody, fissure vein and breccia fill.",Surface,"Potassic, quartz sericite, propylitic.    Potassic alteration in tmp -1 consists of quartz-magnetite-biotite-bornite-chalcopyrite veinlets, stockwork quartz-biotite +/- kspar +/- chalcopyrite +/- bornite veins/veinlets, and pervasive, disseminated quartz-kspar-chalcopyrite-bornite adjacent to veins.  Alteration most intense within 200 ft of monzonite porphyry (tmp-1) in andesite forming a hornfels of biotite-kspar-plagioclase-magnetite-quartz cut by dense network of biotite-magnetite-kspar-plagioclase (?)-chalcopyrite bornite veinlets.  Quartz-sericite-pyrite alteration occurs throughout orebody in nw trending fracture zones.  Pervasive quartz-sericite-pyrite-chalcopyrite alteration also occurs in core of the breccia pipe.  Outside the limits of the orebody, andesite is altered to epidote, chlorite, albite, calcite, pyrite, and zeolites.  Chlorite and epidote also occur in potassic altered tmp-1; their relationship to potassic alteration is unclear.","Hydrothermal, Oxidation","Safford Inspiration, Carpenter, Safford Deposit, Esperanza, Inspiration Sanchez Project, Bellmon, Bob Carresco, Arichise Copper Co., United Nuclear, Nancy Group, McBride, Azco",,"Anderson, Claire, Orris, Greta J., ADMR, Dolzani, Roger L., Long, Keith R., Bolm, Karen S., Peterson, Jocelyn A.","Safford Volcanics;Tmp-1,-2, Breccia","Volcanic Breccia (Agglomerate),Andesite","Tmp-3, 4",Monzonite,,Continental Magmatic Arc,"Greeley, 1978, Az. Dept. Min. Res., Spec. Rept. No. 2, P. 83-87.Robinson, R.F., And Cook, A., 1966, The Safford Copper Deposit, Lone Star Mining District, Graham County, Arizona, In Titley, S.R. And Hicks, C.L., Eds., Geology Of The Prophyry Copper Deposits, Southwestern North America:  Tucson, Ariz., Univ. Of Az. Press, P. 250-266.Dunn, 1978, Az. Geol. Soc. Digest, V. 11, P. 9-15.Horsnail, 1978, Jour. Geochem. Expl., V. 9, Nos.  2-3, P. 151-153.Walenga, Karen, 1989, Azco Reviewing Feasibility Study Of Sanchez Copper Project:  Southwestern Paydirt, March 1989, P. 3a.Tucson Citizen, 1993, Thursday, March 11, P. 5c.Niemuth, N.J., 1987, Arizona Mineral Development 1984-1986:  Arizona Department Of Mines And Mineral Resources Directory 29, 46 P.Sawyer, M.B., Gurmendi, A.C., Daley, M.R., And Howell, S.B., 1992, Principal Deposits Of Strategic And Critical Minerals In Arizona:    United States Bureau Of Mines Special Publication, 334 P.Drier, J.E., 1994, Geology Of The Sanchez Porphyry Copper Deposit: Azco Mining Inc., Unpub. Rept., 15 P.Singer and others, 2008Azco Mining Inc. Sanchez Copper Project Plan Of Operations Submitted To The Blm, Safford District Office, July 1991.Azco Mining Inc. Feasibilty Study, Azco Sanchez Copper Project, 3 Vol. Wright Engineers Limited, Nov. 1990.Dreier, John (Vice President-Exploration). Azco Mining Inc. Personal Communication, January 1992.The Mining Record, V106 N19, 5-10-95, P.7.Sw Pay Dirt, 12-95, P.14a.Sw Pay Dirt, 6-95, P.3a.American Metal Market, V103 N85, 5-3-95, P.2.Azco Mining Inc. Statement Of Material Facts, 3-23-92, P.7.The Mining Record, V106 N13, 3-29-95, P.1.Sw Pay Dirt, 2-95, P.9a.The Metals Economics Group (MEG) Sachez webpage contains information about this deposit as of 8/4/2010. \nhttp://www.metalseconomics.com/The Porter GeoConsultancy webpage for Dos Pobres, Safford contains a description of the geology of the Sanchez deposit as of 8/4/2010. \nhttp://www.portergeo.com.au/The Mindat.org webpage for the Safford deposit also describes the geology at Sanchez.  Accessed on 8/5/2010.\nhttp://www.mindat.org/loc-53634.htmlCimriAbm File DataAnonymous, 1995, The Northern Miner, April 10 issue, p. 3.Langton, J.M. and Williams, S.A., 1982, Structural, petrological and mineralogical controls for the Dos Pobres orebody, Lone Star Mining district, Graham County, Arizona; in Advances in Titley, S. R., ed., Geology of the Porphyry Copper Deposits, Southwest North America, University of Arizona Press, Tucson, Arizona, p. 335-352.Keith and others, 1983John Drier, personal commun. 1993 and 1995Greeley, 1978, P.85; Walenga, 1989, P. 3a.; Tucson Citizen, 1993; Sawyer And Others, 1992.",,1899,,,,1899,1899-LATE 1930'S;,,porphyry_subset
10113316,Santa Cruz,32.89979,-111.882,United States,Arizona,Pinal,Copper,Molybdenum,"Gold, Silver",Past Producer,53: Porphyry Cu,5|3: Porphyry Cu,True,True,A,https://mrdata.usgs.gov/mrds/show-mrds.php?dep_id=10113316,M030493,40211072,NA,M,Underground,Porphyry Cu,,"Atacamite, Chalcocite, Chalcopyrite, Chrysocolla, Molybdenite, Pyrite",,Covellite,,Underground,,,"Franny-Granny, Francisco Grande, Fanny-Granny, CASA GRANDE",,"Orris, Greta J., Smith / Jrs, Schruben, Paul, Peterson, Jocelyn A., Intermountain Field Operations Center (IFOC), Anderson, Claire","""Oracle Granite "", ""quartz monzonite ""","Granite,Monzonite,Diabase",,,,,"Greeley, 1978, Admr Spec Rept No. 2, P. 83-87.Ullmer, 1978, Jour Geochem Expl, V.9, No. 2-3, P. 235-236.Sawyer, M.B., Gurmendi, A.C., Daley, M.R., And Howell, S.B., 1992, Principal Deposits Of Strategic And Critical Minerals In Arizona: U.S. Bureau Of Mines Special Publication, 334 P.Cook S S and Porter T M, 2005 - The Geologic History of Oxidation and Supergene Enrichment in the Porphyry Copper Deposits of Southwestern North America,   in  Porter T M, (Ed), Super Porphyry Copper and Gold Deposits: A Global Perspective,    v1  pp 207-242\nKreis, H.G., 1995, Geology of the Santa Cruz porphyry copper deposit; in Pierce, F.W. and Bolm, J.G., eds., Porphyry Copper Deposits of the American Cordillera, Arizona Geological Society, Digest 20, p. 364-365.The Porter GeoConsultancy webpage for Santa Cruz contains a description of the geology. Accessed on 9/29/2010.\nhttp://www.portergeo.com.au/\nCimriArizona Department Of Mines And Mineral Resources.  Unpublished, Public Files Data, 1988; Available Upon Request From Admmr, Phoenix, Az.Pay Dirt.  Casa Grande Copper Project On 'Back Shelf'.  No. 522, Dec. 1982, P. 7.Pay Dirt.  Getty Pays $10 Million For Land Near Casa Grande Orebody.  No. 541, July 1984, Pp. 21a-22a.Greeley, 1978, P. 83Worthington, T., 1996, Asarco advances in situ copper project in Arizona; The Northern Miner, March 11 issue, p. C9.",,,,,,1976,,,porphyry_subset
10400304,Sheep Mountain,34.0375,-112.346,United States,Arizona,Yavapai,"Molybdenum, Copper",,,Prospect,79: Porphyry Cu-Mo,7|9: Porphyry Cu-Mo,True,True,B,https://mrdata.usgs.gov/mrds/show-mrds.php?dep_id=10400304,,,NA,,Surface,Porphyry Cu-Mo,,"Chalcocite, Molybdenite, Copper, Covellite, Chalcopyrite",,,,,,,Castle,,"Anderson, Claire",,Quartz Monzonite,,,,,THE VANCOUVER STOCKWATCH 4/3/92\nTHE VANCOUVER STOCKWATCH 9/11/92\nTHE NORTHERN MINER 10/19/92\nLebon Gold Mines Ltd Press Release 9/22/06\nLiontown Resources Ltd Press Release 6/10/08\nLiontown Resources Ltd 6/08 Quarterly Report 7/7/08\nLiontown Resources Ltd Press Release 8/18/08\nLiontown Resources Ltd 9/08 Quarterly Report 10/23/08\nLiontown Resources Ltd Press Release 1/23/09\nLiontown Resources Ltd 3/09 \nQuarterly Report 4/16/09\nLiontown Resources Ltd Press Release 5/8/09Liontown Ltd. Accessed 15-JUL-2009\nhttp://www.ltresources.com.au/upload/documents/investor_relations/asx/20080611_20080610ASXAnnouncement-SheepMountain.pdfLiontown Ltd. Compliant Resources Statement Accessed 15-JUL-2009\nhttp://74.125.95.132/search?q=cache:vhZfNTQY_JoJ:www.ltresources.com.au/upload/documents/investor_relations/asx/20090123_20090123ASXAnnouncementMaidenResourceSheepMountainFINAL.pdf+%22sheep+mountain%22+%2B+arizona+%2B+copper+mine&cd=3&hl=en&ct=clnk&gl=us,,,,,,1900,,,porphyry_subset
10137918,Sierrita,31.87152,-111.149,United States,Arizona,Pima,Copper,"Zinc, Lead, Silver, Gold, Molybdenum",Rhenium,Producer,79: Porphyry Cu-Mo,7|9: Porphyry Cu-Mo,True,True,A,https://mrdata.usgs.gov/mrds/show-mrds.php?dep_id=10137918,M050531,40190004,NA,M,Surface,Porphyry Cu-Mo,,"Chalcopyrite, Bornite, Molybdenite, Chalcocite, Chrysocolla, Cuprite, Galena, Magnetite, Malachite, Marcasite, Pyrite, Sphalerite, Tenorite, Tennantite",Fluorite,"Gold, Silver",V-shaped,Surface,,,"Twin Buttes, Duval Sierrita Corp.",,"Peterson, Jocelyn A., Schruben, Paul, Kreidler, Terry J., Berger, Mary A., Orris, Greta J.",,"Diorite,Quartz Latite",Ruby Star Quartz Monzonite Porphyry;Harris Ranch Quartz Monzonite,Quartz Monzonite,,,"Co Prospectus 1970 (Tons and Grade- Cu and Mo).E and M J 8/70 (Mill Rcvry).Emj June 75 Pg 98 (Good) Emj Mine Directory 1975 (Good)Emj August 70 Pg 70 Flot Mill-Feed Cap 85000 TArizona Pay Dirt. Pennzoil Pushing Duval Asset Sale. December 1984, Pp. 8a-9a.Cyprus Minerals Company. 1986 Form 10-K Report, P.1, 3-7.Cyprus Minerals Company. 1987 Annual ReportCyprus Minerals Company. Press Release, Feb. 18, 1986.Rocky Mountain Pay Dirt. April 1986, P. 22a.Southwestern Pay Dirt. March 1986, P. 4a-5a.Southwestern Pay Dirt. April 1986, P. 8a-10a.Southwestern Pay Dirt. July 1986, P. 18a-19a.Southwestern Pay Dirt. November 1986, P. 10a-11a.Southwestern Pay Dirt. August 1987, P. 18a-19a.O'Neil, Thomas J., Cyprus Sierrita Explains Effort To Control Tailings Dust, Southwestern Pay Dirt, 10/90, P.10a,11a.Southwestern Pay Dirt, 1/91, P.12a.Epler, Bill, Power Rates Lead Cyprus Sierrita To Consider Its Own Plant, Southwestern Pay Dirt, 1/91, P.7a.Epler, Bill, Cyprus Sierrita Gets Lower Power Rate From Tucson Electric, Southwestern Pay Dirt, 4/91, P.24a.Mining Magazine, 7/91, P.5.Dillard, Gary, Cyprus Cuts 220 At Sierrita In Fight To Reduce Unit Costs, Southwestern Pay Dirt, 8/93, P.12a.Dillard, Gary, Benefits Starting From $350 Million Program, Southwestern Pay Dirt, 9/93, P.4a,5a.Cyprus Amax Minerals Co., News Release, 12/31/93, 1pp.Hill, Leonard N., Installing Cyclones On The Primary Grinding Circuit At Cyprus Sierrita, Mining Engineering, 9/94, P.1057-1060.Aiken and West, 1978, Az Geol Soc Digest Vii, P. 117-128.Keith, 1974, Abm Bull 189, P. 138.Lynch, 1966, In Titley and Hicks, Univ Of Az Press.Greeley, 1978, Admr Spec Rept No 2.Engineering And Mining Journal, October, 1987, P. 12.Sawyer, M.B., Gurmendi, A.C., Daley, M.R., And Howell, S.B., 1992, Principal Deposits Of Strategic And Critical Minerals In Arizona: U.S. Bureau Of Mines Special Publication, 334 P.The Porter GeoConsultancy webpage for Sierrita - Esperanza contains a description of the geology. Accessed on 8/26/2010.\nhttp://www.portergeo.com.au/\nTitley, Spencer R., Some Features Of Tectonic History And Ore Genesis In The Pima Mining District, In Advances In Geology Of The Porphyry Copper Deposits- Southwestern North America, 1992, University Of Arizona Press, P.387-406.Barter, Charles F. And James L. Kelly, Geology Of The Twin Buttes Mineral Deposit, In Advances In Geology Of The Porphyry Copper Deposits- Southwestern North America, 1982, University Of Arizona Press, P.407-432.West, Richard J. And Daniel M. Aiken, Geology Of The Sierrita- Esperanza Deposit, In Advances In Geology Of The 1982, University Of Arizona Press, P.433-465.Porter, T.M., 1998, An overview of the World's porphyry and other hydrothermal copper & gold deposits and their distribution; in Porter, T. M., ed., Porphyry and Hydrothermal Copper and Gold Deposits: a global perspective, PACRIM '98 Conference Proceedings, Australian Mineral Foundation, p. 3-17.Ruiz, J. and Mathur, R., 1999, Metallogenesis in continental margins: Re-Os evidence from porphyry copper deposits in Chile; in Lambert, D.D. and Ruiz, J., eds., Application of Radiogenic Isotopes to Ore Deposit Research and Exploration, Reviews in Economic Geology, v. 12, p. 59-72.Jensen, P.W., 1998, A structural and geochemical study of the Sierrita porphyry copper system, Pima County, Arizona; unpublished M.S. thesis, University of Arizona, Tucson, 136 p.McCandless, T.E. and Ruiz, J., 1993, Rhenium-osmium evidence for regional mineralization in southwestern North America; Science, v. 261, p. 1282-1286.CimriNickel News. Issue 32/52. 8/6/97. P.12.Aiken and West, 1978; Sawyer And Others, 1992.Securities and Exchange Commission Form 10k For Pennzoil Company For Year Ending Dec. 31, 1981.Cyprus-Amax Minerals Co., Sec Form 10-K Rept, 12/31/93, P.7.Cyprus Amax Minerals Co., 1994 Form 10-K, P.2.Cyprus Minerals Company 1987 Form 10-K Report, Page 3.Cyprus Amax Minerals Company 1995 10-K, P.2-4.Greeley, 1978; Sawyer And Others, 1992.",,1970,,,,1960,,,porphyry_subset
60000298,Silver Bell District,32.42041,-111.541,United States,Arizona,Pima,Copper,"Silver, Gold, Lead, Molybdenum","Zinc, Vanadium, Fluorine-Fluorite, Barium-Barite",Producer,"58: Porphyry Cu, skarn-related","5|8: Porphyry Cu, skarn-related",True,True,C,https://mrdata.usgs.gov/mrds/show-mrds.php?dep_id=60000298,D002948,,NA,,Unknown,SUPERGENE ENRICHED PORPHYRY COPPER,L,,,,,,"PROPYLITIC, POTASSIC, PHYLLIC","MOVEMENT OF HYDROTHERMAL FLUIDS THROUGH FRACTURES, SUPERGENE ENRICHMENT","El Tiro and Oxide Open Pits, Silver Bell Copper, Silver Bell Mill, Imperial Mine, Union Mine",REGIONAL STRUCTURES AND ROCK CHEMISTRY. INTERSECTION OF ENE FAULTS WITH WNW SILVER BELL FAULT ZONE,"PETERSON, JOCELYN A., CARBONARO, MARGUERITE M.",,,,,"SILVER BELL FAULT ZONE TRENDING WNW, ENE FRACTURES AND DIKES",,"RICHARD AND COURTRIGHT, 1966, IN TITLEY AND HICKS, UNIV OF AZ PRESS.ANDERSON, 1968, AIME GRATON-SALES VOL II.GALEY, 1979, SOC ECON GEOL, PORPHYRY CU FIELD CONF, 18 P.HUTTL, J., 1954, SILVER BELL: ASARCO'S NEW ARIZONA: EENGINEERING AND MINING JOURNAL, V. 155.MINING RECORD, 1957, ARIZONA PLANT IS GETTING MORE MOLYBDENUM WITH LATE PROCESSING.ASARCO SILVER BELL MINE BOOKLET:    ASARCO INCORPORATED, SILVER BELL UNIT, SILVER BELL, ARIZONA.PHILLIPS, K.A., 1987, ARIZONA INDUSTRIAL MINERALS:    ARIZONA DEPARTMENT OF MINES AND MINERAL RESOURCES MINERAL REPORT 4, 185 P.PEIRCE, H.W., 1990, ARIZONA GEOLOGICAL SURVEY INDUSTRIAL MINERALS CARD FILE.NIEMUTH, N.J., 1987, ARIZONA MINERAL DEVELOPMENT 1984-1986:  ARIZONA DEPARTMENT OF MINES AND MINERAL RESOURCES DIRECTORY 29, 46 P.",,1865,,,>,1700,,Spanish Explorers,porphyry_subset
10161929,Silver Bell mine,32.39371,-111.502,United States,Arizona,Pima,Copper,Silver,Molybdenum,Producer,79: Porphyry Cu-Mo,7|9: Porphyry Cu-Mo,True,True,A,https://mrdata.usgs.gov/mrds/show-mrds.php?dep_id=10161929,D000333,40190009,NA,M,Surface,Porphyry Cu-Mo,,"Chalcocite, Chalcopyrite, Molybdenite",Cuprite,,,Surface,,,"North Silver Bell pit, El Tiro pit, West Oxide pit, East Oxide pit",,"Schruben, Paul, Hite, Alan G.",El Tiro and Imperial stocks,Quartz Monzonite,,,,,"Kendrick, M.A., Burgess, R., Pattrick, R.A.D. and Turner, G., 2001, Halogen and Ar-Ar age determinations of inclusions within quartz veins from porphyry copper deposits using complementary noble gas extraction techniques; Chemical Geology, v. 177, p. 351-370.Barra, F., Ruiz, J., Valencia, V.A., Ochoa-Landin, L., Chesley, J.T. and Zurcher, L., 2005, Laramide porphyry Cu-Mo mineralization in northern Mexico: age constraints from Re-Os geochronology in molybdenite; Economic Geology, v. 100, p. 1605-1616.Asarco Inc.    1986 Annual Report, P. 11.Hardwick, W.R., Open Pit Copper Mining And Concentrating Methods and Costs, Silver Bell Unit, American Smelting And Refining Co., Pima County, Arizona, U.S. Bureau Of Mines I C 8153, 1963, 72 Pp.Huttl, John B., Silver Bell A S and R'S New Arizona Copper Project Starts Production, Engr. and Mining J., V. 155, N.7, Pp. 72-9.Silver Bell - Asarco Makes A Mine At A Known Deposit, Mining World, April, 1958, Pp. 40-5.Skillings, David N., Jr., Asarco'S Silver Bell Unit,July 25, 1970. Pp. 3-5.Engr. and Mining Journal Flowsheet Portfolio, Dec., 1957,P.166Sheffer, Herman W., And Lamar G. Evans, Copper Leaching Practices In The Western United States, U.S. Bur. Of Mines I C 8341, 1968, Pp. 10-11, 19-23.Sw Pay Dirt,4-92, P.12a.Schiffer, Craig.    American Metal Market, V104 N28, 2-8-96, P.1.Graybeal, Frederick T., Univ. Of Az Press, 1982, P.487.Titley, Spencer R., Univ. Of Az Press, 1982, P.167.Asarco News Letter, 6-30-89.Sw Pay Dirt, 8-90, P,6a.The Mining Record, 9-5-90, P.20.Engineering And Mining Journal, 9-90, P.111.Mining Engineering, 9-90, P.1052.The Northern Miner, 11-11-91, P.17.Asarco Inc. 1993 10-K, P.A15.Sw Pay Dirt, 7-94, P.2a.Asarco Inc., 1994 10-K, P. A18.The Mining Record, Vol 108., #9, Feb. 26, 1997, P14.Asarco's Silver Bell Mining webpage has timeline history and operation information.  Accessed 8/30/2010.\nhttp://www.asarco.com/silverbell.htmlGrupo Mexico Annual Report for 2009, 88 p. Accessed on 8/30/2010.\nhttp://www.gmexico.com/investors/reports.phpRichard, K.E., and J.H. Courtright, Structure and Mineralization At Silver Bell, Arizona, Aime Trans., 1954, Pp. 1095-1099.Geology Of The Porphyry Copper Deposits, Southwestern North America, 1966 Pp. 157-163.Watson, Barry N., Updating The Geology And Structural Ore Controls At Silver Bell, Arizona, Pres. At Arizona Aime Spring Meeting, Mining Geology Div., May 20, 1968, 11 Pp.Graybeal F T  1983 - Geology of the El Tiro area: in Titley S R 1983 Advances in Geology of the Porphyry Copper Deposits, Southwestern North America University of Arizona Press, Tucson    pp 487-505Lopez J A, Titley S R  1995 - Outcrop and capping characteristics of the supergene sulfide enrichment at North Silver Bell, Pima County, Arizona: in Pierce F W, Bolm J G (Eds),    Porphyry Copper Deposits of the American Cordillera Arizona Geol. Soc.   Digest 20 pp 424-435Richard K, Courtright J H  1966 - Structure and mineralization at Silver Bell, Arizona: in Titley S R, Hicks C L 1966 Geology of the Porphyry Copper Deposits, Southwestern North America University of Arizona Press, Tucson    pp 157-163The Porter GeoConsultancy webpage for Silver Bell contains a description of the geology. Accessed on 8/31/2010.\nhttp://www.portergeo.com.au/\nGALEY, 1979, SOC ECON GEOL, PORPHYRY CU FIELD CONF, 18 P.Long, K.R., 1995, Production and reserves of Cordilleran (Alaska to Chile) porphyry copper deposits; in Pierce, F.W. and Bolm, J.G., eds., Porphyry Copper Deposits of the American Cordillera, Arizona Geological Society, Digest 20, p. 35-68Browne, Q. J. and Miller, M. A., 2002, Use of geologic parameters for development of low-grade copper reserves, Silver Bell Mine, Arizona; In Society of Mining Engineers Annual Meeting and Exhibit, 2002, Technical Program, Society of Mining Engineers, p. 68.World Mining, Sept., 1977, P. 174.Asarco S.E.C. Form 10-K, 1977.Asarco S.E.C. Form 10-K Report, Dec. 31, 1976, Pp. A3-A5.Asarco 1993 Ann. Rept. P. 5.Asarco 1981 Form 10-K Annual Report, 1982, P. 20.Asarco 1986 Sec Form 10-K Report, P. 11.Asarco Inc. 1995 Annual Report, P.7.",,1954,,,,1909,,,porphyry_subset
10026923,Squaw Peak Mine,34.48255,-111.857,United States,Arizona,Yavapai,"Molybdenum, Copper","Silver, Lead, Zinc",,Past Producer,79: Porphyry Cu-Mo,7|9: Porphyry Cu-Mo,True,True,A,https://mrdata.usgs.gov/mrds/show-mrds.php?dep_id=10026923,M001101,,NA,M,Unknown,Porphyry Cu-Mo,S,"Bornite, Chalcopyrite, Malachite, Molybdenite, Sphalerite","Ankerite, Pyrite, Quartz",,ELLIPTICAL STOCKWORK,Underground,"Silicification, Argillization, Potassic Alteration","Hydrothermal, Oxidation To Depths Of 50 Ft",,"Igneous Rocks, Fractures, Faulting","Orris, Greta J., Johnson, Kris H. (Creasey, S.C.), Dewitt, Ed  H.",Squaw Peak Intrusive,"Quartz Monzonite,Granodiorite",,,"Dikes And Pluton Elongate Nnw , Shears & Brecciated Zones",,"KIRKEMO, H., AND OTHERS, 1965, INVESTIGATIONS OF MOLYBDENUM DEPOSITS IN THE CONTEMINOUS UNITED STATES, 1942 - 60: U.S.G.S BULLETIN 1182 - E, P. 30 - 32.ROE, R.R., 1976, GEOLOGY OF THE SQUAW PEAK PORPHYRY COPPER-MOLYBDENUM DEPOSIT, YAVAPAI COUNTY, ARIZ:   MS THESIS, UNIV OF ARIZ, 102 P.COOKSLEY, 1971, PRIVATE REPORT FOR PHILLIPS PETROLEUM.HILL, J.M., 1949, REPT ON THE SQUAW PEAK COPPER MINE, YAVAPAI COUNTY, ARIZ.: UNPUB REPT.ANDERSON, C.A., 1943, REPT ON A BRIEF EXAMINATION OFTHE SQUAW PEAK COPPER & MOLYBDENUM PROSPECT, YAVAPAI COUNTY, ARIZ.:     UNPUB REPT.SAWYER, M.B., GURMENDI, A.C., DALEY, M.R., AND HOWELL, S.B., 1992, PRINCIPAL DEPOSITS OF STRATEGIC AND CRITICAL MINERALS IN ARIZONA:  U.S. BUREAU OF MINES SPECIAL PUBLICATION, 334 P.Noland, Paul D. P.Geo., 2011, UPDATED REPORT and RESOURCE ESTIMATE for the SQUAW PEAK PROPERTY, YAVAPAI COUNTY, ARIZONA for REGAL RESOURCES, INC.\nApril 25, 2011\nUllmer, E., and Cavey, G., 2006, Technical Report on Squaw Peak Property in Yavapai County, Arizona, U.S.A. NI 43-101.Kern, R., 2008 Updated Summary report: Squaw Peak Property Yavapai County,AZ. MinQuest Inc.Roe, R.R., 1976. Geology of the Squaw Peak Porphyry Copper-Molybdenum Deposit, Yavapai County, AZ. University of Arizona Masters Thesis, 102 pages.CIMRIJ.M. HILL, 1949 , REPT. ON THE SQUAW CREEK MINE, YAVAPAI CO., ARIZ.:  UNPUBLISHED REPT.",,1944,,1946,<,1944,1944-1946,,porphyry_subset
10137553,Superior,33.30539,-111.065,United States,Arizona,Pinal,"Molybdenum, Silver, Gold, Copper","Manganese, Zinc, Lead","Bismuth, Silica, Iron, Arsenic, Cadmium",Past Producer,53: Porphyry Cu,5|3: Porphyry Cu,True,True,A,https://mrdata.usgs.gov/mrds/show-mrds.php?dep_id=10137553,M899885,40210038,NA,M,Underground,Porphyry Cu,,"Chrysocolla, Coronadite, Cuprite, Famatinite, Hemimorphite, Hydrozincite, Malachite, Manganite, Psilomelane, Rhodochrosite, Silver, Chalcocite, Chalcopyrite, Enargite, Gold, Tennantite, Bornite","Hematite, Calcite, Limonite, Dolomite, Magnetite, Stromeyerite","Galena, Pyrite, Quartz, Sphalerite, Barite",Tabular,Underground,,,"Magma Superior Mine, Magma MineSuperior Mine, Magma Copper Mine, Superior Copper Mine, Silver Queen Mine, Resolution",,"Hite, Alan G., Anderson, Claire, Gest, Don E., Cox, Dennis P., Harner, Joy L. (Peterson, Jo), Orris, Greta J., ADMR, Roth, Frances A.","""Pinal Schist, Dripping Springs Quartzite, Apache Group-Mescal Limestone; Martin Limestone; Apache Basalt"", ""Troy Quartzite; Martin Limestone""","Diabase,Quartzite,Schist,Limestone",,"Diorite,Dacite,Quartz Monzonite",,,"Creasey, S.C. and Kistler, R.W., 1962, Age of some copper bearing porphyries and other igneous rocks in southeastern Arizona; U.S. Geological Survey, Professional Paper 450-D, p. 1-5.""Ore Deposits Of The United States"" 1933-1967,Part 9 Chap 61 Pp 1285-6.   (This Covers The Years 1911-1964, Inclusive)Listing Application To The New York Stock Exchange  A-27691Dunning, Charles H, With Edward H Peplow,Jr., ""Rocks ToU.S. Bu. Of Mines Official Gold,Silver,Copper,Lead,andZincDobbs, Dave     Engineer With Magma, Superior Division. (ThisShort, M. N., F. W. Galbraith, E. N. Harshman, T. H. Kuhn, AHammer, D. F.  And D. W. Peterson. Geology Of The Magma MinePeterson, D. W. Preliminary Geological Map Of The Western PaDunning, C. H. Rock To Riches. Southwest Publishing Company,E/Mj International Directory Of Mining And Mineral ProcessinPay Dirt. Magma To Bore 9000 Foot Haulage Tunnel At SuperiorSkillings, D. N. Jr. Magma Copper Co. Marking Expanded ProduMurray, T. W. Operating Improvements At Magma'S No. 9 Shaft.Murray, J. W. And E.K. Staley. Underground Operations At SupBeall, J. V. Copper In The U.S. - A Position Survey. MiningNewmont Mining Company, Securities And Exchange Commision FoSkillings Mining Review . Magma Co. Operations At Superior AEpler, Bill.  Magma Restarts Mine After 8-Year Hiatus.Magma Copper Company 1988-1990 Annual Reports.Walenga, Karen.  Reopening Mine and Mill To Cost $13 Million.Magma Update, 7-91, P.7.Sw Pay Dirt, 11-90, P.4a.Sw Paydirt, 9-90, P.13a.Sw Pay Dirt, 3-90, P.4a.Sell, J.D., 1995, Discovery of a deep (3500 feet) unexposed porphyry copper deposit at Superior East, Pinal County, Arizona; in Pierce, F.W. and Bolm, J.G., eds., Porphyry Copper Deposits of the American Cordillera, Arizona Geological Society Digest, v. 20, p. 373-395Manske, S. and Paul, A.H., 2002, Geology of a major new porphyry copper center in the Superior (Pioneer) district, Arizona: Economic Geology, v. 97, p. 197?220.The Porter GeoConsultancy webpages for Superior and Resolution mines contain descriptions of the geology. Accessed on 9/30/2010.\nhttp://www.portergeo.com.au/\nDobbs, Dave.  Engineer With Magma, Superior Division. (Per-Magma Copper Co Sec Form 10-K Rept, Dec 31, 1993, P. 17.Magma Copper Co 1994 10-K, P.16,19-20.Broken Hill Pty. Co. Ltd., 1996 Report To Shareholders-",,1907,,1996,,1874,,Charles C. Mason,porphyry_subset
10400395,Superior East,33.378,-110.998,United States,Arizona,Pinal,Copper,Molybdenum,Silver,Prospect,53: Porphyry Cu,5|3: Porphyry Cu,True,True,B,https://mrdata.usgs.gov/mrds/show-mrds.php?dep_id=10400395,,,NA,,Unknown,Porphyry Cu,,"Chalcocite, Bornite, Chalcopyrite, Pyrite",,,Irregular,,,,,,W. D. Heran,Pinal Schist,Schist,Schultze Granite,Quartz Monzonite,,,"Manske, S. and Paul, A.H., 2002, Geology of a major new porphyry copper center in the Superior (Pioneer) district, Arizona: Economic Geology, v. 97, p. 197?220.Sell, J.D., 1995, Discovery of a deep (3500 feet) unexposed porphyry copper deposit at Superior East, Pinal County, Arizona: Arizona Geological Society Digest 20, p. 373?395Seedorff, E., Barton, M. , Stavast, W. and Maher D., 2008, Root Zones of Porphyry Systems: Extending the Porphyry Model to Depth: Econ. Geol. Vol 103 no, 5 p. 939-956Hammer and Peterson, 1968\nBreitrick and Lenzi, 1987\nStavast, 2006\n\n \nPeterson, N P, 1962, Geology and Ore Deposits Of The Globe-Miami district, Arizona: U.S. Geological Survey Professional Paper 342, 151 p.Maher, D.J., Stavast, W.J.A., Barton, M.D., and Seedorff, E., 2005, A view of the roots of a productive Laramide porphyry copper system exposed in the Globe-Miami district, Arizona [abs.]: Geological Society of America Abstracts with Programs, v. 37, no. 7, p. 164",,,,,,1972,,,porphyry_subset
10162257,Tohono,32.5168,-111.901,United States,Arizona,Pinal,"Copper Oxide, Copper Sulfide",Molybdenum,"Silver, Zinc, Gold, Silica, Lead",Producer,"58: Porphyry Cu, skarn-related","5|8: Porphyry Cu, skarn-related",True,True,A,https://mrdata.usgs.gov/mrds/show-mrds.php?dep_id=10162257,D000752,40210004,NA,M,Underground,,,"Bornite, Brochantite, Chalcocite, Chalcopyrite, Chrysocolla, Covellite, Cuprite, Diopside, Galena, Garnet, Goethite, Molybdenite, Pyrite, Sphalerite, Tenorite, Tremolite","Calcite, Chlorite, Hematite, Magnetite, Quartz",,"Pipe, Irregular","Underground, Surface/Underground",,,"Cyprus Casa GrandeCasa Grande, Cyprus Tohono, Lakeshore, Treasure State, Trans Arizona Res. Inc",,"Peterson, Jocelyn A., Beougher, Dee (Spanski, Gregory T.), Carbonaro, Marguerite M., Mosier, Dan, Anderson, Claire, Buckingham, David A.",Mescal Limestone of the Apache group,"Diabase,Limestone",,"Quartz Monzonite,Andesite",,,"Long, K.R., 1995, Production and reserves of Cordilleran (Alaska to Chile) porphyry copper deposits; in Pierce, F.W. and Bolm, J.G., eds., Porphyry Copper Deposits of the American Cordillera, Arizona Geological Society, Digest 20, p. 35-68.Johnston, W.P., 1972, K-Ar dates on intrusive rocks and alteration associated with the Lakeshore porphyry copper deposit, Pinal County, Arizona; Isochron/West: A Bulletin of Isotopic Geochronology, v. 4, p. 29-30.Singer and others, 2008Harper and Reynolds ,1969Romslo, 1950, USBM Ic 4706.South, 1972, M.S. Thesis, Univ Of Az.Harper and Reynolds, 1969, Mining Cong. Jour., V. 55, No. 11, P. 26-30Greeley, 1978, Admr Special Report No. 2, P. 83-87.Sawyer, M.B., Gurmendi, A.C., Daley, M.R., And Howell, S.B., 1992, Principal Deposits Of Strategic And Critical Minerals In Arizona: United States Bureau Of Mines Special Publication, 334 P.Arizona Department Of Mines And Mineral Resources, 1994, Directory Of Active Mines In Arizona, Incorporating Sand and Gravel Operations -- 1994: Arizona Department Mines And Mineral Resources Directory 42, 24 P.Phillips, K.A., Beard, R.R., Niemuth, N.J., And Bain, D.R., 1991, Active Mines In Arizona--1992: Arizona Department Of Mines And Mineral Resources Directory 39, 20 P.Petrick, Lakeshore, In Class Notes C.S.M.Mining Magazine 6/77 (General)Builder Architect/Contractor Engineer, 11/76, P.14 (General)Skillings 11/20/76, P. 12 (General)Pay Dirt 8/25/75 (General)Mining Magazine, 5/75, P.335 (Processing, Byprod., Trans.)Skillings 6/15/74  (General)E/Mj 8/73  (General)Skillings 2/13/71  (General)Skillings 8/22/70  (General)Pay Dirt 3/70  (History, Geology)Mining Congress Journal 11/69, P.26 (General, Reserves)Pay Dirt 9/29/69  (General)E/Mj 6/69  (General, Geology)Pay Dirt 4/28/69  (General)Mining Congress Journal 3/69  (General, Reserves)Hecla Mining Co., Annual Reports 1970-1976Given, I.A., Ed., Mining Engineering Handbook, Vol. 1, Sme-Aime, 1973.Randol Mining Directory, 1996/97, U.S. Mines And Mining Companies, P144.Einaudi, M.T., 1982, Description of skarns associated with porphyry copper plutons, in Titley, S.R., ed., Advances in geology of the porphyry copper deposits, southwestern North America: Tucson, University of Arizona Press, p. 139-183.CimriPay Dirt (Ariz.)  3/78 (Superior Deal)Griffith,W.A., Et Al., Oct. 24, 1973, Development Of The Roast-Leach-Electrowin Process For Lakeshore, Heclamining Co.    (Processing)E/Mj 6/75 (Beneficiation)'PCIA 1976-93; Cyprus-Amax Form 10K 1994-1996Pay Dirt 6/23/69, P. 20 (Reserves)E/Mj  3/69, P. 172 (Reserves)Pay Dirt 2/24/69 (Reserves)World Mining, 10/76, P. 56 (Reserves)Noranda 1984 Ann. Rept. - Tactite Ore.Mining Record.  Cyprus To Purchase Lakeshore Copper Facilities In Arizona;  Wed., June 17, 1987, Denver, Co, P 1. (Grade Not Given)Cyprus Minerals Co., Form 10-K Report. 12/31/92, P1.Cyprus Amax Minerals Company, Form 10-K, 12/31/95, P2.",,1976,,,,1966,,El Paso Natural Gas Co.,porphyry_subset
10234825,Twin Buttes,31.90822,-111.051,United States,Arizona,Pima,"Copper Sulfide, Copper Oxide","Lead, Silver, Molybdenum, Gold","Uranium, Zinc, Wollastonite",Past Producer,"58: Porphyry Cu, skarn-related","5|8: Porphyry Cu, skarn-related",True,True,A,https://mrdata.usgs.gov/mrds/show-mrds.php?dep_id=10234825,M050530,40190005,NA,M,Surface,"Porphyry Cu, Skarn Related",,"Bornite, Brochantite, Chalcocite, Chalcopyrite, Chrysocolla, Cuprite, Galena, Malachite, Melaconite, Molybdenite, Powellite, Pyrite, Sphalerite, Tenorite, Wollastonite, Wulfenite","Actinolite, Anhydrite, Antigorite, Biotite, Calcite, Epidote, Fluorite, Quartz, Sericite, Talc",Magnetite,Irregular,Surface,,,Copper Butte Mine,,"Johnson, Kris H. (Creasey, S.C.), Peterson, Jocelyn A., ADMR, Intermountain Field Operations Center (IFOC), Orris, Greta J., Anderson, Claire, Hite, Alan G.",Angelica Arkose; Concha Limestone,"Siltstone,Limestone",,"Quartz Monzonite,Granite",,,"Singer and others, 2008Cyprus Minerals Company Annual Report 1988 P. 2.Mining Magazine.  July 1991.    Moly And More From Sierrita.Skillings Mining Review 6/4/77,P.12-16, Anamax Mining Co.'S Copper Operations At Twin Buttes Mine (Oxide Plant, Mining Equipment, Exploration)World Mining 5/77, P.96-99  (Reserves, Mining Rate, Recovery Production Stats.)Pay Dirt 4/25/77, P.57  (Drying Concentrate, Exploration)Hopkins,W.R., and Lynch,A.J., Anamax Oxide Plant: A New U.S. Dimension. E/Mj, 2/77, P.56.Energy Use Patterns In Metalurgical And Nonmetallic Mineral Processing: U.S. Dept. Of Commerce P.B. 245-759.Skillings Mining Review, 5/24/80, P. 7.Brooke, James N. Uranium Recovery From Copper Leaching Operations In Mining Congress Journal, 8/77, P. 38-41.Isolated Processing Of Twin Buttes Ore In The Cyprus Sierrita Mill.  Aime Annual Meeting.  Arizona Section. December 5, 1989.Peirce, H.W., 1990, Arizona Geological Survey Industrial Mineral Card Files.Keith, S. B., 1974 , Index Of Mining Properties In Pima County, Arizona: Arizona Bureau Of Mines Bulletin, 189 , P. 133 .Lorraine, 1976, USBM Ic 8702Cummings, J. B., And Romslo, T. M., 1950 , Investigation Of The Twin Buttes Copper Mines, Pima Co, Ariz: USBM R. I. 4732 .Cooper, J. R., Some Geologic Features Of The Pima Mining District, Pima County, Arizona: USGS Bulletin 1112 - C.Barter, C. F., 1978, Stratigraphy, alteration, and ore controls in the main ore zone, Twin Buttes mine, Pima County, Arizona: Arizona Geological Society Digest, v. 11, p. 115?116.Barter, C.F., and Kelly, J.L., 1982, Geology of the Twin Buttes mineral deposit, in Titley, S.R., ed., Advances in geology of the porphyry copper deposits, southwestern North America: Tucson, University of Arizona Press, p. 407?432.Einaudi, M.T., 1982, Description of skarns associated with porphyry copper plutons, in Titley, S.R., ed., Advances in geology of the porphyry copper deposits, southwestern North America: Tucson, University of Arizona Press, p. 139-183.Kelley, J.L., 1976, Geology of the Twin Buttes copper deposit, Pima county, Arizona: AIME Annual Meeting, February 22?26, 1976, Las Vegas, Preprint No. 76?1?3, 23 p.Titley, S.R., 1982, Some features of tectonic history and ore genesis in the Pima mining district, in Titley, S.R., ed., Advances in geology of the porphyry copper deposits, southwestern North America: Tucson, University of Arizona Press, p. 387?406.CimriEmj 7/77  (Countercurrent Decantation-Oxide Plant)Sutulov, Alexander, Copper Porphyries, Univ. Of Utah Printing Services, 1974.  (Mill)World Mining, 11/76, P. 77.Cyprus/Amax 1972-92 SEC Form 10K; Anaconda 1971-75 SEC Form 10K; PCIA 1975-93",,1969,,1994,,1870,,,porphyry_subset
10282908,Van Dyke,33.39178,-110.876,United States,Arizona,Gila,Copper,"Silver, Fluorine-Fluorite",,Past Producer,53: Porphyry Cu,5|3: Porphyry Cu,True,True,A,https://mrdata.usgs.gov/mrds/show-mrds.php?dep_id=10282908,M003083,40070128,NA,M,Leach,Porphyry Cu,,"Azurite, Chrysocolla, Malachite, Tenorite",Fluorite,,LINEAR,Underground,,,Oxymin's Van Dyke Deposit,,Br,"""Schultze Granite"", ""Pinal Schist""","Quartz Monzonite,Schist",,,,,"PETERSON, N.P., 1962 , GEOLOGY AND ORE DEPOSITS OF THE GLOBE-MIAMI DISTRICT, ARIZONA: U.S. GEOLOGICAL SURVEY PROFESSIONAL PAPER 342 , P. 137 .OXYMIN DETAILS PLANS FOR IN SITU LEACH PROJECT IN ARIZONA, MINING ENGINEERS, V 29, NO 4, NOV. 1977, P. 13-16.OXYMIN'S IN-SITU COPPER LEACHING PROJECT AT MIAMI, ARIZ,SKILLING MINING REVIEW, V 66, NO. 52, DEC. 24, 1977OCCIDENTAL MINERALS CORP STARTS PHASE TWO OF TESTING, MINING RECORD, NOV 30 1977OCCIDENTAL MINERALS PLANS TO PUSH AHEAD ON MIAMI IN-SITU LEACHING PROJECT, ARIZONA PAY DIRT OCT 1977 P. 6-8.SW PAY DIRT, 11-89, P.18A.SKILLINGS' MINING REVIEW, 6-30-90, P.8.SW PAY DIRT, 7-90, P.3A.THE NORTHERN MINER, 7-2-90, P.21.THE NORTHERN MINER, 1-14-91, P.6.ENGINEERING AND MINING JOURNAL, 2-92, P.C8.SW PAY DIRT, 9-94, P.17A.SW PAY DIRT, 7-95, P.3A.THE MINING RECORD, V106 N28, 7-12-95, P.15.Olmstead, H.W., and Johnson, D.W., 1966, Inspiration geology, in Titley, S.R., and Hicks, C.L., eds., Geology of the porphyry copper deposits, southwestern North America: Tucson, University of Arizona Press, p. 143?150.Mindat.org as of 8/2/2010\nhttp://www.mindat.org/loc-25740.htmlThe Van Dyke orebody is a faulted extension of the Inspiration orebody, a description of which is available at portergeo.com 8/2/2010.\nhttp://www.portergeo.com.au/\nNEW MEXICO PAY DIRT.  COSTLY DELAYS LEAD OCCIDENTAL MINERALS TO KILL MIAMI IN SITU LEACHING PLAN. NOVEMBER 1980, P.55.ENG. & MIN. J. FEB 1992, P. C9.ARIMETCO INTERNATIONAL INC., 1993 ANNUAL REPORT. P. 9.ARIMETCO INTERNATIONAL INC. 1995 ANNUAL REPORT, P.10.",,1928,,,,1916,1929-1989,,porphyry_subset
10046282,Vekol Hills,32.58927,-112.055,United States,Arizona,Pinal,Copper,"Silver, Gold, Molybdenum","Lead, Zinc",Past Producer,53: Porphyry Cu,5|3: Porphyry Cu,True,True,A,https://mrdata.usgs.gov/mrds/show-mrds.php?dep_id=10046282,M241177,,NA,M,Surface,Porphyry Cu,N,"Bornite, Chalcocite, Chalcopyrite, Chrysocolla, Gold, Malachite, Molybdenite, Pyrite, Silver, Sphalerite, Anglesite, Argentite, Copper, Galena, Smithsonite, Tetrahedrite","Hematite, Kaolinite, Limonite, Quartz, Calcite, Dickite, Siderite",,"Pods, Irregular",Underground,"Hypogene Enrichment, Minor Oxidation And Supergene Enrichment",,"Newmont Vekol, Vekol Mine","Diabase And Sedimentary Rocks Near Contact Of Laramide Stock, Fracturing","Anderson, Claire, Br, Hasler, J. William, Orris, Greta J., Peterson, Jocelyn A.","""Pinal Schist;Apache Group;Martin Limestone;Bolsa Quartzite;Abrigo Formation"", ""Bolsa Quartzite and Abrigo Formation; Martin Limestone; Escabrosa Limestone; Naco Limestone""","Schist,Sandstone,Limestone",,Andesite,Major Fracture Control; Complex Faulting And Tilting,Basin And Range,"Steele, H.J., 1978, Vekol Hills copper deposit: Arizona Geological Society Digest 11, p. 36.GREELY, 1978, ADMR SPECIAL REPT 2, P. 83-87.CHAFFEE, 1977, USGS BULL 1278-E.SAWYER, M.B., GURMENDI, A.C., DALEY, M.R., AND HOWELL, S.B., 1992, PRINCIPAL DEPOSITS OF STRATEGIC AND CRITICAL MINERALS IN ARIZONA:    U.S. BUREAU OF MINES SPECIAL PUBLICATION, 334 P.CARPENTER, 1947, PH.D. THESIS, STANFORD UNIV.ABGMT CLIPPINGS FILESABGMT-USBM FILE DATAADMR FILE DATAUSGS MF-931BLM DISTRICT SHEET 542TENNEY, 1927-29, HISTORY OF MINING IN AZ, P. 333-335. \nTENNEY, 1934, ABM, RECONN OF CASA GRANDE MINING DISTRICT.USAEC PRELIM RECONN REPT, 1953.PETERSON, J.A., AND TOSDAL, R.M., 1986, MINERAL OCCURRENCE MAP AND TABULATION OF GEOLOGIC, COMMODITY, AND PRODUCTION DATA, AJO AND LUKEVILLE QUADRANGLES, SOUTHWESTERN ARIZONA: U.S. GEOLOGICAL SURVEY MISCELLANEOUS FIELD STUDIES MAP MF-1834-A, SCALE 1:250,000.NIEMUTH, N.J., 1987, ARIZONA MINERAL DEVELOPMENT 1984-1986: ARIZONA DEPARTMENT OF MINES AND MINERAL RESOURCES DIRECTORY 29, 46 P.CIMRILong, K.R., 1995, Production and reserves of Cordilleran (Alaska to Chile) porphyry copper deposits; in Pierce, F.W. and Bolm, J.G., eds., Porphyry Copper Deposits of the American Cordillera, Arizona Geological Society, Digest 20, p. 35-68.Titley, S.R. and Anthony, E.Y., 1989, Laramide mineral deposits in Arizona; in Jenney, J.P. and Reynolds, S.J., eds., Geologic Evolution of Arizona, Arizona Geological Society, Digest 17, p. 485-514.",,1882,,1965,,1879,"John D. Walker, P.R. Brady, Lucien Walker",,porphyry_subset
10261965,Lights Creek Copper Deposits,40.21657,-120.784,United States,California,Plumas,Copper,"Gold, Silver",,Past Producer,53: Porphyry Cu,5|3: Porphyry Cu,True,True,A,https://mrdata.usgs.gov/mrds/show-mrds.php?dep_id=10261965,M020834,60630363,NA,M,Surface-Underground,,,,,"Actinolite, Apatite, Azurite, Bornite, Calcite, Chalcocite, Chalcopyrite, Chlorite, Chrysocolla, Copper, Covellite, Dolomite, Epidote, Galena, Limonite, Magnesite, Magnetite, Malachite, Mica, Molybdenite, Orthoclase, Plagioclase, Pyrite, Pyrrhotite, Quartz, Schorlite, Sericite, Siderite, Sphalerite, Tennantite, Tetrahedrite",,Surface,,,"Engles-Superior, Sulfide Ridge, Superior-Engel, Moonlight",,"Hillman, Anderson, Claire",,,,,,,"Storey, L.O., 1978, Geology and mineralization of the Lights Creek Stock, Plumas County, California; Arizona Geological Society Digest, Volume 11, p. 49-58.Evernden, J.F. and Kistler, R.W., 1970, Chronology of emplacement of Mesozoic batholithic complexes in California and western Nevada; United States Geological Survey, Professional Paper 623, 42 p.Amex, 1972Anderson,C.A.,1931.The Geology Of The Engles And Superior Mines, Plumas County, Calif.:Univ.Of Calif.,Dept. Of Geol.Sci.Bulletin,V.20,1931, Pp.293-330.California Division Of Mines And Geology,1960 Geologic Map Of Calif. Westwood Sheet.Diller,J.S.,1903,Geology Of The Talorsville Region,Ca. Westwood Sheet,1960Gentry.G.G.,1952,Dmea Rept 2161. Englemine,Plumas County, California; Us.Bumines 12p.Ingco.G,1974, Situation Rept-Lights Creek Copper Mine: U.S. Forest Service,Greenville Ranger District, Plumas National Forest 71p.Knopf,A.,And Anderson,C.A.,1930,The Engels Copper Deposits, Calif. Econ Geol. V.25 P.14-35.Macboyle,E.,1918,Mines And Mineral Resources Of Plumas Co. Calif.Div.Of Mines And Geol.,16th Rept Of The State Minerologist,P.31-36 And 55-59.Moore,L.1970, The Engels Copper Deposit;U.S.Bumines Unpub Report.Nelson,W.I.,1930,Mining Methods And Costs At The Engles Mine Plumas County,Ca.;Us Bumines Ic 6260, 23p.Putman,G.W.,1972,Basic Metal Distribution In Granitic Rks; Data From The Lights Creek And Rocky Hill Stocks,Cal. Econ.Geol.V.67, P.511-527.Putman,G.W.,1975,Basic Metal Distribution In Granitic Rocks Three Dimensional Variation In The Lights Creek Stock Cal; Econ.Geol,V.70, P.1225-1241.Smith,A.R.,1970,Trace Elements In The Plumas Copper Belt, Plumas County,Calif. Calif.Divv.Of Mines And Geol. Special Report 103, 26p.Storey,L.O.,1976,Geology And Mineralization Of The Lights Creek Stock,,Plumas County,Calif.Paper Given At The Porphyry Copper Symposium,Tuscon,Ariz, 1976,17p.Hillman,C.T., And Schumacher, O., Lights Creek Copper Deposit Plumas County, Calif., U.S.Bumines Mas Deposit Report, 1978 40 P.Averill,C.V.,1928,Mining Activity In Plumas County. Calif.Div.Mines And Geol.24th Rept.Fo The State Minerol P.271-278Nelson,W.I.,1932,Mining Methods And Costs At The Superior Concentrator Of The Engles Copper Mining Co.,Plumas Co. Calif.Bumines Jc6550,.23p.Storey,L.O.,1977,Written Comm.Sr.Geol.Placer Amex.Singer and others, (2008),  Sheffield Resources Ltd. (2006)Anon.,1976,Porphyry Prospectors Learn How To Find Big Bodies At Arizona Geology Symposium. World Mining. V.29,No.6.,Pp.44-45",,1914,,,,1880,,,porphyry_subset
10109418,Superior,40.2032,-120.775,United States,California,Plumas,Copper,"Gold, Silver","Zinc, Lead",Producer,53: Porphyry Cu,5|3: Porphyry Cu,True,True,B,https://mrdata.usgs.gov/mrds/show-mrds.php?dep_id=10109418,M020836,,NA,M,Unknown,,S,"Bornite, Chalcocite, Chalcopyrite, Magnetite, Pyrite, Sphalerite, Tetrahedrite","Actinolite, Apatite, Quartz, Siderite",,,,,Hydrothermal Solutions,Engels,Fractures And Joint Planes,"Fraticelli, L. A. (Albers, J.)",,Quartz Monzonite,,"Lamprophyre,Granite",,,"AVERILL, C.V., 1924 , REDDING FIELD DIVISION;  24 TH REPT. STATE MINERALOGIST;  CALIF. MIN. BUR., P. 275 - 278GOODWIN, J.G., LEAD AND ZINC IN CALIF.;    CALIF. JOUR. MINES AND GEOLOGY, VOL. 53 , NOS. 3 & 4 ; DIV. OF MINES, P. 599MAC BOYLE, E., 1918 , PLUMAS COUNTY:  16 TH REPT. STATE MINERALOGIST;  CALIF. MIN. BUR., P. 55 - 59.",,,,,,,,,porphyry_subset
10264283,Allard Stock,37.40671,-108.089,United States,Colorado,La Plata,Copper,,"Gold, Silver, PGE, Lead",Occurrence,53: Porphyry Cu,5|3: Porphyry Cu,True,True,B,https://mrdata.usgs.gov/mrds/show-mrds.php?dep_id=10264283,D010798,80670019,NA,M,Underground,,,"Galena, Pyrite","Augite, Calcite, Chrysocolla, Fluorite, Limonite, Magnetite, Malachite, Quartz",,,,,,"Northerner, Skippy, Gail, North Star, Morning Star, Bright Star, Offset Nos. 1-2, Northwesterner, Minnie, Protection, Flaussie Nos. 1-3, Audrey Nos. 1-2, Prize, Chance Nos. 1-2, Unpatented Claims: Copper Hill, Jane Nos. 1-4, Bill, Beverly, Herb, Jeanie, Larry, Punkey, Willie, Willow Springs, Esmerelda, Hill Nos. 1-3Jean, Ute, Ruby Nos. 1-95, Shorty Nos. 1-4, Pinky Nos. 1-2, Madden No. 1, Hazel Nos. 1-2, Sandra, Marge Nos. 1-2",,"Intermountain Field Operations Center (IFOC), Schwochow, Stephen D., Wilson, Anna B.",,,Nonporphyritic Rocks--Syenite,Syenite,,,"Ref: Cbm Annual Report 1968, Topo MapOwn/Op: Humble Oil Co.  1968Bom Openfile Rpt MLA 2-92Schwartz, G.M., And Others, 1949, Disseminated Chalcopyrite With Platinum And Palladium, In Eckel, E.B., And Others, Geology And Ore Deposits Of The La Plata District, Colorado: USGS Prof. Paper 219, P. 63-65, 84-85.Eckel, E.B., 1938, Copper Ores Of The La Plata District, Colorado, And Their Platinum Content: Colorado Sci. Soc. Proc., V.13, No. 12, P. 647-664.Colorado Div. Mines Inf. Rept.",,,,,,,,,porphyry_subset
10400263,Blanca District,37.57174,-105.487,United States,Colorado,Huerfano,"Copper, Zinc, Lead, Silver","Molybdenum, Tungsten, Gold, Antimony",,Past Producer,79: Porphyry Cu-Mo85: Polymetallic veins,7|9: Porphyry Cu-Mo|8|5: Polymetallic veins,True,True,E,https://mrdata.usgs.gov/mrds/show-mrds.php?dep_id=10400263,,,NA,M,Underground,hydrothermal veins,,,,,,,,,Blanca,,,,Gabbro,,"Rhyolite,Basalt",,,,,,,,,,,,porphyry_subset
10012295,Iron Mountain Mine,38.11807,-105.373,United States,Colorado,Custer,"Silver, Iron",,"REE, Molybdenum, Copper",Past Producer,79: Porphyry Cu-Mo82: Epithermal veins,7|9: Porphyry Cu-Mo|8|2: Epithermal veins,True,True,B,https://mrdata.usgs.gov/mrds/show-mrds.php?dep_id=10012295,D007848,,NA,M,Surface-Underground,,S,"Sphalerite, Apatite, Brochantite, Goethite, Hematite, Jarosite, Magnetite, Molybdenite, Powellite, Pyrite, Siderite, Tennantite","Actinolite, Barite, Calcite, Chalcedony, Chlorite, Diopside, Phlogopite, Quartz, Ankerite",,DIKE,Underground,"Weak Argillization, Hydrothermal Alteration With Silicification",,"Iron Hill Mine, Iron Mine","Fault, Volcanic Vent, Breccia Dike","Beach, Richard A., Collins, Donna B. (King, Robert U.)",,"Trachyandesite,Andesite",Bunker Trachyandesite,"Trachyandesite,Andesite","Rosita Volcanic Center, Wet Mtns, Several Small Faults, Ring Faults",Central Cordillera (Southern Rocky Mtns),"CROSS, WHITMAN, 1896, GEOLOGY OF SILVER CLIFF AND THE ROSITA HILLS, COLORADO:    USGS 17TH ANN. REPORT, PT. 2, P. 263-403.SHARP, W.M., 1978, GEOLOGIC MAP OF THE SILVER CLIFF AND ROSITA VOLCANIC CENTERS, CUSTER COUNTY, COLORADO: USGS MAP I-1081.HILDEBRAND, F.A. AND CONKLIN, N.M., 1974, A BRECCIA DIKE CONTAINING RARE-EARTH-BEARING APATITE, MOLYBDENITE, AND MAGNETITE AT IRON HILL, CUSTER COUNTY, COLORADO:    ECONOMIC GEOLOGY, V. 69, P. 508-515.KING, R.U., UNPUBLISHED DATA.Sunshine Mining Co. Colorado exploration files, unpublished data, Colorado Geological Survey.",,1880,,1889,,1879,,,porphyry_subset
10008353,Wilson Peak,37.85,-108.001,United States,Colorado,Dolores,"Molybdenum, Copper",,,Occurrence,53: Porphyry Cu,5|3: Porphyry Cu,True,True,D,https://mrdata.usgs.gov/mrds/show-mrds.php?dep_id=10008353,D000426,,NA,M,Unknown,,N,,,,,,,,,,"King, Robert U.",,Quartz Monzonite,,,,,"KING, R.U., (UNPUB. DATA)1972 DIREXPL TEXAS GULF INC",,,,,,,,,porphyry_subset
10068211,Stevenson Bowers Hill Copper Mine,41.39299,-73.1685,United States,Connecticut,New Haven,Copper,,,Past Producer,53: Porphyry Cu,5|3: Porphyry Cu,True,True,B,https://mrdata.usgs.gov/mrds/show-mrds.php?dep_id=10068211,W001159,,NA,M,Unknown,Metamorphosed Volcanic An,S,,"Calcite, Magnetite, Biotite, Muscovite, Microcline, Plagioclase, Quartz",,,,,,,,"D'Agostino, John P., Mchone, Nancy",,,,,,,"CROWLEY, W. P., 1968, ""BEDROCK GEOL. LONG HILL QUAD."", CONN. GEOLOGICAL SURVEY, QUAD REPORT NO. 24, MAP, TEXT, PG. 74Crowley, W. P., 1968, ""Bedrock Geol. Long Hill Quad."", Conn. Geol. Survey, Quad Report No. 24, Map, Text, Pg. 74.Heermance, E.L.., 1935, ""The Conn. Guide: Emergency Relief Commission,"" Hartford, Conn., Pg. 122Harte, C.R., 1944, ""Conn.'S Iron And Copper,"" Conn. Society Of Civil Engineers, 60th Annual Report, Pg. 162-163Scott, R.B., 1974, ""The Bedrock Geology Of The Southbury Quad., Conn.,""  State Geological And Natural History Survey Of Conn. Quad. Report No. 30, Pg. 56Weed, W.H., 1911, ""Copper Deposits Of The Appalachian States,"" USGS Bulletin 455, Pg. 37SCHAIRER, J. F., 1931, The Minerals of Connecticut:  State Geological and Natural History Survey of Connecticut, v. 51,121 pp.",,,,,,,UNKNOWN,,porphyry_subset
10096858,Bobcat Gulch Prospect,45.35629,-113.995,United States,Idaho,Lemhi,"Molybdenum, Copper",,Gold,Prospect,78: Porphyry Cu-Au,7|8: Porphyry Cu-Au,True,True,B,https://mrdata.usgs.gov/mrds/show-mrds.php?dep_id=10096858,D011328,160590865,NA,M,Unknown,Porphyry Cu-Au,N,"Chalcocite, Chalcopyrite, Molybdenite, Gold",Pyrite,,,,,Secondary Chalcocite Blanket,Napolean Ridge,,"Loen, Jeffrey S. (Pearson, Robert C.), Lowe, Nathan T.",Yellowjacket Formation,Diorite,Bobcat Gulch Pluton;Granodiorite,Diorite,Cannivan-White Cloud Mo Belt,,"BUNNING AND BURNET, 1981 CU-MO MINERALIZATION IN THE BOBCAT GULCH PORPHYRY SYSTEM, LEMHI CO, ID: NW MINING CONVENTION PAPER, II P.PETERS, D.W., 1980, FOREST SERVICE FILES, SALMON IDAHO.",,,,,,1977,,,porphyry_subset
10078685,Cumo Prospect,44.03598,-115.784,United States,Idaho,Boise,"Copper, Molybdenum","Silver, Tungsten","Lead, Rhenium, Zinc, Gallium",Prospect,"79: Porphyry Cu-Mo80: Porphyry Mo, low-F","7|9: Porphyry Cu-Mo|8|0: Porphyry Mo, low-F",True,True,A,https://mrdata.usgs.gov/mrds/show-mrds.php?dep_id=10078685,W027150,160150056,NA,M,Unknown,Cu-Mo porphyry,N,"Chalcocite, Chalcopyrite, Covellite, Galena, Molybdenite, Sphalerite","Biotite, Calcite, Chlorite, Epidote, Plagioclase, Pyrite, Quartz",,tabular,,"Silicification, Argillization, Propylitization, Potassic, Oxidation",,Cumo Moly Deposit,Fractures,"Siefken, Robert R. (Miller, Pat), Causey, J. Douglas, Kiilsgaard, Thor, Bookstrom, A.A.",,"Dacite,Quartz Latite,Andesite,Lamprophyre","Idaho Batholith-Quartz Monzonite;Dikes-Biotite Quartz Latite Porphyry, Andesite, Dacite Porphyry, Lamprophyre;Dikes-Rhyolite, Diabase","Dacite,Quartz Latite,Andesite,Lamprophyre","Fractures, Shears And Faults, Breccia",Boise Basin,"Mosquito Consolidated Gold Mines, Ltd., 2007, Mosquito confirms historical assays at Cumo: on line at http://www.mosquitogold.com, 6/11/07.WHITNEY, M. S., 1975 , GEOLOGY OF THE CUMO PROSPECT, BOISE COUNTY, IDAHO:  GOLDEN, COLORADO, COLORADO SCHOOL OF MINES, M. S. THESIS, 84 P.IDAHO DEPT. OF LABOR AND INDUSTRIAL SERVICES, 1975 , FIRST ANNUAL REPORT ADDENDUM, JULY 1 , 1974 - JUNE 30 , 1975 , 95 P.1971 GEOLMAP MIDWEST OIL CO., WHITNEY M. S. THESIS1974 GEOLMAP AMAX EXPLORATION, INC., WHITNEY M. S. THESIS1975 COMPILE IDAHO DEPT LABOR AND INDUSTRIAL SERVICES, ADDENDUMSHANNON, S.S., JR., 1971, EVALUATION OF COPPER AND MOLYBDENUM GEOCHEMICAL ANOMALIES AT THE CUMO PROSPECT, BOISE COUNTY, IDAHO, IN BOYLE, R.W., AND MCGERRIGLE, J.I., EDS., GEOCHEMICAL EXPLORATION: CANADIAN INST. OF MINING AND METALL. SPEC. VOL. II, P. 247-250.Worthington, J.e., 2007, Porphyry and other molybdenum deposits of Idaho and Montana: Idaho Geological Survey Technical Report 07-3, University of Idaho, Moscow, IdahoHolmgren, J. A., 2008 , SUMMARY REPORT ON THE CUMO PROPERTY\nBOISE COUNTY, IDAHO, for Mosquito Consolidated Gold Mines: CUMO 2008 Technical Report\nAnderson, A.L., 1947, Geology and ore deposits of the Boise Basin, Idaho:  U.S. Geological Survey Bulletin 944-C.Baker, Donald J., 1985, Geology of the Cumo molybdenum-copper system, Boise County, Idaho:  Geological Society of America Abstracts with Programs, 1985, V. 17, No. 4, p. 207.Kiilsgaard, T.H., and Lewis, R.S., 1985, Plutonic rocks of Cretaceous age and faults in the Atlanta lobe of the Idaho batholith, Challis quadrangle:    U.S. Geological Survey Bulletin 1658, Chapter B.Kiilsgaard, T.H., and Bennett, E.H., 1995, Tertiary molybdenum stockworks, in Geology and Mineral Resource Assessments of the Challis 1o x 2o Quadrangle, Idaho:  U.S. Geological Survey Professional Paper 1525, p. 131-134.Baker, D.J., 1983, The CUMO Molybdenite System, Boise, Idaho, A Comprehensive Summary?,Climax Molybdenum Company, April 1983, unpublished.Killsgaard, T.H, Fisher, F.S. and Bennet, E.H., 1989, Gold-Silver Deposits Associated with the Trans-Challis Fault System, Idaho; USGS Bull 1857-B, p. B22-B44George Cross Newsletter, 1995, Report on CUMO drilling, February 16.Rostad, Ora, 1978, Discussion notes:  Economic Geology, vol. 73, p. 1366-1367.MOSQUITO CONSOLIDATED GOLD MINES LIMITED, 2009, MOSQUITO FILES CUMO NI 43-101, ANNOUNCES 1.3 BILLION TONS INDICATED, 2.2 BILLION TONS INFERRED OF HIGHER-GRADE MULTI-ELEMENT MINERALIZATION: NI43-101 report filed by Mosquite Consolidated Gold Mines Limited with SEDAR [www.mosquitogold.com] accessed from http://www.infomine.com/index/pr/PA751752.PDF, July 14, 2009.Jones, Ivor, et al, 2011, Resource Estimate Update May 2011, NI 43-101 Technical Report prepared for Mosquito Consolidated Gold Mines Ltd. Cumo Project; submitted to sedar.com on  June 15, 2011, 223 pages",,,,,,,,,porphyry_subset
10089294,Empire Mine,43.89197,-113.669,United States,Idaho,Custer,"Gold, Copper, Silver","Zinc, Molybdenum, Tungsten",Lead,Past Producer,53: Porphyry Cu,5|3: Porphyry Cu,True,True,A,https://mrdata.usgs.gov/mrds/show-mrds.php?dep_id=10089294,W015690,160000000,NA,M,Underground,Cu-Zn skarn deposit,S,"Bornite, Chalcocite, Chalcopyrite, Covellite, Cuprite, Galena, Malachite, Molybdenite, Scheelite, Sphalerite, Tenorite, Tetrahedrite, Powellite","Calcite, Epidote, Fluorite, Gypsum, Magnetite, Pyrite, Pyroxene, Pyrrhotite, Quartz, Specularite, Wollastonite",,"LINEAR, IRREGULAR",Surface/Underground,Oxidation,Hypogene,"Vaught, Phoenix, Sultana, Idaho Metals Co., White Knob, Empire Copper Co., Darlington Shaft, Alberta, Copper Bullion, Idaho Alta Drive, Cossack Tunnel","Shear Zones, Contact Of Limestone And Intrusive Rocks","Causey, J. Douglas, King, Robert U., McHugh, Edward L., Steigner, William D.; Miller, Pat","White Knob Limestone; Marble, Tactite, Skarn","Skarn (Tactite),Limestone",Leucogranite Porphyry;Dike-Basalt,Granite,"Jointing, Faults",,"Cook, E. F., 1956, Tungsten Deposits Of South-Central Idaho:  Idaho Bureau Of Mines And Geology Pamphlet 108, 40 P.Griner, W. C., 1974, Seventy-First Annual Report Of The Mining Industry Of Idaho For 1973-1974Leland, G. R., 1957, General Geology And Mineralization Of The Mackay Stock Area:  Moscow, Idaho, Univ. Of Idaho, M. S. Thesis, 71 P.Ross, C. P., 1930, Geology And Ore Deposits Of The Seafoam, Alder Creek, Little Smoky And Willow Creek Mining Districts, Custer And Camas Counties, Idaho:  Idaho Bureau Of Mines And Geology Pamphlet 33, 26 P.Minobras, 1975, Idaho Industrial Minerals:  MinobrasHobbs, S. W., 1964, Mineral Resource-Tungsten, Idaho Bureau Of Mines And Geology Spec. Rept. No. 1, P. 223-233.Nelson, W. H., And Ross, C. P., 1968, Geology Of Part Of The Alder Creek Mining District, Custer County, Idaho:    USGS Bull. 1252-A, 30 P.Umpleby, J. B., 1917, Geology And Ore Deposits Of The Mackay Region, Idaho: USGS Prof. Paper 97, 129 P.USBM, 1945-1951, Gold, Silver, Copper, Lead, And Zinc In Idaho:  USBM Mineral Yearbooks For 1943-19491917 Geolmap Umpleby, J. B., Prof. Paper 971930 Geolmap Idaho Bureau Of Mines And Geology Pamphlet 331956 Recon Idaho Bureau Of Mines And Geology Pamphlet 1081968 Geolmap Nelson, W. H. And Ross, C. P., Bull. 1252-AChang, Zahoshan, and Meinert, L.D., 2010, The Empire Mine, Idaho: Exploration implications of unusual skarn features related to high fluorine activity: Economic Geology v. 103, 909-938.Item 1, Cook, E. F., 1956, Idaho Bureau Of Mines And Geology Pamphlet 108; Items 2, 8-12, Leland, G. R., 1957, Univ. Idaho M. S. Thesis; Item 8 Grade, Umpleby, J. B., 1917, USGS Prof. Paper 97; Items 3-7, 13, Usbm, 1945-1951, Mineral Yearbooks For 1943-1949",,1902,,,,1884,,,porphyry_subset
10193063,Sultana Project,43.88977,-113.675,United States,Idaho,Custer,"Silver, Gold, Copper",Molybdenum,,Prospect,53: Porphyry Cu64: Skarn Au,5|3: Porphyry Cu|6|4: Skarn Au,True,True,B,https://mrdata.usgs.gov/mrds/show-mrds.php?dep_id=10193063,,160370073,NA,M,Surface,,,"Bornite, Chalcocite, Chalcopyrite, Covellite, Cuprite, Galena, Malachite, Molybdenite, Scheelite, Sphalerite, Tenorite, Tetrahedrite, Powellite","Calcite, Epidote, Fluorite, Gypsum, Magnetite, Pyrite, Pyroxene, Pyrrhotite, Quartz, Specularite, Wollastonite",,,,,,Empire Mine (Dep_id 10089294),,"Causey, J. Douglas, Buckingham, David A.",White Knob Limestone,"Granite,Limestone,Skarn (Tactite)",,,,,"THE MINING RECORD, VOL., 107, #36, SEPT., 4, 1996, P. 16.THE MINING RECORD, VOL., 107, #43, OCT., 23, 1996, P. 5.THE MINING RECORD, VOL., 107, #47, NOV., 20, 1996, P. 1.INFO-MINE-DAILY PROSPECTOR, APRIL 26-28/97.Cambiex Acquires an Option on a 50 Percent Interest in the Sultana Copper-Gold Property. http://www.thefreelibrary.com/Cambiex+Acquires+an+Option+on+a+50+Percent+Interest+in+the+Sultana...-a018087336, accessed 07/23/2009.",,,,,,,,,porphyry_subset
10084508,Catheart Mountain,45.534,-70.2161,United States,Maine,Somerset,"Copper, Molybdenum, Rhenium",Fluorine-Fluorite,,Occurrence,53: Porphyry Cu,5|3: Porphyry Cu,True,True,C,https://mrdata.usgs.gov/mrds/show-mrds.php?dep_id=10084508,W101892,,NA,B,Unknown,Stockwork/Pipe,N,"Molybdenite, Chalcopyrite",,,,,,,Catheart Mt.,,"Whitlow, S., Beck, F.M., Woodruff, Laurel G.",,,,,,,"R. SCHMIDT; YOUNG, ORE DEPOSITS IN THE UNITED STATESYoung, R.W., 1968, Mineral Exploration And Development In Maine:  In Ridge, J.D. (Ed), Ore Deposits Of The United States, 1933-1967 (Graton-Sales Volume):  American Institute Of Mining, Metallurgical And Petroleum Engineers, V. 1, P. 125-13Young, R.W., 1968, Mineral Exploration And Development In Maine:    In Ridge, J.D. (Ed), Ore Deposits Of The United States, 1933-1967 (Graton-Sales Volume):  American Institute Of Mining, Metallurgical And Petroleum Engineers, V. 1, P. 125-13Schmidt, R.G., 1978, The Potential For Porphyry Copper-Molybdenum Deposits In The Eastern United States:  U.S. Geological Survey Professional Paper 907e, 31 P.Schmidt, R.G., 1978, The Potential For Porphyry Copper-Molybdenum Deposits In The Eastern United States:  U.S. Geological Survey Professional Paper 907e, 31 P.",,,,,,,,,porphyry_subset
10008392,Catheart Mtn.,45.53328,-70.2161,United States,Maine,Somerset,"Molybdenum, Rhenium",,,Occurrence,53: Porphyry Cu,5|3: Porphyry Cu,True,False,C,https://mrdata.usgs.gov/mrds/show-mrds.php?dep_id=10008392,D000504,,NA,M,Unknown,,N,"Chalcopyrite, Molybdenite",,,,,,,,,"Mosier, Dan, King, Robert U., Beougher, Dee (Spanski, Gregory T.)",Attean Quartz Monzonite;,Quartz Monzonite,,,,,"SCHMIDT, R.G., 1974, PRELIMINARY STUDY OF ROCK ALTERATION IN THE CATHEART MTN. MOLYBDENUM-COPPER DEPOSIT, MAINE: UNPUB REPTUSGS JOURNAL OF RESEARCH V. 2, NO. 2AUGUST, 1968: E/MJ1970 DIREXPLDIREXPL NORANDA EXPLORATION CO.E/MJ 8,68",,,,,,1963,,,porphyry_subset
60001622,Butte District,46.0249,-112.53,United States,Montana,Silver Bow,"Lead, Zinc, Manganese, Silver, Copper, Gold","Tellurium, Sulfur, Cadmium, Selenium, Calcium, Bismuth",,Producer,53: Porphyry Cu,5|3: Porphyry Cu,True,True,C,https://mrdata.usgs.gov/mrds/show-mrds.php?dep_id=60001622,W002663,,NA,B,Unknown,"FISSURE VEINS, SHEAR ZONE, PLACER, PIPES, REPLACEMENTS",L,,,,,,"OXIDATION, PYRITIZATION, SERICITIZATION",SECONDARY ENRICHMENT,Summit Valley District,ANACONDA AND BLUE VEINS,,,,,,"RARUS FAULT SYSTEM; ANACONDA AND BLUE VEINS (HORESETAIL VEINS), CONTINENTAL FAULT, BOULDER BATHOLITH, LEWIS AND CLARK LINEAMENT",,"BUTTE FIELD MEETING OF THE SOCIETY OF ECO. GEOL., 1973.USGS PP 74.USGS-USBM MINERAL YEARBOOKS.MC MAHON, A.D., ET AL, 1974, THE U.S. ZINC INDUSTRY: A HISTORICAL PERSPECTIVE; U.S. BUREAU OF MINES INFO. CIRC. 8629 P. 26, 7.MILLER, R.N., 1973, PRODUCTION HISTORY OF THE BUTTE DISTRICT AND GEOLOGICAL FUNCTION, PAST AND PRESENT; IN SOC. ECON. GEOLOGISTS, BUTTE FIELD MEETING P. F-2.MEYER, CHARLES, ET AL, 1968, ORE DEPOSITS AT BUTTE, MONTANA; IN RIDGE, J.D. EO., 1968, ORE DEPOSITS OF THE U.S., 1933-1967, V. 2, P. 1373-1416.",,1880,,,,,,,porphyry_subset
10221947,Heddleston Deposit,47.0233,-112.363,United States,Montana,Lewis and Clark,Copper,"Gold, Zinc, Lead, Silver, Molybdenum",,Past Producer,"79: Porphyry Cu-Mo80: Porphyry Mo, low-F","7|9: Porphyry Cu-Mo|8|0: Porphyry Mo, low-F",True,True,A,https://mrdata.usgs.gov/mrds/show-mrds.php?dep_id=10221947,W016825,300490004,NA,M,Surface,Porphyry Cu-Mo,,"Chalcocite, Chalcopyrite, Covellite, Molybdenite, Pyrite, Sphalerite, Galena, Arsenopyrite, Bornite, Tetrahedrite","Biotite, Feldspar, Plagioclase, Quartz",,lenses and shoots,"Surface, Underground",,,"Carbonate Mine - 0300490040, Heddleston Copper Project, Heddleston Group, Midnight Mine - 0300490284, Paymaster Mine - 0300490242, Anaconda Mine - 0300490146, Mike Horse Mine - 0300490362",,"Causey, J. Douglas, Mlynarczyk, Meg S., Spear, James M., Fisher, Fred S.",,"Quartz Monzonite,Porphyry",BELT SERIES SPOKANE FORMATION,"Quartzite,Argillite,Diorite,Trachyte",,,"MILLER, R.N.  SHEA, E.P., GODDARD, C.C. JR., POTTER, C.W., AND BROX, G.B., APRIL 1973, GEOLOGY OF THE HEDDLESTON COPPER-MOLYBDENITE DEPOSIT, LEWIS AND CLARK COUNTY, MT.:  PROCEEDINGS OF THE 1973 PACIFIC NW MINING AND METALS CONFERENCE; American Institute of Mining, Metallurgical and Petroleum Engineers, Coeur d'Alene, Idaho.PARDEE, J.T. AND SCHRADER, F.C., 1933, METALLIFEROUS DEPOSITS OF THE GREATER HELENA MINING REGION: USGS BULL. 842, 318 p.LAWSON, D.C., 1975, DIRECTORY OF MINING ENTERPRISES FOR 1974: MBMG BULLETIN 95, P. 14.MELSON, W.G., 1964, GEOLOGY OF THE LINCOLN AREA, MONTANA AND CONTACT METAMORPHISM OF IMPURE CARBONATE ROCKS: PH. D. DISSERTATION, PRINCETON UNIVERSITY, 153 P.MCCLERNAN, H.G., 1983, METALLIC MINERAL DEPOSITS OF LEWIS AND CLARK COUNTY, MONTANA: MBMG MEMOIR 52, 73 P.RICHMOND, R.C., 1975, GEOLOGICAL EXPLORATION IN THE HEDDLESTON DISTRICT, MONTANA.  PROCEDDINGS OF THE 1973 PACIFIC NWMINING AND METALS CONFERENCE, APRIL 1973. MONT. BUREAU OF MINES AND GEOL. BULLETIN 95, P. 14.ROBERTSON, F., 1956, GEOCHEMICAL PROSPECTING BY SOIL ANALYSES IN MT, MT BUREAU OF MINES & GEOLOGY BULL. 7.http://www.cbre.com/NR/rdonlyres/B8A28904-58AE-4CD5-B26A-BBD8289AF853/479303/HeddlestonTeaser.pdf (Information provided to prospective buyers of the property).",,1915,,,,1898,,Joseph Heitmiller,porphyry_subset
10173000,Montana Resources (Butte/Berkely/Continental),46.0202,-112.527,United States,Montana,Silver Bow,"Copper, Silver, Molybdenum",Gold,"Zinc, Manganese, Lead",Producer,79: Porphyry Cu-Mo,7|9: Porphyry Cu-Mo,True,True,A,https://mrdata.usgs.gov/mrds/show-mrds.php?dep_id=10173000,W013425,300930001,NA,M,Surface,Porphyry Cu-Mo,,"Azurite, Bornite, Chalcocite, Chalcopyrite, Chrysocolla, Covellite, Cuprite, Enargite, Galena, Gold, Molybdenite, Silver, Sphalerite",Pyrite,"Barite, Calcite, Chalcanthite, Digenite, Fluorite, Gypsum, Huebnerite, Kaolin, Magnetite, Malachite, Marcasite, Pyrolusite, Quartz, Rhodochrosite, Rhodonite, Rutile, Sericite, Tennantite, Tenorite, Tetrahedrite, Wurtzite",Tabular,Surface,,,"Berkeley Pit, Berkeley Underground, Copper Moly Dome, Continental East, Continental West, Kelly, Badger, Elm, Berkeley Neck, Butte, Continental Area, Badger-Elm, Orlu",,"Buckingham, David A.",BUTTE QUARTZ MONZONITE,Quartz Monzonite,,Porphyry,,,"Lund, K., Aleinikoff, J.N., Kunk, M.J., Unruh, D.M., Zeihen, G.D., Hodges, W.C., du Bray, E. A. and O'Neill, J.M., 2002, SHRIMP U-Pb and 40Ar/ 39Ar age constraints for relating plutonism and mineralization in the Boulder Batholith region, Montana; Economic Geology, v. 97, p. 241-267.Bennett,Harold J.,Lyman Moore,Lawrence E.Welborn, And Joseph E.Toland. An Economic Appraisal Of The Supply Of Copper From Primary Domestic Sources, Bumines Ic 8598, 1973,156pp.Bonner,E.O. Berkeley Pit-Mining Plan Operations. Min.Eng.,March 1959, Pp.293-297.Brimhall,George,H.,Jr. Minerology, Texture, And Chemistry Of    Early Wallrock Alterations In The Deep Underground Mine And Continental Area, Butte District,Montana. In Guide-Book For The Butte Field Meeting Of Soc.Of Econ.Geol., Butte Montana,August 18-21,1973 Pp.H1-H4.Dayton,Stanley. Anaconda Maps Greatest Expansion Program In The History Of Butte.    Min.World.V.18,No.12,November 1956, Pp.56-61Dougherty,John F. Berkeley Pit Planning. Paper Presented At The National Western Min.Conf.Of The Colorado Min.    Assoc.,Denver,Colorado,Feburary 5,1965.Eilertson,Nils A. Estimating Direct Costs Of Development In A Block Caving Mine. Bumines Ic 8673,1975, 109pp.Goddard,Charles C.,Jr. Berkeley Pit History And Geology. Min Eng.,March 1959, Pp.290-292.Gustafson,Donald,L, Distribution,Minerology,And Structural Features Of The Horsetail Ore Bodies, Butte District, Montana. In Guide Book For The Butte Field Meeting Of Soc.Of Econ.Geol.,Butte Montana, August 18-21,1973 Pp.J1-J5.Hannifan,Martin K. Merits Of Open Pit Vs.Underground Mining In Butte. Min..Cong.J.,April 1972, Pp.119-123.Huttl,J.B. Berkeley Pit Blasting Is An Art. Eng.Min.J.,V.158    No.12, December 1957, Pp.107-110.Huttl,J.B.,Berkeley Pit Maintenence Area Is Planned For Efficiency. Eng.Min.J.,V.158,No.12, March 1958, Pp.110-113Huttl,J.B.,New Crushing-Conveying Plant Designed At Berkeley, Eng.Min.J.,V.158,No.12,December, 1957, Pp.102-103.Mcclave,Micheal A. Control And Distribution Of Supergene Enrichment In The Berkeley Pit, Butte District,Montana In Guidebook For The Butte Field Meeting Of Soc. Of Economic Geologiists, Butte,Montana, Aug.18-21, 1973, Pp.K1-K4Mcwilliams,John R. Mining Methods And Costs At The Anaconda Company Berkeley Pit, Butte,Montana. Bumines Ic 7888,1959,46pp.Meyer,Charles, Edward P.Shea,Charles C.Goddard Jr., And Staff,The Anaconda Company. Ore Deposits At Butte Montana. In Ore Deposits Of The United States, 1933-1967, V.11,1968, Pp. 1375-1416.Miller,Richard N. Production History Of The Butte District And Geological Function, Past And Present. In Guidebook For The Butte Field Meeting Of Society Of Economic Geologists,Butte,Montana, August 18-21,1973, Pp.  F1-F10O'Leary,V.D. Recent Developments Underground At Butte, Min. Eng.,November, 1963, Pp. 39-43Popoff,C.C. Block Caving At Kelly Mine, The Anaconda Company Butte, Montana.Bumines Ic 7758, Sept.1956, 102pp.Proffett, John M. Structure Of The Butte District,Montana. Guidebook For The Butte Field Meeting Of Society Ofeconomic Geologists,Butte, Montana,Aug.18-21, 1973,Pp. G1-G12.Ralph.F. Berkeley Pit. Crushing And Conveying System. Min.Eng.,March 1959, Pp. 298-300a.Read,Ransom F. Butte Copper-Berkeley Open Pit Mine And Underground, Butte,Montana.Bumines Mas Report, Jan. 1980 23pp.Sales,T.H. Ore Deposits At Butte Montana. Trans.Aime,V.46, 1914, Pp. 3-109.Sales,T.H.And C. Meyer. Priliminary Study Of Vein Formation,    Butte,Montana.  Econ.Geol.,V.44, No.6, 1949, Pp.465-484Shea,E.P. Development And Planning Of The Berkeley Pit.Min. Cong.J. V.43,No.7, July 1957, Pp.36-39.Spindler,John C. The Clean Up Of Silver Bow Creek. Min.Cong.J. June 1977, Pp. 58-63.Thomas,Richard A. Montana'S Giant Berkeley Pit Girds For Another 22 Years. Surface Mining,1977 Eng.Min.J., June  1977 Pp. 107-109.Thompson,Byrl T. Distribution Of Primary Mineralization And Hydrothermal Alteration Within The Berkeley Pit, Butte District, Montana. In Guidebook For The Butte Field  Meeting Of The Soc. Of Econ.Geol.,Butte,Montana,Aug.18-21, 1973, Pp. L1-L7.U.S.Congress. Closure Of Undergground Copper Mines. Hearingbefore The Subcommettee On Minerals, Materials, And Fuels Of The Committee On Interior And Insular Affairs,  United States Senate To Review The Anaconda Company'S Plan To Close Its Underground Copper Mines In Butte, Montana. 93rd Congress, 2nd Session, November 25,1974 ,123pp.United States Security Exchange Commision. Anacondacompany Proxy Statement For A Special Meeting Ofcompany Proxy Statement For A Special Meeting Of Shareholders To Be Held October 20, 1976, Spet.14,    1976, 104pp.Weed, W.H. Geology And Ore Deposits Of The Butte District, Montana.Us.Geological Survey Professional Paper 74., 265 Pp.Wraith, William Jr., And Fulmor,T.G.,Anaconda Company'S Butte Concentrator. Min. Eng. May 1964, Pp. 55-78Young,P.M. Berkeley Pit-Servicing Mobile Equipment.        Mining Engeneering Magazine, March 1959., Pp. 300b-     300d.Mont. Bureau Of Mines And Geol. Bulletin 129, 1991,Kirkpatrick, Dave.    Arco, Epa Balk At Drilling Test Wells. Montana Standard, June 26, 1992.Mining Record, Asarco Buys Interest In Montana Copper Mine,  5/10/89, P.1,2.Miner'S News, Asarco Inc. Joins Montana Resources In Copper    Venture, 6/89, P6b.Hansen, C.J., Going Good In Butte, Pay Dirt, 9/89, P.24b.Dayton, Stanley H., Montana Resources- Richest Hill Once Again Yielding Copper Treasure, Engineering And Mining Journal, 1/90, Pp. C58-C65.Tilman, Raymond V., Montana Resources Succeeds In Butte  Through United Efforts, Pay Dirt, 5/90, Pp. 5b,6b.Southwestern Pay Dirt, Mri Improves Moly Extraction From  Copper Ores At Butte, 6/91, P 22a.Rocky Mountain Pay Dirt, Epa Presents Its Plan For Cleaning  Up Butte'S Berkeley Pit, 2/94, P 18a.Kirkham, R.V. and Sinclair, W.D., 1996, Porphyry copper, gold, molybdenum, tungsten, tin, silver; in Eckstrand, O.R., Sinclair, W.D. and Thorpe, R.I., eds., Geology of Canadian Mineral Deposit Types, Geological Survey of Canada, Geology of Canada, no. 8, p. 421-446.Rusk B G, Reed M H, Dilles J H and Kent A J R,  2006 - Intensity of quartz cathodoluminescence and trace-element content in quartz from the porphyry copper deposit at Butte, Montana : in    American Mineralogist   v91 pp 1300-1312Rusk B, Reed M  2002 - Scanning electron microscope-cathodoluminescence analysis of quartz reveals complex growth histories in veins from the Butte Porphyry Copper deposit, Montana: in    Geology     v30 pp 727-73The portergeo.com.au web page for ""Butte, Continental, Berkely, Anaconda Vein"" has a long description of the geology.Rusk, B.G., Reed, M.H., Dilles, J.H., and Bodnar, R.J., 2000, Magmatic fluid evolution from an ancient magmatic-hydrothermal system: The porphyry copper-molybdenum deposit, Butte, MT: Geological Society of America Abstracts with Programs, v. 32, no. 7, p. 399.Denver Equipment Co. Modern Mineral Processing      Flowsheets. Denver Equip Co, Denver, Co, 1962.Mining Journal-various yearsAsarco Inc., 1993 Annual Report, P.A15-A18.Asarco Inc., Form 10-K.  Dec. 31, 1995.Singer, D.A., Berger, V.I., and Moring, B.C., 2008, Porphyry copper deposits of the world: database and grade and tonnage models, 2008: U.S. Geological Survey Open-File Report 2008-1155, 45 p. http://pubs.usgs.gov/of/2008/1155/",,1882,,,,1864,1880-2000,,porphyry_subset
10048830,Ann Mason,38.95991,-119.271,United States,Nevada,Lyon,Copper,,,Occurrence,53: Porphyry Cu,5|3: Porphyry Cu,True,True,D,https://mrdata.usgs.gov/mrds/show-mrds.php?dep_id=10048830,MP90062,,NA,M,Unknown,,N,,,,,,,Hydrothermal Sulfide Dissemination Related To Quartz Monzonite Intrusion,,Intrusion,Sachiko Tanikawa,,Quartz Monzonite,,Volcanic Rock (Aphanitic),Batholith,Back-Arc Marginal Basin,AMERICAN MINES HANDBOOK 1994,,,,,,1960,,,porphyry_subset
10310385,Ann Mason Copper Deposit,38.95991,-119.271,United States,Nevada,Lyon,Copper,"Molybdenum, Silver, Gold",,Prospect,53: Porphyry Cu,5|3: Porphyry Cu,True,True,A,https://mrdata.usgs.gov/mrds/show-mrds.php?dep_id=10310385,MP90062,,NA,,Surface,Porphyry copper,N,"Bornite, Chalcopyrite, Pyrite, Chalcocite",,"Apatite, Biotite, Feldspar, Hornblende, Ilmenite, Magnetite, Quartz, Sphene, Zircon",Massive,Underground,"Above the porphyry Cu?Mo orebodies (at 1 to 4 km depth), sericitic and local advanced argillic alteration dominate along structural zones that funneled magmatic fluids upward from the deep cupolas, and may be time-equivalent to deeper K-silicate alteration. \n\n",Hydrothermal sulfide dissemination related to quartz monzonite intrusion,"Ann Mason Copper Gold Molybdenum Project, Cast, Minnesota, Ludwig, Douglas Hill, Blue Hills, McConnell, Shamrock",granitic intrusive body,"Tanikawa, Saciko, Anderson, Claire, Spear, James M, Schruben, Paul G., LaPointe, D.D.","""Luhr Hill granite"", ""Yerington batholith ""","Granite,Quartz Monzonite",,"Alkalic Volcanic Rock,Sedimentary Rock,Volcanic Rock (Aphanitic)",,back-arc marginal basin,"American Mines Handbook 1994Long, K.R., DeYoung, J.H., Jr., and Ludington, S.D., 1998, Database of significant deposits of gold, silver, copper, lead, and zinc in the United States; Part A, Database description and analysis; part B, Digital database: U.S. Geological Survey Open-File Report 98-206, 33 p., one 3.5 inch diskette.Dilles, J.H., Proffett, J.M., and Einaudi, M.T., 2000, Field Trip Day 2: Magmatic and hydrothermal features of the Yerington batholith with emphasis on the porphyry Cu-(Mo) deposit in the Ann-Mason area: in Thompson, T.B. ed., Society of Economic Geologists, Guidebook 32, p. 67-90.Dilles, John H., 1983, The petrology and geochemistry of the Yerington batholith and the Ann-Mason porphyry copper deposit, western Nevada, Ph.D. Thesis, Stanford University, CA.Dilles, J. H., Solomon, G.C., Taylor, H.P., Jr., and Einaudi, M.T., 1992, Oxygen and hydrogen isotope characteristics of the Ann-Mason porphyry copper deposit, Yerington district, Nevada: Economic Geology, v. 87, no. 1, p. 44-63.Dilles, John H., 2002, Magmatic-Hydrothermal Fluids: A Summary of Temporal and Spatial Evolution from the 6 km Vertical Transect of the Porphyry Copper Systems in the Yerington Batholith, Nevada; GSA Abstracts with Programs.Dilles, J. H., and Einaudi, M. T., 1992, Wall-rock alteration and hydrothermal flow paths about the Ann-Mason porphyry copper deposit, Nevada--A 6 km vertical reconstruction: Economic Geology, v. 87, p. 1963-2001.Einaudi, Marco T., 1994, 6-km Vertical Cross Section Through Porphyry Copper Deposits, Yerington District, Nevada: Multiple Intrusions, Fluids, and Metal Sources; Society of Economic Geologists International Exchange Lecture - June 1994.Giralia Resources NL website, 2005, http://www.giralia.com.au/activities/annmason.htm2006 press releasePacific Magnesium Corp. Ltd., 2006, Ann Mason copper deposit ? new results, 4 p.: www.pacmag.com.au/aurora/assets/user_content/File/010606annmasonresults.pdfAlbino, G.V., 1995, Porphyry copper deposits of the Great Basin?Nevada, Utah, and adjacent California, in Pierce, F.W., and Bolm, J.G., eds, Porphyry copper deposits of the American Cordillera: Tucson, Arizona Geological Society Digest 20, p. 267?296.Dilles, J.H., and Proffett, J.M., 1995, Metallogenesis of the Yerington batholith, Nevada, in Pierce, F.W., and Bolm, J.G., eds., Porphyry copper deposits of the American Cordillera: Tucson, Arizona Geological Society Digest 20, p. 306?315.EINAUDI, M. DESCRIPTION OF SKARNS ASSOCIATED WITH PORPHYRY COPPER PLUTONS. PAPER IN ADVANCES IN GEOLOGY OF THE PORPHYRY COPPER DEPOSITS, SOUTHWESTERN NORTH AMERICA, ED. BY S. R. TITLEY. UNIV. AZ PRESS, TUCSON, AZ, 1982, PP. 145-148.EINAUDI, M. YERINGTON SKARNS; FIELD TRIP 10, SKARN DEPOSITS. PAPER IN EXPLORATION FOR ORE DEPOSITS OF THE NORTH AMERICAN CORDILLERA. FIELD TRIP GUIDEBOOK, ED. BY  J. L. JOHNSON. SYMP. OF ASSOC. EXPL. GEOCHEM., RENO, NV, MARCH 25-28, 1984, PP. 31-39.MOORE, J. G. GEOLOGY AND MINERAL DEPOSITS OF LYON, DOUGLAS, AND ORMSBY COUNTIES, NEVADA. NV BUREAU OF MINES AND GEOL. BULL. 75, 1969, 45 PP.PROFFETT, J. M. AND J. H. DILLES. GEOLOGIC MAP OF THE YERINGTON DISTRICT, NEVADA. NV BUREAU OF MINES AND GEOL., UNIV. OF NV, RENO, MAP 77, 1984.STODDARD, C., AND J. A. CARPENTER. MINERAL RESOURCES OF STOREY AND LYON COUNTIES, NEVADA. NV BUREAU OF MINES AND GEOL. BULL. 49, 1950, P. 89.WORLD MINING (SAN FRANCISCO) WHAT'S GOING ON IN WORLD MINING - UNITED STATES: NEVADA; YERINGTON DISTRICT WILL  BE A MAJOR FUTURE PORPHYRY COPPER PRODUCER. V. 29, NO. 3, 1976, P. 82.BARBER, G.A. VICE PRESDENT-EXPLORATION AND GEOLOGY, ANACONDA MINERALS DIVISION. CONFIDENTIAL COMPANY INFO. 1979. DILLES, J.H., THE PETROLOGY AND GEOCHEMISTRY OF THE YERINGTON BATHOLITH AND THE ANN-MASON PORPHRY COPPER DEPOSIT, WESTERN NEVADA. PHD THESIS STANFORD UNIVERSITY Deposit    33    CA. 1983. 389 PP.GALE, G.D. (LATE) METALLURGICAL ENGINEER, U.S. BUREAU OF MINES WESTERN FIELD OPERATION CENTER. MARGRET PROJECT. 1980.GEOLOGICAL SOCIETY OF AMERICA. THIRTY SIXTH ANNUAL MEETING- Deposit    ROCKY MOUNTAIN SECTION. THE GEOLOGICAL SOCIETY OF AMERICA VOLUME 15, NO. 5, 1983, P. 277.PROFFETT, J.M. JR. AND J.H. DILLES. GEOLOGIC MAP OF THE YERRINGTON DISTRICT NEVADA. NEVADA BUREAU OF MINES AND GEOLOGY MAP NO. 77. 1984.SECURITY AND EXCHANGE COMMISSION. FORM S-14 (STOCK REGISTRATION FORM). 1976, P. 60,67.U.S. DEPARTMENT OF COMMERCE NATIONAL OCEANIC AND ATMOSPHERIC ADMINISTRATION. MONTHLY NORMALS OF TEMPERATURE, PRECIP., AND HEATING AND COOLING DEGREE DAYS 1941-70, 1973, 10 P.Seedorff, E., Barton, M. , Stavast, W. and Maher D., 2008, Root Zones of Porphyry Systems: Extending the Porphyry Model to Depth: Econ. Geol. Vol 103 no, 5 p. 939-956Proffett, J.M., Jr., and Dilles, J.H., 1984, Geologic map of the Yerington district, Nevada: Nevada Bureau of Mines and Geology Map 77, scale 1:24,000.\n\nGiralia Resources NL, 2004, AGM Presentation, 25 November, 2004, 26 p.: www.giralia.com.au/pdf/asx/AGMPresentationNov%202004.pdfWORLD MINING (SAN FRANCISCO) ANACONDA - ATLANTIC RICHFIELD    MUST DIVEST CU RESERVES. V. 32. NO. 5, 1979, P. 65. ARIMETCO INTERNATIONAL INCORPORATED. 1995 ANNUAL REPORT. P.11.",,,,,,1960,,Anaconda Company (1971),porphyry_subset
60001009,Battle Mountain District,40.5085,-117.143,United States,Nevada,Lander,"Gold, Copper, Silver","Lead, Zinc",Antimony,Past Producer,"58: Porphyry Cu, skarn-related","5|8: Porphyry Cu, skarn-related",True,True,D,https://mrdata.usgs.gov/mrds/show-mrds.php?dep_id=60001009,M231290,,NA,M,Unknown,"REPLACEMENT, VEIN, DISSEMINATIONS, FRACT. FILL., SECONDARY ENRICHMENT BODIES",M,,,,,,"SILICIC, POTASSIC, PHYLLIC, PROPYLITIC",HYDROTHERMAL REPLACEMENT AND OPEN SPACE FILLINGS.  LOCALIZED CHALCOCITE BLANKET ALONG MAJOR FAULTS,"Copper Canyon, Copper Basin","STOCKWORKS, FRACTURES, SHEARS",,,,,,"2 SETS N-S TO NW-TRENDING, FAULTS, DEWITT THRUST, GOLCONDA THRUST",,"STEWART, H. J., MC KEE, E. H., AND STAGER, H. K., 1977, GEOLOGY AND MINERAL DEPOSITS OF LANDER COUNTY, NEVADA; NEV. BUREAU OF MINES AND GEOL. BULL. 88.ROBERTS, R. J., AND ARNOLD, D. C., 1965, ORE DEPOSITS OF THE ANTLER PEAK QUADRANGLE, HUMBOLDT AND LANDER COUNTIES, NEVADA: U.S.G.S. PROF. PAPER 459-B.SAYERS, R. W., TIPPETT, M. C., AND FIELDS, E. D., 1968, THE ORE DEPOSITS AT COPPER CANYON AND COPPER BASIN, LANDER COUNTY, NEVADA: AIME ANNUAL MEETING PAPER, N.Y.BLAKE, D. W., KRETSCHMER, E. L., 1980, GOLD DEPOSITS AT COPPER CANYON, LANDER CO., NEV., ABSTRACT, PRECIOUS METALS SYMPOSIUM, AIME, SPARKS, NEVADA.",,,,,,,,,porphyry_subset
10310521,Contact District Copper Project,41.78056,-114.776,United States,Nevada,Elko,"Silver, Copper","Molybdenum, Gold",Barium-Barite,Past Producer,"58: Porphyry Cu, skarn-related","5|8: Porphyry Cu, skarn-related",True,True,A,https://mrdata.usgs.gov/mrds/show-mrds.php?dep_id=10310521,,,NA,B,Surface-Underground,"skarn-related porphyry copper; Disseminated, replacement, and vein",S,"Chalcopyrite, Bornite, Chalcocite, Chrysocolla, Barite, Malachite",Quartz,,"Disseminated, replacement, and vein, Tabular",,Silicification generally accompanies mineralization.,The deposit is oxidized to at least the 250 ft. level below the surface.,"Bluebird, Phase 2 Area, Nevada-Belleview, Phase 1 Area, Marshall Group, Helen Smith, old Marshall (Nevada-Bellevue) Mine Area, Helen B. Smith, Banner Fissure Zone, Brooklyn Zone","granodiorite contact, intrusive veins, fractures","Anderson, Claire, Western Field Operations Center (WFOC), Jones, David A. (USGS-MIO), Weimer, Becky S., Schruben, Paul G., LaPointe, D.D.",,"Limestone,Shale,Chert,Quartzite,Granodiorite",,Diorite,"Regular sets of joints, fractures, and faults cut the granodiorite stock.",,"Smith, R.M. (1976) Mineral Resources of Elko Co., Nev: USGS OFR 76-56, P 39-45Schrader, F.C. (1935) The Contact Mining District, Nevada: USGS Bull. 847-A.Hope, R.A. & Coats, R.R. (1976) Prelim. Geologic Map of Elko Co., Nev: USGS OFR 76-779Granger, A.E., et. al. (1957) Geology and Mineral Resources of Elko Co., Nevada: Nevada Bur. Mines Bull. 54.LaPointe, D.D., Tingley, J.V., and Jones, R.B., 1991, Mineral resources of Elko County: Nevada Bureau of Mines and Geology Bulletin 106, 236 p.Long, K.R., DeYoung, J.H., Jr., and Ludington, S.D., 1998, Significant deposits of gold, silver, copper, lead, and zinc in the United States: U.S. Geological Survey Open-File Report 90-206A, 33 p.; 98-206B. one 3.5 inch diskette.Golden Phoenix Minerals, Inc. press release, 12/7/2004.Schrader, F.C. (1912) A Reconn. Of The Jarbidge, Contact, And Elk Mt. Mining Districts, Elko Co., Nevada: USGS Bul 497Steininger, R. C., 2000, Western United States; SEG Newsletter, April issue, p. 38.Coats, R.R., 1987, Geology of Elko County Nevada: Nevada Bureau of Mines and Geology Bulletin 101, 112 p.Wendt, C.J., and Albino, G.V., 1992, Porphyry copper and related occurrences in Nevada: Nevada Bureau of Mines and Geology, Map 100, 8 p. and 1 plate.Lane, T.A. et al, 2010, Pre-feasibility Study Update for the Contact Copper Project, Elko County, Nevada, USA: NI 43-101 Technical Report, October 1, 2010, 161 pages.",,1913,,,>,1885,1913-1930; 1952-1957,,porphyry_subset
10310327,Copper Basin Open Pit Mine Area,40.61212,-117.037,United States,Nevada,Lander,"Copper, Gold","Molybdenum, Silver, Lead, Zinc",,Past Producer,"58: Porphyry Cu, skarn-related","5|8: Porphyry Cu, skarn-related",True,True,A,https://mrdata.usgs.gov/mrds/show-mrds.php?dep_id=10310327,W002666,,NA,,Surface-Underground,"replacement, fracture fillings; secondarily-enriched.",S,"Chalcocite, Chalcopyrite, Sphalerite, Galena, Gold, Silver, Molybdenite, Bismuthinite, Malachite, Azurite, Turquoise","Arsenopyrite, Pyrite, Pyrrhotite, Marcasite, Garnet, Tremolite, Epidote",,"irregular, blanket, tabular",,"Strong-potassic, silicic, sericitic, propylitic, pyretic alteration of host granodiorite to quartz monzonite porphyry",The dominant type  of ore is  a secondarily-enriched chalcocite blanket.,"Copper Queen Mine, part of the current    ICBM/Copper Basin property, Copper King Mine, Sweet Marie Mine, Widow Mine, Contention Mine, Carissa Mine",A fracture set trending  N70 degrees west is  a dominant ore control,"LaPointe, D.D., Schruben, Paul G.","""Harmony Formation"", ""Battle Formation"", ""Antler Peak Formation""","Sandstone,Siltstone,Limestone,Shale",,"Granodiorite,Quartz Monzonite,Porphyry","North-south-trending  fractures exert minor control on mineralization.  Low angle NNE-and NNW-trending-faults have been important in localizing supergene ore bodies., Major deformation of the Paleozoic rocks occurred during the Mississippian Antler  and Late Permian -Early Triassic Sonoma orogenies before  the intrusive and mineralization events occurred.",,"Theodore, T.G., Silberman, M.L., and Blake, D.W., 1973, Geochemistry and potassium-argon ages of plutonic rocks in the Battle Mountain mining district, Lander County, Nevada: U.S. Geological Survey Professional Paper 798?A, 24 p.Blake, D W; Theodore, T.G.; Batchelder, J.N; and Kretschmer, E.L.; 1979; Structural Relations of Igneous Rocks and Mineralization in the Battle Mountain Mining District, Lander Co., Nev.; in Papers on Mineral Deposits of Western North America; NBMG    Report 33.Sayers, R.W., Tippett, M.C., and Fields, E.D, 1968, The Ore Deposits at Copper Canyon and Copper Basin, Lander County, Nevada: Paper Delivered At The Annual AIME Meeting, N.Y.Roberts, R.J and Arnold, D.C., 1965, Ore Deposits of the Antler Peak Quadrangle, Humboldt and Lander Counties, Nevada: U.S.G.S. Prof. Paper CR 459-B.Long, K.R., DeYoung, J.H., Jr., and Ludington, S.D., 1998, Database of significant deposits of gold, silver, copper, lead, and zinc in the United States; Part A, Database description and analysis; part B, Digital database: U.S. Geological Survey Open-File Report 98-206, 33 p., one 3.5 inch diskette.Geological Society of Nevada, 1999, Geology and Gold Mineralization of the Buffalo Valley Area, Northwestern Battle Mountain Trend; GSN Special Publication No. 31, 1999 Fall field trip Guidebook.Wendt, Clancy, 2004, Technical Report on the? ICBM/COPPER BASIN Property, Lander and Humboldt Counties, Nevada,  Staccato Gold website, :    http://www.staccatogold.com/i/pdf/icbm-43-101.pdfTheodore T G, Blake D W, Kretschmer E L  1983 - Geology of the Copper Canyon porphyry copper deposits: in Titley S R 1983 Advances in Geology of the Porphyry Copper Deposits, Southwestern North America University of Arizona Press, Tucson      pp 543-550\nWotruba P R, Benson R G, Schmidt K W,  1988 - Geology of the Fortitude gold-silver skarn deposit, Copper Canyon, Lander County, Nevada: in Schafer R W, Cooper J J, Vikre P G (Eds), 1988 Bulk Mineable Precious Metal Deposits of the Western United States Geol Soc of Nevada, Reno,      pp 159-171\nBlake, D.W., Kretschmer, E.L., and Theodore, T.G., 1978, Geology and mineralization of the Copper Canyon deposits, Lander County, Nevada, in Shave, D.R., ed., Guidebook to mineral deposits of the Central Great Basin: Nevada Bureau of Mines and Geology RepDoebrich, J.L., and Theodore, T.G., 1996, Geologic history of the Battle Mountain mining district, Nevada, and regional controls on the distribution of mineral systems, in Coyner, A.R., and Fahey, P.L., eds., Geology and ore deposits of the American Cordillera.Ivosevich, S.W., and Theodore, T.G., 1996, Weakly developed porphyry system at Upper Paiute Canyon, Battle Mountain mining district, Nevada, in Coyner, A.R., and Fahey, P.L., eds., Geology and ore deposits of the American Cordillera: Reno, Geological Society of AmericaTheodore, T.G., Blake, D.W., Loucks, T.A., and Johnson G.A., 1992, Geology of the Buckingham stockwork molybdenum deposit and surrounding area, Lander County, Nevada: U.S. Geological Survey Professional Paper 798?D, 24 p.",>,1875,,,>,1875,,,porphyry_subset
10310307,Copper Canyon Porphyry Copper Deposit,40.545,-117.126,United States,Nevada,Lander,"Copper, Gold, Silver","Lead, Zinc",Iron,Past Producer,{53: Porphyry Cu}{59: Skarn Cu},5|3: Porphyry Cu|5|9: Skarn Cu,True,True,A,https://mrdata.usgs.gov/mrds/show-mrds.php?dep_id=10310307,M231317,,NA,,Surface-Underground,"Porphyry Copper, skarn",M,"Chalcopyrite, Pyrite, Sphalerite, Galena, Cuprite, Chrysocolla, Malachite, Chalcocite, Pyrrhotite, Arsenopyrite, Azurite","Limonite, Siderite, Calcite, Quartz, Jarosite",,"tabular, blanket, irregular",,"""Strong sericitic, propylitic, phillic, pyritic alteration, especially of the granite porphyry; argillic, leaching.\nWallrocks of the oxidized zone were strongly  leached, argillized, and iron oxide stained.""","""Supergene-enriched copper ore was found primarily above the 300-foot level of the old Copper Canyon underground mine and was composed of primary copper-gold ore plus secondary chalcocite and minor native copper.  The grade of this enriched ore averaged nearly 10% Cu, five times that of the primary ore.  The copper-enriched zone characteristically carried very low silver-gold values.\nOxidized ore was present mainly above the 200 foot level of old Copper Canyon underground mine and consisted of malachite with minor azurite, cuprite, and chrysocolla.  Wallrocks of the oxidized zone were strongly  leached, argillized, and iron oxide stained.  The deposits are strongly oxidized to a depth of up to 200 feet.""","Copper Canyon Mine (underground), Virgin deposit, Superior deposit, South Canyon deposit, Galena Canyon Area Mines & Prospects, Silver King Mine, Copper Canyon East orebody, Copper Canyon West orebody","""Mineral deposits related to the Copper Canyon porphyry copper mineralizing  system show regional concentric metal zonation away from the intrusive center of the Copper Canyon granodiorite. Both copper and copper-gold deposits are present near the intrusive center, with gold-silver deposits outboard from these, and lead-zinc-silver  deposits present in a distal concentric zone. The upper levels of the original underground Copper Canyon Mine, the West orebody, and the East orebody are of the central copper-gold skarn type.  Copper-silver skarn deposits include the Fortitude and Tomboy-Minnie deposits, and the Sunshine, Bonanza, and South Canyon deposits of the Reona project.  Distal lead-zinc-silver deposits include the mines & prospects of the    Galena Canyon area and a lower-level deposit of the old  Copper Canyon Mine.\nMineralization in the Copper Canyon underground mine was characterized by veins in sub-parallel N-trending fractures, with chalcocite-enriched zones.There is a series of subparallel N-trending fractures and faults some of which controlled ore formation.""","""LA POINTE, D.D."", ""Schruben, Paul G.""",Battle Formation,"Sandstone,Shale",Copper Canyon,"Granodiorite,Granite,Porphyry","""The Virgin Fault, Hayden Fault, Estes, Superior Estes & Superior Faults were the loci of enriched-copper ore-bodies which yielded much of chalcocite ore stoped from upper levels. The Estes-trends NW, dips NE steeply to 35 degrees; The Superior; trends N30E, dips 55 to 70 NW. The West fault trends NW."", ""Dewitt, Golconda and Antler thrust faults at depth""",,"{Deposit:: Hill, J.M., 1915, Some Mining Districts in Northeastern California and Northwestern Nevada: USGS Bull 594}{Deposit:: Roberts, R.J. and Arnold, D.C., 1965; Ore Deposits of the Antler Peak Quadrangle, Humboldt and Lander Counties, Nevada: U.S.G.S. Prof. Paper 459-B.}{Deposit:: Sayers, R. W., Tippett, M. C., and Fields, E. D., 1968, The Ore Deposits at Copper Canyon and Copper Basin, Lander County, Nevada: AIME Annual Meeting Paper, N.Y.}{Deposit:: Blake, D. W., Kretschmer, E. L., 1980, Gold Deposits at Copper Canyon, Lander Co., Nev., Abstract, Precious Metals Symposium, AIME, Sparks, Nevada.}{Deposit:: Long, K.R., DeYoung, J.H., Jr., and Ludington, S.D., 1998, Database of significant deposits of gold, silver, copper, lead, and zinc in the United States; Part A, Database description and analysis; part B, Digital database: U.S. Geological Survey Open-File Report 98-206, 33 p., one 3.5 inch diskette.}{Deposit:: Doebrich, Jeff, 1995, Geology and Mineral Deposits of the Antler Peak 7.5-minute quadrangle, Lander County, Nevada, NBMG Bull 109, 44 p.}{Deposit:: Theodore and Blake, 1978, Geology and geochemistry of the West orebody and associated skarns, Copper Canyon porphyry copper deposits, Lander County, Nevada, USGS Prof Paper 798-C, 85 p.}{Deposit:: Blake, D.W., Theodore, T.G., Batchelder, J.N, and Kretschmer, E.L., 1979, Structural relations of igneous rocks and mineralization in the Battle Mountain mining district, Lander County, Nevada, in Ridge, J.D., ed., Papers on mineral deposits of western North America: Nevada Bureau of Mines and Geology Report 33, p. 87-99.}{Deposit:: Doebrich, J.L., and Theodore, T.G., 1996, Geologic history of the Battle Mountain mining district, Nevada, and regional controls on the distribution of mineral systems, in Coyner, A.R and Fahey, P.L., eds., Geology and Ore Deposits of the American Cordillera: Geological Society of Nevada Symposium proceedings, Reno-Sparks, April 1995, p. 453-483, CD-ROM.}{Deposit:: Doebrich, J.L., Wotruba, P.R., Theodore, T.G., McGibbon, D.H., and Felder, R.P., 1995, Field guide for geology and ore deposits of the Battle Mountain mining district, Humboldt and Lander counties, Nevada, in Geology and ore deposits of the American Cordillera symposium: Geological Society of Nevada, U.S. Geological Survey and Sociedad Geologica de Chile, p. 327-376.}{Deposit:: Theodore, T.G., 1971, Geologic map of the Copper Canyon area, Battle Mountain mining district, Lander County, Nevada: U.S. Geological Survey Open-File Report 71-282, 1:4,800.}{Deposit:: Theodore, T.G., Silberman, M.L., and Blake, D.W., 1973, Geochemistry and potassium-argon ages of plutonic rocks in the Battle Mountain mining district, Lander County, Nevada: U.S. Geological Survey Professional Paper 798-A, 24.}{Deposit:: Wendt, Clancy, 2004, Technical Report on the ICBM/COPPER BASIN Property, Lander and Humboldt Counties, Nevada, Staccato Gold website:    http://www.staccatogold.com/i/pdf/icbm-43-101.pdf}{Deposit:: Stewart, J.H., McKee, E.H., and Stager, H.K., 1977, Geology and Mineral Deposits of Lander County Nevada:  NBMG Bull. 88.}{Deposit:: Kotlyar, B.B., Theodore, T.G., Singer, D.A., Moss, K., Campo, A.M., and Johnson, S.D., 1998, Geochemistry of the Au-skarn environment at Copper Canyon, Battle Mountain mining district, Nevada, in Lentz, D.R., ed., Mineralized intrusion-related skarn systems}{Deposit:: Theodore, T.G., Blake, D.W., and Kretschmer, E.L., 1982, Geology and mineralization of the Copper Canyon deposits, Lander County, Nevada, in Titley, S.R., ed., Advances in geology of the porphyry copper deposits, southwestern North America: Tucson, Univ.}{Deposit:: Theodore, T.G., Blake, D.W., Loucks, T.A., and Johnson G.A., 1992, Geology of the Buckingham stockwork molybdenum deposit and surrounding area, Lander County, Nevada: U.S. Geological Survey Professional Paper 798?D, 24 p.}{Geology:: Wotruba, P., Benson,R., and Schmidt,K., 1986, Battle Mountain describes the geology of it Fortitude gold-silver deposit at Copper Canyon: Mining Eng, SME, vol. 38 no. 7 pgs 495-499}",,1870,,2006,<,1866,1870 to 2006 with  a few brief lapses,"Messrs. Tanehill, Sinclair, and Heath",porphyry_subset
10310303,Copper Canyon Skarn Deposits,40.50851,-117.143,United States,Nevada,Lander,"Gold, Silver, Copper","Lead, Zinc","Arsenic, Bismuth, Tellurium",Past Producer,"58: Porphyry Cu, skarn-related64: Skarn Au","5|8: Porphyry Cu, skarn-related|6|4: Skarn Au",True,True,A,https://mrdata.usgs.gov/mrds/show-mrds.php?dep_id=10310303,M231290,,NA,M,Surface-Underground,"skarn, replacement, stratiform, stratabound",S,"Gold, Electrum, Chalcopyrite, Pyrrhotite, Pyrite, Marcasite, Arsenopyrite, Sphalerite, Galena, Argentite, Bismuthinite, Hedleyite, Hessite, Andradite","Garnet, Pyroxene, Diopside, Tremolite, Actinolite, Chlorite, Epidote, Calcite, Sphene, Biotite, Feldspar",,"tabular, stratiform, stratabound",,"There is a general zonation  of calc-silicate minerals around the intrusion  that corresponds to the metal zonation in the skarn deposits. In the copper-gold-skarn zone near the contact, the skarn minerals consist of garnet plus chalcopyrite with relatively minor pyroxene, while farther away from the contact, in the gold-silver zone, skarn ore consists of pyroxene plus pyrrhotite with relatively minor garnet. There is strong silicic, potassic, propylitic, phyllic,  and pyritic alteration, especially of the granite porphyry.",,"Fortitude, Copper Canyon Mine (underground), West Orebody, East Orebody, Tomboy-Minnie deposits",Emplacement of the Granodiorite of Copper Canyon resulted in the development of a large pyritic alteration halo and to the formation of the copper-gold skarn and replacement deposits (West and East orebodies)  as well as the gold-silver skarn deposits (Fortitude and Tomboy-Minnie). There is a series of subparallel N-trending fractures and faults.,"La Pointe, D. D., Schruben, Paul G.","""Battle Formation"", ""Antler Peak Formation""","Siltstone,Conglomerate,Skarn (Tactite),Limestone",Copper Canyon,"Granodiorite,Quartz Monzonite,Porphyry","The Fortitude upper and lower ore zones  formed in place and were separated by the north-striking, west-dipping Virgin Fault and a granite porphyry dike intruded along the fault. \nThe Copper Canyon and Virgin Faults acted as conduits for mineralizing    hydrothermal fluids emanating from a granodiorite intrusive body and for later dikes emplaced along the same structures., The Dewitt, Golconda and Antler thrust faults coour at depth.    The base of the ore at the West Deposit was defined by the Golconda Thrust fault.",,"Hill, J.M., 1915, Some Mining Districts in Northeastern California and Northwestern Nevada: USGS Bull 594Roberts, R.J. and Arnold, D.C., 1965; Ore Deposits of the Antler Peak Quadrangle, Humboldt and Lander Counties, Nevada: U.S.G.S. Prof. Paper 459-BSayers, R. W., Tippett, M. C., and Fields, E. D., 1968, The Ore Deposits at Copper Canyon and Copper Basin, Lander County, Nevada: AIME Annual Meeting Paper, N.Y.Blake, D. W., Kretschmer, E. L., 1980, Gold Deposits at Copper Canyon, Lander Co., Nev., Abstract, Precious Metals Symposium, AIME, Sparks, Nevada.Long, K.R., DeYoung, J.H., Jr., and Ludington, S.D., 1998, Database of significant deposits of gold, silver, copper, lead, and zinc in the United States; Part A, Database description and analysis; part B, Digital database: U.S. Geological Survey Open-File Report 98-206, 33 p., one 3.5 inch diskette.Doebrich, Jeff, 1995, Geology and Mineral Deposits of the Antler Peak 7.5-minute quadrangle, Lander County, Nevada, NBMG Bull 109, 44 p.Theodore and Blake, 1978, Geology and geochemistry of the West orebody and associated skarns, Copper Canyon porphyry copper deposits, Lander County, Nevada, USGS Prof Paper798-C, 85 p.Blake, D.W., Theodore, T.G., Batchelder, J.N, and Kretschmer, E.L., 1979, Structural relations of igneous rocks and mineralization in the Battle Mountain mining district, Lander County, Nevada, in Ridge, J.D., ed., Papers on mineral deposits of western North America: Nevada Bureau of Mines and Geology Report 33, p. 87-99.Doebrich, J.L., and Theodore, T.G., 1996, Geologic history of the Battle Mountain mining district, Nevada, and regional controls on the distribution of mineral systems, in Coyner, A.R and Fahey, P.L., eds., Geology and Ore Deposits of the American Cordillera: Geological Society of Nevada Symposium proceedings, Reno-Sparks, April 1995, p. 453-483, CD-ROM.Doebrich, J.L., Wotruba, P.R., Theodore, T.G., McGibbon, D.H., and Felder, R.P., 1995, Field guide for geology and ore deposits of the Battle Mountain mining district, Humboldt and Lander counties, Nevada, in Geology and ore deposits of the American Cordillera symposium: Geological Society of Nevada, U.S. Geological Survey and Sociedad Geologica de Chile, p. 327-376.Kotlyar, B.B., and Theodore, T.G., 1998, Multilevel geochemical patterns at the Fortitude gold skarn, Battle Mountain Mining District, Nevada, in Tosdal, R.M., ed., Contributions to the gold metallogeny of northern Nevada: U.S. Geological Survey Open-File Report 98-338, p. 259-263.Theodore, T.G., 1971, Geologic map of the Copper Canyon area, Battle Mountain mining district, Lander County, Nevada: U.S. Geological Survey Open-File Report 71-282, 1:4,800.Theodore, T.G., Silberman, M.L., and Blake, D.W., 1973, Geochemistry and potassium-argon ages of plutonic rocks in the Battle Mountain mining district, Lander County, Nevada: U.S. Geological Survey Professional Paper 798-A, 24 .Geological Society of Nevada, 1999, Geology and Gold Mineralization of the Buffalo Valley Area, Northwestern Battle Mountain Trend; GSN Special Publication No. 31, 1999 Fall field trip Guidebook..Wendt, Clancy, 2004, Technical Report on the ICBM/COPPER BASIN Property, Lander and Humboldt Counties, Nevada,  Staccato Gold website:    http://www.staccatogold.com/i/pdf/icbm-43-101.pdfStewart, J.H., McKee, E.H., and Stager, H.K., 1977, Geology and Mineral Deposits of Lander County Nevada:  NBMG Bull. 88.",,1868,,2006,<,1866,1868-2006 off and on,"Messrs. Tanehill, Sinclair, and Heath",porphyry_subset
10044011,Crown Point Extension Claim,40.61768,-117.034,United States,Nevada,Lander,Copper,,,Past Producer,79: Porphyry Cu-Mo,7|9: Porphyry Cu-Mo,True,True,B,https://mrdata.usgs.gov/mrds/show-mrds.php?dep_id=10044011,M231326,,NA,M,Unknown,,S,,,,IRREGULAR,Surface/Underground,Yes,Near-Surface Oxidatio(,,,"La Pointe, D.D., Li, Zhiping (Peters, S.)",Harmony Formation,"Quartz Monzonite,Hornfels",,Quartz Monzonite,"Dewitt Thrust Fault, Ne-Trending Faults; Pebble Dikes",,"ROBERTS, R.J. AND ARNOLD, D.C., 1965; ORE DEPOSITS OF THE ANTLER PEAK QUADRANGLE, HUMBOLDT AND LANDER COUNTIES, NEVADA: U.S.G.S. PROF PAPER 459-BSTEWART, J.H., MCKEE, E.H. AND STAGER, H.K., 1977, GEOLOGY AND MINERAL DEPOSITS OF LANDER COUNTY, NEVADA NEV. BUR MINES BULL. 88ROBERTS, R.J., AND ARNOLD, D.C. 1965",,,,,,,,,porphyry_subset
60001650,Ely District (Robinson),39.25684,-114.996,United States,Nevada,White Pine,Copper,Gold,"Nickel, Palladium, Platinum",Producer,"58: Porphyry Cu, skarn-related","5|8: Porphyry Cu, skarn-related",True,True,D,https://mrdata.usgs.gov/mrds/show-mrds.php?dep_id=60001650,W002893,,NA,M,Unknown,"GOSSAN, BEDDED DEPOSITS",L,,,,,,"CONTACT, HYDROTHERMAL, OXIDATION TO 1200 FT.",SULFIDE ENRICHMENT,Liberty Pit,FAVORABLE SEDIMENTARY BEDS ALONG CONTACT WITH MONZONITE PORPHYRY INTRUSION.,,,,,,"COMPLEX FAULTING; E-W ZONE OF INTRUSION ORE BODIES AT LIMESTONE - PORPHYRY CONTACTS, BLOCK FAULTING, N-S BASIN RANGE FAULTS; N 15 DEG W ANTICLINAL ARCH OR IRREGULAR DOME",,"SPENCER, A. C., 1917, THE GEOLOGY AND ORE DEPOSITS OF ELY, NEV.: US GEOL PROF. PAPER 96, 189P.KOSCHMANN, AH AND BERGENDAHL, MH, 1968, PRINCIPAL GOLD-PRODUCING DISTRICTS OF THE UNITED STATES,: USGS PROF. PAPER 610, P. 199-200RAYMOND, R. W., 1870-71, 72, 73, STATISTICS OF MINES AND MINING IN STATES AND TERRITORIES W. OF ROCKY MTS., 1873-P. 169-171LAWSON, AC, 1904, ROBINSON MINING DIST.,: CALIF. U. DEPT OF GEOL. BULL. V 4 P. 287-357.LINCOLN, FC, 1922, MINING DIST. AND MIN. RES. NEV: RENO, NEV. NEWSLETTER PUB. P. 245-251",,1868,,,,1868,,Thomas Robinson And Others,porphyry_subset
10047445,Kennedy Canyon Prospect,40.29434,-117.741,United States,Nevada,Pershing,"Gold, Silver",,Copper,Past Producer,53: Porphyry Cu,5|3: Porphyry Cu,True,True,C,https://mrdata.usgs.gov/mrds/show-mrds.php?dep_id=10047445,M242749,,NA,M,Unknown,,S,"Chalcopyrite, Gold, Tetrahedrite",Quartz,,,,,,"Cobb Group, Susan, Annex and Smv Claims",,"La Pointe, D.D. (Tingley, J.V.), Li, Zhiping (Peters, S.)",,Quartz Monzonite,,Quartz Monzonite,,,"MINE SEARCH ANNUAL 1984-85, VOL. VII, P. 254-255; METALS ECONOMICS GROUP, BOULDER, COLO.GEORGE CROSS NEWSLETTER, 5/30/85 AND 4/11/85.BLM CLAIM INFORMATION, 1986.",,,,,,,,,porphyry_subset
10310388,Lago Deposit,39.01491,-119.185,United States,Nevada,Lyon,"Copper, Molybdenum","Silver, Gold",,Prospect,53: Porphyry Cu79: Porphyry Cu-Mo,5|3: Porphyry Cu|7|9: Porphyry Cu-Mo,True,True,A,https://mrdata.usgs.gov/mrds/show-mrds.php?dep_id=10310388,N000424,,NA,,Underground,Porphyry copper,N,"Chalcopyrite, Bornite, Molybdenite",Pyrite,,,,,oxidation,"Bear Copper Deposit, Bear prospect, Lagomarsino Ranch prospect",Faults and igneous contact,"LaPointe, D.D., Schruben, Paul G., Ridenour, James, Doebrich, J.L., Moyer, Lorre A., Marcus, S., Anderson, Claire",,"Quartz Monzonite,Porphyry,Granodiorite,Diorite",,Porphyry,faults,,"Proffett, J.M., 1967, Progress Report on the Bear-Lagomarsino area, Yerington District, Lyon County, Nevada: Anaconda Company Report, 31p..Wilson, G.E., 1978, Data exchange with Phelps Dodge on the Bear-Lagomarsino area: Anaconda Company Report, 28p.John, D.A., and Sherlock, M.G., 1991, Map Showing Mines and Prospects in the Reno 1 by 2 Quadrangle, Nevada and California, USGS MF-2154, Site #P3Long, K.R., DeYoung, J.H., Jr., and Ludington, S.D., 1998, Database of significant deposits of gold, silver, copper, lead, and zinc in the United States; Part A, Database description and analysis; part B, Digital database: U.S. Geological Survey Open-File Report 98-206, 33 p., one 3.5 inch diskette.Jurassic Magmatism and Metal Deposits in Western Nevada, 2002, Spring Field Trip Guidebook, Geological Society of Nevada Special Publication No. 35.Lowe, Raney, and Norberg, Principal Deposits of Strategic and Critical Minerals in Nevada; USBM IC-9035.Stoddard, C., And J. A. Carpenter. Mineral Resources Of Storey And Lyon Counties, Nevada. Nv Bureau Of Mines And Geol. Bulletin 49, 1950, P. 89.World Mining (San Francisco) What'S Going On In World Mining - United States: Nevada; Yerington District Will Be A Major Future Porphyry Copper Producer. V. 29, No. 3, 1976, P. 82.Einaudi, M.T., 1982, Description of skarns associated with porphyry copper plutons; in Titley, S. R., ed., Advances in Geology of the Porphyry Copper Deposits, Southwest North America, University of Arizona Press, Tucson, Arizona, p. 139-183.Dilles, J.H. and Wright, J.E., 1988, The chronology of Early Mesozoic arc magmatism in the Yerington District, Nevada, and its regional implications; Geological Society of America Bulletin, v. 100, p. 644-652.Albino, G.V., 1995, Porphyry copper deposits of the Great Basin?Nevada, Utah, and adjacent California, in Pierce, F.W., and Bolm, J.G., eds, Porphyry copper deposits of the American Cordillera: Tucson, Arizona Geological Society Digest 20, p. 267?296.Dilles, J.H., and Proffett, J.M., 1995, Metallogenesis of the Yerington batholith, Nevada, in Pierce, F.W., and Bolm, J.G., eds., Porphyry copper deposits of the American Cordillera: Tucson, Arizona Geological Society Digest 20, p. 306?315.World Mining (San Francisco) Anaconda - Atlantic Richfield Must Divest Cu Reserves. V. 32. No. 5, 1979, P. 65.",,,,,,1961,,Anaconda,porphyry_subset
10037320,Liberty Pit,39.25772,-114.999,United States,Nevada,White Pine,Copper,,"Molybdenum, Gold, Palladium, Zinc, Lead, Platinum, Silver",Producer,"58: Porphyry Cu, skarn-related","5|8: Porphyry Cu, skarn-related",True,True,B,https://mrdata.usgs.gov/mrds/show-mrds.php?dep_id=10037320,M031297,,NA,M,Unknown,,L,"Chalcocite, Chrysocolla, Copper, Cuprite, Fluorite, Malachite, Molybdenite","Actinolite, Apatite, Biotite, Chlorite, Diopside, Epidote, Garnet, Magnetite, Quartz",,DISSEMINATED,Surface,,,,Fault,"Giorgi, Albert John (Roberts, Ralph), Peterson, Jocelyn A.",Ely Limestone,Limestone,,Rhyolite,"Sedimentary Strata Have Been Tilted, Folded, And Complexly Faulted, Many Faults",Basin And Range,"SMITH, R.M., 1976, GEOLOGY AND MINERAL RESOURCES OF WHITE PINE COUNTY, NEVADA:  NEVADA BUREAU OF MINES AND GEOLOGY BULLETIN 85, PART II, P. 64-75SMITH, 1976",,1907,,,,,,,porphyry_subset
10310428,Limousine Butte Gold Deposits,39.79993,-115.101,United States,Nevada,White Pine,"Silver, Gold",,"Tungsten, Copper, Bismuth, Arsenic",Past Producer,"58: Porphyry Cu, skarn-related64: Skarn Au173: Sediment-hosted Au","5|8: Porphyry Cu, skarn-related|6|4: Skarn Au|1|7|3: Sediment-hosted Au",True,True,B,https://mrdata.usgs.gov/mrds/show-mrds.php?dep_id=10310428,,,NA,M,Unknown,"Porphyry copper-gold, skarn-related, sediment-hosted gold",S,Gold,,,irregular,,"Rhyolite porphyry is argillized, adjacent sedimentary rocks are skarn-altered and jasperoidized.",,Resurrection Ridge (part),"Gold mineralization was formed along the edge of an Eocene age volcanic filled graben or possible caldera margin. The graben contact fault is a ""feeder fault"", containing high-grade gold (30 feet of 0.260 opt) at the shale-dolomite graben fault contact. The strike extension of this fault, and the alteration associated with it, is at least six miles long.","LaPointe, D.D., Schruben, Paul G.","""Pilot Shale"", ""Ely Limestone""","Rhyolite,Porphyry,Skarn (Tactite),Shale,Limestone,Dolomite",Bald Mountain Stock and associated intrusive rocks,,Black Metals Fault zone and other steeply-dipping fault zones.,,"Nevada Pacific Gold Ltd. website and  press releases, 2002-2004.NBMG MI-2002.Curt Everson, 2004, Geology and Mineralization of the Limousine Butte gold deposits, White Pine County, Nevada; Geological Society of Nevada presentation and abstract.Unpublished field observations from NBMG geologists  who examined the prospect area  in the early 1980s, on file at NBMG.",,,,,,,,,porphyry_subset
10310387,MacArthur Copper Deposit,39.04741,-119.241,United States,Nevada,Lyon,Copper,,,Past Producer,53: Porphyry Cu,5|3: Porphyry Cu,True,True,A,https://mrdata.usgs.gov/mrds/show-mrds.php?dep_id=10310387,N000424,,NA,,Surface-Underground,disseminated,S,"Chalcocite, Chalcopyrite",Pyrite,,,,Green-stained outcrops of copper-rich rock occur in the mine area.,"Secondary copper is in the southern portion in the form of carbonates with no secondary enrichment; however, the northern half contains a well-defined area of secondary enrichment, consisting of chalcocite disseminations and chalcocite, chalcopyrite and pyrite crystals.",,The primary mineralization consisted of pyrite and chalcopyrite sparsely disseminated.,"Schruben, Paul G., Doebrich, Jeff L., Anderson, Claire, Beougher, Dee",,Quartz Monzonite,,Granodiorite,,,"Telluride Claims, Yerington Mining District, Lyon County, Quade Visit Site 7-11-89,NBMG Unpublished Mining District Files (Tingley Files).Roberto, Marguerite, 1992, USBM Minerals Today, Oct. 1992, p. 28.northern Miner Sept. 18, 1989 And Oct.7, 1991Skillings 9/19/92Long, K.R., DeYoung, J.H., Jr., and Ludington, S.D., 1998, Database of significant deposits of gold, silver, copper, lead, and zinc in the United States; Part A, Database description and analysis; part B, Digital database: U.S. Geological Survey Open-File Report 98-206, 33 p., one 3.5 inch diskette.NBMG MI-1994NBMG MI-1995.Anonymous, 1994, MacArthur permits in hand; The Northern Miner, January 3 issue, p. 3.Denver Mining Record, 8/31/94Engineering & Mining Journal, 5/1/95Rocky Mountain Pay Dirt, 5/1/95Northern Miner, 5/15/95.Jurassic Magmatism and Metal Deposits in Western Nevada, 2002, Spring Field Trip Guidebook, Geological Society of Nevada Special Publication No. 35.Anonymous, 1993e, Arimetco boosts MacArthur interest: The Northern Miner, May 31, p. 6.\nAlbino, G.V., 1995, Porphyry copper deposits of the Great Basin?Nevada, Utah, and adjacent California, in Pierce, F.W., and Bolm, J.G., eds, Porphyry copper deposits of the American Cordillera: Tucson, Arizona Geological Society Digest 20, p. 267?296.\nDilles, J.H., and Proffett, J.M., 1995, Metallogenesis of the Yerington batholith, Nevada, in Pierce, F.W., and Bolm, J.G., eds., Porphyry copper deposits of the American Cordillera: Tucson, Arizona Geological Society Digest 20, p. 306?315.\nEinaudi, M.T., 1982, Description of skarns associated with porphyry copper plutons, in Titley, S.R., ed., Advances in geology of the porphyry copper deposits, southwestern North America: Tucson, University of Arizona Press, p. 139-183.\nHeatwole, D.A., 1978, Controls of oxide copper mineralization, MacArthur property, Lyon County, Nevada: Arizona Geological Society Digest, v. 11, Tucson, p. 59?66.\nSteininger, R.C., 1995, Great Basin, exploration review: SEG (Society of Economic Geologists) Newsletter, no. 22, July, p. 26.\nArimetco 1993 Annual Report\n",,1995,,1997,,,,,porphyry_subset
10037319,Morris-Brooks Shaft,39.25994,-115.021,United States,Nevada,White Pine,Copper,,,Past Producer,"58: Porphyry Cu, skarn-related","5|8: Porphyry Cu, skarn-related",True,True,C,https://mrdata.usgs.gov/mrds/show-mrds.php?dep_id=10037319,M031296,,NA,M,Unknown,,S,"Chalcocite, Chalcopyrite, Fluorite, Molybdenite, Pyrite",,,,,,,,,"Giorgi, Albert John (Roberts, Ralph), Li, Zhiping (Moyer, Lorre A.)",,"Quartz Monzonite,Clastic Sedimentary Rock",,Quartz Monzonite,Faults,,"HOSE, BLAKE, AND SMITH 1976, GEOLOGY AND MINERAL RESOURCES OF WHITNE CO, NEV. NEV BUREAU OF MINES AND GEO. BULL 85NBMG, 1994, MI-1993NBMG MI-1993",,,,,,,,,porphyry_subset
10047487,NBMG Sample Site 2880,39.84295,-119.109,United States,Nevada,Churchill,"Silver, Gold",,"Copper, Boron-Borates",Past Producer,79: Porphyry Cu-Mo,7|9: Porphyry Cu-Mo,True,True,B,https://mrdata.usgs.gov/mrds/show-mrds.php?dep_id=10047487,M242845,,NA,B,Unknown,,S,Gold,Quartz,,TABULAR,,Silicification,Oxidation,,E-W Shear Zone,"La Pointe, D.D. (Tingley, J.V.), Li, Zhiping (Peters, S.)",,"Metasedimentary Rock,Volcanic Rock (Aphanitic),Rhyolite",,,Shears,,"QUADE, JACK, 26 FEB 85, NBMG FIELD EXAMINATION AND SAMPLE ANALYSIS.NBMG STAFF, 1985, NBMG OFR 85-3.WILLDEN, R. AND SPEED, R. C., 1974, NBMG BULL 83, PL. I, P. 85-86.HARLAN, BRUCE, 1983, GSA ABSTRACTS WITH PROGRAMS NO. 16858, ""MINERALIZATION AT FIREBALL RIDGE, NEVADA"", P. 400.",,,,,<,1935,,,porphyry_subset
10047490,NBMG Sample Site 2883,39.896,-119.103,United States,Nevada,Churchill,"Gold, Silver",Lead,"Zinc, Bismuth, Copper",Past Producer,79: Porphyry Cu-Mo,7|9: Porphyry Cu-Mo,True,True,C,https://mrdata.usgs.gov/mrds/show-mrds.php?dep_id=10047490,M242848,,NA,M,Unknown,Vein,S,Galena,,,TABULAR,Surface/Underground,,,,,"La Pointe, D.D. (Tingley, J.V.), Li, Zhiping (Peters, S.)",,,,,,,"QUADE, JACK, 26 FEB 85, NBMG FIELD EXAMINATION AND SAMPLE ANALYSIS.NBMG STAFF, 1985, NBMG OFR 85-3.WILLDEN, R., SPEED, R. C., 1974, NBMG BULL 83, P, 85-86, PL. I.",,,,,,,,,porphyry_subset
10310559,New York Canyon/Longshot Ridge Project,38.50798,-118.097,United States,Nevada,Mineral,Copper,"Iron, Tungsten",,Prospect,"53: Porphyry Cu58: Porphyry Cu, skarn-related","5|3: Porphyry Cu|5|8: Porphyry Cu, skarn-related",True,True,A,https://mrdata.usgs.gov/mrds/show-mrds.php?dep_id=10310559,M035576,,NA,,Surface-Underground,Porphyry Cu-skarn related,S,"Malachite, Azurite, Chrysocolla, Hematite, Chalcopyrite, Bornite, Scheelite","Garnet, Epidote",,"irregular, lenses",,oxidized ore minerals,,"Turk patented claim, Champion patented claim, Wall Street patented claim, Copper Butte patented claim, Iron Gate patented claim, Velvet patented claim, Saddle patented claim, Mayflower patented claim, Vacation patented claim, Longshot Ridge Prospect, Copper Queen",,"LaPointe, D.D., Schruben, Paul G.","""Luning Formation"", ""Gabbs and Sunrise Formations""","Siltstone,Limestone,Dolomite",,"Monzonite,Granite",,,"Hill, J. M., 1915 , Some Mining Districts in NE California and NW Nevada, USGS Bull. 594.Long, K.R., DeYoung, J.H., Jr., and Ludington, S.D., 1998, Database of significant deposits of gold, silver, copper, lead, and zinc in the United States; Part A, Database description and analysis; part B, Digital database: U.S. Geological Survey Open-File Report 98-206, 33 p., one 3.5 inch diskette.Sept. 1, 2006 press release, Canyon Copper Corp.Ross, D. C., 1961, Geology and Mineral Deposits of Mineral County, Nevada; NBMG Bull. 58Reeves, Shawe, Kral, 1958, Iron Ore Deposits of West-Central Nevada; NBMG Bull. 53-BJohnson, A. C., and Benson, W. T., 1963, Tungsten Resources of Nevada; USBM Report.Clark, C. W., 1922 , Geology and Ore Deposits of the Santa Fe District, Mineral Co, Nev., Univ. of Calif. Pub., vol. 14 , no. 1.Stanley W. Stearns, 1982, Disseminated epithermal precious metals in the Santa Fe district, Mineral County, Nevada. MS thesis, Stanford Univ.Copper Canon Corp Form 10-K 2009",,1906,,1929,,1875,1906-1929,,porphyry_subset
10310421,Phoenix Project,40.5473,-117.125,United States,Nevada,Lander,"Gold, Copper",Silver,"Palladium, Molybdenum, Lead, Zinc, Arsenic",Producer,"58: Porphyry Cu, skarn-related","5|8: Porphyry Cu, skarn-related",True,True,A,https://mrdata.usgs.gov/mrds/show-mrds.php?dep_id=10310421,M234145,,NA,M,Surface-Underground,"contact metasomatic, wallrock porphyry, partial replacement",M,"Gold, Silver, Pyrite, Chalcopyrite, Pyrrhotite, Marcasite, Arsenopyrite, Sphalerite, Molybdenite, Galena, Chalcocite, Chrysocolla, Covellite","Garnet, Quartz, Diopside, Tremolite, Actinolite, Biotite",,"disseminated, stockwork, irregular, linear beds, massive",,"Alteration types present in host rocks are varying degrees of potassic, pyritic, silicic, propylitic, and sericitic alteration.","There is a considerable component of local supergene enrichment of ore, especially along faults.","Battle Mountain Mine, Battle Mountain Project","Ore is controlled by both favorable horizons in Battle Formation and proximity to an igneous contact. There are varying degrees of structural control of individual orebodies in relation to local faults, also.","LaPointe, D.D., Schruben, Paul G., La Pointe, D.D., Skurski, M. (Marcus, Sue), Peterson, Jocelyn A., Sutphin, David M., Theodore, Ted G., Blair, Will N.","""Battle Formation"", ""Harmony Formation"", ""Pumpernickel Formation"", ""Havallah Group""","Conglomerate,Sandstone,Shale,Chert,Argillite",,"Granodiorite,Quartz Diorite","Virgin Fault, a major north-striking fault.  Copper Canyon Fault is another major fault in the district.  The Roberts Mountain thrust, Dewitt Thrust, and Golconda Thrust have all telescoped the various formations in the district., N-S trending faults; minor NW- and NE-trending faults.  Some faulting is Late Permian in age.",,"Theodore, T.G., and Blake, D.W., 1975, Geology and Geochemistry of the Copper Canyon Porphyry Copper Deposit and Surrounding Area, Lander County, Nevada:    U.S. Geological Survey Professional Paper 798-B, p. B21, B47, B50.Roberts, R.J., and Arnold , D.C., 1965, Ore Deposits of the Antler Peak Quadrangle, Humboldt and Lander Counties, Nevada:  U.S. Geological Survey Professional Paper 459-B, p. B24, B43-B49.Stager, H.K., 1977, Geology and Mineral Deposits of Lander County, Nevada, Part II, Mineral Deposits:  Nevada Bureau of Mines and Geology Bulletin 88, p. 66-67.Page, N.J, Theodore, T.G., Venuti, P.E., and Carlson, R.R., 1978, Implications of the Petrochemistry of Palladium at Iron Canyon, Lander County, Nevada:  U.S. Geological Survey Journal of Research, v. 6, No. 1, p. 107-114.Blake, D.W., Kretschmer, E.L., and Theodore, T.G., 1978, Geology and Mineralization of the Copper Canyon Deposit, Lander County, Nevada, in Shawe, D.R., Ed., Guidebook to Mineral Deposits of the Central Great Basin:    Nevada Bureau of Mines and Geology Report 32, p. 45-48.Theodore, T.G., and Blake, D.W., 1978, Geology and Geochemistry of the West Ore Body and Associated Skarns, Copper Canyon Porphyry Copper Deposit, Lander County, Nevada:  U.S. Geological Survey Professional Paper 798-C, 85 p.Sayers, P.W., Tippett, M.C., and Fields, E.D., 1968, The Ore Deposits at Copper Canyon and Copper Basin, Lander County, Nevada:  paper delivered at annual AIME Meeting, New York, 1968.Nash, J.T., and Theodore, T.G., 1971, Ore Fluids in the Porphyry Copper Deposit at Copper Canyon, Nevada:  Economic Geology, vol. 66, no. 3, p. 385-399.Long, K.R., DeYoung, J.H., Jr., and Ludington, S.D., 1998, Database of significant deposits of gold, silver, copper, lead, and zinc in the United States; Part A, Database description and analysis; part B, Digital database: U.S. Geological Survey Open-File Report 98-206, 33 p., one 3.5 inch diskette.NBMG MI 1994-2003Press release: Friday, December 17, 2004: ""Newmont begins Nevada gold mine construction""Doebrich, Jeff, 1995, Geology and Mineral Deposits of the Antler Peak 7.5-minute quadrangle, Lander County, Nevada, NBMG Bull 109, 44 p.Denver Mining Record, 4/20/94, 4/26/95, 10/19/94.Battle Mountain Gold 1995 annual reportElko Daily Free Press, 9/9/97, 12/30/2000, 1/8/03,12/10/2003Newmont Mining Corp., 6/21/03Geological Society of Nevada, 1999, Geology and Gold Mineralization of the Buffalo Valley Area, Northwestern Battle Mountain Trend; GSN Special Publication No. 31, 1999 Fall field trip Guidebook.Wendt, Clancy, 2004, Technical Report on the? ICBM/COPPER BASIN Property, Lander and Humboldt Counties, Nevada,  Staccato Gold website, :    http://www.staccatogold.com/i/pdf/icbm-43-101.pdf",,1864,,2004,,1864,1916-1957; 1967-1977; 1994-2004,Battle Mountain Gold Company,porphyry_subset
60000966,Robinson District,39.25664,-114.999,United States,Nevada,White Pine,"Gold, Copper, Zinc, Silver, Lead","Rhenium, Platinum, Palladium, Molybdenum",,Producer,"58: Porphyry Cu, skarn-related","5|8: Porphyry Cu, skarn-related",True,True,D,https://mrdata.usgs.gov/mrds/show-mrds.php?dep_id=60000966,M046657,,NA,,Unknown,PORPHYRY COPPER,L,,,,,,SEVERAL ALTERATION STAGES,,"Liberty, Tripp, Ruth, Emma, Veteran, Kimberly, Ruth District, Ely, Kimberly District",VEINS,,,,,,,,"SMITH, R.M., 1976, GEOLOGY AND MINERAL RESOURCES OF WHITE PINE COUNTY, NEVADA:  NEVADA BUREAU OF MINES AND GEOLOGY BULLETIN 85, PART II, P. 37, 38, 66, 72, 68.NEVADA BUREAU OF MINES AND GEOLOGI, 1994, MI-1993NEVADA DIVISION OF MINERALS, 1994",,1907,,,,1867,,Mr. Robinson And Others,porphyry_subset
10310402,Robinson Mine,39.25661,-114.999,United States,Nevada,White Pine,"Copper, Gold","Molybdenum, Silver",,Producer,"58: Porphyry Cu, skarn-related78: Porphyry Cu-Au","5|8: Porphyry Cu, skarn-related|7|8: Porphyry Cu-Au",True,True,A,https://mrdata.usgs.gov/mrds/show-mrds.php?dep_id=10310402,W700594,,NA,,Surface-Underground,Porphyry Cu-Au,L,"Chalcocite, Chalcopyrite, Molybdenite, Chrysocolla, Malachite, Azurite, Cuprite, Copper, Bornite, Sphalerite, Galena","Pyrite, Chalcopyrite, Argentite, Sericite, Clay, Fluorite, Quartz, Magnetite, Limonite",,variable from tabular to blanket to disseminated,,Most significant is the hydrothermal alteration from monzonite intrusion.  The deposit generally follows the typical porphyry copper deposit model in the pattern of alteration and mineralization. Anhydrous skarn developed in sedimentary rocks adjacent to potassically altered quartz monzonite. Peripheral to this is a quartz-sericite alteration zone followed by a quartz-clay-pyrite zone.  Lacally present are advanced argillic alteration and some formation of retrograde hydrous skarn.,Ore bodies are oxidized to depth of 100 - 400 feet with a zone of supergene enrichment below oxidation zone.,"Aultman Pit, Kimberly Pit, Liberty Pit, Ruth Pit, Tripp Pit, Veteran Pit, Wedge Pit, Veteran Extension, Twin Peaks, Puritan, Pilot Knob, Northwest Ruth, New Liberty, Nellie, Los Angeles, Kranovich, J. D. Hill, Alpha, Rob Roy, Robinson Gold","The main influence on mineralizationi s the metamorphic aureole surrounding the porphyry intrusion, but mineralization also follows fractures in some cases.","LaPointe, D.D., Schruben, Paul G.","""Ely Limestone"", ""Chainman Shale""","Limestone,Porphyry,Quartz Monzonite,Siltstone,Sandstone",Weary Flat quartz monzonite,"Porphyry,Quartz Monzonite,Rhyolite","Host rocks have been folded, faulted, and fractured. Mineralization follows fractures in some cases., Rocks in the are folded into na east-trending anticline with moderate to gentle dipping flanks, later intruded by pluton and  cut by nomal faults.",Paleozoic Cordillerian miogeosyncline,"McDowell, F.W., and Kulp, J.L., 1967, Age of intrusion and ore deposition in the Robinson mining district of Nevada: Economic Geology, v. 62, p. 905?909The Geological Society of Nevada 1996 Spring Field trip, Geology and Gold Deposits of Eastern Nevada, GSN Special Publication No. 23.Wilson, W. R., 1978, Geology of the Robinson Mining District, Nevada, Nevada Bureau of Mines and Geology Report 32, pp. 55 - 61.Spencer, A. C., 1917, The Geology and Ore Deposits of Ely, Nevada, USGS Professional Paper 96, 189 pp.Mining Magazine, January 1989, p. 44.Long, K.R., DeYoung, J.H., Jr., and Ludington, S.D., 1998, Database of significant deposits of gold, silver, copper, lead, and zinc in the United States; Part A, Database description and analysis; part B, Digital database: U.S. Geological Survey Open-File Report 98-206, 33 p., one 3.5 inch diskette.Durgin, Dana, 1989, Alta Gold's Robinson Project, in GSN Special Pub. #9, Geology and Mineral Deposits of White Pine County, 1989 Spring Field Trip Guide Book, eds. Schafer and Buffa.Felix E. Mutschler, Steve Ludington, and Arthur A. Bookstrom, 1999, Giant Porphyry-Related Metal Camps of the World-A Database; USGS Open-File Report 99-556.Quadra Mining Ltd. news releases, 8/11/2004, 2/22/2005.NBMG MI-2004.http://www.quadramining.com/s/RobinsonMine.aspWestra, G., 1982, Alteration and mineralization in the Ruth porphyry copper deposit near Ely, Nevada, Economic Geology; v. 77; no. 4; p. 950-970Bauer, H.L., Jr., Breitrick, R.A., Cooper, J.J., and Anderson, J.A., 1966, Porphyry copper deposits in the Robinson mining district, Nevada, in Titley, S.R., and Hicks, C.L., eds., Geology of the porphyry copper deposits, southwestern North America: Univ. of AZ Press, Tucson, AZEinaudi, M.T., 1982, Description of skarns associated with porphyry copper plutons, in Titley, S.R., ed., Advances in geology of the porphyry copper deposits, southwestern North America: Tucson, University of Arizona Press, p. 139-183.James, L.P., 1976b, Zoned alteration in limestone at porphyry copper deposits, Ely, Nevada: Economic Geology, v. 71, p. 488?512.James, L.P., 1990, Gold in the Ely (Robinson) copper district, White Pine County, Nevada: U.S. Geological Survey Bulletin 1857?E, p. E28?E42.Maher, David, 1996, Stratigraphy, structure, and alteration of igneous and carbonate wall rocks at Veteran Extension in the Robinson (Ely) porphyry copper district, Nevada, in Coyner, A.R., and Fahey, P.L., eds., Geology and ore deposits of the American CordillianSeedorff, E., 1993, Robinson mining district geology and mineralization, summer field trip: Geological Society of Nevada Special Publication 17, 69 p.Shaver, S.A., and Jeanne, R.A., 1996, The geology and evolution of the weakly Au-(Cu)-mineralized far eastern side of the Robinson mining district, Ely, Nevada, in Coyner, A.R., and Fahey, P.L., eds., Geology and ore deposits of the American CordilleraWestra, G., 1979b, Porphyry copper genesis at Ely, Nevada, in Ridge, J.D., ed., Papers on mineral deposits of Western North America, The International association on the genesis of ore Deposits, Fifth Quadrennial Symposium Proceedings, v.2: Nevada Bureau of Mineshttp://www.quadramining.com/i/pdf/RobinsonNI43-101Final.pdfProduction Results from Quadra Mining Ltd. \nhttp://www.quadramining.com/s/RobinsonMine.asphttp://www.quadramining.com/i/pdf/RobinsonNI43-101Final.pdf, pg 68Revised Reserve Table as of Janurary 1, 2006\nhttp://www.quadramining.com/i/pdf/2006-01-20_NR.pdf",>,1860,,2009,,1868,"Late 1800's-1978, 1986-1999, 2005-present",Thomas Robinson (1868),porphyry_subset
10080427,Ruth Mine,39.25772,-114.972,United States,Nevada,White Pine,Copper,"Rhenium, Gold, Silver, Molybdenum",,Past Producer,"58: Porphyry Cu, skarn-related","5|8: Porphyry Cu, skarn-related",True,True,B,https://mrdata.usgs.gov/mrds/show-mrds.php?dep_id=10080427,W031574,,NA,M,Unknown,,L,"Argentite, Chalcopyrite, Molybdenite, Pyrite","Limonite, Magnetite",,"IRREGULAR, MASSIVE",,Hydrothermal Alteration From Monzonite Intrusion.  Ore Bodies Oxidized To Depth Of 100 - 400 Feet,Supergene Enrichment Below Oxidation Zone.,"Ruth Pit, Deep Ruth Shaft, New Ruth Copper Mine","Halo Around Porphryry Intrusion, Fracturing","Zigler, Jan L. (Huber, Donald F.), Li, Zhiping (Moyer, Lorre A.)",Weary Flat Quartz Monzonite;Chainman Shale;Ely Limestone,Limestone,,Quartz Monzonite,"East-Trending Anticline With Moderate To Gentle Dipping Flanks, Faults, Igneous Intrusions., Radar Ridge, Faults, Fractures. (Mineralization Follows Fractures)",Paleozoic Cordillerian Miogeosyncline,"WILSON, W. R., 1978, GEOLOGY OF THE ROBINSON MINING DISTRICT, NEVADA, NEVADA BUREAU OF MINES AND GEOLOGY REPORT 32, PP. 55 - 61.SPENCER, A. C., 1917, THE GEOLOGY AND ORE DEPOSITS OF ELY, NEVADA, USGS PROFESSIONAL PAPER 96, 189 PP.SPENCER, 1917SPENCER 1917",,1925,,,,1902,,Grey And Bartley,porphyry_subset
10310360,Sullivan Mine,38.78159,-117.952,United States,Nevada,Nye,"Gold, Silver, Copper",,,Past Producer,"{53: Porphyry Cu}{105: Epithermal vein, generic}","5|3: Porphyry Cu|1|0|5: Epithermal vein, generic",True,True,B,https://mrdata.usgs.gov/mrds/show-mrds.php?dep_id=10310360,M231587,,NA,,Surface-Underground,Porphyry Cu,S,Gold,,,tabular to blanket,,"""Silicification of host rocks.""","""oxidation of near-surface ore""","Delaware Mine, Cuervo Property, Cuervo Gold, Inc. Mine",,"""Schruben, Paul G."", ""LaPointe, D.D.""",,"Quartz Monzonite,Porphyry",Pamlico Formation(?),"Metavolcanic Rock,Sedimentary Rock","""faults""",,"{Deposit:: Kleinhampl, F.J. and Ziony, J.I., 1984, Mineral Resources of Northern Nye Co.:  Nev. Bur. of Mines and Geology, Bull. 99B.}{Deposit:: NBMG MI-1995-2004}{Deposit:: Denver Mining Record, 12/6/95, 12/13/95.}{Deposit:: Pay Dirt, 10/1/95}{Deposit:: SMR, 2/17/96.}{Deposit:: Pay Dirt, 4/1/96}{Deposit:: Long, K.R., DeYoung, J.H., Jr., and Ludington, S.D., 1998, Database of significant deposits of gold, silver, copper, lead, and zinc in the United States; Part A, Database description and analysis; part B, Digital database: U.S. Geological Survey Open-File Report 98-206, 33 p., one 3.5 inch diskette.}{Deposit:: Struhsacker, Eric, guidebook editor, 1994, Geological Society of Nevada Special Publication #20, Gold Deposits of the Central Walker Lane, Nevada: mineralization Style and Mine Closure Planning.}",,1996,,1998,,,1996-1998,,porphyry_subset
10044060,Trenton Mine,40.61657,-117.201,United States,Nevada,Lander,"Silver, Copper",,"Lead, Zinc, Iron",Past Producer,79: Porphyry Cu-Mo,7|9: Porphyry Cu-Mo,True,True,B,https://mrdata.usgs.gov/mrds/show-mrds.php?dep_id=10044060,M231381,,NA,M,Unknown,Vein,S,"Chalcopyrite, Galena, Pyrite, Sphalerite",,,TABULAR,,,Some Near-Surface Oxidation,,,"La Pointe, D. D., Li, Zhiping (Peters, S.)",Havallam Formation,"Hornfels,Quartzite",,Diorite,"Thrust Faults, N-Trending Fault",,"ROBERTS, R.J., AND ARNOLD, D.C., 1965, ORE DEPOSITS OF THE ANTLER PEAK QUADRANGLE, HUMBOLDT AND LANDER COUNTIES NEVADA; U.S.G.S. PROF. PAPER 459-B.MINERALS FOR INDUSTRY, SOUTHERN PACIFIC CO., 1964",,1975,,,,1875,,Lott And Co. (Owners In 1870'S),porphyry_subset
10037318,Tripp Pit,39.26133,-115.024,United States,Nevada,White Pine,Copper,,,Producer,"58: Porphyry Cu, skarn-related","5|8: Porphyry Cu, skarn-related",True,True,C,https://mrdata.usgs.gov/mrds/show-mrds.php?dep_id=10037318,M031295,,NA,M,Unknown,,L,"Chalcocite, Chalcopyrite, Molybdenite",,,,,,,Morris-Brooks Mines and Pits,Faults,"Giorgi, Albert John (Roberts, Ralph)",Ely Limestone,"Monzonite,Limestone",,,,,"HOSE, BLAKE, & SMITH 1976, GEOLOGY & MINERAL RESOURCES OF WHITE PINE CO, NEV. NEV BUREAU OF MINES & GEO. BULL 85HOSE, ET. AL., 1976",,,,,,,,,porphyry_subset
10037321,Veteran Pit,39.263,-115.031,United States,Nevada,White Pine,Copper,,,Producer,"58: Porphyry Cu, skarn-related","5|8: Porphyry Cu, skarn-related",True,True,C,https://mrdata.usgs.gov/mrds/show-mrds.php?dep_id=10037321,M031298,,NA,M,Unknown,,L,"Chalcocite, Chalcopyrite",,,,,,Replacement,Morris-Brooks Mines and Pits,Faults,"Giorgi, Albert John (Roberts, Ralph)",Ely Limestone,"Quartz Monzonite,Limestone",,,"Sedimentary Strata Tilted, Folded And Complexly Faulted",,"HOSE, BLAKE, & SMITH 1976, GEOLOGY & MINERAL RESOURCES OF WHITE PINE CO, NEV. NEV BUREAU OF MINES & GEO. BULL 85",,,,,,,,,porphyry_subset
10310523,Victoria Mine,40.32909,-114.552,United States,Nevada,Elko,Copper,"Gold, Silver","Bismuth, Lead",Producer,53: Porphyry Cu59: Skarn Cu,5|3: Porphyry Cu|5|9: Skarn Cu,True,True,A,https://mrdata.usgs.gov/mrds/show-mrds.php?dep_id=10310523,W002693,,NA,,Surface-Underground,replacement-contact zone,Y,"Chrysocolla, Malachite, Chalcocite, Limonite, Chalcopyrite, Quartz, Tremolite, Bismuthinite, Azurite, Bornite, Copper","Jasper, Calcite, Pyrite","Chrysocolla, Covellite","irregular, pipe",Underground,minor silicification,possible enrichment of copper chalcocite,Anaconda-Victoria,intrusive contact,"Schruben, Paul G., LaPointe, D.D., Zigler, Jan L., Spear, James M., Cox, Dennis P., Tingley, J.V.",PEQUOP LIMESTONE,"Skarn (Tactite),Shale,Limestone",Melrose Stock,Quartz Monzonite,,,"Hill, James M, (1916) Notes on some Mining Districts in Eastern Nevada, USGS Bull. 648.Smith, Roscoe M., 1976, Mineral Resources of Elko County, Nevada, USGS Open File Report 1976-56, 194 pp.LaPointe and others, 1991, Mineral Resources of Elko CountyNBMG MI-79; MI-80; MI-81NBMG Bull 106Kaczmarowski, 1976 (MD52, I2)Amer. Mines (2000), 1999Currie Land Status, 1979website :http://www.royal-standard.com/feb201998.htmlLong, K.R., DeYoung, J.H., Jr., and Ludington, S.D., 1998, Database of significant deposits of gold, silver, copper, lead, and zinc in the United States; Part A, Database description and analysis; part B, Digital database: U.S. Geological Survey Open-File Report 98-206, 33 p., one 3.5 inch diskette.GRANGER,    A.  E.,  ET AL.,    1957, GEOLOGY AND MINERA L    RESOURCES OF ELKO COUNTY,    NEVADA,  NEVADA BUREAU OF  MINES BULL. 54, PP. 50-5225.  ATLANTIC RICHFIELD CO.  FORM S-14 REGISTRATION STATEMENT. SECURITIES AND EXCHANGE COMMISSION, 1976, PP. 60-68.337.  KACZMAROWSKI, J.  FINAL GEOLOGY REPORT ON VICTORIA MINE, 1977, 46 PP.; AVAILABLE AT NV BUREAU OF MINES AND GEOL., RENO, NV.476.  NEVADA MINING ASSOCIATION (RENO).  DAY MINES WILL RE-ACTIVATE ELKO UNDERGROUND COPPER MINE.  NV MIN. ASSOC. BULL., V. 3, NO. 7, 1979, P. 5.788.  WESTERN MINING NEWS (SPOKANE, WA).  DAY ACQUIRES VICTORIA MINE. MAY 25, 1979, P. 1.823.  WORLD MINING (SAN FRANCISCO)  WHAT'S GOING ON IN WORLD MINING - UNITED STATES: NEVADA; TENNECO DROPS OUT, ASARCO MAKES HIGHER BID FOR SHARES TO CONTROL ANACONDA.  V. 29, NO. 5, 1976,  PP. 97-98.824.  WORLD MINING (SAN FRANCISCO)  OIL COMPANY, ARCO, PURCHASES COPPER COMPANY.  V. 30, NO. 2, 1977, PP. 64-68.836.  WORLD MINING (SAN FRANCISCO)  VICTORIA COPPER MINE SHUT DOWN BY DAY MINES.  V. 34,  NO. 10, 1981, P. 76.Atkinson,W., Kaczmarowski, J., and Erickson, A., 1982, Geology of a skarn-breccia orebody at the Victoria Mine, Elko County, Nevada: Economic Geology; v. 77; no. 4; p. 899-918WESTERN MINING NEWS. DAY ACQUIRES VICTORIA MINE. V. 11,  NO. 28, MAY 25, 1979, P. 1.",,1872,>,1970,,1872,,,porphyry_subset
10149678,Yerington Mine,38.98351,-119.194,United States,Nevada,Lyon,Copper,"Iron, Gold","Molybdenum, Silver, Uranium",Past Producer,53: Porphyry Cu59: Skarn Cu,5|3: Porphyry Cu|5|9: Skarn Cu,True,True,A,https://mrdata.usgs.gov/mrds/show-mrds.php?dep_id=10149678,M030104,320190001,NA,M,Surface,Porphyry Cu,,"Chalcopyrite, Pyrite, Bornite, Covellite, Chrysocolla, Cuprite, Tenorite, Malachite, Azurite, Chalcocite, Copper, Melaconite, Magnetite, Feldspar, Quartz, Albite, Sericite","Biotite, Sphalerite",,,,,,"Yerington, Anaconda Copper, Empire Nevada, Macarthur, Weed Heights, Yerington Mountain, Gallagher",,"Schruben, Paul G., LaPointe, D.D., Anderson, Claire, Buckingham, David A.",Yerington Batholith,"Quartz Monzonite,Porphyry,Limestone,Andesite,Tuff,Felsic Volcanic Rock","""Yerington Batholith"", ""Hartford Hill Rhyolite""","Granodiorite,Rhyolite,Tonalite,Andesite,Dacite",,,"Big Sky Pay Dirt (Bisbee, Az).  Anaconda Reviewing Bids For Yerington.  Nov. 1982, P. 42.Atlantic Richfield Co.  Form 2-14 Registration Statement. Securities And Exchange Commission, 1976, P. 60-68.Einaudi, M.  Description Of Skarns Associated With Porphyry Copper Plutons.  Paper In Advances In Geology Of The Porphyry Copper Deposits, Southwestern North America, Ed. By S. R. Titley.  Univ. Az  Press, Tucson, Az, 1982, Pp. 145-148.Einaudi, M.  Yerington Skarns; Field Trip 10, Skarn Deposits.  Paper In Exploration For Ore Deposits Of The North American Cordillera.  Field Trip Guidebook, Ed. By J. L. Johnson.  Symp. Of Assoc. Expl. Geochem., Reno, Nv, March 25-28, 1984, Pp. 31-39.Engel, A. L.    Preliminary Tests Of Nevada Oxidized Copper Per Ores. Bumines Ri 4952, 1953, 6 Pp.Engineering And Mining Journal.    Yerington Mine Starts Production.    V. 155, No. 1, 1954, P. 112-113, 116, 168.Howard, K. L. Jr.  Geology Of The Yerington Mine, Lyon County, Nevada. Econ. Geol. And Bulletin Soc. Econ. Geol., V. 71, No. 3, 1976, P. 700.Huttl, J. B.  Anaconda Adds 5,000 Tpd Concentrator To Yerington Enterprise At Weed Heights.  Eng. And Min. J., V. 163, No. 3, 1962, Pp. 75-85.Jacky, W.  Copper Precipitation Methods At Weed Heights. Min. Eng., V. 19, No. 6, 1967, Pp. 70-74.Knofp, A.  Geology And Ore Deposits Of The Yerington District, Nevada.  U.S. Geol. Surv. Prof. Paper 114, 1918, Pp. 64-65.Moore, J. G.    Geology And Mineral Deposits Of Lyon, Douglas, And Ormsby Counties, Nevada.  Nv Bureau Of Mines And Geol. Bulletin 75, 1969, 45 Pp.Nevada Mining Association (Reno).  Newsletter No. 291, June 15, 1977,  Pp. 1-2.Proffett, J. M. And J. H. Dilles.  Geologic Map Of The Yerington District, Nevada.  Nv Bureau Of Mines And Geol., Univ. Of Nv, Reno, Map 77, 1984.Ramsey, R. H.  Weed Heights:  Anaconda'S Nevada Project -New Approach To Copper Mining.  Eng. And Min. J., V. 155, No. 8, 1954, Pp. 74-93.Ransome, F. L.     The Yerington Copper District, Nevada. Paper In Contributions To Economic Geology, 1908, Pt. 1, Ed. By C. W. Hayes  And W. Lindgren.  U.S. Geol. Surv. Bulletin 380, 1909, Pp. 99-119.Smith, M. C.  Methods And Operations At The Yerington Copper Mine And Plant Of The Anaconda Company, Weed Heights, Nevada.  Bumines Ic 7848, 1958, 37 Pp.Stoddard, C., And J. A. Carpenter.  Mineral Resources Of Storey And Lyon Counties, Nevada.  Nv Bureau Of Mines And Geol. Bulletin 49, 1950, P. 89.World Mining (San Francisco)  What'S Going On In World Mining - United States:  Nevada; Yerington District Will Be A Major Future Porphyry Copper    Producer.  V. 29, No. 3, 1976, P. 82.World Mining (San Francisco)  Oil Company, Arco, Purchases Copper Company.    V. 30, No. 2, 1977, Pp. 64-68. June 15, 1977,  Pp. 1-2.The Mining Record, Vol 107, #43, Oct 23, 1996, P3.Carten R B  1986 - Sodium-Calcium metasomatism: chemical, temporal, and spatial relationships at the Yerington, Nevada, Porphyry Copper deposit: in    Econ. Geol.   v81 pp 1495-1519\nDilles J H  1987 - Petrology of the Yerington Batholith, Nevada: Evidence for evolution of Porphyry Copper ore fluids: in    Econ. Geol.   v82 pp 1750-1789\nDilles J H, Einaudi M T  1992 - Wall-rock alteration and hydrothermal flow paths about the Ann-Mason Porphyry Copper deposit, Nevada - a 6-km vertical reconstruction: in      Econ. Geol.   v87 pp 1963-2001\nDilles J H, Solomon G C, Taylor H P, Einaudi M T  1992 - Oxygen and Hydrogen isotope characteristics of hydrothermal alteration at the Ann-Mason Porphyry Copper deposit, Yerington, Nevada: in    Econ. Geol.   v87 pp 44-63\nHarris N B, Einaudi M T  1982 - Skarn deposits in the Yerington District, Nevada: metasomatic skarn evolution near Ludwig: in    Econ. Geol.   v77 pp 877-898\nLong, K.R., DeYoung, J.H., Jr., and Ludington, S.D., 1998, Database of significant deposits of gold, silver, copper, lead, and zinc in the United States; Part A, Database description and analysis; part B, Digital database: U.S. Geological Survey Open-File Report 98-206, 33 p., one 3.5 inch diskette.Nevada Mining Associatio, 2005, Yerington Message PointsFelix E. Mutschler, Steve Ludington, and Arthur A. Bookstrom, 1999, Giant Porphyry-Related Metal Camps of the World-A Database; USGS Open-File Report 99-556. U.S. Bureau of Mines, filesKnopf, Adolph, 1918, Geology and Ore Deposits of the Yerington District, Nevada: U.S. Geological Survey Professional Paper 114, 68pJurassic Magmatism and Metal Deposits in Western Nevada, 2002, Spring Field Trip Guidebook, Geological Society of Nevada Special Publication No. 35.Northern Miner, Aug. 6, 1990Pay Dirt, Sept. 1989For Yerington.     Nov. 1982, P. 45.Arimetco Int'L. Inc.    1993, Ar.  P. 5.Arimetco News Release.  June 9, 1994.Arimetco News Release.  February 20, 1995.EandMj.  Arimetco Bets On Oxide-Ore Bargains.  February, 1992. Pp. C8-C11.Arimetco Int'L Inc. 1995 Annual Report, P.7.",,1953,,,,1865,,,porphyry_subset
10087992,Chino Mine,32.794,-108.066,United States,New Mexico,Grant,"Copper, Gold, Silver, Molybdenum",PGE,Lead,Producer,"58: Porphyry Cu, skarn-related","5|8: Porphyry Cu, skarn-related",True,True,A,https://mrdata.usgs.gov/mrds/show-mrds.php?dep_id=10087992,D012103,,NA,M,Unknown,Porphyry Cu,L,"Bornite, Chalcocite, Chalcopyrite, Chrysocolla, Copper, Covellite, Cuprite, Malachite","Halloysite, Kaolinite, Magnetite, Quartz, Sericite",,"BLANKET, Tabular, Massive",,See Comments,"Secondary Enrichment, Oxidation","Santa Rita Mine, Santa Rita Del Cobre Mine Grant",Santa Rita Stock,"Murray, Diane, Seanor, Clint E. (Worl, Ron), King, Robert U., Long, Keith R., Anderson, Claire",Chino (Santa Rita) Stock;Montoya Dolomite;Fusselman Dolomite;Lake Valley Limestone;Oswaldo Formation;Syrena Formation,Diorite,Santa Rita Stock,Diorite,"Santa Rita Stock, Complex Network Of Faults, Deposit Lies In A Horst Bound On The West By The Nw-Trending Silver City Fault And On The East By The Nw-Trending Mimbres Fault.  Sediments Within The Horst Are Synclinal And Domed By Intrusives.",Continental Magmatic Arc,"McDowell, F.W., 1971, K-Ar ages of igneous rocks from the Western United States; Isochron/West: A Bulletin of Isotopic Geochronology, v. 2, p. 1-16.Jones, F.A., 1904, New Mexico Mines And Minerals (World'S Fair Ed.):  Santa Fe, N.Mex., The New Mexican Printing Co., P. 34-44Lindgren, Waldemar, Graton, L.C. And Gordon, C.H., 1910, The Ore Deposits Of New Mexico:  U.S. Geological Survey Professional Paper 68, P. 305-317Thorne, H.A., 1931, Mining Practice At The Chino Mines, Nevada Consolidated Copper Co., Santa Rita, N. Mex.:    U.S. Bureau Of Mines Information Circular 6412, 29 P.Paige, Sidney, 1935, Santa Rita And Tyrone, New Mexico, In Copper Resources Of The World, V. 1, International Geological Congress, 16th, Washington, P. 327-335.Spencer, A.C., And Paige, Sidney, 1935, Geology Of The Santa Rita Area, New Mexico:  U.S. Geological Survey Bulletin 859, 78 P.Ballmer, G.J., 1953, Geology Of The Santa Rita Area:  New Mexico Geological Society Guidebook, 4th Field Conference, Southwestern New Mexico, P. 130-132.Hernon, R.M., Jones, W.R., And Moore, S.L., 1953, Some Geological Features Of The Santa Rita Quadrangle, New Mexico:  New Mexico Geological Society Guidebook, 4th Field Conference, Southewstern New Mexico, P. 117-130.Anderson, E.C., 1957, The Metal Resources Of New Mexico And Their Economic Features Through 1954:    New Mexico Bureau Of Mines And Mineral Resources Bulletin 39, P. 62-67.Hernon, R.M., Jones, W.R., And Moore, S.L., 1965, Some Geological Features Of The Santa Rita Quadrangle, New Mexico:  New Mexico Geological Society Guidebook, 16th Field Conference, P. 175-184.Jones, W.R., Hernon, R.M., And Moore, S.L., 1967, General Geology Of Santa Rita Quadrangle, Grant County, New Mexico:  U.S. Geological Survey Professional Paper 555, 144 P.Schilling, J.H., 1965, Mplybdenum Resources Of New Mexico:  New Mexico Bureau Of Mines And Mineral Resources Bulletin 76, P. 51-52.Ellis, R.W., 1929, New Mexico Mineral Deposits Except Fuels:  University Of New Mexico Bulletin 167, Geological Series, V. 4, No. 2, P. 44-45.Kennecott Copper Corporation, 1974, Annual Report.Gibson, W.A., And Trujillo, A.D., 1966, From Indian Scrapings To 85-Ton Trucks:    The Development Of Chino:    Mining Engineering, V. 18, No. 1, P. 54-60.U.S. Bureau Of Mines, Minerals Yearbooks 1969 And 1970.U.S. Bureau Of Mines, Mils, U.S. Bureau Of Mines Computer Data Bank, 1978a.U.S. Bureau Of Mines, Mas, U.S. Bureau Of Mines Computer Data Bank, 1979.Nielsen, R.L., 1968, Hypogene Texture And Mineral Zoning In A Copper-Bearing Granodoirite Porphyry Stock, Santa Rita, New Mexico:  Economic Geology, V. 63, P. 37-50.Long, K.R., 1994, Production And Reserves Of Cordilleran Porphyry Copper Deposits:  Arizona Geological Society Digest, V. 20, P. 35-68.Rose, A., And Baltosser, W.W., 1966, The Porphyry Copper Deposit At Santa Rita, New Mexico, In Titley, S.R., And Hicks, C.L., Eds., Geology Of The Porphyry Copper Deposits:  Tucson, University Of Arizona Press, P. 205-220.Rickard, T.A., 1923, The Chino Enterprise:  Engineering And Mining Journal, V. 116, P. 753-758, 803-810, 981-985, 1113-1121, V. 117, P. 13-20.Site Visit With Unpub. Handouts By Keith R. Long, U.S. Geological Survey, Oct. 1994.Elevatorski, E.A., 1983, Bulk-Tonnage Metal Deposits:    Dana Point, Calif., Minobras Mining Services, P. 165.Huttl, J., 1939, Chino Today:  Engineering And Mining Journal, V. 140, No. 9, P. 29-33.New Mexico Bureau Of Mines And Mineral Resources General File Data.Einaudi, M.T., 1982, Description of skarns associated with porphyry copper plutons, in Titley, S.R., ed., Advances in geology of the porphyry copper deposits, southwestern North America: Tucson, University of Arizona Press, p. 139-183.Audetat A and Pettke T,   2006 - Evolution of a Porphyry-Cu Mineralized Magma System at Santa Rita, New Mexico (USA): in    J. of Petrology   v47 pp 2021-2046Audetat B, Pettke T, Dolej D  2004 - Magmatic anhydrite and calcite in the ore-forming quartz-monzodiorite magma at Santa Rita, New Mexico (USA): genetic constraints on porphyry-Cu mineralization: in    Lithos     v72 pp 147-161\nReynolds T J, Beane R E  1985 - Evolution of hydrothermal fluid characteristics at the Santa Rita, New Mexico, porphyry Copper deposit: in    Econ. Geol.   v80 pp 1328-1347\nRose A W, Baltosser W W,  1966 - The porphyry copper deposit at Santa Rita, New Mexico: in Titley S R, Hicks C L, 1966 Geology of the Porphyry Copper Deposits, Southwestern North America, University of Arizona Press, Tucson,    pp 205-220\nCook S S and Porter T M, 2005 - The Geologic History of Oxidation and Supergene Enrichment in the Porphyry Copper Deposits of Southwestern North America,   in    Porter T M, (Ed),  Super Porphyry Copper and Gold Deposits: A Global Perspective,  v1    pp 207-242\n(1) Anderson, E.C., 1957, Nmbmmr Bull 39, P. 62-63; Long (1994)USBM Minerals Yearbooks 1911-57; Kennecott Annual Reports 1935-70; Kennecott SEC Form 10K 1971-80; Sohio SEC Form 10K 1981-85; Phelps Dodge SEC Form 10K 1986-96; North and McLemore, 1988; McLemore, in press.(1) U.S. Bureau Of Mines, Mas, 1979.  (2) King, R.U., Unpub. Data",,1804,,,,1800,,Known To Native Americans Who Showed Native Copper Ores To Jose Manuel Carrasco; May Have Been Seen By Other Spaniards Earlier.,porphyry_subset
10064808,Continental Breccia Pipe,32.85289,-108.098,United States,New Mexico,Grant,"Zinc, Copper, Molybdenum",,,Prospect,53: Porphyry Cu,5|3: Porphyry Cu,True,True,C,https://mrdata.usgs.gov/mrds/show-mrds.php?dep_id=10064808,TC39333,,NA,M,Unknown,Hydrothermal Breccia-Filling,N,,,,PIPE (),,,,,,"Long, Keith R.",Continental Breccia,Volcanic Breccia (Agglomerate),,,,Continental Magmatic Arc,"HILLESLAND, L.L., ET AL, 1994, GENERAL GEOLOGY OF THE CONTINENTAL MINE, GRANT COUNTY, NM:  COBRE MINING CO, UNPUBLISHED REPORT, 22 P.FIELD VISIT 10/94 BY KEITH R. LONG, USGS.CIMRI",,,,,,,,,porphyry_subset
10150841,Copper Flat,32.96821,-107.542,United States,New Mexico,Sierra,Copper,"Silver, Molybdenum, Gold",,Past Producer,79: Porphyry Cu-Mo,7|9: Porphyry Cu-Mo,True,True,A,https://mrdata.usgs.gov/mrds/show-mrds.php?dep_id=10150841,D000585,350510055,NA,M,Surface,Porphyry Cu,,,,"Bornite, Chalcopyrite, Magnetite, Molybdenite, Pyrite, Sphalerite, Tetrahedrite",,Surface,,,"Quintana, Hillsboro - Copper Flat, Sternberg ShaftHillsboro",,"Anderson, Claire, King, Robert U., New Mexico Bureau Of Mines And Mineral Resources, Buckingham, David A.",,Quartz Monzonite,,,,,"Kilburn, J., 1996, Alta Gold to develop Copper Flat porphyry; The Northern Miner, June 24 issue, p. 1.McLemore, V.T., Munroe, E.A., Heizler, M.T. and McKee, C., 2000, Geology and evolution of the Copper Flat porphyry-copper system, Hillsboro mining district, New Mexico; in Geology and Ore Deposits 2000: The Great Basin and Beyond, Geological Society of Nevada, Symposium Program with Abstracts, p. 63.Dunn P G  1982 - Geology of the Copper Flat Porphyry Copper deposit, Hillsboro, Sierra County, New Mexico: in Titley S R 1983 Advances in Geology of the Porphyry Copper Deposits, Southwestern North America University of Arizona Press, Tucson    pp 313-325Kuellmer, F., 1955, Geology of a Disseminated copper deposit near Hillsboro, New Mexico: New Mexico Institute of Mining and Tech., Circ. 34Socorro Symposium 6/75  (Rock Descrip).Lewis, J.D. and Smith, R.C., Hillsboro-Copper Flats Deposit, New Mexico Sept. 26, 1977.Personal Communication, Bob Donegan, Mgr., Quintana MineralsTipton, Wm., Personal Communication, District Geologist, Blm Las Cruces.Bennett, H.J., Et Al. An Economic Appraisal Of The Supply Of Copper From Primary Domestic Sources. Bumines Ic 8598, 1973, 156 P.Dataquest, Inc. The Equipment Value Guide. Palo Alto, Ca, 1982.The Mining Record.  Rio Gold Completes Acquisition Of.  Dec. 6, 1989.  Pp. 16,17,18.Southwestern Pay Dirt.  Copper Flat Reopening Apparently High-Centered By Finances.  June, 1991.  P.14a.Titley, Spencer R.,  In ""Advances In Geology Of The Porphyry Copper Deposits Southwestern North America"",  1982, University Of Arizona Press.Southwestern Pay Dirt.  Three Startup Copper Companies Cranking Up In Southwest.  January, 1993.  Pp.8a-12a.North, R.M., and McLemore, V.T., 1988, A classification of the precious metal deposits of New Mexico, in Schafer, R.W., Cooper, J.J., and Vikre, P.G., eds., Bulk mineable precious metal deposits of the western United States: Reno, Nevada Geological SocietyMcLemore, V.T., Munroe, E.A., Heizler, M.T. and McKee, C., 1999, Geochemistry of the Copper Flat porphyry and associated deposits in the Hillsboro mining district, Sierra County, New Mexico, USA: Journal of Geochemical Exploration, v. 67, p. 167?189.Long, K.R., 1995, Production and reserves of Cordilleran (Alaska to Chile) porphyry copper deposits, in Pierce, F.W., and Bolm, J.G., eds., Porphyry copper deposits of the American Cordillera: Tucson, Arizona Geological Society Digest 20, p. 35-68.Pay Dirt Magazine (Southwestern Edition).  Alta Gold Acquires Copper Flat, Plans Startup In 1996. Mar 1994, P. 3a.News Release, Alta Gold Co., Announces Year-End Reserves April 9, 1996.  P3.Alta Gold Co., 1995 Annual Report, Pp. 6, 14, 15.Alta Gold Co., 1996 Form 10-K Report, Pp. 9, 11.",,1982,,,,1877,,,porphyry_subset
10097911,Hanover Mountain Mine,32.85428,-108.08,United States,New Mexico,Grant,"Copper, Iron","Gold, Silver, Lead, Zinc",,Past Producer,53: Porphyry Cu,5|3: Porphyry Cu,True,True,A,https://mrdata.usgs.gov/mrds/show-mrds.php?dep_id=10097911,D011551,,NA,M,Surface-Underground,,S,"Chalcocite, Chalcopyrite, Cubanite, Galena, Hematite, Magnetite, Marmatite, Sphalerite, Molybdenite","Quartz, Sericite, Magnesite, Pyrite, Serpentine","Andradite, Biotite, Calcite, Chlorite, Epidote, Hedenbergite, Ilvaite, Marialite, Montmorillonite, Rhodochrosite","Tabular, Massive",,Granodiorite To Quartz Monzonite Dikes Extensively Altered To Sericite And Quartz.  Sandstone And Hornfels Silicified.,Supergene Enrichment Of Cu Ores,"Hanover Mine Includes Gilchrist Tunnel, Hanover Tunnel, And Part of Hanover Shaft., Continental Mine, Cobre, Chino, Union",,"Seanor, Clint E. (Worl, Ron), Long, Keith R., Anderson, Claire, Hite, Alan G., Coz, Dennis P., Menzie, David",Colorado,Sandstone,Fierro-Hanover Stock,Diorite,Barringer Fault. Deposit Localized Near Intersection Of Ne-Trending Fault Zones With N- And S-Trending Fractures.,,"Spencer, A. C., And Paige, Sidney, 1935, U.S. Geological Survey Bulletin 859, P. 5-6.Harrer, C. M., And Kelly, F. J., 1963, U.S. Bureau Of Mines Information Circular 8190, 112 P.Jones, F. A., 1904, New Mexico Mines And Minerals: Santa Fe, New Mexico Printing Company, P. 41.Kelly, V. C., 1949, New Mexico University Publications In Geology Series, No. 2, 246 P.Lindgren, Waldemar, Graton, L. C., And Gordon, C. H., 1910, U.S. Geological Survey Professional Paper 68, P. 306.Nm Bur. Immigration, 1901, P. 96.Schmitt, H. A., 1935, American Institute Of Mining And Metallurgical Engineers Transactions, V. 115, P. 198-199.Hillesland, L.L., Et Al, 1994, General Geology Of The Continental Mine, Grant County, Nm: Cobre Mining Co., Unpublished Report, 22 P.Einaudi, M.T., 1982, Description of skarns associated with porphyry copper plutons, in Titley, S.R., ed., Advances in geology of the porphyry copper deposits, southwestern North America: Tucson, University of Arizona Press, p. 139-183.Hernon, R. M., Jones, W. R., And Moore, S. L., 1964 USGS Geologic Map, Gq-306Richter and Lawrence, 1983; USBM Production DataRichter, D.H., and Lawrence, V.A., 1983, Mineral deposit map of the Silver City 1o x 2o quadrangle, New Mexico and Arizona: U.S. Geological Survey Miscellaneous Investigation Series, Map I-1310-B, 70 p. and 1 sheetNorth, R.M., and McLemore, V.T., 1988, A classification of the precious metal deposits of New Mexico, in Schafer, R.W., Cooper, J.J., and Vikre, P.G., eds., Bulk mineable precious metal deposits of the western United States: Reno, Nevada Geological SocietyCentral Mining District, Grant County, New Mexico. In Ore Deposits Of The United States, 1933-1967 (Aime Graton-Sales) V. 2, 1968, Pp. 1212-1237.Lasky, S. G. And Hoagland, A. D. Central Mining District, New Mexico, In Symposium On The Geology, Paragenesis, And Reserves Of The Ores Of Lead And Zinc, 18th Int. Geol.Cong., London, 1948, Pp. 97-110.U.V. Industries Annual Report, 1974, P. 4.U.S. Bureau Of Mines, Mas, U.S. Bureau Of Mines Computer Data Bank, 1979.Richter, D. H., And Lawrence, V. A., 1983, Mineral Deposit Map Of The Silver City Quadrangle, I-1310-B.",,1841,,,,,,Known To Spanish Prior To 1858,porphyry_subset
10097383,Hermosa Mountain Prospect,32.84761,-108.097,United States,New Mexico,Grant,Copper,,,Prospect,53: Porphyry Cu,5|3: Porphyry Cu,True,True,B,https://mrdata.usgs.gov/mrds/show-mrds.php?dep_id=10097383,TC39332,,NA,M,Unknown,Supergene Enrichment,N,Chalcocite,,,BLANKET,,,Supergene Enrichment,,,"Long, Keith R.",Colorado Formation,Sandstone,Hanover-Fierro Stock,Diorite,,Continental Magmatic Arc,"HILLESLAND, L.L., ET AL, 1994, GENERAL GEOLOGY OF THE CONTINENTAL MINE, GRANT COUNTY, NM:  COBRE MINING CO., UNPUBLISHED PAPER, 22 P.FIELD VISIT 10/94 BY KEITH R, LONG, USGS.CIMRI",,,,,,1993,,Cobre Mining Co.,porphyry_subset
10174772,Tyrone,32.63622,-108.373,United States,New Mexico,Grant,"Silver, Gold, Copper","Lead, Zinc, Gemstone, Fluorine-Fluorite","Vanadium, Molybdenum, Uranium",Producer,53: Porphyry Cu,5|3: Porphyry Cu,True,True,A,https://mrdata.usgs.gov/mrds/show-mrds.php?dep_id=10174772,D007835,350170015,NA,M,Surface,Porphyry Cu,,"Chalcocite, Chalcopyrite, Chrysocolla, Cuprite, Malachite, Molybdenite, Bornite, Brochantite, Chalcanthite, Copper, Fluorite, Libethenite, Sphalerite, Tenorite, Turquoise","Hematite, Jarosite, Limonite, Pyrite, Quartz","Azurite, Gold, Silver",,,,,"Mowhawk, Valencia, Includes A Number of Older Underground Mines: Gettysburg, Copper Gulf, Rocket, Niagra, Sampson, McKinley, St. Louis, Boston, Virginia, Klondike, Emerald",,"Long, Keith R., Menzie, David, BJR","""Burro Mountain Batholith"", ""Tyrone Stock; Stage I Porphyry; Stage ll Porphyry; Stage lll Breccia; Stage lV Porphyry""","Granite,Diabase,Andesite,Quartz Monzonite",,,,,"FIELD VISIT BY KEITH R. LONG, USGS, 10/1994STEGEN, R.J., 1994, GEOLOGIC TOUR OF THE TYRONE MINE: PHELPS DIDGE MINING CO., UNPUBLISHED REPORT, 6 P.NMBMMR GENERAL FILE DATASIEMERS, W.T., AND AUSTIN, G.S., 1979 NMBMMR RESOURCE MAP 9HEDLUND, D.C., 1978 USGS MAPS MF-1031, MF-1037, MF-1040, MF-1041WILLIAMS, F.E., 1966 USBM IC-8307, P. 64LONG, K.R., 1994, PRODUCTION AND RESERVES OF CORDILLERAN PORPHYRY COPPER DEPOSITS, IN BOLM, J.G., AND PIERCE, F.W., EDS., BOOTPRINTS ALONG THE CORDILLERA: ARIZ. GEOL. SOC. DIGEST 21.KOLESSAR, J., 1982, THE TYRONE COPPER DEPOSITS, GRANT COUNTY, NEW MEXICO, IN TITLEY, S.R., ED., ADVANCES IN GEOLOGY OF THE PORPHYRY COPPER DEPOSITS: TUCSON, UNIV. ARIZONA PRESS, P. 327-333.GILLERMAN, E., 1952 USGS BULL 973-F, P. 261-289PAIGE, S., 1922 USGS PP 122, 53 PAGESLINDGREN, W., GRATON, L.C., AND GORDON, C.H., 1910 USGS PP 68, P. 321-324JONES, F.A., 1904 NEW MEXICO MINES AND MINERALS, THE NEW MEXICAN PRINTING CO., P. 55-57BIGGER MEANS BETTER. PHELPS DODGE TODAY, V.1,NO.2, DEC 1979'MINER' MIRACLE. PHELPS DODGE TODAY, JUNE 1982, PP. 6-7.PHELPS DODGE. 10-K REPORT, P.2, 1980.PHELPS DODGE. 1980 ANNUAL REPORT, P. 9.SUCCESSFUL RECLAMATION OF TYRONE TAILINGS SPILL. PHELPS DODGE TODAY, V.4 NO. 1, MARCH 1982.TYRONE BRANCH TAILINGS DAM FAILS. PHELPS DODGE TODAY, V.2, NO.4, DECEMBER 1980, P.7.TYRONE DRILLING AND BLASTING DEPARTMENT. PHELPS DODGE TODAY, V.3, NO. 1, MARCH 1981, PP. 8,9.WORLD MINING. MORENCI IS LARGEST AND HIGHEST GRADE PHELPS DODGE OREBODY OCTOBER 1975, V. 28, NO. 11, P. 74.WORLD MINING. SEPTEMBER 1982, P. 70.DOUBLED SX-EW COPPER PLANT AT TYRONE IS NOW IN PRODUCTION, SW PAY DIRT, JAN 1986, P. 6A.PHELPS DODGE HAS SOMETHING TO SMILE ABOUT, BY D. ELLINGSON, E&MJ, AUG 1987, PP. 24-32.SOUTHWESTERN PAY DIRT, STUDY PROJECTS GRANT COUNTY LOSSES WHEN TYRONE MINE CLOSES, 5/90, P.12A.SOUTHWESTERN PAY DIRT, FIRMS PROMOTING NEW MEXICO COPPER SITE NEXT TO TYRONE MINE, 8/90, P.14A.SOUTHWESTERN PAY DIRT, OLD CHINO TRUCKS MOVE TO TYRONE, 2/91, P.11A.PHELPS DODGE CORP., NEWS RELEASE, 10/24/91, 2PP.DILLARD, GARY, TYRONE MILL CLOSING, BUT MINING AND LEACHING TO CONTINUE, SOUTHWESTERN PAY DIRT, 11/91, P.3A.MINING RECORD, PHELPS TO SUSPEND CONCENTRATOR OPERATIONS, 11/6/91, P.5.DILLARD, GARY, TYRONE CONCENTRATOR SHUTS DOWN AS MILL-GRADE ORE RUNS OUT, SOUTHWESTERN PAY DIRT, 3/92, P.10A.DILLARD, GARY, PD HITTING A MILLION POUNDS A DAY OF ELECTROWON, SOUTHWESTERN PAY DIRT, 7/92, P.4A-8A.SOUTHWESTERN PAY DIRT, 10/95, P.4A-10A.SOUTHWESTERN PAY DIRT, 6/95, P.4A-10A.SOUTHWESTERN PAY DIRT.APRIL, 1995. P. 7A.SOUTHWESTERN PAY DIRT.DIPATCH CONTROL SYSTEM DEVELOPED AT TYRONE.  JUNE, 1995.    PP.4A-10A.SOUTHWESTERN PAY DIRT.    EARLY MINE FAILURE COULD ADD 4 MORE YEARS.  OCTOBER, 1995.  PP. 4A-10A.KOLESSAR, JOSEPH. GEOLOGY AND COPPER DEPOSITS OF THE TYRONE DISTRICT, GUIDEBOOK, 21ST FIELD CONFERENCE, ENTITLED TYRONE-BIG HATCHET MOUNTAINS-FLORIDA MOUNTAINS REGION, NEW MEXICO GEOLOGICAL SOCIETY, 1970.KOLESSAR, JOSEPH, THE TYRONE COPPER DEPOSIT, IN ADVANCES IN  GEOLOGY OF THE PORPHYRY COPPER DEPOSITS- SOUTHWESTERN  NORTH AMERICA, 1982, UNIVERSITY OF ARIZONA PRESS,    P.327-333.Duhamel, J.E., Cook, S.S., and Kolessar, J., 1995, Geology of the Tyrone porphyry copper deposit, New Mexico, in Pierce, F.W., and Bolm, J.G., eds., Porphyry copper deposits of the American Cordillera: Tucson, Arizona Geological Society Digest 20, p. 464-North, R.M., and McLemore, V.T., 1988, A classification of the precious metal deposits of New Mexico, in Schafer, R.W., Cooper, J.J., and Vikre, P.G., eds., Bulk mineable precious metal deposits of the western United States: Reno, Nevada Geological SocietFreeport-McMoRan Copper & Gold. ""Mining Reclamation in New Mexico. Retrieved March 18, 2009, from http://www.fcx.com/envir/pdf/brochure/reclamation_NewMexico.pdfDAMAN, A.C., PHELPS DODGE TYRONE CONCENTRATOR, DECO TREFOIL, FALL ISSUE, 1971, BULLETIN NO M4-B144.PHELPS DODGE CORP., CRUSHING PLANT EQUIPMENT AND FLOWSHEET.PHELPS DODGE CORP,GRINDING & ROUGHER FLOTATION EQUIP.& FLWSTPHELPS DODGE CORP, CLEANING, SCAVENGING AND DEWATERING EQUIPMENT & FLOWSHEET.(1,2) LONG, 1994; (3) STEGEN, 1994.PHELPS DODGE CORP., ANNUAL REPORTS 1966,1976-78.WORLD MINING, OCT., 1975, V 28, NO 11, P 74-RESERVES 1/1/75.PHELPS DODGE CORP. SEC FORM 10-K REPORT, DEC 31, 1993, P. 12PHELPS DODGE CORP., 1994 FORM 10-K, P.12.PHELPS DODGE CORP., 1994 ANNUAL REPORT, P.15.PHELPS DODGE CORP., 1995 ANNUAL REPORT, P.22.",,1879,,1981,,1871,"1879, 1881-1882, 1902-1912, 1916-1949, 1967-",,porphyry_subset
10012285,Tyrone Mine,32.6404,-108.373,United States,New Mexico,Grant,"Copper, Gold, Silver","Zinc, Lead, Fluorine-Fluorite, Gemstone","Vanadium, Molybdenum, Uranium",Producer,79: Porphyry Cu-Mo,7|9: Porphyry Cu-Mo,True,True,A,https://mrdata.usgs.gov/mrds/show-mrds.php?dep_id=10012285,D007835,,NA,B,Unknown,,L,"Bornite, Brochantite, Chalcanthite, Chalcocite, Chalcopyrite, Chrysocolla, Copper, Cuprite, Fluorite, Libethenite, Malachite, Molybdenite, Sphalerite, Tenorite, Torbernite, Turquoise","Hematite, Jarosite, Limonite, Pyrite, Quartz",,,,"Alteration Products:  Sericite, Quartz, Chlorite, Epidote, Kaolinite.    Erratic Argillic Alteration.    Pervasive Quartz-Sericite Alteration.    Peripheral Propylitic Alteration With Chloritized Biotite, Feldspar Altered To Montmorillonite, And Addition Of Pyrite.  Silicification Along Contact Between Eeo Porphyry And Prec Granite.",Oxidation And Supergene Enrichment,"Tyrone, Includes A Number of Older Underground Mines: Gettysburg, Copper Gulf, Rocket, Niagra, Mowhawk, Sampson, McKinley, St. Louis, Boston, Virginia, Klondike, Valencia, Emerald",,"Menzie, David, Long, Keith R.",Tyrone Stock;Stage I Porphyry;Stage Ii Porphyry;Stage Iii Breccia;Stage Iv Porphyry,"Tonalite,Diorite,Dacite,Andesite",,,Five Northeast Trending Zones Of Closely Spaced Fractures Are Also Zones Of Higher Grade Ore.  Deposit Bounded To Nw By Nne Burro Chief Fault And To S By Ew Racket Virginia Fault.,Continental Magmatic Arc,"JONES, F.A., 1904 NEW MEXICO MINES AND MINERALS, THE NEW MEXICAN PRINTING CO., P. 55-57LINDGREN, W., GRATON, L.C., AND GORDON, C.H., 1910 USGS PP 68, P. 321-324PAIGE, S., 1922 USGS PP 122, 53 PAGESGILLERMAN, E., 1952 USGS BULL 973-F, P. 261-289KOLESSAR, J., 1982, THE TYRONE COPPER DEPOSITS, GRANT COUNTY, NEW MEXICO, IN TITLEY, S.R., ED., ADVANCES IN GEOLOGY OF THE PORPHYRY COPPER DEPOSITS:  TUCSON, UNIV. ARIZONA PRESS, P. 327-333.LONG, K.R., 1994, PRODUCTION AND RESERVES OF CORDILLERAN PORPHYRY COPPER DEPOSITS, IN BOLM, J.G., AND PIERCE, F.W., EDS., BOOTPRINTS ALONG THE CORDILLERA:  ARIZ. GEOL. SOC. DIGEST 21.WILLIAMS, F.E., 1966 USBM IC-8307, P. 64HEDLUND, D.C., 1978 USGS MAPS MF-1031, MF-1037, MF-1040, MF-1041SIEMERS, W.T., AND AUSTIN, G.S., 1979 NMBMMR RESOURCE MAP 9NMBMMR GENERAL FILE DATASTEGEN, R.J., 1994, GEOLOGIC TOUR OF THE TYRONE MINE:  PHELPS DIDGE MINING CO., UNPUBLISHED REPORT, 6 P.FIELD VISIT BY KEITH R. LONG, USGS, 10/1994(1,2) LONG, 1994; (3) STEGEN, 1994.",,1879,,1981,,1869,"1879, 1881-1882, 1902-1912, 1916-1949, 1967-",,porphyry_subset
10055223,Bunn Level Occurrence,35.35649,-78.8378,United States,North Carolina,Harnett,Molybdenum,"Copper, Silver",,Occurrence,79: Porphyry Cu-Mo,7|9: Porphyry Cu-Mo,True,True,D,https://mrdata.usgs.gov/mrds/show-mrds.php?dep_id=10055223,RE00506,,NA,M,Unknown,Hydrothermal Stockwork,U,"Molybdenite, Pyrite","Quartz, Sericite",,,,Coarse Quartz And Muscovite In Greisen-Like Zones In Granitoid,,,,"Klein, T.L.",,Granite,,,,,"BELL, H. AND SCHMIDT, R.G., USGS, SITE VISIT",,,,,,,,,porphyry_subset
10055334,Ellis Prospect,36.28036,-77.89,United States,North Carolina,Halifax,Molybdenum,Copper,Tungsten,Occurrence,79: Porphyry Cu-Mo,7|9: Porphyry Cu-Mo,True,True,B,https://mrdata.usgs.gov/mrds/show-mrds.php?dep_id=10055334,RE00642,,NA,M,Unknown,,U,"Chalcopyrite, Molybdenite, Pyrite","Calcite, Chlorite, Quartz, Sericite",,TABULAR,,"Sericitic, Chloritic, Carbonate",,,Hydrothermal Veins,"Klein, T.L.",,Granite,,Felsic Volcanic Rock,,Eastern Carolina Slate Belt,"USGS OPEN-FILE REPORT BY R.G. SCHMIDTCARPENTER, P.A.,III, 1976, METALLIC MINERAL DEPOSITS OF THE CAROLINA SLATE BELT, NORTH CAROLINA:  NORTH CAROLINA GEOLOGICAL SURVEY BULLETIN 84, P. 35-37.SCHMIDT, R.G., 1978, THE POTENTIAL FROM PORPHYRY COPPER-MOLYBDENUM DEPOSITS IN THE EASTERN UNITED STATES:  USGS PROFESSIONAL PAPER 907-E, P. E-25",,,,,,,,,porphyry_subset
10055332,Moss-Richardson Prospect,36.23647,-77.8883,United States,North Carolina,Halifax,Molybdenum,Copper,,Occurrence,79: Porphyry Cu-Mo,7|9: Porphyry Cu-Mo,True,True,B,https://mrdata.usgs.gov/mrds/show-mrds.php?dep_id=10055332,RE00640,,NA,M,Unknown,,U,"Chalcopyrite, Molybdenite, Pyrite","Quartz, Sericite",,TABULAR,,"Sericitic, Silicic",,Dryden Prospect,Hydrothermal Veins Within Granite Stock,"Klein, T.L.",,Granite,,Schist,,Eastern Carolina Slate Belt,"KOSCHMAN, 1943CARPENTER, P.A.,III, 1976, METALLIC MINERAL DEPOSITS OF THE CAROLINA SLATE BELT, NORTH CAROLINA:  NORTH CAROLINA GEOLOGICAL SURVEY BULLETIN 84, P. 34-35.ROBERTSON, A.F., MCINTOSH, F.K., AND BALLARD, T.J., 1947, BOY-SCOUT JONES AND MOSS-RICHARDSON MOLYBDENUM PROSPECTS, HALIFAX COUNTY, N.C., 9P.",,,,,,,,,porphyry_subset
10055335,Neverson Quarry,35.76287,-78.0794,United States,North Carolina,Wilson,Granite,,"Molybdenum, Copper",Past Producer,79: Porphyry Cu-Mo,7|9: Porphyry Cu-Mo,True,True,C,https://mrdata.usgs.gov/mrds/show-mrds.php?dep_id=10055335,RE00643,,NA,B,Unknown,Hydrothermal Stockwork,Y,"Chalcopyrite, Granite, Molybdenite, Pyrite",,,,Surface,Potassic,,,,"Klein, T.L.",,Granite,,,,Eastern Carolina Slate Belt,"SCHMIDT, R.G., 1978, THE POTENTIAL FOR PORPHYRY COPPER-MOLYBDENUM DEPOSITS IN THE EASTERN UNITED STATES:  USGS PROFESSIONAL PAPER 907-E, P. E-21.CARPENTER, P.A., III, 1976, METALLIC MINERAL DEPOSITS IN THE CAROLINA SLATE BELT, NORTH CAROLINA:  NORTH CAROLINA GEOLOGICAL SURVEY BULLETIN 84, P. 51.",,,,,,,,,porphyry_subset
10095910,Newell Prospect,35.28316,-80.5509,United States,North Carolina,Cabarrus,"Molybdenum, Copper",,,Occurrence,79: Porphyry Cu-Mo,7|9: Porphyry Cu-Mo,True,True,B,https://mrdata.usgs.gov/mrds/show-mrds.php?dep_id=10095910,RE00639,,NA,M,Unknown,,U,"Chalcopyrite, Molybdenite, Pyrite","Quartz, Sericite",,LARGE OVOID STOCK,,"Sericitic, Epidotitic, Silicic, Biotite, Topaz",,,Quartz-Sulfide Veinlets And Zones Of Disseminated Sulfide Minerals,"Klein, T.L.",,Quartz Monzonite,,Diorite,Eastern Charlotte Belt,,"WORTHINTON AND LUTZ, 1975WORTHINGTON, J.E., AND LUTZ, N.R., 1975, PORPHYRY COPPER-MOLYBDENUM MINERALIZATION AT THE NEWELL PROSPECT, CABARRUS COUNTY, NORTH CAROLINA:  SOUTHEASTERN GEOLOGY, V. 17, NO.1, P. 1-14",,,,,,1965,,Bear Creek Mining Company,porphyry_subset
10040246,Arizona,42.12793,-118.651,United States,Oregon,Harney,"Gold, Copper, Manganese",,,Occurrence,53: Porphyry Cu,5|3: Porphyry Cu,True,True,B,https://mrdata.usgs.gov/mrds/show-mrds.php?dep_id=10040246,M054945,,NA,M,Unknown,,N,"Chrysocolla, Malachite","Calcite, Chalcedony, Quartz",Siderite,,,"Epidotized, Chloritized, Silicified",,Valley View,,"Peterson, Jocelyn A., Ferns, Mark L. (Brooks, Howard C.), Gray, Jerry J., Li, Zhiping (Peters, S.)",,Andesite,,,Shear Zones,,"MERCURY IN OREGON: USBM IC 8252FREDERICK, F., 1945, STATE OF OREGON MAP SHOWING LOCATION OF QUICKSILVER DEPOSITS: OREGON DEPT. OF GEOL. AND MIN. INDUSTRIES, SCALE 1:1,000,000ROSS, C.P., 1942, QUICKSILVER DEPOSITS IN THE STEENS AND PUEBLO MOUNTAINS, SOUTHERN OREGON, USGS BULL. 931-J, P 257",,,,,,1924,,"A.W. Van Riper, A.R. Wood, & Wm. Grobe",porphyry_subset
10053081,Auzrite Mine,42.2507,-118.711,United States,Oregon,Harney,Gold,"Silver, Copper",,Past Producer,53: Porphyry Cu,5|3: Porphyry Cu,True,True,D,https://mrdata.usgs.gov/mrds/show-mrds.php?dep_id=10053081,OR05933,,NA,M,Unknown,,Y,,,,,,,,,,"Gray, Jerry J.",,,,,,,"U S DEPT. OF LABOR, MINE SAFETY & HEALTH ADMIN. (MSHA) RECORDS",,,,,,,,,porphyry_subset
10095161,Camp Creek Prospects,44.30264,-118.217,United States,Oregon,Baker,"Copper, Molybdenum, Silver, Zinc",,,Occurrence,79: Porphyry Cu-Mo,7|9: Porphyry Cu-Mo,True,True,B,https://mrdata.usgs.gov/mrds/show-mrds.php?dep_id=10095161,M015699,,NA,M,Unknown,,N,"Chalcopyrite, Molybdenite, Pyrite","Chlorite, Epidote, Quartz, Sericite",,,,,,,,"Ferns, Mark L. (Brooks, Howard C.), Gray, Jerry J., Li, Zhiping (Peters, S.)",Weatherby Formation,Slate,,Hornblendite,Mineralized Zone Trends Approximately N 45 Deg W,,"LOWERY, W.D., 1968, GEOLOGY OF THE IRONSIDE MOUNTAIN QUADRANGLE, ODGMI OPEN-FILE REPORTBROOKS, H.C., FERNS, M.L., 1979, GEOLOGIC MAP OF THE BULL RUN ROCK QUADRANGLE, OREGON;  ODGMI    OPEN FILE REPORT 0-79-6BROOKS, H.C. AND OTHERS, 1979, GEOLOGIC MAP OF THE RASTUS MOUNTAIN QUADRANGLE, OREGON;    ODGMI OPEN FILE REPORT 0-79-71968 GEOLMAP ODGMI OPEN FILE REPORT1979 GEOLMAP ODGMI GEOL MAP RASTUS MTN. QUAD. 0-79-7",,,,,,,,,porphyry_subset
10036279,Farnham Property,42.01793,-118.663,United States,Oregon,Harney,Copper,,Gold,Occurrence,53: Porphyry Cu,5|3: Porphyry Cu,True,True,B,https://mrdata.usgs.gov/mrds/show-mrds.php?dep_id=10036279,M025038,,NA,M,Unknown,,N,"Chalcopyrite, Pyrite","Biotite, Quartz, Sericite",,,,"Sericitic, Potassic",,,,"Ferns, Mark L. (Brooks, Howard C.), Gray, Jerry J., Li, Zhiping (Peters, S.)",,,,Quartz Monzonite,,,"ROWE, W. A., 1971, GEOLOGY OF THE SOUTH-CENTRAL PUEBLO MOUNTAINS, OREGON-NEVADA; OREGON STATE UNIV. MS. THESIS, P. 66U.S. BUREAU OF MINES OPEN-FILE REPORT MLA 8-87, 1987, TABLE 1, NO. 26, P. 26.",,,,,,,,,porphyry_subset
10033433,Lone Buck Group,44.22486,-118.093,United States,Oregon,Malheur,"Silver, Gold, Copper",,,Occurrence,53: Porphyry Cu,5|3: Porphyry Cu,True,True,B,https://mrdata.usgs.gov/mrds/show-mrds.php?dep_id=10033433,M015780,,NA,M,Unknown,,N,"Chalcopyrite, Malachite, Pyrite",Quartz,,,,,,Nelson Case,,"Li, Zhiping (Peters, S.), Gray, Jerry J., Ferns, Mark L. (Brooks, Howard C.)",Weatherby Formation,"Slate,Clastic Sedimentary Rock",,Diorite,,,"WAGNER, N.S., 1949, LONE BUCK GROUP OF LODE CLAIMS;  ODGMI FILE REPORTLOWERY, W.D. AND WRAY, C.F., 1968, GEOLOGIC MAP OF THE IRONSIDE MOUNTAIN QUADRANGLE;  ODGMI OPEN FILE REPORT1949 RECON ODGMI FILE REPOR",,,,,,,,,porphyry_subset
10085511,Barranquitas Prospect,18.20205,-66.3089,United States,Puerto Rico,,"Gold, Copper",,,Occurrence,53: Porphyry Cu,5|3: Porphyry Cu,True,True,B,https://mrdata.usgs.gov/mrds/show-mrds.php?dep_id=10085511,W701109,,CR,M,Unknown,,N,"Chalcocite, Chalcopyrite, Pyrite",,,,,Argillic Or Propylitic; Quartz-Sericite,,,Fault Controlled (Orocovis Thrust Fault),"Paidakovich, Matthew E.",,Tuff,,Diorite,,,"COX, DENNIS P., AND BRIGGS, REGINALD P., 1973, METALLOGENIC MAP OF PUERTO RICO: U.S. GEOLOGICAL SURVEY, MISCELLANEOUS GEOLOGIC INVESTIGATIONS MAP I-721, ACCOMPANIED BY EXPLANATORY PAMPHLET, 6 P.BERGEY, W.R.,1962, REPORTS ON THE BARRANQUITAS GOLD-COPPER PROSPECT; DEPT. OF NATURAL RESOURCES, PUERTO RICOFLINT, DELOS E.,1965, FREEPORT EXPLORATION COMPANY - FINAL REPORT; DEPT OF NATURAL RESOURCES, PUERTO RICO.BARNETT, C.T., 1971, INDUCED POLARIZATION SURVEY - PUERTO RICO; OCEANIC EXPLORATION COMPANY; DEPT. OF NATURAL RESOURCES, PUERTO RICOBRIGGS, R. P., AND GELABERT, P. A., 1962, PRELIMINARY REPORT OF THE GEOLOGY OF THE BARRANQUITAS QUADRANGLE, PUERTO RICO:    U. S. GEOLOGICAL SURVEY MISC. GEOL. INV. MAP I-336, SHEET 2.",,,,,,,,,porphyry_subset
10085554,Cacao,18.01373,-66.0384,United States,Puerto Rico,,Copper,,,Occurrence,53: Porphyry Cu,5|3: Porphyry Cu,True,True,B,https://mrdata.usgs.gov/mrds/show-mrds.php?dep_id=10085554,W701166,,CR,M,Unknown,,N,Chalcopyrite,Pyrite,,SILICIFICATION ALONG A NORHT 30 EAST FAULT,,"Silicifiicaton, Sericite, Epidote",,,N - S Dike With Minor Gopper Soild Geochem High,"Paidakovich, Matthew E., Mckelvey, G.E.",,"Silt,Volcanic Rock (Aphanitic),Volcanic Breccia (Agglomerate)",,Diorite,,,"COX, DENNIS P., AND BRIGGS, REGINALD P., 1973, METALLOGENIC MAP OF PUERTO RICO: U.S. GEOLOGICAL SURVEY, MISCELLANEOUS GEOLOGIC INVESTIGATIONS MAP I-721, ACCOMPANIED BY EXPLANATORY PAMPHLET, 6 P.FLINT, D., 1965, FREEPROT EXPLORATION COMPANY,PUERTO RICO COPPER EXPLORATION, MAY 29, 1964 THROUGHT DEC. 4, 1964, FINAL REPORT: FREEPORT EXPLORAITON CO. PRIVATE REPEORT IN FILE AT THE DEPARATMENT OF NATURAL RECOURSES, PUERTO RICO.COOKSON, J.M., AND BERGEY, W.R., 1961, PRELIMINALRY REPROT ON CACAO AREA, GUAYAMA CONCESSION,PUERTO RICO: A.D. FRASER PRIVIATE REPROT ON FILE AT THE DEPARTMENT OF NATURAL RESOURCES, PUERTO RICO.",,,,,,1957,,A.D. Fraser,porphyry_subset
10085482,Cala Abajo Deposit,18.18955,-66.68,United States,Puerto Rico,,"Copper, Gold",,,Prospect,78: Porphyry Cu-Au,7|8: Porphyry Cu-Au,True,True,B,https://mrdata.usgs.gov/mrds/show-mrds.php?dep_id=10085482,W701073,,CR,M,Unknown,,N,Chalcopyrite,"Gypsum, Pyrite",,,,"Extensive Propylitic And Sericitic; Localized Argillic, With Plagioclase Albitized Or, More Commonly, Completely Destroyed",Secondary Chalcocite Deposition,,,"Paidakovich, Matthew E., Page, Norman J.",,Diorite,,Diorite,"Deposit Is Cut By The Major Fault, Strong Fracturing Of Deposit Has Provided Channelways For Intense Leaching, Supergene Argillization, And Secondary Chalcocite Deposition",,"COX, DENNIS P., AND BRIGGS, REGINALD P., 1973, METALLOGENIC MAP OF PUERTO RICO: U.S. GEOLOGICAL SURVEY, MISCELLANEOUS GEOLOGIC INVESTIGATIONS MAP I-721, ACCOMPANIED BY EXPLANATORY PAMPHLET, 6 P.BRADLEY, R. A., 1971, THE GEOLOGY OF THE RIO VIVI PORPHYRY COPPER DEPOSITS, PUERTO RICO [ABS.]: ECON. GEOLOGY, V. 66, NO. 6, P. 977.COX, D. P., LARSEN, R. R., AND TRIPP, R. B., 1973, HYDROTHERMAL ALTERATION IN PUERTO RICAN PORPHYRY COPPER DEPOSITS: ECON. GEOLOGY, V. 68, NO. 8, P. 1329-1334.ANON., 1994, USMX BOOSTS GOLD, COPPER RESERVES:   THE NORTHERN MINER, SEPT. 26, 1994, V. 80, NO. 30, P. 3.",,,,,,,,,porphyry_subset
10085422,Copper Creek Prospect,18.27149,-66.8203,United States,Puerto Rico,,Copper,,,Occurrence,78: Porphyry Cu-Au,7|8: Porphyry Cu-Au,True,True,C,https://mrdata.usgs.gov/mrds/show-mrds.php?dep_id=10085422,W701013,,CR,M,Unknown,,N,,,,,,"Cursory Petrographic Study Of Core From 2 Drill Holes Showed That Feldspar-Stable-Alteration Assemblages Rich In Chlorite Predominate In The Porphyry, And Those Rich In Amphibole Occur In Associated Metavolcanic Rocks.",,,,"Paidakovich, Matthew E.",,Tonalite,,Tonalite,,,"COX, DENNIS P., AND BRIGGS, REGINALD P., 1973, METALLOGENIC MAP OF PUERTO RICO: U.S. GEOLOGICAL SURVEY, MISCELLANEOUS GEOLOGIC INVESTIGATIONS MAP I-721, ACCOMPANIED BY EXPLANATORY PAMPHLET, 6 P.COX, DENNIS P., 1985, GEOLOGY OF THE TANAMA AND HELECHO PORPHYRY COPPER DEPOSITS AND VICINITY, PUERTO RICO:    U.S. GEOLOGICAL SURVEY PROF. PAPER 1327, 59 P.BARABAS, A., 1982, ECON. GEOLOGY, VOL. 77.",,,,,,,,,porphyry_subset
10085468,Helecho Deposit,18.24455,-66.7995,United States,Puerto Rico,,"Copper, Gold, Silver",,,Occurrence,78: Porphyry Cu-Au,7|8: Porphyry Cu-Au,True,True,B,https://mrdata.usgs.gov/mrds/show-mrds.php?dep_id=10085468,W701059,,CR,M,Unknown,,N,Chalcopyrite,Anhydrite,"Magnetite, Pyrite",,,"Chalcopyrite Associated With Magnetite In Feldspar-Stable-Alteration Assemblages, And With Pyrite In The Feldspar-Destructive-Alteration Zone",,,Chalcopyrite Is More Commonly Disseminated Than Veinlet Controlled,"Paidakovich, Matthew E.",,"Felsic Volcanic Rock,Basalt",,Tonalite,"Pluton Is In Elongate Cluster Of Stocks Aligned Perpendicular To The Regional Grain Of The Island. Fractures Striking N.18 W. And N.2 E. In The Helecho Porphyry Match Mineralized Fractures In The Tanama Deposit. The N.30 E.-Striking Fractures Match The Trend Of The Elongate Cluster Of Stocks Of Which Helecho And Tanama Are A Part., Veins And Mineralized Fractures Show Difference In Orientation Between The Porphyry And Metavolcanic Country Rocks. N.30 E.-Striking Fractures Predominate In The Volcanic Rocks But Are Rare In The Porphyry.",Gold-Rich Porphyry System In Low-Potassium Island Arc Environment,"COX, DENNIS P., AND BRIGGS, REGINALD P., 1973, METALLOGENIC MAP OF PUERTO RICO: U.S. GEOLOGICAL SURVEY, MISCELLANEOUS GEOLOGIC INVESTIGATIONS MAP I-721, ACCOMPANIED BY EXPLANATORY PAMPHLET, 6 P.COX, DENNIS P., 1985, GEOLOGY OF THE TANAMA AND HELECHO PORPHYRY COPPER DEPOSITS AND VICINITY, PUERTO RICO:    U.S. GEOLOGICAL SURVEY PROF. PAPER 1327, 59 P.BARABAS, A. H., AND QUINN, E. J., 1980, ALTERATION, MINERALIZATION, AND FLUID INCLUSIONS IN THE HELECHO PORPHYRY COPPER PROSPECT, WEST CENTRAL PUERTO RICO [ABST.]: 9TH CARIBBEAN GEOL. CONF. SANTO DOMINGO TRANS., P. 2-3.",,,,,,1958,,,porphyry_subset
10086453,Humacao Copper Prospect,18.18399,-65.8661,United States,Puerto Rico,,"Copper, Iron, Molybdenum",,,Occurrence,53: Porphyry Cu,5|3: Porphyry Cu,True,True,D,https://mrdata.usgs.gov/mrds/show-mrds.php?dep_id=10086453,WALT004,,CR,M,Unknown,,N,"Bornite, Chalcopyrite, Cubanite, Malachite, Pyrite",,,,,Rare Hydrothermal Alteration,,,Contact Between Intrusive And Volcanic Rock,"Bawiec, Walter J.",,Diorite,,Andesite,,,"LUDDEN, R.B., 196X, REPORT ON GEOLOGIC RECONNAISSANCE IN THE NAGUABO-HUMACAO PERMIT AREA; BY SHOWLOW MINES CORP., IN DEPT. OF NATURAL RESOURCES, PUERTO RICE",,,,,,,,,porphyry_subset
10085452,La Muda [23-2],18.33898,-66.1136,United States,Puerto Rico,,"Copper, Molybdenum",,,Occurrence,53: Porphyry Cu,5|3: Porphyry Cu,True,True,C,https://mrdata.usgs.gov/mrds/show-mrds.php?dep_id=10085452,W701043,,CR,M,Unknown,,N,Chalcopyrite,Pyrite,,ELONGATE,,Quartz-K-Feldspar-Sericite,,,Follows The La Muda Fault Near A Small Intrusion,"Paidakovich, Matthew E., Mckelvey, G.E.",,Volcanic Rock (Aphanitic),,Diorite,North 50 West,,"COX, DENNIS P., AND BRIGGS, REGINALD P., 1973, METALLOGENIC MAP OF PUERTO RICO: U.S. GEOLOGICAL SURVEY, MISCELLANEOUS GEOLOGIC INVESTIGATIONS MAP I-721, ACCOMPANIED BY EXPLANATORY PAMPHLET, 6 P.BERGEY, W.R., 1967, GUAYNABO (LA MUDA) FINAL REPORT: A.D. FRASER PRIVATE REPORT ON FILE AT THE DEPARTMENT OF NATURAL RESOURCES, PUERTO RICO.",,,,,,1967,,A.D.Fraser,porphyry_subset
10085453,La Muda [23-3],18.33259,-66.0989,United States,Puerto Rico,,"Copper, Molybdenum",,,Occurrence,53: Porphyry Cu,5|3: Porphyry Cu,True,True,C,https://mrdata.usgs.gov/mrds/show-mrds.php?dep_id=10085453,W701044,,CR,M,Unknown,,N,"Chalcopyrite, Molybdenite, Pyrite",,,,,Quartz-K-Feldspar,,,,"Paidakovich, Matthew E., Bawiec, Walter J.",,,,Diorite,,,"COX, DENNIS P., AND BRIGGS, REGINALD P., 1973, METALLOGENIC MAP OF PUERTO RICO: U.S. GEOLOGICAL SURVEY, MISCELLANEOUS GEOLOGIC INVESTIGATIONS MAP I-721, ACCOMPANIED BY EXPLANATORY PAMPHLET, 6 P",,,,,,,,,porphyry_subset
10085454,La Muda [23-4],18.32509,-66.0856,United States,Puerto Rico,,"Copper, Molybdenum",,,Occurrence,53: Porphyry Cu,5|3: Porphyry Cu,True,True,D,https://mrdata.usgs.gov/mrds/show-mrds.php?dep_id=10085454,W701045,,CR,M,Unknown,,N,,,,,,Quartz-K-Feldspar,,,,"Paidakovich, Matthew E., Bawiec, Walter J.",,,,Diorite,,,"COX, DENNIS P., AND BRIGGS, REGINALD P., 1973, METALLOGENIC MAP OF PUERTO RICO: U.S. GEOLOGICAL SURVEY, MISCELLANEOUS GEOLOGIC INVESTIGATIONS MAP I-721, ACCOMPANIED BY EXPLANATORY PAMPHLET, 6 P",,,,,,,,,porphyry_subset
10085455,La Muda [23-5],18.32843,-66.0759,United States,Puerto Rico,,"Copper, Molybdenum",,,Occurrence,53: Porphyry Cu,5|3: Porphyry Cu,True,True,D,https://mrdata.usgs.gov/mrds/show-mrds.php?dep_id=10085455,W701046,,CR,M,Unknown,,N,,,,,,,,,,"Paidakovich, Matthew E., Bawiec, Walter J.",,,,Diorite,,,"COX, DENNIS P., AND BRIGGS, REGINALD P., 1973, METALLOGENIC MAP OF PUERTO RICO: U.S. GEOLOGICAL SURVEY, MISCELLANEOUS GEOLOGIC INVESTIGATIONS MAP I-721, ACCOMPANIED BY EXPLANATORY PAMPHLET, 6 P",,,,,,,,,porphyry_subset
10085421,Laundry Creek Prospect,18.28955,-66.8384,United States,Puerto Rico,,Copper,,,Occurrence,78: Porphyry Cu-Au,7|8: Porphyry Cu-Au,True,True,C,https://mrdata.usgs.gov/mrds/show-mrds.php?dep_id=10085421,W701012,,CR,M,Unknown,,N,,,,,,"Sericitic And Argillic Alteration Found Interspersed With Feldspar-Stable Alteration In 3 Drill Holes, But No Zoning Pattern Was Established",,,,"Paidakovich, Matthew E.",,Tonalite,,Tonalite,,,"COX, DENNIS P., AND BRIGGS, REGINALD P., 1973, METALLOGENIC MAP OF PUERTO RICO: U.S. GEOLOGICAL SURVEY, MISCELLANEOUS GEOLOGIC INVESTIGATIONS MAP I-721, ACCOMPANIED BY EXPLANATORY PAMPHLET, 6 P.MCCULLOUGH, J.G.,1967, OTHER PROSPECTS IN THE BEAR CREEK CONCESSION, INTERNAL MEMO TO R.A. BRADLEY, IN DEPT. OF NATURAL RESOURCES, PUERTO RICOCOX, DENNIS P., 1985, GEOLOGY OF THE TANAMA AND HELECHO PORPHYRY COPPER DEPOSITS AND VICINITY, PUERTO RICO:  U.S. GEOLOGICAL SURVEY PROF. PAPER 1327, 59 P.BARABAS, A., 1982, ECON. GEOLOGY, VOL. 77.MCCULLOUGH, 1967.",,,,,,,,,porphyry_subset
10085480,Piedra Hueca Deposit,18.19788,-66.6861,United States,Puerto Rico,,Copper,,,Occurrence,78: Porphyry Cu-Au,7|8: Porphyry Cu-Au,True,True,B,https://mrdata.usgs.gov/mrds/show-mrds.php?dep_id=10085480,W701071,,CR,M,Unknown,,N,"Chalcopyrite, Magnetite","Chlorite, Pyrite",,,,"Biotitic, Weak Propylytic, Without Plagioclase Destruction",Leaching And Secondary Enrichment Are Negligible,,,"Paidakovich, Matthew E.",,Diorite,,Diorite,Deposit Is Only Weakly Fractured,,"COX, DENNIS P., AND BRIGGS, REGINALD P., 1973, METALLOGENIC MAP OF PUERTO RICO: U.S. GEOLOGICAL SURVEY, MISCELLANEOUS GEOLOGIC INVESTIGATIONS MAP I-721, ACCOMPANIED BY EXPLANATORY PAMPHLET, 6 P.BRADLEY, R. A., 1971, THE GEOLOGY OF THE RIO VIVI PORPHYRY COPPER DEPOSITS, PUERTO RICO [ABS.]: ECON. GEOLOGY, V. 66, NO. 6, P. 977.COX, D. P., LARSEN, R. R., AND TRIPP, R. B., 1973, HYDROTHERMAL ALTERATION IN PUERTO RICAN PORPHYRY COPPER DEPOSITS: ECON. GEOLOGY, V. 68, NO. 8, P. 1329-1334.",,,,,,,,,porphyry_subset
10085548,Rio Cuyon,18.11177,-66.2453,United States,Puerto Rico,,Copper,Molybdenum,,Occurrence,53: Porphyry Cu,5|3: Porphyry Cu,True,True,C,https://mrdata.usgs.gov/mrds/show-mrds.php?dep_id=10085548,W701159,,CR,M,Unknown,,N,Chalcopyrite,"Epidote, Garnet, Magnetite",,,,Quartz-Sericite,,,,"Paidakovich, Matthew E., Mckelvey, G.E.",,Diorite,,Diorite,,,"COX, DENNIS P., AND BRIGGS, REGINALD P., 1973, METALLOGENIC MAP OF PUERTO RICO: U.S. GEOLOGICAL SURVEY, MISCELLANEOUS GEOLOGIC INVESTIGATIONS MAP I-721, ACCOMPANIED BY EXPLANATORY PAMPHLET, 6 P.FLINT, D. 1965, FREEPORT EXPLORATION COMPANY, PUERTO RICO COPPER EXPLORATION, MAY 29, 1964 THROUGH DEC. 4, 1964, FINAL REPORT: FREEPORT EXPLORATION CO. PRIVATE REPORT ON FILE AT THE DEPARATMENT OF NATURAL RESOURCES, PUERTO RICO.",,,,,,,,,porphyry_subset
10086452,Rio Santiago Copper Prospect,18.20066,-65.7328,United States,Puerto Rico,,"Copper, Iron, Molybdenum",,,Occurrence,53: Porphyry Cu,5|3: Porphyry Cu,True,True,D,https://mrdata.usgs.gov/mrds/show-mrds.php?dep_id=10086452,WALT003,,CR,M,Unknown,,N,"Chalcopyrite, Pyrite",,,"APPEARS TO BE DIKE IN FORM, BUT MAY BE SMALL STOCK",,,,,,"Bawiec, Walter J.",,Granite,,Andesite,,,"LUDDEN, R.B.,196X, REPORT ON GEOLOGIC RECONNAISSANCE IN THE NAGUABO-HUMACAO PERMIT AREA, PUERTO RICO; BY SHOWLOW MINES CORP, IN DEPT. OF NATURAL RESOURCES, PUERTO RICO",,,,,,,,,porphyry_subset
10085481,Sapo Alegre Prospect,18.19788,-66.6786,United States,Puerto Rico,,"Copper, Molybdenum",,,Occurrence,78: Porphyry Cu-Au,7|8: Porphyry Cu-Au,True,True,C,https://mrdata.usgs.gov/mrds/show-mrds.php?dep_id=10085481,W701072,,CR,M,Unknown,,N,"Chalcopyrite, Molybdenite",,,,,"Biotite-Chlorite Zone In The Porphyry Near Its Contact With Surrounding Metavolcanics, Contains Cu, Mo, Au, Ag, Se, And Te; A Quartz-Sericite-Pyrite Zone Within The Porphyry, With Metals Of The Biotite-Chlorite Zone Nearly Absent",,,"Mainly Disseminated Chalcopyrite, Veinlet Molybdenite","Paidakovich, Matthew E.",,Diorite,,Diorite,Mineralized Zone Is Cut By Abundant Faults And Mineralized Fractures Spaced A Few Decimeters Apart,,"COX, DENNIS P., AND BRIGGS, REGINALD P., 1973, METALLOGENIC MAP OF PUERTO RICO: U.S. GEOLOGICAL SURVEY, MISCELLANEOUS GEOLOGIC INVESTIGATIONS MAP I-721, ACCOMPANIED BY EXPLANATORY PAMPHLET, 6 P.COX, DENNIS P., PEREZ GONZALEZ, ILEANA, AND NASH, J. THOMAS, 1975, GEOLOGY, GEOCHEMISTRY, AND FLUID-INCLUSION PETROGRAPHY OF THE SAPO ALEGRE PORPHYRY COPPER PROSPECT AND ITS METAVOLCANIC WALLROCKS, WEST-CENTRAL PUERTO RICO:  U.S. GEOLOGICAL SURVEY JOUR. RESEARCH, V. 3, NO. 3, P. 313-327.",,,,,,1957,,W.R. Bergey,porphyry_subset
10085423,Tanama Deposit,18.25899,-66.7909,United States,Puerto Rico,,"Copper, Gold",,,Occurrence,78: Porphyry Cu-Au,7|8: Porphyry Cu-Au,True,True,C,https://mrdata.usgs.gov/mrds/show-mrds.php?dep_id=10085423,W701014,,CR,M,Unknown,,N,"Chalcopyrite, Magnetite, Pyrite",,,,,"Three Alteration Zones Are Present:(1)An Inner, Amphibole-Dominated Assemblage Containing Abundant Magnetite And Of Low Copper Grade;(2)An Outer, Chlorite-Dominated Assemblage, Locally Containing Traces Of Hydrothermal Biotite And Potassium Feldspar And Abundant Chalcopyrite Replacing Magnetite; And (3)An Upper, Sericite-Clay-Calcite-Pyrite Zone",,,Chalcopyrite Is More Commonly Disseminated Than Veinlet Controlled,"Paidakovich, Matthew E.",,Tonalite,,Tonalite,The Mineralized Pluton Is In An Elongate Cluster Of Stocks Aligned Perpendicular To The Regional Grain Of The Island.,Gold-Rich Porphyry System In Low-Potassium Island-Arc Environment,"COX, DENNIS P., AND BRIGGS, REGINALD P., 1973, METALLOGENIC MAP OF PUERTO RICO: U.S. GEOLOGICAL SURVEY, MISCELLANEOUS GEOLOGIC INVESTIGATIONS MAP I-721, ACCOMPANIED BY EXPLANATORY PAMPHLET, 6 P.NELSON, A. E., AND TOBISCH, O. T., 1968, GEOLOGIC MAP OF THE BAYANEY QUADRANGLE, PUERTO RICO:  U. S. GEOLOGICAL SURVEY MISC. GEOL. INV. MAP I-525.COX, DENNIS P., 1985, GEOLOGY OF THE TANAMA AND HELECHO PORPHYRY COPPER DEPOSITS AND VICINITY, PUERTO RICO:  U.S. GEOLOGICAL SURVEY PROF. PAPER 1327, 59 P.",,,,,,1958,,Kennecott Copper Corp.,porphyry_subset
10093872,Unnamed 33-6,18.19483,-66.5286,United States,Puerto Rico,,"Copper, Molybdenum",,,Occurrence,53: Porphyry Cu,5|3: Porphyry Cu,True,True,D,https://mrdata.usgs.gov/mrds/show-mrds.php?dep_id=10093872,W701091,,CR,M,Unknown,,N,"Chalcopyrite, Molybdenite",Pyrite,,,,"Biotite, K-Feldspar",,,,"Paidakovich, Matthew E., Bawiec, Walter J.",,,,Diorite,,,"COX, DENNIS P., AND BRIGGS, REGINALD P., 1973, METALLOGENIC MAP OF PUERTO RICO: U.S. GEOLOGICAL SURVEY, MISCELLANEOUS GEOLOGIC INVESTIGATIONS MAP I-721, ACCOMPANIED BY EXPLANATORY PAMPHLET, 6 P",,,,,,,,,porphyry_subset
10085727,Red Hills Prospect,29.804,-104.402,United States,Texas,Presidio,"Copper, Molybdenum",,,Prospect,53: Porphyry Cu,5|3: Porphyry Cu,True,True,B,https://mrdata.usgs.gov/mrds/show-mrds.php?dep_id=10085727,W701360,,NA,M,Unknown,porphyry copper,N,"Chalcopyrite, Chalcocite, Sphalerite","Quartz, Pyrite, Garnet",,,,Outcropping Sericite (Central) And Propylitic (Exterior) Alteration; Skarn From Limestone,,,,"Paidakovich, Matthew E., Long, Keith R., Causey, J. Douglas","""Ross Mine Formation"", ""Mina Grande Formation""","Mixed Clastic/Carbonate Rock,Skarn (Tactite),Limestone","""Intrusions"", ""Presdio Formation""","Quartz Monzonite,Mixed Clastic/Carbonate Rock",,,"PRICE, J. G., HENRY, C. D., AND STANDEN, A. R., 1983, ANNOTATED BIBLIOGRAPHY OF MINERAL DEPOSITS IN TRANS-PECOS TEXAS: BUREAU OF ECONOMIC GEOLOGY (TEXAS), MINERAL RESOURCE CIRCULAR NO. 73, 108 PSilver, D.B., 1999, Finding the silver lining in Shafter, Texas: Mining Engineering, v. 51, p. 28-32.GILMER, A. K.1, KYLE, J. R.1, CONNELLY, J. N.1, MATHUR, R. D.2, and HENRY, C. D., 2001, THE RED HILLS INTRUSIVE SYSTEM, PRESIDIO COUNTY, TEXAS: THE EASTERNMOST LARAMIDE PORPHYRY COPPER-MOLYBDENUM DEPOSIT IN SOUTHWESTERN NORTH AMERICA: Geological Society of America Abstracts Paper No. 173-0.Gilmer, A.K., Kyle, J.R., Connelly, J.N., Mathur, R.D. and Henry, C.D., 2003, Extension of Laramide magmatism in southwestern North America into Trans-Pecos Texas; Geology, v. 31, p. 447-450. \nCIMRIPRICE AND OTHERS, 1983Sinclair, W.D., 2008, Mineral deposits of Canada (porphyry deposits, Appendix 2): Geological Survey of Canada, [http://cgc.rncan.gc.ca/mindep/synth_dep/porph/tables/appendix2_e.php, accessed 7/20/2009].",,,,,,,,,porphyry_subset
10129805,Bingham Canyon,40.52074,-112.146,United States,Utah,Salt Lake,Copper,"Silver, Gold, Molybdenum",,Plant,"58: Porphyry Cu, skarn-related79: Porphyry Cu-Mo","5|8: Porphyry Cu, skarn-related|7|9: Porphyry Cu-Mo",True,True,A,https://mrdata.usgs.gov/mrds/show-mrds.php?dep_id=10129805,DC14257,490350003,NA,M,Surface,Porphyry Cu-Mo,,,,"Bornite, Chalcocite, Chalcopyrite, Covellite, Gold, Molybdenite, Silver",,Surface,,,Bingham Open Pit,,"Buckingham, David A.",,,,,,,"BIBLIOGRAPHY - MAGAZINE ARTICLESCORFIELD, R.J., ET AL, 1953, ELECTRICAL AMD METALLURGICAL IMPROVEMENTS AT KENNECOTTS UTAH COPPER DIV. MILLS, MIN.ENGR., PP. 274-6.KENNECOTT HAS 18,589,000 TONS OF COPPER IN PROVEN ORE, 1971 WORLD MIN., V. 7, NO. 6, P. 48.KCC NOW IN FINAL PHASE OF UTAH EXPANSION PROGRAM, 1967, ENG. AND MIN. J., VOL. 168, NO. 6, PP. 142-44.KENNECOTT GIVEN PATENT FOR PROCESS UPPING COPPER EXTRACTION FROM DUMPS, JULY 11, 1967, AM. METAL MKT., P.1.KENNECOTT COPPER, $100 MILLION EXPANSION AT UTAH COPPER DIV.FEB.4, 1967, SKILLINGS MINING REVIEW,V.56,N.5,P.1,4-5,22-5KENNECOTT STARTS UP TAILING TREATMENT PLANTS, JULY 17, 1971 SKILLINGS MIN. REV., V. 60, N 29, P. 14.LARGE TRUCK ENGINES, JUNE,1970, MIN.CON.J., V.56,N.5,PP.22-5NEWMAN, ELMER C., & WILLIAM I. BUSENBARK. BINGHAM CANYON SWITCHES TO BULK GREASE HANDLING.  MIN. ENGR., SEPT.,1977 P. 33-5.STEMMING MACHINE SAVES KENNECOTT TIME AND MONEY IN BLASTING OPERATIONS. MIN. ENGR. MAG., DEC., 1976, P. 12.UTAH COPPER DIV. USE OF PRECIPITATION CONES, AUG.19, 1967,SKILLINGS MINING REVIEW, V.56, NO.33, PP.26-7.BIBLIOGRAPHY - BOOKS AND SPECIAL PUBLICATIONSBOUTWELL, J M, 1905, ECONOMIC GEOLOGY OF THE BINGHAM MINING DISTRICT, UTAH, USGS PROF. PAPER 38, 413 PP.BRAY, R E, AND JOHN C WILSON, (EDS), 1975, GUIDEBOOK TO THE BINGHAM MINING DIST, SOC. OF ECON. GEOL., 156 PP.COOK, D R (ED.), 1961, GEOLOGY OF THE BINGHAM MINING DIST. NORTHERN OQUIRRH MTNS,UTAH, GEOL.SOC.GUIDBOOK,NO.16,P49-71PETERS, W C, ET AL, 1966, GEOLOGY OF THE BINGHAM PROPHYRY COPPER DEPOSITS, UTAH IN TITLEY AND HICKS (EDS), GEOLOGY OF THE PORPHYRY COPPER DEPOSITS OF SOUTHWESTERN NORTH AMERICA, U. OF ARIZONA PRESS, TUCSON, PP. 166-75.SUTULOV, ALEXANDER, MOLYBDENUM AND RHENIUM RECOVERY FROM PORPHYRY COPPERS. 1970, PP. 95-102.KENNECOTT 1977 ANNUAL REPORT, P. 6.PUBLICATIONS DATED AFTER 1977ENGINEERING & MINING JOURNAL.    KEEPING EQUIPMENT ON LINE AND AVAILABLE, SEP. 1980, PP. 70-75.PAYDIRT MAGAZINE (NEW MEXICO EDITION).    KENNECOTT CONVERTING BINGHAM CANYON ORE HAULAGE TO TRUCKS, FEB. 1983, P. 18A.ARTICLES FOR THE YEARS 1985 - 1989BP MINERALS AMERICA CORPORATION.  A NEW BEGINNING (BINGHAMCANYON FACT SHEET), 1989, 8 PP.KENNECOTT CORPORATION, UTAH COPPER DIVISION.  COPPERTON CONCENTRATOR, 1988, 21 PP.MAIO, T. S. & A. G. MOON.  STARTUP OF KENNECOTT'S COPPERTON CONCENTRATOR.    SME ANNUAL MEETING, LAS VEGAS, NV, FEB. 27- MAR. 2, 1989, (PREPRINT NO. 89-169), 17 PP.MINING ENGR. MAGAZINE.    BP MINERALS COMPLETES $400 MILLION MODERNIZATION AT BINGHAM CANYON.  NOV 1988, PP. 1017-1030.SKILLINGS, D. N.  BP MINERALS AMERICA MARKS COMPLETION OF BINGHAM CANYON MODERNIZATION SEPT. 23.  SKILLINGS MINING REVIEW, OCT. 29, 1988, PP. 4-7.SUTTILL, K. R.  EXCELLENCE AND STYLE.  ENGR. & MINING J.,  AUG. 1989, PP. 32-36.BP AMERICA, 1987 ANNUAL REPORT, P.59.MOON, AMTHONY G., COPPERTON CONCENTRATOR GRINDING CIRCUIT DESIGN, SKILLINGS', 8/26/89, P.4-7.PAY DIRT, 7/88, P.4A,5A.ARTICLES FOR THE YEARS 1990-1994CARTER, RUSSELL A., KENNECOTT UTAH COPPER MODERNIZATION PAYS OFF, REPRINT FROM ENGINEERING AND MINING JOURNAL, 1/90,6 PP.MINING JOURNAL, KENNECOTT EXPANSION, 1/12/90, P.37.SKILLINGS', KENNECOTT TO FURTHER EXPAND AT UTAH COPPER,1/13/90, P.8.MINING MAGAZINE, KENNECOTT TO EXPAND UTAH COPPER OPERATION,  2/90, P.88.MINING RECORD, KENNECOTT ANNOUNCES PLANS TO EXPAND ITS UTAH COPPER OPERATION, 2/7/90, P.5.GOLDBERG, GARY J. AND REAM, BRUCE P., TOTAL STATION SURVEYING AT BINGHAM CANYON, MINING ENGINEERING, 4/90, P.339,340MULLON, DAVID A. JR., SNUGGLING WITH THE ENEMY, CLEMENTINE,WINTER, 1991, P.7.STEVENSON, T.A., LETTER TO JANICE JOLLEY DATED JUNE 19, 1992DETAILING BINGHAM CANYON RESERVES REPORTED IN RTZ CORP. 1991 FORM 20-F REPORT.SKILLINGS, D.N., KENNECOTT NOW OPERATING FOURTH GRINDING LINE AT COPPERTON CONCENTRATOR, 4/18/92, P.4-7.ROCKY MOUNTAIN PAY DIRT, KENNECOTT, EPA AND STATE REACH AGREEMENT ON CLEANUP PLAN, 5/92, P.28A.HAZARDOUS WASTE CONSULTANT, CASE: STATE OF UTAH V. KENNECOTT   CORPORATION, MARCH/APRIL, 1993, P.3.12.MINING RECORD, KENNECOTT AWARDS CONTRACT FOR BINGHAM CANYON MINE, V 105/N 15, P.13.KENNECOTT UTAH COPPER, EPA MINE WASTE REGULATORY DEVELOPMENT JULY 8, 1993, 27PP PLUS TABLES AND FIGURES.METAL BULLETIN, BINGHAM CANYON MAY BECOME A SUPERFUND, 9/13/93, P.11.AMERICAN METAL MARKET, MORRISON KNUDSEN LANDS PACT FOR KENNECOTT TAILINGS PROJECT, 3/28/94, P.4.mining-technology.com is a product of SPG Media Limited Copyright 2009 SPG Media Limited, a subsidiary of SPG Media Group PLCPRODUCTIONFACT BOOK 1997, THE RTZ CORP. PLC CRA LIMITED, P30.RTZ CORP.PLC SEC FRM 20-F, DEC. 31, 1993.  PP. 12 & 13.R REC 3 COMPANY DATA GIVEN DURING SITE VISIT SEPT. 1994.RTZ CORP PLC CRA LIMITED 1995 ANNUAL REPORT, FORM 20-F,PP.16, 17.RTZ-CRA 1996 ANNUAL REPORT ON FORM 20-F, PP. 17-18.",,1904,,2009,,1887,1904-2009,,porphyry_subset
60000887,Bingham District,40.51664,-112.151,United States,Utah,Salt Lake,"Copper, Silver, Gold, Molybdenum","Platinum, Zinc, Lead","Bismuth, Nickel, Selenium, Palladium",Producer,59: Skarn Cu60: Skarn Zn-Pb78: Porphyry Cu-Au79: Porphyry Cu-Mo,5|9: Skarn Cu|6|0: Skarn Zn-Pb|7|8: Porphyry Cu-Au|7|9: Porphyry Cu-Mo,True,True,D,https://mrdata.usgs.gov/mrds/show-mrds.php?dep_id=60000887,K002906,,NA,,Unknown,"SECONDARY ENRICHMENT, REPLACEMENT, DISSEMINATED",L,,,,,,,,West Mountain District,,,,,,,,,"MCKNIGHT, E.T., NEWMAN, W.L., AND HEYL, A.V., JR. (COMPILERS), 1962, ZINC IN THE UNITED STATES, EXCLUSIVE OF ALASKA AND HAWAII: USGS MINERAL INV. RESOURCE MAP MR-19, SEPARATE TEXT, 18 P.HUNT, R.N., AND PEACOCK, H.G. 1948, LEAD AND LEAD-ZINC OF THE BINGHAM DISTRICT, UTAH: 18TH INTERNAT. GEOL. CONG. SYMPOSIUM ON THE GEOLOGY, PARAGANESIS AND RESERVES OF THE ORES OF LEAD AND ZINC, P. 81-85.BOUTWELL, J.M., 1905, ECONOMIC GEOLOGY OF THE GINGHAM MINING DISTRICT, UTAH: U.S. GEOLOGICAL SURVEY PROFESSIONAL PAPER 38, 410 P.",,1873,,2009,,1873,,,porphyry_subset
10069296,Bingham Open Pit Mine,40.52077,-112.146,United States,Utah,Salt Lake,"Gold, Silver, Molybdenum, Copper","Zinc, Platinum, Bismuth, Lead","Selenium, Tellurium, Nickel, Palladium",Producer,53: Porphyry Cu,5|3: Porphyry Cu,True,True,A,https://mrdata.usgs.gov/mrds/show-mrds.php?dep_id=10069296,W002888,,NA,M,Surface,Porphyry Cu-Mo,L,"Bismuthinite, Chalcopyrite, Galena, Gold, Molybdenite, Pentlandite, Platinum, Pyrite, Pyrrhotite, Silver, Sphalerite, Magnetite, Bornite, Chalcocite, Covellite","Barite, Garnet, Orthoclase, Quartz, Rhodochrosite",,"IRREGULAR-Concentric with a low-grade core grading upward and laterally to a molybdenite zone, copper shell, pyrite halo, Pb-Zn-Ag zone, and an outer Au zone.",Surface,"Biotitization, Actinolitization, Chloritization, Ferruginization, Felspathization, Sericitization, Dolomitization",Hydrothermal,"Bingham Canyon Mine, Utah Copper","Fissures, Fractures, And Faults","Peterson, Jocelyn A., Mohammad, Hasan","""Bingham Stock"", ""Bingham Mine;Curry;Oquirrh Quartzite (Limestone, Sandstone, Shale)"", ""porphyry dikes intruded into Bingham stock""","Quartz Monzonite,Quartzite,Siltstone,Limestone,Plutonic Rock",Bingham Stock;Last Chance Stock;Volcanic Rocks,Latite,"Bingham Syncline; Northeast-Trending Faults; Occidental Fault; Bear Fault; Midas Thrust; Copperton Anticline, Basin And Range Faulting",Sevier Orogenic Belt Of Basin And Range,"Parry, W.T., Wilson, P.N., Moser, D. and Heizler, M.T., 2001, U-Pb dating of zircon and 40Ar/39Ar dating of biotite at Bingham, Utah, Economic Geology, v. 96, p. 1671-1684.BRAY, E.R., AND WILSON, L.C., 1975, GUIDEBOOK TO THE BINGHAM MINING DISTRICT:  SOCIETY OF ECONOMIC GEOLOGISTS, BINGHAM CANYON, UTAH, OCT. 23, 1975, 156 P.COOK, D.R., 1961, GEOLOGY OF THE BINGHAM MINING DISTRICT AND NORTHERN OQUIRRH MOUNTAINS, GUIDEBOOK TO THE GEOLOGY OF UTAH, NO. 16:   UTAH GEOLOGICAL SOCIETY, 145 P.BUTLER, B.S., LOUGHLIN, G.F., HEIKES, V.C., AND OTHERS, 1920, THE ORE DEPOSITS OF UTAH:  U.S. GEOLOGICAL SURVEY PROFESSIONAL PAPER 111, P. 340-362.BOUTWELL, J.M., 1905, ECONOMIC GEOLOGY OF THE BINGHAM MINING DISTRICT, UTAH:  U.S. GEOLOGICAL SURVEY PROFESSIONAL PAPER 38, 410 P.QUIRING, HEINRICH, 1962, PLATINMETALLE IN DIE METALLISCHEN ROHSTOFFE, BAND 16:  STUTTGART, FERDINAND ENKE VERLAG, P. 251.EILERS, A., 1913, RARE METALS IN BLISTER COPPER:  AMERICAN ASSOCIATION OF MINING ENGINEERS TRANSACTIONS, V. 47, P. 217-218.ENGINEERING AND MINING JOURNAL, 1977, MAJOR OPEN-PIT METAL AND NONMETALLIC MINES OF THE FREE WORLD:  ENGINEERING AND MINING JOURNAL, V. 178, NO. 6, P. 86.COX, D.P., U.S. GEOLOGICAL SURVEY, PERSONAL FILES1905 COMPILE BOUTWELL1915 GEOLMAP BEESON1920 COMPILE BUTLER AND OTHERS1948 COMPILE PEACOCK1961 COMPILE UTAH GEOL SOCRedmond,P.,and Einaudi, M., 2010, The Bingham Canyon Porphyry Cu-Mo-Au Deposit. I. Sequence of Intrusions, Vein Formation, and Sulfide Deposition:    Economic Geology v. 105 no.1 p. 43-68\nGruen, G., Heinrich, C., and Schroeder, K., 2010, The Bingham Canyon Porphyry Cu-Mo-Au Deposit. II. Vein Geometry and Ore Shell Formation by Pressure-Driven Rock Extension: Economic Geology v.105 no.1 p. 69-90\n\nLandtwing, M., Furrer, C., Redmond, P., Pettke, T., Guillong, M., and Heinrich, C., 2010, The Bingham Canyon Porphyry Cu-Mo-Au Deposit. III. Zoned Copper-Gold Ore Deposition by Magmatic Vapor Expansion: Economic Geology vol. 105 no.1 p. 91-118\nAtkinson, W.W.,Jr. and Einaudi, M.T. 1978, Skarn Formation and Mineralization in the Contact Aureole at Carr Fork, Bingham, Utah; Economic Geology Vol. 73, 1326-1365Babcock R C, Ballantyne G H, Phillips C H  1995 - Summary of the geology of the Bingham District, Utah: in Pierce F W, Bolm J G (Eds),  Porphyry Copper Deposits of the American Cordillera Arizona Geol. Soc.     Digest 20 pp 316-335.Borrok D, Kesler S E  1999 - Sulfide minerals in intrusive and volcanic rocks of the Bingham-Park City belt, Utah: in Econ. Geol. v94 pp 1213-1230.Bowman J R, Parry W T, Kropp W P, Kruer S A  1987 - Chemical and isotopic evolution of hydrothermal solutions at Bingham, Utah: in Econ. Geol. v82 pp 395-428.Core D P, Kesler S E and EsseneE J,  2006 - Unusually Cu-rich magmas associated with giant porphyry copper deposits: Evidence from Bingham, Utah: in Geology v34 pp 41-44.Cunningham C G, Austin G W, Naeser C W, Rye R O, Ballantyne G H, Stamm R G and Barker C E  2004 - Formation of a Paleothermal Anomaly and Disseminated Gold Deposits Associated with the Bingham Canyon Porphyry Cu-Au-Mo System, Utah: in Econ. Geol. v99 pp 789-806.Hattori K H and Keith J D  2001 - Contribution of mafic melt to porphyry copper mineralization: evidence from Mount Pinatubo, Philippines, and Bingham Canyon, Utah, USA: in      Mineralium Deposita   v36 pp 799-806.Inan E E, Einaudi M T  2002 - Nukundamite (Cu3.38Fe0.62S4)-bearing Copper ore in the Bingham Porphyry deposit, Utah: Result of upflow through Quartzite: in    Econ. Geol.   v97 pp 499-515.Landtwing M R, Pettke T, Halter W E, Heinrich C A, Redmond P B, Einaudi M T and Kunze K  2005 - Copper deposition during quartz dissolution by cooling magmatic-hydrothermal fluids: The Bingham porphyry: in Earth and Planetary Science Letters, v235 pp 229-243.Maughan D T, Keith J D, Christiansen E H, Pulsipher T, Hattori K, Evans N J  2002 - Contributions from mafic alkaline magmas to the Bingham porphyry Cu-Au-Mo deposit, Utah, USA: in Mineralium Deposita, v37 pp 14-37.Parry W T, Jasumback M, Wilson P N  2002 - Clay mineralogy of phyllic and intermediate argillic alteration at Bingham, Utah: in    Econ. Geol.   v97 pp 221-239Redmond P B, Einaudi M T, Inan E E, Landtwing M R, Heinrich C A    2004 - Copper deposition by fluid cooling in intrusion-centered systems: New insights from the Bingham porphyry ore deposit, Utah: in    Geology     v32 pp 217-220Stavast W J A, Keith J D, Christiansen E H, Dorais M J, Tingey D, Larocque A and Evans N,  2006 - The Fate of Magmatic Sulfides During Intrusion or Eruption, Bingham and Tintic Districts, Utah: in    Econ. Geol.   v101 pp 329-345Phillips C H, Harrison E D and Smith T W, 2005 - Geology of the Bingham Mining District, Salt Lake County, Utah,   in  Porter T M, (Ed),  Super Porphyry Copper and Gold Deposits: A Global Perspective,  v1  pp 243-257Krahulec, K.A., 1997, History and production of the West Mountain (Bingham) Mining District, Utah; in John, D.A. and Ballantyne, G.H., eds., Geology and Ore Deposits of the Oquirrh and Wasatch Mountains, Utah, Society of Economic Geologists, Guidebook Series, v. 29, p. 189-218.ANNUAL PRODUCTION AND 1904-1970 PRODUCTION FROM COX (OLD MRDS RECORD)Singer, D.A., Berger, V.I., and Moring, B.C., 2008, Porphyry copper deposits of the world: database and grade and tonnage models, 2008: U.S. Geological Survey Open-File Report 2008-1155, 45 p. http://pubs.usgs.gov/of/2008/1155/",,1868,,,,1863,1904-2008,G.P. Oglvie,porphyry_subset
10101379,OK Mine,38.48329,-113.131,United States,Utah,Beaver,Copper,"Silver, Iron, Molybdenum, Gold",,Producer,53: Porphyry Cu,5|3: Porphyry Cu,True,True,A,https://mrdata.usgs.gov/mrds/show-mrds.php?dep_id=10101379,D000632,,NA,M,Surface-Underground,Porphyry Cu-Breccia pipe,M,"Bornite, Cuprite, Malachite, Molybdenite, Powellite, Chalcopyrite, Pyrite","Orthoclase, Quartz, Rutile, Zircon",,"""KNIFE-LIKE SEAMS""/BRECCIA CHIMNEYS",Underground,Sericitic,Secondary Enrichment,"Hidden Treasure, Maria, Copper Ranch, OK Copper, South Utah Copper Project, Bawana, Eagle, Milford, Cortex, Mary 1, Western Utah Copper",Fissure System (One N-S) (One East-West) Main Fissure N 80 Deg W Is In Fault Gouge,"Everts, Michael L., Mosier, Dan",OK Stock,"Quartz Monzonite,Plutonic Rock",,,"Basin And Range, Beaver Lake Mtns",Miogeosyncline; Sevier Orogenic Belt,"Lemmon, D.M., Silberman, M.L., and Kistler, R.W., 1973, Some K-Ar ages of extrusive and intrusive rocks of the San Francisco and Wah Wah Mountains, Utah, in Hintze, L.F., and Whelan, J.A., editors, 1973, Geology of the Milford Area 1973: Utah Geological Association Publ. 3, pp. 23-26.EVERTS, M L, 1979; UTAH GEOLOGICAL AND MINERAL SURVEY; ON-SITE INVESTIGATIONBUTLER, B S, 1913, GEOLOGY & ORE DEPOSITS OF THE SAN FRANCISCO REGION:  USGS PP 80BUTLER, B S, 1920, ORE DEPOSITS OF UTAH:  USGS PP # 111Taylor, T.W., 1987, Petrology and geochemistry of the O.K. copper-molybdenum deposit, Beaver County, Utah: Utah Geological and Mineral Survey Special Studies 69, pp. 27-39.Taylor, T.W., 1984, A petrological and geochemical study of the O.K. copper-molybdenum deposit, Beaver county, Utah: Abstracts and Program ? Geological Society of America, v. 16, no. 4, p. 257.Prenn, N., 2005, Technical Report:    Milford Mineral Belt, Rocky, Beaver Lake and San Francisco Mining Districts, Beaver County, Utah, U.S.A. Prepared for: PALLADON VENTURES LTD. 8-18-2005, pp. 142\nhttp://www.palladonventures.com/i/pdf/Palladon_Technical-Report-full.pdfMDA-Western States Engineering, 1998 OK Mine Profect Feasibility Study, Vol. 1 Nevada Star Resource Corp. private report, Dec. 1998Steininger, R, 2007, An Evaluation of Western Utah Copper Corp's Copper Deposit Holdings in Beaver County, Utah:private report, 5-8-2007Schmoker, J.W., 1972, Analysis of gravity and aeromagnetic data, San Francisco Mountains and vicinity, southwestern Utah: Utah Geological and Mineralogical Survey Bulletin 98, d. November, 1972, 24 p.Regan, M. D., and Reynolds, R. W., 1976, Milford area, Beaver County, Utah: Unpublished report for Bear Creek Mining Company, d. January, 1976, 9 p.Wray, W.B., 2003a, Mines and geology of the Rocky and Beaver Lake districts, Beaver County, Utah: Unpublished report, 95 p. plus 5 plates, 1 figure, 7 tables and 10 photographs, expected to be published in Gloyn, R.W. and Park, G.M., editors, 2004, Geology of the mining camps of Utah:\nUtah Geological Association Publ.Wray, W.B., 2003b, Mines and geology of the San Francisco district, Beaver County, Utah: Unpublished report, 144 p. plus 14 plates, 2 figures, 6 tables and 70 photographs, expected to be published in Gloyn, R.W. and Park, G.M., editors, 2004, Geology of the mining camps of Utah: Utah Geological Association PublWelsh, J.E., 1973, Geology of the Beaver Lake Mountains, Beaver County, Utah: in Hintze, L.F., and Whelan, J.A., editors, 1973, Geology of the Milford Area 1973: Utah Geological Association Publ. 3, pp. 49-53.Barosh, P.J., 1960, Beaver Lake Mountains geology and ore deposits, Beaver County, Utah: Utah Geological and Mineral Survey Bulletin 68, 96 p.WHELAN, J.A., 1982, GEOLOGY, ORE DEPOSITS, AND MINERALOGY OF THE ROCKY RANGE, NEAR MILFORD, BEAVER COUNTY, UTAH: UGMS SPECIAL STUDIES NO. 57, 35 P.USBM MINERALS YEAR BOOK 1918 - EVERTS, M L, 1979AYLER, 1961, ORAL COMMUNICATION",,1900,,,,1895,,,porphyry_subset
10042180,Southwest Tintic,39.89856,-112.103,United States,Utah,Juab,"Copper, Lead, Silver, Gold, Molybdenum",,,Prospect,53: Porphyry Cu,5|3: Porphyry Cu,True,True,B,https://mrdata.usgs.gov/mrds/show-mrds.php?dep_id=10042180,M058560,,NA,M,Surface-Underground,Porphyry Cu,S,"Pyrite, Tetrahedrite, Chalcopyrite, Molybdenite",Quartz,,IRREGULAR,Underground,Argillization,Weathering,"Golden Treasure Mine, Tintic Copper King Prospect, Treasure Hill ShaftTreasure Hill",Irregular Silicification,"James, Laurence P.",,Andesite,"""Sunrise Peak Stock"", ""Diamond Gulch ""","Monzonite,Quartz Monzonite,Latite",Fractures,,"MORRIS, H.T., AND LOVERING, T.S., 1979, GENERAL GEOLOGY AND MINES OF THE EAST TINTIC MINING DISTRICT, UTAH AND JUAB COUNTIES, UTAH: U.S. GEOLOGICAL SURVEY PROFESSIONAL PAPER 1024, 194 PP.COOK, D.R., ED., 1957, GEOLOGY OF THE EAST TINTIC MOUNTAINS AND ORE DEPOSITS OF THE TINTIC MINING DISTRICTS: UTAH GEOL. SOC. GUIDEBOOK, NO. 12, 183 P.MORRIS, H.T., 1964, GEOLOGY OF THE EUREKA QUADRANGLE, UTAH AND JUAB COUNTIES, UTAH: U.S. GEOLOGICAL SURVEY BULLETIN 1142-K, P. K1-K29.LINDGREN, WALDEMAR, AND LOUGHLIN, G.F., 1919, GEOLOGY AND ORE DEPOSITS OF THE TINTIC MINING DISTRICT, UTAH: U.S. GEOLOGICAL SURVEY PROFESSIONAL PAPER 107, 276 PP.TOWER, G.H., JR., AND SMITH, G.O., 1899, GEOLOGY AND MINING INDUSTRY OF THE TINTIC DISTRICT, UTAH: US GEOLOGICAL SURVEY 19TH ANNUAL REPORT, PAGE 764.BULTLER, B.S. AND OTHERS, 1920, ORE DEPOSITS OF UTAH: U.S. GEOLOGICAL SURVEY PROF. PAPER 111.Norman, D.K., Parry, W.T., and Bowman, J.R., 1991, Petrology and geochemistry of propylitic alteration at Southwest Tintic, Utah: Economic Geology, v. 86, p. 13?28.Krahulec, K.A., 1996, Geology and geochemistry of the SWT porphyry copper system, Tintic mining district, Juab County, Utah, in Green, S.M., and Struhsaker, E., eds, Geology and ore deposits of the American Cordillera: Field Trip Guidebook CompendiumKeith, J. D., and others, 1991, The volcanic history and magmatic sulfide mineralogy of latites of the central East Tintic Mountainss, Utah: in Geology and Ore Deposits of the Great Basin Symp. Proceedings, v. 1 p. 461-483.",,,,,,1875,,,porphyry_subset
10081559,Cuttingsville Mine,43.4858,-72.8823,United States,Vermont,Rutland,Copper,"Tungsten, Molybdenum",,Occurrence,78: Porphyry Cu-Au,7|8: Porphyry Cu-Au,True,True,B,https://mrdata.usgs.gov/mrds/show-mrds.php?dep_id=10081559,W033637,,NA,M,Unknown,,N,"Wolframite, Molybdenite, Chalcopyrite","Hornblende, Biotite, Feldspar",,IRREGULAR,Underground,,,Old Copper Mine,,"McBean, Alan J. (Ratte, Charles A.), Fred Beck, Inc., L. G. Woodruff",,Syenite,White Mountain Plutonic Series,Syenite,,,"MORRILL, P AND CHAFFEE, R., 1964, VERMONT MINES AND MINERAL LOCALITIES. DARTMOUTH COLLEGE MUSEUM. (HANOVER, NH), P. 42.EGGLESTON, J.W., 1918 THE ERUPTIVE ROCKS OF CUTTINGSVILLE, VERMONT. IN REPORT OF THE VERMONT STATE GEOLOGIST, 1917-1918 (P.H. GOBIE PRESS; BELLOWS FALLS, VT).SLACK, J., 1985, USGS-EMR, PERSONAL COMMUNICATION.Doll, C.G., 1961, Centennial Geologic Map Of Vermont:  Vermont Geological Survey, Scale 1:250,000.Doll, C.G., 1961, Centennial Geologic Map Of Vermont:  Vermont Geological Survey, Scale 1:250,000.Dale, T.N., 1914, The Commercial Marbles Of Western Vermont:  Vermont State Geologist 9th Annual Report (1913-1914), 123 P.Dale, T.N., 1914, The Commercial Marbles Of Western Vermont:  Vermont State Geologist 9th Annual Report (1913-1914), 123 P.Morrill, P. And Chaffee, R., 1964, Vermont Mines And Mineral Locations:  Montshire Museum, Hanover, New Hampshire, 50 P.Morrill, P. And Chaffee, R., 1964, Vermont Mines And Mineral Locations:    Montshire Museum, Hanover, New Hampshire, 50 P.Unpublished Map:  Delaware And Hudson Rr Map Of Quarries And Mills (1924",,,,,,,,,porphyry_subset
10093843,Cuttingsville Molybdenite Prospect,43.4806,-72.8964,United States,Vermont,Rutland,Molybdenum,,,Occurrence,79: Porphyry Cu-Mo,7|9: Porphyry Cu-Mo,True,False,B,https://mrdata.usgs.gov/mrds/show-mrds.php?dep_id=10093843,W033621,,NA,M,Unknown,,N,Molybdenite,"Pyrite, Mica, Feldspar, Quartz",,IRREGULAR,Surface/Underground,,,Granite Hill Prospect,,"L. G. Woodruff, McBean, Alan J. (Ratte, Charles A.), Fred Beck, Inc.",,Syenite,White Mountain Plutonic Series,Syenite,,,"GRANT, R.W., 1968, MINERAL COLLECTING IN VERMONT. VGS SPECIAL PUBLICATION NO. 2, P 32.EGGLESTON, J.W., 1918, ERUPTIVE ROCKS AT CUTTINGSVILLE, VT., ELEVENTH ANNUAL REPORT OF THE STATE GEOLOGIST OF VERMONT, 1917-1918, P. 190.PEARRE, N.C. AND CALKINS, J.A., 1957, MINERAL DEPOSITS AND OCCURRENCES IN VERMONT, EXCLUSIVE OF CLAY, SAND AND GRAVEL, AND PEAT.  USGS MAP, MR-5, SCALE 1:500000.Pearre, N.C. And Calkins, J.A., 1957, Mineral Deposits And Occurrences In Vermont, Exclusive Of Clay, Sand And Gravel, And Peat:  U.S. Geological Survey Mineral Investigations Resource Map Mr-5, Scale 1:500,000.Pearre, N.C. And Calkins, J.A., 1957, Mineral Deposits And Occurrences In Vermont, Exclusive Of Clay, Sand And Gravel, And Peat:  U.S. Geological Survey Mineral Investigations Resource Map Mr-5, Scale 1:500,000.Grant, W. R., 1968, Mineral Collecting In Vermont:  Vermont Geological Survey Special Publication 2, 49 P.Grant, W. R., 1968, Mineral Collecting In Vermont:  Vermont Geological Survey Special Publication 2, 49 P.Eggleston, J.W., 1918, 11th Report Of The Vermont State Geologist (1917-1918):  P.G. Gobie Press, Bellows Falls, Vermont, P.167-193.Eggleston, J.W., 1918, 11th Report Of The Vermont State Geologist (1917-1918):    P.G. Gobie Press, Bellows Falls, Vermont, P.167-193.",,,,,,,,,porphyry_subset
10048437,Buckindy,48.35482,-121.218,United States,Washington,Skagit,Copper,Molybdenum,"Tungsten, Silver",Occurrence,79: Porphyry Cu-Mo,7|9: Porphyry Cu-Mo,True,True,B,https://mrdata.usgs.gov/mrds/show-mrds.php?dep_id=10048437,MP00024,,NA,M,Unknown,,N,"Chalcopyrite, Molybdenite, Pyrite, Scheelite","Quartz, Sericite",,STOCKWORK VEINLETS,,"Weak Phyllic, Structurally Controlled Propylitic.  Breccias Have Been Flooded By Silica",,Mount Buckindy,,"Peterson, Jocelyn A.",Mount Buckindy Pluton;Mount Buckindy Pluton;Tonalite Gneiss Of Bench Lake,Gneiss,,Dacite,Foliation Trends E-W. Fracturing And Shearing Trend Nne To Ne,Cascade Volcanic Arc,"HOLLISTER, V.F., 1979, PORPHYRY COPPER-TYPE DEPOSITS OF THE CASCADE VOLCANIC ARC, WASHINGTON:  MINERALS SCIENCE AND ENGINEERING, V. 11, P. 34GRANT, A.R., 1969, CHEMICAL AND PHYSICAL CONTROLS FOR BASE METAL DEPOSITION IN THE CASCADE RANGE OF WASHINGTON:    WASHINGTON DIVISION OF MINES AND GEOLOGY BULLETIN 58, P. 69-71.GRANT, A.R., 1976, REPORT OF EVALUATION, MINERAL RESOURCE ANALYSIS STUDY ON UNITED STATES FOREST ERVICE LAND, STATE OF WASHINGTON:  PREPARED FOR U.S. FOREST SERVICE - REGION 6, CONTRACT NO. 004724N, P. 36.GRANT, A.R., 1982, SUMMARY OF ECONOMIC GEOLOGY DATA FOR THE GLACEIR PEAK WILDERNESS, CHELAN, SNOHOMISH, AND SKAGIT COUNTIES, WASHINGTON:  U.S. GEOLOGICAL SURVEY OPEN-FILE REPORT 82-408, P. 18-22.STOTELMEYER, R.B., JOHNSON, F.L., MCHUGH, E.L., FEDERSPIEL, F.E., DENTON, D.K., JR., AND STEBBINS, S.A., 1982, MINERAL INVESTIGATION OF THE GLACIER PEAK WILDERNESS AND ADACENT AREAS, CHELAN, SKAGIT, AND SNOHOMISH COUNTIES, WASHINGTON:    U.S. BUREAU OF MINES OPEN-FILE REPORT 89-82, P. 23.CHURCH, S.E., FORD, A.B., FLANIGAN, V.J., AND STOTELMEYER, R.B., 1984, MINERAL RESOURCE POTENTIAL OF THE GLACIER PEAK WILDERNESS AND ADJACENT AREAS, CHELAN, SKAGIT, AND SNOHOMISH COUNTIES, WASHINGTON:  U.S. GEOLOGICAL SURVEY MISCELLANEOUS FIELD STUDIES MAP MF-1652-A, SCALE 1:100,000.TABOR, R.W., BOOTH, D.B., VANCE, J.A., FORD, A.B., AND ORT, M.H., 1988, PRELIMINARY GEOLOGIC MAP OF THE SAUK RIVER 30 BY 60 MINUTE QUADRANGLE, WASHINGTON:  U.S. GEOLOGICAL SURVEY OPEN-FILE REPORT 88-692, SCALE 1:100,000.",,,,,,,,,porphyry_subset
10047836,Camp Creek Mine,46.36064,-121.79,United States,Washington,Skamania,Copper,,"Gold, Platinum, Molybdenum, Zinc, Lead",Past Producer,53: Porphyry Cu,5|3: Porphyry Cu,True,True,B,https://mrdata.usgs.gov/mrds/show-mrds.php?dep_id=10047836,M700162,,NA,M,Unknown,,S,"Chalcocite, Chalcopyrite, Galena, Gold, Molybdenite, Pyrite, Sphalerite","Biotite, Calcite, Chlorite, Plagioclase, Quartz, Sericite",,STOCKWORK,,"Potassic, Phyllic, Propylitic",,"Mccoy Creek, Lucky Break, Primary Gold",Emplacement Of Stock Controlled By Mccoy Creek Fault,"Peterson, Jocelyn A., Caress, Mary E. (Evarts, Russ)",Mccoy Creek Stock,Diorite,Ohanapecosh Formation;Ohanapecosh Formation;Ohanapecosh Formation;Ohanapecosh Formation,Andesite,,Cascade Volcanic Arc,"MOEN, W.S., 1977, ST. HELENS AND WASHOUGAL MINING DISTRICTS OF THE SOUTHERN CASCADES OF WASHINGTON:  WASHINGTON DIVISION OF GEOLOGY AND EARTH RESOURCES INFORMATION CIRCULAR 60. P. 17, 30-31.HUNTTING, M.T., 1956, INVENTORY OF WASHINGTON MINERALS - PART II, METALLIC MINERALS: WASHINGTON DIVISION OF MINES AND GEOLOGY BULLETIN 37, V. 1, P. 154, 155.HOLLISTER, V.F., 1979, PORPHYRY COPPER-TYPE DEPOSITS OF THE CASCADE VOLCANIC ARC, WASHINGTON:  MINERALS SCIENCE AND ENGINEERING, V. 11, P. 25.LINK, J.E., 1985, GOLD AND COPPER MINERALIZATION IN THE MCCOY CREEK DISTRICT, SKAMANIA COUNTY, WASHINGTON:    PULLMAN, WASHINGTON STATE UNIVERSITY, M.S. THESIS, 176 P.MOEN, 1977, P. 30",,,,,,1903,,,porphyry_subset
10055922,Clipper,47.51788,-121.346,United States,Washington,King,"Copper, Molybdenum",,"Gold, Lead, Zinc, Arsenic",Occurrence,53: Porphyry Cu,5|3: Porphyry Cu,True,True,A,https://mrdata.usgs.gov/mrds/show-mrds.php?dep_id=10055922,SP00134,,NA,M,Unknown,,N,"Chalcopyrite, Galena, Molybdenite","Chlorite, Pyrite, Pyrrhotite, Quartz, Siderite",,"DISSEMINATED, STOCKWORK VEINLETS",,,,"Snoqualmie Copper, Katie Belle",See Comments,"Berger, Mary A., Frank, Dave","Snoqualmie Batholith, Northern Phase",Tonalite,Naches Formation,Andesite,,"Part Of A Northeast-Trending Belt Of En Echelon (Nw-Striking) Faults, Fractures, And Breccia Pipes Defining A Porphyry Copper System.","DERKEY, R.E., JOSEPH, N.L., AND LASMANIS, RAYMOND, 1990, METAL MINES OF WASHINGTON - PRELIMINARY REPORT: WASHINGTON DIVISION OF GEOLOGY AND EARTH RESOURCES OPEN-FILE REPORT 90-18, P. 109-110.FRIZZELL, V.A., JR.; TABOR, R.W.; BOOTH, D.B.; ORT, K.M.; WAITT, R.B., 1984, PRELIMINARY GEOLOGIC MAP OF THE SNOQUALMIE PASS 1:100,000 QUADRANGLE, WASHINGTON: U.S. GEOLOGICAL SURVEY OPEN-FILE REPORT 84-693, 42 P., 1 PL.GRANT, A.R., 1969, CHEMICAL AND PHYSICAL CONTROLS FOR BASE METAL DEPOSITION IN THE CASCADE RANGE OF WASHINGTON: WASHINGTON DIVISION OF MINES AND GEOLOGY BULLETIN 58, 107 P.GUALTIERI, J.L.; THURBER, H.K.; MILLER, M.S.; MCMAHAN, A.B.; FEDERSPIEL, F.F.,1975, MINERAL RESOURCES OF ADDITIONS TO THE ALPINE LAKES WILDERNESS STUDY AREA, CHELAN, KING, AND KITTITAS COUNTIES, WASHINGTON: U.S. GEOLOGICAL SURVEY OPEN-FILE REPORT 75-3, 161 P., 2 PL., p. 54, 68-71.HUNTTING, M. T., 1956, INVENTORY OF WASHINGTON MINERALS-PART II, METALLIC MINERALS: WASHINGTON DIVISION OF MINES AND GEOLOGY BULLETIN 37, V. 1, 428 P.; V. 2, 67 P.LIVINGSTON, V.E., JR., 1971, GEOLOGY AND MINERAL RESOURCES OF KING COUNTY, WASHINGTON: WASHINGTON DIVISION OF MINES AND GEOLOGY BULLETIN 63, 200 P., 8 PL.MC INTYRE, A.W., 1907, COPPER DEPOSITS OF WASHINGTON: AMERICAN MINING CONGRESS, 9TH ANNUAL SESSION, REPORT OF PROCEEDINGS, P. 238-250.PURDY, C.P., JR., 1951, MOLYBDENUM OCCURRENCES OF WASHINGTON: WASHINGTON DIVISION OF MINES AND GEOLOGY REPORT OF INVESTIGATIONS 18, 118 P., 6 PL. (p. 28-29)WESTERN MINER, 1967, WESTLAND MINES LTD.; P. 128UNPUBLISHED INFORMATION: MELROSE, J.W., 1941, MINERALIZATION OF THE AREA TO BE SERVED BY THE MIDDLE FORK OF SNOQUALMIE RIVER ROAD. CARITHERS, WARD, 1942, MEMORANDUM TO SHELDON C. GLOVER. THESE REPORTS ARE IN Washington Divison of Geology and Earth Resources FILES.HOLLISTER, V.F., 1979, PROPHYRY COPPER-TYPE DEPOSITS OF THE CASCADE VOLCANIC ARC, WASHINGTON: MINERALS SCIENCE AND ENGINEERING, V. 11, P. 32.",,,,,,,,,porphyry_subset
10055923,Condor-Hemlock,47.49649,-121.369,United States,Washington,King,"Molybdenum, Copper","Gold, Silver",,Occurrence,79: Porphyry Cu-Mo,7|9: Porphyry Cu-Mo,True,True,B,https://mrdata.usgs.gov/mrds/show-mrds.php?dep_id=10055923,SP00135,,NA,M,Unknown,porphyry Cu,N,"Chalcocite, Chalcopyrite, Covellite, Molybdenite","Chlorite, Pyrite, Pyrrhotite, Quartz, Sericite",,"STOCKWORK, BRECCIA PIPE",,,,"Hemlock, Condor, Condor Zone",See Comments,"Berger, Mary A., Frank, Dave, Causey, J. Douglas, Peterson, Jocelyn A., Thurber",Snoqualmie Batholith,Tonalite,,Andesite,,"Part Of A Northeast-Trending Belt Of En Echelon (Nw-Striking) Faults, Fractures, And Breccia Pipes Difining A Porphyry Copper System.","DERKEY, R.E., JOSEPH, N.L., AND LASMANIS, RAYMOND, 1990, METAL MINES OF WASHINGTON - PRELIMINARY REPORT: WASHINGTON DIVISION OF GEOLOGY AND EARTH RESOURCES OPEN-FILE REPORT 90-18, P. 111-112.FRIZZELL, V.A., JR.; TABOR, R.W.; BOOTH, D.B.; ORT, K.M.; WAITT, R.B., 1984, PRELIMINARY GEOLOGIC MAP OF THE SNOQUALMIE PASS 1:100,000 QUADRANGLE, WASHINGTON: U.S. GEOLOGICAL SURVEY OPEN-FILE REPORT 84-693, 42 P., 1 PL.GRANT, A.R., 1969, CHEMICAL AND PHYSICAL CONTROLS FOR BASE METAL DEPOSITION IN THE CASCADE RANGE OF WASHINGTON: WASHINGTON DIVISION OF MINES AND GEOLOGY BULLETIN 58, 107 P.GUALTIERI, J.L.; THURBER, H.K.; MILLER, M.S.; MCMAHAN, A.B.; FEDERSPIEL, F.F.,1975, MINERAL RESOURCES OF ADDITIONS TO THE ALPINE LAKES WILDERNESS STUDY AREA, CHELAN, KING, AND KITTITAS COUNTIES, WASHINGTON: U.S. GEOLOGICAL SURVEY OPEN-FILE REPORT 75-3, 161 P., 2 PL., P. 51-61.HUNTTING, M. T., 1956, INVENTORY OF WASHINGTON MINERALS-PART II, METALLIC MINERALS: WASHINGTON DIVISION OF MINES AND GEOLOGY BULLETIN 37, V. 1, 428 P.; V. 2, 67 P.LIVINGSTON, V.E., JR., 1971, GEOLOGY AND MINERAL RESOURCES OF KING COUNTY, WASHINGTON: WASHINGTON DIVISION OF MINES AND GEOLOGY BULLETIN 63, 200 P., 8 PL.MC INTYRE, A.W., 1907, COPPER DEPOSITS OF WASHINGTON: AMERICAN MINING CONGRESS, 9TH ANNUAL SESSION, REPORT OF PROCEEDINGS, P. 238-250.PURDY, C.P., JR., 1951, MOLYBDENUM OCCURRENCES OF WASHINGTON: WASHINGTON DIVISION OF MINES AND GEOLOGY REPORT OF INVESTIGATIONS 18, 118 P., 6 PL.WESTERN MINER, 1967, WESTLAND MINES LTD.: P. 128UNPUBLISHED INFORMATION: GRANT, ALAN R., 1965, PRELIMINARY REPORT MIDDLE FORK SNOQUALMIE AREA, EASTERN KING COUNTY, WASHINGTON. THIS REPORT IS IN DGER FILES.HOLLISTER, V.F., 1979, PORPHYRY COPPER-TYPE DEPOSITS OF THE CASCADE VOLCANIC ARC, WASHINGTON: MINERALS SCIENCE AND ENGINEERING, V. 11, P. 32.U.S. GEOLOGICAL SURVEY BULLETIN 1542-E, 1989, P. 94-97.",,,,,,,,,porphyry_subset
10101419,Copper Mining Co.,46.76871,-121.35,United States,Washington,Yakima,Copper,Tungsten,"Silver, Gold, Molybdenum",Past Producer,79: Porphyry Cu-Mo,7|9: Porphyry Cu-Mo,True,True,B,https://mrdata.usgs.gov/mrds/show-mrds.php?dep_id=10101419,D001421,,NA,M,Unknown,,S,"Bornite, Chalcopyrite, Malachite, Molybdenite, Pyrite, Scheelite","Biotite, Quartz, Sericite, Tourmaline",,BRECCIA PIPES,Surface/Underground,"Potassic, Phyllic, Propylitic",,"New Find, Bird",,"Peterson, Jocelyn A., Elliott, James E.",Bumping Lake Pluton,Diorite,,,,Cascade Volcanic Arc,"LEMMON, D.M., UNPUB. DATA.LEMMON, D.M., AND TWETO, O.L., 1962, TUNGSTEN IN THE UNITED STATES, U.S. GEOLOGICAL SURVEY  MINERAL INVESTIGATIONS RESOURCE MAP, MR-25, SCALE 1:3,168,000.HOLLISTER, V.F., 1979, PORPHYRY COPPER-TYPE DEPOSITS OF THE CASCADE VOLCANIC ARC, WASHINGTON:  MINERALS SCIENCE AND ENGINEERING, V. 11, P. 34.DERKEY, R.E., JOSEPH, N.L., AND LASMANIS, RAYMOND, 1990, METAL MINES OF WASHINGTON - PRELIMINARY REPORT:    WASHINGTON DIVISION OF GEOLOGY AND EARTH RESOURCES OPEN-FILE REPORT 90-18, P. 571-572.CULVER, H.E., AND BROUGHTON, W.A., 1945, TUNGSTEN RESOURCES OF WASHINGTON:  WASHINGTON DIVISION OF GEOLOGY BULLETIN 34, P. 80-84.HUNTTING, M.T., 1956, INVENTORY OF WASHINGTON MINERALS - PART II, METALLIC MINERALS:    WASHINGTON DIVISION OF MINES AND GEOLOGY BULLETIN 37, V. 1, P. 106-107, 350.DERKEY AND OTHERS, 1990",,,,,,,,,porphyry_subset
10041702,Crescent Mine,48.45038,-120.583,United States,Washington,Okanogan,Copper,,,Occurrence,53: Porphyry Cu,5|3: Porphyry Cu,True,True,B,https://mrdata.usgs.gov/mrds/show-mrds.php?dep_id=10041702,M056885,,NA,M,Unknown,,U,"Chalcopyrite, Pyrite",,,STOCKWORK,,,,,,"Peterson, Jocelyn A., Greene, Robert",Twisp Valley Schist;Twisp Valley Schist;Twisp Valley Schist,Limestone,,,,Cascade Volcanic Arc,"HUNTTING, M.T., 1956, INVENTORY OF WASHINGTON MINERALS - PART II, METALLIC MINERALS:  WASHINGTON DIVISION OF MINES AND GEOLOGY BULLETIN 37, V. 1, P. 64.BUNNING, B.B., 1990, GEOLOGIC MAP OF THE EAST HALF OF THE TWISP 1:100,000 QUADRANGLE, WASHINGTON:  WASHINGTON DIVISION OF GEOLOGY AND EARTH RESOURCES OPEN-FILE REPORT 90-9, SCALE 1:100,000.HOLLISTER, V.F., 1979, PORPHYRY COPPER-TYPE DEPOSITS OF THE CASCADE VOLCANIC ARC, WASHINGTON:  MINERALS SCIENCE AND ENBGINEERING, V. 11, P. 34.GRANT, A.R., 1976, REPORT OF EVALUATION, MINERAL RESOURCE ANALYSIS STUDY ON UNITED STATES FOREST SERVICE LAND, STATE OF WASHINGTON:  PREPARED FOR U.S. FOREST SERVICE - REGION 6, CONTRACT NO. 004724N, P. 32.",,,,,,,,,porphyry_subset
10107717,Dutch Miller,47.55899,-121.24,United States,Washington,King,Copper,"Gold, Silver, Lead, Zinc","Arsenic, Antimony",Producer,53: Porphyry Cu,5|3: Porphyry Cu,True,True,A,https://mrdata.usgs.gov/mrds/show-mrds.php?dep_id=10107717,D001648,,NA,M,Unknown,,S,"Chalcopyrite, Galena, Pyrite, Sphalerite, Tetrahedrite","Chlorite, Dumortierite, Quartz, Siderite",,"VEINS, BRECCIA ZONE",Surface/Underground,"Potassic, Phyllic, Propylitic",,Middle Fork,,"Miller, M. H., Peterson, Jocelyn A.","Snoqualmie Batholith, Northern Phase",Diorite,,,En Echelon Fractures,Cascade Volcanic Arc,"PURDY, C.P., JR., 1951, ANTIMONY OCCURRENCES OF WASHINGTON:  WASHINGTON DIVISION OF MINES AND GEOLOGY BULLETIN 39, P. 160.HUNTTING, M.T., 1956, INVENTORY OF WASHINGTON MINERALS - PART II, METALLIC MINERALS:  WASHINGTON DIVISION OF MINES AND GEOLOGY BULLETIN 37, V. 1, P. 57DERKEY, R.E., JOSEPH, N.L., AND LASMANIS, RAYMOND, 1990, METAL MINES OF WASHINGTON - PRELIMINARY REPORT:  WASHINGTON DIVISION OF GEOLOGY AND EARTH RESOURCES OPEN-FILE REPORT 90-18, P. 115.GRANT, A.R., 1969, CHEMICAL AND PHYSICAL CONTROLS FOR BASE METAL DEPOSITION IN THE CASCADE RANGE OF WASHINGTON:  WASHINGTON DIVISION OF MINES AND GEOLOGY BULLETIN 58, P. 81-85.HOLLISTER, V.F., 1979, PORPHYRY COPPER-TYPE DEPOSITS OF THE CASCADE VOLCANIC ARC, WASHINGTON:  MINERALS SCIENCE AND ENGINEERING, V. 11, P. 32.GRANT, A.R., 1976, REPORT OF EVALUATION, MINERAL RESOURCE ANALYSIS STUDY ON UNITED STATES FOREST SERVICE LAND, STATE OF WASHINGTON:  PREPARED FOR U.S. FOREST SERVICE - REGION 6, CONTRACT NO. 004724N, P. 48.GUALTIERI, J.L., SIMMONS, G.C., THURBER, H.K., AND MILLER, M.S., 1973, MINERAL RESOURCES OF THE ALPINE LAKES STUDY AEA, CHELAN, KING, AND KITTITAS COUNTIES, WASHINGTON:  U.S. GEOLOGICAL SURVEY OPEN-FILE REPORT 1918, P. 54, 56, 58, 78-80.GUALTIERI, J.L., THURBER, H.K., MILLER, M.S., MCMAHAN, A.B., AND FEDERSPEIL, F.F., 1975, MINERAL RESOURCES OF ADDITIONS TO THE ALPINE LAKES STUDY AREA, CHELAN, KING, AND KITTITAS COUNTIES, WASHINGTON:  U.S. GEOLOGICAL SURVEY OPEN-FILE REPORT 75-3, P. 140.JOSEPH, N.L., 1991, WASHINGTON'S MINERAL INDUSTRY - 1990:  WASHINGTON GEOLOGY, V. 19, NO. 1, P. 3-24.GUALTIERI AND OTHERS, 1973",,,,,,1896,,,porphyry_subset
10048447,Esmeralda,48.15843,-120.886,United States,Washington,Chelan,"Gold, Copper",Silver,Arsenic,Occurrence,53: Porphyry Cu,5|3: Porphyry Cu,True,True,B,https://mrdata.usgs.gov/mrds/show-mrds.php?dep_id=10048447,MP00034,,NA,M,Unknown,,N,Chalcopyrite,,,DISSEMINATED IN LARGE BRECCIA PIPE,,Widespread Hydrothermal Alteration,,,,"Peterson, Jocelyn A.",,Granite,,,,Cascade Volcanic Arc,"CHURCH, S.E., FORD, A.B., FLANIGAN, V.J., AND STOTELMEYER, R.B., 1984, MINERAL RESOURCE POTENTIAL OF THE GLACIER PEAK WILDERNESS AND ADJACENT AREAS, CHELAN, SKAGIT, AND SNOHOMISH COUNTIES, WASHINGTON:  U.S. GEOLOGICAL SURVEY MISCELLANEOUS FIELD STUDIES MAP MF-1652-A, SCALE 1:100,000.STOTELMEYER, R.B., JOHNSON, F.L., MCHUGH, E.L., FEDERSPEIL, F.E., DENTON, D.K., JR., AND STEBBINS, S.A., 1982, MINERAL INVESTIGATION OF THE GLACIER PEAK WILDERNESS AND ADJACENT AREAS, CHELAN, SKAGIT, AND SNOHOMISH COUNTIES, WASHINGTON:  U.S. BUREAU OF MINES OPEN-FILE REPORT MLA 98-82, P. 21.",,,,,,,,,porphyry_subset
10048596,Fortress Mountain,48.17788,-120.944,United States,Washington,Snohomish,Copper,Molybdenum,,Occurrence,79: Porphyry Cu-Mo,7|9: Porphyry Cu-Mo,True,True,B,https://mrdata.usgs.gov/mrds/show-mrds.php?dep_id=10048596,MP00194,,NA,M,Unknown,,N,"Chalcocite, Chalcopyrite, Covellite, Malachite, Molybdenite, Pyrite, Pyrrhotite","Chlorite, Epidote, Sericite",,SMALL PLUGS,,"Sericitization, Potassic",,,Contact Between Migmatite Gneiss And Plutonic Rocks,"Peterson, Jocelyn A.",Cloudy Pass Pluton;Cloudy Pass Pluton,Quartz Monzonite,,,,Cascade Volcanic Arc,"GRANT, A.R., 1982, SUMMARY OF ECONOMIC GEOLOGY DATA FOR THE GLACIER PEAK WILDERNESS, CHELAN, SNOHOMISH, AND SKAGIT COUNTIES, WASHINGTON:  U.S. GEOLOGICAL SURVEY OPEN-FILE REPORT 82-408, P. 22-24.STOTELMEYER, R.B., JOHNSON, F.L., MCHUGH, E.L., FEDERSPIEL, F.E., DENTON, D.K., JR., AND STEBBINS, S.A., 1982, MINERAL INVESTIGATION OF THE GLACIER PEAK WILDERNESS AND ADACENT AREAS, CHELAN, SKAGIT, AND SNOHOMISH COUNTIES, WASHINGTON:  U.S. BUREAU OF MINES OPEN-FILE REPORT 89-82, P. 22.CHURCH, S.E., FORD, A.B., FLANIGAN, V.J., AND STOTELMEYER, R.B., 1984, MINERAL RESOURCE POTENTIAL OF THE GLACIER PEAK WILDERNESS AND ADJACENT AREAS, CHELAN, SKAGIT, AND SNOHOMISH COUNTIES, WASHINGTON:  U.S. GEOLOGICAL SURVEY MISCELLANEOUS FIELD STUDIES MAP MF-1652-A, SCALE 1:100,000.TABOR, R.W., BOOTH, D.B., VANCE, J.A., FORD, A.B., AND ORT, M.H., 1988, PRELIMINARY GEOLOGIC MAP OF THE SAUK RIVER 30 BY 60 MINUTE QUADRANGLE, WASHINGTON:    U.S. GEOLOGICAL SURVEY OPEN-FILE REPORT 88-692, SCALE 1:100,000.",,,,,,,,,porphyry_subset
10277595,Germania,46.35591,-122.084,United States,Washington,Skamania,Copper,,Gold,Prospect,78: Porphyry Cu-Au,7|8: Porphyry Cu-Au,True,True,B,https://mrdata.usgs.gov/mrds/show-mrds.php?dep_id=10277595,M700170,530590084,NA,M,Underground,,,,,,Disseminated,Underground,,,Margaret Mine Project,,"Causey, J. Douglas, Peterson, Jocelyn A., Caress, Mary E. (Evarts, Russ), Ridenour, James","Spirit Lake Pluton, Main Phase",Diorite,,,,,"HUNTTING, M.T., 1956, INVENTORY OF WASHINGTON MINERALS - PART II, METALLIC MINERALS: WASHINGTON DIVISION OF MINES AND GEOLOGY BULLETIN 37, V. 1, P. 154.Moen, W.S., 1977, St Helens and Washougal Mining Districts of the southern Cascades of Washington: Washington Division of Geology and Earth Resources INFO. CIRC. 60, P. 17, 25.",,,,,<,1905,,,porphyry_subset
10008495,Glacier Peak,48.1976,-120.98,United States,Washington,Snohomish,"Molybdenum, Copper","Tungsten, Silver, Gold",,Prospect,79: Porphyry Cu-Mo,7|9: Porphyry Cu-Mo,True,True,A,https://mrdata.usgs.gov/mrds/show-mrds.php?dep_id=10008495,D000686,530610001,NA,M,Unknown,porphyry copper,N,"Chalcocite, Chalcopyrite, Covellite, Cuprite, Enargite, Galena, Malachite, Marcasite, Molybdenite, Pyrite, Pyrrhotite, Scheelite, Sphalerite, Tennantite, Azurite, Copper, Gold","Ankerite, Epidote, Ilmenite, Kaolinite, Limonite, Mica, Quartz, Realgar, Siderite, Talc, Tourmaline, Arsenopyrite, Calcite",,"VEINLET STOCKWORK, DISSEMINATED",,"Potassic, Phyllic, Propylitic",,"Calumet, Miners Ridge",Fracturing Intensity And East-West Sheeted Fissures,"Berger, Mary A., Causey, J. Douglas, Jayne, Doug, Peterson, Jocelyn A., King, Robert U.","""Cloudy Pass Pluton;Totem Pass Migmatite;Cloudy Pass Pluton"", ""Cloudy Pass Pluton""","Gneiss,Granitoid",,Andesite,"Major East-Northeast Trending Shear Zone, Northwest Projection Of Entiat Fault",Cascade Volcanic Arc,"PURDY, C.P. JR., 1954, MOLYBDENUM OCCURRENCES OF WASHINGTON:  WASHINGTON DIVISION OF MINES AND GEOLOGY REPORT OF INVESTIGATION 18, P. 63-64.HUNTTING, M.T., 1956, INVENTORY OF WASHINGTON MINERALS - PART II, METALLIC MINERALS:  WASHINGTON DIVISION OF MINES AND GEOLOGY BULLETIN 37, V. 1, P. 84.DERKEY, R.E., JOSEPH, N.L., AND LASMANIS, RAYMOND, 1990, METAL MINES OF WASHINGTON - PRELIMINARY REPORT:  WASHINGTON DIVISION OF GEOLOGY AND EARTH RESOURCES OPEN-FILE REPORT 90-18, P. 347-348.HOLLISTER, V.F., 1979, PORPHYRY COPPER-TYPE DEPOSITS OF THE CASCADE VOLCANIC ARC, WASHINGTON:  MINERALS SCIENCE AND ENGINEERING, V. 11, P. 28-29.GRANT, A.R., 1969, CHEMICAL AND PHYSICAL CONTROLS FOR BASE METAL DEPOSITION IN THE CASCADE RANGE OF WASHINGTON:  WASHINGTON DIVISION OF MINES AND GEOLOGY BULLETIN 58, P. 71-74.GRANT, A.R., 1976, REPORT OF EVALUATION, MINERAL RESOURCE ANALYSIS STUDY ON UNITED STATES FOREST SERVICE LAND, STATE OF WASHINGTON:  PREPARED FOR U.S. FOREST SERVICE - REGION 6, CONTRACT NO. 004724N, P. 27,GRANT, A.R., 1982, SUMMARY OF ECONOMIC GEOLOGY DATA FOR THE GLACEIR PEAK WILDERNESS, CHELAN, SNOHOMISH, AND SKAGIT COUNTIES, WASHINGTON:  U.S. GEOLOGICAL SURVEY OPEN-FILE REPORT 82-408, P. 16-18.STOTELMEYER, R.B., JOHNSON, F.L., MCHUGH, E.L., FEDERSPIEL, F.E., DENTON, D.K., JR., AND STEBBINS, S.A., 1982, MINERAL INVESTIGATION OF THE GLACKER PEAK WILDERNESS AND ADJACENT AREAS, CHELAN, SKAGIT, AND SNOHOMISH COUNTIES, WASHIGTON:  U.S. BUREAU OF MINES OPEN-FILE REPORT MLA 89-82, P. 16.1917 DIREXPL AMERICAN METALS1937 DIREXPL M.A. HANNA CO.1943 DIREXPL INTERNAT'L SMELT. & REFIN. CO.U.S. FOREST SERVICE, 1967, MINING IN THE GLACIER PEAK WILDERNESS: FACT SHEET, 3 P.COLLINS, J. J., SCHOLZ, E. A., 1943, REPORT ON THE GLACIER PEAK COPPER AND MOLYBDENUM PROSPECT: U.S. GEOLOGIC SURVEY WAR MINERALS INVESTIGATION, 64 P.BEAR CREEK MINING COMPANY, 1957, FINAL REPORT GLACIER PEAK PROJECT SNOHOMISH COUNTY, WASHINGTON: PRIVATE COMPANY REPORT, 36 P.ANDERSON, C. F., 1963, REPORT OF MINERAL EXAMINATION: U.S. DEPARTMENT OF AGRICULTURE, PATENT APPLICATION NO. W-04504, 9 P.KAISER ENGINEERS, 1967, GLACIER PEAK PROJECT SITE SELECTION STUDIES: PRIVATE REPORT PREPARED FOR KENNECOTT COPPER CORPORATION.Stotelmeyer, R. B., Johnson, F.L. McHugh, E.L., Federspiel, F.E., Denton, D.K., Jr., and Stebbins, S.A., 1981, Mineral resources of the Glacier Peak Wilderness and adjacent areas, Chelan, Skagit, and Snohomish counties, Washington:    U.S. Bureau of Mines unpublished report, 368 p., 3 plates, 27 figures.  This report is in the Washington Department of Geology and Earth Resources library.REED, G. C., 1968, ANNUAL PROGRESS REPORT GLACIER PEAK PROJECT: PRIVATE COMPANY REPORT, BEAR CREEK MINING COMPANY, 5 P.REED, G. C., 1967, ANNUAL PROGRESS REPORT GLACIER PEAK PROJECT: PRIVATE COMPANY REPORT, BEAR CREEK MINING COMPANY, 7 P.KAISER ENGINEERS, 1967, GLACIER PEAK PRELIMINARY FEASIBILITY STUDY: PRIVATE REPORT PREPARED FOR KENNECOTT COPPERKENNECOTT COPPER CORPORATION, 1966, ECONOMIC EVALUATION OF THE GLACIER PEAK DEPOSIT: PRIVATE COMPANY REPORT.",,,,,,1900,,,porphyry_subset
10048648,Goat Rocks,46.52065,-121.471,United States,Washington,"Lewis, Yakima","Copper, Molybdenum",,"Cobalt, Nickel, Lead, Silver, Zinc",Occurrence,53: Porphyry Cu,5|3: Porphyry Cu,True,True,B,https://mrdata.usgs.gov/mrds/show-mrds.php?dep_id=10048648,MP00253,,NA,M,Unknown,,N,Pyrite,,,DISSEMINATED,,"Phyllic, Propylitic, Silicic, Pyrite Development",,Glacier Lode Claim,,"Peterson, Jocelyn A.",Ohanapecosh Formation;Ohanapecosh Formation,Basalt,,,Brecciation,Cascade Volcanic Arc,"CHURCH, S.E., SWANSON, D.A., WILLIAMS, D.L., CLAYTON, G.A., CLOSE, T.J., AND PETERS, T.J., 1983, MINERAL RESOURCE POTENTIAL OF THE GOAT ROCKS WILDERNESS AND ADJACENT ROADLESS AREAS, LEWIS AND YAKIMA COUNTIES, WASHINGTON:    U.S. GEOLOGICAL SURVEY MISCELLANEOUS FIELD STUDIES MAP MF-1653-A, SCALE 1:48,000CHURCH AND OTHERS, 1983",,,,,,1939,,,porphyry_subset
10048448,Goericke,48.27176,-120.857,United States,Washington,Chelan,Copper,Silver,,Occurrence,53: Porphyry Cu,5|3: Porphyry Cu,True,True,C,https://mrdata.usgs.gov/mrds/show-mrds.php?dep_id=10048448,MP00035,,NA,M,Unknown,,N,,,,DISSEMINATED,,,,,,"Peterson, Jocelyn A.",,Schist,,Diorite,,Cascade Volcanic Arc,"CHURCH, S.E., FORD, A.B., FLANIGAN, V.J., AND STOTELMEYER, R.B., 1984, MINERAL RESOURCE POTENTIAL OF THE GLACIER PEAK WILDERNESS AND ADJACENT AREAS, CHELAN, SKAGIT, AND SNOHOMISH COUNTIES, WASHINGTON:  U.S. GEOLOGICAL SURVEY MISCELLANEOUS FIELD STUDIES MAP MF-1652-A, SCALE 1:100,000.STOTELMEYER, R.B., JOHNSON, F.L., MCHUGH, E.L., FEDERSPIEL, F.E., DENTON, D.K., JR., AND STEBBINS, S.A., 1982, MINERAL INVESTIGATION OF THE GLACEIR PEAK WILDERNESS AND ADJACENT AREAS, CHELAN, SKAGIT, AND SNOHOMISH COUNTIES, WASHINGTON:  U.S. BUREAU OF MINES OPEN-FILE REPORT 89-82, P. 17.",,,,,,,,,porphyry_subset
10048601,Goff,47.98315,-121.151,United States,Washington,Snohomish,"Silver, Copper, Gold",,,Occurrence,53: Porphyry Cu,5|3: Porphyry Cu,True,True,B,https://mrdata.usgs.gov/mrds/show-mrds.php?dep_id=10048601,MP00198,,NA,M,Unknown,,N,Pyrite,,,VEIN,Surface/Underground,Limonitization,,,Fractures,"Peterson, Jocelyn A.",Volcanic Rocks Of Cady Ridge;Volcanic Rocks Of Cady Ridge,Rhyolite,,,,Cascade Volcanic Arc,"GRANT, A.R., 1982, SUMMARY OF ECONOMIC GEOLOGY DATA FOR THE GLACEIR PEAK WILDERNESS, CHELAN, SNOHOMISH, AND SKAGIT COUNTIES, WASHINGTON:  U.S. GEOLOGICAL SURVEY OPEN-FILE REPORT 82-408, P. 35.STOTELMEYER, R.B., JOHNSON, F.L., MCHUGH, E.L., FEDERSPIEL, F.E., DENTON, D.K., JR., AND STEBBINS, S.A., 1982, MINERAL INVESTIGATION OF THE GLACIER PEAK WILDERNESS AND ADACENT AREAS, CHELAN, SKAGIT, AND SNOHOMISH COUNTIES, WASHINGTON:  U.S. BUREAU OF MINES OPEN-FILE REPORT 89-82, P. 23.CHURCH, S.E., FORD, A.B., FLANIGAN, V.J., AND STOTELMEYER, R.B., 1984, MINERAL RESOURCE POTENTIAL OF THE GLACIER PEAK WILDERNESS AND ADJACENT AREAS, CHELAN, SKAGIT, AND SNOHOMISH COUNTIES, WASHINGTON:  U.S. GEOLOGICAL SURVEY MISCELLANEOUS FIELD STUDIES MAP MF-1652-A, SCALE 1:100,000.TABOR, R.W., FRIZZELL, V.A., JR., BOOTH, D.B., WHETTEN, J.T., WAITT, R.B., JR., AND ZARTMAN, R.E., 1982, PRELIMINARY GEOLOGIC MAP OF THE SKYKOMISH RIVER 1:100,000 QUADRANGLE, WASHINGTON:  U.S. GEOLOGICAL SURVEY OPEN-FILE REPORT 82-747, SCALE 1:100,000.",,,,,<,1940,,,porphyry_subset
10048441,Gold Creek,47.45482,-121.335,United States,Washington,Kittitas,"Silver, Gold, Molybdenum, Copper",,,Occurrence,53: Porphyry Cu,5|3: Porphyry Cu,True,True,B,https://mrdata.usgs.gov/mrds/show-mrds.php?dep_id=10048441,MP00028,,NA,M,Unknown,,U,"Chalcopyrite, Pyrite, Pyrrhotite",,,STOCKWORK,,Volcanic Rocks Are Hornfelsed And Pyritized.  Widespread Secondary Biotite Alteration,,,,"Peterson, Jocelyn A.",Snoqualmie Batholith;Naches Formation,Diorite,,,"Strong Nw Shearing, Some Ne Fractures",Cascade Volcanic Arc,"GRANT, A.R., 1969, CHEMICAL AND PHYSICAL CONTROLS FOR BASE METAL DEPOSITION IN THE CASCADE RANGE OF WASHINGTON:  WASHINGTON DIVISION FO MINES AND GEOLOGY BULLETIN 58, P. 86-88.GRANT, A.R., 1976, REPORT OF EVALUATION, MINERAL RESOURCE ANALYSIS STUDY ON UNITED STATES FOREST SERVICE LAND, STATE OF WASHINGTON:  PREPARED FOR U.S. FOREST SERVICE - REGION 6, CONTRACT NO. 004724N, P. 43-44.GUALTIERI, J.L., THURBER, H.K., MILLER, M.S., MCMAHAN, A.B., AND FEDERSPIEL, F.F., 1975, MINERAL RESOURCES OF ADDITIONS TO THE ALPINE LAKES STUDY AREA, CHELAN, KING, AND KITTITAS COUNTIES, WASHINGTON:    U.S. GEOLOGICAL SURVEY OPEN-FILE REPORT 75-3, PLATE 1.",,,,,,,,,porphyry_subset
10009065,Gold Mountain,48.22509,-121.559,United States,Washington,Snohomish,Copper,"Gold, Silver","Antimony, Lead, Zinc",Occurrence,53: Porphyry Cu,5|3: Porphyry Cu,True,True,B,https://mrdata.usgs.gov/mrds/show-mrds.php?dep_id=10009065,D001710,,NA,M,Unknown,,U,"Chalcopyrite, Galena, Pyrrhotite, Sphalerite, Tetrahedrite","Biotite, Chlorite, Magnetite, Plagioclase, Quartz, Sericite",,STOCKWORK VEINLETS,,"Potassic, Argillic, Propylitic",,Darrington,,"Miller, M. H., Peterson, Jocelyn A.","Easton Metamorphic Suite, Darrington Phyllite",Schist,,,,Cascade Volcanic Arc,"PURDY, C.P., JR., 1951, ANTIMONY OCCURRENCES OF WASHINGTON:  WASHINGTON DIVISION OF MINES AND GEOLOGY BULLETIN 39, P. 169.HUNTTING, M.T., 1956, INVENTORY OF WASHINGTON MINERALS - PART II, METALLIC MINERALS:  WASHINGTON DIVISION OF MINES AND GEOLOGY BULLETIN 37, P. 84.BROUGHTON, W.A., 1942, INVENTORY OF MINERAL PROPERTIES IN SNOHOMISH COUNTY, WASHINGTON:    WASHINGTON DIVISION OF GEOLOGY REPORT OF INVESTIGATIONS 6, P. 8.HOLLISTER, V.F., 1979, PROPHYRY COPPER-TYPE DEPOSITS OF THE CASCADE VOLCANIC ARC, WASHINGTON:  MINERALS SCIENCE AND ENGINEERING, P. 34.TABOR, R.W., BOOTH, D.B., VANCE, J.A., FORD, A.B., AND ORT, M.H., 1988, PRELIMINARY GEOLOGIC MAP OF THE SAUK RIVER 30 BY 60 MINUTE QUADRANGLE, WASHINGTON:  U.S. GEOLOGICAL SURVEY OPEN-FILE REPORT 88-692, SCALE 1:100,000.",,,,,,,,,porphyry_subset
10036827,Kromona Mine,47.91592,-121.594,United States,Washington,Snohomish,"Copper, Silver, Gold","Molybdenum, Tungsten",Iron,Producer,79: Porphyry Cu-Mo,7|9: Porphyry Cu-Mo,True,True,B,https://mrdata.usgs.gov/mrds/show-mrds.php?dep_id=10036827,M025748,,NA,M,Unknown,,M,"Bornite, Chalcopyrite, Malachite, Marcasite, Molybdenite, Orpiment, Powellite, Pyrite, Pyrrhotite, Realgar, Scheelite","Calcite, Quartz",,VEIN,Surface/Underground,Weak Potassic,,"Scriber, Jones, Goat Haven?",,"Andrews, David H. (Lawson, William A.), Peterson, Jocelyn A.",Index Batholith;Index Batholith;Western Melange Belt,Gneiss,,,Contact Of Gneiss And Batholith,Cascade Volcanic Arc,"HUNTTING, M.T., 1956, INVENTORY OF WASHINGTON MINERALS - PART II, METALLIC MINERALS:  WASHINGTON DIVISION OF MINES AND GEOLOGY BULLETIN 37, V. 1, P. 87.GRANT, A.R., 1969, CHEMICAL AND PHYSICAL CONTROLS FOR BASE METAL DEPOSITION IN THE CASCADE RANGE OF WASHINGTON:  WASHINGTON DIVISION OF MINES AND GEOLOGY BULLETIN 58, P. 74-78.HOLLISTER, V.F., 1979, PORPHYRY COPPER-TYPE DEPOSITS OF THE CASCADE VOLCANIC ARC, WASHINGTON:    MINERALS SCIENCE AND ENGINEERING, V. 11, P. 34.DERKEY, R.E., JOSEPH, N.L., AND LASMANIS, RAYMOND, 1990, METAL MINES OF WASHINGTON - PRELIMINARY REPORT:  WASHINGTON DIVISION OF GEOLOGY AND EARTH RESOURCES OPEN-FILE REPORT 90-18, P. 355.GRANT, A.R., 1976, REPORT OF EVALUATION, MINERAL RESOURCE ANALYSIS STUDY ON UNITED STATES FOREST SERVICE LAND, STATE OF WASHINGTON:    PREPARED FOR U.S. FOREST SERVICE - REGION 6, CONTRACT NO. 004724N, P. 39.LEMMON, D.M., U.S. GEOLOGICAL SURVEY, UNPUB. DATAKING, R.U., U.S. GEOLOGICAL SURVEY, UNPUB. DATACULVER, H.E., AND BROUGHTON, W.A., 1945, TUNGSTEN RESOURCES OF WASHINGTON:    WASHINGTON DIVISION OF GEOLOGY BULLETIN 34, P. 56.TABOR, R.W., FRIZZELL, V.A., JR., BOOTH, D.B., WHETTEN, J.T., WAITT, R.B., JR., AND ZARTMAN, R.E., 1982, PRELIMINARY GEOLOGIC MAP OF THE SKYKOMISH RIVER 1:100,000 QUADRANGLE, WASHINGTON:  U.S. GEOLOGICAL SURVEY OPEN-FILE REPORT 82-747, SCALE 1:100,000.",,,,,,,,,porphyry_subset
10097315,Margaret,46.3562,-122.082,United States,Washington,Skamania,"Copper, Molybdenum","Gold, Silver","Zinc, Arsenic, Lead",Prospect,53: Porphyry Cu78: Porphyry Cu-Au,5|3: Porphyry Cu|7|8: Porphyry Cu-Au,True,True,A,https://mrdata.usgs.gov/mrds/show-mrds.php?dep_id=10097315,M700154,,NA,M,Unknown,porphyry Cu,N,"Bornite, Chalcocite, Chalcopyrite, Chrysocolla, Copper, Covellite, Galena, Magnetite, Malachite, Molybdenite, Pyrite, Sphalerite","Biotite, Calcite, Chlorite, Epidote, Goethite, Hematite, Kaolinite, Limonite, Quartz, Sericite, Tourmaline",,"STOCKWORK, DISSEMINATED",Underground,"Potassic, Phyllic, Argillic, Propylitic Outward.  Propylitic Can Overprint Phyllic Zone",,"Earl Group, Earl Nos. 1-13, Golconda, Polar Star Group (1-11), Samson Group, Germania",Brecciation Of Host Rocks,"Caress, Mary E. (Evarts, Russ), Peterson, Jocelyn A., Causey, J. Douglas, Lasmanis, Raymond, Hughes, Curt A., Berger, Mary A.","Spirit Lake Pluton, Main Phase",Quartz Diorite,"Spirit Lake Pluton, Main Phase",Andesite,,Cascade Volcanic Arc,"HOLLISTER, V.F., 1979, PORPHYRY COPPER-TYPE DEPOSITS OF THE CASCADE VOLCANIC ARC, WASHINGTON: MINERALS SCIENCE AND ENGINEERING, V. 11, P. 23-25.HUNTTING, M.T., 1956, INVENTORY OF WASHINGTON MINERALS - PART II, METALLIC MINERALS:  WASHINGTON DIVISION OF MINES AND GEOLOGY BULLETIN 37, V. 1, P. 78.LANDES, HENRY, THYNG, W.S., LYON, D.A., AND ROBERTS, MILNOR, 1902, THE METALLIFEROUS RESOURCES OF WASHINGTON, EXCEPT IRON:  WASHINGTON GEOLOGICAL SURVEY ANNUAL REPORT FOR 1901, V.I, PT. 2, P. 134.MOEN, W.S., 1977, ST. HELENS AND WASHOUGAL MINING DISTRICTS OF THE SOUTHERN CASCADES OF WASHINGTON:  WASHINGTON DIVISION OF GEOLOGY AND EARTH RESOURCES INFORMATION CIRCULAR 60, P. 17, 25.MCFARLAND, C.R., MCLUCAS, G.B., RIGBY, J.R, AND STOFFEL, K.L., 1980, DIRECTORY OF WASHINGTON MINING OPERATIONS, 1979:  WASHINGTON DIVISION OF GEOLOGY AND EARTH RESOURCES INFORMATION CURCULAR 69, P. 9.DERKEY, R.E., JOSEPH, N.L., AND LASMANIS, RAYMOND, 1991, METAL MINES OF WASHINGTON - PRELIMINARY REPORT:  WASHINGTON DIVISION OF GEOLOGY AND EARTH RESOURCES OPEN-FILE REPORT 90-18, P. 338-339.DERKEY, R.E., GULICK, C.W., AND LINGLEY, W.S., JR., 1993, WASHINGTON'S MINERAL INDUSTRY - 1992:    WASHINGTON GEOLOGY, V. 21, NO. 1, P. 3-25.Phillips, W. M., compiler, 1987, Geologic map of the Mount St. Helens quadrangle, Washington and Oregon: Washington Division of Geology and Earth Resources Open File Report 87-4, 59 p., 1 plate.DERKEY AND OTHERS (1990) CITING DUVAL DATA",,,,,,,,,porphyry_subset
10048588,Matt,47.94426,-121.413,United States,Washington,Snohomish,"Copper, Molybdenum",,,Occurrence,53: Porphyry Cu,5|3: Porphyry Cu,True,True,C,https://mrdata.usgs.gov/mrds/show-mrds.php?dep_id=10048588,MP00186,,NA,M,Unknown,,N,"Chalcopyrite, Pyrite, Pyrrhotite",,,DISSEMINATED,,,,,,"Peterson, Jocelyn A.",Swauk Formation;Swauk Formation,Sandstone,Grotto Batholith,Diorite,,Cascade Volcanic Arc,"JOHNSON, F.L., DENTON, D.K., IVERSON, S.R., MCCULLOCH, R.B., STEBBINS, S.A., AND STOTELMEYER, R.B., 1983, MINERAL RESOURCES OF THE GLACIER PEAK RARE II AREA (NO. L6031), SNOHOMISH COUNTY, WASHINGTON:  U.S. BUREAU OF MINES OPEN-FILE REPORT MLA 75-83, P. 36.TABOR, R.W., FRIZZELL, V.A., JR., BOOTH, D.B., WHETTEN, J.T., WAITT, R.B., JR., AND ZARTMAN, R.E., 1982, PRELIMINARY GEOLOGIC MAP OF THE SKYKOMISH RIVER 1:100,000 QUADRANGLE, WASHINGTON:  U.S. GEOLOGICAL SURVEY OPEN-FILE REPORT 82-747, SCALE 1:100,000.JOHNSON AND OTHERS, 1983",,,,,,,,,porphyry_subset
10056009,Mazama,48.61455,-120.383,United States,Washington,Okanogan,Copper,,,Past Producer,53: Porphyry Cu,5|3: Porphyry Cu,True,True,B,https://mrdata.usgs.gov/mrds/show-mrds.php?dep_id=10056009,SP00251,530470848,NA,M,Unknown,,N,"Chalcopyrite, Bornite","Pyrite, Biotite, Chlorite, Oligoclase, Quartz, Sericite, Magnetite, Pyrrhotite",,"BRECCIA PIPE, STOCKWORK",,,,Lesley,Mineralization Is Confined To Fractures And A Breccia Body. This Appears To Be Primarily A Porphyry Copper Deposit That Has No Other Metal Values. Reserves Are Given As Nearly 150 Million Tons Averaging 0.36% Cu. The Overall Waste To Ore Ratio Is 2.5:1.,"Lowe, Nathan T., Frank, Dave, Peterson, Jocelyn A., Beougher, Dee (Spanski, Gregory T.), Berger, Mary A.",Fawn Peak Stock,"Mafic Intrusive Rock,Diorite",,Andesite,"The Fawn Peak Stock Was Probably The Intrusive Rock Core Of An Island Arc (Riedell, 1979)",,"DERKEY, R.E.; JOSEPH, N.L.; LASMANIS, R., 1990, METAL MINES OF WASHINGTON-PRELIMINARY REPORT: STATE OF WASHINGTON, DEPARTMENT OF NATURAL RESOURCES, DIVISION OF GEOLOGY AND EARTH RESOURCES OPEN-FILE REPORT 90-18, 577 P.HUNTTING, M.T., 1956, INVENTORY OF WASHINGTON MINERALS-PART II, METALLIC MINERALS: WASHINGTON DIVISION OF MINES AND GEOLOGY BULLETIN 37, V. 1, 428 P.: V. 2, 67 P.STOFFEL, K.L.; MCGRODER, M.F., COMPILERS, 1990, GEOLOGIC MAP OF THE ROBINSON MOUNTAIN 1:100,000 QUADRANGLE, WASHINGTON: WASHINGTON DIVISION OF GEOLOGY AND EARTH RESOURCES OPEN FILE REPORT 90-5, 39 P., 1 PL.UNPUBLISHED INFORMATION: VANDERBILT GOLD CORPERATION, 1989, MAZAMA PROJECT DESCRIPTION. THIS REPORT IS IN DGER FILESWASH. GEOLOGIC NEWSLETTER, V. 18, NO. 1, MAR. 1990, P. 9, 17HOLLISTER, V.F., 1979, PORPHYRY COPPER-TYPE DEPOSITS OF THE CASCADE VOLCANIC ARC, WASHINGTON: MINERALS SCIENCE AND ENGINEERING, V. 11, P. 27-28.DERKEY, R.E., GULICK, C.W., LINGLEY, W.S., JR., 1993, WASHINGTON'S MINERAL INDUSTRY - 1992: WASHINGTON GEOLOGY, V. 21, NO. 1, P. 3-25.",,,,,,,,,porphyry_subset
10048445,Mesatchee Creek Prospects,46.87899,-121.415,United States,Washington,Yakima,Copper,"Gold, Silver",,Occurrence,53: Porphyry Cu,5|3: Porphyry Cu,True,True,B,https://mrdata.usgs.gov/mrds/show-mrds.php?dep_id=10048445,MP00032,,NA,M,Unknown,,N,"Chalcocite, Chalcopyrite, Pyrite",,,DISSEMINATED AND IN NARROW VEINLETS,,"Granodiorite Sericitized, Silicified; Rhyolite Heavily Stained By Fe-Oxides",,"American River, Morse-Union",,"Peterson, Jocelyn A.",Ohanapecosh Formation;Ohanapecosh Formation;Bumping Lake Pluton,Rhyolite,,,,Cascade Volcanic Arc,"HOLLISTER, V.F., 1979, PORPHYRY COPPER-TYPE DEPOSITS OF THE CASCADE VOLCANIC ARC, WASHINGTON:  MINERALS SCIENCE AND ENGINEERING, V. 11, P. 34.SIMMONS, G.C., VAN NOY, R.M., AND ZILKA, N.T., 1983, MINERAL RESOURCES OF THE COUGAR LAKES-MOUNT AIX STUDY AREA, YAKIMA AND LEWIS COUNTIES, WASHINGTON:  U.S. GEOLOGICAL SURVEY BULLETIN 1504, P. 54-55.",,,,,,1895,,,porphyry_subset
10131061,Middle Fork Property,47.51152,-121.35,United States,Washington,King,Copper,"Silver, Molybdenum, Gold",,Past Producer,53: Porphyry Cu,5|3: Porphyry Cu,True,True,B,https://mrdata.usgs.gov/mrds/show-mrds.php?dep_id=10131061,,530330087,NA,M,Underground,Porphyry copper,,"Chalcopyrite, Gold, Molybdenite",,,,,,,"Clipper Adit, Porter Zone - 0530331239, Clipper Zone, Snoqualmie River, Condor Zone - 0530331241, Hemlock Zone - 0530331240",,"Causey, J. Douglas, Thurber, H.K.",,,,,,,"HUNTTING, M. T., 1956, INVENTORY OF WASHINGTON MINERALS-PART II, METALLIC MINERALS: WASHINGTON DIVISION OF MINES AND GEOLOGY BULLETIN 37, V. 1, 428 P., (P. 58).Patton, T.C., Grant, A.R. and Cheney, E.S., 1973, Hydrothermal alteration at the Middle Fork copper prospect, central Cascades, Washington; Economic Geology, v. 68, p. 816-830.LIVINGSTON, V.E., JR., 1971, GEOLOGY AND MINERAL RESOURCES OF KING COUNTY, WASHINGTON: WASHINGTON DIVISION OF MINES AND GEOLOGY BULLETIN 63, 200 P., 8 PL., (P. 152-153.)H. K. THURBER, MICHAEL S. MILLER, AREL B. MCMAHAN, and FRANK E. FEDERSPIEL, 1989, ECONOMIC APPRAISAL OF THE ALPINE LAKES STUDY AREA AND ADDITIONS, WASHINGTON, in U.S. GEOLOGICAL SURVEY and U.S. BUREAU OF MINES, Mineral Resources of the Alpine Lakes Study Area and Additions, Chelan, King, and Kittitas Counties, Washington: U.S. GEOLOGICAL SURVEY BULLETIN 1542-E, P. 94-97.Derkey, R.E., Joseph, N.L., and Lasmanis, Raymond, 1990, Metal mines of Washington - Preliminary report: Washington Division of Geology and Earth Resources Open File Report 90-18, p. 111-112.",,,,,,1894,,,porphyry_subset
10008482,Mineral Creek,47.42482,-121.256,United States,Washington,Kittitas,Copper,,"Gold, Silver, Molybdenum",Past Producer,53: Porphyry Cu,5|3: Porphyry Cu,True,True,B,https://mrdata.usgs.gov/mrds/show-mrds.php?dep_id=10008482,D000664,,NA,M,Unknown,,S,"Bornite, Chalcocite, Chalcopyrite, Covellite, Molybdenite, Pyrite, Pyrrhotite","Biotite, Orthoclase, Quartz, Sericite",,STOCKWORK VEINLETS,,"Potassic, Phyllic, Propylitic",,"Durrwachter, Liberty Lode",,"King, Robert U., Peterson, Jocelyn A.",Naches Formation;Easton Schist;Naches Formation,Sandstone,Mineral Creek Stock,Diorite,"Northeast-Trending Transverse Structures, Major Nothwest-Trending Faults",Cascade Volcanic Arc,"HOLLISTER, V.F., 1979, PORPHYRY COPPER-TYPE DEPOSITS OF THE CASCADE VOLCANIC ARC, WASHINGTON:  MINERALS SCIENCE AND ENGINEERING, V. 11, P. 34.DERKEY, R.E., JOSEPH, N.L., AND LASMANIS, RAYMOND, 1990, METAL MINES OF WASHINGTON - PRELIMINARY REPORT:  WASHINGTON DIVISION OF GEOLOGY AND EARTH RESOURCES OPEN-FILE REPORT 90-18, P. 137.GRANT, A.R., 1969, CHEMICAL AND PHYSICAL CONTROLS FOR BASE METAL DEPOSITION IN THE CASCADE RANGE OF WASHINGTON:    WASHINGTON DIVISION OF MINES AND GEOLOGY BULLETIN 58, P. 86-88.HUNTTING, M.T., 1956, INVENTORY OF WASHINGTON MINERALS - PART II, METALLIC MINERALS:  WASHINGTON DIVISION OF MINES AND GEOLOGY BULLETIN 37, V. 1, P. 60.GUALTIERI, J.L., THURBER, H.K., MILLER, M.S., MCMAHAN, A.B., AND FEDERSPIEL, F.F., 1975, MINERAL RESOURCES OF ADDITIONS TO THE ALPINE LAKES STUDY AREA, CHELAN, KING, AND KITTITAS COUNTIES, WASHINGTON:  U.S. GEOLOGICAL SURVEY OPEN-FILE REPORT 75-3, P. 81-85.GRANT, A.R., 1976, REPORT OF EVALUATION, MINERAL RESOURCE ANALYSIS STUDY ON UNITED STATES FOREST SERVICE LAND, STATE OF WASHINGTON:  PREPARED FOR U.S. FOREST SERVICE - REGION 6, CONTRACT NO. 004724N, P. 44.GUALTIERI AND OTHERS, 1975",,,,,,,,,porphyry_subset
10048449,Monument Peak,48.76177,-120.418,United States,Washington,Okanogan,Copper,Molybdenum,"Gold, Silver",Occurrence,53: Porphyry Cu,5|3: Porphyry Cu,True,True,B,https://mrdata.usgs.gov/mrds/show-mrds.php?dep_id=10048449,MP00036,,NA,M,Unknown,,N,Molybdenite,"Calcite, Fluorite, Quartz",,DISSEMINATED,,Hornfels Has Been Altered,,"Monument, Lost River Claim",,"Peterson, Jocelyn A.","Harts Pass Group, Harts Pass Formation",Hornfels,Monument Peak Stock,Granite,,Cascade Volcanic Arc,"STAATZ, M.H., WEIS, P.L., TABOR, R.W., ROBERTSON, J.F., VAN NOY, R.M., PATTEE, E.C., AND HOLT, D.C., 1971, MINERAL RESOURCES OF THE PASAYTEN WILDERNESS AREA, WASHINGTON:  U.S. GEOLOGICAL SURVEY BULLETIN 1325, P. 115-116.HOLLISTER, V.F., 1979, PORPHYRY COPPER-TYPE DEPOSITS OF THE CASCADE VOLCANIC ARC, WASHINGTON:  MINERALS SCIENCE AND ENGINEERING, V. 11, P. 34.GRANT, A.R., 1976, REPORT OF EVALUATION, MINERAL RESOURCE ANALYSIS STUDY ON UNITED STATES FOREST SERVICE LAND, STATE OF WASHINGTON:  PREPARED FOR U.S. FOREST SERVICE - REGION 6, CONTRACT NO. 004724N, P. 32.STOFFEL, K.L., AND MCGRODER, M.F., 1990, GEOLOGIC MAP OF THE ROBINSON MTN. 1:100,000 QUADRANGLE, WASHINGTON:  WASHINGTON DIVISION OF GEOLOGY AND EARTH RESOURCES OPEN-FILE REPORT 90-5, SCALE 1:100,000.",,,,,,1951,,"Howard E. Culp, C.B. Wilhem",porphyry_subset
10107742,Mountain Beaver,48.79066,-120.32,United States,Washington,Okanogan,Copper,"Silver, Gold",Bismuth,Producer,78: Porphyry Cu-Au,7|8: Porphyry Cu-Au,True,True,B,https://mrdata.usgs.gov/mrds/show-mrds.php?dep_id=10107742,D001765,,NA,M,Unknown,,S,"Bornite, Chalcocite, Chalcopyrite, Gold, Pyrite",Quartz,,"STOCKWORK, DISSEMINATED",Underground,Widespread Hydrothermal Alteration,,Mount Beaver,,"Peterson, Jocelyn A., Miller, M. H.",Andesite Of Isabella Ridge;Andesite Of Isabella Ridge,Andesite,,Mafic Intrusive Rock,Steeply Dipping Northwest-Trending Faults And Fractures.  Eight Mile Creek Fault,Cascade Volcanic Arc,"HUNTTING, M.T., 1956, INVENTORY OF WASHINGTON MINERALS - PART II, METALLIC MINERALS:  WASHINGTON DIVISION OF MINES AND GEOLOGY BULLETIN 37, V. 1, P. 144.DERKEY, R.E., JOSEPH, N.L., AND LASMANIS, RAYMOND, 1990, METAL MINES OF WASHINGTON - PRELIMINARY REPORT:  WASHINGTON DIVISION OF GEOLOGY AND EARTH RESOURCES OPEN-FILE REPORT 90-18, P. 238.HOLLISTER, V.F., 1979, PROPHYRY COPPER-TYPE DEPOSITS OF THE CASCADE VOLCANIC ARC, WASHINGTON:  MINERALS SCIENCE AND ENGINEERING, V. 11, P. 34.GRANT, A.R., 1976, REPORT OF EVALUATION, MINERAL RESOURCE ANALYSIS STUDY ON UNITED STATES FOREST SERVICE LAND, STATE OF WASHINGTON:  PREPARED FOR U.S. FOREST SERVICE - REGION 6, CONTRACT NO. 004724N, P. 32.STAATZ, M.H., WEIS, P.L., TABOR, R.W., ROBERTSON, J.F., VAN NOY, R.M., PATTEE, E.C., AND HOLT, D.C., 1971, MINERAL RESOURCES OF THE PASAYTEN WILDERNESS AREA, WASHINGTON:  U.S. GEOLOGICAL SURVEY BULLETIN 1325, P. 114.",,,,,,,"1922, 1931, 1934, 1935",,porphyry_subset
10048440,North Fork,47.689,-121.662,United States,Washington,King,Copper,,,Prospect,53: Porphyry Cu,5|3: Porphyry Cu,True,True,B,https://mrdata.usgs.gov/mrds/show-mrds.php?dep_id=10048440,MP00027,530330991,NA,M,Unknown,Porphyry copper,N,"Bornite, Chalcopyrite, Pyrite, Pyrrhotite",Magnetite,,STOCKWORK,,"Potassic, Argillic, Propylitic",,Weyerhaeuser Land Prospect,"Fractures Trending N, Ne, And Nw","Causey, J. Douglas, Peterson, Jocelyn A.",Volcanic Rocks Of Mount Persis,Dacite,Snoqualmie Batholith,Diorite,Fractures,Cascade Volcanic Arc,"HOLLISTER, V.F., 1979, PORPHYRY COPPER-TYPE DEPOSITS OF THE CASCADE VOLCANIC ARC, WASHINGTON:  MINERALS SCIENCE AND ENGINEERING, V. 11, P. 32-33.Washington Division of Mines and Geology IC 48, 1973, P. 19.TABOR, R.W., FRIZZELL, V.A., JR., BOOTH, D.B., WAITT, R.B., JR., WHETTEN, J.T., AND ZARTMAN, R.E., 1993, GEOLOGIC MAP OF THE SKYKOMISH RIVER 30- by 60-MINUTE QUADRANGLE, WASHINGTON:  U.S. GEOLOGICAL SURVEY MISCELLANEOUS INVESTIGATION SERIES MAP I-1963, SCALE 1:100,000.",,,,,,,,,porphyry_subset
10048655,Pedro Zone,47.52093,-121.34,United States,Washington,King,Copper,"Lead, Zinc, Molybdenum",,Occurrence,53: Porphyry Cu,5|3: Porphyry Cu,True,True,B,https://mrdata.usgs.gov/mrds/show-mrds.php?dep_id=10048655,MP00267,530331235,NA,M,Unknown,porphyry Cu,S,"Chalcopyrite, Galena, Molybdenite, Pyrite, Sphalerite",Quartz,,BRECCIA PIPE,,,,,,"Peterson, Jocelyn A., Thurber, Causey, J. Douglas",Snoqualmie Batholith;Snoqualmie Batholith,Tonalite,,,Northwest-Trending Shear Zones,Cascade Volcanic Arc,"GUALTIERI AND OTHERS, 1973U.S. GEOLOGICAL SURVEY BULLETIN 1542-E, 1989, FIG. 8, P. 93, P. 100; FIG. 11, P. 98.GUALTIERI, J.L., SIMMONS, G.C., THURBER, H.K., AND MILLER, M.S., 1973, MINERAL RESOURCES OF THE ALPINE LAKES STUDY AREA, CHELAN, KING, AND KITTITAS COUNTIES, WASHINGTON:  U.S. GEOLOGICAL SURVEY OPEN-FILE REPORT 1918, P. 71-73.TABOR, R.W., FRIZZELL, V.A., JR., BOOTH, D.B., WHETTEN, J.T., WAITT, R.B., JR., AND ZARTMAN, R.E., 1982, PRELIMINARY GEOLOGIC MAP OF THE SKYKOMISH RIVER 1:100,000 QUADRANGLE, WASHINGTON:  U.S. GEOLOGICAL SURVEY OPEN-FILE REPORT 82-747, SCALE 1:100,000.",,,,,,,,,porphyry_subset
10042397,Pickwick Mine,47.50121,-120.975,United States,Washington,Chelan,Copper,"Gold, Silver","Tungsten, Molybdenum, Nickel",Past Producer,79: Porphyry Cu-Mo,7|9: Porphyry Cu-Mo,True,True,B,https://mrdata.usgs.gov/mrds/show-mrds.php?dep_id=10042397,M060165,,NA,M,Unknown,,Y,"Bornite, Chalcopyrite, Copper, Molybdenite, Pyrite, Pyrrhotite","Biotite, Orthoclase, Plagioclase, Quartz, Sericite, Talc",,"STOCKWORK, DISSEMINATED",Surface/Underground,"Potassic, Phyllic, Propylitic",,"Van Epps, Phantom Creek, Fortune Creek, Nelson, Copper King",,"Peterson, Jocelyn A., Puffett, Willard P.",Ingalls Tectonic Complex;Spirit Lake Stock,Diorite,,,Several Shear Zones,Cascade Volcanic Arc,"HUNTTING, M.T. 1956, INVENTORY OF WASHINGTON MINERALS - PART II, METALLIC MINERALS:  WASHINGTON DIVISION OF MINES AND GEOLOGY BULLETIN 37, V. 1, P. 49-50.HUNTTING, M.T. 1943, INVENTORY OF MINERAL PROPERTIES IN CHELAN COUNTY, WASHINGTON:    WASHINGTON DIVISION OF GEOLOGY REPORT OF INVESTIGATIONS 9, P. 29.HODGES, L.K. 1897, MINING IN THE PACIFIC NORTHWEST:  SEATTE POST-INTELLIGENCER 116 P.SMITH, G.O., 1904, GEOLOGIC ATLAS OF THE UNITED STATES, MOUNT STUART FOLIO, WASHINGTON:  U.S. GEOLOGICAL SURVEY  FOLIO 106, SCALE 1:125,000.HOLLISTER, V.F., 1979, PORPHYRY COPPER-TYPE DEPOSITS OF THE CASCADE VOLCANIC ARC, WASHINGTON:  MINERALS SCIENCE AND ENGINEERING, V. 11, P. 29.GRANT, A.R., 1976, REPORT OF EVALUATION, MINERAL RESOURCE ANALYSIS STUDY ON UNITED STATES FOREST SERVICE LAND, STATE OF WASHINGTON:  PREPARED FOR U.S. FOREST SERVICE - REGION 6, CONTRACT NO. 004724, P. 45.GUALTIERI, J.L., SIMMONS, G.C., THURBER, H.K., AND MILLER, M.S., 1973, MINERAL RESOURCES OF THE ALPINE LAKES STUDY AREA, CHELAN, KING, AND KITTITAS COUNTIES, WASHINGTON:  U.S. GEOLOGICAL SURVEY OPEN-FILE REPORT 1918, P. 89-98.HUNTTING, 1956, P. 49-50",,1917,,,,1885,,N.B. Nelson,porphyry_subset
10095811,Red Bird,46.79399,-121.357,United States,Washington,Yakima,Tungsten,"Copper, Molybdenum",Arsenic,Occurrence,79: Porphyry Cu-Mo,7|9: Porphyry Cu-Mo,True,True,B,https://mrdata.usgs.gov/mrds/show-mrds.php?dep_id=10095811,MP00249,,NA,M,Unknown,,S,"Chalcopyrite, Molybdenite, Pyrite, Scheelite","Calcite, Quartz",,VEIN,Surface/Underground,,,Bird,Shear Zone,"Peterson, Jocelyn A.",Bumping Lake Pluton;Bumping Lake Pluton,Diorite,,,Shear Zone,Cascade Volcanic Arc,"DERKEY, R.E., JOSEPH, N.L., AND LASMANIS, RAYMOND, 1990, METAL MINES OF WASHINGTON - PRELIMINARY REPORT:  WASHINGTON DIVISION OF GEOLOGY AND EARTH RESOURCES OPEN FILE REPORT 90-18, P. 350.HUNTTING, M.T., 1956, INVENTORY OF WASHINGTON MINERALS - PART II, METALLIC MINERALS:  WASHINGTON DIVISION OF MINES AND GEOLOGY BULLETIN 37, V. 1, P. 572.CULVER, H.E., AND BROUGHTON, W.A., 1945, TUNGSTEN RESOURCES OF WASHINGTON:  WASHINGTON DIVISION OF GEOLOGY BULLETIN 34, P. 80-84.DERKEY AND OTHERS, 1990",,,,,,,,,porphyry_subset
10048439,Red Mountain,47.37538,-121.125,United States,Washington,Kittitas,"Tungsten, Molybdenum, Copper",,,Occurrence,79: Porphyry Cu-Mo,7|9: Porphyry Cu-Mo,True,True,B,https://mrdata.usgs.gov/mrds/show-mrds.php?dep_id=10048439,MP00026,,NA,M,Unknown,,U,,,,STOCKWORK,,Potassic (Biotite) Alteration Is Ubiquitous In Central Part Of Deposit,,,,"Peterson, Jocelyn A.",Swauk Formation,Volcanic Rock (Aphanitic),,,,Cascade Volcanic Arc,"HOLLISTER, V.F., 1979, PORPHYRY COPPER-TYPE DEPOSITS IN THE CASCADE VOLCANIC ARC, WASHINGTON:  MINERALS SCIENCE AND ENGINEERING, V. 11, P. 34.GRANT, A.R., 1976, REPORT OF EVALUATION, MINERAL RESOURCE ANALYSIS STUDY ON UNITED STATES FOREST SERVICE LAND, STATE OF WASHINGTON:  PREPARED FOR U.S. FOREST SERVICE - REGION 6, CONTRACT NO. 004724N, P. 44-45.FRIZZELL, V.A., JR., TABOR, R.W., BOOTH, D.B., ORT, K.M., AND WAITT, R.B., JR., 1984, PRELIMINARY GEOLOGIC MAP OF THE SNOQUALMIE PASS 1:100,000 QUADRANGLE, WASHINGTON:  U.S. GEOLOGICAL SURVEY OPEN-FILE REPORT 84-693, SCALE 1:100,000.",,,,,,,,,porphyry_subset
10048594,Red Mountain,47.94565,-121.404,United States,Washington,Snohomish,"Copper, Silver, Gold",,,Occurrence,53: Porphyry Cu,5|3: Porphyry Cu,True,True,C,https://mrdata.usgs.gov/mrds/show-mrds.php?dep_id=10048594,MP00192,,NA,M,Unknown,,N,Chalcopyrite,,,DISSEMINATED,,,,,Contact,"Peterson, Jocelyn A.",Grotto Batholith;Swauk Formation,Diorite,,,,Cascade Volcanic Arc,"JOHNSON, F.L., DENTON, D.K., IVERSON, S.R., MCCULLOCH, R.B., STEBBINS, S.A., AND STOTELMEYER, R.B., 1983, MINERAL RESOURCES OF THE GLACIER PEAK RARE II AREA (NO. L6031), SNOHOMISH COUNTY, WASHINGTON:  U.S. BUREAU OF MINES OPEN-FILE REPORT MLA 75-83, P. 39JOHNSON AND OTHERS, 1983",,,,,,,,,porphyry_subset
10048438,Round Mountain,48.21843,-120.557,United States,Washington,Chelan,Copper,Molybdenum,,Occurrence,53: Porphyry Cu,5|3: Porphyry Cu,True,True,C,https://mrdata.usgs.gov/mrds/show-mrds.php?dep_id=10048438,MP00025,,NA,M,Unknown,,U,,,,UNKNOWN,,,,Meadow Creek?,,"Peterson, Jocelyn A.",Swakane Biotite Gneiss;;,Gneiss,,,,Cascade Volcanic Arc,"GRANT, A.R., 1969, CHEMICAL AND PHYSICAL CONTROLS FOR BASE BETAL DEPOSITION IN THE CASCADE RANGE OF WASHINGTON:  WASHINGTON DIVISION OF MINES AND GEOLOGY BULLETIN 58, FIG. 20.HOLLISTER, V.F., 1979, PORPHYRY COPPER-TYPE DEPOSITS OF THE CASCADE VOLCANIC ARC, WASHINGTON:  MINERALS SCIENCE AND ENGINEERING, V. 11, P. 34.CATER, F.W., AND WRIGHT, T.L., 1967, GEOLOGIC MAP OF THE LUCERNE QUADRANGLE, CHELAN COUNTY, WASHINGTON:    U.S. GEOLOGICAL SURVEY GEOLOGIC QUADRANGLE MAP GQ-647, SCALE 1:62,500.",,,,,,,,,porphyry_subset
10301870,Sampson,46.35791,-122.077,United States,Washington,Skamania,,,"Copper, Zinc, Silver, Molybdenum, Lead, Iron, Gold",Prospect,53: Porphyry Cu,5|3: Porphyry Cu,True,True,B,https://mrdata.usgs.gov/mrds/show-mrds.php?dep_id=10301870,,530590071,NA,M,Underground,,,"Chalcopyrite, Gold, Pyrite, Silver, Azurite, Malachite",Tourmaline,Sphalerite,breccia pipes,,,,"Earl, Margaret Mine Project, Spirit Lake",,"Causey, J. Douglas, Sweeney, Thomas M.",,Quartz Diorite,,"Quartz Monzonite,Dacite,Volcanic Breccia (Agglomerate)",,,"WA. DIV. MINES AND GEOL. BULLETIN 37, 1956, PART II, VOL. 1, P. 78.WAS. DIV. MINES AND GEOL. INFO. CIRC. 48, 1973, P. 15.Moen, W.S., 1977, St. Helens and Washougal Mining Districts of the sourthern Cascades of Washington: Washington Division of Geology and Earth Resources INFO. CIRC. 60, 1977, P. 25.U.S. BUREAU OF MINES RI 5343, 1957, 16 P.HILLMAN, C. T., 1970, GEOLOGY OF THE MT. MARGARET-GREEN RIVER AREA, WASHINGTON:  M.S. THESIS, MIAMI UNIV., OXFORD, OH.",,,,,,1900,,,porphyry_subset
10048446,Seacrest,47.95288,-121.416,United States,Washington,Snohomish,"Copper, Molybdenum","Nickel, Chromium","Zinc, Lead",Occurrence,53: Porphyry Cu,5|3: Porphyry Cu,True,True,C,https://mrdata.usgs.gov/mrds/show-mrds.php?dep_id=10048446,MP00033,,NA,M,Unknown,,U,"Chalcopyrite, Molybdenite, Pyrite",,,"PERVASIVE FRACTURE FILLING, RARELY DISSEMINATED",,"Ubiquitous Hydrothermal Alteration, Propylitic, Weak Potassic",,"Silver Creek, New York",Fracturing,"Peterson, Jocelyn A.",Tonalite Of Silver Creek;,Tonalite,Eastern Melange Belt,Ultramafic Intrusive Rock,Transverse Fractures,Cascade Volcanic Arc,"CHURCH, S.E., TABOR, R.W., AND JOHNSON, F.L., 1983, MINERAL RESOURCE POTENTIAL OF THE GLACIER PEAK ROADLESS AREA, SNOHOMISH COUNTY, WASHINGTON:    U.S. GEOLOGICAL SURVEY MISCELLANEOUS FIELD STUDIES MAP MF-1380-C, SCALE 1:50,000.JOHNSON, F.L., DENTON, D.K., IVERSON, S.R., MCCULLOCH, R.B., STEBBINS, S.A., AND STOTELMEYER, R.B., 1983, MINERAL RESOURCES OF THE GLACIER PEAK RARE II AREA (NO. L6031), SNOHOMISH COUNTY, WASHINGTON:  U.S. BUREAU OF MINES OPEN-FILE REPORT MLA 75-83, P. 8, 18-19, 36.GRANT, A.R., 1976, REPORT OF EVALUATION, MINERAL RESOURCE ANALYSIS STUDY ON UNITED STATES FOREST SERVICE LAND, STATE OF WASHINGTON:  PREPARED FOR U.S. FOREST SERVICE - REGION 6, CONTRACT NO. 004724N, P. 37.TABOR, R.W., FRIZZELL, V.A., JR., BOOTH, D.B., WHETTEN, J.T., WAITT, R.B., JR., AND ZARTMAN, R.E., 1982, PRELIMINARY GEOLOGIC MAP OF THE SKYKOMISH RIVER 1:100,000 QUADRANGLE, WASHINGTON:  U.S. GEOLOGICAL SURVEY OPEN-FILE REPORT 82-747, SCALE 1:100,000.HOLLISTER, V.F., 1979, PORPHYRY COPPER-TYPE DEPOSITS OF THE CASCADE VOLCANIC ARC, WASHINGTON:  MINERALS SCIENCE AND ENGINEERING, V. 11, P. 22-35.JOHNSON AND OTHERS",,,,,,,,,porphyry_subset
10047804,Silver Creek Prospect,48.97288,-121.133,United States,Washington,Whatcom,Copper,"Gold, Molybdenum","Silver, Tungsten",Occurrence,79: Porphyry Cu-Mo,7|9: Porphyry Cu-Mo,True,True,B,https://mrdata.usgs.gov/mrds/show-mrds.php?dep_id=10047804,M700088,,NA,M,Unknown,,U,"Bornite, Chalcopyrite, Covellite, Molybdenite, Pyrite, Pyrrhotite","Biotite, Chlorite, Epidote, Kaolinite, Orthoclase, Quartz, Sericite",,"PODS, DISSEMINATED, VEINLETS",Surface/Underground,Host Rocks Are Bleached And Silicified,,"Davis Prospect, Ross, Claims:  Weezie Nos. 1-11",,"Peterson, Jocelyn A., Caress, Mary E. (Evarts, Russ)","Chilliwack Composite Batholith, Tonalite And Granodiorite Of Perry Creek",Diorite,Volcanic Rocks Of Mount Rahm,Volcanic Rock (Aphanitic),Some E-W Fracturing,Cascade Volcanic Arc,"HUNTTING, M.T., 1956, INVENTORY OF WASHINGTON MINERALS - PART II, METALLIC MINERALS: WASHINGTON DIVISION OF MINES AND GEOLOGY BULLETIN 37, V. 1, P. 274.HOLLISTER, V.F., 1979, PORPHYRY COPPER-TYPE DEPOSITS OF THE CASCADE VOLCANIC ARC, WASHINGTON:  MINERALS SCIENCE AND ENGINEERING, V. 11, P. 34.MOEN, W.S., 1969, MINES AND MINERAL DEPOSITS OF WHATCOM COUNTY, WASHINGTON:  WASHINGTON DIVISION OF MINES AND GEOLOGY BULLETIN 57, P. 76-77.PURDY, C.P., JR., 1954, MOLYBDENUM OCCURRENCES OF WASHINGTON:  WASHINGTON DIVISION OF MINES AND GEOLOGY REPORT OF INVESTIGATIONS 18, P. 87-88.GRANT, A.R., 1969, CHEMICAL AND PHYSICAL CONTROLS FOR BASE METAL DEPOSITION IN THE CASCADE RANGE OF WASHINGTON:    WASHINGTON DIVISION OF MINES AND GEOLOGY BULLETIN 58, P. 67-69.STAATZ, M.H., TABOR, R.W., WEIS, P.L., ROBERTSON, J.F., VAN NOY, R.M., AND PATTEE, E.C., 1972, GEOLOGY AND MINERAL RESOURCES OF THE NORTHERN PART OF THE NORTH CASCADES NATIONAL PARK, WASHINGTON:    U.S. GEOLOGICAL SURVEY BULLETIN 1359, P. 55-57.TABOR, R.W., HAUGERUD, R.A., BOOTH, D.B., AND BROWN, E.B., 199X, PRELIMINARY GEOLOGIC MAP OF THE MOUNT BAKER 30 X 60 MINUTE QUADRANGLE, WASHINGTON:  U.S. GEOLOGICAL SURVEY OPEN-FILE REPORT 9X-XXX, SCALE 1:100,000 (IN PREPARATION IN 1993).",,,,,,1913,,L. Darrow And Others,porphyry_subset
10095364,Sunrise Prospect,48.00841,-121.505,United States,Washington,Snohomish,"Copper, Tungsten, Molybdenum","Gold, Silver","Bismuth, Lead, Zinc",Prospect,79: Porphyry Cu-Mo,7|9: Porphyry Cu-Mo,True,True,A,https://mrdata.usgs.gov/mrds/show-mrds.php?dep_id=10095364,M025930,530610002,NA,M,Underground,Breccia Pipe,N,"Bornite, Chalcopyrite, Molybdenite, Pyrite, Pyrrhotite, Scheelite, Galena, Sphalerite","Biotite, Chlorite, Epidote, Orthoclase, Quartz, Sericite, Siderite, Calcite",,Pipe-like Stockwork Breccia,Underground,"Propylitic (In Wall Rock), Weak Potassic, Phyllic (In Pipe)",,"Bren Mac, Vesper Peak, Brenmac",Brecciation Of Country Rock,"Berger, Mary A., Ridenour, James, Peterson, Jocelyn A., Andrews, David H. (Lawson, William A.)",Eastern Melange Belt;Sunrise Breccia Pipe,Gneiss,Vesper Peak Stock,Tonalite,Breccia Pipe,Cascade Volcanic Arc,"HUNTTING, M.T., 1956, INVENTORY OF WASHINGTON MINERALS - PART II, METALLIC MINERALS:  WASHINGTON DIVISION OF MINES AND GEOLOGY BULLETIN 37, V. 1, P. 91.BROUGHTON, W.A., 1942, INVENTORY OF MINERAL PROPERTIES IN SNOHOMISH COUNTY, WASHINGTON:    WASHINGTON DIVISION OF GEOLOGY REPORT OF INVESTIGATIONS 6, P. 50.CARITHERS, WARD, AND GUARD, A.K., 1945, GEOLOGY AND ORE DEPOSITS OF THE SULTAN BASIN, SNOHOMISH COUNTY, WASHINGTON:    WASHINGTON DIVISION OF MINES AND GEOLOGY BULLETIN 36, P. 68-70.DERKEY, R.E., JOSEPH, N.L., AND LASMANIS, RAYMOND, 1990 METAL MINES OF WASHINGTON - PRELIMINARY REPORT:  WASHINGTON DIVISION OF GEOLOGY AND EARTH RESOURCES OPEN-FILE REPORT 90-18, P. 366-367.R.U. KING, U.S. GEOLOGICAL SURVEY, UNPUB DATA.PUFFET, W., 1972HOLLISTER, V.F., 1979, PORPHYRY COPPER-TYPE DEPOSITS OF THE CASCADE VOLCANIC ARC, WASHINGTON:  MINERALS SCIENCE AND ENGINEERING, V. 11, P. 32.GRANT, A.R., 1969, CHEMICAL AND PHYSICAL CONTROLS FOR BASE METAL DEPOSITION IN THE CASCADE RANGE OF WASHINGTON:  WASHINGTON DIVISION OF MINES AND GEOLOGY BULLETIN 58, P. 74-78.GRANT, A.R., 1976, REPORT OF EVALUATION, MINERAL RESOURCE ANALYSIS STUDY ON UNITED STATES FOREST SERVICE LAND, STATE OF WASHINGTON:  PREPARED FOR U.S. FOREST SERVICE - REGION 6, CONTRACT NO. 004724N, P. 27,BREN MAC MINES (SUMMARY REPORT) BY A.R. GRANT 1/7/74 LANGLJAMES R. GLASS CONSULTING GEOLOGIST, 1971, SUNRISE BRECCIA PIPE ORE RESERVE REPORT; UNPUBLISHED REPORT IN WASHINGTON DEPARMENT OF GEOLOGY AND EARTH RESOURCES FILES.PIERCE,PAUL, 1977, BRENMAC-SUNRISE PROPERTY, UNPUBLISHED BUMINES MAS (MINERAL AVAILABILITY SYSTEM) DEPOSIT SUMMARY REPORT, 62 P.HEDDERLY-SMITH, DAVID A., 1975, GEOLOGY OF SUNRISE BRECCIA PIPE, SULTAN BASIN, SNOHOMISH COUNTY, WASHINGTON: UNIVERSITY OF WASHINGTON MASTER OF SCIENCE THESIS, 60P. 2 PLATES  .PUFFET, 1972",,,,,,1897,,,porphyry_subset
10048444,Three Brothers Zone,47.51792,-121.346,United States,Washington,King,"Molybdenum, Copper",,"Lead, Gold, Arsenic, Silver",Occurrence,53: Porphyry Cu,5|3: Porphyry Cu,True,True,B,https://mrdata.usgs.gov/mrds/show-mrds.php?dep_id=10048444,MP00031,530331236,NA,M,Unknown,porphyry Cu,U,"Chalcopyrite, Galena, Hematite, Magnetite, Molybdenite, Pyrite, Pyrrhotite","Chlorite, Quartz, Siderite",,"DISSEMINATED, STOCKWORK",,"Potassic, Propylitic, Silicification",,,,"Causey, J. Douglas, Thurber, Peterson, Jocelyn A.","Snoqualmie Batholith, Northern Phase;Snoqualmie Batholith, Northern Phase",Tonalite,,,"Part Of Ne-Trending En-Echelon Belt Of Nw-Striking Faults, Fractures, And Breccia Pipes, Brecciation Of Host Rocks",Cascade Volcanic Arc,"HOLLISTER, V.F., 1979, PROPHYRY COPPER-TYPE DEPOSITS OF THE CASCADE VOLCANIC ARC, WASHINGTON:  MINERALS SCIENCE AND ENGINEERING, V. 11, P. 32.GUALTIERI, J.L.,  SIMMONS, G.C., THURBER, H.K., AND MILLER, M.S., 1973, MINERAL RESOURCES OF THE ALPINE LAKES STUDY AREA, CHELAN, KING, AND KITTITAS COUNTIES, WASHINGTON:  U.S. GEOLOGICAL SURVEY OPEN-FILE REPORT 1918, P. 71-74.DERKEY, R.E., JOSEPH, N.L., AND LASMANIS, RAYMOND, 1990, METAL MINES OF WASHINGTON - PRELIMINARY REPORT:    WASHINGTON DIVISION OF GEOLOGY AND EARTH RESOURCES OPEN-FILE REPORT 90-18, P. 109-110.GUALTIERI, J.L., THURBER, H.K., MILLER, M.S., MCMAHAN, A.B., AND FEDERSPIEL, F.F., 1975, MINERAL RESOURCES OF ADDITIONS TO THE ALPINE LAKES STUDY AREA, CHELAN, KING, AND KITTITAS COUNTIES, WASHINGTON:  U.S. GEOLOGICAL SURVEY OPEN-FILE REPORT 75-3, P. 51-61.U.S. GEOLOGICAL SURVEY BULLETIN 1542-E, 1989, FIG. 11, P. 98; P. 101-102.",,,,,,,,,porphyry_subset
10106252,CK Gold,41.14469,-105.186,United States,Wyoming,Laramie,"Gold, Copper",,Silver,Past Producer,78: Porphyry Cu-Au,7|8: Porphyry Cu-Au,True,True,B,https://mrdata.usgs.gov/mrds/show-mrds.php?dep_id=10106252,W032177,,NA,M,Surface,Porphyry Cu-Au,S,"Molybdenite, Sphalerite, Bornite, Chalcopyrite, Copper, Cuprite, Malachite, Pyrite, Azurite, Chrysocolla","Barite, Hematite, Limonite, Magnetite, Fluorite, Epidote",,HYDROTHERMAL DISSEMINATED; STOCKWORK\nBROAD DISSEMINATED ZONE IN NEAR VERTICAL SHEAR ZONE,Underground,,,"Copper King Mine Adams, Arizona MineCopper King Mine, Silver Crown District, Bartlett Copper King",,"Barari, Rachel A., Wilson, Anna B, Heran, William D.",,Granodiorite,,"Quartz Monzonite,Diorite",Faults,,"GSW BULL 50, P. 88USGS RI 5139Klein, Terry, 1974, Geology and mineral deposits of the Silver Crown Mining District, Laramie County, Wyoming:    Geological Survey of Wyoming Preliminary Report No. 14, 27 p., 2 pls.DMEA Docket No. 2655, 110 p., http://minerals.usgs.gov/dockets/scans/wy/dmea/2655_DMEA.pdfCaledonia Resources Ltd Annual Report 1984\nCaledonia Reources Ltd Report To Shareholders 2/85\nCaledonia Resources Ltd Report To Shareholders 7/29/86\nCaledonia Resources Ltd News Release 5/12/87\nAston Resources Ltd Annual Report 1987 (7/14/88)\nRoyal Gold Inc Press Release 2/28/89\nCompass Resources NL Quarterly Report 12/31/94\nCompass Resources NL Quarterly Report 12/31/95\nMountain Lake Resources Inc 6/97 Annual Report 10/14/97\nMountain Lake Resources Inc 6/97 Annual Report 10/31/02Hausel, W.D., 1997, Copper,Lead,Zinc,Molybdenum,and Associated Metal Deposits of Wyoming: Wyoming State Geological Survey, Bulltin 70. 227 pPay Dirt, 1999",,1881,,,,1879,,,porphyry_subset
10400361,Crater Mountain,44.0318,-109.638,United States,Wyoming,Park,"Molybdenum, Copper","Lead, Zinc, Silver",Gold,Prospect,53: Porphyry Cu,5|3: Porphyry Cu,True,True,B,https://mrdata.usgs.gov/mrds/show-mrds.php?dep_id=10400361,,,NA,,Underground,Porphyry Cu,,"Chalcopyrite, Pyrite, Galena, Sphalerite, Tetrahedrite, Arsenopyrite","Biotite, Calcite, Dolomite, Epidote, Muscovite, Quartz, Siderite",,"HYDROTHERMAL STOCK, DISSEMINATED; HYDROTHERMAL VEIN; SUPERGENE ENRICHMENT",,,,Needle Creek Porphyry,,W. D. Heran,"""Needle Mountain Granodiorite"", ""Crater Mountain Dacite "", ""dikes ""","Granodiorite,Dacite,Andesite",,,,,"FISHER, F.S., 1972, USGS BULLETIN 1332-CLukanuski, J.N., 1969, Progress report on the Needle Creek property, Park County, Wyoming: Phelps Dodge Corporation report, Geological Survey of Wyoming mineral files. 62 p.Hausel, W. Dan, Miller, David R., Sutherland, Wayne M., 2000, Economic Diversification Through Mineral Resources, in Classical Wyoming Geology in the New Millennium; 51st Field Conference Guidebook, 2000 Pages 209-225.Hausel, W. D., 1997, Copper, Lead, Zinc, Molybdenum, and Associated Metal Deposits of Wyoming: Wyoming State Geological Survey, Bull 70, 229 p.",,,,,,1893,,,porphyry_subset
10133042,Kirwin,43.87493,-109.285,United States,Wyoming,Park,Copper,"Silver, Molybdenum, Gold, Lead, Zinc",,Past Producer,53: Porphyry Cu,5|3: Porphyry Cu,True,True,A,https://mrdata.usgs.gov/mrds/show-mrds.php?dep_id=10133042,W002697,560290023,NA,M,Surface,Porphyry Cu,,"Chalcopyrite, Molybdenite, Chalcocite, Covellite, Digenite, Pyrite","Calcite, Epidote, Quartz, Biotite, Chlorite, Clay, Barite",,"PORPHYRY COPPER; HYDROTHERMAL STOCK DISSEMINATED; HYDROTHERMAL STOCK STOCKWORK; HYDROTHERMAL STOCK VEINS; SUPERGENE ENRICHMENT, ARCUATE",Surface,,,"Amax Kirwin, North Side Mine, Wolf Shaft, Kirwin Copper, Kerwin, Bald Mountain",,"Anderson, Claire, South Dakota School of Mines, Daley, Michael R., Wilson, Anna B.",Bald Mountain-Kirwin formation,Quartz Latite,"""Wiggins Formation  (Lower Member)"", ""Bald Mountain intrusive complex""","Andesite,Plutonic Rock",,,"World Mining 12/1969  (Exploration)Breckenridge,R.M.,Application Of Erts Imagery To Geologic Mapping In The Volcanic Terrain Of Northwest Wyo.,Dept. Of Geol. Univ. Of Wyo. 1973-Prepared For Goddard Space Flight Center.Schassberger, H.T., 1972, A K-Ar age of a quartz monzonite dike in the Kerwin mining district, Park County, Wyoming: Isochron/West, no. 4, p. 31.Long, K.R., 1995, Production and reserves of Cordilleran (Alaska to Chile) porphyry copper deposits, in Pierce, F.W., and Bolm, J.G., eds., Porphyry copper deposits of the American Cordillera: Tucson, Arizona Geological Society Digest 20, p. 35-68Hausel, D.W., 1989, The geology of Wyoming?s precious metal lode and placer deposits: Geological Survey of Wyoming Bulletin 68, 248 p.Hausel, D.W., 1993, Metal and gemstone deposits of Wyoming, in Snoke, A.W., Steidtmann, J.R., and Roberts, S.M., eds., Geology of Wyoming: Geological Survey of Wyoming Memoir 5, p. 816?835.Hansen,R.P. and Glover,F., Environmental Inventory and Impact Analysis At Kirwin Area, Park County, Wyo. For Amax Submit By Rocky Mtn. Center On Environment 6/1/73  (7 Volumes)Wyo Geol Surv Open FilesE/Mj 9/1972  (General)Wilson, William H., The Kirwin Mineralized Area, Park County Wyoming, Geological Survey Of Wyo. Preliminary Report No.2 1964Wilson, William H., Detachment Faulting In Volcanic Rocks Wood River Area, Park County, Wyo., Twenty-Seventh Annual Field Conference-1975, Wyo. Geol. Assoc. Guidebook, P. 167Johnson, Md Et Al. Road Log Cody To Meeteetse And Kirwin In 27th Annual Field Conf-1975 Wyo. Geol. Assoc. Guidebook Page 287.Wilson,W.H., Volcanic Geol. And Mineralization Absaroka Mountains, Northwest Wyo. In 1971 Wyo.Geol.Assoc. GuidebookHewett,D.F.,The Ore Deposits Of Kirwin,Wyo.,USGS Bulletin 540, 1912 Pp. 121-132.Hausel, W.D., 1997, Copper, lead, zinc, molybdenum, and associated metal deposits of Wyoming; Geological Survey of Wyoming, Bulletin 70, 229 p.Nowell, W., 1971, The petrology and alteration of the Kirwin mineralized area, Park County, WY: MS. thesis Univ. of Montana, Missoula. 72 p.Hausel, D.W., 1982, General Geologic Setting and Mineralization of the Porphyry Copper Deposits, Absaroka Volcanic Plateau, Wyoming; in 33rd Annual Field Conference - 1982; Wyoming Geological Association Guidebook, pp. 297-313.Osterwald and others, 1966, Mineral resources of Wyoming:  WGS Bull. 50, 287 p.World Mining 9/1977 P. 111  (Reserves)",,,,,,1892,,,porphyry_subset
60001624,Kirwin District,43.873,-109.303,United States,Wyoming,Park,Copper,,,Past Producer,{53: Porphyry Cu},5|3: Porphyry Cu,True,True,C,https://mrdata.usgs.gov/mrds/show-mrds.php?dep_id=60001624,W002697,,NA,M,Unknown,PORPHYRY UNKNOWN,M,,,,,,,,"Longhorn Mine (on topo) = Long Horn Mine (on PR-2), Galena Ridge Tunnel (on PR-2) = Golden Ridge Tunnel (on topo), Kerwin District, Mendota (Ag, Pb); Manilla (Ag, Pb), Illonies (Mo,Cu); Anaconda (Pb, Ag); Black Prince (Ag, Pb); Iowa (Ag, Pb, Zn); Little Johnnie (Ag, Pb, Zn, Au), Oregon (Ag, Pb, Zn, Cu); Smuggler (Ag, Cu); Pickwick (Ag, Cu); Tumlum (Ag, Pb,Zn, Cu); Molly Logan (Ag, Pb), Bryan (Ag, Cu, Zn, Pb, Mo); Galena Ridge Tunnel; Elkton (Cu); Long Horn (Cu); Wolf shaft (Mo, Cu), Tumalum (also spelled Tumlum)Kerwin, Kerwin Kirwin District",,"""Wilson, Anna B""",,,,,,,"{Deposit:: Wilson, W.H., 1964, The Kirwin mineralized area, Park county, Wyoming:  Geological Survey of Wyoming Preliminary Report No. 2, 12 p., 2 pls.}{Deposit:: Hewett, D.F., 1914, The ore deposoits of Kirwin, Wyoming:  U.S. Geological Survey Bulletin 540 p. 121-132.}",,,,,,,,,porphyry_subset
60000972,Silver Crown District,41.145,-105.189,United States,Wyoming,Laramie,"Gold, Silver, Copper",,"Lead, Palladium, Zinc, Tungsten, Titanium, Mercury, Platinum",Producer,78: Porphyry Cu-Au85: Polymetallic veins,7|8: Porphyry Cu-Au|8|5: Polymetallic veins,True,True,B,https://mrdata.usgs.gov/mrds/show-mrds.php?dep_id=60000972,M054827,,NA,M,Unknown,"PORPHYRY COPPER, HYDROTHERMAL",M,,,,,,"REGIONAL METAMORPHISM AT 1.7 GA.    SILICIFICATION, POTASSIC, PROPYLITIC",SUPERGENE ENRICHMENT,Copper King Mine (CK Gold),STRUCTURAL CONTROLS PARALLEL TO REGIONAL FOLIATION OR IN TENSION FRACTURES,"Wilson, Anna B",,,,,PERVASIVE FOLIATION,,"HAUSEL, W.D., 1989, THE GEOLOGY OF WYOMING'S PRECIOUS METAL LODE AND PLACER DEPOSITS:  GEOLOGICAL SURVEY OF WYOMING BULLETIN 68, P. 82-84.OSTERWALD, F.W., OSTERWALD, D.B., LONG, J.W., JR., AND WILSON, W.H., 1959, MINERAL RESOURCES OF WYOMING (REVISED ED.):  GEOLOGICAL SURVEY OF WYOMING BULLETIN 50, P. 131, 152.BAILEY, E.H., U.S. GEOLOGICAL SURVEY, PERSONAL FILESBECKMAN, R.T., AND KERNS, W.H., 1965, MERCURY IN OTHER STATES, COLORADO, MONTANA, NEW MEXICO, SOUTH DAKOTA, AND WYOMING, IN    MERCURY POTENTIAL OF THE UNITED STATES:  U.S. BUREAU OF MINES INFORMATION CIRCULAR 8252, P. 373, 375.",,,,,,,,,porphyry_subset
