climate_concept,target_concept,target_group,global_spearman,global_abs_spearman,n_pair,m4_sensitive_rate,m4_mean_abs_spearman,m4_max_abs_spearman,m4_fold_count,causal_edge_present,causal_environment_count,causal_stable_edge_score,causal_mean_edge_weight,causal_edge_class,global_score_norm,m4_score_norm,causal_score_norm,combined_climate_sensitivity_score,selected_for_graph_guided_m4
vapor_pressure,regional_gravity_anomaly,geophysics,0.8461624999730554,0.8461624999730554,1100,1.0,0.8461624999730554,0.8461624999730554,1.0,True,2.0,0.6666666666666666,0.4125774706683178,undirected_cross_environment_association,0.9203756750710781,1.0,0.6666666666666666,0.8975023871153185,True
vapor_pressure,terrain_elevation,terrain,-0.9193627969168355,0.9193627969168355,1028,1.0,0.9193627969168355,0.9193627969168355,1.0,False,0.0,0.0,0.0,,1.0,1.0,0.0,0.8,True
vapor_pressure,deep_regional_gravity_anomaly,geophysics,0.827288575130646,0.827288575130646,1095,1.0,0.827288575130646,0.827288575130646,1.0,False,0.0,0.0,0.0,,0.8998453823389289,1.0,0.0,0.7549304220525179,True
vapor_pressure,Pb_Zn_background,geochemistry,-0.4298084058120734,0.4298084058120734,1100,1.0,0.4298084058120734,0.4298084058120734,1.0,True,1.0,0.3333333333333333,0.284283259272593,candidate_control_on_geochemical_expression,0.4674825166673278,1.0,0.3333333333333333,0.6270337991669641,True
vapor_pressure,Ag_anomaly,geochemistry,-0.5513480135203203,0.5513480135203203,1100,1.0,0.5513480135203203,0.5513480135203203,1.0,False,0.0,0.0,0.0,,0.5996883904130005,1.0,0.0,0.6198597756858502,True
vapor_pressure,As_Sb_Bi_pathfinder,geochemistry,-0.5441711924017113,0.5441711924017113,1100,1.0,0.5441711924017113,0.5441711924017113,1.0,False,0.0,0.0,0.0,,0.5918817344216489,1.0,0.0,0.616346780489742,True
mean_temperature,terrain_relief,terrain,-0.5333091231439682,0.5333091231439682,1028,1.0,0.5333091231439682,0.5333091231439682,1.0,False,0.0,0.0,0.0,,0.5800664144285723,1.0,0.0,0.6110298864928576,True
vapor_pressure,Au_anomaly,geochemistry,-0.5323058615387699,0.5323058615387699,1098,1.0,0.5323058615387699,0.5323058615387699,1.0,False,0.0,0.0,0.0,,0.5789751069970961,1.0,0.0,0.6105387981486932,True
actual_evapotranspiration,deep_gravity_source_strength,geophysics,0.5183575140319073,0.5183575140319073,1100,1.0,0.5183575140319073,0.5183575140319073,1.0,False,0.0,0.0,0.0,,0.5638026582437674,1.0,0.0,0.6037111962096953,True
aridity,shallow_gravity_source_density,geophysics,-0.46432571194269623,0.46432571194269623,1100,1.0,0.46432571194269623,0.46432571194269623,1.0,False,0.0,0.0,0.0,,0.5050290474023963,1.0,0.0,0.5772630713310783,True
max_temperature,terrain_slope,terrain,-0.4550069042077846,0.4550069042077846,1027,1.0,0.4550069042077846,0.4550069042077846,1.0,False,0.0,0.0,0.0,,0.49489242492933944,1.0,0.0,0.5727015912182027,True
actual_evapotranspiration,deep_gravity_gradient,geophysics,0.45221220804941464,0.45221220804941464,1095,1.0,0.45221220804941464,0.45221220804941464,1.0,False,0.0,0.0,0.0,,0.4918524673843234,1.0,0.0,0.5713336103229455,True
vapor_pressure,Mo_anomaly,geochemistry,-0.4480161774179392,0.4480161774179392,1100,1.0,0.4480161774179392,0.4480161774179392,1.0,False,0.0,0.0,0.0,,0.4872881948285862,1.0,0.0,0.5692796876728637,True
max_temperature,terrain_roughness,terrain,-0.446052353059731,0.446052353059731,1028,1.0,0.446052353059731,0.446052353059731,1.0,False,0.0,0.0,0.0,,0.485152026051547,1.0,0.0,0.5683184117231961,True
mean_temperature,unconsolidated_cover,geology,0.4129955026361055,0.4129955026361055,1100,1.0,0.4129955026361055,0.4129955026361055,1.0,False,0.0,0.0,0.0,,0.44919412001628767,1.0,0.0,0.5521373540073294,True
solar_radiation,regional_gravity_anomaly,geophysics,-0.7128640500540314,0.7128640500540314,1100,0.0,0.0,0.0,0.0,True,3.0,1.0,0.6215522768300296,undirected_cross_environment_association,0.7753790079533793,0.0,1.0,0.5489205535790207,True
vapor_pressure,W_Re_pathfinder,geochemistry,-0.36080137194754447,0.36080137194754447,1100,1.0,0.36080137194754447,0.36080137194754447,1.0,False,0.0,0.0,0.0,,0.3924194538626727,1.0,0.0,0.5265887542382027,True
soil_moisture,regional_gravity_anomaly,geophysics,0.6232069032120487,0.6232069032120487,1100,0.0,0.0,0.0,0.0,True,3.0,1.0,0.3382433127922932,undirected_cross_environment_association,0.6778535867405534,0.0,1.0,0.505034114033249,True
diurnal_temperature_range,regional_gravity_anomaly,geophysics,-0.6859779806298413,0.6859779806298413,1100,0.0,0.0,0.0,0.0,True,2.0,0.6666666666666666,0.3112048478864174,undirected_cross_environment_association,0.7461334281227749,0.0,0.6666666666666666,0.46909337598858203,False
solar_radiation,deep_regional_gravity_anomaly,geophysics,-0.7447640142800116,0.7447640142800116,1095,0.0,0.0,0.0,0.0,False,0.0,0.0,0.0,,0.8100784999335995,0.0,0.0,0.36453532497011976,False
runoff,regional_gravity_anomaly,geophysics,0.5946258327880429,0.5946258327880429,1100,0.0,0.0,0.0,0.0,True,1.0,0.3333333333333333,0.3269173556738888,undirected_cross_environment_association,0.6467642533187876,0.0,0.3333333333333333,0.35771058066012107,False
diurnal_temperature_range,deep_regional_gravity_anomaly,geophysics,-0.7186647277770283,0.7186647277770283,1095,0.0,0.0,0.0,0.0,False,0.0,0.0,0.0,,0.781688750770114,0.0,0.0,0.3517599378465513,False
min_temperature,terrain_elevation,terrain,-0.674194600299207,0.674194600299207,1028,0.0,0.0,0.0,0.0,False,0.0,0.0,0.0,,0.7333159431755747,0.0,0.0,0.32999217442900863,False
soil_moisture,deep_regional_gravity_anomaly,geophysics,0.659921010107252,0.659921010107252,1095,0.0,0.0,0.0,0.0,False,0.0,0.0,0.0,,0.7177897085727372,0.0,0.0,0.32300536885773173,False
runoff,deep_regional_gravity_anomaly,geophysics,0.6422837138294667,0.6422837138294667,1095,0.0,0.0,0.0,0.0,False,0.0,0.0,0.0,,0.6986045704199695,0.0,0.0,0.31437205668898627,False
water_deficit,regional_gravity_anomaly,geophysics,-0.505016886426449,0.505016886426449,1100,0.0,0.0,0.0,0.0,True,1.0,0.3333333333333333,0.4163777199400009,undirected_cross_environment_association,0.549291262640706,0.0,0.3333333333333333,0.3138477348549844,False
solar_radiation,terrain_elevation,terrain,0.6386895441087947,0.6386895441087947,1028,0.0,0.0,0.0,0.0,False,0.0,0.0,0.0,,0.6946949778412909,0.0,0.0,0.3126127400285809,False
evapotranspiration_ratio,deep_gravity_source_strength,geophysics,0.4835313995053941,0.4835313995053941,1100,0.0,0.0,0.0,0.0,True,1.0,0.3333333333333333,0.3477050044994276,undirected_cross_environment_association,0.5259202182148605,0.0,0.3333333333333333,0.30333076486335386,False
precipitation,deep_regional_gravity_anomaly,geophysics,0.5829540749849622,0.5829540749849622,1095,0.0,0.0,0.0,0.0,False,0.0,0.0,0.0,,0.6340681868462985,0.0,0.0,0.28533068408083434,False
wind_speed,terrain_elevation,terrain,0.5815728251251413,0.5815728251251413,1028,0.0,0.0,0.0,0.0,False,0.0,0.0,0.0,,0.6325657190662719,0.0,0.0,0.2846545735798224,False
potential_evapotranspiration,regional_gravity_anomaly,geophysics,-0.44435133478902816,0.44435133478902816,1100,0.0,0.0,0.0,0.0,True,1.0,0.3333333333333333,0.2803892930724143,undirected_cross_environment_association,0.48330172711627767,0.0,0.3333333333333333,0.28415244386899163,False
water_balance,deep_regional_gravity_anomaly,geophysics,0.5649487694232782,0.5649487694232782,1095,0.0,0.0,0.0,0.0,False,0.0,0.0,0.0,,0.6144827430660752,0.0,0.0,0.27651723437973386,False
aridity,deep_regional_gravity_anomaly,geophysics,0.5497633395736731,0.5497633395736731,1095,0.0,0.0,0.0,0.0,False,0.0,0.0,0.0,,0.5979646461318654,0.0,0.0,0.2690840907593394,False
water_deficit,deep_regional_gravity_anomaly,geophysics,-0.5455891032951612,0.5455891032951612,1095,0.0,0.0,0.0,0.0,False,0.0,0.0,0.0,,0.5934240805925535,0.0,0.0,0.2670408362666491,False
diurnal_temperature_range,terrain_elevation,terrain,0.5430262744319307,0.5430262744319307,1028,0.0,0.0,0.0,0.0,False,0.0,0.0,0.0,,0.5906363389212348,0.0,0.0,0.2657863525145557,False
precipitation,regional_gravity_anomaly,geophysics,0.5430124010474279,0.5430124010474279,1100,0.0,0.0,0.0,0.0,False,0.0,0.0,0.0,,0.5906212480142079,0.0,0.0,0.26577956160639354,False
runoff,terrain_relief,terrain,0.40174724903016373,0.40174724903016373,1028,0.0,0.0,0.0,0.0,True,1.0,0.3333333333333333,0.3447838853305189,undirected_cross_environment_association,0.4369587242952799,0.0,0.3333333333333333,0.2632980925995426,False
wind_speed,fault_density,structure,-0.2638199242878727,0.2638199242878727,1100,0.0,0.2638199242878727,0.2638199242878727,1.0,True,2.0,0.6666666666666666,0.3107738761087384,undirected_cross_environment_association,0.2869269542016165,0.0,0.6666666666666666,0.2624504627240608,False
actual_evapotranspiration,deep_regional_gravity_anomaly,geophysics,0.5337182279303165,0.5337182279303165,1095,0.0,0.0,0.0,0.0,False,0.0,0.0,0.0,,0.5805114220828882,0.0,0.0,0.2612301399372997,False
vapor_pressure_deficit,deep_regional_gravity_anomaly,geophysics,-0.5330522395392254,0.5330522395392254,1095,0.0,0.0,0.0,0.0,False,0.0,0.0,0.0,,0.579786986824219,0.0,0.0,0.26090414407089857,False
max_temperature,terrain_relief,terrain,-0.5312232099838481,0.5312232099838481,1028,0.0,0.0,0.0,0.0,False,0.0,0.0,0.0,,0.5777974423865262,0.0,0.0,0.2600088490739368,False
evapotranspiration_ratio,deep_regional_gravity_anomaly,geophysics,0.5306090427771727,0.5306090427771727,1095,0.0,0.0,0.0,0.0,False,0.0,0.0,0.0,,0.5771293761181261,0.0,0.0,0.25970821925315674,False
water_balance,regional_gravity_anomaly,geophysics,0.5232881196827515,0.5232881196827515,1100,0.0,0.0,0.0,0.0,False,0.0,0.0,0.0,,0.5691659718207699,0.0,0.0,0.25612468731934646,False
min_temperature,regional_gravity_anomaly,geophysics,0.5178624146444789,0.5178624146444789,1100,0.0,0.0,0.0,0.0,False,0.0,0.0,0.0,,0.5632641091375119,0.0,0.0,0.2534688491118804,False
snow_influence,terrain_relief,terrain,0.5146115462677125,0.5146115462677125,1028,0.0,0.0,0.0,0.0,False,0.0,0.0,0.0,,0.5597279458876332,0.0,0.0,0.25187757564943497,False
aridity,regional_gravity_anomaly,geophysics,0.5082427569874556,0.5082427569874556,1100,0.0,0.0,0.0,0.0,False,0.0,0.0,0.0,,0.5528002342767843,0.0,0.0,0.24876010542455293,False
actual_evapotranspiration,regional_gravity_anomaly,geophysics,0.5028774675581514,0.5028774675581514,1100,0.0,0.0,0.0,0.0,False,0.0,0.0,0.0,,0.5469640892515157,0.0,0.0,0.2461338401631821,False
precipitation,deep_gravity_source_strength,geophysics,0.5019456600736792,0.5019456600736792,1100,0.0,0.0,0.0,0.0,False,0.0,0.0,0.0,,0.5459505067250432,0.0,0.0,0.24567772802626944,False
wind_speed,deep_regional_gravity_anomaly,geophysics,-0.4997260998557533,0.4997260998557533,1095,0.0,0.0,0.0,0.0,False,0.0,0.0,0.0,,0.5435361588143076,0.0,0.0,0.24459127146643844,False
wind_speed,regional_gravity_anomaly,geophysics,-0.49408785096104657,0.49408785096104657,1100,0.0,0.0,0.0,0.0,False,0.0,0.0,0.0,,0.5374030995130993,0.0,0.0,0.2418313947808947,False
evapotranspiration_ratio,regional_gravity_anomaly,geophysics,0.4932856476042466,0.4932856476042466,1100,0.0,0.0,0.0,0.0,False,0.0,0.0,0.0,,0.5365304951192951,0.0,0.0,0.24143872280368278,False
vapor_pressure_deficit,regional_gravity_anomaly,geophysics,-0.49121999008824974,0.49121999008824974,1100,0.0,0.0,0.0,0.0,False,0.0,0.0,0.0,,0.5342835563483783,0.0,0.0,0.24042760035677024,False
soil_moisture,terrain_elevation,terrain,-0.4893671762725642,0.4893671762725642,1028,0.0,0.0,0.0,0.0,False,0.0,0.0,0.0,,0.5322681403534644,0.0,0.0,0.23952066315905898,False
solar_radiation,Ag_anomaly,geochemistry,0.48638752340089453,0.48638752340089453,1100,0.0,0.0,0.0,0.0,False,0.0,0.0,0.0,,0.5290269943699797,0.0,0.0,0.23806214746649088,False
potential_evapotranspiration,deep_regional_gravity_anomaly,geophysics,-0.48622823996070264,0.48622823996070264,1095,0.0,0.0,0.0,0.0,False,0.0,0.0,0.0,,0.5288537322805188,0.0,0.0,0.23798417952623346,False
min_temperature,deep_regional_gravity_anomaly,geophysics,0.48351442981072384,0.48351442981072384,1095,0.0,0.0,0.0,0.0,False,0.0,0.0,0.0,,0.525901759266758,0.0,0.0,0.23665579167004108,False
aridity,deep_gravity_source_strength,geophysics,0.4760847126583566,0.4760847126583566,1100,0.0,0.0,0.0,0.0,False,0.0,0.0,0.0,,0.517820013189629,0.0,0.0,0.23301900593533306,False
water_deficit,shallow_gravity_source_density,geophysics,0.46425875553095586,0.46425875553095586,1100,0.0,0.0,0.0,0.0,False,0.0,0.0,0.0,,0.5049562149234709,0.0,0.0,0.22723029671556189,False
evapotranspiration_ratio,shallow_gravity_source_density,geophysics,-0.4640198002684848,0.4640198002684848,1100,0.0,0.0,0.0,0.0,False,0.0,0.0,0.0,,0.5046962890453411,0.0,0.0,0.22711333007040352,False
vapor_pressure_deficit,shallow_gravity_source_density,geophysics,0.46207806922763073,0.46207806922763073,1100,0.0,0.0,0.0,0.0,False,0.0,0.0,0.0,,0.5025841524861099,0.0,0.0,0.22616286861874946,False
water_balance,shallow_gravity_source_density,geophysics,-0.4604044077971747,0.4604044077971747,1100,0.0,0.0,0.0,0.0,False,0.0,0.0,0.0,,0.5007636112161478,0.0,0.0,0.2253436250472665,False
solar_radiation,shallow_gravity_source_density,geophysics,0.4578308076986801,0.4578308076986801,1100,0.0,0.0,0.0,0.0,False,0.0,0.0,0.0,,0.49796415303038355,0.0,0.0,0.2240838688636726,False
potential_evapotranspiration,shallow_gravity_source_density,geophysics,0.4521221964469932,0.4521221964469932,1100,0.0,0.0,0.0,0.0,False,0.0,0.0,0.0,,0.4917545564006551,0.0,0.0,0.2212895503802948,False
mean_temperature,terrain_slope,terrain,-0.45175295659362497,0.45175295659362497,1027,0.0,0.0,0.0,0.0,False,0.0,0.0,0.0,,0.491352912209459,0.0,0.0,0.22110881049425654,False
diurnal_temperature_range,deep_gravity_source_strength,geophysics,-0.3121067654690202,0.3121067654690202,1100,0.0,0.0,0.0,0.0,True,1.0,0.3333333333333333,0.3766427096318893,undirected_cross_environment_association,0.3394514287259734,0.0,0.3333333333333333,0.21941980959335472,False
soil_moisture,terrain_slope,terrain,0.3092881250341429,0.3092881250341429,1027,0.0,0.0,0.0,0.0,True,1.0,0.3333333333333333,0.3299549301592325,undirected_cross_environment_association,0.3363854255645813,0.0,0.3333333333333333,0.21804010817072828,False
mean_temperature,terrain_roughness,terrain,-0.444853846146252,0.444853846146252,1028,0.0,0.0,0.0,0.0,False,0.0,0.0,0.0,,0.4838483386637526,0.0,0.0,0.21773175239868867,False
precipitation,shallow_gravity_source_density,geophysics,-0.43941325529704217,0.43941325529704217,1100,0.0,0.0,0.0,0.0,False,0.0,0.0,0.0,,0.47793028379690533,0.0,0.0,0.2150686277086074,False
diurnal_temperature_range,shallow_gravity_source_density,geophysics,0.4385430671996386,0.4385430671996386,1100,0.0,0.0,0.0,0.0,False,0.0,0.0,0.0,,0.47698372834959396,0.0,0.0,0.2146426777573173,False
water_balance,deep_gravity_source_strength,geophysics,0.43338091915192983,0.43338091915192983,1100,0.0,0.0,0.0,0.0,False,0.0,0.0,0.0,,0.47136855231010816,0.0,0.0,0.21211584853954868,False
diurnal_temperature_range,Ag_anomaly,geochemistry,0.4308480557421682,0.4308480557421682,1100,0.0,0.0,0.0,0.0,False,0.0,0.0,0.0,,0.46861340584814326,0.0,0.0,0.21087603263166446,False
precipitation,deep_gravity_gradient,geophysics,0.43070244293292215,0.43070244293292215,1095,0.0,0.0,0.0,0.0,False,0.0,0.0,0.0,,0.46845501411858337,0.0,0.0,0.21080475635336252,False
aridity,terrain_relief,terrain,0.4221005880137994,0.4221005880137994,1028,0.0,0.0,0.0,0.0,False,0.0,0.0,0.0,,0.45909826394586606,0.0,0.0,0.20659421877563974,False
precipitation,terrain_relief,terrain,0.4173428991628817,0.4173428991628817,1028,0.0,0.0,0.0,0.0,False,0.0,0.0,0.0,,0.4539230422761079,0.0,0.0,0.20426536902424858,False
snow_influence,terrain_slope,terrain,0.41684090559360865,0.41684090559360865,1027,0.0,0.0,0.0,0.0,False,0.0,0.0,0.0,,0.4533769939574416,0.0,0.0,0.2040196472808487,False
water_deficit,deep_gravity_source_strength,geophysics,-0.4166072169676193,0.4166072169676193,1100,0.0,0.0,0.0,0.0,False,0.0,0.0,0.0,,0.4531227969136474,0.0,0.0,0.2039052586111413,False
snow_influence,terrain_roughness,terrain,0.4131068830485988,0.4131068830485988,1028,0.0,0.0,0.0,0.0,False,0.0,0.0,0.0,,0.4493152751280203,0.0,0.0,0.20219187380760914,False
evapotranspiration_ratio,terrain_relief,terrain,0.4077955888228618,0.4077955888228618,1028,0.0,0.0,0.0,0.0,False,0.0,0.0,0.0,,0.44353786390319977,0.0,0.0,0.1995920387564399,False
runoff,deep_gravity_source_strength,geophysics,0.40643478430561397,0.40643478430561397,1100,0.0,0.0,0.0,0.0,False,0.0,0.0,0.0,,0.4420576357406104,0.0,0.0,0.1989259360832747,False
soil_moisture,shallow_gravity_source_density,geophysics,-0.40499916724064333,0.40499916724064333,1100,0.0,0.0,0.0,0.0,False,0.0,0.0,0.0,,0.4404960295118472,0.0,0.0,0.19822321328033124,False
evapotranspiration_ratio,deep_gravity_gradient,geophysics,0.40451447040036526,0.40451447040036526,1095,0.0,0.0,0.0,0.0,False,0.0,0.0,0.0,,0.43996879587600596,0.0,0.0,0.1979859581442027,False
runoff,shallow_gravity_source_density,geophysics,-0.4044768926609167,0.4044768926609167,1100,0.0,0.0,0.0,0.0,False,0.0,0.0,0.0,,0.4399279203295824,0.0,0.0,0.19796756414831207,False
solar_radiation,As_Sb_Bi_pathfinder,geochemistry,0.4026044111391687,0.4026044111391687,1100,0.0,0.0,0.0,0.0,False,0.0,0.0,0.0,,0.4378911105988026,0.0,0.0,0.19705099976946117,False
aridity,deep_gravity_gradient,geophysics,0.39990302466621624,0.39990302466621624,1095,0.0,0.0,0.0,0.0,False,0.0,0.0,0.0,,0.4349526515588596,0.0,0.0,0.1957286932014868,False
vapor_pressure,terrain_relief,terrain,-0.2632685274892429,0.2632685274892429,1028,0.0,0.0,0.0,0.0,True,1.0,0.3333333333333333,0.32479406050285,undirected_cross_environment_association,0.2863271670464826,0.0,0.3333333333333333,0.19551389183758383,False
min_temperature,terrain_relief,terrain,-0.3992797291838783,0.3992797291838783,1028,0.0,0.0,0.0,0.0,False,0.0,0.0,0.0,,0.43427465592107517,0.0,0.0,0.19542359516448382,False
runoff,terrain_elevation,terrain,-0.3923863075243804,0.3923863075243804,1028,0.0,0.0,0.0,0.0,False,0.0,0.0,0.0,,0.4267762704089305,0.0,0.0,0.19204932168401873,False
water_balance,terrain_relief,terrain,0.39178658553394335,0.39178658553394335,1028,0.0,0.0,0.0,0.0,False,0.0,0.0,0.0,,0.42612391706301095,0.0,0.0,0.19175576267835492,False
actual_evapotranspiration,shallow_gravity_source_density,geophysics,-0.3907813081689086,0.3907813081689086,1100,0.0,0.0,0.0,0.0,False,0.0,0.0,0.0,,0.4250304169694431,0.0,0.0,0.1912636876362494,False
potential_evapotranspiration,terrain_relief,terrain,-0.38506446092233354,0.38506446092233354,1028,0.0,0.0,0.0,0.0,False,0.0,0.0,0.0,,0.41881186155729894,0.0,0.0,0.18846533770078452,False
water_deficit,terrain_relief,terrain,-0.38106577380890316,0.38106577380890316,1028,0.0,0.0,0.0,0.0,False,0.0,0.0,0.0,,0.41446225130567105,0.0,0.0,0.18650801308755197,False
soil_moisture,deep_gravity_source_strength,geophysics,0.37669481591227055,0.37669481591227055,1100,0.0,0.0,0.0,0.0,False,0.0,0.0,0.0,,0.40970769993985606,0.0,0.0,0.18436846497293524,False
aridity,terrain_slope,terrain,0.37549341510863776,0.37549341510863776,1027,0.0,0.0,0.0,0.0,False,0.0,0.0,0.0,,0.4084008646952969,0.0,0.0,0.1837803891128836,False
mean_temperature,terrain_elevation,terrain,-0.3739594261738305,0.3739594261738305,1028,0.0,0.0,0.0,0.0,False,0.0,0.0,0.0,,0.40673225352181663,0.0,0.0,0.1830295140848175,False
precipitation,terrain_slope,terrain,0.3719600672102667,0.3719600672102667,1027,0.0,0.0,0.0,0.0,False,0.0,0.0,0.0,,0.4045574316370554,0.0,0.0,0.18205084423667492,False
diurnal_temperature_range,fault_density,structure,-0.23503886769769392,0.23503886769769392,1100,0.0,0.0,0.0,0.0,True,1.0,0.3333333333333333,0.3205342720526476,undirected_cross_environment_association,0.2556200839098996,0.0,0.3333333333333333,0.18169570442612148,False
actual_evapotranspiration,terrain_relief,terrain,0.37104551426190496,0.37104551426190496,1028,0.0,0.0,0.0,0.0,False,0.0,0.0,0.0,,0.40356261789769327,0.0,0.0,0.18160317805396198,False
vapor_pressure_deficit,Ag_anomaly,geochemistry,0.36708872702244577,0.36708872702244577,1100,0.0,0.0,0.0,0.0,False,0.0,0.0,0.0,,0.3992585846357615,0.0,0.0,0.17966636308609268,False
max_temperature,unconsolidated_cover,geology,0.36529349544789114,0.36529349544789114,1100,0.0,0.0,0.0,0.0,False,0.0,0.0,0.0,,0.3973058042758023,0.0,0.0,0.17878761192411105,False
water_balance,Ag_anomaly,geochemistry,-0.36518419783182127,0.36518419783182127,1100,0.0,0.0,0.0,0.0,False,0.0,0.0,0.0,,0.3971869147458515,0.0,0.0,0.17873411163563319,False
evapotranspiration_ratio,terrain_slope,terrain,0.3640154874200087,0.3640154874200087,1027,0.0,0.0,0.0,0.0,False,0.0,0.0,0.0,,0.3959156387884678,0.0,0.0,0.17816203745481052,False
aridity,terrain_roughness,terrain,0.3638362356084515,0.3638362356084515,1028,0.0,0.0,0.0,0.0,False,0.0,0.0,0.0,,0.3957206559115747,0.0,0.0,0.17807429516020862,False
precipitation,terrain_roughness,terrain,0.3620687031397656,0.3620687031397656,1028,0.0,0.0,0.0,0.0,False,0.0,0.0,0.0,,0.3937980055196349,0.0,0.0,0.1772091024838357,False
diurnal_temperature_range,As_Sb_Bi_pathfinder,geochemistry,0.36120084114552703,0.36120084114552703,1100,0.0,0.0,0.0,0.0,False,0.0,0.0,0.0,,0.3928539803133466,0.0,0.0,0.176784291141006,False
snow_influence,unconsolidated_cover,geology,-0.3606197542651167,0.3606197542651167,1100,0.0,0.0,0.0,0.0,False,0.0,0.0,0.0,,0.3922218974870535,0.0,0.0,0.17649985386917408,False
min_temperature,unconsolidated_cover,geology,0.35941394023666534,0.35941394023666534,1100,0.0,0.0,0.0,0.0,False,0.0,0.0,0.0,,0.39091026171487886,0.0,0.0,0.1759096177716955,False
soil_moisture,terrain_relief,terrain,0.3590293410800659,0.3590293410800659,1028,0.0,0.0,0.0,0.0,False,0.0,0.0,0.0,,0.3904919102943104,0.0,0.0,0.17572135963243968,False
water_deficit,Ag_anomaly,geochemistry,0.35750170452322627,0.35750170452322627,1100,0.0,0.0,0.0,0.0,False,0.0,0.0,0.0,,0.38883020898087833,0.0,0.0,0.17497359404139526,False
soil_moisture,Ag_anomaly,geochemistry,-0.357144890642315,0.357144890642315,1100,0.0,0.0,0.0,0.0,False,0.0,0.0,0.0,,0.38844208126037677,0.0,0.0,0.17479893656716955,False
runoff,deep_gravity_gradient,geophysics,0.3564973831176797,0.3564973831176797,1095,0.0,0.0,0.0,0.0,False,0.0,0.0,0.0,,0.3877377487414106,0.0,0.0,0.17448198693363476,False
potential_evapotranspiration,deep_gravity_source_strength,geophysics,-0.3558747842233924,0.3558747842233924,1100,0.0,0.0,0.0,0.0,False,0.0,0.0,0.0,,0.387060510823958,0.0,0.0,0.1741772298707811,False
runoff,terrain_slope,terrain,0.3554219908501117,0.3554219908501117,1027,0.0,0.0,0.0,0.0,False,0.0,0.0,0.0,,0.3865679804902702,0.0,0.0,0.1739555912206216,False
water_balance,deep_gravity_gradient,geophysics,0.3548591988039474,0.3548591988039474,1095,0.0,0.0,0.0,0.0,False,0.0,0.0,0.0,,0.38595579804535995,0.0,0.0,0.17368010912041199,False
water_balance,terrain_elevation,terrain,-0.35453159922089467,0.35453159922089467,1028,0.0,0.0,0.0,0.0,False,0.0,0.0,0.0,,0.38559944845749416,0.0,0.0,0.17351975180587237,False
evapotranspiration_ratio,fault_density,structure,0.21740193200600122,0.21740193200600122,1100,0.0,0.0,0.0,0.0,True,1.0,0.3333333333333333,0.417452490920997,undirected_cross_environment_association,0.23643533798811184,0.0,0.3333333333333333,0.17306256876131698,False
water_deficit,terrain_elevation,terrain,0.35250912443996113,0.35250912443996113,1028,0.0,0.0,0.0,0.0,False,0.0,0.0,0.0,,0.383399482120728,0.0,0.0,0.1725297669543276,False
evapotranspiration_ratio,terrain_roughness,terrain,0.352240720291789,0.352240720291789,1028,0.0,0.0,0.0,0.0,False,0.0,0.0,0.0,,0.3831075229347872,0.0,0.0,0.17239838532065427,False
water_balance,terrain_slope,terrain,0.35143500307010533,0.35143500307010533,1027,0.0,0.0,0.0,0.0,False,0.0,0.0,0.0,,0.38223109630076085,0.0,0.0,0.1720039933353424,False
vapor_pressure_deficit,terrain_elevation,terrain,0.35081458262797144,0.35081458262797144,1028,0.0,0.0,0.0,0.0,False,0.0,0.0,0.0,,0.3815562280155276,0.0,0.0,0.1717003026069874,False
vapor_pressure_deficit,terrain_relief,terrain,-0.34955527079267823,0.34955527079267823,1028,0.0,0.0,0.0,0.0,False,0.0,0.0,0.0,,0.3801863994909625,0.0,0.0,0.17108387977093312,False
evapotranspiration_ratio,Ag_anomaly,geochemistry,-0.3482050936313138,0.3482050936313138,1100,0.0,0.0,0.0,0.0,False,0.0,0.0,0.0,,0.3787177313366426,0.0,0.0,0.17042297910148918,False
aridity,Ag_anomaly,geochemistry,-0.3477564379461666,0.3477564379461666,1100,0.0,0.0,0.0,0.0,False,0.0,0.0,0.0,,0.37822970181289894,0.0,0.0,0.17020336581580453,False
snow_influence,terrain_elevation,terrain,0.3476640103670709,0.3476640103670709,1028,0.0,0.0,0.0,0.0,False,0.0,0.0,0.0,,0.378129162827436,0.0,0.0,0.17015812327234622,False
potential_evapotranspiration,terrain_slope,terrain,-0.34737427927900427,0.34737427927900427,1027,0.0,0.0,0.0,0.0,False,0.0,0.0,0.0,,0.3778140050581179,0.0,0.0,0.17001630227615305,False
vapor_pressure_deficit,deep_gravity_source_strength,geophysics,-0.3467107653978137,0.3467107653978137,1100,0.0,0.0,0.0,0.0,False,0.0,0.0,0.0,,0.37709226147132147,0.0,0.0,0.16969151766209467,False
runoff,terrain_roughness,terrain,0.34627623099436716,0.34627623099436716,1028,0.0,0.0,0.0,0.0,False,0.0,0.0,0.0,,0.3766195925071587,0.0,0.0,0.16947881662822142,False
max_temperature,shallow_gravity_source_density,geophysics,0.3462011606313732,0.3462011606313732,1100,0.0,0.0,0.0,0.0,False,0.0,0.0,0.0,,0.37653793399995134,0.0,0.0,0.1694420702999781,False
water_deficit,terrain_slope,terrain,-0.3408414140359296,0.3408414140359296,1027,0.0,0.0,0.0,0.0,False,0.0,0.0,0.0,,0.3707078182453657,0.0,0.0,0.16681851821041457,False
precipitation,Ag_anomaly,geochemistry,-0.34032183294523904,0.34032183294523904,1100,0.0,0.0,0.0,0.0,False,0.0,0.0,0.0,,0.37014263893162813,0.0,0.0,0.16656418751923266,False
min_temperature,Au_anomaly,geochemistry,-0.3402718910324983,0.3402718910324983,1098,0.0,0.0,0.0,0.0,False,0.0,0.0,0.0,,0.3700883141371441,0.0,0.0,0.16653974136171484,False
solar_radiation,Mo_anomaly,geochemistry,0.3396052883428296,0.3396052883428296,1100,0.0,0.0,0.0,0.0,False,0.0,0.0,0.0,,0.36936321066930655,0.0,0.0,0.16621344480118797,False
potential_evapotranspiration,Ag_anomaly,geochemistry,0.33917037767546937,0.33917037767546937,1100,0.0,0.0,0.0,0.0,False,0.0,0.0,0.0,,0.36889013242046365,0.0,0.0,0.16600055958920865,False
precipitation,terrain_elevation,terrain,-0.33886887465130955,0.33886887465130955,1028,0.0,0.0,0.0,0.0,False,0.0,0.0,0.0,,0.36856216961477734,0.0,0.0,0.1658529763266498,False
water_balance,terrain_roughness,terrain,0.3387822393338277,0.3387822393338277,1028,0.0,0.0,0.0,0.0,False,0.0,0.0,0.0,,0.3684679312174277,0.0,0.0,0.16581056904784247,False
water_deficit,deep_gravity_gradient,geophysics,-0.33763806314545225,0.33763806314545225,1095,0.0,0.0,0.0,0.0,False,0.0,0.0,0.0,,0.36722334259684997,0.0,0.0,0.1652505041685825,False
solar_radiation,Au_anomaly,geochemistry,0.336360205580721,0.336360205580721,1098,0.0,0.0,0.0,0.0,False,0.0,0.0,0.0,,0.36583334077725094,0.0,0.0,0.16462500334976293,False
diurnal_temperature_range,terrain_relief,terrain,-0.336199845866886,0.336199845866886,1028,0.0,0.0,0.0,0.0,False,0.0,0.0,0.0,,0.36565890796081424,0.0,0.0,0.1645465085823664,False
actual_evapotranspiration,terrain_elevation,terrain,-0.3350203788482824,0.3350203788482824,1028,0.0,0.0,0.0,0.0,False,0.0,0.0,0.0,,0.3643759314012469,0.0,0.0,0.16396916913056112,False
potential_evapotranspiration,terrain_roughness,terrain,-0.33423579612576754,0.33423579612576754,1028,0.0,0.0,0.0,0.0,False,0.0,0.0,0.0,,0.36352249402135317,0.0,0.0,0.16358512230960892,False
runoff,Ag_anomaly,geochemistry,-0.33146431644821367,0.33146431644821367,1100,0.0,0.0,0.0,0.0,False,0.0,0.0,0.0,,0.3605077904259711,0.0,0.0,0.16222850569168698,False
min_temperature,terrain_roughness,terrain,-0.33094248335749665,0.33094248335749665,1028,0.0,0.0,0.0,0.0,False,0.0,0.0,0.0,,0.35994016147761,0.0,0.0,0.1619730726649245,False
min_temperature,terrain_slope,terrain,-0.3308033156421591,0.3308033156421591,1027,0.0,0.0,0.0,0.0,False,0.0,0.0,0.0,,0.359788780460752,0.0,0.0,0.16190495120733842,False
min_temperature,As_Sb_Bi_pathfinder,geochemistry,-0.32835458053717576,0.32835458053717576,1100,0.0,0.0,0.0,0.0,False,0.0,0.0,0.0,,0.3571251453690283,0.0,0.0,0.16070631541606273,False
water_deficit,terrain_roughness,terrain,-0.3276240676871037,0.3276240676871037,1028,0.0,0.0,0.0,0.0,False,0.0,0.0,0.0,,0.3563305230113682,0.0,0.0,0.16034873535511568,False
actual_evapotranspiration,terrain_slope,terrain,0.3266523929568242,0.3266523929568242,1027,0.0,0.0,0.0,0.0,False,0.0,0.0,0.0,,0.3552735745059759,0.0,0.0,0.15987310852768916,False
soil_moisture,deep_gravity_gradient,geophysics,0.3263610715264531,0.3263610715264531,1095,0.0,0.0,0.0,0.0,False,0.0,0.0,0.0,,0.35495668682656606,0.0,0.0,0.15973050907195474,False
runoff,As_Sb_Bi_pathfinder,geochemistry,-0.3251679936171789,0.3251679936171789,1100,0.0,0.0,0.0,0.0,False,0.0,0.0,0.0,,0.35365890489015495,0.0,0.0,0.15914650720056972,False
vapor_pressure_deficit,terrain_slope,terrain,-0.31903907847279317,0.31903907847279317,1027,0.0,0.0,0.0,0.0,False,0.0,0.0,0.0,,0.346992118670788,0.0,0.0,0.1561464534018546,False
evapotranspiration_ratio,terrain_elevation,terrain,-0.31514465486964166,0.31514465486964166,1028,0.0,0.0,0.0,0.0,False,0.0,0.0,0.0,,0.34275592205226396,0.0,0.0,0.15424016492351877,False
aridity,terrain_elevation,terrain,-0.3149292137749575,0.3149292137749575,1028,0.0,0.0,0.0,0.0,False,0.0,0.0,0.0,,0.34252157393562516,0.0,0.0,0.15413470827103132,False
solar_radiation,deep_gravity_source_strength,geophysics,-0.31409245648538847,0.31409245648538847,1100,0.0,0.0,0.0,0.0,False,0.0,0.0,0.0,,0.34161138317010875,0.0,0.0,0.15372512242654895,False
actual_evapotranspiration,terrain_roughness,terrain,0.3137610228658425,0.3137610228658425,1028,0.0,0.0,0.0,0.0,False,0.0,0.0,0.0,,0.3412508630722823,0.0,0.0,0.15356288838252705,False
diurnal_temperature_range,Au_anomaly,geochemistry,0.31319768105661516,0.31319768105661516,1098,0.0,0.0,0.0,0.0,False,0.0,0.0,0.0,,0.3406380826173285,0.0,0.0,0.15328713717779782,False
solar_radiation,Pb_Zn_background,geochemistry,0.31058455684310765,0.31058455684310765,1100,0.0,0.0,0.0,0.0,False,0.0,0.0,0.0,,0.33779563169645643,0.0,0.0,0.1520080342634054,False
vapor_pressure,shallow_gravity_source_density,geophysics,-0.30794942606281633,0.30794942606281633,1100,0.0,0.0,0.0,0.0,False,0.0,0.0,0.0,,0.3349292429215411,0.0,0.0,0.15071815931469348,False
soil_moisture,As_Sb_Bi_pathfinder,geochemistry,-0.3073954485324573,0.3073954485324573,1100,0.0,0.0,0.0,0.0,False,0.0,0.0,0.0,,0.33432664855072175,0.0,0.0,0.15044699184782478,False
precipitation,Au_anomaly,geochemistry,-0.306738316031663,0.306738316031663,1098,0.0,0.0,0.0,0.0,False,0.0,0.0,0.0,,0.3336118463716433,0.0,0.0,0.1501253308672395,False
runoff,Au_anomaly,geochemistry,-0.3061711876937605,0.3061711876937605,1098,0.0,0.0,0.0,0.0,False,0.0,0.0,0.0,,0.3329949470838135,0.0,0.0,0.14984772618771608,False
vapor_pressure_deficit,terrain_roughness,terrain,-0.304950253719474,0.304950253719474,1028,0.0,0.0,0.0,0.0,False,0.0,0.0,0.0,,0.33166686444556936,0.0,0.0,0.1492500890005062,False
potential_evapotranspiration,terrain_elevation,terrain,0.30170739940385266,0.30170739940385266,1028,0.0,0.0,0.0,0.0,False,0.0,0.0,0.0,,0.32813941856754925,0.0,0.0,0.14766273835539717,False
vapor_pressure,deep_gravity_source_strength,geophysics,0.2978459292994493,0.2978459292994493,1100,0.0,0.0,0.0,0.0,False,0.0,0.0,0.0,,0.3239390674332844,0.0,0.0,0.14577258034497798,False
soil_moisture,terrain_roughness,terrain,0.2977860415319461,0.2977860415319461,1028,0.0,0.0,0.0,0.0,False,0.0,0.0,0.0,,0.3238739239399102,0.0,0.0,0.1457432657729596,False
vapor_pressure_deficit,As_Sb_Bi_pathfinder,geochemistry,0.2934669698625578,0.2934669698625578,1100,0.0,0.0,0.0,0.0,False,0.0,0.0,0.0,,0.3191758123153249,0.0,0.0,0.1436291155418962,False
diurnal_temperature_range,Mo_anomaly,geochemistry,0.2933768067808114,0.2933768067808114,1100,0.0,0.0,0.0,0.0,False,0.0,0.0,0.0,,0.31907773655856825,0.0,0.0,0.1435849814513557,False
wind_speed,Ag_anomaly,geochemistry,0.2914860235424671,0.2914860235424671,1100,0.0,0.0,0.0,0.0,False,0.0,0.0,0.0,,0.31702101896006296,0.0,0.0,0.14265945853202833,False
diurnal_temperature_range,terrain_slope,terrain,-0.2907087987523546,0.2907087987523546,1027,0.0,0.0,0.0,0.0,False,0.0,0.0,0.0,,0.3161755852416962,0.0,0.0,0.1422790133587633,False
precipitation,As_Sb_Bi_pathfinder,geochemistry,-0.28391406476174863,0.28391406476174863,1100,0.0,0.0,0.0,0.0,False,0.0,0.0,0.0,,0.30878454818771917,0.0,0.0,0.13895304668447364,False
potential_evapotranspiration,deep_gravity_gradient,geophysics,-0.2799375535746978,0.2799375535746978,1095,0.0,0.0,0.0,0.0,False,0.0,0.0,0.0,,0.3044590600126588,0.0,0.0,0.13700657700569646,False
diurnal_temperature_range,terrain_roughness,terrain,-0.2778650884001743,0.2778650884001743,1028,0.0,0.0,0.0,0.0,False,0.0,0.0,0.0,,0.30220471614590005,0.0,0.0,0.13599212226565502,False
vapor_pressure,Cu_anomaly,geochemistry,-0.27654017278418414,0.27654017278418414,1100,0.0,0.27654017278418414,0.27654017278418414,1.0,False,0.0,0.0,0.0,,0.3007635264797976,0.0,0.0,0.13534358691590892,False
vapor_pressure_deficit,deep_gravity_gradient,geophysics,-0.27435078031679944,0.27435078031679944,1095,0.0,0.0,0.0,0.0,False,0.0,0.0,0.0,,0.29838199382899616,0.0,0.0,0.13427189722304828,False
water_balance,As_Sb_Bi_pathfinder,geochemistry,-0.2727511760974221,0.2727511760974221,1100,0.0,0.0,0.0,0.0,False,0.0,0.0,0.0,,0.2966420090005303,0.0,0.0,0.13348890405023864,False
aridity,Au_anomaly,geochemistry,-0.26915334981511047,0.26915334981511047,1098,0.0,0.0,0.0,0.0,False,0.0,0.0,0.0,,0.29272843896186473,0.0,0.0,0.13172779753283914,False
vapor_pressure,deep_gravity_gradient,geophysics,0.2656726388559165,0.2656726388559165,1095,0.0,0.0,0.0,0.0,False,0.0,0.0,0.0,,0.2889422622389564,0.0,0.0,0.13002401800753038,False
soil_moisture,Au_anomaly,geochemistry,-0.2652226877091005,0.2652226877091005,1098,0.0,0.0,0.0,0.0,False,0.0,0.0,0.0,,0.28845282356436014,0.0,0.0,0.12980377060396206,False
diurnal_temperature_range,deep_gravity_gradient,geophysics,-0.2643367081424768,0.2643367081424768,1095,0.0,0.0,0.0,0.0,False,0.0,0.0,0.0,,0.28748909079497786,0.0,0.0,0.12937009085774004,False
aridity,As_Sb_Bi_pathfinder,geochemistry,-0.2640780068324019,0.2640780068324019,1100,0.0,0.0,0.0,0.0,False,0.0,0.0,0.0,,0.2872076859642193,0.0,0.0,0.1292434586838987,False
snow_influence,intrusive_geology,geology,0.2625080488999132,0.2625080488999132,1100,0.0,0.2625080488999132,0.2625080488999132,1.0,False,0.0,0.0,0.0,,0.2854999491685991,0.0,0.0,0.1284749771258696,False
solar_radiation,deep_gravity_gradient,geophysics,-0.2621103850157569,0.2621103850157569,1095,0.0,0.0,0.0,0.0,False,0.0,0.0,0.0,,0.2850673864653511,0.0,0.0,0.12828032390940802,False
snow_influence,shallow_gravity_source_strength,geophysics,-0.2619642793079668,0.2619642793079668,1100,0.0,0.2619642793079668,0.2619642793079668,1.0,False,0.0,0.0,0.0,,0.2849084585806735,0.0,0.0,0.12820880636130308,False
water_deficit,As_Sb_Bi_pathfinder,geochemistry,0.26176699410660337,0.26176699410660337,1100,0.0,0.0,0.0,0.0,False,0.0,0.0,0.0,,0.28469385971109384,0.0,0.0,0.12811223686999224,False
evapotranspiration_ratio,Au_anomaly,geochemistry,-0.26013362010369334,0.26013362010369334,1098,0.0,0.0,0.0,0.0,False,0.0,0.0,0.0,,0.2829171414767669,0.0,0.0,0.1273127136645451,False
aridity,unconsolidated_cover,geology,-0.26009111527010564,0.26009111527010564,1100,0.0,0.0,0.0,0.0,False,0.0,0.0,0.0,,0.2828709064364468,0.0,0.0,0.12729190789640107,False
potential_evapotranspiration,As_Sb_Bi_pathfinder,geochemistry,0.25618522330528765,0.25618522330528765,1100,0.0,0.0,0.0,0.0,False,0.0,0.0,0.0,,0.27862223499754823,0.0,0.0,0.1253800057488967,False
snow_influence,felsic_intermediate_geology,geology,0.2552453957971297,0.2552453957971297,1100,0.0,0.2552453957971297,0.2552453957971297,1.0,False,0.0,0.0,0.0,,0.2775999286134063,0.0,0.0,0.12491996787603285,False
evapotranspiration_ratio,As_Sb_Bi_pathfinder,geochemistry,-0.25481917915848,0.25481917915848,1100,0.0,0.0,0.0,0.0,False,0.0,0.0,0.0,,0.27713630737766165,0.0,0.0,0.12471133831994774,False
water_balance,Au_anomaly,geochemistry,-0.25325464976619066,0.25325464976619066,1098,0.0,0.0,0.0,0.0,False,0.0,0.0,0.0,,0.2754344755286983,0.0,0.0,0.12394551398791424,False
mean_temperature,intrusive_geology,geology,-0.252752904490075,0.252752904490075,1100,0.0,0.0,0.0,0.0,False,0.0,0.0,0.0,,0.27488869729329485,0.0,0.0,0.12369991378198268,False
actual_evapotranspiration,Ag_anomaly,geochemistry,-0.2523339005202837,0.2523339005202837,1100,0.0,0.0,0.0,0.0,False,0.0,0.0,0.0,,0.27443292170726424,0.0,0.0,0.12349481476826892,False
vapor_pressure_deficit,Au_anomaly,geochemistry,0.2522873565908758,0.2522873565908758,1098,0.0,0.0,0.0,0.0,False,0.0,0.0,0.0,,0.27438229310173423,0.0,0.0,0.1234720318957804,False
evapotranspiration_ratio,unconsolidated_cover,geology,-0.24967198464617865,0.24967198464617865,1100,0.0,0.0,0.0,0.0,False,0.0,0.0,0.0,,0.2715373971897068,0.0,0.0,0.12219182873536807,False
actual_evapotranspiration,Au_anomaly,geochemistry,-0.2487824958397339,0.2487824958397339,1098,0.0,0.0,0.0,0.0,False,0.0,0.0,0.0,,0.27056984721105864,0.0,0.0,0.1217564312449764,False
runoff,Mo_anomaly,geochemistry,-0.24714580897747088,0.24714580897747088,1100,0.0,0.0,0.0,0.0,False,0.0,0.0,0.0,,0.26878952538220297,0.0,0.0,0.12095528642199134,False
water_balance,unconsolidated_cover,geology,-0.2468703578932737,0.2468703578932737,1100,0.0,0.0,0.0,0.0,False,0.0,0.0,0.0,,0.26848990082402685,0.0,0.0,0.12082045537081208,False
soil_moisture,fault_density,structure,0.24275182152247815,0.24275182152247815,1100,0.0,0.0,0.0,0.0,False,0.0,0.0,0.0,,0.264009923393448,0.0,0.0,0.1188044655270516,False
soil_moisture,Mo_anomaly,geochemistry,-0.2407893492115351,0.2407893492115351,1100,0.0,0.0,0.0,0.0,False,0.0,0.0,0.0,,0.26187522531878643,0.0,0.0,0.1178438513934539,False
diurnal_temperature_range,Pb_Zn_background,geochemistry,0.24009555446595274,0.24009555446595274,1100,0.0,0.0,0.0,0.0,False,0.0,0.0,0.0,,0.26112054343138014,0.0,0.0,0.11750424454412106,False
solar_radiation,W_Re_pathfinder,geochemistry,0.2385512717359158,0.2385512717359158,1100,0.0,0.0,0.0,0.0,False,0.0,0.0,0.0,,0.25944073508343013,0.0,0.0,0.11674833078754356,False
mean_temperature,felsic_intermediate_geology,geology,-0.2351446362992275,0.2351446362992275,1100,0.0,0.0,0.0,0.0,False,0.0,0.0,0.0,,0.2557351347204483,0.0,0.0,0.11508081062420174,False
max_temperature,fault_density,structure,-0.23408398978229278,0.23408398978229278,1100,0.0,0.0,0.0,0.0,False,0.0,0.0,0.0,,0.2545814063009584,0.0,0.0,0.11456163283543128,False
water_deficit,Au_anomaly,geochemistry,0.2339677764845826,0.2339677764845826,1098,0.0,0.0,0.0,0.0,False,0.0,0.0,0.0,,0.2544549941719879,0.0,0.0,0.11450474737739456,False
potential_evapotranspiration,unconsolidated_cover,geology,0.23388718497313676,0.23388718497313676,1100,0.0,0.0,0.0,0.0,False,0.0,0.0,0.0,,0.2543673299826089,0.0,0.0,0.11446529849217402,False
snow_influence,Au_anomaly,geochemistry,0.23275912664596585,0.23275912664596585,1098,0.0,0.0,0.0,0.0,False,0.0,0.0,0.0,,0.2531402737201129,0.0,0.0,0.1139131231740508,False
water_deficit,unconsolidated_cover,geology,0.23238096830252555,0.23238096830252555,1100,0.0,0.0,0.0,0.0,False,0.0,0.0,0.0,,0.2527289283558202,0.0,0.0,0.11372801776011911,False
min_temperature,Ag_anomaly,geochemistry,-0.23155570610540382,0.23155570610540382,1100,0.0,0.0,0.0,0.0,False,0.0,0.0,0.0,,0.25183124148734143,0.0,0.0,0.11332405866930365,False
precipitation,unconsolidated_cover,geology,-0.23124084669619105,0.23124084669619105,1100,0.0,0.0,0.0,0.0,False,0.0,0.0,0.0,,0.25148875014573746,0.0,0.0,0.11316993756558186,False
min_temperature,Mo_anomaly,geochemistry,-0.2291868105225834,0.2291868105225834,1100,0.0,0.0,0.0,0.0,False,0.0,0.0,0.0,,0.24925445260144324,0.0,0.0,0.11216450367064947,False
snow_influence,fault_density,structure,0.2278899716604439,0.2278899716604439,1100,0.0,0.0,0.0,0.0,False,0.0,0.0,0.0,,0.24784380369357398,0.0,0.0,0.11152971166210829,False
max_temperature,intrusive_geology,geology,-0.22684184899300694,0.22684184899300694,1100,0.0,0.0,0.0,0.0,False,0.0,0.0,0.0,,0.2467036982114683,0.0,0.0,0.11101666419516074,False
vapor_pressure_deficit,Mo_anomaly,geochemistry,0.22464879747768288,0.22464879747768288,1100,0.0,0.0,0.0,0.0,False,0.0,0.0,0.0,,0.24431818539618366,0.0,0.0,0.10994318342828265,False
potential_evapotranspiration,fault_density,structure,-0.2240667024337774,0.2240667024337774,1100,0.0,0.0,0.0,0.0,False,0.0,0.0,0.0,,0.2436850059303812,0.0,0.0,0.10965825266867155,False
snow_influence,igneous_geology,geology,0.22364782343032788,0.22364782343032788,1100,0.0,0.22364782343032788,0.22364782343032788,1.0,False,0.0,0.0,0.0,,0.2432293662776871,0.0,0.0,0.10945321482495919,False
min_temperature,intrusive_geology,geology,-0.2223661464700236,0.2223661464700236,1100,0.0,0.0,0.0,0.0,False,0.0,0.0,0.0,,0.24183520987392879,0.0,0.0,0.10882584444326796,False
precipitation,Mo_anomaly,geochemistry,-0.22235349560517245,0.22235349560517245,1100,0.0,0.0,0.0,0.0,False,0.0,0.0,0.0,,0.24182144877437597,0.0,0.0,0.1088196519484692,False
vapor_pressure,unconsolidated_cover,geology,0.22230090359368254,0.22230090359368254,1100,0.0,0.0,0.0,0.0,False,0.0,0.0,0.0,,0.24176424130956534,0.0,0.0,0.1087939085893044,False
vapor_pressure_deficit,fault_density,structure,-0.2217990017718401,0.2217990017718401,1100,0.0,0.0,0.0,0.0,False,0.0,0.0,0.0,,0.24121829279004645,0.0,0.0,0.1085482317555209,False
water_deficit,fault_density,structure,-0.22127501388027557,0.22127501388027557,1100,0.0,0.0,0.0,0.0,False,0.0,0.0,0.0,,0.24064831993640082,0.0,0.0,0.10829174397138037,False
water_balance,fault_density,structure,0.21869502515611267,0.21869502515611267,1100,0.0,0.0,0.0,0.0,False,0.0,0.0,0.0,,0.2378419124618044,0.0,0.0,0.10702886060781197,False
water_balance,Mo_anomaly,geochemistry,-0.21761519543439325,0.21761519543439325,1100,0.0,0.0,0.0,0.0,False,0.0,0.0,0.0,,0.23666731732735938,0.0,0.0,0.10650029279731173,False
mean_temperature,metamorphic_geology,geology,-0.21693176948938023,0.21693176948938023,1100,0.0,0.21693176948938023,0.21693176948938023,1.0,False,0.0,0.0,0.0,,0.23592391420220038,0.0,0.0,0.10616576139099017,False
mean_temperature,igneous_geology,geology,-0.21683993565458692,0.21683993565458692,1100,0.0,0.0,0.0,0.0,False,0.0,0.0,0.0,,0.23582402106779593,0.0,0.0,0.10612080948050817,False
solar_radiation,fault_density,structure,-0.21605493229341513,0.21605493229341513,1100,0.0,0.0,0.0,0.0,False,0.0,0.0,0.0,,0.23497012613416957,0.0,0.0,0.10573655676037631,False
mean_temperature,fault_density,structure,-0.21548380127623729,0.21548380127623729,1100,0.0,0.0,0.0,0.0,False,0.0,0.0,0.0,,0.23434887289357575,0.0,0.0,0.10545699280210909,False
actual_evapotranspiration,As_Sb_Bi_pathfinder,geochemistry,-0.21367543459528174,0.21367543459528174,1100,0.0,0.0,0.0,0.0,False,0.0,0.0,0.0,,0.23238180469567446,0.0,0.0,0.10457181211305351,False
max_temperature,deep_gravity_source_strength,geophysics,-0.21210671087562366,0.21210671087562366,1100,0.0,0.0,0.0,0.0,False,0.0,0.0,0.0,,0.23067541042689582,0.0,0.0,0.10380393469210313,False
aridity,fault_density,structure,0.21069766174042373,0.21069766174042373,1100,0.0,0.0,0.0,0.0,False,0.0,0.0,0.0,,0.2291427037185044,0.0,0.0,0.10311421667332699,False
vapor_pressure_deficit,Pb_Zn_background,geochemistry,0.21047811040577533,0.21047811040577533,1100,0.0,0.0,0.0,0.0,False,0.0,0.0,0.0,,0.22890388464893083,0.0,0.0,0.10300674809201887,False
min_temperature,felsic_intermediate_geology,geology,-0.20945957485729005,0.20945957485729005,1100,0.0,0.0,0.0,0.0,False,0.0,0.0,0.0,,0.22779596283918002,0.0,0.0,0.10250818327763102,False
max_temperature,felsic_intermediate_geology,geology,-0.20782523482955367,0.20782523482955367,1100,0.0,0.0,0.0,0.0,False,0.0,0.0,0.0,,0.22601819380208485,0.0,0.0,0.10170818721093819,False
max_temperature,metamorphic_geology,geology,-0.20736569176294156,0.20736569176294156,1100,0.0,0.0,0.0,0.0,False,0.0,0.0,0.0,,0.225518321424752,0.0,0.0,0.1014832446411384,False
mean_temperature,shallow_gravity_source_density,geophysics,0.20705043829131786,0.20705043829131786,1100,0.0,0.0,0.0,0.0,False,0.0,0.0,0.0,,0.22517540143798181,0.0,0.0,0.10132893064709182,False
runoff,unconsolidated_cover,geology,-0.2068647658751962,0.2068647658751962,1100,0.0,0.0,0.0,0.0,False,0.0,0.0,0.0,,0.2249734344869056,0.0,0.0,0.10123804551910752,False
potential_evapotranspiration,Au_anomaly,geochemistry,0.20644854251591824,0.20644854251591824,1098,0.0,0.0,0.0,0.0,False,0.0,0.0,0.0,,0.22452068353662447,0.0,0.0,0.101034307591481,False
aridity,Mo_anomaly,geochemistry,-0.20453970347937628,0.20453970347937628,1100,0.0,0.0,0.0,0.0,False,0.0,0.0,0.0,,0.22244432557049001,0.0,0.0,0.10009994650672051,False
snow_influence,regional_gravity_anomaly,geophysics,-0.20396581795786295,0.20396581795786295,1100,0.0,0.0,0.0,0.0,False,0.0,0.0,0.0,,0.2218200760913919,0.0,0.0,0.09981903424112636,False
min_temperature,Pb_Zn_background,geochemistry,-0.20336850949543347,0.20336850949543347,1100,0.0,0.0,0.0,0.0,False,0.0,0.0,0.0,,0.22117034808370625,0.0,0.0,0.09952665663766781,False
water_deficit,Mo_anomaly,geochemistry,0.20220330408331458,0.20220330408331458,1100,0.0,0.0,0.0,0.0,False,0.0,0.0,0.0,,0.21990288472334926,0.0,0.0,0.09895629812550717,False
vapor_pressure,terrain_roughness,terrain,-0.20191998310938744,0.20191998310938744,1028,0.0,0.0,0.0,0.0,False,0.0,0.0,0.0,,0.2195946996171539,0.0,0.0,0.09881761482771925,False
vapor_pressure_deficit,unconsolidated_cover,geology,0.20109625838881146,0.20109625838881146,1100,0.0,0.0,0.0,0.0,False,0.0,0.0,0.0,,0.21869868515353086,0.0,0.0,0.09841440831908889,False
water_balance,Pb_Zn_background,geochemistry,-0.1984364309471373,0.1984364309471373,1100,0.0,0.0,0.0,0.0,False,0.0,0.0,0.0,,0.21580543234837646,0.0,0.0,0.09711244455676941,False
min_temperature,metamorphic_geology,geology,-0.19765696744780295,0.19765696744780295,1100,0.0,0.0,0.0,0.0,False,0.0,0.0,0.0,,0.21495756345258632,0.0,0.0,0.09673090355366384,False
solar_radiation,terrain_relief,terrain,-0.19664818497148562,0.19664818497148562,1028,0.0,0.0,0.0,0.0,False,0.0,0.0,0.0,,0.21386025064060984,0.0,0.0,0.09623711278827443,False
solar_radiation,terrain_slope,terrain,-0.1957808384950954,0.1957808384950954,1027,0.0,0.0,0.0,0.0,False,0.0,0.0,0.0,,0.2129167861938045,0.0,0.0,0.09581255378721203,False
snow_influence,fault_proximity,structure,0.19445019878591815,0.19445019878591815,1100,0.0,0.19445019878591815,0.19445019878591815,1.0,False,0.0,0.0,0.0,,0.21146937009044867,0.0,0.0,0.0951612165407019,False
min_temperature,W_Re_pathfinder,geochemistry,-0.19413090517369402,0.19413090517369402,1100,0.0,0.0,0.0,0.0,False,0.0,0.0,0.0,,0.21112205540199885,0.0,0.0,0.09500492493089949,False
evapotranspiration_ratio,Mo_anomaly,geochemistry,-0.19331485206188995,0.19331485206188995,1100,0.0,0.0,0.0,0.0,False,0.0,0.0,0.0,,0.21023438580438164,0.0,0.0,0.09460547361197175,False
snow_influence,metamorphic_geology,geology,0.1931958689042281,0.1931958689042281,1100,0.0,0.0,0.0,0.0,False,0.0,0.0,0.0,,0.21010496073368812,0.0,0.0,0.09454723233015966,False
actual_evapotranspiration,unconsolidated_cover,geology,-0.1921211922356942,0.1921211922356942,1100,0.0,0.0,0.0,0.0,False,0.0,0.0,0.0,,0.20893597088225904,0.0,0.0,0.09402118689701656,False
potential_evapotranspiration,Mo_anomaly,geochemistry,0.19191958339049545,0.19191958339049545,1100,0.0,0.0,0.0,0.0,False,0.0,0.0,0.0,,0.20871666892763746,0.0,0.0,0.09392250101743686,False
water_deficit,Pb_Zn_background,geochemistry,0.190266837175919,0.190266837175919,1100,0.0,0.0,0.0,0.0,False,0.0,0.0,0.0,,0.2069188783843074,0.0,0.0,0.09311349527293833,False
soil_moisture,unconsolidated_cover,geology,-0.18998804709374278,0.18998804709374278,1100,0.0,0.0,0.0,0.0,False,0.0,0.0,0.0,,0.20661562179906146,0.0,0.0,0.09297702980957766,False
max_temperature,igneous_geology,geology,-0.1883881037114095,0.1883881037114095,1100,0.0,0.0,0.0,0.0,False,0.0,0.0,0.0,,0.20487526804283793,0.0,0.0,0.09219387061927707,False
vapor_pressure,terrain_slope,terrain,-0.18818182073665368,0.18818182073665368,1027,0.0,0.0,0.0,0.0,False,0.0,0.0,0.0,,0.20465088175896975,0.0,0.0,0.09209289679153639,False
wind_speed,As_Sb_Bi_pathfinder,geochemistry,0.1879283425799055,0.1879283425799055,1100,0.0,0.0,0.0,0.0,False,0.0,0.0,0.0,,0.20437515846332793,0.0,0.0,0.09196882130849757,False
soil_moisture,igneous_geology,geology,0.1874588892707974,0.1874588892707974,1100,0.0,0.0,0.0,0.0,False,0.0,0.0,0.0,,0.20386450612468932,0.0,0.0,0.09173902775611019,False
precipitation,fault_density,structure,0.18706053314888657,0.18706053314888657,1100,0.0,0.0,0.0,0.0,False,0.0,0.0,0.0,,0.20343119043318586,0.0,0.0,0.09154403569493363,False
potential_evapotranspiration,Pb_Zn_background,geochemistry,0.18569889926307262,0.18569889926307262,1100,0.0,0.0,0.0,0.0,False,0.0,0.0,0.0,,0.20195006011698577,0.0,0.0,0.0908775270526436,False
min_temperature,igneous_geology,geology,-0.18360210897617488,0.18360210897617488,1100,0.0,0.0,0.0,0.0,False,0.0,0.0,0.0,,0.19966925637598484,0.0,0.0,0.08985116536919319,False
runoff,Pb_Zn_background,geochemistry,-0.18230990904116343,0.18230990904116343,1100,0.0,0.0,0.0,0.0,False,0.0,0.0,0.0,,0.19826365350558245,0.0,0.0,0.08921864407751211,False
runoff,fault_density,structure,0.18101972768860658,0.18101972768860658,1100,0.0,0.0,0.0,0.0,False,0.0,0.0,0.0,,0.19686024636760155,0.0,0.0,0.0885871108654207,False
aridity,Pb_Zn_background,geochemistry,-0.18091730066024622,0.18091730066024622,1100,0.0,0.0,0.0,0.0,False,0.0,0.0,0.0,,0.19674883038531488,0.0,0.0,0.0885369736733917,False
solar_radiation,Cu_anomaly,geochemistry,0.1805317129999038,0.1805317129999038,1100,0.0,0.0,0.0,0.0,False,0.0,0.0,0.0,,0.1963294037103211,0.0,0.0,0.08834823166964449,False
evapotranspiration_ratio,Pb_Zn_background,geochemistry,-0.1784612040879483,0.1784612040879483,1100,0.0,0.0,0.0,0.0,False,0.0,0.0,0.0,,0.1940771877869295,0.0,0.0,0.08733473450411829,False
solar_radiation,terrain_roughness,terrain,-0.17843087095953403,0.17843087095953403,1028,0.0,0.0,0.0,0.0,False,0.0,0.0,0.0,,0.19404419263562808,0.0,0.0,0.08731988668603263,False
max_temperature,deep_regional_gravity_anomaly,geophysics,-0.17836917504907868,0.17836917504907868,1095,0.0,0.0,0.0,0.0,False,0.0,0.0,0.0,,0.1939770823174192,0.0,0.0,0.08728968704283864,False
soil_moisture,Pb_Zn_background,geochemistry,-0.17805043743490692,0.17805043743490692,1100,0.0,0.0,0.0,0.0,False,0.0,0.0,0.0,,0.1936303724211824,0.0,0.0,0.08713366758953207,False
runoff,igneous_geology,geology,0.17704007684464712,0.17704007684464712,1100,0.0,0.0,0.0,0.0,False,0.0,0.0,0.0,,0.1925313430006322,0.0,0.0,0.08663910435028449,False
precipitation,Pb_Zn_background,geochemistry,-0.1760407429099608,0.1760407429099608,1100,0.0,0.0,0.0,0.0,False,0.0,0.0,0.0,,0.19144430793041828,0.0,0.0,0.08614993856868823,False
aridity,intrusive_geology,geology,0.1755527510009987,0.1755527510009987,1100,0.0,0.0,0.0,0.0,False,0.0,0.0,0.0,,0.19091349005201919,0.0,0.0,0.08591107052340864,False
potential_evapotranspiration,intrusive_geology,geology,-0.17413883443619232,0.17413883443619232,1100,0.0,0.0,0.0,0.0,False,0.0,0.0,0.0,,0.18937548875039883,0.0,0.0,0.08521896993767948,False
water_deficit,intrusive_geology,geology,-0.17327577699453445,0.17327577699453445,1100,0.0,0.0,0.0,0.0,False,0.0,0.0,0.0,,0.18843668974225178,0.0,0.0,0.0847965103840133,False
diurnal_temperature_range,W_Re_pathfinder,geochemistry,0.17264819856150795,0.17264819856150795,1100,0.0,0.0,0.0,0.0,False,0.0,0.0,0.0,,0.1877540352837861,0.0,0.0,0.08448931587770374,False
soil_moisture,intrusive_geology,geology,0.17170968820054217,0.17170968820054217,1100,0.0,0.0,0.0,0.0,False,0.0,0.0,0.0,,0.18673316163913278,0.0,0.0,0.08402992273760976,False
evapotranspiration_ratio,intrusive_geology,geology,0.17098893254646635,0.17098893254646635,1100,0.0,0.0,0.0,0.0,False,0.0,0.0,0.0,,0.18594915276498072,0.0,0.0,0.08367711874424133,False
actual_evapotranspiration,fault_density,structure,0.16885143522790463,0.16885143522790463,1100,0.0,0.0,0.0,0.0,False,0.0,0.0,0.0,,0.18362406955994162,0.0,0.0,0.08263083130197373,False
water_balance,intrusive_geology,geology,0.16829283345206947,0.16829283345206947,1100,0.0,0.0,0.0,0.0,False,0.0,0.0,0.0,,0.18301644512176302,0.0,0.0,0.08235740030479335,False
potential_evapotranspiration,metamorphic_geology,geology,-0.16765808082745792,0.16765808082745792,1100,0.0,0.0,0.0,0.0,False,0.0,0.0,0.0,,0.18232598686760632,0.0,0.0,0.08204669409042284,False
vapor_pressure,carbonate_geology,geology,-0.16694879950330202,0.16694879950330202,1100,0.0,0.16694879950330202,0.16694879950330202,1.0,False,0.0,0.0,0.0,,0.18155445930585365,0.0,0.0,0.08169950668763415,False
runoff,W_Re_pathfinder,geochemistry,-0.16677128386978693,0.16677128386978693,1100,0.0,0.0,0.0,0.0,False,0.0,0.0,0.0,,0.1813613649732743,0.0,0.0,0.08161261423797343,False
snow_influence,deep_regional_gravity_anomaly,geophysics,-0.16545211012403113,0.16545211012403113,1095,0.0,0.0,0.0,0.0,False,0.0,0.0,0.0,,0.17992642108157894,0.0,0.0,0.08096688948671052,False
precipitation,intrusive_geology,geology,0.16455623033813488,0.16455623033813488,1100,0.0,0.0,0.0,0.0,False,0.0,0.0,0.0,,0.17895191925374834,0.0,0.0,0.08052836366418675,False
wind_speed,shallow_gravity_source_density,geophysics,0.16266855784914086,0.16266855784914086,1100,0.0,0.0,0.0,0.0,False,0.0,0.0,0.0,,0.17689858540267825,0.0,0.0,0.07960436343120521,False
wind_speed,Mo_anomaly,geochemistry,0.1625725459850879,0.1625725459850879,1100,0.0,0.0,0.0,0.0,False,0.0,0.0,0.0,,0.1767941475768829,0.0,0.0,0.0795573664095973,False
wind_speed,carbonate_geology,geology,0.16146854541501565,0.16146854541501565,1100,0.0,0.0,0.0,0.0,False,0.0,0.0,0.0,,0.1755932603703643,0.0,0.0,0.07901696716666394,False
mean_temperature,regional_gravity_anomaly,geophysics,0.16114728613850118,0.16114728613850118,1100,0.0,0.0,0.0,0.0,False,0.0,0.0,0.0,,0.1752438075117336,0.0,0.0,0.07885971338028012,False
mean_temperature,Au_anomaly,geochemistry,-0.16043391188628586,0.16043391188628586,1098,0.0,0.0,0.0,0.0,False,0.0,0.0,0.0,,0.17446782782823664,0.0,0.0,0.07851052252270649,False
diurnal_temperature_range,unconsolidated_cover,geology,0.15980588081330846,0.15980588081330846,1100,0.0,0.0,0.0,0.0,False,0.0,0.0,0.0,,0.17378468100632388,0.0,0.0,0.07820310645284576,False
snow_influence,As_Sb_Bi_pathfinder,geochemistry,0.15755205540841627,0.15755205540841627,1100,0.0,0.0,0.0,0.0,False,0.0,0.0,0.0,,0.17133306080989183,0.0,0.0,0.07709987736445133,False
max_temperature,deep_gravity_gradient,geophysics,-0.15749029661972247,0.15749029661972247,1095,0.0,0.0,0.0,0.0,False,0.0,0.0,0.0,,0.17126588209527613,0.0,0.0,0.07706964694287426,False
mean_temperature,fault_proximity,structure,-0.1567953871846222,0.1567953871846222,1100,0.0,0.0,0.0,0.0,False,0.0,0.0,0.0,,0.17050998769365786,0.0,0.0,0.07672949446214604,False
vapor_pressure_deficit,intrusive_geology,geology,-0.1562417639068569,0.1562417639068569,1100,0.0,0.0,0.0,0.0,False,0.0,0.0,0.0,,0.1699077786644943,0.0,0.0,0.07645850039902244,False
actual_evapotranspiration,Mo_anomaly,geochemistry,-0.15605361292740225,0.15605361292740225,1100,0.0,0.0,0.0,0.0,False,0.0,0.0,0.0,,0.16970311563238533,0.0,0.0,0.0763664020345734,False
vapor_pressure_deficit,metamorphic_geology,geology,-0.1554898987177638,0.1554898987177638,1100,0.0,0.0,0.0,0.0,False,0.0,0.0,0.0,,0.1690899300953133,0.0,0.0,0.07609046854289099,False
max_temperature,Ag_anomaly,geochemistry,0.15530846311179838,0.15530846311179838,1100,0.0,0.0,0.0,0.0,False,0.0,0.0,0.0,,0.16889257177511194,0.0,0.0,0.07600165729880037,False
soil_moisture,felsic_intermediate_geology,geology,0.1540686161374073,0.1540686161374073,1100,0.0,0.0,0.0,0.0,False,0.0,0.0,0.0,,0.16754391633964455,0.0,0.0,0.07539476235284005,False
min_temperature,sedimentary_geology,geology,-0.15400121315438867,0.15400121315438867,1100,0.0,0.15400121315438867,0.15400121315438867,1.0,False,0.0,0.0,0.0,,0.167470598098529,0.0,0.0,0.07536176914433805,False
actual_evapotranspiration,intrusive_geology,geology,0.1527390802101077,0.1527390802101077,1100,0.0,0.0,0.0,0.0,False,0.0,0.0,0.0,,0.16609770088561046,0.0,0.0,0.07474396539852471,False
snow_influence,deep_gravity_source_strength,geophysics,-0.15167290330254926,0.15167290330254926,1100,0.0,0.0,0.0,0.0,False,0.0,0.0,0.0,,0.16493795673068787,0.0,0.0,0.07422208052880955,False
water_balance,igneous_geology,geology,0.15059736071714352,0.15059736071714352,1100,0.0,0.0,0.0,0.0,False,0.0,0.0,0.0,,0.16376802496987805,0.0,0.0,0.07369561123644512,False
water_deficit,metamorphic_geology,geology,-0.1504224046206424,0.1504224046206424,1100,0.0,0.0,0.0,0.0,False,0.0,0.0,0.0,,0.1635777147982294,0.0,0.0,0.07360997165920324,False
aridity,felsic_intermediate_geology,geology,0.15017246016290683,0.15017246016290683,1100,0.0,0.0,0.0,0.0,False,0.0,0.0,0.0,,0.1633058353175737,0.0,0.0,0.07348762589290816,False
aridity,igneous_geology,geology,0.14981170690506973,0.14981170690506973,1100,0.0,0.0,0.0,0.0,False,0.0,0.0,0.0,,0.16291342250204577,0.0,0.0,0.0733110401259206,False
potential_evapotranspiration,felsic_intermediate_geology,geology,-0.1497506144552861,0.1497506144552861,1100,0.0,0.0,0.0,0.0,False,0.0,0.0,0.0,,0.1628469686039692,0.0,0.0,0.07328113587178614,False
precipitation,W_Re_pathfinder,geochemistry,-0.14932217109862658,0.14932217109862658,1100,0.0,0.0,0.0,0.0,False,0.0,0.0,0.0,,0.162380925234357,0.0,0.0,0.07307141635546065,False
mean_temperature,sedimentary_geology,geology,-0.14880657976253275,0.14880657976253275,1100,0.0,0.0,0.0,0.0,False,0.0,0.0,0.0,,0.16182008581444038,0.0,0.0,0.07281903861649817,False
precipitation,igneous_geology,geology,0.14871766038695003,0.14871766038695003,1100,0.0,0.0,0.0,0.0,False,0.0,0.0,0.0,,0.1617233629109894,0.0,0.0,0.07277551330994524,False
water_deficit,felsic_intermediate_geology,geology,-0.14777274094022494,0.14777274094022494,1100,0.0,0.0,0.0,0.0,False,0.0,0.0,0.0,,0.1606955177218438,0.0,0.0,0.0723129829748297,False
min_temperature,fault_proximity,structure,-0.147272433767892,0.147272433767892,1100,0.0,0.0,0.0,0.0,False,0.0,0.0,0.0,,0.1601513037976202,0.0,0.0,0.07206808670892909,False
snow_influence,gravity_gradient,geophysics,-0.14710867971409766,0.14710867971409766,1095,0.0,0.14710867971409766,0.14710867971409766,1.0,False,0.0,0.0,0.0,,0.15997317875534386,0.0,0.0,0.07198793043990474,False
evapotranspiration_ratio,felsic_intermediate_geology,geology,0.1459619277592751,0.1459619277592751,1100,0.0,0.0,0.0,0.0,False,0.0,0.0,0.0,,0.15872578832011386,0.0,0.0,0.07142660474405124,False
soil_moisture,W_Re_pathfinder,geochemistry,-0.1458614465029928,0.1458614465029928,1100,0.0,0.0,0.0,0.0,False,0.0,0.0,0.0,,0.15861648887006335,0.0,0.0,0.07137741999152851,False
aridity,metamorphic_geology,geology,0.14348008986825564,0.14348008986825564,1100,0.0,0.0,0.0,0.0,False,0.0,0.0,0.0,,0.1560261453554519,0.0,0.0,0.07021176540995336,False
water_deficit,igneous_geology,geology,-0.1433966478794484,0.1433966478794484,1100,0.0,0.0,0.0,0.0,False,0.0,0.0,0.0,,0.1559353805319894,0.0,0.0,0.07017092123939524,False
vapor_pressure,fault_proximity,structure,-0.14253768389413848,0.14253768389413848,1100,0.0,0.0,0.0,0.0,False,0.0,0.0,0.0,,0.1550010342202376,0.0,0.0,0.06975046539910691,False
water_balance,felsic_intermediate_geology,geology,0.1422103879489781,0.1422103879489781,1100,0.0,0.0,0.0,0.0,False,0.0,0.0,0.0,,0.15464501491740085,0.0,0.0,0.06959025671283038,False
water_balance,metamorphic_geology,geology,0.14184645860973993,0.14184645860973993,1100,0.0,0.0,0.0,0.0,False,0.0,0.0,0.0,,0.15424914728887298,0.0,0.0,0.06941211627999284,False
precipitation,felsic_intermediate_geology,geology,0.14153299895137308,0.14153299895137308,1100,0.0,0.0,0.0,0.0,False,0.0,0.0,0.0,,0.15390817853967406,0.0,0.0,0.06925868034285333,False
snow_influence,deep_gravity_gradient,geophysics,-0.14006769643963776,0.14006769643963776,1095,0.0,0.0,0.0,0.0,False,0.0,0.0,0.0,,0.15231428168153444,0.0,0.0,0.0685414267566905,False
runoff,intrusive_geology,geology,0.1395969776732009,0.1395969776732009,1100,0.0,0.0,0.0,0.0,False,0.0,0.0,0.0,,0.15180225282955181,0.0,0.0,0.06831101377329832,False
evapotranspiration_ratio,metamorphic_geology,geology,0.13954724113494865,0.13954724113494865,1100,0.0,0.0,0.0,0.0,False,0.0,0.0,0.0,,0.15174815143313702,0.0,0.0,0.06828666814491166,False
vapor_pressure_deficit,felsic_intermediate_geology,geology,-0.13859767111597446,0.13859767111597446,1100,0.0,0.0,0.0,0.0,False,0.0,0.0,0.0,,0.1507152475394324,0.0,0.0,0.06782186139274458,False
vapor_pressure_deficit,W_Re_pathfinder,geochemistry,0.13751123116244618,0.13751123116244618,1100,0.0,0.0,0.0,0.0,False,0.0,0.0,0.0,,0.14953346206195084,0.0,0.0,0.06729005792787789,False
min_temperature,deep_gravity_gradient,geophysics,0.13660861080588882,0.13660861080588882,1095,0.0,0.0,0.0,0.0,False,0.0,0.0,0.0,,0.1485516281137473,0.0,0.0,0.06684823265118629,False
evapotranspiration_ratio,igneous_geology,geology,0.13289227012068078,0.13289227012068078,1100,0.0,0.0,0.0,0.0,False,0.0,0.0,0.0,,0.14450914289687933,0.0,0.0,0.0650291143035957,False
actual_evapotranspiration,igneous_geology,geology,0.13236394617115269,0.13236394617115269,1100,0.0,0.0,0.0,0.0,False,0.0,0.0,0.0,,0.14393445345460473,0.0,0.0,0.06477050405457213,False
wind_speed,fault_proximity,structure,-0.13161987531452238,0.13161987531452238,1100,0.0,0.0,0.0,0.0,False,0.0,0.0,0.0,,0.14312508324530113,0.0,0.0,0.06440628746038551,False
min_temperature,shallow_gravity_source_strength,geophysics,0.1310555542226182,0.1310555542226182,1100,0.0,0.0,0.0,0.0,False,0.0,0.0,0.0,,0.14251123756622508,0.0,0.0,0.0641300569048013,False
min_temperature,fault_density,structure,-0.12995080510005946,0.12995080510005946,1100,0.0,0.0,0.0,0.0,False,0.0,0.0,0.0,,0.14130953611456135,0.0,0.0,0.0635892912515526,False
max_temperature,regional_gravity_anomaly,geophysics,-0.12980672699968207,0.12980672699968207,1100,0.0,0.0,0.0,0.0,False,0.0,0.0,0.0,,0.14115281377928993,0.0,0.0,0.06351876620068046,False
min_temperature,deep_gravity_source_strength,geophysics,0.1286202501138312,0.1286202501138312,1100,0.0,0.0,0.0,0.0,False,0.0,0.0,0.0,,0.13986221216940573,0.0,0.0,0.06293799547623258,False
max_temperature,fault_proximity,structure,-0.12759180702123907,0.12759180702123907,1100,0.0,0.0,0.0,0.0,False,0.0,0.0,0.0,,0.13874351333354779,0.0,0.0,0.0624345810000965,False
vapor_pressure,sedimentary_geology,geology,-0.12734873484064613,0.12734873484064613,1100,0.0,0.0,0.0,0.0,False,0.0,0.0,0.0,,0.1384791092382532,0.0,0.0,0.06231559915721395,False
actual_evapotranspiration,felsic_intermediate_geology,geology,0.12636847681815874,0.12636847681815874,1100,0.0,0.0,0.0,0.0,False,0.0,0.0,0.0,,0.13741282417445538,0.0,0.0,0.06183577087850493,False
potential_evapotranspiration,igneous_geology,geology,-0.12585001498249623,0.12585001498249623,1100,0.0,0.0,0.0,0.0,False,0.0,0.0,0.0,,0.13684886234110732,0.0,0.0,0.0615819880534983,False
aridity,W_Re_pathfinder,geochemistry,-0.12396076996303475,0.12396076996303475,1100,0.0,0.0,0.0,0.0,False,0.0,0.0,0.0,,0.13479381795494202,0.0,0.0,0.060657218079723914,False
water_balance,W_Re_pathfinder,geochemistry,-0.12374702932236531,0.12374702932236531,1100,0.0,0.0,0.0,0.0,False,0.0,0.0,0.0,,0.13456131952346367,0.0,0.0,0.060552593785558655,False
precipitation,metamorphic_geology,geology,0.12234551040504585,0.12234551040504585,1100,0.0,0.0,0.0,0.0,False,0.0,0.0,0.0,,0.1330368038817801,0.0,0.0,0.05986656174680105,False
diurnal_temperature_range,intrusive_geology,geology,-0.11991871134937307,0.11991871134937307,1100,0.0,0.0,0.0,0.0,False,0.0,0.0,0.0,,0.1303970299380419,0.0,0.0,0.05867866347211885,False
min_temperature,carbonate_geology,geology,-0.1179533944286517,0.1179533944286517,1100,0.0,0.0,0.0,0.0,False,0.0,0.0,0.0,,0.1282592376118166,0.0,0.0,0.05771665692531747,False
vapor_pressure,igneous_geology,geology,-0.1174231360242076,0.1174231360242076,1100,0.0,0.0,0.0,0.0,False,0.0,0.0,0.0,,0.12768244394765732,0.0,0.0,0.057457099776445794,False
evapotranspiration_ratio,W_Re_pathfinder,geochemistry,-0.11706525952873176,0.11706525952873176,1100,0.0,0.0,0.0,0.0,False,0.0,0.0,0.0,,0.12729316035797356,0.0,0.0,0.0572819221610881,False
mean_temperature,deep_regional_gravity_anomaly,geophysics,0.11635800810632631,0.11635800810632631,1095,0.0,0.0,0.0,0.0,False,0.0,0.0,0.0,,0.126523840841315,0.0,0.0,0.056935728378591746,False
water_deficit,W_Re_pathfinder,geochemistry,0.1159082429944147,0.1159082429944147,1100,0.0,0.0,0.0,0.0,False,0.0,0.0,0.0,,0.12603460452796986,0.0,0.0,0.05671557203758644,False
wind_speed,Pb_Zn_background,geochemistry,0.11554743195771248,0.11554743195771248,1100,0.0,0.0,0.0,0.0,False,0.0,0.0,0.0,,0.12564212886292736,0.0,0.0,0.05653895798831731,False
wind_speed,terrain_relief,terrain,-0.11539100411969513,0.11539100411969513,1028,0.0,0.0,0.0,0.0,False,0.0,0.0,0.0,,0.12547197298211463,0.0,0.0,0.05646238784195158,False
runoff,felsic_intermediate_geology,geology,0.1143936342285951,0.1143936342285951,1100,0.0,0.0,0.0,0.0,False,0.0,0.0,0.0,,0.1243870743191452,0.0,0.0,0.05597418344361534,False
snow_influence,Pb_Zn_background,geochemistry,0.11423637340160868,0.11423637340160868,1100,0.0,0.0,0.0,0.0,False,0.0,0.0,0.0,,0.12421601234659371,0.0,0.0,0.055897205555967173,False
potential_evapotranspiration,W_Re_pathfinder,geochemistry,0.11359235790948756,0.11359235790948756,1100,0.0,0.0,0.0,0.0,False,0.0,0.0,0.0,,0.12351547831948047,0.0,0.0,0.05558196524376621,False
diurnal_temperature_range,Cu_anomaly,geochemistry,0.1125418459221543,0.1125418459221543,1100,0.0,0.0,0.0,0.0,False,0.0,0.0,0.0,,0.12237277383174602,0.0,0.0,0.055067748224285715,False
mean_temperature,shallow_gravity_source_strength,geophysics,0.11218547093732392,0.11218547093732392,1100,0.0,0.0,0.0,0.0,False,0.0,0.0,0.0,,0.12198512352466508,0.0,0.0,0.054893305586099284,False
wind_speed,Au_anomaly,geochemistry,0.11199366401431236,0.11199366401431236,1098,0.0,0.0,0.0,0.0,False,0.0,0.0,0.0,,0.12177648370489469,0.0,0.0,0.05479941766720261,False
mean_temperature,As_Sb_Bi_pathfinder,geochemistry,-0.1110969764052897,0.1110969764052897,1100,0.0,0.0,0.0,0.0,False,0.0,0.0,0.0,,0.120801103159712,0.0,0.0,0.0543604964218704,False
max_temperature,sedimentary_geology,geology,-0.1110873822212319,0.1110873822212319,1100,0.0,0.0,0.0,0.0,False,0.0,0.0,0.0,,0.1207906669940031,0.0,0.0,0.054355800147301396,False
diurnal_temperature_range,felsic_intermediate_geology,geology,-0.11030834968766202,0.11030834968766202,1100,0.0,0.0,0.0,0.0,False,0.0,0.0,0.0,,0.11994326688535586,0.0,0.0,0.05397447009841014,False
vapor_pressure_deficit,igneous_geology,geology,-0.1074834443753115,0.1074834443753115,1100,0.0,0.0,0.0,0.0,False,0.0,0.0,0.0,,0.11687044904341748,0.0,0.0,0.052591702069537866,False
solar_radiation,intrusive_geology,geology,-0.10533929226910448,0.10533929226910448,1100,0.0,0.0,0.0,0.0,False,0.0,0.0,0.0,,0.11453812702930347,0.0,0.0,0.05154215716318656,False
runoff,metamorphic_geology,geology,0.10324999381389571,0.10324999381389571,1100,0.0,0.0,0.0,0.0,False,0.0,0.0,0.0,,0.11226547260006249,0.0,0.0,0.050519462670028124,False
solar_radiation,felsic_intermediate_geology,geology,-0.10309777195760836,0.10309777195760836,1100,0.0,0.0,0.0,0.0,False,0.0,0.0,0.0,,0.11209989181620833,0.0,0.0,0.05044495131729375,False
snow_influence,sedimentary_geology,geology,0.10214860853058648,0.10214860853058648,1100,0.0,0.0,0.0,0.0,False,0.0,0.0,0.0,,0.11106743019679872,0.0,0.0,0.04998034358855943,False
solar_radiation,metamorphic_geology,geology,-0.1021220656288222,0.1021220656288222,1100,0.0,0.0,0.0,0.0,False,0.0,0.0,0.0,,0.11103855790088088,0.0,0.0,0.049967351055396396,False
soil_moisture,fault_proximity,structure,0.10003173692337086,0.10003173692337086,1100,0.0,0.0,0.0,0.0,False,0.0,0.0,0.0,,0.10876478280705931,0.0,0.0,0.04894415226317669,False
actual_evapotranspiration,metamorphic_geology,geology,0.09976411048300352,0.09976411048300352,1100,0.0,0.0,0.0,0.0,False,0.0,0.0,0.0,,0.10847366958024075,0.0,0.0,0.04881315131110834,False
actual_evapotranspiration,mafic_geology,geology,0.09962714443595748,0.09962714443595748,1100,0.0,0.09962714443595748,0.09962714443595748,1.0,False,0.0,0.0,0.0,,0.10832468344917903,0.0,0.0,0.04874610755213057,False
actual_evapotranspiration,W_Re_pathfinder,geochemistry,-0.09820905666313177,0.09820905666313177,1100,0.0,0.0,0.0,0.0,False,0.0,0.0,0.0,,0.10678214487603736,0.0,0.0,0.04805196519421681,False
wind_speed,felsic_intermediate_geology,geology,-0.09787236652453438,0.09787236652453438,1100,0.0,0.0,0.0,0.0,False,0.0,0.0,0.0,,0.10641590694920719,0.0,0.0,0.04788715812714324,False
actual_evapotranspiration,Pb_Zn_background,geochemistry,-0.09618750058620734,0.09618750058620734,1100,0.0,0.0,0.0,0.0,False,0.0,0.0,0.0,,0.1045831778683667,0.0,0.0,0.04706243004076501,False
diurnal_temperature_range,igneous_geology,geology,-0.09604940553196893,0.09604940553196893,1100,0.0,0.0,0.0,0.0,False,0.0,0.0,0.0,,0.10443296364890525,0.0,0.0,0.046994833642007364,False
water_balance,mafic_geology,geology,0.09528239516573073,0.09528239516573073,1100,0.0,0.0,0.0,0.0,False,0.0,0.0,0.0,,0.10359864076805536,0.0,0.0,0.046619388345624915,False
mean_temperature,carbonate_geology,geology,-0.09502034701729306,0.09502034701729306,1100,0.0,0.0,0.0,0.0,False,0.0,0.0,0.0,,0.10331359538177437,0.0,0.0,0.04649111792179847,False
aridity,mafic_geology,geology,0.09460335476180919,0.09460335476180919,1100,0.0,0.0,0.0,0.0,False,0.0,0.0,0.0,,0.10286000805727222,0.0,0.0,0.046287003625772496,False
solar_radiation,carbonate_geology,geology,0.09329214841653465,0.09329214841653465,1100,0.0,0.0,0.0,0.0,False,0.0,0.0,0.0,,0.10143373078185093,0.0,0.0,0.04564517885183292,False
evapotranspiration_ratio,mafic_geology,geology,0.09315317795160238,0.09315317795160238,1100,0.0,0.0,0.0,0.0,False,0.0,0.0,0.0,,0.1012825643260128,0.0,0.0,0.045577153946705765,False
vapor_pressure,intrusive_geology,geology,-0.09297671209437895,0.09297671209437895,1100,0.0,0.0,0.0,0.0,False,0.0,0.0,0.0,,0.10109061189766116,0.0,0.0,0.04549077535394753,False
water_deficit,mafic_geology,geology,-0.09263528822972981,0.09263528822972981,1100,0.0,0.0,0.0,0.0,False,0.0,0.0,0.0,,0.10071922481492583,0.0,0.0,0.045323651166716626,False
actual_evapotranspiration,shallow_gravity_source_proximity,geophysics,-0.09224726392970212,0.09224726392970212,1100,0.0,0.09224726392970212,0.09224726392970212,1.0,False,0.0,0.0,0.0,,0.10029714766174909,0.0,0.0,0.04513371644778709,False
vapor_pressure_deficit,Cu_anomaly,geochemistry,0.09211183196608226,0.09211183196608226,1100,0.0,0.0,0.0,0.0,False,0.0,0.0,0.0,,0.10014983024464473,0.0,0.0,0.04506742361009013,False
runoff,shallow_gravity_source_proximity,geophysics,-0.09184103218509425,0.09184103218509425,1100,0.0,0.0,0.0,0.0,False,0.0,0.0,0.0,,0.09985526518613642,0.0,0.0,0.04493486933376139,False
wind_speed,deep_gravity_gradient,geophysics,-0.09085660493894206,0.09085660493894206,1095,0.0,0.0,0.0,0.0,False,0.0,0.0,0.0,,0.0987844450093179,0.0,0.0,0.04445300025419306,False
wind_speed,intrusive_geology,geology,-0.09081123628387613,0.09081123628387613,1100,0.0,0.0,0.0,0.0,False,0.0,0.0,0.0,,0.0987350948197233,0.0,0.0,0.044430792668875486,False
precipitation,mafic_geology,geology,0.09036249291668126,0.09036249291668126,1100,0.0,0.0,0.0,0.0,False,0.0,0.0,0.0,,0.09824696991899147,0.0,0.0,0.044211136463546165,False
wind_speed,deep_gravity_source_strength,geophysics,-0.08966852817909945,0.08966852817909945,1100,0.0,0.0,0.0,0.0,False,0.0,0.0,0.0,,0.09749210312115777,0.0,0.0,0.043871446404521,False
runoff,mafic_geology,geology,0.08964773576982364,0.08964773576982364,1100,0.0,0.0,0.0,0.0,False,0.0,0.0,0.0,,0.09746948597858655,0.0,0.0,0.04386126869036395,False
vapor_pressure,metamorphic_geology,geology,-0.08872758547784777,0.08872758547784777,1100,0.0,0.0,0.0,0.0,False,0.0,0.0,0.0,,0.09646858367503443,0.0,0.0,0.043410862653765495,False
wind_speed,terrain_slope,terrain,-0.08855057030491056,0.08855057030491056,1027,0.0,0.0,0.0,0.0,False,0.0,0.0,0.0,,0.09627603372324767,0.0,0.0,0.04332421517546145,False
diurnal_temperature_range,metamorphic_geology,geology,-0.08763869106452363,0.08763869106452363,1100,0.0,0.0,0.0,0.0,False,0.0,0.0,0.0,,0.09528412833537372,0.0,0.0,0.04287785775091818,False
diurnal_temperature_range,fault_proximity,structure,-0.08722997211732865,0.08722997211732865,1100,0.0,0.0,0.0,0.0,False,0.0,0.0,0.0,,0.09483954038129679,0.0,0.0,0.04267779317158355,False
snow_influence,W_Re_pathfinder,geochemistry,0.08657510190584486,0.08657510190584486,1100,0.0,0.0,0.0,0.0,False,0.0,0.0,0.0,,0.0941271990291093,0.0,0.0,0.04235723956309919,False
snow_influence,Mo_anomaly,geochemistry,0.08638560374345639,0.08638560374345639,1100,0.0,0.0,0.0,0.0,False,0.0,0.0,0.0,,0.09392107058584573,0.0,0.0,0.04226448176363058,False
mean_temperature,W_Re_pathfinder,geochemistry,-0.08597905098746289,0.08597905098746289,1100,0.0,0.0,0.0,0.0,False,0.0,0.0,0.0,,0.09347883892702012,0.0,0.0,0.042065477517159056,False
snow_influence,shallow_gravity_source_density,geophysics,-0.08413529839791949,0.08413529839791949,1100,0.0,0.0,0.0,0.0,False,0.0,0.0,0.0,,0.09147327936773175,0.0,0.0,0.04116297571547929,False
vapor_pressure,felsic_intermediate_geology,geology,-0.08387757996919312,0.08387757996919312,1100,0.0,0.0,0.0,0.0,False,0.0,0.0,0.0,,0.09119294367558504,0.0,0.0,0.041036824654013274,False
potential_evapotranspiration,mafic_geology,geology,-0.08371557432002241,0.08371557432002241,1100,0.0,0.0,0.0,0.0,False,0.0,0.0,0.0,,0.09101672047720381,0.0,0.0,0.04095752421474172,False
wind_speed,Cu_anomaly,geochemistry,0.081919606118509,0.081919606118509,1100,0.0,0.0,0.0,0.0,False,0.0,0.0,0.0,,0.08906313884420654,0.0,0.0,0.040078412479892946,False
mean_temperature,Mo_anomaly,geochemistry,-0.08092824045183712,0.08092824045183712,1100,0.0,0.0,0.0,0.0,False,0.0,0.0,0.0,,0.0879847713339342,0.0,0.0,0.03959314710027039,False
precipitation,shallow_gravity_source_proximity,geophysics,-0.08057487215837288,0.08057487215837288,1100,0.0,0.0,0.0,0.0,False,0.0,0.0,0.0,,0.08760039158421837,0.0,0.0,0.03942017621289827,False
potential_evapotranspiration,fault_proximity,structure,-0.07840535387330316,0.07840535387330316,1100,0.0,0.0,0.0,0.0,False,0.0,0.0,0.0,,0.08524047726580648,0.0,0.0,0.03835821476961292,False
min_temperature,Cu_anomaly,geochemistry,-0.07820444698143822,0.07820444698143822,1100,0.0,0.0,0.0,0.0,False,0.0,0.0,0.0,,0.0850219388676549,0.0,0.0,0.038259872490444706,False
solar_radiation,unconsolidated_cover,geology,0.0781188674972308,0.0781188674972308,1100,0.0,0.0,0.0,0.0,False,0.0,0.0,0.0,,0.08492884896307412,0.0,0.0,0.038217982033383356,False
snow_influence,carbonate_geology,geology,0.07738411961728,0.07738411961728,1100,0.0,0.0,0.0,0.0,False,0.0,0.0,0.0,,0.08412961991105304,0.0,0.0,0.03785832895997387,False
max_temperature,terrain_elevation,terrain,-0.07683661482627428,0.07683661482627428,1028,0.0,0.0,0.0,0.0,False,0.0,0.0,0.0,,0.08353406632453327,0.0,0.0,0.03759032984603997,False
water_balance,fault_proximity,structure,0.07593216257123986,0.07593216257123986,1100,0.0,0.0,0.0,0.0,False,0.0,0.0,0.0,,0.08255023971119496,0.0,0.0,0.037147607870037735,False
water_deficit,fault_proximity,structure,-0.0757346208072558,0.0757346208072558,1100,0.0,0.0,0.0,0.0,False,0.0,0.0,0.0,,0.08233536176316453,0.0,0.0,0.03705091279342404,False
wind_speed,terrain_roughness,terrain,-0.07545842213259447,0.07545842213259447,1028,0.0,0.0,0.0,0.0,False,0.0,0.0,0.0,,0.08203492400629228,0.0,0.0,0.036915715802831525,False
soil_moisture,mafic_geology,geology,0.07542890440672662,0.07542890440672662,1100,0.0,0.0,0.0,0.0,False,0.0,0.0,0.0,,0.08200281581692974,0.0,0.0,0.03690126711761838,False
max_temperature,mafic_geology,geology,-0.07419165143282105,0.07419165143282105,1100,0.0,0.0,0.0,0.0,False,0.0,0.0,0.0,,0.08065698203036471,0.0,0.0,0.03629564191366412,False
mean_temperature,mafic_geology,geology,-0.07312704400485343,0.07312704400485343,1100,0.0,0.0,0.0,0.0,False,0.0,0.0,0.0,,0.079498945091917,0.0,0.0,0.03577452529136265,False
soil_moisture,metamorphic_geology,geology,0.07065471294592213,0.07065471294592213,1100,0.0,0.0,0.0,0.0,False,0.0,0.0,0.0,,0.07680964327502132,0.0,0.0,0.034564339473759594,False
vapor_pressure_deficit,fault_proximity,structure,-0.06996672580168391,0.06996672580168391,1100,0.0,0.0,0.0,0.0,False,0.0,0.0,0.0,,0.07606127866166712,0.0,0.0,0.034227575397750204,False
aridity,shallow_gravity_source_proximity,geophysics,-0.06970153980022298,0.06970153980022298,1100,0.0,0.0,0.0,0.0,False,0.0,0.0,0.0,,0.07577282004567075,0.0,0.0,0.03409776902055184,False
vapor_pressure_deficit,deep_gravity_source_proximity,geophysics,0.06921560666404833,0.06921560666404833,1100,0.0,0.06921560666404833,0.06921560666404833,1.0,False,0.0,0.0,0.0,,0.07524424161711304,0.0,0.0,0.03385990872770087,False
potential_evapotranspiration,deep_gravity_source_proximity,geophysics,0.0687780807515282,0.0687780807515282,1100,0.0,0.0,0.0,0.0,False,0.0,0.0,0.0,,0.07476831861026949,0.0,0.0,0.03364574337462127,False
diurnal_temperature_range,shallow_gravity_source_proximity,geophysics,0.06784549429974737,0.06784549429974737,1100,0.0,0.0,0.0,0.0,False,0.0,0.0,0.0,,0.07375388875463736,0.0,0.0,0.03318924993958681,False
max_temperature,carbonate_geology,geology,-0.06681858912717348,0.06681858912717348,1100,0.0,0.0,0.0,0.0,False,0.0,0.0,0.0,,0.07263686280602662,0.0,0.0,0.03268658826271198,False
evapotranspiration_ratio,fault_proximity,structure,0.06578424897667626,0.06578424897667626,1100,0.0,0.0,0.0,0.0,False,0.0,0.0,0.0,,0.07151174938888467,0.0,0.0,0.032180287224998105,False
max_temperature,As_Sb_Bi_pathfinder,geochemistry,0.06560979363780635,0.06560979363780635,1100,0.0,0.0,0.0,0.0,False,0.0,0.0,0.0,,0.07132198392115124,0.0,0.0,0.03209489276451806,False
aridity,fault_proximity,structure,0.06528997140071548,0.06528997140071548,1100,0.0,0.0,0.0,0.0,False,0.0,0.0,0.0,,0.07097409421593356,0.0,0.0,0.031938342397170104,False
evapotranspiration_ratio,shallow_gravity_source_proximity,geophysics,-0.06484875294792053,0.06484875294792053,1100,0.0,0.0,0.0,0.0,False,0.0,0.0,0.0,,0.07049415461299775,0.0,0.0,0.03172236957584899,False
vapor_pressure_deficit,mafic_geology,geology,-0.06445460090627284,0.06445460090627284,1100,0.0,0.0,0.0,0.0,False,0.0,0.0,0.0,,0.07006541195011405,0.0,0.0,0.031529435377551325,False
vapor_pressure,shallow_gravity_source_strength,geophysics,-0.06435689013170642,0.06435689013170642,1100,0.0,0.0,0.0,0.0,False,0.0,0.0,0.0,,0.06995912611811657,0.0,0.0,0.03148160675315246,False
potential_evapotranspiration,Cu_anomaly,geochemistry,0.06375504514766567,0.06375504514766567,1100,0.0,0.0,0.0,0.0,False,0.0,0.0,0.0,,0.06930446346554689,0.0,0.0,0.0311870085594961,False
snow_influence,deep_gravity_source_density,geophysics,0.062059806805893174,0.062059806805893174,1100,0.0,0.062059806805893174,0.062059806805893174,1.0,False,0.0,0.0,0.0,,0.06746045170339612,0.0,0.0,0.030357203266528257,False
solar_radiation,igneous_geology,geology,-0.06129497170187536,0.06129497170187536,1100,0.0,0.0,0.0,0.0,False,0.0,0.0,0.0,,0.06662849498488536,0.0,0.0,0.029982822743198415,False
min_temperature,gravity_gradient,geophysics,0.06050450460932469,0.06050450460932469,1095,0.0,0.0,0.0,0.0,False,0.0,0.0,0.0,,0.06576865682505911,0.0,0.0,0.029595895571276603,False
aridity,shallow_gravity_source_strength,geophysics,0.057444149027224244,0.057444149027224244,1100,0.0,0.0,0.0,0.0,False,0.0,0.0,0.0,,0.06243972569443327,0.0,0.0,0.02809787656249497,False
actual_evapotranspiration,shallow_gravity_source_strength,geophysics,0.05721196394379436,0.05721196394379436,1100,0.0,0.0,0.0,0.0,False,0.0,0.0,0.0,,0.06218716414347578,0.0,0.0,0.027984223864564103,False
water_balance,shallow_gravity_source_proximity,geophysics,-0.05633928060144999,0.05633928060144999,1100,0.0,0.0,0.0,0.0,False,0.0,0.0,0.0,,0.06123789446955283,0.0,0.0,0.027557052511298773,False
water_deficit,deep_gravity_source_proximity,geophysics,0.05574570581009232,0.05574570581009232,1100,0.0,0.0,0.0,0.0,False,0.0,0.0,0.0,,0.06059222779837826,0.0,0.0,0.027266502509270218,False
evapotranspiration_ratio,shallow_gravity_source_strength,geophysics,0.05515809084783456,0.05515809084783456,1100,0.0,0.0,0.0,0.0,False,0.0,0.0,0.0,,0.05995304398845679,0.0,0.0,0.026978869794805557,False
evapotranspiration_ratio,sedimentary_geology,geology,0.054573877611153315,0.054573877611153315,1100,0.0,0.0,0.0,0.0,False,0.0,0.0,0.0,,0.059317560438150826,0.0,0.0,0.026692902197167873,False
min_temperature,mafic_geology,geology,-0.054568342103451344,0.054568342103451344,1100,0.0,0.0,0.0,0.0,False,0.0,0.0,0.0,,0.05931153913656721,0.0,0.0,0.026690192611455246,False
water_balance,shallow_gravity_source_strength,geophysics,0.054281320426032335,0.054281320426032335,1100,0.0,0.0,0.0,0.0,False,0.0,0.0,0.0,,0.05899932855466196,0.0,0.0,0.026549697849597882,False
wind_speed,igneous_geology,geology,-0.054204437208339167,0.054204437208339167,1100,0.0,0.0,0.0,0.0,False,0.0,0.0,0.0,,0.05891569809737182,0.0,0.0,0.02651206414381732,False
water_deficit,shallow_gravity_source_proximity,geophysics,0.053955111495090816,0.053955111495090816,1100,0.0,0.0,0.0,0.0,False,0.0,0.0,0.0,,0.058644491661965295,0.0,0.0,0.026390021247884383,False
snow_influence,Ag_anomaly,geochemistry,0.0538393312385944,0.0538393312385944,1100,0.0,0.0,0.0,0.0,False,0.0,0.0,0.0,,0.05851855057772755,0.0,0.0,0.026333347759977397,False
soil_moisture,carbonate_geology,geology,-0.05358946104362679,0.05358946104362679,1100,0.0,0.0,0.0,0.0,False,0.0,0.0,0.0,,0.05824675187710979,0.0,0.0,0.026211038344699403,False
solar_radiation,deep_gravity_source_proximity,geophysics,0.05356785022989884,0.05356785022989884,1100,0.0,0.0,0.0,0.0,False,0.0,0.0,0.0,,0.058223244507247966,0.0,0.0,0.026200460028261586,False
solar_radiation,fault_proximity,structure,-0.05342191169308973,0.05342191169308973,1100,0.0,0.0,0.0,0.0,False,0.0,0.0,0.0,,0.058064498464407935,0.0,0.0,0.026129024308983572,False
solar_radiation,sedimentary_geology,geology,0.05301962970100428,0.05301962970100428,1100,0.0,0.0,0.0,0.0,False,0.0,0.0,0.0,,0.05762691236997629,0.0,0.0,0.02593211056648933,False
max_temperature,deep_gravity_source_proximity,geophysics,0.05248064969921257,0.05248064969921257,1100,0.0,0.0,0.0,0.0,False,0.0,0.0,0.0,,0.05704063170466949,0.0,0.0,0.02566828426710127,False
soil_moisture,shallow_gravity_source_proximity,geophysics,-0.05229433820689218,0.05229433820689218,1100,0.0,0.0,0.0,0.0,False,0.0,0.0,0.0,,0.056837969592329916,0.0,0.0,0.025577086316548463,False
water_deficit,Cu_anomaly,geochemistry,0.05212993950731291,0.05212993950731291,1100,0.0,0.0,0.0,0.0,False,0.0,0.0,0.0,,0.05665914333041945,0.0,0.0,0.025496614498688754,False
max_temperature,Pb_Zn_background,geochemistry,0.05192462239442426,0.05192462239442426,1100,0.0,0.0,0.0,0.0,False,0.0,0.0,0.0,,0.05643580767205908,0.0,0.0,0.025396113452426587,False
mean_temperature,Pb_Zn_background,geochemistry,-0.051105574330440835,0.051105574330440835,1100,0.0,0.0,0.0,0.0,False,0.0,0.0,0.0,,0.055544880286489746,0.0,0.0,0.024995196128920386,False
soil_moisture,Cu_anomaly,geochemistry,-0.05096667519602519,0.05096667519602519,1100,0.0,0.0,0.0,0.0,False,0.0,0.0,0.0,,0.05539379142110507,0.0,0.0,0.024927206139497282,False
runoff,fault_proximity,structure,0.050380324024661145,0.050380324024661145,1100,0.0,0.0,0.0,0.0,False,0.0,0.0,0.0,,0.05475598231184692,0.0,0.0,0.024640192040331115,False
water_balance,deep_gravity_source_proximity,geophysics,-0.04980304721234357,0.04980304721234357,1100,0.0,0.0,0.0,0.0,False,0.0,0.0,0.0,,0.054128043923656916,0.0,0.0,0.024357619765645613,False
water_balance,Cu_anomaly,geochemistry,-0.04967417150675475,0.04967417150675475,1100,0.0,0.0,0.0,0.0,False,0.0,0.0,0.0,,0.053987858139094735,0.0,0.0,0.024294536162592632,False
wind_speed,deep_gravity_source_density,geophysics,-0.049110740510757374,0.049110740510757374,1100,0.0,0.0,0.0,0.0,False,0.0,0.0,0.0,,0.05337498067037658,0.0,0.0,0.024018741301669463,False
evapotranspiration_ratio,deep_gravity_source_proximity,geophysics,-0.04885296274316027,0.04885296274316027,1100,0.0,0.0,0.0,0.0,False,0.0,0.0,0.0,,0.05309458043180421,0.0,0.0,0.023892561194311896,False
aridity,sedimentary_geology,geology,0.048475259002263654,0.048475259002263654,1100,0.0,0.0,0.0,0.0,False,0.0,0.0,0.0,,0.05268372956578766,0.0,0.0,0.023707678304604445,False
mean_temperature,gravity_gradient,geophysics,0.048441949071616884,0.048441949071616884,1095,0.0,0.0,0.0,0.0,False,0.0,0.0,0.0,,0.052647496369312846,0.0,0.0,0.02369137336619078,False
potential_evapotranspiration,shallow_gravity_source_proximity,geophysics,0.04766915403273485,0.04766915403273485,1100,0.0,0.0,0.0,0.0,False,0.0,0.0,0.0,,0.05180688115532456,0.0,0.0,0.02331309651989605,False
actual_evapotranspiration,carbonate_geology,geology,-0.04643960745480309,0.04643960745480309,1100,0.0,0.0,0.0,0.0,False,0.0,0.0,0.0,,0.0504694300748778,0.0,0.0,0.02271124353369501,False
snow_influence,mafic_geology,geology,0.04601991050556297,0.04601991050556297,1100,0.0,0.0,0.0,0.0,False,0.0,0.0,0.0,,0.050012900693806595,0.0,0.0,0.022505805312212968,False
wind_speed,unconsolidated_cover,geology,0.0454541884329173,0.0454541884329173,1100,0.0,0.0,0.0,0.0,False,0.0,0.0,0.0,,0.04939753108449479,0.0,0.0,0.022228888988022655,False
max_temperature,Mo_anomaly,geochemistry,0.045419708320775666,0.045419708320775666,1100,0.0,0.0,0.0,0.0,False,0.0,0.0,0.0,,0.0493600250118779,0.0,0.0,0.022212011255345058,False
water_deficit,shallow_gravity_source_strength,geophysics,-0.04521391320124838,0.04521391320124838,1100,0.0,0.0,0.0,0.0,False,0.0,0.0,0.0,,0.04913616939721267,0.0,0.0,0.022111276228745702,False
soil_moisture,sedimentary_geology,geology,-0.044378901616153564,0.044378901616153564,1100,0.0,0.0,0.0,0.0,False,0.0,0.0,0.0,,0.0482278775384779,0.0,0.0,0.021702544892315052,False
actual_evapotranspiration,deep_gravity_source_density,geophysics,0.04427884046289593,0.04427884046289593,1100,0.0,0.0,0.0,0.0,False,0.0,0.0,0.0,,0.048119035059520913,0.0,0.0,0.02165356577678441,False
precipitation,shallow_gravity_source_strength,geophysics,0.04369922464723658,0.04369922464723658,1100,0.0,0.0,0.0,0.0,False,0.0,0.0,0.0,,0.047488552398016845,0.0,0.0,0.02136984857910758,False
vapor_pressure_deficit,shallow_gravity_source_proximity,geophysics,0.043639512820749245,0.043639512820749245,1100,0.0,0.0,0.0,0.0,False,0.0,0.0,0.0,,0.047423600286169834,0.0,0.0,0.021340620128776425,False
diurnal_temperature_range,mafic_geology,geology,-0.042972749238863475,0.042972749238863475,1100,0.0,0.0,0.0,0.0,False,0.0,0.0,0.0,,0.04669832180628034,0.0,0.0,0.021014244812826155,False
runoff,shallow_gravity_source_strength,geophysics,0.04292681840106911,0.04292681840106911,1100,0.0,0.0,0.0,0.0,False,0.0,0.0,0.0,,0.046648360097032014,0.0,0.0,0.020991762043664406,False
wind_speed,shallow_gravity_source_strength,geophysics,0.04275353622099548,0.04275353622099548,1100,0.0,0.0,0.0,0.0,False,0.0,0.0,0.0,,0.046459870744028825,0.0,0.0,0.02090694183481297,False
vapor_pressure,gravity_gradient,geophysics,-0.04104815037865875,0.04104815037865875,1095,0.0,0.0,0.0,0.0,False,0.0,0.0,0.0,,0.04460482094083344,0.0,0.0,0.02007216942337505,False
aridity,deep_gravity_source_proximity,geophysics,-0.04097347116977968,0.04097347116977968,1100,0.0,0.0,0.0,0.0,False,0.0,0.0,0.0,,0.04452358791526541,0.0,0.0,0.020035614561869433,False
precipitation,fault_proximity,structure,0.04084264140278519,0.04084264140278519,1100,0.0,0.0,0.0,0.0,False,0.0,0.0,0.0,,0.04438127658167143,0.0,0.0,0.019971574461752146,False
soil_moisture,deep_gravity_source_proximity,geophysics,-0.04057379228673099,0.04057379228673099,1100,0.0,0.0,0.0,0.0,False,0.0,0.0,0.0,,0.044088833377650086,0.0,0.0,0.01983997501994254,False
solar_radiation,shallow_gravity_source_proximity,geophysics,0.03974867800789404,0.03974867800789404,1100,0.0,0.0,0.0,0.0,False,0.0,0.0,0.0,,0.04319130740870401,0.0,0.0,0.019436088333916808,False
vapor_pressure,deep_gravity_source_proximity,geophysics,-0.03942478962884733,0.03942478962884733,1100,0.0,0.0,0.0,0.0,False,0.0,0.0,0.0,,0.04283899471858304,0.0,0.0,0.019277547623362368,False
vapor_pressure,shallow_gravity_source_proximity,geophysics,-0.03894337491713831,0.03894337491713831,1100,0.0,0.0,0.0,0.0,False,0.0,0.0,0.0,,0.042315331249565664,0.0,0.0,0.019041899062304548,False
actual_evapotranspiration,fault_proximity,structure,0.03884778862322835,0.03884778862322835,1100,0.0,0.0,0.0,0.0,False,0.0,0.0,0.0,,0.04221135634177419,0.0,0.0,0.018995110353798385,False
mean_temperature,deep_gravity_source_strength,geophysics,-0.03878916040167272,0.03878916040167272,1100,0.0,0.0,0.0,0.0,False,0.0,0.0,0.0,,0.04214758293158248,0.0,0.0,0.018966412319212117,False
diurnal_temperature_range,deep_gravity_source_proximity,geophysics,0.03793941310203932,0.03793941310203932,1100,0.0,0.0,0.0,0.0,False,0.0,0.0,0.0,,0.04122326215805544,0.0,0.0,0.01855046797112495,False
water_balance,gravity_gradient,geophysics,0.037763676385282795,0.037763676385282795,1095,0.0,0.0,0.0,0.0,False,0.0,0.0,0.0,,0.04103210285923852,0.0,0.0,0.018464446286657336,False
min_temperature,deep_gravity_source_density,geophysics,-0.03692537699096844,0.03692537699096844,1100,0.0,0.0,0.0,0.0,False,0.0,0.0,0.0,,0.04012023465449791,0.0,0.0,0.01805410559452406,False
wind_speed,sedimentary_geology,geology,0.03630605386867606,0.03630605386867606,1100,0.0,0.0,0.0,0.0,False,0.0,0.0,0.0,,0.03944655998944461,0.0,0.0,0.017750951995250074,False
min_temperature,shallow_gravity_source_proximity,geophysics,-0.035794958651574255,0.035794958651574255,1100,0.0,0.0,0.0,0.0,False,0.0,0.0,0.0,,0.03889061126607553,0.0,0.0,0.01750077506973399,False
evapotranspiration_ratio,gravity_gradient,geophysics,0.03492473112147021,0.03492473112147021,1095,0.0,0.0,0.0,0.0,False,0.0,0.0,0.0,,0.03794401292546613,0.0,0.0,0.01707480581645976,False
snow_influence,Cu_anomaly,geochemistry,-0.03492046959382605,0.03492046959382605,1100,0.0,0.0,0.0,0.0,False,0.0,0.0,0.0,,0.03793937740790679,0.0,0.0,0.017072719833558056,False
precipitation,deep_gravity_source_proximity,geophysics,-0.03451552085886752,0.03451552085886752,1100,0.0,0.0,0.0,0.0,False,0.0,0.0,0.0,,0.037498890538343155,0.0,0.0,0.01687450074225442,False
potential_evapotranspiration,sedimentary_geology,geology,-0.03437182891783216,0.03437182891783216,1100,0.0,0.0,0.0,0.0,False,0.0,0.0,0.0,,0.03734258825159896,0.0,0.0,0.016804164713219532,False
precipitation,deep_gravity_source_density,geophysics,0.0335519574249994,0.0335519574249994,1100,0.0,0.0,0.0,0.0,False,0.0,0.0,0.0,,0.03645076517340278,0.0,0.0,0.01640284432803125,False
water_balance,sedimentary_geology,geology,0.03343864320811621,0.03343864320811621,1100,0.0,0.0,0.0,0.0,False,0.0,0.0,0.0,,0.03632750654740154,0.0,0.0,0.016347377946330694,False
mean_temperature,deep_gravity_source_proximity,geophysics,0.033408199823584915,0.033408199823584915,1100,0.0,0.0,0.0,0.0,False,0.0,0.0,0.0,,0.036294391463951574,0.0,0.0,0.016332476158778208,False
water_balance,carbonate_geology,geology,-0.033187534839373464,0.033187534839373464,1100,0.0,0.0,0.0,0.0,False,0.0,0.0,0.0,,0.03605436101138684,0.0,0.0,0.01622446245512408,False
water_deficit,gravity_gradient,geophysics,-0.03299015789095786,0.03299015789095786,1095,0.0,0.0,0.0,0.0,False,0.0,0.0,0.0,,0.03583966234307142,0.0,0.0,0.016127848054382138,False
mean_temperature,deep_gravity_source_density,geophysics,-0.03242223425124311,0.03242223425124311,1100,0.0,0.0,0.0,0.0,False,0.0,0.0,0.0,,0.03522189795806908,0.0,0.0,0.015849854081131085,False
water_deficit,carbonate_geology,geology,0.032101684376619505,0.032101684376619505,1100,0.0,0.0,0.0,0.0,False,0.0,0.0,0.0,,0.034873216758147745,0.0,0.0,0.015692947541166485,False
actual_evapotranspiration,Cu_anomaly,geochemistry,0.03144551739261223,0.03144551739261223,1100,0.0,0.0,0.0,0.0,False,0.0,0.0,0.0,,0.0341594648292129,0.0,0.0,0.015371759173145805,False
aridity,gravity_gradient,geophysics,0.03106101998300507,0.03106101998300507,1095,0.0,0.0,0.0,0.0,False,0.0,0.0,0.0,,0.03374122408491097,0.0,0.0,0.015183550838209936,False
runoff,carbonate_geology,geology,-0.030638427331148226,0.030638427331148226,1100,0.0,0.0,0.0,0.0,False,0.0,0.0,0.0,,0.03328154487555111,0.0,0.0,0.014976695193997998,False
snow_influence,shallow_gravity_source_proximity,geophysics,0.030584531511832044,0.030584531511832044,1100,0.0,0.0,0.0,0.0,False,0.0,0.0,0.0,,0.033222919181275054,0.0,0.0,0.014950313631573774,False
aridity,deep_gravity_source_density,geophysics,0.029773405226220274,0.029773405226220274,1100,0.0,0.0,0.0,0.0,False,0.0,0.0,0.0,,0.03234060878609258,0.0,0.0,0.01455327395374166,False
wind_speed,gravity_gradient,geophysics,0.028795821572133076,0.028795821572133076,1095,0.0,0.0,0.0,0.0,False,0.0,0.0,0.0,,0.03127723279216697,0.0,0.0,0.014074754756475138,False
runoff,deep_gravity_source_proximity,geophysics,-0.028636674529690355,0.028636674529690355,1100,0.0,0.0,0.0,0.0,False,0.0,0.0,0.0,,0.0311041190706657,0.0,0.0,0.013996853581799565,False
precipitation,carbonate_geology,geology,-0.027895978145186736,0.027895978145186736,1100,0.0,0.0,0.0,0.0,False,0.0,0.0,0.0,,0.03029841947577621,0.0,0.0,0.013634288764099296,False
vapor_pressure,mafic_geology,geology,-0.02731917698070497,0.02731917698070497,1100,0.0,0.0,0.0,0.0,False,0.0,0.0,0.0,,0.029670998478080666,0.0,0.0,0.013351949315136299,False
runoff,Cu_anomaly,geochemistry,-0.026663728392528997,0.026663728392528997,1100,0.0,0.0,0.0,0.0,False,0.0,0.0,0.0,,0.028958027991100126,0.0,0.0,0.013031112595995056,False
aridity,Cu_anomaly,geochemistry,-0.026377094464301136,0.026377094464301136,1100,0.0,0.0,0.0,0.0,False,0.0,0.0,0.0,,0.028646239187095725,0.0,0.0,0.012890807634193077,False
max_temperature,shallow_gravity_source_strength,geophysics,0.02608377641163301,0.02608377641163301,1100,0.0,0.0,0.0,0.0,False,0.0,0.0,0.0,,0.028327179662636374,0.0,0.0,0.012747230848186368,False
precipitation,sedimentary_geology,geology,0.025992352560988467,0.025992352560988467,1100,0.0,0.0,0.0,0.0,False,0.0,0.0,0.0,,0.028227732492421137,0.0,0.0,0.012702479621589512,False
max_temperature,shallow_gravity_source_proximity,geophysics,0.025789778951623463,0.025789778951623463,1100,0.0,0.0,0.0,0.0,False,0.0,0.0,0.0,,0.028007381106326463,0.0,0.0,0.012603321497846908,False
potential_evapotranspiration,shallow_gravity_source_strength,geophysics,-0.02556633430788152,0.02556633430788152,1100,0.0,0.0,0.0,0.0,False,0.0,0.0,0.0,,0.02776432705245288,0.0,0.0,0.012493947173603796,False
evapotranspiration_ratio,deep_gravity_source_density,geophysics,0.02488814023872308,0.02488814023872308,1100,0.0,0.0,0.0,0.0,False,0.0,0.0,0.0,,0.02702661495042393,0.0,0.0,0.01216197672769077,False
runoff,deep_gravity_source_density,geophysics,0.024705209842983696,0.024705209842983696,1100,0.0,0.0,0.0,0.0,False,0.0,0.0,0.0,,0.026827630658312167,0.0,0.0,0.012072433796240475,False
vapor_pressure,deep_gravity_source_density,geophysics,-0.024340515459753912,0.024340515459753912,1100,0.0,0.0,0.0,0.0,False,0.0,0.0,0.0,,0.026430930845846332,0.0,0.0,0.01189391888063085,False
soil_moisture,shallow_gravity_source_strength,geophysics,0.024224903892500378,0.024224903892500378,1100,0.0,0.0,0.0,0.0,False,0.0,0.0,0.0,,0.026305173254950118,0.0,0.0,0.011837327964727553,False
solar_radiation,shallow_gravity_source_strength,geophysics,0.02379871138884467,0.02379871138884467,1100,0.0,0.0,0.0,0.0,False,0.0,0.0,0.0,,0.025841578272276535,0.0,0.0,0.01162871022252444,False
actual_evapotranspiration,gravity_gradient,geophysics,0.023684741209243024,0.023684741209243024,1095,0.0,0.0,0.0,0.0,False,0.0,0.0,0.0,,0.02571760611653817,0.0,0.0,0.011572922752442176,False
evapotranspiration_ratio,Cu_anomaly,geochemistry,-0.02346337878599609,0.02346337878599609,1100,0.0,0.0,0.0,0.0,False,0.0,0.0,0.0,,0.02547681701797475,0.0,0.0,0.011464567658088638,False
runoff,sedimentary_geology,geology,-0.022318845484188384,0.022318845484188384,1100,0.0,0.0,0.0,0.0,False,0.0,0.0,0.0,,0.024231839943836635,0.0,0.0,0.010904327974726485,False
aridity,carbonate_geology,geology,-0.022105586119352028,0.022105586119352028,1100,0.0,0.0,0.0,0.0,False,0.0,0.0,0.0,,0.02399986502476073,0.0,0.0,0.01079993926114233,False
potential_evapotranspiration,gravity_gradient,geophysics,-0.021501919463577428,0.021501919463577428,1095,0.0,0.0,0.0,0.0,False,0.0,0.0,0.0,,0.023343220831294288,0.0,0.0,0.01050444937408243,False
water_deficit,sedimentary_geology,geology,-0.021390036246478103,0.021390036246478103,1100,0.0,0.0,0.0,0.0,False,0.0,0.0,0.0,,0.02322151878903001,0.0,0.0,0.010449683455063506,False
diurnal_temperature_range,deep_gravity_source_density,geophysics,-0.020968337966497472,0.020968337966497472,1100,0.0,0.0,0.0,0.0,False,0.0,0.0,0.0,,0.02276281244125476,0.0,0.0,0.010243265598564642,False
solar_radiation,mafic_geology,geology,-0.020500892768402716,0.020500892768402716,1100,0.0,0.0,0.0,0.0,False,0.0,0.0,0.0,,0.022254344444626997,0.0,0.0,0.01001445500008215,False
vapor_pressure,fault_density,structure,-0.020314747737506078,0.020314747737506078,1100,0.0,0.0,0.0,0.0,False,0.0,0.0,0.0,,0.022051863402297325,0.0,0.0,0.009923338531033797,False
precipitation,Cu_anomaly,geochemistry,-0.019615410294762988,0.019615410294762988,1100,0.0,0.0,0.0,0.0,False,0.0,0.0,0.0,,0.02129115239290478,0.0,0.0,0.00958101857680715,False
evapotranspiration_ratio,carbonate_geology,geology,-0.018994892869704978,0.018994892869704978,1100,0.0,0.0,0.0,0.0,False,0.0,0.0,0.0,,0.020616178613565826,0.0,0.0,0.009277280376104622,False
soil_moisture,gravity_gradient,geophysics,0.01835575394824654,0.01835575394824654,1095,0.0,0.0,0.0,0.0,False,0.0,0.0,0.0,,0.01992094912295306,0.0,0.0,0.008964427105328878,False
vapor_pressure_deficit,sedimentary_geology,geology,-0.017942308032386313,0.017942308032386313,1100,0.0,0.0,0.0,0.0,False,0.0,0.0,0.0,,0.0194712193633829,0.0,0.0,0.008762048713522305,False
soil_moisture,deep_gravity_source_density,geophysics,0.017509676055743103,0.017509676055743103,1100,0.0,0.0,0.0,0.0,False,0.0,0.0,0.0,,0.01900061978221812,0.0,0.0,0.008550278901998155,False
water_balance,deep_gravity_source_density,geophysics,0.017183164581880753,0.017183164581880753,1100,0.0,0.0,0.0,0.0,False,0.0,0.0,0.0,,0.0186454537955582,0.0,0.0,0.00839045420800119,False
max_temperature,Cu_anomaly,geochemistry,0.017109407894958593,0.017109407894958593,1100,0.0,0.0,0.0,0.0,False,0.0,0.0,0.0,,0.01856522425209499,0.0,0.0,0.008354350913442745,False
max_temperature,Au_anomaly,geochemistry,0.016309706758317458,0.016309706758317458,1098,0.0,0.0,0.0,0.0,False,0.0,0.0,0.0,,0.017695341672262742,0.0,0.0,0.007962903752518234,False
diurnal_temperature_range,carbonate_geology,geology,0.016234363460099033,0.016234363460099033,1100,0.0,0.0,0.0,0.0,False,0.0,0.0,0.0,,0.017613386277147775,0.0,0.0,0.007926023824716499,False
max_temperature,deep_gravity_source_density,geophysics,-0.016087848062957,0.016087848062957,1100,0.0,0.0,0.0,0.0,False,0.0,0.0,0.0,,0.017454012748949012,0.0,0.0,0.007854305737027056,False
mean_temperature,Cu_anomaly,geochemistry,-0.015395881380211482,0.015395881380211482,1100,0.0,0.0,0.0,0.0,False,0.0,0.0,0.0,,0.01670131935442312,0.0,0.0,0.007515593709490403,False
water_deficit,deep_gravity_source_density,geophysics,-0.013591274837971975,0.013591274837971975,1100,0.0,0.0,0.0,0.0,False,0.0,0.0,0.0,,0.014738341283466726,0.0,0.0,0.006632253577560027,False
diurnal_temperature_range,shallow_gravity_source_strength,geophysics,-0.013583958245411242,0.013583958245411242,1100,0.0,0.0,0.0,0.0,False,0.0,0.0,0.0,,0.014730382589748915,0.0,0.0,0.006628672165387012,False
precipitation,gravity_gradient,geophysics,0.013471716215530156,0.013471716215530156,1095,0.0,0.0,0.0,0.0,False,0.0,0.0,0.0,,0.014608290245440567,0.0,0.0,0.006573730610448255,False
solar_radiation,gravity_gradient,geophysics,0.013376075233597429,0.013376075233597429,1095,0.0,0.0,0.0,0.0,False,0.0,0.0,0.0,,0.014504255850227915,0.0,0.0,0.006526915132602562,False
wind_speed,metamorphic_geology,geology,-0.012889373587978146,0.012889373587978146,1100,0.0,0.0,0.0,0.0,False,0.0,0.0,0.0,,0.013974841468152466,0.0,0.0,0.00628867866066861,False
actual_evapotranspiration,deep_gravity_source_proximity,geophysics,-0.011778967212451854,0.011778967212451854,1100,0.0,0.0,0.0,0.0,False,0.0,0.0,0.0,,0.012766986285325034,0.0,0.0,0.005745143828396265,False
potential_evapotranspiration,carbonate_geology,geology,0.011715046675514604,0.011715046675514604,1100,0.0,0.0,0.0,0.0,False,0.0,0.0,0.0,,0.012697456108328186,0.0,0.0,0.005713855248747684,False
vapor_pressure_deficit,carbonate_geology,geology,0.01093030911401929,0.01093030911401929,1100,0.0,0.0,0.0,0.0,False,0.0,0.0,0.0,,0.011843850300848712,0.0,0.0,0.00532973263538192,False
actual_evapotranspiration,sedimentary_geology,geology,0.009698130030643256,0.009698130030643256,1100,0.0,0.0,0.0,0.0,False,0.0,0.0,0.0,,0.010503535687361464,0.0,0.0,0.004726591059312659,False
mean_temperature,Ag_anomaly,geochemistry,-0.008958703409363427,0.008958703409363427,1100,0.0,0.0,0.0,0.0,False,0.0,0.0,0.0,,0.009699217289594598,0.0,0.0,0.004364647780317569,False
snow_influence,deep_gravity_source_proximity,geophysics,-0.00798974694609659,0.00798974694609659,1100,0.0,0.0,0.0,0.0,False,0.0,0.0,0.0,,0.00864522560521123,0.0,0.0,0.0038903515223450533,False
min_temperature,deep_gravity_source_proximity,geophysics,0.007858240818965334,0.007858240818965334,1100,0.0,0.0,0.0,0.0,False,0.0,0.0,0.0,,0.008502178554392769,0.0,0.0,0.003825980349476746,False
vapor_pressure_deficit,shallow_gravity_source_strength,geophysics,-0.007591122805834681,0.007591122805834681,1100,0.0,0.0,0.0,0.0,False,0.0,0.0,0.0,,0.00821161837417631,0.0,0.0,0.0036952282683793396,False
vapor_pressure_deficit,gravity_gradient,geophysics,-0.007433810979048973,0.007433810979048973,1095,0.0,0.0,0.0,0.0,False,0.0,0.0,0.0,,0.008040500926104102,0.0,0.0,0.003618225416746846,False
solar_radiation,deep_gravity_source_density,geophysics,-0.007267687261247362,0.007267687261247362,1100,0.0,0.0,0.0,0.0,False,0.0,0.0,0.0,,0.007859798259080838,0.0,0.0,0.0035369092165863773,False
max_temperature,W_Re_pathfinder,geochemistry,0.007208843693918073,0.007208843693918073,1100,0.0,0.0,0.0,0.0,False,0.0,0.0,0.0,,0.007795790604458851,0.0,0.0,0.003508105772006483,False
potential_evapotranspiration,deep_gravity_source_density,geophysics,-0.006083746999593092,0.006083746999593092,1100,0.0,0.0,0.0,0.0,False,0.0,0.0,0.0,,0.006571955886490535,0.0,0.0,0.0029573801489207407,False
mean_temperature,deep_gravity_gradient,geophysics,-0.005945156915699681,0.005945156915699681,1095,0.0,0.0,0.0,0.0,False,0.0,0.0,0.0,,0.006421203193774947,0.0,0.0,0.0028895414371987263,False
mean_temperature,shallow_gravity_source_proximity,geophysics,-0.005413303624273223,0.005413303624273223,1100,0.0,0.0,0.0,0.0,False,0.0,0.0,0.0,,0.005842674676007025,0.0,0.0,0.002629203604203161,False
wind_speed,deep_gravity_source_proximity,geophysics,0.004830368029154289,0.004830368029154289,1100,0.0,0.0,0.0,0.0,False,0.0,0.0,0.0,,0.00520858089256195,0.0,0.0,0.0023438614016528772,False
runoff,gravity_gradient,geophysics,-0.004246920391558697,0.004246920391558697,1095,0.0,0.0,0.0,0.0,False,0.0,0.0,0.0,,0.0045739301300028404,0.0,0.0,0.0020582685585012785,False
wind_speed,shallow_gravity_source_proximity,geophysics,-0.0036910848235382843,0.0036910848235382843,1100,0.0,0.0,0.0,0.0,False,0.0,0.0,0.0,,0.003969314660900295,0.0,0.0,0.0017861915974051329,False
diurnal_temperature_range,gravity_gradient,geophysics,0.003545738938957166,0.003545738938957166,1095,0.0,0.0,0.0,0.0,False,0.0,0.0,0.0,,0.0038112132812042955,0.0,0.0,0.001715045976541933,False
vapor_pressure_deficit,deep_gravity_source_density,geophysics,-0.0025176903708205504,0.0025176903708205504,1100,0.0,0.0,0.0,0.0,False,0.0,0.0,0.0,,0.002692943593106011,0.0,0.0,0.001211824616897705,False
wind_speed,mafic_geology,geology,0.0017408239914443715,0.0017408239914443715,1100,0.0,0.0,0.0,0.0,False,0.0,0.0,0.0,,0.0018478997394545398,0.0,0.0,0.0008315548827545429,False
min_temperature,shallow_gravity_source_density,geophysics,0.0010368333824980662,0.0010368333824980662,1100,0.0,0.0,0.0,0.0,False,0.0,0.0,0.0,,0.0010821272039045564,0.0,0.0,0.0004869572417570504,False
wind_speed,W_Re_pathfinder,geochemistry,0.0010041641746753032,0.0010041641746753032,1100,0.0,0.0,0.0,0.0,False,0.0,0.0,0.0,,0.0010465909598255465,0.0,0.0,0.000470965931921496,False
diurnal_temperature_range,sedimentary_geology,geology,-0.0008726724795628502,0.0008726724795628502,1100,0.0,0.0,0.0,0.0,False,0.0,0.0,0.0,,0.0009035596075739308,0.0,0.0,0.00040660182340826885,False
max_temperature,gravity_gradient,geophysics,4.2011351322717664e-05,4.2011351322717664e-05,1095,0.0,0.0,0.0,0.0,False,0.0,0.0,0.0,,0.0,0.0,0.0,0.0,False
