fold,test_group,target_column,best_climate_column,spearman,spearman_abs_max,n_pair_at_best,is_spearman_sensitive,selected_by_spearman,selected_by_graph,selected_by_model,model
1,Arizona,geochem1_usgs_Ag_value_max_25km,climate_vap_annual_mean,-0.6455988805713773,0.6455988805713773,1039,True,True,True,True,M4_Spearman_RF
1,Arizona,geochem1_usgs_Ag_value_max_50km,climate_vap_annual_mean,-0.6446717199560933,0.6446717199560933,1096,True,True,True,True,M4_Spearman_RF
1,Arizona,geochem1_usgs_W_value_max_50km,climate_vap_annual_mean,-0.6395106029830849,0.6395106029830849,1100,True,True,True,True,M4_Spearman_RF
1,Arizona,geochem1_usgs_Bi_value_max_50km,climate_vap_annual_mean,-0.6282286142924448,0.6282286142924448,1100,True,True,True,True,M4_Spearman_RF
1,Arizona,geochem1_usgs_Au_value_max_25km,climate_vap_annual_mean,-0.6268472648849098,0.6268472648849098,1035,True,True,True,True,M4_Spearman_RF
1,Arizona,geochem1_usgs_Bi_value_max_25km,climate_vap_annual_mean,-0.6126536105559961,0.6126536105559961,1070,True,True,True,True,M4_Spearman_RF
1,Arizona,geochem1_usgs_As_value_max_50km,climate_vap_annual_mean,-0.6098563228912577,0.6098563228912577,1100,True,True,True,True,M4_Spearman_RF
1,Arizona,geochem2_nure_Sb_ppm_nearest,climate_vap_annual_mean,-0.6091244032986758,0.6091244032986758,1100,True,True,True,True,M4_Spearman_RF
1,Arizona,geochem1_usgs_As_value_max_25km,climate_vap_annual_mean,-0.6091023812770645,0.6091023812770645,1100,True,True,True,True,M4_Spearman_RF
1,Arizona,geochem1_usgs_Pb_value_max_50km,climate_vap_annual_mean,-0.607077377188512,0.607077377188512,1100,True,True,True,True,M4_Spearman_RF
1,Arizona,geochem1_usgs_Ag_value_mean_50km,climate_vap_annual_mean,-0.6030895271017643,0.6030895271017643,1096,True,True,True,True,M4_Spearman_RF
1,Arizona,geochem1_usgs_Pb_value_max_25km,climate_vap_annual_mean,-0.6028761171446059,0.6028761171446059,1100,True,True,True,True,M4_Spearman_RF
1,Arizona,geochem1_usgs_W_value_max_25km,climate_vap_annual_mean,-0.6009191100178121,0.6009191100178121,1067,True,True,True,True,M4_Spearman_RF
1,Arizona,geochem2_nure_As_ppm_nearest,climate_srad_annual_mean,0.5908166149013291,0.5908166149013291,1100,True,True,True,True,M4_Spearman_RF
1,Arizona,geochem1_usgs_Au_value_max_50km,climate_vap_annual_mean,-0.585407190850601,0.585407190850601,1087,True,True,True,True,M4_Spearman_RF
1,Arizona,geochem1_usgs_Sb_value_max_25km,climate_vap_annual_mean,-0.5839996522491547,0.5839996522491547,1087,True,True,True,True,M4_Spearman_RF
1,Arizona,geochem1_usgs_Mo_value_max_25km,climate_vap_annual_mean,-0.583338028291112,0.583338028291112,1098,True,True,True,True,M4_Spearman_RF
1,Arizona,geochem2_nure_W_ppm_nearest,climate_vap_annual_mean,-0.5814357401050648,0.5814357401050648,1100,True,True,True,True,M4_Spearman_RF
1,Arizona,geochem1_usgs_Ag_value_mean_25km,climate_vap_annual_mean,-0.5752678332977077,0.5752678332977077,1039,True,True,True,True,M4_Spearman_RF
1,Arizona,geochem1_usgs_Pb_value_mean_50km,climate_vap_annual_mean,-0.5730363728988002,0.5730363728988002,1100,True,True,True,True,M4_Spearman_RF
1,Arizona,geochem2_nure_Au_sq_ppm_nearest,climate_vap_annual_mean,-0.5721707410790072,0.5721707410790072,890,True,True,True,True,M4_Spearman_RF
1,Arizona,geochem1_usgs_Sb_value_max_50km,climate_vap_annual_mean,-0.5717155134927664,0.5717155134927664,1100,True,True,True,True,M4_Spearman_RF
1,Arizona,geochem1_usgs_Sb_value_p95_50km,climate_vap_annual_mean,-0.5685382607934529,0.5685382607934529,1100,True,True,True,True,M4_Spearman_RF
1,Arizona,geochem2_nure_Ag_ppm_nearest,climate_srad_annual_mean,0.567163070630498,0.567163070630498,1100,True,True,True,True,M4_Spearman_RF
1,Arizona,geochem1_usgs_As_value_mean_50km,climate_vap_annual_mean,-0.5645929766907802,0.5645929766907802,1100,True,True,True,True,M4_Spearman_RF
1,Arizona,geochem1_usgs_Pb_value_mean_25km,climate_vap_annual_mean,-0.5597502134444939,0.5597502134444939,1100,True,True,True,True,M4_Spearman_RF
1,Arizona,geochem1_usgs_Zn_value_max_25km,climate_vap_annual_mean,-0.5541059313382946,0.5541059313382946,1100,True,True,True,True,M4_Spearman_RF
1,Arizona,geochem1_usgs_Au_value_max_10km,climate_vap_annual_mean,-0.5521931162123269,0.5521931162123269,820,True,True,True,True,M4_Spearman_RF
1,Arizona,geochem2_nure_Sb_ppm_max_50km,climate_vap_annual_mean,-0.5519805323979505,0.5519805323979505,433,True,True,True,True,M4_Spearman_RF
1,Arizona,geochem1_usgs_As_value_mean_25km,climate_vap_annual_mean,-0.5517461563129993,0.5517461563129993,1100,True,True,True,True,M4_Spearman_RF
1,Arizona,geochem1_usgs_Sb_value_mean_25km,climate_vap_annual_mean,-0.5437388181110554,0.5437388181110554,1087,True,True,True,True,M4_Spearman_RF
1,Arizona,geochem1_usgs_Pb_value_median_50km,climate_vap_annual_mean,-0.5421619336181008,0.5421619336181008,1100,True,True,True,True,M4_Spearman_RF
1,Arizona,geochem1_usgs_Bi_value_mean_50km,climate_vap_annual_mean,-0.5417844521375333,0.5417844521375333,1100,True,True,True,True,M4_Spearman_RF
1,Arizona,geochem1_usgs_Bi_value_mean_25km,climate_vap_annual_mean,-0.5411618055940605,0.5411618055940605,1070,True,True,True,True,M4_Spearman_RF
1,Arizona,geochem1_usgs_As_value_p95_25km,climate_vap_annual_mean,-0.5406583544529285,0.5406583544529285,1100,True,True,True,True,M4_Spearman_RF
1,Arizona,geochem1_usgs_As_value_p95_50km,climate_vap_annual_mean,-0.5403761126997034,0.5403761126997034,1100,True,True,True,True,M4_Spearman_RF
1,Arizona,geochem1_usgs_Pb_value_max_10km,climate_vap_annual_mean,-0.5396874980480759,0.5396874980480759,1074,True,True,True,True,M4_Spearman_RF
1,Arizona,geochem1_usgs_Sb_value_mean_50km,climate_vap_annual_mean,-0.5394442144049567,0.5394442144049567,1100,True,True,True,True,M4_Spearman_RF
1,Arizona,geochem1_usgs_Ag_value_p95_25km,climate_vap_annual_mean,-0.5367358520070331,0.5367358520070331,1039,True,True,True,True,M4_Spearman_RF
1,Arizona,geochem1_usgs_Cu_value_median_50km,climate_soil_annual_mean,0.5366319595165483,0.5366319595165483,1100,True,True,False,True,M4_Spearman_RF
1,Arizona,geochem1_usgs_Zn_value_max_50km,climate_vap_annual_mean,-0.5359451564904788,0.5359451564904788,1100,True,True,True,True,M4_Spearman_RF
1,Arizona,geochem1_usgs_Au_value_mean_25km,climate_vap_annual_mean,-0.5343686682779702,0.5343686682779702,1035,True,True,True,True,M4_Spearman_RF
1,Arizona,geochem1_usgs_Sb_value_p95_25km,climate_vap_annual_mean,-0.5309360482849285,0.5309360482849285,1087,True,True,True,True,M4_Spearman_RF
1,Arizona,geochem1_usgs_As_value_max_10km,climate_vap_annual_mean,-0.5255830517541475,0.5255830517541475,1053,True,True,True,True,M4_Spearman_RF
1,Arizona,geochem1_usgs_Ag_value_p95_50km,climate_vap_annual_mean,-0.5255689848388264,0.5255689848388264,1096,True,True,True,True,M4_Spearman_RF
1,Arizona,geochem1_usgs_Mo_value_max_50km,climate_vap_annual_mean,-0.5220459823389663,0.5220459823389663,1100,True,True,True,True,M4_Spearman_RF
1,Arizona,geochem1_usgs_Cu_value_max_50km,climate_vap_annual_mean,-0.5145003430255403,0.5145003430255403,1100,True,True,False,True,M4_Spearman_RF
1,Arizona,geochem1_usgs_Au_value_p95_25km,climate_vap_annual_mean,-0.5098625787568826,0.5098625787568826,1035,True,True,True,True,M4_Spearman_RF
1,Arizona,geochem1_usgs_Ag_value_max_10km,climate_vap_annual_mean,-0.509375101163778,0.509375101163778,833,True,True,True,True,M4_Spearman_RF
1,Arizona,geochem1_usgs_As_value_p95_10km,climate_vap_annual_mean,-0.5080574341097928,0.5080574341097928,1053,True,True,True,True,M4_Spearman_RF
1,Arizona,geochem1_usgs_Pb_value_median_25km,climate_vap_annual_mean,-0.5062449112746793,0.5062449112746793,1100,True,True,True,True,M4_Spearman_RF
1,Arizona,geochem1_usgs_Pb_value_p95_50km,climate_vap_annual_mean,-0.506229995016495,0.506229995016495,1100,True,True,True,True,M4_Spearman_RF
1,Arizona,geochem1_usgs_Mo_value_p95_25km,climate_vap_annual_mean,-0.50618030248559,0.50618030248559,1098,True,True,True,True,M4_Spearman_RF
1,Arizona,geochem2_nure_Sb_ppm_mean_50km,climate_vap_annual_mean,-0.5052893122604276,0.5052893122604276,433,True,True,True,True,M4_Spearman_RF
1,Arizona,geochem1_usgs_Pb_value_p95_25km,climate_vap_annual_mean,-0.5022050740224636,0.5022050740224636,1100,True,True,True,True,M4_Spearman_RF
1,Arizona,geochem1_usgs_Bi_value_p95_25km,climate_vap_annual_mean,-0.5010023570495898,0.5010023570495898,1070,True,True,True,True,M4_Spearman_RF
1,Arizona,geochem2_nure_Pb_ppm_median_50km,climate_srad_annual_mean,0.4981305793489604,0.4981305793489604,433,True,True,True,True,M4_Spearman_RF
1,Arizona,geochem2_nure_Ag_ppm_mean_50km,climate_vap_annual_mean,-0.49803726578158336,0.49803726578158336,433,True,True,True,True,M4_Spearman_RF
1,Arizona,geochem1_usgs_Sb_value_max_10km,climate_vap_annual_mean,-0.4945731428637096,0.4945731428637096,871,True,True,True,True,M4_Spearman_RF
1,Arizona,geochem1_usgs_W_value_mean_50km,climate_vap_annual_mean,-0.4943318169770183,0.4943318169770183,1100,True,True,True,True,M4_Spearman_RF
1,Arizona,geochem1_usgs_Au_value_p95_10km,climate_vap_annual_mean,-0.49247023711686916,0.49247023711686916,820,True,True,True,True,M4_Spearman_RF
1,Arizona,geochem1_usgs_As_value_mean_10km,climate_vap_annual_mean,-0.4891168030965587,0.4891168030965587,1053,True,True,True,True,M4_Spearman_RF
1,Arizona,geochem1_usgs_Cu_value_max_25km,climate_vap_annual_mean,-0.4885778811636679,0.4885778811636679,1100,True,True,False,True,M4_Spearman_RF
1,Arizona,geochem1_usgs_W_value_mean_25km,climate_vap_annual_mean,-0.48795550435278084,0.48795550435278084,1067,True,True,True,True,M4_Spearman_RF
1,Arizona,geochem1_usgs_Mo_value_mean_25km,climate_vap_annual_mean,-0.4870767353507735,0.4870767353507735,1098,True,True,True,True,M4_Spearman_RF
1,Arizona,geochem1_usgs_Pb_value_mean_10km,climate_vap_annual_mean,-0.4861967003652469,0.4861967003652469,1074,True,True,True,True,M4_Spearman_RF
1,Arizona,geochem1_usgs_As_value_max_5km,climate_vap_annual_mean,-0.4812346202737018,0.4812346202737018,857,True,True,True,True,M4_Spearman_RF
1,Arizona,geochem1_usgs_Mo_value_p95_50km,climate_vap_annual_mean,-0.4800106118537023,0.4800106118537023,1100,True,True,True,True,M4_Spearman_RF
1,Arizona,geochem1_usgs_As_value_p95_5km,climate_vap_annual_mean,-0.4764994309936031,0.4764994309936031,857,True,True,True,True,M4_Spearman_RF
1,Arizona,geochem1_usgs_Pb_value_p95_10km,climate_vap_annual_mean,-0.4707153484572098,0.4707153484572098,1074,True,True,True,True,M4_Spearman_RF
1,Arizona,geochem1_usgs_Mo_value_max_10km,climate_vap_annual_mean,-0.4699402112524012,0.4699402112524012,958,True,True,True,True,M4_Spearman_RF
1,Arizona,geochem2_nure_As_ppm_max_50km,climate_vap_annual_mean,-0.46909243128854167,0.46909243128854167,433,True,True,True,True,M4_Spearman_RF
1,Arizona,geochem2_nure_Zn_ppm_p95_50km,climate_aet_pet_ratio_annual,0.46897307037966446,0.46897307037966446,433,True,True,True,True,M4_Spearman_RF
1,Arizona,geochem2_nure_Ag_ppm_max_50km,climate_vap_annual_mean,-0.4630933699185614,0.4630933699185614,433,True,True,True,True,M4_Spearman_RF
1,Arizona,geochem1_usgs_As_value_mean_5km,climate_vap_annual_mean,-0.4629319975087924,0.4629319975087924,857,True,True,True,True,M4_Spearman_RF
1,Arizona,geochem1_usgs_Cu_value_median_25km,climate_soil_annual_mean,0.4628201537564732,0.4628201537564732,1100,True,True,False,True,M4_Spearman_RF
1,Arizona,geochem1_usgs_Au_value_p95_50km,climate_vap_annual_mean,-0.4575741868789034,0.4575741868789034,1087,True,True,True,True,M4_Spearman_RF
1,Arizona,geochem1_usgs_Au_value_mean_50km,climate_vap_annual_mean,-0.4568676577157889,0.4568676577157889,1087,True,True,True,True,M4_Spearman_RF
1,Arizona,geochem1_usgs_Sb_value_p95_10km,climate_vap_annual_mean,-0.45642237872579455,0.45642237872579455,871,True,True,True,True,M4_Spearman_RF
1,Arizona,geochem1_usgs_Sb_value_mean_10km,climate_vap_annual_mean,-0.45583818780236274,0.45583818780236274,871,True,True,True,True,M4_Spearman_RF
1,Arizona,geochem2_nure_Pb_ppm_nearest,climate_srad_annual_mean,0.45045658936536576,0.45045658936536576,1100,True,True,True,True,M4_Spearman_RF
1,Arizona,geochem1_usgs_Zn_value_max_10km,climate_vap_annual_mean,-0.4488783744191551,0.4488783744191551,1078,True,True,True,True,M4_Spearman_RF
1,Arizona,geochem1_usgs_Au_value_mean_10km,climate_vap_annual_mean,-0.4483168068940666,0.4483168068940666,820,True,True,True,True,M4_Spearman_RF
1,Arizona,geochem1_usgs_As_value_median_50km,climate_vap_annual_mean,-0.44578505072056496,0.44578505072056496,1100,True,True,True,True,M4_Spearman_RF
1,Arizona,geochem1_usgs_Pb_value_max_5km,climate_vap_annual_mean,-0.44384403059444294,0.44384403059444294,928,True,True,True,True,M4_Spearman_RF
1,Arizona,geochem1_usgs_Sb_value_median_50km,climate_vap_annual_mean,-0.44140298166944314,0.44140298166944314,1100,True,True,True,True,M4_Spearman_RF
1,Arizona,geochem1_usgs_Ag_value_p95_10km,climate_vap_annual_mean,-0.4411130610088522,0.4411130610088522,833,True,True,True,True,M4_Spearman_RF
1,Arizona,geochem2_nure_Sb_ppm_median_50km,climate_aet_annual_sum,-0.43814397042153375,0.43814397042153375,433,True,True,True,True,M4_Spearman_RF
1,Arizona,geochem1_usgs_Bi_value_p95_50km,climate_vap_annual_mean,-0.4343939849726372,0.4343939849726372,1100,True,True,True,True,M4_Spearman_RF
1,Arizona,geochem1_usgs_As_value_median_25km,climate_vap_annual_mean,-0.43231999482779954,0.43231999482779954,1100,True,True,True,True,M4_Spearman_RF
1,Arizona,geochem1_usgs_Mo_value_mean_50km,climate_vap_annual_mean,-0.43195830583427314,0.43195830583427314,1100,True,True,True,True,M4_Spearman_RF
1,Arizona,geochem2_nure_Zn_ppm_max_10km,env_climate_ppt_annual_mm,0.43153586240656755,0.43153586240656755,377,True,True,True,True,M4_Spearman_RF
1,Arizona,geochem1_usgs_W_value_p95_25km,climate_vap_annual_mean,-0.4304275304829263,0.4304275304829263,1067,True,True,True,True,M4_Spearman_RF
1,Arizona,geochem2_nure_Ag_ppm_median_50km,climate_vap_annual_mean,-0.4303472873103837,0.4303472873103837,433,True,True,True,True,M4_Spearman_RF
1,Arizona,geochem1_usgs_Pb_value_p95_5km,climate_vap_annual_mean,-0.4300695000682674,0.4300695000682674,928,True,True,True,True,M4_Spearman_RF
1,Arizona,geochem1_usgs_Pb_value_median_10km,climate_vap_annual_mean,-0.42836778193725444,0.42836778193725444,1074,True,True,True,True,M4_Spearman_RF
1,Arizona,geochem2_nure_Pb_ppm_median_25km,climate_srad_annual_mean,0.426442332030805,0.426442332030805,402,True,True,True,True,M4_Spearman_RF
1,Arizona,geochem1_usgs_Pb_value_mean_5km,climate_vap_annual_mean,-0.4222934580369647,0.4222934580369647,928,True,True,True,True,M4_Spearman_RF
1,Arizona,geochem1_usgs_Sb_value_median_25km,climate_vap_annual_mean,-0.4215747015220507,0.4215747015220507,1087,True,True,True,True,M4_Spearman_RF
1,Arizona,geochem2_nure_Mo_ppm_median_50km,climate_vap_annual_mean,-0.42098202887075586,0.42098202887075586,433,True,True,True,True,M4_Spearman_RF
1,Arizona,geochem1_usgs_Ag_value_mean_10km,climate_vap_annual_mean,-0.41793863254929786,0.41793863254929786,833,True,True,True,True,M4_Spearman_RF
1,Arizona,geochem2_nure_Ag_ppm_p95_50km,climate_vap_annual_mean,-0.41677577021802986,0.41677577021802986,433,True,True,True,True,M4_Spearman_RF
1,Arizona,geochem2_nure_Zn_ppm_p95_25km,env_climate_ppt_annual_mm,0.4104741088900882,0.4104741088900882,402,True,True,True,True,M4_Spearman_RF
1,Arizona,geochem1_usgs_W_value_median_50km,climate_vap_annual_mean,-0.40816742332209816,0.40816742332209816,1100,True,True,True,True,M4_Spearman_RF
1,Arizona,geochem2_nure_As_ppm_mean_50km,climate_vap_annual_mean,-0.4054490081811116,0.4054490081811116,433,True,True,True,True,M4_Spearman_RF
1,Arizona,geochem1_usgs_Mo_value_p95_10km,climate_vap_annual_mean,-0.40422176486060796,0.40422176486060796,958,True,True,True,True,M4_Spearman_RF
1,Arizona,geochem1_usgs_Zn_value_mean_50km,climate_vap_annual_mean,-0.40212218501131447,0.40212218501131447,1100,True,True,True,True,M4_Spearman_RF
1,Arizona,geochem1_usgs_W_value_max_10km,climate_vap_annual_mean,-0.40132786491467765,0.40132786491467765,792,True,True,True,True,M4_Spearman_RF
1,Arizona,geochem2_nure_Sb_ppm_p95_50km,climate_vap_annual_mean,-0.4010330253698355,0.4010330253698355,433,True,True,True,True,M4_Spearman_RF
1,Arizona,geochem1_usgs_Cu_value_mean_50km,climate_vap_annual_mean,-0.3998553355284405,0.3998553355284405,1100,True,True,False,True,M4_Spearman_RF
1,Arizona,geochem2_nure_Sb_ppm_median_25km,climate_aet_annual_sum,-0.39940577285408047,0.39940577285408047,402,True,True,True,True,M4_Spearman_RF
1,Arizona,geochem2_nure_W_ppm_median_50km,climate_aet_annual_sum,-0.3959353422861393,0.3959353422861393,433,True,True,True,True,M4_Spearman_RF
1,Arizona,geochem1_usgs_As_value_median_10km,climate_vap_annual_mean,-0.3883624030246633,0.3883624030246633,1053,True,True,True,True,M4_Spearman_RF
1,Arizona,geochem2_nure_Sb_ppm_median_10km,climate_aet_annual_sum,-0.38718174628909696,0.38718174628909696,377,True,True,True,True,M4_Spearman_RF
1,Arizona,geochem2_nure_Ag_ppm_mean_25km,climate_vap_annual_mean,-0.3860295968997937,0.3860295968997937,402,True,True,True,True,M4_Spearman_RF
1,Arizona,geochem1_usgs_As_value_median_5km,climate_vap_annual_mean,-0.3860249594103746,0.3860249594103746,857,True,True,True,True,M4_Spearman_RF
1,Arizona,geochem2_nure_Zn_ppm_p95_10km,env_climate_ppt_annual_mm,0.38492142432013654,0.38492142432013654,377,True,True,True,True,M4_Spearman_RF
1,Arizona,geochem2_nure_Pb_ppm_median_10km,climate_srad_annual_mean,0.3840395256684145,0.3840395256684145,377,True,True,True,True,M4_Spearman_RF
1,Arizona,geochem2_nure_Cu_ppm_median_50km,climate_ws_annual_mean,-0.3828840110170472,0.3828840110170472,433,True,True,False,True,M4_Spearman_RF
1,Arizona,geochem2_nure_Zn_ppm_max_25km,climate_aet_annual_sum,0.3826391152682611,0.3826391152682611,402,True,True,True,True,M4_Spearman_RF
1,Arizona,geochem2_nure_Zn_ppm_mean_50km,climate_aet_pet_ratio_annual,0.3807377630753407,0.3807377630753407,433,True,True,True,True,M4_Spearman_RF
1,Arizona,geochem1_usgs_W_value_median_25km,climate_vap_annual_mean,-0.380675728732483,0.380675728732483,1067,True,True,True,True,M4_Spearman_RF
1,Arizona,geochem2_nure_Zn_ppm_mean_25km,env_climate_ppt_annual_mm,0.37804445991199914,0.37804445991199914,402,True,True,True,True,M4_Spearman_RF
1,Arizona,geochem1_usgs_Zn_value_mean_25km,climate_vap_annual_mean,-0.3777292697783619,0.3777292697783619,1100,True,True,True,True,M4_Spearman_RF
1,Arizona,geochem2_nure_Bi_ppm_mean_50km,climate_vap_annual_mean,-0.3761261009108936,0.3761261009108936,433,True,True,True,True,M4_Spearman_RF
1,Arizona,geochem2_nure_Mo_ppm_mean_50km,climate_vap_annual_mean,-0.3753031825644671,0.3753031825644671,433,True,True,True,True,M4_Spearman_RF
1,Arizona,geochem1_usgs_Bi_value_max_10km,climate_vap_annual_mean,-0.3748671886489603,0.3748671886489603,774,True,True,True,True,M4_Spearman_RF
1,Arizona,geochem1_usgs_Bi_value_median_50km,climate_tmin_annual_mean,-0.36993664515181096,0.36993664515181096,1100,True,True,True,True,M4_Spearman_RF
1,Arizona,geochem2_nure_W_ppm_median_25km,climate_aet_annual_sum,-0.36975137390122426,0.36975137390122426,402,True,True,True,True,M4_Spearman_RF
1,Arizona,geochem1_usgs_Pb_value_median_5km,climate_vap_annual_mean,-0.3685023066228669,0.3685023066228669,928,True,True,True,True,M4_Spearman_RF
1,Arizona,geochem1_usgs_Sb_value_max_5km,climate_vap_annual_mean,-0.3678683580477167,0.3678683580477167,653,True,True,True,True,M4_Spearman_RF
1,Arizona,geochem1_usgs_Cu_value_max_10km,climate_vap_annual_mean,-0.3664190640014003,0.3664190640014003,1069,True,True,False,True,M4_Spearman_RF
1,Arizona,geochem2_nure_Sb_ppm_max_25km,climate_vap_annual_mean,-0.36428317860545545,0.36428317860545545,402,True,True,True,True,M4_Spearman_RF
1,Arizona,geochem2_nure_Bi_ppm_max_50km,climate_vap_annual_mean,-0.36336003795523353,0.36336003795523353,433,True,True,True,True,M4_Spearman_RF
1,Arizona,geochem1_usgs_Sb_value_p95_5km,climate_vap_annual_mean,-0.3619788719324226,0.3619788719324226,653,True,True,True,True,M4_Spearman_RF
1,Arizona,geochem2_nure_W_ppm_median_10km,climate_aet_annual_sum,-0.361481702620955,0.361481702620955,377,True,True,True,True,M4_Spearman_RF
1,Arizona,geochem1_usgs_Pb_value_nearest,climate_vap_annual_mean,-0.3594865623979726,0.3594865623979726,814,True,True,True,True,M4_Spearman_RF
1,Arizona,geochem1_usgs_Sb_value_mean_5km,climate_vap_annual_mean,-0.35786049125169783,0.35786049125169783,653,True,True,True,True,M4_Spearman_RF
1,Arizona,geochem2_nure_Mo_ppm_median_25km,climate_vap_annual_mean,-0.35675477252409615,0.35675477252409615,402,True,True,True,True,M4_Spearman_RF
1,Arizona,geochem2_nure_Sb_ppm_mean_25km,climate_vap_annual_mean,-0.35604486956319453,0.35604486956319453,402,True,True,True,True,M4_Spearman_RF
1,Arizona,geochem2_nure_Ag_ppm_max_25km,climate_vap_annual_mean,-0.3559750545141153,0.3559750545141153,402,True,True,True,True,M4_Spearman_RF
1,Arizona,geochem2_nure_As_ppm_median_50km,climate_aet_annual_sum,-0.35530028284244153,0.35530028284244153,433,True,True,True,True,M4_Spearman_RF
1,Arizona,geochem2_nure_Pb_ppm_mean_50km,climate_ws_annual_mean,0.35512568213819823,0.35512568213819823,433,True,True,True,True,M4_Spearman_RF
1,Arizona,geochem2_nure_Zn_ppm_nearest,climate_vap_annual_mean,-0.3537243241531718,0.3537243241531718,1100,True,True,True,True,M4_Spearman_RF
1,Arizona,geochem1_usgs_Sb_value_median_10km,climate_vap_annual_mean,-0.35365703058958653,0.35365703058958653,871,True,True,True,True,M4_Spearman_RF
1,Arizona,geochem2_nure_As_ppm_max_25km,climate_vap_annual_mean,-0.352366704075153,0.352366704075153,402,True,True,True,True,M4_Spearman_RF
1,Arizona,geochem2_nure_W_ppm_mean_50km,climate_vap_annual_mean,-0.3506357412176003,0.3506357412176003,433,True,True,True,True,M4_Spearman_RF
1,Arizona,geochem2_nure_Ag_ppm_median_25km,climate_vap_annual_mean,-0.34857760736647525,0.34857760736647525,402,True,True,True,True,M4_Spearman_RF
1,Arizona,geochem1_usgs_W_value_p95_50km,climate_vap_annual_mean,-0.34790060401965006,0.34790060401965006,1100,True,True,True,True,M4_Spearman_RF
1,Arizona,geochem1_usgs_W_value_p95_10km,climate_vap_annual_mean,-0.34787179758234404,0.34787179758234404,792,True,True,True,True,M4_Spearman_RF
1,Arizona,geochem1_usgs_Re_value_median_50km,climate_aet_annual_sum,0.3475749336074146,0.3475749336074146,626,True,True,True,True,M4_Spearman_RF
1,Arizona,geochem1_usgs_Zn_value_p95_50km,climate_vap_annual_mean,-0.3469974268263349,0.3469974268263349,1100,True,True,True,True,M4_Spearman_RF
1,Arizona,geochem2_nure_Re_ppm_p95_50km,climate_srad_annual_mean,0.34637486925188743,0.34637486925188743,428,True,True,True,True,M4_Spearman_RF
1,Arizona,geochem2_nure_As_ppm_p95_50km,climate_vap_annual_mean,-0.3448529934321812,0.3448529934321812,433,True,True,True,True,M4_Spearman_RF
1,Arizona,geochem2_nure_Cu_ppm_max_10km,climate_aet_annual_sum,0.3442040465620758,0.3442040465620758,377,True,True,False,True,M4_Spearman_RF
1,Arizona,geochem2_nure_Re_ppm_mean_50km,climate_srad_annual_mean,0.3440905355850394,0.3440905355850394,428,True,True,True,True,M4_Spearman_RF
1,Arizona,geochem1_usgs_Cu_value_mean_25km,climate_vap_annual_mean,-0.34358933999619823,0.34358933999619823,1100,True,True,False,True,M4_Spearman_RF
1,Arizona,geochem1_usgs_Zn_value_max_5km,climate_vap_annual_mean,-0.3418785168252371,0.3418785168252371,943,True,True,True,True,M4_Spearman_RF
1,Arizona,geochem1_usgs_Au_value_median_25km,climate_tmin_annual_mean,-0.3417807012629548,0.3417807012629548,1035,True,True,True,True,M4_Spearman_RF
1,Arizona,geochem2_nure_Zn_ppm_max_50km,climate_vap_annual_mean,-0.3394236285916901,0.3394236285916901,433,True,True,True,True,M4_Spearman_RF
1,Arizona,geochem1_usgs_Zn_value_p95_25km,climate_vap_annual_mean,-0.33826062966898257,0.33826062966898257,1100,True,True,True,True,M4_Spearman_RF
1,Arizona,geochem2_nure_Zn_ppm_median_25km,climate_q_annual_sum,0.33656483394502945,0.33656483394502945,402,True,True,True,True,M4_Spearman_RF
1,Arizona,geochem2_nure_Au_sq_ppm_p95_50km,climate_vap_annual_mean,-0.3348964271876947,0.3348964271876947,433,True,True,True,True,M4_Spearman_RF
1,Arizona,geochem2_nure_Sb_ppm_p95_25km,climate_vap_annual_mean,-0.33475631288520846,0.33475631288520846,402,True,True,True,True,M4_Spearman_RF
1,Arizona,geochem2_nure_Mo_ppm_mean_25km,climate_vap_annual_mean,-0.3347221586272939,0.3347221586272939,402,True,True,True,True,M4_Spearman_RF
1,Arizona,geochem2_nure_W_ppm_mean_25km,climate_vap_annual_mean,-0.33421391628861774,0.33421391628861774,402,True,True,True,True,M4_Spearman_RF
1,Arizona,geochem2_nure_Bi_ppm_mean_25km,climate_vap_annual_mean,-0.3328335038577579,0.3328335038577579,402,True,True,True,True,M4_Spearman_RF
1,Arizona,geochem2_nure_Cu_ppm_p95_50km,climate_aet_pet_ratio_annual,0.3321440811107403,0.3321440811107403,433,True,True,False,True,M4_Spearman_RF
1,Arizona,geochem1_usgs_Au_value_median_50km,climate_tmin_annual_mean,-0.3314759753734226,0.3314759753734226,1087,True,True,True,True,M4_Spearman_RF
1,Arizona,geochem2_nure_W_ppm_p95_25km,climate_vap_annual_mean,-0.32959749631123125,0.32959749631123125,402,True,True,True,True,M4_Spearman_RF
1,Arizona,geochem2_nure_Pb_ppm_mean_25km,climate_ws_annual_mean,0.3291211854968061,0.3291211854968061,402,True,True,True,True,M4_Spearman_RF
1,Arizona,geochem2_nure_Bi_ppm_max_25km,climate_aet_annual_sum,0.3287097594658157,0.3287097594658157,402,True,True,True,True,M4_Spearman_RF
1,Arizona,geochem1_usgs_Bi_value_p95_10km,climate_vap_annual_mean,-0.3274728819834141,0.3274728819834141,774,True,True,True,True,M4_Spearman_RF
1,Arizona,geochem2_nure_Zn_ppm_median_50km,climate_q_annual_sum,0.3257554010349778,0.3257554010349778,433,True,True,True,True,M4_Spearman_RF
1,Arizona,geochem1_usgs_Sb_value_nearest,climate_vap_annual_mean,-0.3244718353437595,0.3244718353437595,329,True,True,True,True,M4_Spearman_RF
1,Arizona,geochem1_usgs_Au_value_median_10km,env_climate_swe_annual_mean_mm,0.3239585492204017,0.3239585492204017,820,True,True,True,True,M4_Spearman_RF
1,Arizona,geochem1_usgs_W_value_mean_10km,climate_vap_annual_mean,-0.32319991403217674,0.32319991403217674,792,True,True,True,True,M4_Spearman_RF
1,Arizona,geochem2_nure_Bi_ppm_p95_50km,climate_vap_annual_mean,-0.3220683190248778,0.3220683190248778,433,True,True,True,True,M4_Spearman_RF
1,Arizona,geochem2_nure_Cu_ppm_max_25km,climate_aet_annual_sum,0.3213693875401377,0.3213693875401377,402,True,True,False,True,M4_Spearman_RF
1,Arizona,geochem2_nure_Ag_ppm_p95_25km,climate_vap_annual_mean,-0.32106972191861705,0.32106972191861705,402,True,True,True,True,M4_Spearman_RF
1,Arizona,geochem2_nure_Cu_ppm_p95_10km,climate_aet_annual_sum,0.32096414238242826,0.32096414238242826,377,True,True,False,True,M4_Spearman_RF
1,Arizona,geochem1_usgs_Mo_value_mean_10km,climate_vap_annual_mean,-0.32005402565020996,0.32005402565020996,958,True,True,True,True,M4_Spearman_RF
1,Arizona,geochem2_nure_As_ppm_median_25km,climate_aet_annual_sum,-0.3173036959976502,0.3173036959976502,402,True,True,True,True,M4_Spearman_RF
1,Arizona,geochem2_nure_Pb_ppm_mean_10km,climate_ws_annual_mean,0.31632931418304966,0.31632931418304966,377,True,True,True,True,M4_Spearman_RF
1,Arizona,geochem2_nure_As_ppm_mean_25km,climate_vap_annual_mean,-0.3161696964248718,0.3161696964248718,402,True,True,True,True,M4_Spearman_RF
1,Arizona,geochem1_usgs_Bi_value_mean_10km,climate_vap_annual_mean,-0.31446911512595815,0.31446911512595815,774,True,True,True,True,M4_Spearman_RF
1,Arizona,geochem2_nure_Zn_ppm_mean_10km,climate_q_annual_sum,0.31430352045948357,0.31430352045948357,377,True,True,True,True,M4_Spearman_RF
1,Arizona,geochem2_nure_Cu_ppm_median_25km,climate_ws_annual_mean,-0.31339197353498754,0.31339197353498754,402,True,True,False,True,M4_Spearman_RF
1,Arizona,geochem2_nure_Bi_ppm_p95_25km,climate_vap_annual_mean,-0.3108102613584896,0.3108102613584896,402,True,True,True,True,M4_Spearman_RF
1,Arizona,geochem2_nure_Pb_ppm_max_50km,climate_ws_annual_mean,0.3101475534133475,0.3101475534133475,433,True,True,True,True,M4_Spearman_RF
1,Arizona,geochem2_nure_Mo_ppm_median_10km,climate_srad_annual_mean,0.3100704507954221,0.3100704507954221,377,True,True,True,True,M4_Spearman_RF
1,Arizona,geochem2_nure_Cu_ppm_mean_50km,climate_q_annual_sum,0.30671523877905355,0.30671523877905355,433,True,True,False,True,M4_Spearman_RF
1,Arizona,geochem2_nure_Cu_ppm_p95_25km,env_aridity_index_ppt_pet,0.3061617814555287,0.3061617814555287,402,True,True,False,True,M4_Spearman_RF
1,Arizona,geochem1_usgs_Bi_value_median_5km,climate_tmin_annual_mean,-0.3057498112231984,0.3057498112231984,559,True,True,True,True,M4_Spearman_RF
1,Arizona,geochem1_usgs_Bi_value_median_10km,climate_tmin_annual_mean,-0.3055589954263725,0.3055589954263725,774,True,True,True,True,M4_Spearman_RF
1,Arizona,geochem1_usgs_Zn_value_p95_10km,climate_vap_annual_mean,-0.3051972045679392,0.3051972045679392,1078,True,True,True,True,M4_Spearman_RF
1,Arizona,geochem2_nure_Re_ppm_max_50km,climate_vap_annual_mean,-0.30386245646390964,0.30386245646390964,428,True,True,True,True,M4_Spearman_RF
1,Arizona,geochem1_usgs_As_value_nearest,climate_vap_annual_mean,-0.3036342318656607,0.3036342318656607,611,True,True,True,True,M4_Spearman_RF
1,Arizona,geochem1_usgs_Cu_value_median_10km,climate_q_annual_sum,0.3033676852707401,0.3033676852707401,1069,True,True,False,True,M4_Spearman_RF
1,Arizona,geochem1_usgs_Sb_value_median_5km,climate_vap_annual_mean,-0.30300639486116226,0.30300639486116226,653,True,True,True,True,M4_Spearman_RF
1,Arizona,geochem2_nure_W_ppm_max_50km,climate_vap_annual_mean,-0.30260291008998425,0.30260291008998425,433,True,True,True,True,M4_Spearman_RF
1,Arizona,geochem1_usgs_Bi_value_p95_5km,climate_tmin_annual_mean,-0.2992839269380237,0.2992839269380237,559,False,False,True,False,M4_Spearman_RF
1,Arizona,geochem2_nure_Au_sq_ppm_p95_25km,climate_vap_annual_mean,-0.29620394070630945,0.29620394070630945,402,False,False,True,False,M4_Spearman_RF
1,Arizona,geochem1_usgs_Bi_value_median_25km,climate_tmin_annual_mean,-0.29508732866372117,0.29508732866372117,1070,False,False,True,False,M4_Spearman_RF
1,Arizona,geochem1_usgs_Bi_value_mean_5km,climate_tmin_annual_mean,-0.2947673093134546,0.2947673093134546,559,False,False,True,False,M4_Spearman_RF
1,Arizona,geochem2_nure_Mo_ppm_max_50km,climate_vap_annual_mean,-0.2942610018349006,0.2942610018349006,433,False,False,True,False,M4_Spearman_RF
1,Arizona,geochem2_nure_Mo_ppm_p95_50km,climate_vap_annual_mean,-0.2932725259180457,0.2932725259180457,433,False,False,True,False,M4_Spearman_RF
1,Arizona,geochem1_usgs_Bi_value_max_5km,climate_tmin_annual_mean,-0.29177889982940935,0.29177889982940935,559,False,False,True,False,M4_Spearman_RF
1,Arizona,geochem2_nure_Cu_ppm_mean_25km,climate_q_annual_sum,0.29106512754329444,0.29106512754329444,402,False,False,False,False,M4_Spearman_RF
1,Arizona,geochem2_nure_Mo_ppm_p95_25km,climate_vap_annual_mean,-0.29100180307259943,0.29100180307259943,402,False,False,True,False,M4_Spearman_RF
1,Arizona,geochem1_usgs_Cu_value_p95_50km,climate_vap_annual_mean,-0.2884626170393337,0.2884626170393337,1100,False,False,False,False,M4_Spearman_RF
1,Arizona,geochem1_usgs_Zn_value_p95_5km,climate_vap_annual_mean,-0.2876299183037556,0.2876299183037556,943,False,False,True,False,M4_Spearman_RF
1,Arizona,geochem2_nure_Mo_ppm_nearest,climate_vap_annual_mean,-0.28671345066562276,0.28671345066562276,1100,False,False,True,False,M4_Spearman_RF
1,Arizona,geochem2_nure_W_ppm_max_25km,climate_vap_annual_mean,-0.2859822168694806,0.2859822168694806,402,False,False,True,False,M4_Spearman_RF
1,Arizona,geochem2_nure_As_ppm_p95_25km,climate_vap_annual_mean,-0.2859617131533277,0.2859617131533277,402,False,False,True,False,M4_Spearman_RF
1,Arizona,geochem2_nure_Cu_ppm_median_10km,climate_ws_annual_mean,-0.2847153264584443,0.2847153264584443,377,False,False,False,False,M4_Spearman_RF
1,Arizona,geochem2_nure_W_ppm_p95_50km,climate_vap_annual_mean,-0.28399003166906545,0.28399003166906545,433,False,False,True,False,M4_Spearman_RF
1,Arizona,geochem2_nure_Mo_ppm_mean_10km,climate_vap_annual_mean,-0.2836525588915806,0.2836525588915806,377,False,False,True,False,M4_Spearman_RF
1,Arizona,geochem2_nure_As_ppm_max_10km,climate_vap_annual_mean,-0.2832792918771412,0.2832792918771412,377,False,False,True,False,M4_Spearman_RF
1,Arizona,geochem1_usgs_Cu_value_p95_25km,climate_vap_annual_mean,-0.28299102556149397,0.28299102556149397,1100,False,False,False,False,M4_Spearman_RF
1,Arizona,geochem2_nure_Mo_ppm_max_25km,climate_vap_annual_mean,-0.2806298508243938,0.2806298508243938,402,False,False,True,False,M4_Spearman_RF
1,Arizona,geochem2_nure_Ag_ppm_median_10km,climate_vap_annual_mean,-0.2785913076485447,0.2785913076485447,377,False,False,True,False,M4_Spearman_RF
1,Arizona,geochem2_nure_Zn_ppm_median_10km,climate_q_annual_sum,0.27574426667042756,0.27574426667042756,377,False,False,True,False,M4_Spearman_RF
1,Arizona,geochem2_nure_Au_sq_ppm_mean_50km,climate_vap_annual_mean,-0.27237998431158317,0.27237998431158317,433,False,False,True,False,M4_Spearman_RF
1,Arizona,geochem2_nure_Mo_ppm_max_10km,climate_vap_annual_mean,-0.27182013624049484,0.27182013624049484,377,False,False,True,False,M4_Spearman_RF
1,Arizona,geochem2_nure_Ag_ppm_mean_10km,climate_vap_annual_mean,-0.2710355910909896,0.2710355910909896,377,False,False,True,False,M4_Spearman_RF
1,Arizona,geochem2_nure_Pb_ppm_max_25km,climate_aet_annual_sum,0.2694244865686083,0.2694244865686083,402,False,False,True,False,M4_Spearman_RF
1,Arizona,geochem2_nure_Bi_ppm_median_50km,climate_vap_annual_mean,-0.2689019627539832,0.2689019627539832,433,False,False,True,False,M4_Spearman_RF
1,Arizona,geochem2_nure_Ag_ppm_max_10km,climate_vap_annual_mean,-0.2671041185251434,0.2671041185251434,377,False,False,True,False,M4_Spearman_RF
1,Arizona,geochem2_nure_Sb_ppm_max_10km,climate_vap_annual_mean,-0.2670074531463036,0.2670074531463036,377,False,False,True,False,M4_Spearman_RF
1,Arizona,geochem2_nure_Cu_ppm_max_50km,climate_aet_pet_ratio_annual,0.2659434134091249,0.2659434134091249,433,False,False,False,False,M4_Spearman_RF
1,Arizona,geochem1_usgs_W_value_median_10km,climate_vap_annual_mean,-0.26575297017083516,0.26575297017083516,792,False,False,True,False,M4_Spearman_RF
1,Arizona,geochem2_nure_Pb_ppm_max_10km,climate_aet_annual_sum,0.26415856546414695,0.26415856546414695,377,False,False,True,False,M4_Spearman_RF
1,Arizona,geochem1_usgs_Mo_value_max_5km,climate_vap_annual_mean,-0.2640063189911397,0.2640063189911397,735,False,False,True,False,M4_Spearman_RF
1,Arizona,geochem2_nure_Mo_ppm_p95_10km,climate_vap_annual_mean,-0.2603811316108701,0.2603811316108701,377,False,False,True,False,M4_Spearman_RF
1,Arizona,geochem1_usgs_Zn_value_median_25km,climate_q_annual_sum,0.2589039984045308,0.2589039984045308,1100,False,False,True,False,M4_Spearman_RF
1,Arizona,geochem1_usgs_Zn_value_median_50km,climate_q_annual_sum,0.25870053250682473,0.25870053250682473,1100,False,False,True,False,M4_Spearman_RF
1,Arizona,geochem1_usgs_Au_value_max_5km,climate_vap_annual_mean,-0.25858163341544105,0.25858163341544105,550,False,False,True,False,M4_Spearman_RF
1,Arizona,geochem1_usgs_Ag_value_max_5km,climate_vap_annual_mean,-0.2573594476301658,0.2573594476301658,662,False,False,True,False,M4_Spearman_RF
1,Arizona,geochem2_nure_Bi_ppm_median_25km,climate_vap_annual_mean,-0.2558877829836973,0.2558877829836973,402,False,False,True,False,M4_Spearman_RF
1,Arizona,geochem2_nure_Au_sq_ppm_max_50km,climate_vap_annual_mean,-0.2556762201487936,0.2556762201487936,433,False,False,True,False,M4_Spearman_RF
1,Arizona,geochem2_nure_Ag_ppm_p95_10km,climate_vap_annual_mean,-0.2553860390032417,0.2553860390032417,377,False,False,True,False,M4_Spearman_RF
1,Arizona,geochem1_usgs_Au_value_p95_5km,climate_vap_annual_mean,-0.2531663555825323,0.2531663555825323,550,False,False,True,False,M4_Spearman_RF
1,Arizona,geochem1_usgs_Mo_value_median_50km,climate_vap_annual_mean,-0.2494856438656994,0.2494856438656994,1100,False,False,True,False,M4_Spearman_RF
1,Arizona,geochem2_nure_As_ppm_p95_10km,climate_vap_annual_mean,-0.24808323376852523,0.24808323376852523,377,False,False,True,False,M4_Spearman_RF
1,Arizona,geochem2_nure_Cu_ppm_mean_10km,climate_q_annual_sum,0.2478652017505333,0.2478652017505333,377,False,False,False,False,M4_Spearman_RF
1,Arizona,geochem2_nure_Re_ppm_median_50km,climate_srad_annual_mean,0.24730072494877028,0.24730072494877028,428,False,False,True,False,M4_Spearman_RF
1,Arizona,geochem2_nure_Sb_ppm_mean_10km,climate_vap_annual_mean,-0.24585027125710132,0.24585027125710132,377,False,False,True,False,M4_Spearman_RF
1,Arizona,geochem1_usgs_Zn_value_median_10km,climate_q_annual_sum,0.24546038738397313,0.24546038738397313,1078,False,False,True,False,M4_Spearman_RF
1,Arizona,geochem1_usgs_Mo_value_p95_5km,climate_vap_annual_mean,-0.24484397584442077,0.24484397584442077,735,False,False,True,False,M4_Spearman_RF
1,Arizona,geochem1_usgs_Ag_value_p95_5km,climate_vap_annual_mean,-0.24427390999428608,0.24427390999428608,662,False,False,True,False,M4_Spearman_RF
1,Arizona,geochem1_usgs_Cu_value_nearest,climate_q_annual_sum,0.2413530230791635,0.2413530230791635,636,False,False,False,False,M4_Spearman_RF
1,Arizona,geochem2_nure_As_ppm_mean_10km,climate_vap_annual_mean,-0.2405570761021561,0.2405570761021561,377,False,False,True,False,M4_Spearman_RF
1,Arizona,geochem1_usgs_Au_value_median_5km,env_climate_swe_annual_mean_mm,0.23956255259871612,0.23956255259871612,550,False,False,True,False,M4_Spearman_RF
1,Arizona,geochem2_nure_Re_ppm_mean_25km,climate_srad_annual_mean,0.2394291280200508,0.2394291280200508,378,False,False,True,False,M4_Spearman_RF
1,Arizona,geochem2_nure_Bi_ppm_p95_10km,climate_vap_annual_mean,-0.23875738465785273,0.23875738465785273,377,False,False,True,False,M4_Spearman_RF
1,Arizona,geochem1_usgs_Cu_value_median_5km,climate_q_annual_sum,0.23515877509287758,0.23515877509287758,853,False,False,False,False,M4_Spearman_RF
1,Arizona,geochem2_nure_Sb_ppm_p95_10km,climate_vap_annual_mean,-0.23460532766097378,0.23460532766097378,377,False,False,True,False,M4_Spearman_RF
1,Arizona,geochem2_nure_Bi_ppm_mean_10km,climate_vap_annual_mean,-0.23341918035416612,0.23341918035416612,377,False,False,True,False,M4_Spearman_RF
1,Arizona,geochem1_usgs_Cu_value_p95_10km,climate_vap_annual_mean,-0.23282415854640898,0.23282415854640898,1069,False,False,False,False,M4_Spearman_RF
1,Arizona,geochem1_usgs_Cu_value_max_5km,climate_vap_annual_mean,-0.2326795463158338,0.2326795463158338,853,False,False,False,False,M4_Spearman_RF
1,Arizona,geochem1_usgs_Mo_value_median_25km,climate_vap_annual_mean,-0.23216582970386165,0.23216582970386165,1098,False,False,True,False,M4_Spearman_RF
1,Arizona,geochem2_nure_W_ppm_mean_10km,climate_vap_annual_mean,-0.2306679126737921,0.2306679126737921,377,False,False,True,False,M4_Spearman_RF
1,Arizona,geochem2_nure_Au_sq_ppm_max_25km,climate_tmax_annual_mean,-0.2293031732885232,0.2293031732885232,402,False,False,True,False,M4_Spearman_RF
1,Arizona,geochem1_usgs_Zn_value_nearest,climate_q_annual_sum,0.2286224743620944,0.2286224743620944,879,False,False,True,False,M4_Spearman_RF
1,Arizona,geochem1_usgs_Zn_value_mean_10km,climate_vap_annual_mean,-0.22854495553627316,0.22854495553627316,1078,False,False,True,False,M4_Spearman_RF
1,Arizona,geochem2_nure_Bi_ppm_nearest,climate_vap_annual_mean,-0.2275020801520423,0.2275020801520423,1100,False,False,True,False,M4_Spearman_RF
1,Arizona,geochem2_nure_Re_ppm_median_25km,climate_srad_annual_mean,0.22176187029691247,0.22176187029691247,378,False,False,True,False,M4_Spearman_RF
1,Arizona,geochem2_nure_Au_sq_ppm_max_10km,climate_aet_annual_sum,0.22052264982750128,0.22052264982750128,376,False,False,True,False,M4_Spearman_RF
1,Arizona,geochem1_usgs_Au_value_mean_5km,climate_vap_annual_mean,-0.2200352839184512,0.2200352839184512,550,False,False,True,False,M4_Spearman_RF
1,Arizona,geochem2_nure_Au_sq_ppm_mean_25km,climate_vap_annual_mean,-0.2168407946148941,0.2168407946148941,402,False,False,True,False,M4_Spearman_RF
1,Arizona,geochem1_usgs_W_value_max_5km,climate_tmin_annual_mean,-0.2161437359584849,0.2161437359584849,544,False,False,True,False,M4_Spearman_RF
1,Arizona,geochem2_nure_As_ppm_median_10km,climate_aet_annual_sum,-0.21130365794234915,0.21130365794234915,377,False,False,True,False,M4_Spearman_RF
1,Arizona,geochem1_usgs_Zn_value_median_5km,env_climate_ppt_annual_mm,0.20855670106838242,0.20855670106838242,943,False,False,True,False,M4_Spearman_RF
1,Arizona,geochem1_usgs_W_value_p95_5km,climate_tmin_annual_mean,-0.20766660376846402,0.20766660376846402,544,False,False,True,False,M4_Spearman_RF
1,Arizona,geochem1_usgs_Ag_value_mean_5km,climate_vap_annual_mean,-0.20715946348270795,0.20715946348270795,662,False,False,True,False,M4_Spearman_RF
1,Arizona,geochem2_nure_Bi_ppm_max_10km,climate_vap_annual_mean,-0.20426760519548634,0.20426760519548634,377,False,False,True,False,M4_Spearman_RF
1,Arizona,geochem2_nure_Au_sq_ppm_median_50km,climate_vap_annual_mean,-0.1981211705076548,0.1981211705076548,433,False,False,True,False,M4_Spearman_RF
1,Arizona,geochem2_nure_Pb_ppm_p95_10km,climate_ws_annual_mean,0.19703026884335528,0.19703026884335528,377,False,False,True,False,M4_Spearman_RF
1,Arizona,geochem2_nure_Pb_ppm_p95_25km,climate_ws_annual_mean,0.19496960866747418,0.19496960866747418,402,False,False,True,False,M4_Spearman_RF
1,Arizona,geochem1_usgs_Re_value_median_25km,climate_aet_annual_sum,0.19449275999535995,0.19449275999535995,470,False,False,True,False,M4_Spearman_RF
1,Arizona,geochem1_usgs_W_value_mean_5km,climate_tmin_annual_mean,-0.19174836493707145,0.19174836493707145,544,False,False,True,False,M4_Spearman_RF
1,Arizona,geochem1_usgs_Cu_value_mean_10km,climate_vap_annual_mean,-0.1906220324752166,0.1906220324752166,1069,False,False,False,False,M4_Spearman_RF
1,Arizona,geochem2_nure_W_ppm_max_10km,climate_vap_annual_mean,-0.1891824779918624,0.1891824779918624,377,False,False,True,False,M4_Spearman_RF
1,Arizona,geochem2_nure_W_ppm_p95_10km,climate_vap_annual_mean,-0.18879911250768658,0.18879911250768658,377,False,False,True,False,M4_Spearman_RF
1,Arizona,geochem1_usgs_Ag_value_median_5km,climate_aet_annual_sum,0.18840821738873392,0.18840821738873392,662,False,False,True,False,M4_Spearman_RF
1,Arizona,geochem1_usgs_Re_value_p95_50km,env_climate_swe_annual_mean_mm,-0.18637942445842448,0.18637942445842448,626,False,False,True,False,M4_Spearman_RF
1,Arizona,geochem1_usgs_Re_value_mean_50km,env_climate_swe_annual_mean_mm,-0.18594135183183444,0.18594135183183444,626,False,False,True,False,M4_Spearman_RF
1,Arizona,geochem2_nure_Re_ppm_p95_25km,climate_srad_annual_mean,0.18103869362894098,0.18103869362894098,378,False,False,True,False,M4_Spearman_RF
1,Arizona,geochem1_usgs_Cu_value_p95_5km,climate_vap_annual_mean,-0.17895469720016066,0.17895469720016066,853,False,False,False,False,M4_Spearman_RF
1,Arizona,geochem2_nure_Au_sq_ppm_mean_10km,climate_tmax_annual_mean,-0.17321976805287312,0.17321976805287312,376,False,False,True,False,M4_Spearman_RF
1,Arizona,geochem2_nure_Au_sq_ppm_p95_10km,climate_vap_annual_mean,-0.1721144468188105,0.1721144468188105,376,False,False,True,False,M4_Spearman_RF
1,Arizona,geochem2_nure_Au_sq_ppm_median_25km,climate_srad_annual_mean,-0.16992596918368802,0.16992596918368802,402,False,False,True,False,M4_Spearman_RF
1,Arizona,geochem2_nure_Pb_ppm_p95_50km,climate_srad_annual_mean,0.16937341552948257,0.16937341552948257,433,False,False,True,False,M4_Spearman_RF
1,Arizona,geochem1_usgs_Zn_value_mean_5km,climate_vap_annual_mean,-0.16921531039125232,0.16921531039125232,943,False,False,True,False,M4_Spearman_RF
1,Arizona,geochem2_nure_Bi_ppm_median_10km,climate_vap_annual_mean,-0.16673676352061437,0.16673676352061437,377,False,False,True,False,M4_Spearman_RF
1,Arizona,geochem1_usgs_Ag_value_median_50km,climate_aet_annual_sum,0.16651776892741002,0.16651776892741002,1096,False,False,True,False,M4_Spearman_RF
1,Arizona,geochem1_usgs_Re_value_max_50km,env_climate_swe_annual_mean_mm,-0.16483603788819232,0.16483603788819232,626,False,False,True,False,M4_Spearman_RF
1,Arizona,geochem1_usgs_Mo_value_mean_5km,climate_vap_annual_mean,-0.1626132987069823,0.1626132987069823,735,False,False,True,False,M4_Spearman_RF
1,Arizona,geochem1_usgs_Mo_value_median_5km,env_climate_tmean_annual_c,-0.16164385845868406,0.16164385845868406,735,False,False,True,False,M4_Spearman_RF
1,Arizona,geochem1_usgs_Mo_value_nearest,env_climate_swe_annual_mean_mm,0.15762120813233138,0.15762120813233138,350,False,False,True,False,M4_Spearman_RF
1,Arizona,geochem2_nure_Cu_ppm_nearest,climate_q_annual_sum,0.15458821794797245,0.15458821794797245,1100,False,False,False,False,M4_Spearman_RF
1,Arizona,geochem1_usgs_W_value_median_5km,climate_vap_annual_mean,-0.15419840315767386,0.15419840315767386,544,False,False,True,False,M4_Spearman_RF
1,Arizona,geochem1_usgs_Cu_value_mean_5km,climate_q_annual_sum,0.144092612846159,0.144092612846159,853,False,False,False,False,M4_Spearman_RF
1,Arizona,geochem2_nure_Re_ppm_max_25km,climate_vap_annual_mean,-0.1365375221296953,0.1365375221296953,378,False,False,True,False,M4_Spearman_RF
1,Arizona,geochem1_usgs_Mo_value_median_10km,env_climate_swe_annual_mean_mm,0.12714710945245092,0.12714710945245092,958,False,False,True,False,M4_Spearman_RF
1,Arizona,geochem2_nure_Au_sq_ppm_median_10km,climate_vap_annual_mean,-0.1232172202491755,0.1232172202491755,376,False,False,True,False,M4_Spearman_RF
1,Arizona,geochem1_usgs_Re_value_max_25km,climate_dtr_annual_mean,-0.12079442519863533,0.12079442519863533,470,False,False,True,False,M4_Spearman_RF
1,Arizona,geochem1_usgs_Ag_value_median_25km,climate_vap_annual_mean,-0.11338595458259831,0.11338595458259831,1039,False,False,True,False,M4_Spearman_RF
1,Arizona,geochem1_usgs_Ag_value_median_10km,env_climate_swe_annual_mean_mm,0.11303409636646633,0.11303409636646633,833,False,False,True,False,M4_Spearman_RF
1,Arizona,geochem1_usgs_Re_value_mean_25km,climate_aet_annual_sum,0.11261960006010968,0.11261960006010968,470,False,False,True,False,M4_Spearman_RF
1,Arizona,geochem1_usgs_Re_value_p95_25km,climate_aet_annual_sum,0.10478970678948663,0.10478970678948663,470,False,False,True,False,M4_Spearman_RF
1,Arizona,geochem1_usgs_Ag_value_max_25km,climate_vap_annual_mean,-0.6455988805713773,0.6455988805713773,1039,True,True,True,True,M4_GraphUnion_RF
1,Arizona,geochem1_usgs_Ag_value_max_50km,climate_vap_annual_mean,-0.6446717199560933,0.6446717199560933,1096,True,True,True,True,M4_GraphUnion_RF
1,Arizona,geochem1_usgs_W_value_max_50km,climate_vap_annual_mean,-0.6395106029830849,0.6395106029830849,1100,True,True,True,True,M4_GraphUnion_RF
1,Arizona,geochem1_usgs_Bi_value_max_50km,climate_vap_annual_mean,-0.6282286142924448,0.6282286142924448,1100,True,True,True,True,M4_GraphUnion_RF
1,Arizona,geochem1_usgs_Au_value_max_25km,climate_vap_annual_mean,-0.6268472648849098,0.6268472648849098,1035,True,True,True,True,M4_GraphUnion_RF
1,Arizona,geochem1_usgs_Bi_value_max_25km,climate_vap_annual_mean,-0.6126536105559961,0.6126536105559961,1070,True,True,True,True,M4_GraphUnion_RF
1,Arizona,geochem1_usgs_As_value_max_50km,climate_vap_annual_mean,-0.6098563228912577,0.6098563228912577,1100,True,True,True,True,M4_GraphUnion_RF
1,Arizona,geochem2_nure_Sb_ppm_nearest,climate_vap_annual_mean,-0.6091244032986758,0.6091244032986758,1100,True,True,True,True,M4_GraphUnion_RF
1,Arizona,geochem1_usgs_As_value_max_25km,climate_vap_annual_mean,-0.6091023812770645,0.6091023812770645,1100,True,True,True,True,M4_GraphUnion_RF
1,Arizona,geochem1_usgs_Pb_value_max_50km,climate_vap_annual_mean,-0.607077377188512,0.607077377188512,1100,True,True,True,True,M4_GraphUnion_RF
1,Arizona,geochem1_usgs_Ag_value_mean_50km,climate_vap_annual_mean,-0.6030895271017643,0.6030895271017643,1096,True,True,True,True,M4_GraphUnion_RF
1,Arizona,geochem1_usgs_Pb_value_max_25km,climate_vap_annual_mean,-0.6028761171446059,0.6028761171446059,1100,True,True,True,True,M4_GraphUnion_RF
1,Arizona,geochem1_usgs_W_value_max_25km,climate_vap_annual_mean,-0.6009191100178121,0.6009191100178121,1067,True,True,True,True,M4_GraphUnion_RF
1,Arizona,geochem2_nure_As_ppm_nearest,climate_srad_annual_mean,0.5908166149013291,0.5908166149013291,1100,True,True,True,True,M4_GraphUnion_RF
1,Arizona,geochem1_usgs_Au_value_max_50km,climate_vap_annual_mean,-0.585407190850601,0.585407190850601,1087,True,True,True,True,M4_GraphUnion_RF
1,Arizona,geochem1_usgs_Sb_value_max_25km,climate_vap_annual_mean,-0.5839996522491547,0.5839996522491547,1087,True,True,True,True,M4_GraphUnion_RF
1,Arizona,geochem1_usgs_Mo_value_max_25km,climate_vap_annual_mean,-0.583338028291112,0.583338028291112,1098,True,True,True,True,M4_GraphUnion_RF
1,Arizona,geochem2_nure_W_ppm_nearest,climate_vap_annual_mean,-0.5814357401050648,0.5814357401050648,1100,True,True,True,True,M4_GraphUnion_RF
1,Arizona,geochem1_usgs_Ag_value_mean_25km,climate_vap_annual_mean,-0.5752678332977077,0.5752678332977077,1039,True,True,True,True,M4_GraphUnion_RF
1,Arizona,geochem1_usgs_Pb_value_mean_50km,climate_vap_annual_mean,-0.5730363728988002,0.5730363728988002,1100,True,True,True,True,M4_GraphUnion_RF
1,Arizona,geochem2_nure_Au_sq_ppm_nearest,climate_vap_annual_mean,-0.5721707410790072,0.5721707410790072,890,True,True,True,True,M4_GraphUnion_RF
1,Arizona,geochem1_usgs_Sb_value_max_50km,climate_vap_annual_mean,-0.5717155134927664,0.5717155134927664,1100,True,True,True,True,M4_GraphUnion_RF
1,Arizona,geochem1_usgs_Sb_value_p95_50km,climate_vap_annual_mean,-0.5685382607934529,0.5685382607934529,1100,True,True,True,True,M4_GraphUnion_RF
1,Arizona,geochem2_nure_Ag_ppm_nearest,climate_srad_annual_mean,0.567163070630498,0.567163070630498,1100,True,True,True,True,M4_GraphUnion_RF
1,Arizona,geochem1_usgs_As_value_mean_50km,climate_vap_annual_mean,-0.5645929766907802,0.5645929766907802,1100,True,True,True,True,M4_GraphUnion_RF
1,Arizona,geochem1_usgs_Pb_value_mean_25km,climate_vap_annual_mean,-0.5597502134444939,0.5597502134444939,1100,True,True,True,True,M4_GraphUnion_RF
1,Arizona,geochem1_usgs_Zn_value_max_25km,climate_vap_annual_mean,-0.5541059313382946,0.5541059313382946,1100,True,True,True,True,M4_GraphUnion_RF
1,Arizona,geochem1_usgs_Au_value_max_10km,climate_vap_annual_mean,-0.5521931162123269,0.5521931162123269,820,True,True,True,True,M4_GraphUnion_RF
1,Arizona,geochem2_nure_Sb_ppm_max_50km,climate_vap_annual_mean,-0.5519805323979505,0.5519805323979505,433,True,True,True,True,M4_GraphUnion_RF
1,Arizona,geochem1_usgs_As_value_mean_25km,climate_vap_annual_mean,-0.5517461563129993,0.5517461563129993,1100,True,True,True,True,M4_GraphUnion_RF
1,Arizona,geochem1_usgs_Sb_value_mean_25km,climate_vap_annual_mean,-0.5437388181110554,0.5437388181110554,1087,True,True,True,True,M4_GraphUnion_RF
1,Arizona,geochem1_usgs_Pb_value_median_50km,climate_vap_annual_mean,-0.5421619336181008,0.5421619336181008,1100,True,True,True,True,M4_GraphUnion_RF
1,Arizona,geochem1_usgs_Bi_value_mean_50km,climate_vap_annual_mean,-0.5417844521375333,0.5417844521375333,1100,True,True,True,True,M4_GraphUnion_RF
1,Arizona,geochem1_usgs_Bi_value_mean_25km,climate_vap_annual_mean,-0.5411618055940605,0.5411618055940605,1070,True,True,True,True,M4_GraphUnion_RF
1,Arizona,geochem1_usgs_As_value_p95_25km,climate_vap_annual_mean,-0.5406583544529285,0.5406583544529285,1100,True,True,True,True,M4_GraphUnion_RF
1,Arizona,geochem1_usgs_As_value_p95_50km,climate_vap_annual_mean,-0.5403761126997034,0.5403761126997034,1100,True,True,True,True,M4_GraphUnion_RF
1,Arizona,geochem1_usgs_Pb_value_max_10km,climate_vap_annual_mean,-0.5396874980480759,0.5396874980480759,1074,True,True,True,True,M4_GraphUnion_RF
1,Arizona,geochem1_usgs_Sb_value_mean_50km,climate_vap_annual_mean,-0.5394442144049567,0.5394442144049567,1100,True,True,True,True,M4_GraphUnion_RF
1,Arizona,geochem1_usgs_Ag_value_p95_25km,climate_vap_annual_mean,-0.5367358520070331,0.5367358520070331,1039,True,True,True,True,M4_GraphUnion_RF
1,Arizona,geochem1_usgs_Cu_value_median_50km,climate_soil_annual_mean,0.5366319595165483,0.5366319595165483,1100,True,True,False,True,M4_GraphUnion_RF
1,Arizona,geochem1_usgs_Zn_value_max_50km,climate_vap_annual_mean,-0.5359451564904788,0.5359451564904788,1100,True,True,True,True,M4_GraphUnion_RF
1,Arizona,geochem1_usgs_Au_value_mean_25km,climate_vap_annual_mean,-0.5343686682779702,0.5343686682779702,1035,True,True,True,True,M4_GraphUnion_RF
1,Arizona,geochem1_usgs_Sb_value_p95_25km,climate_vap_annual_mean,-0.5309360482849285,0.5309360482849285,1087,True,True,True,True,M4_GraphUnion_RF
1,Arizona,geochem1_usgs_As_value_max_10km,climate_vap_annual_mean,-0.5255830517541475,0.5255830517541475,1053,True,True,True,True,M4_GraphUnion_RF
1,Arizona,geochem1_usgs_Ag_value_p95_50km,climate_vap_annual_mean,-0.5255689848388264,0.5255689848388264,1096,True,True,True,True,M4_GraphUnion_RF
1,Arizona,geochem1_usgs_Mo_value_max_50km,climate_vap_annual_mean,-0.5220459823389663,0.5220459823389663,1100,True,True,True,True,M4_GraphUnion_RF
1,Arizona,geochem1_usgs_Cu_value_max_50km,climate_vap_annual_mean,-0.5145003430255403,0.5145003430255403,1100,True,True,False,True,M4_GraphUnion_RF
1,Arizona,geochem1_usgs_Au_value_p95_25km,climate_vap_annual_mean,-0.5098625787568826,0.5098625787568826,1035,True,True,True,True,M4_GraphUnion_RF
1,Arizona,geochem1_usgs_Ag_value_max_10km,climate_vap_annual_mean,-0.509375101163778,0.509375101163778,833,True,True,True,True,M4_GraphUnion_RF
1,Arizona,geochem1_usgs_As_value_p95_10km,climate_vap_annual_mean,-0.5080574341097928,0.5080574341097928,1053,True,True,True,True,M4_GraphUnion_RF
1,Arizona,geochem1_usgs_Pb_value_median_25km,climate_vap_annual_mean,-0.5062449112746793,0.5062449112746793,1100,True,True,True,True,M4_GraphUnion_RF
1,Arizona,geochem1_usgs_Pb_value_p95_50km,climate_vap_annual_mean,-0.506229995016495,0.506229995016495,1100,True,True,True,True,M4_GraphUnion_RF
1,Arizona,geochem1_usgs_Mo_value_p95_25km,climate_vap_annual_mean,-0.50618030248559,0.50618030248559,1098,True,True,True,True,M4_GraphUnion_RF
1,Arizona,geochem2_nure_Sb_ppm_mean_50km,climate_vap_annual_mean,-0.5052893122604276,0.5052893122604276,433,True,True,True,True,M4_GraphUnion_RF
1,Arizona,geochem1_usgs_Pb_value_p95_25km,climate_vap_annual_mean,-0.5022050740224636,0.5022050740224636,1100,True,True,True,True,M4_GraphUnion_RF
1,Arizona,geochem1_usgs_Bi_value_p95_25km,climate_vap_annual_mean,-0.5010023570495898,0.5010023570495898,1070,True,True,True,True,M4_GraphUnion_RF
1,Arizona,geochem2_nure_Pb_ppm_median_50km,climate_srad_annual_mean,0.4981305793489604,0.4981305793489604,433,True,True,True,True,M4_GraphUnion_RF
1,Arizona,geochem2_nure_Ag_ppm_mean_50km,climate_vap_annual_mean,-0.49803726578158336,0.49803726578158336,433,True,True,True,True,M4_GraphUnion_RF
1,Arizona,geochem1_usgs_Sb_value_max_10km,climate_vap_annual_mean,-0.4945731428637096,0.4945731428637096,871,True,True,True,True,M4_GraphUnion_RF
1,Arizona,geochem1_usgs_W_value_mean_50km,climate_vap_annual_mean,-0.4943318169770183,0.4943318169770183,1100,True,True,True,True,M4_GraphUnion_RF
1,Arizona,geochem1_usgs_Au_value_p95_10km,climate_vap_annual_mean,-0.49247023711686916,0.49247023711686916,820,True,True,True,True,M4_GraphUnion_RF
1,Arizona,geochem1_usgs_As_value_mean_10km,climate_vap_annual_mean,-0.4891168030965587,0.4891168030965587,1053,True,True,True,True,M4_GraphUnion_RF
1,Arizona,geochem1_usgs_Cu_value_max_25km,climate_vap_annual_mean,-0.4885778811636679,0.4885778811636679,1100,True,True,False,True,M4_GraphUnion_RF
1,Arizona,geochem1_usgs_W_value_mean_25km,climate_vap_annual_mean,-0.48795550435278084,0.48795550435278084,1067,True,True,True,True,M4_GraphUnion_RF
1,Arizona,geochem1_usgs_Mo_value_mean_25km,climate_vap_annual_mean,-0.4870767353507735,0.4870767353507735,1098,True,True,True,True,M4_GraphUnion_RF
1,Arizona,geochem1_usgs_Pb_value_mean_10km,climate_vap_annual_mean,-0.4861967003652469,0.4861967003652469,1074,True,True,True,True,M4_GraphUnion_RF
1,Arizona,geochem1_usgs_As_value_max_5km,climate_vap_annual_mean,-0.4812346202737018,0.4812346202737018,857,True,True,True,True,M4_GraphUnion_RF
1,Arizona,geochem1_usgs_Mo_value_p95_50km,climate_vap_annual_mean,-0.4800106118537023,0.4800106118537023,1100,True,True,True,True,M4_GraphUnion_RF
1,Arizona,geochem1_usgs_As_value_p95_5km,climate_vap_annual_mean,-0.4764994309936031,0.4764994309936031,857,True,True,True,True,M4_GraphUnion_RF
1,Arizona,geochem1_usgs_Pb_value_p95_10km,climate_vap_annual_mean,-0.4707153484572098,0.4707153484572098,1074,True,True,True,True,M4_GraphUnion_RF
1,Arizona,geochem1_usgs_Mo_value_max_10km,climate_vap_annual_mean,-0.4699402112524012,0.4699402112524012,958,True,True,True,True,M4_GraphUnion_RF
1,Arizona,geochem2_nure_As_ppm_max_50km,climate_vap_annual_mean,-0.46909243128854167,0.46909243128854167,433,True,True,True,True,M4_GraphUnion_RF
1,Arizona,geochem2_nure_Zn_ppm_p95_50km,climate_aet_pet_ratio_annual,0.46897307037966446,0.46897307037966446,433,True,True,True,True,M4_GraphUnion_RF
1,Arizona,geochem2_nure_Ag_ppm_max_50km,climate_vap_annual_mean,-0.4630933699185614,0.4630933699185614,433,True,True,True,True,M4_GraphUnion_RF
1,Arizona,geochem1_usgs_As_value_mean_5km,climate_vap_annual_mean,-0.4629319975087924,0.4629319975087924,857,True,True,True,True,M4_GraphUnion_RF
1,Arizona,geochem1_usgs_Cu_value_median_25km,climate_soil_annual_mean,0.4628201537564732,0.4628201537564732,1100,True,True,False,True,M4_GraphUnion_RF
1,Arizona,geochem1_usgs_Au_value_p95_50km,climate_vap_annual_mean,-0.4575741868789034,0.4575741868789034,1087,True,True,True,True,M4_GraphUnion_RF
1,Arizona,geochem1_usgs_Au_value_mean_50km,climate_vap_annual_mean,-0.4568676577157889,0.4568676577157889,1087,True,True,True,True,M4_GraphUnion_RF
1,Arizona,geochem1_usgs_Sb_value_p95_10km,climate_vap_annual_mean,-0.45642237872579455,0.45642237872579455,871,True,True,True,True,M4_GraphUnion_RF
1,Arizona,geochem1_usgs_Sb_value_mean_10km,climate_vap_annual_mean,-0.45583818780236274,0.45583818780236274,871,True,True,True,True,M4_GraphUnion_RF
1,Arizona,geochem2_nure_Pb_ppm_nearest,climate_srad_annual_mean,0.45045658936536576,0.45045658936536576,1100,True,True,True,True,M4_GraphUnion_RF
1,Arizona,geochem1_usgs_Zn_value_max_10km,climate_vap_annual_mean,-0.4488783744191551,0.4488783744191551,1078,True,True,True,True,M4_GraphUnion_RF
1,Arizona,geochem1_usgs_Au_value_mean_10km,climate_vap_annual_mean,-0.4483168068940666,0.4483168068940666,820,True,True,True,True,M4_GraphUnion_RF
1,Arizona,geochem1_usgs_As_value_median_50km,climate_vap_annual_mean,-0.44578505072056496,0.44578505072056496,1100,True,True,True,True,M4_GraphUnion_RF
1,Arizona,geochem1_usgs_Pb_value_max_5km,climate_vap_annual_mean,-0.44384403059444294,0.44384403059444294,928,True,True,True,True,M4_GraphUnion_RF
1,Arizona,geochem1_usgs_Sb_value_median_50km,climate_vap_annual_mean,-0.44140298166944314,0.44140298166944314,1100,True,True,True,True,M4_GraphUnion_RF
1,Arizona,geochem1_usgs_Ag_value_p95_10km,climate_vap_annual_mean,-0.4411130610088522,0.4411130610088522,833,True,True,True,True,M4_GraphUnion_RF
1,Arizona,geochem2_nure_Sb_ppm_median_50km,climate_aet_annual_sum,-0.43814397042153375,0.43814397042153375,433,True,True,True,True,M4_GraphUnion_RF
1,Arizona,geochem1_usgs_Bi_value_p95_50km,climate_vap_annual_mean,-0.4343939849726372,0.4343939849726372,1100,True,True,True,True,M4_GraphUnion_RF
1,Arizona,geochem1_usgs_As_value_median_25km,climate_vap_annual_mean,-0.43231999482779954,0.43231999482779954,1100,True,True,True,True,M4_GraphUnion_RF
1,Arizona,geochem1_usgs_Mo_value_mean_50km,climate_vap_annual_mean,-0.43195830583427314,0.43195830583427314,1100,True,True,True,True,M4_GraphUnion_RF
1,Arizona,geochem2_nure_Zn_ppm_max_10km,env_climate_ppt_annual_mm,0.43153586240656755,0.43153586240656755,377,True,True,True,True,M4_GraphUnion_RF
1,Arizona,geochem1_usgs_W_value_p95_25km,climate_vap_annual_mean,-0.4304275304829263,0.4304275304829263,1067,True,True,True,True,M4_GraphUnion_RF
1,Arizona,geochem2_nure_Ag_ppm_median_50km,climate_vap_annual_mean,-0.4303472873103837,0.4303472873103837,433,True,True,True,True,M4_GraphUnion_RF
1,Arizona,geochem1_usgs_Pb_value_p95_5km,climate_vap_annual_mean,-0.4300695000682674,0.4300695000682674,928,True,True,True,True,M4_GraphUnion_RF
1,Arizona,geochem1_usgs_Pb_value_median_10km,climate_vap_annual_mean,-0.42836778193725444,0.42836778193725444,1074,True,True,True,True,M4_GraphUnion_RF
1,Arizona,geochem2_nure_Pb_ppm_median_25km,climate_srad_annual_mean,0.426442332030805,0.426442332030805,402,True,True,True,True,M4_GraphUnion_RF
1,Arizona,geochem1_usgs_Pb_value_mean_5km,climate_vap_annual_mean,-0.4222934580369647,0.4222934580369647,928,True,True,True,True,M4_GraphUnion_RF
1,Arizona,geochem1_usgs_Sb_value_median_25km,climate_vap_annual_mean,-0.4215747015220507,0.4215747015220507,1087,True,True,True,True,M4_GraphUnion_RF
1,Arizona,geochem2_nure_Mo_ppm_median_50km,climate_vap_annual_mean,-0.42098202887075586,0.42098202887075586,433,True,True,True,True,M4_GraphUnion_RF
1,Arizona,geochem1_usgs_Ag_value_mean_10km,climate_vap_annual_mean,-0.41793863254929786,0.41793863254929786,833,True,True,True,True,M4_GraphUnion_RF
1,Arizona,geochem2_nure_Ag_ppm_p95_50km,climate_vap_annual_mean,-0.41677577021802986,0.41677577021802986,433,True,True,True,True,M4_GraphUnion_RF
1,Arizona,geochem2_nure_Zn_ppm_p95_25km,env_climate_ppt_annual_mm,0.4104741088900882,0.4104741088900882,402,True,True,True,True,M4_GraphUnion_RF
1,Arizona,geochem1_usgs_W_value_median_50km,climate_vap_annual_mean,-0.40816742332209816,0.40816742332209816,1100,True,True,True,True,M4_GraphUnion_RF
1,Arizona,geochem2_nure_As_ppm_mean_50km,climate_vap_annual_mean,-0.4054490081811116,0.4054490081811116,433,True,True,True,True,M4_GraphUnion_RF
1,Arizona,geochem1_usgs_Mo_value_p95_10km,climate_vap_annual_mean,-0.40422176486060796,0.40422176486060796,958,True,True,True,True,M4_GraphUnion_RF
1,Arizona,geochem1_usgs_Zn_value_mean_50km,climate_vap_annual_mean,-0.40212218501131447,0.40212218501131447,1100,True,True,True,True,M4_GraphUnion_RF
1,Arizona,geochem1_usgs_W_value_max_10km,climate_vap_annual_mean,-0.40132786491467765,0.40132786491467765,792,True,True,True,True,M4_GraphUnion_RF
1,Arizona,geochem2_nure_Sb_ppm_p95_50km,climate_vap_annual_mean,-0.4010330253698355,0.4010330253698355,433,True,True,True,True,M4_GraphUnion_RF
1,Arizona,geochem1_usgs_Cu_value_mean_50km,climate_vap_annual_mean,-0.3998553355284405,0.3998553355284405,1100,True,True,False,True,M4_GraphUnion_RF
1,Arizona,geochem2_nure_Sb_ppm_median_25km,climate_aet_annual_sum,-0.39940577285408047,0.39940577285408047,402,True,True,True,True,M4_GraphUnion_RF
1,Arizona,geochem2_nure_W_ppm_median_50km,climate_aet_annual_sum,-0.3959353422861393,0.3959353422861393,433,True,True,True,True,M4_GraphUnion_RF
1,Arizona,geochem1_usgs_As_value_median_10km,climate_vap_annual_mean,-0.3883624030246633,0.3883624030246633,1053,True,True,True,True,M4_GraphUnion_RF
1,Arizona,geochem2_nure_Sb_ppm_median_10km,climate_aet_annual_sum,-0.38718174628909696,0.38718174628909696,377,True,True,True,True,M4_GraphUnion_RF
1,Arizona,geochem2_nure_Ag_ppm_mean_25km,climate_vap_annual_mean,-0.3860295968997937,0.3860295968997937,402,True,True,True,True,M4_GraphUnion_RF
1,Arizona,geochem1_usgs_As_value_median_5km,climate_vap_annual_mean,-0.3860249594103746,0.3860249594103746,857,True,True,True,True,M4_GraphUnion_RF
1,Arizona,geochem2_nure_Zn_ppm_p95_10km,env_climate_ppt_annual_mm,0.38492142432013654,0.38492142432013654,377,True,True,True,True,M4_GraphUnion_RF
1,Arizona,geochem2_nure_Pb_ppm_median_10km,climate_srad_annual_mean,0.3840395256684145,0.3840395256684145,377,True,True,True,True,M4_GraphUnion_RF
1,Arizona,geochem2_nure_Cu_ppm_median_50km,climate_ws_annual_mean,-0.3828840110170472,0.3828840110170472,433,True,True,False,True,M4_GraphUnion_RF
1,Arizona,geochem2_nure_Zn_ppm_max_25km,climate_aet_annual_sum,0.3826391152682611,0.3826391152682611,402,True,True,True,True,M4_GraphUnion_RF
1,Arizona,geochem2_nure_Zn_ppm_mean_50km,climate_aet_pet_ratio_annual,0.3807377630753407,0.3807377630753407,433,True,True,True,True,M4_GraphUnion_RF
1,Arizona,geochem1_usgs_W_value_median_25km,climate_vap_annual_mean,-0.380675728732483,0.380675728732483,1067,True,True,True,True,M4_GraphUnion_RF
1,Arizona,geochem2_nure_Zn_ppm_mean_25km,env_climate_ppt_annual_mm,0.37804445991199914,0.37804445991199914,402,True,True,True,True,M4_GraphUnion_RF
1,Arizona,geochem1_usgs_Zn_value_mean_25km,climate_vap_annual_mean,-0.3777292697783619,0.3777292697783619,1100,True,True,True,True,M4_GraphUnion_RF
1,Arizona,geochem2_nure_Bi_ppm_mean_50km,climate_vap_annual_mean,-0.3761261009108936,0.3761261009108936,433,True,True,True,True,M4_GraphUnion_RF
1,Arizona,geochem2_nure_Mo_ppm_mean_50km,climate_vap_annual_mean,-0.3753031825644671,0.3753031825644671,433,True,True,True,True,M4_GraphUnion_RF
1,Arizona,geochem1_usgs_Bi_value_max_10km,climate_vap_annual_mean,-0.3748671886489603,0.3748671886489603,774,True,True,True,True,M4_GraphUnion_RF
1,Arizona,geochem1_usgs_Bi_value_median_50km,climate_tmin_annual_mean,-0.36993664515181096,0.36993664515181096,1100,True,True,True,True,M4_GraphUnion_RF
1,Arizona,geochem2_nure_W_ppm_median_25km,climate_aet_annual_sum,-0.36975137390122426,0.36975137390122426,402,True,True,True,True,M4_GraphUnion_RF
1,Arizona,geochem1_usgs_Pb_value_median_5km,climate_vap_annual_mean,-0.3685023066228669,0.3685023066228669,928,True,True,True,True,M4_GraphUnion_RF
1,Arizona,geochem1_usgs_Sb_value_max_5km,climate_vap_annual_mean,-0.3678683580477167,0.3678683580477167,653,True,True,True,True,M4_GraphUnion_RF
1,Arizona,geochem1_usgs_Cu_value_max_10km,climate_vap_annual_mean,-0.3664190640014003,0.3664190640014003,1069,True,True,False,True,M4_GraphUnion_RF
1,Arizona,geochem2_nure_Sb_ppm_max_25km,climate_vap_annual_mean,-0.36428317860545545,0.36428317860545545,402,True,True,True,True,M4_GraphUnion_RF
1,Arizona,geochem2_nure_Bi_ppm_max_50km,climate_vap_annual_mean,-0.36336003795523353,0.36336003795523353,433,True,True,True,True,M4_GraphUnion_RF
1,Arizona,geochem1_usgs_Sb_value_p95_5km,climate_vap_annual_mean,-0.3619788719324226,0.3619788719324226,653,True,True,True,True,M4_GraphUnion_RF
1,Arizona,geochem2_nure_W_ppm_median_10km,climate_aet_annual_sum,-0.361481702620955,0.361481702620955,377,True,True,True,True,M4_GraphUnion_RF
1,Arizona,geochem1_usgs_Pb_value_nearest,climate_vap_annual_mean,-0.3594865623979726,0.3594865623979726,814,True,True,True,True,M4_GraphUnion_RF
1,Arizona,geochem1_usgs_Sb_value_mean_5km,climate_vap_annual_mean,-0.35786049125169783,0.35786049125169783,653,True,True,True,True,M4_GraphUnion_RF
1,Arizona,geochem2_nure_Mo_ppm_median_25km,climate_vap_annual_mean,-0.35675477252409615,0.35675477252409615,402,True,True,True,True,M4_GraphUnion_RF
1,Arizona,geochem2_nure_Sb_ppm_mean_25km,climate_vap_annual_mean,-0.35604486956319453,0.35604486956319453,402,True,True,True,True,M4_GraphUnion_RF
1,Arizona,geochem2_nure_Ag_ppm_max_25km,climate_vap_annual_mean,-0.3559750545141153,0.3559750545141153,402,True,True,True,True,M4_GraphUnion_RF
1,Arizona,geochem2_nure_As_ppm_median_50km,climate_aet_annual_sum,-0.35530028284244153,0.35530028284244153,433,True,True,True,True,M4_GraphUnion_RF
1,Arizona,geochem2_nure_Pb_ppm_mean_50km,climate_ws_annual_mean,0.35512568213819823,0.35512568213819823,433,True,True,True,True,M4_GraphUnion_RF
1,Arizona,geochem2_nure_Zn_ppm_nearest,climate_vap_annual_mean,-0.3537243241531718,0.3537243241531718,1100,True,True,True,True,M4_GraphUnion_RF
1,Arizona,geochem1_usgs_Sb_value_median_10km,climate_vap_annual_mean,-0.35365703058958653,0.35365703058958653,871,True,True,True,True,M4_GraphUnion_RF
1,Arizona,geochem2_nure_As_ppm_max_25km,climate_vap_annual_mean,-0.352366704075153,0.352366704075153,402,True,True,True,True,M4_GraphUnion_RF
1,Arizona,geochem2_nure_W_ppm_mean_50km,climate_vap_annual_mean,-0.3506357412176003,0.3506357412176003,433,True,True,True,True,M4_GraphUnion_RF
1,Arizona,geochem2_nure_Ag_ppm_median_25km,climate_vap_annual_mean,-0.34857760736647525,0.34857760736647525,402,True,True,True,True,M4_GraphUnion_RF
1,Arizona,geochem1_usgs_W_value_p95_50km,climate_vap_annual_mean,-0.34790060401965006,0.34790060401965006,1100,True,True,True,True,M4_GraphUnion_RF
1,Arizona,geochem1_usgs_W_value_p95_10km,climate_vap_annual_mean,-0.34787179758234404,0.34787179758234404,792,True,True,True,True,M4_GraphUnion_RF
1,Arizona,geochem1_usgs_Re_value_median_50km,climate_aet_annual_sum,0.3475749336074146,0.3475749336074146,626,True,True,True,True,M4_GraphUnion_RF
1,Arizona,geochem1_usgs_Zn_value_p95_50km,climate_vap_annual_mean,-0.3469974268263349,0.3469974268263349,1100,True,True,True,True,M4_GraphUnion_RF
1,Arizona,geochem2_nure_Re_ppm_p95_50km,climate_srad_annual_mean,0.34637486925188743,0.34637486925188743,428,True,True,True,True,M4_GraphUnion_RF
1,Arizona,geochem2_nure_As_ppm_p95_50km,climate_vap_annual_mean,-0.3448529934321812,0.3448529934321812,433,True,True,True,True,M4_GraphUnion_RF
1,Arizona,geochem2_nure_Cu_ppm_max_10km,climate_aet_annual_sum,0.3442040465620758,0.3442040465620758,377,True,True,False,True,M4_GraphUnion_RF
1,Arizona,geochem2_nure_Re_ppm_mean_50km,climate_srad_annual_mean,0.3440905355850394,0.3440905355850394,428,True,True,True,True,M4_GraphUnion_RF
1,Arizona,geochem1_usgs_Cu_value_mean_25km,climate_vap_annual_mean,-0.34358933999619823,0.34358933999619823,1100,True,True,False,True,M4_GraphUnion_RF
1,Arizona,geochem1_usgs_Zn_value_max_5km,climate_vap_annual_mean,-0.3418785168252371,0.3418785168252371,943,True,True,True,True,M4_GraphUnion_RF
1,Arizona,geochem1_usgs_Au_value_median_25km,climate_tmin_annual_mean,-0.3417807012629548,0.3417807012629548,1035,True,True,True,True,M4_GraphUnion_RF
1,Arizona,geochem2_nure_Zn_ppm_max_50km,climate_vap_annual_mean,-0.3394236285916901,0.3394236285916901,433,True,True,True,True,M4_GraphUnion_RF
1,Arizona,geochem1_usgs_Zn_value_p95_25km,climate_vap_annual_mean,-0.33826062966898257,0.33826062966898257,1100,True,True,True,True,M4_GraphUnion_RF
1,Arizona,geochem2_nure_Zn_ppm_median_25km,climate_q_annual_sum,0.33656483394502945,0.33656483394502945,402,True,True,True,True,M4_GraphUnion_RF
1,Arizona,geochem2_nure_Au_sq_ppm_p95_50km,climate_vap_annual_mean,-0.3348964271876947,0.3348964271876947,433,True,True,True,True,M4_GraphUnion_RF
1,Arizona,geochem2_nure_Sb_ppm_p95_25km,climate_vap_annual_mean,-0.33475631288520846,0.33475631288520846,402,True,True,True,True,M4_GraphUnion_RF
1,Arizona,geochem2_nure_Mo_ppm_mean_25km,climate_vap_annual_mean,-0.3347221586272939,0.3347221586272939,402,True,True,True,True,M4_GraphUnion_RF
1,Arizona,geochem2_nure_W_ppm_mean_25km,climate_vap_annual_mean,-0.33421391628861774,0.33421391628861774,402,True,True,True,True,M4_GraphUnion_RF
1,Arizona,geochem2_nure_Bi_ppm_mean_25km,climate_vap_annual_mean,-0.3328335038577579,0.3328335038577579,402,True,True,True,True,M4_GraphUnion_RF
1,Arizona,geochem2_nure_Cu_ppm_p95_50km,climate_aet_pet_ratio_annual,0.3321440811107403,0.3321440811107403,433,True,True,False,True,M4_GraphUnion_RF
1,Arizona,geochem1_usgs_Au_value_median_50km,climate_tmin_annual_mean,-0.3314759753734226,0.3314759753734226,1087,True,True,True,True,M4_GraphUnion_RF
1,Arizona,geochem2_nure_W_ppm_p95_25km,climate_vap_annual_mean,-0.32959749631123125,0.32959749631123125,402,True,True,True,True,M4_GraphUnion_RF
1,Arizona,geochem2_nure_Pb_ppm_mean_25km,climate_ws_annual_mean,0.3291211854968061,0.3291211854968061,402,True,True,True,True,M4_GraphUnion_RF
1,Arizona,geochem2_nure_Bi_ppm_max_25km,climate_aet_annual_sum,0.3287097594658157,0.3287097594658157,402,True,True,True,True,M4_GraphUnion_RF
1,Arizona,geochem1_usgs_Bi_value_p95_10km,climate_vap_annual_mean,-0.3274728819834141,0.3274728819834141,774,True,True,True,True,M4_GraphUnion_RF
1,Arizona,geochem2_nure_Zn_ppm_median_50km,climate_q_annual_sum,0.3257554010349778,0.3257554010349778,433,True,True,True,True,M4_GraphUnion_RF
1,Arizona,geochem1_usgs_Sb_value_nearest,climate_vap_annual_mean,-0.3244718353437595,0.3244718353437595,329,True,True,True,True,M4_GraphUnion_RF
1,Arizona,geochem1_usgs_Au_value_median_10km,env_climate_swe_annual_mean_mm,0.3239585492204017,0.3239585492204017,820,True,True,True,True,M4_GraphUnion_RF
1,Arizona,geochem1_usgs_W_value_mean_10km,climate_vap_annual_mean,-0.32319991403217674,0.32319991403217674,792,True,True,True,True,M4_GraphUnion_RF
1,Arizona,geochem2_nure_Bi_ppm_p95_50km,climate_vap_annual_mean,-0.3220683190248778,0.3220683190248778,433,True,True,True,True,M4_GraphUnion_RF
1,Arizona,geochem2_nure_Cu_ppm_max_25km,climate_aet_annual_sum,0.3213693875401377,0.3213693875401377,402,True,True,False,True,M4_GraphUnion_RF
1,Arizona,geochem2_nure_Ag_ppm_p95_25km,climate_vap_annual_mean,-0.32106972191861705,0.32106972191861705,402,True,True,True,True,M4_GraphUnion_RF
1,Arizona,geochem2_nure_Cu_ppm_p95_10km,climate_aet_annual_sum,0.32096414238242826,0.32096414238242826,377,True,True,False,True,M4_GraphUnion_RF
1,Arizona,geochem1_usgs_Mo_value_mean_10km,climate_vap_annual_mean,-0.32005402565020996,0.32005402565020996,958,True,True,True,True,M4_GraphUnion_RF
1,Arizona,geochem2_nure_As_ppm_median_25km,climate_aet_annual_sum,-0.3173036959976502,0.3173036959976502,402,True,True,True,True,M4_GraphUnion_RF
1,Arizona,geochem2_nure_Pb_ppm_mean_10km,climate_ws_annual_mean,0.31632931418304966,0.31632931418304966,377,True,True,True,True,M4_GraphUnion_RF
1,Arizona,geochem2_nure_As_ppm_mean_25km,climate_vap_annual_mean,-0.3161696964248718,0.3161696964248718,402,True,True,True,True,M4_GraphUnion_RF
1,Arizona,geochem1_usgs_Bi_value_mean_10km,climate_vap_annual_mean,-0.31446911512595815,0.31446911512595815,774,True,True,True,True,M4_GraphUnion_RF
1,Arizona,geochem2_nure_Zn_ppm_mean_10km,climate_q_annual_sum,0.31430352045948357,0.31430352045948357,377,True,True,True,True,M4_GraphUnion_RF
1,Arizona,geochem2_nure_Cu_ppm_median_25km,climate_ws_annual_mean,-0.31339197353498754,0.31339197353498754,402,True,True,False,True,M4_GraphUnion_RF
1,Arizona,geochem2_nure_Bi_ppm_p95_25km,climate_vap_annual_mean,-0.3108102613584896,0.3108102613584896,402,True,True,True,True,M4_GraphUnion_RF
1,Arizona,geochem2_nure_Pb_ppm_max_50km,climate_ws_annual_mean,0.3101475534133475,0.3101475534133475,433,True,True,True,True,M4_GraphUnion_RF
1,Arizona,geochem2_nure_Mo_ppm_median_10km,climate_srad_annual_mean,0.3100704507954221,0.3100704507954221,377,True,True,True,True,M4_GraphUnion_RF
1,Arizona,geochem2_nure_Cu_ppm_mean_50km,climate_q_annual_sum,0.30671523877905355,0.30671523877905355,433,True,True,False,True,M4_GraphUnion_RF
1,Arizona,geochem2_nure_Cu_ppm_p95_25km,env_aridity_index_ppt_pet,0.3061617814555287,0.3061617814555287,402,True,True,False,True,M4_GraphUnion_RF
1,Arizona,geochem1_usgs_Bi_value_median_5km,climate_tmin_annual_mean,-0.3057498112231984,0.3057498112231984,559,True,True,True,True,M4_GraphUnion_RF
1,Arizona,geochem1_usgs_Bi_value_median_10km,climate_tmin_annual_mean,-0.3055589954263725,0.3055589954263725,774,True,True,True,True,M4_GraphUnion_RF
1,Arizona,geochem1_usgs_Zn_value_p95_10km,climate_vap_annual_mean,-0.3051972045679392,0.3051972045679392,1078,True,True,True,True,M4_GraphUnion_RF
1,Arizona,geochem2_nure_Re_ppm_max_50km,climate_vap_annual_mean,-0.30386245646390964,0.30386245646390964,428,True,True,True,True,M4_GraphUnion_RF
1,Arizona,geochem1_usgs_As_value_nearest,climate_vap_annual_mean,-0.3036342318656607,0.3036342318656607,611,True,True,True,True,M4_GraphUnion_RF
1,Arizona,geochem1_usgs_Cu_value_median_10km,climate_q_annual_sum,0.3033676852707401,0.3033676852707401,1069,True,True,False,True,M4_GraphUnion_RF
1,Arizona,geochem1_usgs_Sb_value_median_5km,climate_vap_annual_mean,-0.30300639486116226,0.30300639486116226,653,True,True,True,True,M4_GraphUnion_RF
1,Arizona,geochem2_nure_W_ppm_max_50km,climate_vap_annual_mean,-0.30260291008998425,0.30260291008998425,433,True,True,True,True,M4_GraphUnion_RF
1,Arizona,geochem1_usgs_Bi_value_p95_5km,climate_tmin_annual_mean,-0.2992839269380237,0.2992839269380237,559,False,False,True,True,M4_GraphUnion_RF
1,Arizona,geochem2_nure_Au_sq_ppm_p95_25km,climate_vap_annual_mean,-0.29620394070630945,0.29620394070630945,402,False,False,True,True,M4_GraphUnion_RF
1,Arizona,geochem1_usgs_Bi_value_median_25km,climate_tmin_annual_mean,-0.29508732866372117,0.29508732866372117,1070,False,False,True,True,M4_GraphUnion_RF
1,Arizona,geochem1_usgs_Bi_value_mean_5km,climate_tmin_annual_mean,-0.2947673093134546,0.2947673093134546,559,False,False,True,True,M4_GraphUnion_RF
1,Arizona,geochem2_nure_Mo_ppm_max_50km,climate_vap_annual_mean,-0.2942610018349006,0.2942610018349006,433,False,False,True,True,M4_GraphUnion_RF
1,Arizona,geochem2_nure_Mo_ppm_p95_50km,climate_vap_annual_mean,-0.2932725259180457,0.2932725259180457,433,False,False,True,True,M4_GraphUnion_RF
1,Arizona,geochem1_usgs_Bi_value_max_5km,climate_tmin_annual_mean,-0.29177889982940935,0.29177889982940935,559,False,False,True,True,M4_GraphUnion_RF
1,Arizona,geochem2_nure_Cu_ppm_mean_25km,climate_q_annual_sum,0.29106512754329444,0.29106512754329444,402,False,False,False,False,M4_GraphUnion_RF
1,Arizona,geochem2_nure_Mo_ppm_p95_25km,climate_vap_annual_mean,-0.29100180307259943,0.29100180307259943,402,False,False,True,True,M4_GraphUnion_RF
1,Arizona,geochem1_usgs_Cu_value_p95_50km,climate_vap_annual_mean,-0.2884626170393337,0.2884626170393337,1100,False,False,False,False,M4_GraphUnion_RF
1,Arizona,geochem1_usgs_Zn_value_p95_5km,climate_vap_annual_mean,-0.2876299183037556,0.2876299183037556,943,False,False,True,True,M4_GraphUnion_RF
1,Arizona,geochem2_nure_Mo_ppm_nearest,climate_vap_annual_mean,-0.28671345066562276,0.28671345066562276,1100,False,False,True,True,M4_GraphUnion_RF
1,Arizona,geochem2_nure_W_ppm_max_25km,climate_vap_annual_mean,-0.2859822168694806,0.2859822168694806,402,False,False,True,True,M4_GraphUnion_RF
1,Arizona,geochem2_nure_As_ppm_p95_25km,climate_vap_annual_mean,-0.2859617131533277,0.2859617131533277,402,False,False,True,True,M4_GraphUnion_RF
1,Arizona,geochem2_nure_Cu_ppm_median_10km,climate_ws_annual_mean,-0.2847153264584443,0.2847153264584443,377,False,False,False,False,M4_GraphUnion_RF
1,Arizona,geochem2_nure_W_ppm_p95_50km,climate_vap_annual_mean,-0.28399003166906545,0.28399003166906545,433,False,False,True,True,M4_GraphUnion_RF
1,Arizona,geochem2_nure_Mo_ppm_mean_10km,climate_vap_annual_mean,-0.2836525588915806,0.2836525588915806,377,False,False,True,True,M4_GraphUnion_RF
1,Arizona,geochem2_nure_As_ppm_max_10km,climate_vap_annual_mean,-0.2832792918771412,0.2832792918771412,377,False,False,True,True,M4_GraphUnion_RF
1,Arizona,geochem1_usgs_Cu_value_p95_25km,climate_vap_annual_mean,-0.28299102556149397,0.28299102556149397,1100,False,False,False,False,M4_GraphUnion_RF
1,Arizona,geochem2_nure_Mo_ppm_max_25km,climate_vap_annual_mean,-0.2806298508243938,0.2806298508243938,402,False,False,True,True,M4_GraphUnion_RF
1,Arizona,geochem2_nure_Ag_ppm_median_10km,climate_vap_annual_mean,-0.2785913076485447,0.2785913076485447,377,False,False,True,True,M4_GraphUnion_RF
1,Arizona,geochem2_nure_Zn_ppm_median_10km,climate_q_annual_sum,0.27574426667042756,0.27574426667042756,377,False,False,True,True,M4_GraphUnion_RF
1,Arizona,geochem2_nure_Au_sq_ppm_mean_50km,climate_vap_annual_mean,-0.27237998431158317,0.27237998431158317,433,False,False,True,True,M4_GraphUnion_RF
1,Arizona,geochem2_nure_Mo_ppm_max_10km,climate_vap_annual_mean,-0.27182013624049484,0.27182013624049484,377,False,False,True,True,M4_GraphUnion_RF
1,Arizona,geochem2_nure_Ag_ppm_mean_10km,climate_vap_annual_mean,-0.2710355910909896,0.2710355910909896,377,False,False,True,True,M4_GraphUnion_RF
1,Arizona,geochem2_nure_Pb_ppm_max_25km,climate_aet_annual_sum,0.2694244865686083,0.2694244865686083,402,False,False,True,True,M4_GraphUnion_RF
1,Arizona,geochem2_nure_Bi_ppm_median_50km,climate_vap_annual_mean,-0.2689019627539832,0.2689019627539832,433,False,False,True,True,M4_GraphUnion_RF
1,Arizona,geochem2_nure_Ag_ppm_max_10km,climate_vap_annual_mean,-0.2671041185251434,0.2671041185251434,377,False,False,True,True,M4_GraphUnion_RF
1,Arizona,geochem2_nure_Sb_ppm_max_10km,climate_vap_annual_mean,-0.2670074531463036,0.2670074531463036,377,False,False,True,True,M4_GraphUnion_RF
1,Arizona,geochem2_nure_Cu_ppm_max_50km,climate_aet_pet_ratio_annual,0.2659434134091249,0.2659434134091249,433,False,False,False,False,M4_GraphUnion_RF
1,Arizona,geochem1_usgs_W_value_median_10km,climate_vap_annual_mean,-0.26575297017083516,0.26575297017083516,792,False,False,True,True,M4_GraphUnion_RF
1,Arizona,geochem2_nure_Pb_ppm_max_10km,climate_aet_annual_sum,0.26415856546414695,0.26415856546414695,377,False,False,True,True,M4_GraphUnion_RF
1,Arizona,geochem1_usgs_Mo_value_max_5km,climate_vap_annual_mean,-0.2640063189911397,0.2640063189911397,735,False,False,True,True,M4_GraphUnion_RF
1,Arizona,geochem2_nure_Mo_ppm_p95_10km,climate_vap_annual_mean,-0.2603811316108701,0.2603811316108701,377,False,False,True,True,M4_GraphUnion_RF
1,Arizona,geochem1_usgs_Zn_value_median_25km,climate_q_annual_sum,0.2589039984045308,0.2589039984045308,1100,False,False,True,True,M4_GraphUnion_RF
1,Arizona,geochem1_usgs_Zn_value_median_50km,climate_q_annual_sum,0.25870053250682473,0.25870053250682473,1100,False,False,True,True,M4_GraphUnion_RF
1,Arizona,geochem1_usgs_Au_value_max_5km,climate_vap_annual_mean,-0.25858163341544105,0.25858163341544105,550,False,False,True,True,M4_GraphUnion_RF
1,Arizona,geochem1_usgs_Ag_value_max_5km,climate_vap_annual_mean,-0.2573594476301658,0.2573594476301658,662,False,False,True,True,M4_GraphUnion_RF
1,Arizona,geochem2_nure_Bi_ppm_median_25km,climate_vap_annual_mean,-0.2558877829836973,0.2558877829836973,402,False,False,True,True,M4_GraphUnion_RF
1,Arizona,geochem2_nure_Au_sq_ppm_max_50km,climate_vap_annual_mean,-0.2556762201487936,0.2556762201487936,433,False,False,True,True,M4_GraphUnion_RF
1,Arizona,geochem2_nure_Ag_ppm_p95_10km,climate_vap_annual_mean,-0.2553860390032417,0.2553860390032417,377,False,False,True,True,M4_GraphUnion_RF
1,Arizona,geochem1_usgs_Au_value_p95_5km,climate_vap_annual_mean,-0.2531663555825323,0.2531663555825323,550,False,False,True,True,M4_GraphUnion_RF
1,Arizona,geochem1_usgs_Mo_value_median_50km,climate_vap_annual_mean,-0.2494856438656994,0.2494856438656994,1100,False,False,True,True,M4_GraphUnion_RF
1,Arizona,geochem2_nure_As_ppm_p95_10km,climate_vap_annual_mean,-0.24808323376852523,0.24808323376852523,377,False,False,True,True,M4_GraphUnion_RF
1,Arizona,geochem2_nure_Cu_ppm_mean_10km,climate_q_annual_sum,0.2478652017505333,0.2478652017505333,377,False,False,False,False,M4_GraphUnion_RF
1,Arizona,geochem2_nure_Re_ppm_median_50km,climate_srad_annual_mean,0.24730072494877028,0.24730072494877028,428,False,False,True,True,M4_GraphUnion_RF
1,Arizona,geochem2_nure_Sb_ppm_mean_10km,climate_vap_annual_mean,-0.24585027125710132,0.24585027125710132,377,False,False,True,True,M4_GraphUnion_RF
1,Arizona,geochem1_usgs_Zn_value_median_10km,climate_q_annual_sum,0.24546038738397313,0.24546038738397313,1078,False,False,True,True,M4_GraphUnion_RF
1,Arizona,geochem1_usgs_Mo_value_p95_5km,climate_vap_annual_mean,-0.24484397584442077,0.24484397584442077,735,False,False,True,True,M4_GraphUnion_RF
1,Arizona,geochem1_usgs_Ag_value_p95_5km,climate_vap_annual_mean,-0.24427390999428608,0.24427390999428608,662,False,False,True,True,M4_GraphUnion_RF
1,Arizona,geochem1_usgs_Cu_value_nearest,climate_q_annual_sum,0.2413530230791635,0.2413530230791635,636,False,False,False,False,M4_GraphUnion_RF
1,Arizona,geochem2_nure_As_ppm_mean_10km,climate_vap_annual_mean,-0.2405570761021561,0.2405570761021561,377,False,False,True,True,M4_GraphUnion_RF
1,Arizona,geochem1_usgs_Au_value_median_5km,env_climate_swe_annual_mean_mm,0.23956255259871612,0.23956255259871612,550,False,False,True,True,M4_GraphUnion_RF
1,Arizona,geochem2_nure_Re_ppm_mean_25km,climate_srad_annual_mean,0.2394291280200508,0.2394291280200508,378,False,False,True,True,M4_GraphUnion_RF
1,Arizona,geochem2_nure_Bi_ppm_p95_10km,climate_vap_annual_mean,-0.23875738465785273,0.23875738465785273,377,False,False,True,True,M4_GraphUnion_RF
1,Arizona,geochem1_usgs_Cu_value_median_5km,climate_q_annual_sum,0.23515877509287758,0.23515877509287758,853,False,False,False,False,M4_GraphUnion_RF
1,Arizona,geochem2_nure_Sb_ppm_p95_10km,climate_vap_annual_mean,-0.23460532766097378,0.23460532766097378,377,False,False,True,True,M4_GraphUnion_RF
1,Arizona,geochem2_nure_Bi_ppm_mean_10km,climate_vap_annual_mean,-0.23341918035416612,0.23341918035416612,377,False,False,True,True,M4_GraphUnion_RF
1,Arizona,geochem1_usgs_Cu_value_p95_10km,climate_vap_annual_mean,-0.23282415854640898,0.23282415854640898,1069,False,False,False,False,M4_GraphUnion_RF
1,Arizona,geochem1_usgs_Cu_value_max_5km,climate_vap_annual_mean,-0.2326795463158338,0.2326795463158338,853,False,False,False,False,M4_GraphUnion_RF
1,Arizona,geochem1_usgs_Mo_value_median_25km,climate_vap_annual_mean,-0.23216582970386165,0.23216582970386165,1098,False,False,True,True,M4_GraphUnion_RF
1,Arizona,geochem2_nure_W_ppm_mean_10km,climate_vap_annual_mean,-0.2306679126737921,0.2306679126737921,377,False,False,True,True,M4_GraphUnion_RF
1,Arizona,geochem2_nure_Au_sq_ppm_max_25km,climate_tmax_annual_mean,-0.2293031732885232,0.2293031732885232,402,False,False,True,True,M4_GraphUnion_RF
1,Arizona,geochem1_usgs_Zn_value_nearest,climate_q_annual_sum,0.2286224743620944,0.2286224743620944,879,False,False,True,True,M4_GraphUnion_RF
1,Arizona,geochem1_usgs_Zn_value_mean_10km,climate_vap_annual_mean,-0.22854495553627316,0.22854495553627316,1078,False,False,True,True,M4_GraphUnion_RF
1,Arizona,geochem2_nure_Bi_ppm_nearest,climate_vap_annual_mean,-0.2275020801520423,0.2275020801520423,1100,False,False,True,True,M4_GraphUnion_RF
1,Arizona,geochem2_nure_Re_ppm_median_25km,climate_srad_annual_mean,0.22176187029691247,0.22176187029691247,378,False,False,True,True,M4_GraphUnion_RF
1,Arizona,geochem2_nure_Au_sq_ppm_max_10km,climate_aet_annual_sum,0.22052264982750128,0.22052264982750128,376,False,False,True,True,M4_GraphUnion_RF
1,Arizona,geochem1_usgs_Au_value_mean_5km,climate_vap_annual_mean,-0.2200352839184512,0.2200352839184512,550,False,False,True,True,M4_GraphUnion_RF
1,Arizona,geochem2_nure_Au_sq_ppm_mean_25km,climate_vap_annual_mean,-0.2168407946148941,0.2168407946148941,402,False,False,True,True,M4_GraphUnion_RF
1,Arizona,geochem1_usgs_W_value_max_5km,climate_tmin_annual_mean,-0.2161437359584849,0.2161437359584849,544,False,False,True,True,M4_GraphUnion_RF
1,Arizona,geochem2_nure_As_ppm_median_10km,climate_aet_annual_sum,-0.21130365794234915,0.21130365794234915,377,False,False,True,True,M4_GraphUnion_RF
1,Arizona,geochem1_usgs_Zn_value_median_5km,env_climate_ppt_annual_mm,0.20855670106838242,0.20855670106838242,943,False,False,True,True,M4_GraphUnion_RF
1,Arizona,geochem1_usgs_W_value_p95_5km,climate_tmin_annual_mean,-0.20766660376846402,0.20766660376846402,544,False,False,True,True,M4_GraphUnion_RF
1,Arizona,geochem1_usgs_Ag_value_mean_5km,climate_vap_annual_mean,-0.20715946348270795,0.20715946348270795,662,False,False,True,True,M4_GraphUnion_RF
1,Arizona,geochem2_nure_Bi_ppm_max_10km,climate_vap_annual_mean,-0.20426760519548634,0.20426760519548634,377,False,False,True,True,M4_GraphUnion_RF
1,Arizona,geochem2_nure_Au_sq_ppm_median_50km,climate_vap_annual_mean,-0.1981211705076548,0.1981211705076548,433,False,False,True,True,M4_GraphUnion_RF
1,Arizona,geochem2_nure_Pb_ppm_p95_10km,climate_ws_annual_mean,0.19703026884335528,0.19703026884335528,377,False,False,True,True,M4_GraphUnion_RF
1,Arizona,geochem2_nure_Pb_ppm_p95_25km,climate_ws_annual_mean,0.19496960866747418,0.19496960866747418,402,False,False,True,True,M4_GraphUnion_RF
1,Arizona,geochem1_usgs_Re_value_median_25km,climate_aet_annual_sum,0.19449275999535995,0.19449275999535995,470,False,False,True,True,M4_GraphUnion_RF
1,Arizona,geochem1_usgs_W_value_mean_5km,climate_tmin_annual_mean,-0.19174836493707145,0.19174836493707145,544,False,False,True,True,M4_GraphUnion_RF
1,Arizona,geochem1_usgs_Cu_value_mean_10km,climate_vap_annual_mean,-0.1906220324752166,0.1906220324752166,1069,False,False,False,False,M4_GraphUnion_RF
1,Arizona,geochem2_nure_W_ppm_max_10km,climate_vap_annual_mean,-0.1891824779918624,0.1891824779918624,377,False,False,True,True,M4_GraphUnion_RF
1,Arizona,geochem2_nure_W_ppm_p95_10km,climate_vap_annual_mean,-0.18879911250768658,0.18879911250768658,377,False,False,True,True,M4_GraphUnion_RF
1,Arizona,geochem1_usgs_Ag_value_median_5km,climate_aet_annual_sum,0.18840821738873392,0.18840821738873392,662,False,False,True,True,M4_GraphUnion_RF
1,Arizona,geochem1_usgs_Re_value_p95_50km,env_climate_swe_annual_mean_mm,-0.18637942445842448,0.18637942445842448,626,False,False,True,True,M4_GraphUnion_RF
1,Arizona,geochem1_usgs_Re_value_mean_50km,env_climate_swe_annual_mean_mm,-0.18594135183183444,0.18594135183183444,626,False,False,True,True,M4_GraphUnion_RF
1,Arizona,geochem2_nure_Re_ppm_p95_25km,climate_srad_annual_mean,0.18103869362894098,0.18103869362894098,378,False,False,True,True,M4_GraphUnion_RF
1,Arizona,geochem1_usgs_Cu_value_p95_5km,climate_vap_annual_mean,-0.17895469720016066,0.17895469720016066,853,False,False,False,False,M4_GraphUnion_RF
1,Arizona,geochem2_nure_Au_sq_ppm_mean_10km,climate_tmax_annual_mean,-0.17321976805287312,0.17321976805287312,376,False,False,True,True,M4_GraphUnion_RF
1,Arizona,geochem2_nure_Au_sq_ppm_p95_10km,climate_vap_annual_mean,-0.1721144468188105,0.1721144468188105,376,False,False,True,True,M4_GraphUnion_RF
1,Arizona,geochem2_nure_Au_sq_ppm_median_25km,climate_srad_annual_mean,-0.16992596918368802,0.16992596918368802,402,False,False,True,True,M4_GraphUnion_RF
1,Arizona,geochem2_nure_Pb_ppm_p95_50km,climate_srad_annual_mean,0.16937341552948257,0.16937341552948257,433,False,False,True,True,M4_GraphUnion_RF
1,Arizona,geochem1_usgs_Zn_value_mean_5km,climate_vap_annual_mean,-0.16921531039125232,0.16921531039125232,943,False,False,True,True,M4_GraphUnion_RF
1,Arizona,geochem2_nure_Bi_ppm_median_10km,climate_vap_annual_mean,-0.16673676352061437,0.16673676352061437,377,False,False,True,True,M4_GraphUnion_RF
1,Arizona,geochem1_usgs_Ag_value_median_50km,climate_aet_annual_sum,0.16651776892741002,0.16651776892741002,1096,False,False,True,True,M4_GraphUnion_RF
1,Arizona,geochem1_usgs_Re_value_max_50km,env_climate_swe_annual_mean_mm,-0.16483603788819232,0.16483603788819232,626,False,False,True,True,M4_GraphUnion_RF
1,Arizona,geochem1_usgs_Mo_value_mean_5km,climate_vap_annual_mean,-0.1626132987069823,0.1626132987069823,735,False,False,True,True,M4_GraphUnion_RF
1,Arizona,geochem1_usgs_Mo_value_median_5km,env_climate_tmean_annual_c,-0.16164385845868406,0.16164385845868406,735,False,False,True,True,M4_GraphUnion_RF
1,Arizona,geochem1_usgs_Mo_value_nearest,env_climate_swe_annual_mean_mm,0.15762120813233138,0.15762120813233138,350,False,False,True,True,M4_GraphUnion_RF
1,Arizona,geochem2_nure_Cu_ppm_nearest,climate_q_annual_sum,0.15458821794797245,0.15458821794797245,1100,False,False,False,False,M4_GraphUnion_RF
1,Arizona,geochem1_usgs_W_value_median_5km,climate_vap_annual_mean,-0.15419840315767386,0.15419840315767386,544,False,False,True,True,M4_GraphUnion_RF
1,Arizona,geochem1_usgs_Cu_value_mean_5km,climate_q_annual_sum,0.144092612846159,0.144092612846159,853,False,False,False,False,M4_GraphUnion_RF
1,Arizona,geochem2_nure_Re_ppm_max_25km,climate_vap_annual_mean,-0.1365375221296953,0.1365375221296953,378,False,False,True,True,M4_GraphUnion_RF
1,Arizona,geochem1_usgs_Mo_value_median_10km,env_climate_swe_annual_mean_mm,0.12714710945245092,0.12714710945245092,958,False,False,True,True,M4_GraphUnion_RF
1,Arizona,geochem2_nure_Au_sq_ppm_median_10km,climate_vap_annual_mean,-0.1232172202491755,0.1232172202491755,376,False,False,True,True,M4_GraphUnion_RF
1,Arizona,geochem1_usgs_Re_value_max_25km,climate_dtr_annual_mean,-0.12079442519863533,0.12079442519863533,470,False,False,True,True,M4_GraphUnion_RF
1,Arizona,geochem1_usgs_Ag_value_median_25km,climate_vap_annual_mean,-0.11338595458259831,0.11338595458259831,1039,False,False,True,True,M4_GraphUnion_RF
1,Arizona,geochem1_usgs_Ag_value_median_10km,env_climate_swe_annual_mean_mm,0.11303409636646633,0.11303409636646633,833,False,False,True,True,M4_GraphUnion_RF
1,Arizona,geochem1_usgs_Re_value_mean_25km,climate_aet_annual_sum,0.11261960006010968,0.11261960006010968,470,False,False,True,True,M4_GraphUnion_RF
1,Arizona,geochem1_usgs_Re_value_p95_25km,climate_aet_annual_sum,0.10478970678948663,0.10478970678948663,470,False,False,True,True,M4_GraphUnion_RF
2,Washington,geochem2_nure_Cu_ppm_p95_50km,climate_aet_annual_sum,0.5208406690543402,0.5208406690543402,933,True,True,False,True,M4_Spearman_RF
2,Washington,geochem2_nure_As_ppm_mean_25km,climate_vap_annual_mean,-0.4980461339463882,0.4980461339463882,798,True,True,False,True,M4_Spearman_RF
2,Washington,geochem2_nure_Bi_ppm_p95_50km,climate_aet_annual_sum,0.48600123246210675,0.48600123246210675,933,True,True,False,True,M4_Spearman_RF
2,Washington,geochem2_nure_As_ppm_p95_25km,climate_vap_annual_mean,-0.4856893743673669,0.4856893743673669,798,True,True,False,True,M4_Spearman_RF
2,Washington,geochem2_nure_As_ppm_p95_50km,climate_vap_annual_mean,-0.4789464289589135,0.4789464289589135,933,True,True,False,True,M4_Spearman_RF
2,Washington,geochem2_nure_As_ppm_median_50km,climate_srad_annual_mean,-0.4657087423771558,0.4657087423771558,933,True,True,False,True,M4_Spearman_RF
2,Washington,geochem2_nure_As_ppm_median_25km,climate_vap_annual_mean,-0.46510589317699397,0.46510589317699397,798,True,True,False,True,M4_Spearman_RF
2,Washington,geochem2_nure_As_ppm_mean_50km,climate_vap_annual_mean,-0.46339876629504906,0.46339876629504906,933,True,True,False,True,M4_Spearman_RF
2,Washington,geochem2_nure_Sb_ppm_p95_25km,climate_vap_annual_mean,-0.45470635999993947,0.45470635999993947,798,True,True,False,True,M4_Spearman_RF
2,Washington,geochem2_nure_Ag_ppm_median_25km,climate_srad_annual_mean,-0.44906214998428134,0.44906214998428134,798,True,True,False,True,M4_Spearman_RF
2,Washington,geochem2_nure_Cu_ppm_p95_25km,climate_aet_annual_sum,0.44639986232913825,0.44639986232913825,798,True,True,False,True,M4_Spearman_RF
2,Washington,geochem2_nure_Zn_ppm_p95_50km,climate_soil_annual_mean,0.44085941023403247,0.44085941023403247,933,True,True,False,True,M4_Spearman_RF
2,Washington,geochem2_nure_Cu_ppm_mean_50km,climate_aet_annual_sum,0.4401301809898722,0.4401301809898722,933,True,True,False,True,M4_Spearman_RF
2,Washington,geochem2_nure_Zn_ppm_median_25km,env_climate_pet_annual_mm,-0.43753789544859456,0.43753789544859456,798,True,True,False,True,M4_Spearman_RF
2,Washington,geochem2_nure_Sb_ppm_mean_25km,climate_vap_annual_mean,-0.4344201490152623,0.4344201490152623,798,True,True,False,True,M4_Spearman_RF
2,Washington,geochem2_nure_As_ppm_mean_10km,climate_vap_annual_mean,-0.4323845863904182,0.4323845863904182,697,True,True,False,True,M4_Spearman_RF
2,Washington,geochem2_nure_As_ppm_median_10km,climate_vap_annual_mean,-0.4321069314691255,0.4321069314691255,697,True,True,False,True,M4_Spearman_RF
2,Washington,geochem2_nure_Cu_ppm_p95_10km,climate_aet_annual_sum,0.43162233106502873,0.43162233106502873,697,True,True,False,True,M4_Spearman_RF
2,Washington,geochem2_nure_Ag_ppm_mean_25km,climate_vap_annual_mean,-0.4212258026033939,0.4212258026033939,798,True,True,False,True,M4_Spearman_RF
2,Washington,geochem2_nure_Mo_ppm_median_25km,climate_vap_annual_mean,-0.4194040461555739,0.4194040461555739,798,True,True,False,True,M4_Spearman_RF
2,Washington,geochem1_usgs_Zn_value_median_50km,climate_soil_annual_mean,0.4156639635049406,0.4156639635049406,1331,True,True,False,True,M4_Spearman_RF
2,Washington,geochem2_nure_Bi_ppm_p95_25km,climate_aet_annual_sum,0.4145895422387344,0.4145895422387344,798,True,True,False,True,M4_Spearman_RF
2,Washington,geochem2_nure_Ag_ppm_p95_25km,climate_vap_annual_mean,-0.41187460248400487,0.41187460248400487,798,True,True,False,True,M4_Spearman_RF
2,Washington,geochem2_nure_Cu_ppm_max_10km,climate_aet_annual_sum,0.411266762803793,0.411266762803793,697,True,True,False,True,M4_Spearman_RF
2,Washington,geochem2_nure_As_ppm_max_25km,climate_vap_annual_mean,-0.4105647925012049,0.4105647925012049,798,True,True,False,True,M4_Spearman_RF
2,Washington,geochem2_nure_Cu_ppm_median_50km,climate_aet_annual_sum,0.40929707950177496,0.40929707950177496,933,True,True,False,True,M4_Spearman_RF
2,Washington,geochem2_nure_Au_sq_ppm_median_25km,climate_vap_annual_mean,-0.4085035789012491,0.4085035789012491,798,True,True,False,True,M4_Spearman_RF
2,Washington,geochem2_nure_Zn_ppm_median_50km,env_climate_pet_annual_mm,-0.4081919490376471,0.4081919490376471,933,True,True,False,True,M4_Spearman_RF
2,Washington,geochem2_nure_Cu_ppm_median_25km,climate_aet_annual_sum,0.40699600286957244,0.40699600286957244,798,True,True,False,True,M4_Spearman_RF
2,Washington,geochem2_nure_Sb_ppm_mean_10km,climate_vap_annual_mean,-0.4067820175624385,0.4067820175624385,697,True,True,False,True,M4_Spearman_RF
2,Washington,geochem2_nure_Ag_ppm_median_50km,climate_srad_annual_mean,-0.4067150661127994,0.4067150661127994,933,True,True,False,True,M4_Spearman_RF
2,Washington,geochem2_nure_W_ppm_median_10km,climate_vap_annual_mean,-0.40660970261189094,0.40660970261189094,697,True,True,False,True,M4_Spearman_RF
2,Washington,geochem2_nure_As_ppm_p95_10km,climate_vap_annual_mean,-0.4057165088502712,0.4057165088502712,697,True,True,False,True,M4_Spearman_RF
2,Washington,geochem2_nure_Sb_ppm_p95_50km,climate_vap_annual_mean,-0.40571517667644735,0.40571517667644735,933,True,True,False,True,M4_Spearman_RF
2,Washington,geochem2_nure_Sb_ppm_median_10km,climate_vap_annual_mean,-0.40491253227440455,0.40491253227440455,697,True,True,False,True,M4_Spearman_RF
2,Washington,geochem2_nure_Zn_ppm_p95_25km,climate_soil_annual_mean,0.4028131178910291,0.4028131178910291,798,True,True,False,True,M4_Spearman_RF
2,Washington,geochem2_nure_W_ppm_median_25km,climate_vap_annual_mean,-0.40171693101389655,0.40171693101389655,798,True,True,False,True,M4_Spearman_RF
2,Washington,geochem2_nure_Cu_ppm_mean_25km,climate_aet_annual_sum,0.40001636229411525,0.40001636229411525,798,True,True,False,True,M4_Spearman_RF
2,Washington,geochem2_nure_Sb_ppm_mean_50km,climate_srad_annual_mean,-0.3999397668891473,0.3999397668891473,933,True,True,False,True,M4_Spearman_RF
2,Washington,geochem1_usgs_Cu_value_median_50km,climate_aet_annual_sum,0.3928948490145087,0.3928948490145087,1331,True,True,False,True,M4_Spearman_RF
2,Washington,geochem2_nure_Pb_ppm_median_50km,env_climate_swe_annual_mean_mm,-0.3926711376122388,0.3926711376122388,933,True,True,False,True,M4_Spearman_RF
2,Washington,geochem2_nure_Zn_ppm_mean_25km,climate_tmax_annual_mean,-0.39092700202950104,0.39092700202950104,798,True,True,False,True,M4_Spearman_RF
2,Washington,geochem2_nure_Sb_ppm_median_25km,climate_vap_annual_mean,-0.3902154663585374,0.3902154663585374,798,True,True,False,True,M4_Spearman_RF
2,Washington,geochem2_nure_Bi_ppm_median_50km,env_climate_swe_annual_mean_mm,-0.38874374758226615,0.38874374758226615,933,True,True,False,True,M4_Spearman_RF
2,Washington,geochem2_nure_Ag_ppm_median_10km,env_climate_pet_annual_mm,-0.3884392373599417,0.3884392373599417,697,True,True,False,True,M4_Spearman_RF
2,Washington,geochem2_nure_Sb_ppm_p95_10km,climate_vap_annual_mean,-0.3882628833324803,0.3882628833324803,697,True,True,False,True,M4_Spearman_RF
2,Washington,geochem2_nure_Au_sq_ppm_median_50km,climate_srad_annual_mean,-0.3851805769679953,0.3851805769679953,933,True,True,False,True,M4_Spearman_RF
2,Washington,geochem2_nure_Sb_ppm_max_25km,climate_vap_annual_mean,-0.38516252704986864,0.38516252704986864,798,True,True,False,True,M4_Spearman_RF
2,Washington,geochem2_nure_Bi_ppm_mean_50km,climate_aet_annual_sum,0.38496655724369067,0.38496655724369067,933,True,True,False,True,M4_Spearman_RF
2,Washington,geochem2_nure_As_ppm_max_50km,climate_vap_annual_mean,-0.38223251715438467,0.38223251715438467,933,True,True,False,True,M4_Spearman_RF
2,Washington,geochem2_nure_W_ppm_mean_10km,climate_vap_annual_mean,-0.3773831715307007,0.3773831715307007,697,True,True,False,True,M4_Spearman_RF
2,Washington,geochem2_nure_Zn_ppm_mean_50km,climate_soil_annual_mean,0.37486694299355533,0.37486694299355533,933,True,True,False,True,M4_Spearman_RF
2,Washington,geochem2_nure_Ag_ppm_mean_50km,climate_vap_annual_mean,-0.3730189223929992,0.3730189223929992,933,True,True,False,True,M4_Spearman_RF
2,Washington,geochem1_usgs_Pb_value_median_50km,climate_srad_annual_mean,0.37191455234917703,0.37191455234917703,1331,True,True,False,True,M4_Spearman_RF
2,Washington,geochem2_nure_Cu_ppm_mean_10km,climate_aet_annual_sum,0.37030595891513063,0.37030595891513063,697,True,True,False,True,M4_Spearman_RF
2,Washington,geochem2_nure_Mo_ppm_median_10km,climate_vap_annual_mean,-0.369887397543759,0.369887397543759,697,True,True,False,True,M4_Spearman_RF
2,Washington,geochem2_nure_Ag_ppm_max_50km,climate_soil_annual_mean,0.36899336814895706,0.36899336814895706,933,True,True,False,True,M4_Spearman_RF
2,Washington,geochem2_nure_Cu_ppm_median_10km,climate_ws_annual_mean,-0.3668595874390672,0.3668595874390672,697,True,True,False,True,M4_Spearman_RF
2,Washington,geochem2_nure_W_ppm_mean_25km,climate_vap_annual_mean,-0.36450189053588683,0.36450189053588683,798,True,True,False,True,M4_Spearman_RF
2,Washington,geochem2_nure_Zn_ppm_max_50km,climate_soil_annual_mean,0.3633366820843142,0.3633366820843142,933,True,True,False,True,M4_Spearman_RF
2,Washington,geochem2_nure_Ag_ppm_p95_50km,climate_vap_annual_mean,-0.3630749622325632,0.3630749622325632,933,True,True,False,True,M4_Spearman_RF
2,Washington,geochem2_nure_As_ppm_max_10km,climate_vap_annual_mean,-0.36206194947011155,0.36206194947011155,697,True,True,False,True,M4_Spearman_RF
2,Washington,geochem2_nure_Zn_ppm_max_10km,env_aridity_index_ppt_pet,0.36110947524647485,0.36110947524647485,697,True,True,False,True,M4_Spearman_RF
2,Washington,geochem2_nure_Sb_ppm_max_50km,climate_vap_annual_mean,-0.3596028150150618,0.3596028150150618,933,True,True,False,True,M4_Spearman_RF
2,Washington,geochem2_nure_Sb_ppm_max_10km,climate_vap_annual_mean,-0.3584352805361911,0.3584352805361911,697,True,True,False,True,M4_Spearman_RF
2,Washington,geochem2_nure_Mo_ppm_mean_10km,climate_vap_annual_mean,-0.35621303638053475,0.35621303638053475,697,True,True,False,True,M4_Spearman_RF
2,Washington,geochem1_usgs_As_value_max_25km,climate_vap_annual_mean,-0.3556157806241468,0.3556157806241468,1327,True,True,False,True,M4_Spearman_RF
2,Washington,geochem2_nure_Ag_ppm_mean_10km,climate_vap_annual_mean,-0.3542505813636779,0.3542505813636779,697,True,True,False,True,M4_Spearman_RF
2,Washington,geochem2_nure_Au_sq_ppm_median_10km,climate_vap_annual_mean,-0.3539003614941792,0.3539003614941792,696,True,True,False,True,M4_Spearman_RF
2,Washington,geochem1_usgs_Sb_value_nearest,climate_vap_annual_mean,-0.3524534869211887,0.3524534869211887,466,True,True,False,True,M4_Spearman_RF
2,Washington,geochem2_nure_Mo_ppm_p95_25km,climate_vap_annual_mean,-0.35053651892491233,0.35053651892491233,798,True,True,False,True,M4_Spearman_RF
2,Washington,geochem1_usgs_Zn_value_median_25km,climate_soil_annual_mean,0.3485802692229314,0.3485802692229314,1331,True,True,False,True,M4_Spearman_RF
2,Washington,geochem2_nure_Pb_ppm_nearest,climate_srad_annual_mean,0.3485398607454924,0.3485398607454924,1331,True,True,False,True,M4_Spearman_RF
2,Washington,geochem2_nure_Mo_ppm_median_50km,climate_vap_annual_mean,-0.34846661330499884,0.34846661330499884,933,True,True,False,True,M4_Spearman_RF
2,Washington,geochem2_nure_Zn_ppm_p95_10km,env_aridity_index_ppt_pet,0.3472134779625902,0.3472134779625902,697,True,True,False,True,M4_Spearman_RF
2,Washington,geochem2_nure_Re_ppm_median_50km,climate_srad_annual_mean,0.3462852799948769,0.3462852799948769,897,True,True,False,True,M4_Spearman_RF
2,Washington,geochem2_nure_Zn_ppm_max_25km,climate_soil_annual_mean,0.34382646488862795,0.34382646488862795,798,True,True,False,True,M4_Spearman_RF
2,Washington,geochem2_nure_Bi_ppm_p95_10km,climate_aet_annual_sum,0.34318134436315534,0.34318134436315534,697,True,True,False,True,M4_Spearman_RF
2,Washington,geochem1_usgs_As_value_max_50km,climate_vap_annual_mean,-0.34282599775924205,0.34282599775924205,1331,True,True,False,True,M4_Spearman_RF
2,Washington,geochem2_nure_Zn_ppm_median_10km,env_climate_pet_annual_mm,-0.34138818897598616,0.34138818897598616,697,True,True,False,True,M4_Spearman_RF
2,Washington,geochem2_nure_Pb_ppm_p95_50km,climate_aet_annual_sum,0.34131302141080583,0.34131302141080583,933,True,True,False,True,M4_Spearman_RF
2,Washington,geochem2_nure_Ag_ppm_p95_10km,climate_vap_annual_mean,-0.3387466356237578,0.3387466356237578,697,True,True,False,True,M4_Spearman_RF
2,Washington,geochem2_nure_Ag_ppm_max_25km,climate_vap_annual_mean,-0.3380020472033037,0.3380020472033037,798,True,True,False,True,M4_Spearman_RF
2,Washington,geochem2_nure_Bi_ppm_max_10km,climate_aet_annual_sum,0.3359234355356815,0.3359234355356815,697,True,True,False,True,M4_Spearman_RF
2,Washington,geochem2_nure_Mo_ppm_p95_10km,climate_vap_annual_mean,-0.3349508585724852,0.3349508585724852,697,True,True,False,True,M4_Spearman_RF
2,Washington,geochem1_usgs_Sb_value_median_5km,climate_vap_annual_mean,-0.3341518565115932,0.3341518565115932,870,True,True,False,True,M4_Spearman_RF
2,Washington,geochem1_usgs_Sb_value_mean_5km,climate_vap_annual_mean,-0.3329225056129483,0.3329225056129483,870,True,True,False,True,M4_Spearman_RF
2,Washington,geochem1_usgs_Sb_value_p95_5km,climate_vap_annual_mean,-0.3328785706206973,0.3328785706206973,870,True,True,False,True,M4_Spearman_RF
2,Washington,geochem1_usgs_As_value_mean_50km,climate_vap_annual_mean,-0.32986699000950037,0.32986699000950037,1331,True,True,False,True,M4_Spearman_RF
2,Washington,geochem1_usgs_Cu_value_median_25km,climate_aet_annual_sum,0.3286070171962369,0.3286070171962369,1331,True,True,False,True,M4_Spearman_RF
2,Washington,geochem2_nure_Mo_ppm_mean_25km,climate_vap_annual_mean,-0.32725950705208734,0.32725950705208734,798,True,True,False,True,M4_Spearman_RF
2,Washington,geochem1_usgs_Sb_value_max_5km,climate_vap_annual_mean,-0.3268948513024354,0.3268948513024354,870,True,True,False,True,M4_Spearman_RF
2,Washington,geochem2_nure_Bi_ppm_mean_25km,climate_aet_annual_sum,0.3266936262755472,0.3266936262755472,798,True,True,False,True,M4_Spearman_RF
2,Washington,geochem1_usgs_Sb_value_p95_10km,climate_vap_annual_mean,-0.32668561144876884,0.32668561144876884,1098,True,True,False,True,M4_Spearman_RF
2,Washington,geochem1_usgs_As_value_p95_25km,climate_vap_annual_mean,-0.3262679320932828,0.3262679320932828,1327,True,True,False,True,M4_Spearman_RF
2,Washington,geochem1_usgs_Sb_value_max_10km,climate_vap_annual_mean,-0.3224655346787942,0.3224655346787942,1098,True,True,False,True,M4_Spearman_RF
2,Washington,geochem2_nure_W_ppm_median_50km,climate_vap_annual_mean,-0.32232744030828,0.32232744030828,933,True,True,False,True,M4_Spearman_RF
2,Washington,geochem1_usgs_As_value_p95_10km,climate_vap_annual_mean,-0.32194349297730646,0.32194349297730646,1224,True,True,False,True,M4_Spearman_RF
2,Washington,geochem1_usgs_As_value_max_10km,climate_vap_annual_mean,-0.32166588568148385,0.32166588568148385,1224,True,True,False,True,M4_Spearman_RF
2,Washington,geochem1_usgs_Pb_value_median_25km,climate_srad_annual_mean,0.3188675780503413,0.3188675780503413,1331,True,True,False,True,M4_Spearman_RF
2,Washington,geochem2_nure_Bi_ppm_nearest,climate_srad_annual_mean,0.3188110831730831,0.3188110831730831,1331,True,True,False,True,M4_Spearman_RF
2,Washington,geochem1_usgs_As_value_mean_25km,climate_vap_annual_mean,-0.3183397719904861,0.3183397719904861,1327,True,True,False,True,M4_Spearman_RF
2,Washington,geochem2_nure_Sb_ppm_median_50km,climate_srad_annual_mean,-0.31689222833971936,0.31689222833971936,933,True,True,False,True,M4_Spearman_RF
2,Washington,geochem2_nure_Ag_ppm_max_10km,climate_tmax_annual_mean,-0.3162314532046991,0.3162314532046991,697,True,True,False,True,M4_Spearman_RF
2,Washington,geochem1_usgs_As_value_p95_50km,climate_vap_annual_mean,-0.3138447035287226,0.3138447035287226,1331,True,True,False,True,M4_Spearman_RF
2,Washington,geochem2_nure_Cu_ppm_max_50km,climate_aet_annual_sum,0.3121971783947621,0.3121971783947621,933,True,True,False,True,M4_Spearman_RF
2,Washington,geochem2_nure_Cu_ppm_max_25km,climate_aet_annual_sum,0.3116073157727835,0.3116073157727835,798,True,True,False,True,M4_Spearman_RF
2,Washington,geochem1_usgs_Au_value_median_50km,climate_srad_annual_mean,-0.3107141606777012,0.3107141606777012,1289,True,True,False,True,M4_Spearman_RF
2,Washington,geochem1_usgs_Au_value_median_10km,climate_vap_annual_mean,-0.3089902895800754,0.3089902895800754,931,True,True,False,True,M4_Spearman_RF
2,Washington,geochem2_nure_Mo_ppm_max_10km,climate_vap_annual_mean,-0.30859447488836017,0.30859447488836017,697,True,True,False,True,M4_Spearman_RF
2,Washington,geochem1_usgs_Sb_value_mean_10km,climate_vap_annual_mean,-0.30819582932655576,0.30819582932655576,1098,True,True,False,True,M4_Spearman_RF
2,Washington,geochem1_usgs_As_value_p95_5km,climate_vap_annual_mean,-0.3076590481755971,0.3076590481755971,994,True,True,False,True,M4_Spearman_RF
2,Washington,geochem2_nure_Bi_ppm_median_25km,env_climate_swe_annual_mean_mm,-0.30738522673343355,0.30738522673343355,798,True,True,False,True,M4_Spearman_RF
2,Washington,geochem1_usgs_Sb_value_max_25km,climate_vap_annual_mean,-0.3057614598105486,0.3057614598105486,1319,True,True,False,True,M4_Spearman_RF
2,Washington,geochem1_usgs_Sb_value_p95_25km,climate_vap_annual_mean,-0.3050078579213215,0.3050078579213215,1319,True,True,False,True,M4_Spearman_RF
2,Washington,geochem2_nure_Zn_ppm_mean_10km,climate_soil_annual_mean,0.3049386310948363,0.3049386310948363,697,True,True,False,True,M4_Spearman_RF
2,Washington,geochem1_usgs_As_value_mean_10km,climate_vap_annual_mean,-0.301849006719659,0.301849006719659,1224,True,True,False,True,M4_Spearman_RF
2,Washington,geochem2_nure_Pb_ppm_max_10km,climate_aet_annual_sum,0.3008931893230763,0.3008931893230763,697,True,True,False,True,M4_Spearman_RF
2,Washington,geochem1_usgs_Ag_value_max_10km,climate_vap_annual_mean,-0.3002578247960921,0.3002578247960921,1020,True,True,False,True,M4_Spearman_RF
2,Washington,geochem1_usgs_As_value_max_5km,climate_vap_annual_mean,-0.2990310385540067,0.2990310385540067,994,False,False,False,False,M4_Spearman_RF
2,Washington,geochem2_nure_Re_ppm_max_50km,climate_vap_annual_mean,-0.2989918924019417,0.2989918924019417,897,False,False,False,False,M4_Spearman_RF
2,Washington,geochem1_usgs_As_value_median_50km,climate_vap_annual_mean,-0.29852024991681325,0.29852024991681325,1331,False,False,False,False,M4_Spearman_RF
2,Washington,geochem2_nure_W_ppm_mean_50km,climate_vap_annual_mean,-0.29745612941506544,0.29745612941506544,933,False,False,False,False,M4_Spearman_RF
2,Washington,geochem1_usgs_Sb_value_median_50km,climate_aet_annual_sum,-0.29661274655339775,0.29661274655339775,1331,False,False,False,False,M4_Spearman_RF
2,Washington,geochem1_usgs_As_value_median_25km,climate_vap_annual_mean,-0.29440564832644334,0.29440564832644334,1327,False,False,False,False,M4_Spearman_RF
2,Washington,geochem1_usgs_Au_value_median_5km,climate_tmax_annual_mean,-0.2925804457884896,0.2925804457884896,742,False,False,False,False,M4_Spearman_RF
2,Washington,geochem2_nure_W_ppm_p95_10km,climate_vap_annual_mean,-0.29078843581480984,0.29078843581480984,697,False,False,False,False,M4_Spearman_RF
2,Washington,geochem1_usgs_Au_value_median_25km,climate_vap_annual_mean,-0.2905111702522238,0.2905111702522238,1161,False,False,False,False,M4_Spearman_RF
2,Washington,geochem1_usgs_Ag_value_mean_25km,climate_vap_annual_mean,-0.2884147243662351,0.2884147243662351,1262,False,False,False,False,M4_Spearman_RF
2,Washington,geochem2_nure_Pb_ppm_median_25km,env_climate_swe_annual_mean_mm,-0.287280286832187,0.287280286832187,798,False,False,False,False,M4_Spearman_RF
2,Washington,geochem1_usgs_As_value_mean_5km,climate_vap_annual_mean,-0.28694622833117267,0.28694622833117267,994,False,False,False,False,M4_Spearman_RF
2,Washington,geochem1_usgs_Ag_value_mean_10km,climate_vap_annual_mean,-0.2860499580938912,0.2860499580938912,1020,False,False,False,False,M4_Spearman_RF
2,Washington,geochem1_usgs_Ag_value_max_25km,climate_vap_annual_mean,-0.2854021561788228,0.2854021561788228,1262,False,False,False,False,M4_Spearman_RF
2,Washington,geochem1_usgs_Cu_value_mean_50km,climate_vpd_annual_mean,0.2847231033522728,0.2847231033522728,1331,False,False,False,False,M4_Spearman_RF
2,Washington,geochem1_usgs_Re_value_max_50km,climate_vap_annual_mean,-0.2828342359455543,0.2828342359455543,1000,False,False,False,False,M4_Spearman_RF
2,Washington,geochem1_usgs_W_value_median_5km,climate_vap_annual_mean,-0.2817997231347525,0.2817997231347525,802,False,False,False,False,M4_Spearman_RF
2,Washington,geochem1_usgs_W_value_median_10km,climate_vap_annual_mean,-0.28121050704805955,0.28121050704805955,1021,False,False,False,False,M4_Spearman_RF
2,Washington,geochem1_usgs_Ag_value_p95_10km,climate_vap_annual_mean,-0.28117836566497084,0.28117836566497084,1020,False,False,False,False,M4_Spearman_RF
2,Washington,geochem1_usgs_Sb_value_mean_25km,climate_vap_annual_mean,-0.280124650414447,0.280124650414447,1319,False,False,False,False,M4_Spearman_RF
2,Washington,geochem2_nure_W_ppm_p95_25km,climate_vap_annual_mean,-0.27905232821022874,0.27905232821022874,798,False,False,False,False,M4_Spearman_RF
2,Washington,geochem1_usgs_W_value_mean_25km,climate_vap_annual_mean,-0.27904493829034455,0.27904493829034455,1294,False,False,False,False,M4_Spearman_RF
2,Washington,geochem2_nure_Mo_ppm_p95_50km,climate_vap_annual_mean,-0.27837188843893074,0.27837188843893074,933,False,False,False,False,M4_Spearman_RF
2,Washington,geochem1_usgs_W_value_max_25km,climate_vap_annual_mean,-0.2764247443821513,0.2764247443821513,1294,False,False,False,False,M4_Spearman_RF
2,Washington,geochem2_nure_Au_sq_ppm_mean_10km,climate_vap_annual_mean,-0.27448184953339216,0.27448184953339216,696,False,False,False,False,M4_Spearman_RF
2,Washington,geochem1_usgs_Zn_value_median_10km,climate_soil_annual_mean,0.274201897217624,0.274201897217624,1280,False,False,False,False,M4_Spearman_RF
2,Washington,geochem1_usgs_Sb_value_median_10km,climate_vap_annual_mean,-0.2739372829556301,0.2739372829556301,1098,False,False,False,False,M4_Spearman_RF
2,Washington,geochem1_usgs_W_value_mean_10km,climate_vap_annual_mean,-0.27130973778402717,0.27130973778402717,1021,False,False,False,False,M4_Spearman_RF
2,Washington,geochem1_usgs_Pb_value_median_10km,climate_srad_annual_mean,0.26940401766626576,0.26940401766626576,1278,False,False,False,False,M4_Spearman_RF
2,Washington,geochem1_usgs_Ag_value_p95_25km,climate_vap_annual_mean,-0.26641885109652497,0.26641885109652497,1262,False,False,False,False,M4_Spearman_RF
2,Washington,geochem1_usgs_W_value_median_25km,climate_vap_annual_mean,-0.26622131840236263,0.26622131840236263,1294,False,False,False,False,M4_Spearman_RF
2,Washington,geochem2_nure_Sb_ppm_nearest,climate_aet_annual_sum,-0.26609020834620745,0.26609020834620745,1331,False,False,False,False,M4_Spearman_RF
2,Washington,geochem2_nure_Bi_ppm_max_50km,climate_aet_annual_sum,0.26584564654780435,0.26584564654780435,933,False,False,False,False,M4_Spearman_RF
2,Washington,geochem1_usgs_W_value_mean_5km,climate_vap_annual_mean,-0.2652330831857736,0.2652330831857736,802,False,False,False,False,M4_Spearman_RF
2,Washington,geochem2_nure_Re_ppm_mean_50km,climate_aet_annual_sum,0.2643926979427553,0.2643926979427553,897,False,False,False,False,M4_Spearman_RF
2,Washington,geochem2_nure_Bi_ppm_max_25km,climate_aet_annual_sum,0.2637256485531045,0.2637256485531045,798,False,False,False,False,M4_Spearman_RF
2,Washington,geochem1_usgs_Pb_value_mean_50km,climate_water_balance_annual_mm,-0.26286763384240647,0.26286763384240647,1331,False,False,False,False,M4_Spearman_RF
2,Washington,geochem2_nure_W_ppm_max_10km,climate_tmax_annual_mean,-0.26145420252942514,0.26145420252942514,697,False,False,False,False,M4_Spearman_RF
2,Washington,geochem2_nure_Pb_ppm_p95_25km,climate_aet_annual_sum,0.2614266206659659,0.2614266206659659,798,False,False,False,False,M4_Spearman_RF
2,Washington,geochem1_usgs_Sb_value_mean_50km,climate_vap_annual_mean,-0.26122103266069996,0.26122103266069996,1331,False,False,False,False,M4_Spearman_RF
2,Washington,geochem2_nure_Bi_ppm_mean_10km,climate_aet_annual_sum,0.2599112872788103,0.2599112872788103,697,False,False,False,False,M4_Spearman_RF
2,Washington,geochem1_usgs_Au_value_p95_10km,climate_vap_annual_mean,-0.2597619300522012,0.2597619300522012,931,False,False,False,False,M4_Spearman_RF
2,Washington,geochem2_nure_Pb_ppm_p95_10km,climate_aet_annual_sum,0.25947620119365433,0.25947620119365433,697,False,False,False,False,M4_Spearman_RF
2,Washington,geochem1_usgs_Ag_value_median_5km,env_climate_pet_annual_mm,-0.2591886153252487,0.2591886153252487,832,False,False,False,False,M4_Spearman_RF
2,Washington,geochem1_usgs_Au_value_p95_25km,climate_aet_annual_sum,-0.25806361242963904,0.25806361242963904,1161,False,False,False,False,M4_Spearman_RF
2,Washington,geochem1_usgs_Au_value_mean_10km,climate_vap_annual_mean,-0.25666942879166615,0.25666942879166615,931,False,False,False,False,M4_Spearman_RF
2,Washington,geochem1_usgs_Cu_value_p95_50km,env_climate_swe_annual_mean_mm,-0.2565178057028872,0.2565178057028872,1331,False,False,False,False,M4_Spearman_RF
2,Washington,geochem1_usgs_Sb_value_p95_50km,climate_vap_annual_mean,-0.25634587870237086,0.25634587870237086,1331,False,False,False,False,M4_Spearman_RF
2,Washington,geochem2_nure_Re_ppm_median_25km,climate_srad_annual_mean,0.2558731883739865,0.2558731883739865,717,False,False,False,False,M4_Spearman_RF
2,Washington,geochem1_usgs_Ag_value_median_10km,climate_vpd_annual_mean,-0.2535070554699229,0.2535070554699229,1020,False,False,False,False,M4_Spearman_RF
2,Washington,geochem2_nure_Pb_ppm_mean_50km,climate_aet_annual_sum,0.25263605256702054,0.25263605256702054,933,False,False,False,False,M4_Spearman_RF
2,Washington,geochem1_usgs_Re_value_median_50km,climate_srad_annual_mean,0.25233312619344356,0.25233312619344356,1000,False,False,False,False,M4_Spearman_RF
2,Washington,geochem1_usgs_Sb_value_max_50km,climate_vap_annual_mean,-0.25148066356601195,0.25148066356601195,1331,False,False,False,False,M4_Spearman_RF
2,Washington,geochem1_usgs_Ag_value_mean_50km,climate_vap_annual_mean,-0.2512166259956583,0.2512166259956583,1326,False,False,False,False,M4_Spearman_RF
2,Washington,geochem1_usgs_W_value_p95_5km,climate_tmax_annual_mean,-0.2505192873094069,0.2505192873094069,802,False,False,False,False,M4_Spearman_RF
2,Washington,geochem1_usgs_Zn_value_p95_5km,climate_soil_annual_mean,0.24988794786793522,0.24988794786793522,1141,False,False,False,False,M4_Spearman_RF
2,Washington,geochem1_usgs_W_value_max_10km,climate_vap_annual_mean,-0.2484671242795993,0.2484671242795993,1021,False,False,False,False,M4_Spearman_RF
2,Washington,geochem1_usgs_Zn_value_median_5km,env_climate_ppt_annual_mm,0.24797273399865072,0.24797273399865072,1141,False,False,False,False,M4_Spearman_RF
2,Washington,geochem1_usgs_W_value_p95_10km,climate_vap_annual_mean,-0.24796724431248598,0.24796724431248598,1021,False,False,False,False,M4_Spearman_RF
2,Washington,geochem1_usgs_W_value_max_5km,climate_tmax_annual_mean,-0.24714724395597085,0.24714724395597085,802,False,False,False,False,M4_Spearman_RF
2,Washington,geochem1_usgs_Au_value_mean_50km,climate_aet_annual_sum,-0.2470087541927365,0.2470087541927365,1289,False,False,False,False,M4_Spearman_RF
2,Washington,geochem1_usgs_Re_value_max_25km,climate_vap_annual_mean,-0.24629013708266206,0.24629013708266206,777,False,False,False,False,M4_Spearman_RF
2,Washington,geochem2_nure_Pb_ppm_median_10km,climate_srad_annual_mean,0.24624195910095145,0.24624195910095145,697,False,False,False,False,M4_Spearman_RF
2,Washington,geochem1_usgs_Au_value_max_10km,climate_vap_annual_mean,-0.24563093716623158,0.24563093716623158,931,False,False,False,False,M4_Spearman_RF
2,Washington,geochem1_usgs_Au_value_p95_50km,climate_aet_annual_sum,-0.2446754458232373,0.2446754458232373,1289,False,False,False,False,M4_Spearman_RF
2,Washington,geochem1_usgs_Au_value_mean_25km,climate_aet_annual_sum,-0.24442641820279207,0.24442641820279207,1161,False,False,False,False,M4_Spearman_RF
2,Washington,geochem2_nure_Bi_ppm_median_10km,env_climate_swe_annual_mean_mm,-0.24438171934198197,0.24438171934198197,697,False,False,False,False,M4_Spearman_RF
2,Washington,geochem1_usgs_Pb_value_p95_50km,climate_vpd_annual_mean,0.24349624922127258,0.24349624922127258,1331,False,False,False,False,M4_Spearman_RF
2,Washington,geochem1_usgs_As_value_median_10km,climate_vap_annual_mean,-0.24289737962933616,0.24289737962933616,1224,False,False,False,False,M4_Spearman_RF
2,Washington,geochem1_usgs_Ag_value_p95_50km,climate_vap_annual_mean,-0.24266392381101234,0.24266392381101234,1326,False,False,False,False,M4_Spearman_RF
2,Washington,geochem2_nure_Au_sq_ppm_mean_25km,climate_vap_annual_mean,-0.24241279524644366,0.24241279524644366,798,False,False,False,False,M4_Spearman_RF
2,Washington,geochem1_usgs_Ag_value_mean_5km,climate_tmax_annual_mean,-0.24204635414810444,0.24204635414810444,832,False,False,False,False,M4_Spearman_RF
2,Washington,geochem2_nure_Re_ppm_p95_50km,climate_aet_annual_sum,0.2412917432907421,0.2412917432907421,897,False,False,False,False,M4_Spearman_RF
2,Washington,geochem1_usgs_Cu_value_median_5km,climate_aet_annual_sum,0.2409846986056455,0.2409846986056455,1068,False,False,False,False,M4_Spearman_RF
2,Washington,geochem1_usgs_Sb_value_median_25km,climate_aet_annual_sum,-0.23899947921150405,0.23899947921150405,1319,False,False,False,False,M4_Spearman_RF
2,Washington,geochem2_nure_As_ppm_nearest,climate_vap_annual_mean,-0.23883482129465017,0.23883482129465017,1331,False,False,False,False,M4_Spearman_RF
2,Washington,geochem2_nure_W_ppm_max_50km,climate_vap_annual_mean,-0.23698939487112405,0.23698939487112405,933,False,False,False,False,M4_Spearman_RF
2,Washington,geochem1_usgs_W_value_p95_25km,climate_vap_annual_mean,-0.23596881173150552,0.23596881173150552,1294,False,False,False,False,M4_Spearman_RF
2,Washington,geochem1_usgs_Mo_value_max_10km,climate_vap_annual_mean,-0.23545399753172577,0.23545399753172577,1201,False,False,False,False,M4_Spearman_RF
2,Washington,geochem1_usgs_Zn_value_max_10km,climate_vap_annual_mean,-0.2350734055344598,0.2350734055344598,1280,False,False,False,False,M4_Spearman_RF
2,Washington,geochem1_usgs_Ag_value_max_5km,climate_vap_annual_mean,-0.23429266233632465,0.23429266233632465,832,False,False,False,False,M4_Spearman_RF
2,Washington,geochem1_usgs_As_value_median_5km,climate_vap_annual_mean,-0.23204720818241098,0.23204720818241098,994,False,False,False,False,M4_Spearman_RF
2,Washington,geochem2_nure_Re_ppm_max_25km,climate_tmax_annual_mean,-0.23162486449247324,0.23162486449247324,717,False,False,False,False,M4_Spearman_RF
2,Washington,geochem1_usgs_Ag_value_p95_5km,climate_tmax_annual_mean,-0.23039946753528168,0.23039946753528168,832,False,False,False,False,M4_Spearman_RF
2,Washington,geochem2_nure_W_ppm_max_25km,climate_vap_annual_mean,-0.23029056864266675,0.23029056864266675,798,False,False,False,False,M4_Spearman_RF
2,Washington,geochem1_usgs_Bi_value_max_25km,climate_vap_annual_mean,-0.23013037458524427,0.23013037458524427,1312,False,False,False,False,M4_Spearman_RF
2,Washington,geochem1_usgs_Mo_value_p95_10km,climate_vap_annual_mean,-0.2286340242952638,0.2286340242952638,1201,False,False,False,False,M4_Spearman_RF
2,Washington,geochem1_usgs_Zn_value_mean_5km,climate_q_annual_sum,0.22844432139304605,0.22844432139304605,1141,False,False,False,False,M4_Spearman_RF
2,Washington,geochem1_usgs_As_value_nearest,climate_vap_annual_mean,-0.22815757846381057,0.22815757846381057,633,False,False,False,False,M4_Spearman_RF
2,Washington,geochem1_usgs_Ag_value_median_50km,climate_srad_annual_mean,-0.22675931648374523,0.22675931648374523,1326,False,False,False,False,M4_Spearman_RF
2,Washington,geochem1_usgs_Mo_value_median_50km,climate_tmin_annual_mean,-0.225835021209685,0.225835021209685,1331,False,False,False,False,M4_Spearman_RF
2,Washington,geochem1_usgs_Zn_value_max_5km,climate_soil_annual_mean,0.22555577867699764,0.22555577867699764,1141,False,False,False,False,M4_Spearman_RF
2,Washington,geochem2_nure_Pb_ppm_max_25km,climate_aet_annual_sum,0.22538470890513485,0.22538470890513485,798,False,False,False,False,M4_Spearman_RF
2,Washington,geochem1_usgs_Ag_value_max_50km,climate_vap_annual_mean,-0.22364855577801449,0.22364855577801449,1326,False,False,False,False,M4_Spearman_RF
2,Washington,geochem1_usgs_Zn_value_p95_10km,climate_vap_annual_mean,-0.2232857178195755,0.2232857178195755,1280,False,False,False,False,M4_Spearman_RF
2,Washington,geochem1_usgs_Zn_value_mean_10km,climate_soil_annual_mean,0.22303307827854013,0.22303307827854013,1280,False,False,False,False,M4_Spearman_RF
2,Washington,geochem2_nure_W_ppm_nearest,climate_aet_annual_sum,-0.22254491071846447,0.22254491071846447,1331,False,False,False,False,M4_Spearman_RF
2,Washington,geochem1_usgs_Re_value_median_25km,climate_srad_annual_mean,0.22190013265655148,0.22190013265655148,777,False,False,False,False,M4_Spearman_RF
2,Washington,geochem1_usgs_Zn_value_max_25km,climate_vap_annual_mean,-0.22187548803438656,0.22187548803438656,1331,False,False,False,False,M4_Spearman_RF
2,Washington,geochem1_usgs_Ag_value_median_25km,climate_tmin_annual_mean,-0.21809753524472847,0.21809753524472847,1262,False,False,False,False,M4_Spearman_RF
2,Washington,geochem2_nure_Cu_ppm_nearest,env_climate_swe_annual_mean_mm,-0.21747234094703682,0.21747234094703682,1331,False,False,False,False,M4_Spearman_RF
2,Washington,geochem1_usgs_Au_value_max_25km,climate_vap_annual_mean,-0.2169243125300495,0.2169243125300495,1161,False,False,False,False,M4_Spearman_RF
2,Washington,geochem1_usgs_Cu_value_median_10km,climate_aet_annual_sum,0.2162618445381248,0.2162618445381248,1280,False,False,False,False,M4_Spearman_RF
2,Washington,geochem2_nure_Au_sq_ppm_p95_10km,climate_vap_annual_mean,-0.21431878856271813,0.21431878856271813,696,False,False,False,False,M4_Spearman_RF
2,Washington,geochem2_nure_Pb_ppm_max_50km,climate_aet_annual_sum,0.21375589532530476,0.21375589532530476,933,False,False,False,False,M4_Spearman_RF
2,Washington,geochem2_nure_Mo_ppm_mean_50km,climate_vap_annual_mean,-0.21362347736088558,0.21362347736088558,933,False,False,False,False,M4_Spearman_RF
2,Washington,geochem2_nure_Pb_ppm_mean_10km,climate_srad_annual_mean,0.21296274056544812,0.21296274056544812,697,False,False,False,False,M4_Spearman_RF
2,Washington,geochem2_nure_Au_sq_ppm_p95_25km,climate_vap_annual_mean,-0.21288020990271692,0.21288020990271692,798,False,False,False,False,M4_Spearman_RF
2,Washington,geochem1_usgs_Cu_value_nearest,climate_aet_annual_sum,0.21275427370052727,0.21275427370052727,848,False,False,False,False,M4_Spearman_RF
2,Washington,geochem1_usgs_W_value_median_50km,climate_vap_annual_mean,-0.21238402107150395,0.21238402107150395,1331,False,False,False,False,M4_Spearman_RF
2,Washington,geochem2_nure_Mo_ppm_max_25km,climate_vap_annual_mean,-0.2110337151826368,0.2110337151826368,798,False,False,False,False,M4_Spearman_RF
2,Washington,geochem1_usgs_W_value_max_50km,climate_vap_annual_mean,-0.21015683492890977,0.21015683492890977,1331,False,False,False,False,M4_Spearman_RF
2,Washington,geochem1_usgs_Zn_value_nearest,climate_q_annual_sum,0.2097387978400924,0.2097387978400924,1050,False,False,False,False,M4_Spearman_RF
2,Washington,geochem1_usgs_Pb_value_max_25km,climate_vap_annual_mean,-0.20967348774762548,0.20967348774762548,1331,False,False,False,False,M4_Spearman_RF
2,Washington,geochem1_usgs_Mo_value_max_25km,climate_vap_annual_mean,-0.2081460482371357,0.2081460482371357,1327,False,False,False,False,M4_Spearman_RF
2,Washington,geochem1_usgs_Pb_value_p95_25km,climate_water_balance_annual_mm,-0.20811476504821627,0.20811476504821627,1331,False,False,False,False,M4_Spearman_RF
2,Washington,geochem1_usgs_Pb_value_median_5km,climate_srad_annual_mean,0.2076998634088983,0.2076998634088983,1134,False,False,False,False,M4_Spearman_RF
2,Washington,geochem1_usgs_Pb_value_nearest,climate_srad_annual_mean,0.2074983396264989,0.2074983396264989,1008,False,False,False,False,M4_Spearman_RF
2,Washington,geochem2_nure_Ag_ppm_nearest,climate_vap_annual_mean,-0.20680832344995467,0.20680832344995467,1331,False,False,False,False,M4_Spearman_RF
2,Washington,geochem1_usgs_W_value_mean_50km,climate_vap_annual_mean,-0.20663287061445926,0.20663287061445926,1331,False,False,False,False,M4_Spearman_RF
2,Washington,geochem1_usgs_Au_value_max_50km,climate_aet_annual_sum,-0.20610458968714918,0.20610458968714918,1289,False,False,False,False,M4_Spearman_RF
2,Washington,geochem2_nure_Pb_ppm_mean_25km,climate_aet_annual_sum,0.20575232991197942,0.20575232991197942,798,False,False,False,False,M4_Spearman_RF
2,Washington,geochem1_usgs_Cu_value_max_50km,climate_vpd_annual_mean,0.20359806467292108,0.20359806467292108,1331,False,False,False,False,M4_Spearman_RF
2,Washington,geochem2_nure_Au_sq_ppm_max_10km,climate_tmax_annual_mean,-0.2034009034852981,0.2034009034852981,696,False,False,False,False,M4_Spearman_RF
2,Washington,geochem1_usgs_Pb_value_max_10km,climate_vap_annual_mean,-0.20149095435484973,0.20149095435484973,1278,False,False,False,False,M4_Spearman_RF
2,Washington,geochem1_usgs_Au_value_mean_5km,env_climate_pet_annual_mm,-0.20100350521242352,0.20100350521242352,742,False,False,False,False,M4_Spearman_RF
2,Washington,geochem1_usgs_Mo_value_median_25km,climate_tmin_annual_mean,-0.20033814400720162,0.20033814400720162,1327,False,False,False,False,M4_Spearman_RF
2,Washington,geochem1_usgs_Cu_value_p95_5km,climate_aet_annual_sum,0.2002292450756424,0.2002292450756424,1068,False,False,False,False,M4_Spearman_RF
2,Washington,geochem1_usgs_Cu_value_mean_5km,climate_aet_annual_sum,0.19998731372876977,0.19998731372876977,1068,False,False,False,False,M4_Spearman_RF
2,Washington,geochem1_usgs_Bi_value_mean_25km,climate_vap_annual_mean,-0.19796436209238963,0.19796436209238963,1312,False,False,False,False,M4_Spearman_RF
2,Washington,geochem2_nure_Au_sq_ppm_nearest,climate_vap_annual_mean,-0.19397068001369538,0.19397068001369538,1226,False,False,False,False,M4_Spearman_RF
2,Washington,geochem2_nure_W_ppm_p95_50km,climate_aet_annual_sum,0.19296163057010676,0.19296163057010676,933,False,False,False,False,M4_Spearman_RF
2,Washington,geochem1_usgs_Cu_value_max_5km,env_climate_ppt_annual_mm,0.1908100083970655,0.1908100083970655,1068,False,False,False,False,M4_Spearman_RF
2,Washington,geochem1_usgs_Bi_value_max_5km,climate_aet_pet_ratio_annual,0.18797352366338452,0.18797352366338452,856,False,False,False,False,M4_Spearman_RF
2,Washington,geochem1_usgs_Pb_value_mean_25km,climate_water_balance_annual_mm,-0.1874601247235682,0.1874601247235682,1331,False,False,False,False,M4_Spearman_RF
2,Washington,geochem1_usgs_Mo_value_max_5km,climate_vap_annual_mean,-0.1872524746948068,0.1872524746948068,957,False,False,False,False,M4_Spearman_RF
2,Washington,geochem1_usgs_Bi_value_max_50km,climate_vap_annual_mean,-0.18707271581324217,0.18707271581324217,1331,False,False,False,False,M4_Spearman_RF
2,Washington,geochem1_usgs_Mo_value_median_5km,climate_tmax_annual_mean,-0.18642756887715406,0.18642756887715406,957,False,False,False,False,M4_Spearman_RF
2,Washington,geochem1_usgs_Bi_value_p95_5km,climate_aet_pet_ratio_annual,0.18642631191863115,0.18642631191863115,856,False,False,False,False,M4_Spearman_RF
2,Washington,geochem1_usgs_Mo_value_p95_5km,climate_vap_annual_mean,-0.18638782053456018,0.18638782053456018,957,False,False,False,False,M4_Spearman_RF
2,Washington,geochem1_usgs_Au_value_p95_5km,climate_vap_annual_mean,-0.18286775259479834,0.18286775259479834,742,False,False,False,False,M4_Spearman_RF
2,Washington,geochem1_usgs_Mo_value_mean_10km,climate_vap_annual_mean,-0.181434450999876,0.181434450999876,1201,False,False,False,False,M4_Spearman_RF
2,Washington,geochem1_usgs_Bi_value_median_5km,climate_aet_pet_ratio_annual,0.18095176969477475,0.18095176969477475,856,False,False,False,False,M4_Spearman_RF
2,Washington,geochem1_usgs_Au_value_max_5km,climate_vap_annual_mean,-0.17883833848317027,0.17883833848317027,742,False,False,False,False,M4_Spearman_RF
2,Washington,geochem2_nure_Au_sq_ppm_max_25km,climate_tmax_annual_mean,-0.17876827647695956,0.17876827647695956,798,False,False,False,False,M4_Spearman_RF
2,Washington,geochem1_usgs_Zn_value_mean_25km,climate_ws_annual_mean,0.17614058568155608,0.17614058568155608,1331,False,False,False,False,M4_Spearman_RF
2,Washington,geochem1_usgs_Mo_value_p95_25km,climate_vap_annual_mean,-0.17585933877181106,0.17585933877181106,1327,False,False,False,False,M4_Spearman_RF
2,Washington,geochem1_usgs_Zn_value_p95_25km,climate_ws_annual_mean,0.17523989250518598,0.17523989250518598,1331,False,False,False,False,M4_Spearman_RF
2,Washington,geochem1_usgs_Re_value_mean_50km,climate_aet_annual_sum,0.17419746565997266,0.17419746565997266,1000,False,False,False,False,M4_Spearman_RF
2,Washington,geochem1_usgs_Pb_value_max_50km,climate_water_balance_annual_mm,-0.1739454453414479,0.1739454453414479,1331,False,False,False,False,M4_Spearman_RF
2,Washington,geochem1_usgs_Mo_value_mean_5km,climate_vap_annual_mean,-0.17156101874295349,0.17156101874295349,957,False,False,False,False,M4_Spearman_RF
2,Washington,geochem1_usgs_Mo_value_nearest,climate_ws_annual_mean,0.17150320992953894,0.17150320992953894,513,False,False,False,False,M4_Spearman_RF
2,Washington,geochem1_usgs_Bi_value_median_10km,climate_aet_annual_sum,0.16997921293768242,0.16997921293768242,1080,False,False,False,False,M4_Spearman_RF
2,Washington,geochem1_usgs_Bi_value_mean_50km,env_climate_ppt_annual_mm,-0.16804256454225042,0.16804256454225042,1331,False,False,False,False,M4_Spearman_RF
2,Washington,geochem1_usgs_Bi_value_mean_5km,climate_dtr_annual_mean,-0.16737907466954016,0.16737907466954016,856,False,False,False,False,M4_Spearman_RF
2,Washington,geochem1_usgs_Mo_value_median_10km,climate_tmax_annual_mean,-0.1649373795883801,0.1649373795883801,1201,False,False,False,False,M4_Spearman_RF
2,Washington,geochem1_usgs_Bi_value_median_50km,climate_ws_annual_mean,-0.16184960048305205,0.16184960048305205,1331,False,False,False,False,M4_Spearman_RF
2,Washington,geochem1_usgs_Re_value_p95_50km,climate_aet_annual_sum,0.1612449881818564,0.1612449881818564,1000,False,False,False,False,M4_Spearman_RF
2,Washington,geochem1_usgs_Cu_value_mean_25km,climate_srad_annual_mean,0.15961813018169793,0.15961813018169793,1331,False,False,False,False,M4_Spearman_RF
2,Washington,geochem2_nure_Mo_ppm_nearest,climate_vap_annual_mean,-0.15837699706424385,0.15837699706424385,1331,False,False,False,False,M4_Spearman_RF
2,Washington,geochem1_usgs_Bi_value_max_10km,climate_vap_annual_mean,-0.15819179122542795,0.15819179122542795,1080,False,False,False,False,M4_Spearman_RF
2,Washington,geochem1_usgs_Re_value_p95_25km,climate_vap_annual_mean,-0.15716155265925513,0.15716155265925513,777,False,False,False,False,M4_Spearman_RF
2,Washington,geochem1_usgs_Mo_value_max_50km,climate_vpd_annual_mean,0.15685097743279866,0.15685097743279866,1331,False,False,False,False,M4_Spearman_RF
2,Washington,geochem1_usgs_Pb_value_max_5km,climate_vap_annual_mean,-0.1566245224794564,0.1566245224794564,1134,False,False,False,False,M4_Spearman_RF
2,Washington,geochem1_usgs_Bi_value_p95_25km,climate_vap_annual_mean,-0.15416074570823335,0.15416074570823335,1312,False,False,False,False,M4_Spearman_RF
2,Washington,geochem1_usgs_Mo_value_mean_25km,climate_vap_annual_mean,-0.15182785689140152,0.15182785689140152,1327,False,False,False,False,M4_Spearman_RF
2,Washington,geochem1_usgs_Zn_value_mean_50km,env_climate_swe_annual_mean_mm,-0.14909032760778076,0.14909032760778076,1331,False,False,False,False,M4_Spearman_RF
2,Washington,geochem1_usgs_Bi_value_p95_50km,env_aridity_index_ppt_pet,-0.14528896686643092,0.14528896686643092,1331,False,False,False,False,M4_Spearman_RF
2,Washington,geochem1_usgs_Pb_value_p95_10km,climate_vap_annual_mean,-0.14422229525848634,0.14422229525848634,1278,False,False,False,False,M4_Spearman_RF
2,Washington,geochem2_nure_Au_sq_ppm_mean_50km,climate_srad_annual_mean,-0.1439560506617874,0.1439560506617874,933,False,False,False,False,M4_Spearman_RF
2,Washington,geochem2_nure_Re_ppm_mean_25km,climate_aet_annual_sum,0.14319969924151893,0.14319969924151893,717,False,False,False,False,M4_Spearman_RF
2,Washington,geochem1_usgs_Pb_value_mean_10km,climate_srad_annual_mean,0.1429630429991228,0.1429630429991228,1278,False,False,False,False,M4_Spearman_RF
2,Washington,geochem1_usgs_Zn_value_p95_50km,climate_ws_annual_mean,0.1420015605815529,0.1420015605815529,1331,False,False,False,False,M4_Spearman_RF
2,Washington,geochem1_usgs_Cu_value_p95_25km,climate_srad_annual_mean,0.14046058977964157,0.14046058977964157,1331,False,False,False,False,M4_Spearman_RF
2,Washington,geochem2_nure_Re_ppm_p95_25km,climate_aet_annual_sum,0.13961302000739695,0.13961302000739695,717,False,False,False,False,M4_Spearman_RF
2,Washington,geochem1_usgs_Cu_value_max_25km,climate_vap_annual_mean,-0.13937723442712394,0.13937723442712394,1331,False,False,False,False,M4_Spearman_RF
2,Washington,geochem2_nure_Au_sq_ppm_max_50km,climate_dtr_annual_mean,-0.137833451544417,0.137833451544417,933,False,False,False,False,M4_Spearman_RF
2,Washington,geochem1_usgs_Pb_value_p95_5km,climate_vap_annual_mean,-0.13706042763262066,0.13706042763262066,1134,False,False,False,False,M4_Spearman_RF
2,Washington,geochem1_usgs_Pb_value_mean_5km,climate_srad_annual_mean,0.1358927098525372,0.1358927098525372,1134,False,False,False,False,M4_Spearman_RF
2,Washington,geochem1_usgs_Zn_value_max_50km,climate_vpd_annual_mean,0.13213337952535847,0.13213337952535847,1331,False,False,False,False,M4_Spearman_RF
2,Washington,geochem1_usgs_Bi_value_mean_10km,climate_vap_annual_mean,-0.1318245453296594,0.1318245453296594,1080,False,False,False,False,M4_Spearman_RF
2,Washington,geochem1_usgs_Bi_value_p95_10km,climate_vap_annual_mean,-0.13119961985326367,0.13119961985326367,1080,False,False,False,False,M4_Spearman_RF
2,Washington,geochem1_usgs_Cu_value_p95_10km,climate_soil_annual_mean,0.12973693967839092,0.12973693967839092,1280,False,False,False,False,M4_Spearman_RF
2,Washington,geochem1_usgs_Cu_value_max_10km,climate_soil_annual_mean,0.1293165828550221,0.1293165828550221,1280,False,False,False,False,M4_Spearman_RF
2,Washington,geochem1_usgs_Mo_value_p95_50km,climate_soil_annual_mean,-0.12802420267162645,0.12802420267162645,1331,False,False,False,False,M4_Spearman_RF
2,Washington,geochem1_usgs_Mo_value_mean_50km,climate_water_balance_annual_mm,-0.12783281897253693,0.12783281897253693,1331,False,False,False,False,M4_Spearman_RF
2,Washington,geochem1_usgs_W_value_p95_50km,climate_soil_annual_mean,-0.12651944585501573,0.12651944585501573,1331,False,False,False,False,M4_Spearman_RF
2,Washington,geochem1_usgs_Cu_value_mean_10km,climate_soil_annual_mean,0.12331832452621395,0.12331832452621395,1280,False,False,False,False,M4_Spearman_RF
2,Washington,geochem2_nure_Au_sq_ppm_p95_50km,climate_aet_annual_sum,-0.11197852192849812,0.11197852192849812,933,False,False,False,False,M4_Spearman_RF
2,Washington,geochem2_nure_Zn_ppm_nearest,climate_dtr_annual_mean,-0.10374450268510643,0.10374450268510643,1331,False,False,False,False,M4_Spearman_RF
2,Washington,geochem2_nure_Mo_ppm_max_50km,climate_aet_annual_sum,0.1014692726224573,0.1014692726224573,933,False,False,False,False,M4_Spearman_RF
2,Washington,geochem1_usgs_Bi_value_median_25km,climate_aet_annual_sum,0.09844247737562392,0.09844247737562392,1312,False,False,False,False,M4_Spearman_RF
2,Washington,geochem1_usgs_Re_value_mean_25km,climate_srad_annual_mean,0.0944544622376529,0.0944544622376529,777,False,False,False,False,M4_Spearman_RF
2,Washington,geochem2_nure_Cu_ppm_p95_50km,climate_aet_annual_sum,0.5208406690543402,0.5208406690543402,933,True,True,False,True,M4_GraphUnion_RF
2,Washington,geochem2_nure_As_ppm_mean_25km,climate_vap_annual_mean,-0.4980461339463882,0.4980461339463882,798,True,True,False,True,M4_GraphUnion_RF
2,Washington,geochem2_nure_Bi_ppm_p95_50km,climate_aet_annual_sum,0.48600123246210675,0.48600123246210675,933,True,True,False,True,M4_GraphUnion_RF
2,Washington,geochem2_nure_As_ppm_p95_25km,climate_vap_annual_mean,-0.4856893743673669,0.4856893743673669,798,True,True,False,True,M4_GraphUnion_RF
2,Washington,geochem2_nure_As_ppm_p95_50km,climate_vap_annual_mean,-0.4789464289589135,0.4789464289589135,933,True,True,False,True,M4_GraphUnion_RF
2,Washington,geochem2_nure_As_ppm_median_50km,climate_srad_annual_mean,-0.4657087423771558,0.4657087423771558,933,True,True,False,True,M4_GraphUnion_RF
2,Washington,geochem2_nure_As_ppm_median_25km,climate_vap_annual_mean,-0.46510589317699397,0.46510589317699397,798,True,True,False,True,M4_GraphUnion_RF
2,Washington,geochem2_nure_As_ppm_mean_50km,climate_vap_annual_mean,-0.46339876629504906,0.46339876629504906,933,True,True,False,True,M4_GraphUnion_RF
2,Washington,geochem2_nure_Sb_ppm_p95_25km,climate_vap_annual_mean,-0.45470635999993947,0.45470635999993947,798,True,True,False,True,M4_GraphUnion_RF
2,Washington,geochem2_nure_Ag_ppm_median_25km,climate_srad_annual_mean,-0.44906214998428134,0.44906214998428134,798,True,True,False,True,M4_GraphUnion_RF
2,Washington,geochem2_nure_Cu_ppm_p95_25km,climate_aet_annual_sum,0.44639986232913825,0.44639986232913825,798,True,True,False,True,M4_GraphUnion_RF
2,Washington,geochem2_nure_Zn_ppm_p95_50km,climate_soil_annual_mean,0.44085941023403247,0.44085941023403247,933,True,True,False,True,M4_GraphUnion_RF
2,Washington,geochem2_nure_Cu_ppm_mean_50km,climate_aet_annual_sum,0.4401301809898722,0.4401301809898722,933,True,True,False,True,M4_GraphUnion_RF
2,Washington,geochem2_nure_Zn_ppm_median_25km,env_climate_pet_annual_mm,-0.43753789544859456,0.43753789544859456,798,True,True,False,True,M4_GraphUnion_RF
2,Washington,geochem2_nure_Sb_ppm_mean_25km,climate_vap_annual_mean,-0.4344201490152623,0.4344201490152623,798,True,True,False,True,M4_GraphUnion_RF
2,Washington,geochem2_nure_As_ppm_mean_10km,climate_vap_annual_mean,-0.4323845863904182,0.4323845863904182,697,True,True,False,True,M4_GraphUnion_RF
2,Washington,geochem2_nure_As_ppm_median_10km,climate_vap_annual_mean,-0.4321069314691255,0.4321069314691255,697,True,True,False,True,M4_GraphUnion_RF
2,Washington,geochem2_nure_Cu_ppm_p95_10km,climate_aet_annual_sum,0.43162233106502873,0.43162233106502873,697,True,True,False,True,M4_GraphUnion_RF
2,Washington,geochem2_nure_Ag_ppm_mean_25km,climate_vap_annual_mean,-0.4212258026033939,0.4212258026033939,798,True,True,False,True,M4_GraphUnion_RF
2,Washington,geochem2_nure_Mo_ppm_median_25km,climate_vap_annual_mean,-0.4194040461555739,0.4194040461555739,798,True,True,False,True,M4_GraphUnion_RF
2,Washington,geochem1_usgs_Zn_value_median_50km,climate_soil_annual_mean,0.4156639635049406,0.4156639635049406,1331,True,True,False,True,M4_GraphUnion_RF
2,Washington,geochem2_nure_Bi_ppm_p95_25km,climate_aet_annual_sum,0.4145895422387344,0.4145895422387344,798,True,True,False,True,M4_GraphUnion_RF
2,Washington,geochem2_nure_Ag_ppm_p95_25km,climate_vap_annual_mean,-0.41187460248400487,0.41187460248400487,798,True,True,False,True,M4_GraphUnion_RF
2,Washington,geochem2_nure_Cu_ppm_max_10km,climate_aet_annual_sum,0.411266762803793,0.411266762803793,697,True,True,False,True,M4_GraphUnion_RF
2,Washington,geochem2_nure_As_ppm_max_25km,climate_vap_annual_mean,-0.4105647925012049,0.4105647925012049,798,True,True,False,True,M4_GraphUnion_RF
2,Washington,geochem2_nure_Cu_ppm_median_50km,climate_aet_annual_sum,0.40929707950177496,0.40929707950177496,933,True,True,False,True,M4_GraphUnion_RF
2,Washington,geochem2_nure_Au_sq_ppm_median_25km,climate_vap_annual_mean,-0.4085035789012491,0.4085035789012491,798,True,True,False,True,M4_GraphUnion_RF
2,Washington,geochem2_nure_Zn_ppm_median_50km,env_climate_pet_annual_mm,-0.4081919490376471,0.4081919490376471,933,True,True,False,True,M4_GraphUnion_RF
2,Washington,geochem2_nure_Cu_ppm_median_25km,climate_aet_annual_sum,0.40699600286957244,0.40699600286957244,798,True,True,False,True,M4_GraphUnion_RF
2,Washington,geochem2_nure_Sb_ppm_mean_10km,climate_vap_annual_mean,-0.4067820175624385,0.4067820175624385,697,True,True,False,True,M4_GraphUnion_RF
2,Washington,geochem2_nure_Ag_ppm_median_50km,climate_srad_annual_mean,-0.4067150661127994,0.4067150661127994,933,True,True,False,True,M4_GraphUnion_RF
2,Washington,geochem2_nure_W_ppm_median_10km,climate_vap_annual_mean,-0.40660970261189094,0.40660970261189094,697,True,True,False,True,M4_GraphUnion_RF
2,Washington,geochem2_nure_As_ppm_p95_10km,climate_vap_annual_mean,-0.4057165088502712,0.4057165088502712,697,True,True,False,True,M4_GraphUnion_RF
2,Washington,geochem2_nure_Sb_ppm_p95_50km,climate_vap_annual_mean,-0.40571517667644735,0.40571517667644735,933,True,True,False,True,M4_GraphUnion_RF
2,Washington,geochem2_nure_Sb_ppm_median_10km,climate_vap_annual_mean,-0.40491253227440455,0.40491253227440455,697,True,True,False,True,M4_GraphUnion_RF
2,Washington,geochem2_nure_Zn_ppm_p95_25km,climate_soil_annual_mean,0.4028131178910291,0.4028131178910291,798,True,True,False,True,M4_GraphUnion_RF
2,Washington,geochem2_nure_W_ppm_median_25km,climate_vap_annual_mean,-0.40171693101389655,0.40171693101389655,798,True,True,False,True,M4_GraphUnion_RF
2,Washington,geochem2_nure_Cu_ppm_mean_25km,climate_aet_annual_sum,0.40001636229411525,0.40001636229411525,798,True,True,False,True,M4_GraphUnion_RF
2,Washington,geochem2_nure_Sb_ppm_mean_50km,climate_srad_annual_mean,-0.3999397668891473,0.3999397668891473,933,True,True,False,True,M4_GraphUnion_RF
2,Washington,geochem1_usgs_Cu_value_median_50km,climate_aet_annual_sum,0.3928948490145087,0.3928948490145087,1331,True,True,False,True,M4_GraphUnion_RF
2,Washington,geochem2_nure_Pb_ppm_median_50km,env_climate_swe_annual_mean_mm,-0.3926711376122388,0.3926711376122388,933,True,True,False,True,M4_GraphUnion_RF
2,Washington,geochem2_nure_Zn_ppm_mean_25km,climate_tmax_annual_mean,-0.39092700202950104,0.39092700202950104,798,True,True,False,True,M4_GraphUnion_RF
2,Washington,geochem2_nure_Sb_ppm_median_25km,climate_vap_annual_mean,-0.3902154663585374,0.3902154663585374,798,True,True,False,True,M4_GraphUnion_RF
2,Washington,geochem2_nure_Bi_ppm_median_50km,env_climate_swe_annual_mean_mm,-0.38874374758226615,0.38874374758226615,933,True,True,False,True,M4_GraphUnion_RF
2,Washington,geochem2_nure_Ag_ppm_median_10km,env_climate_pet_annual_mm,-0.3884392373599417,0.3884392373599417,697,True,True,False,True,M4_GraphUnion_RF
2,Washington,geochem2_nure_Sb_ppm_p95_10km,climate_vap_annual_mean,-0.3882628833324803,0.3882628833324803,697,True,True,False,True,M4_GraphUnion_RF
2,Washington,geochem2_nure_Au_sq_ppm_median_50km,climate_srad_annual_mean,-0.3851805769679953,0.3851805769679953,933,True,True,False,True,M4_GraphUnion_RF
2,Washington,geochem2_nure_Sb_ppm_max_25km,climate_vap_annual_mean,-0.38516252704986864,0.38516252704986864,798,True,True,False,True,M4_GraphUnion_RF
2,Washington,geochem2_nure_Bi_ppm_mean_50km,climate_aet_annual_sum,0.38496655724369067,0.38496655724369067,933,True,True,False,True,M4_GraphUnion_RF
2,Washington,geochem2_nure_As_ppm_max_50km,climate_vap_annual_mean,-0.38223251715438467,0.38223251715438467,933,True,True,False,True,M4_GraphUnion_RF
2,Washington,geochem2_nure_W_ppm_mean_10km,climate_vap_annual_mean,-0.3773831715307007,0.3773831715307007,697,True,True,False,True,M4_GraphUnion_RF
2,Washington,geochem2_nure_Zn_ppm_mean_50km,climate_soil_annual_mean,0.37486694299355533,0.37486694299355533,933,True,True,False,True,M4_GraphUnion_RF
2,Washington,geochem2_nure_Ag_ppm_mean_50km,climate_vap_annual_mean,-0.3730189223929992,0.3730189223929992,933,True,True,False,True,M4_GraphUnion_RF
2,Washington,geochem1_usgs_Pb_value_median_50km,climate_srad_annual_mean,0.37191455234917703,0.37191455234917703,1331,True,True,False,True,M4_GraphUnion_RF
2,Washington,geochem2_nure_Cu_ppm_mean_10km,climate_aet_annual_sum,0.37030595891513063,0.37030595891513063,697,True,True,False,True,M4_GraphUnion_RF
2,Washington,geochem2_nure_Mo_ppm_median_10km,climate_vap_annual_mean,-0.369887397543759,0.369887397543759,697,True,True,False,True,M4_GraphUnion_RF
2,Washington,geochem2_nure_Ag_ppm_max_50km,climate_soil_annual_mean,0.36899336814895706,0.36899336814895706,933,True,True,False,True,M4_GraphUnion_RF
2,Washington,geochem2_nure_Cu_ppm_median_10km,climate_ws_annual_mean,-0.3668595874390672,0.3668595874390672,697,True,True,False,True,M4_GraphUnion_RF
2,Washington,geochem2_nure_W_ppm_mean_25km,climate_vap_annual_mean,-0.36450189053588683,0.36450189053588683,798,True,True,False,True,M4_GraphUnion_RF
2,Washington,geochem2_nure_Zn_ppm_max_50km,climate_soil_annual_mean,0.3633366820843142,0.3633366820843142,933,True,True,False,True,M4_GraphUnion_RF
2,Washington,geochem2_nure_Ag_ppm_p95_50km,climate_vap_annual_mean,-0.3630749622325632,0.3630749622325632,933,True,True,False,True,M4_GraphUnion_RF
2,Washington,geochem2_nure_As_ppm_max_10km,climate_vap_annual_mean,-0.36206194947011155,0.36206194947011155,697,True,True,False,True,M4_GraphUnion_RF
2,Washington,geochem2_nure_Zn_ppm_max_10km,env_aridity_index_ppt_pet,0.36110947524647485,0.36110947524647485,697,True,True,False,True,M4_GraphUnion_RF
2,Washington,geochem2_nure_Sb_ppm_max_50km,climate_vap_annual_mean,-0.3596028150150618,0.3596028150150618,933,True,True,False,True,M4_GraphUnion_RF
2,Washington,geochem2_nure_Sb_ppm_max_10km,climate_vap_annual_mean,-0.3584352805361911,0.3584352805361911,697,True,True,False,True,M4_GraphUnion_RF
2,Washington,geochem2_nure_Mo_ppm_mean_10km,climate_vap_annual_mean,-0.35621303638053475,0.35621303638053475,697,True,True,False,True,M4_GraphUnion_RF
2,Washington,geochem1_usgs_As_value_max_25km,climate_vap_annual_mean,-0.3556157806241468,0.3556157806241468,1327,True,True,False,True,M4_GraphUnion_RF
2,Washington,geochem2_nure_Ag_ppm_mean_10km,climate_vap_annual_mean,-0.3542505813636779,0.3542505813636779,697,True,True,False,True,M4_GraphUnion_RF
2,Washington,geochem2_nure_Au_sq_ppm_median_10km,climate_vap_annual_mean,-0.3539003614941792,0.3539003614941792,696,True,True,False,True,M4_GraphUnion_RF
2,Washington,geochem1_usgs_Sb_value_nearest,climate_vap_annual_mean,-0.3524534869211887,0.3524534869211887,466,True,True,False,True,M4_GraphUnion_RF
2,Washington,geochem2_nure_Mo_ppm_p95_25km,climate_vap_annual_mean,-0.35053651892491233,0.35053651892491233,798,True,True,False,True,M4_GraphUnion_RF
2,Washington,geochem1_usgs_Zn_value_median_25km,climate_soil_annual_mean,0.3485802692229314,0.3485802692229314,1331,True,True,False,True,M4_GraphUnion_RF
2,Washington,geochem2_nure_Pb_ppm_nearest,climate_srad_annual_mean,0.3485398607454924,0.3485398607454924,1331,True,True,False,True,M4_GraphUnion_RF
2,Washington,geochem2_nure_Mo_ppm_median_50km,climate_vap_annual_mean,-0.34846661330499884,0.34846661330499884,933,True,True,False,True,M4_GraphUnion_RF
2,Washington,geochem2_nure_Zn_ppm_p95_10km,env_aridity_index_ppt_pet,0.3472134779625902,0.3472134779625902,697,True,True,False,True,M4_GraphUnion_RF
2,Washington,geochem2_nure_Re_ppm_median_50km,climate_srad_annual_mean,0.3462852799948769,0.3462852799948769,897,True,True,False,True,M4_GraphUnion_RF
2,Washington,geochem2_nure_Zn_ppm_max_25km,climate_soil_annual_mean,0.34382646488862795,0.34382646488862795,798,True,True,False,True,M4_GraphUnion_RF
2,Washington,geochem2_nure_Bi_ppm_p95_10km,climate_aet_annual_sum,0.34318134436315534,0.34318134436315534,697,True,True,False,True,M4_GraphUnion_RF
2,Washington,geochem1_usgs_As_value_max_50km,climate_vap_annual_mean,-0.34282599775924205,0.34282599775924205,1331,True,True,False,True,M4_GraphUnion_RF
2,Washington,geochem2_nure_Zn_ppm_median_10km,env_climate_pet_annual_mm,-0.34138818897598616,0.34138818897598616,697,True,True,False,True,M4_GraphUnion_RF
2,Washington,geochem2_nure_Pb_ppm_p95_50km,climate_aet_annual_sum,0.34131302141080583,0.34131302141080583,933,True,True,False,True,M4_GraphUnion_RF
2,Washington,geochem2_nure_Ag_ppm_p95_10km,climate_vap_annual_mean,-0.3387466356237578,0.3387466356237578,697,True,True,False,True,M4_GraphUnion_RF
2,Washington,geochem2_nure_Ag_ppm_max_25km,climate_vap_annual_mean,-0.3380020472033037,0.3380020472033037,798,True,True,False,True,M4_GraphUnion_RF
2,Washington,geochem2_nure_Bi_ppm_max_10km,climate_aet_annual_sum,0.3359234355356815,0.3359234355356815,697,True,True,False,True,M4_GraphUnion_RF
2,Washington,geochem2_nure_Mo_ppm_p95_10km,climate_vap_annual_mean,-0.3349508585724852,0.3349508585724852,697,True,True,False,True,M4_GraphUnion_RF
2,Washington,geochem1_usgs_Sb_value_median_5km,climate_vap_annual_mean,-0.3341518565115932,0.3341518565115932,870,True,True,False,True,M4_GraphUnion_RF
2,Washington,geochem1_usgs_Sb_value_mean_5km,climate_vap_annual_mean,-0.3329225056129483,0.3329225056129483,870,True,True,False,True,M4_GraphUnion_RF
2,Washington,geochem1_usgs_Sb_value_p95_5km,climate_vap_annual_mean,-0.3328785706206973,0.3328785706206973,870,True,True,False,True,M4_GraphUnion_RF
2,Washington,geochem1_usgs_As_value_mean_50km,climate_vap_annual_mean,-0.32986699000950037,0.32986699000950037,1331,True,True,False,True,M4_GraphUnion_RF
2,Washington,geochem1_usgs_Cu_value_median_25km,climate_aet_annual_sum,0.3286070171962369,0.3286070171962369,1331,True,True,False,True,M4_GraphUnion_RF
2,Washington,geochem2_nure_Mo_ppm_mean_25km,climate_vap_annual_mean,-0.32725950705208734,0.32725950705208734,798,True,True,False,True,M4_GraphUnion_RF
2,Washington,geochem1_usgs_Sb_value_max_5km,climate_vap_annual_mean,-0.3268948513024354,0.3268948513024354,870,True,True,False,True,M4_GraphUnion_RF
2,Washington,geochem2_nure_Bi_ppm_mean_25km,climate_aet_annual_sum,0.3266936262755472,0.3266936262755472,798,True,True,False,True,M4_GraphUnion_RF
2,Washington,geochem1_usgs_Sb_value_p95_10km,climate_vap_annual_mean,-0.32668561144876884,0.32668561144876884,1098,True,True,False,True,M4_GraphUnion_RF
2,Washington,geochem1_usgs_As_value_p95_25km,climate_vap_annual_mean,-0.3262679320932828,0.3262679320932828,1327,True,True,False,True,M4_GraphUnion_RF
2,Washington,geochem1_usgs_Sb_value_max_10km,climate_vap_annual_mean,-0.3224655346787942,0.3224655346787942,1098,True,True,False,True,M4_GraphUnion_RF
2,Washington,geochem2_nure_W_ppm_median_50km,climate_vap_annual_mean,-0.32232744030828,0.32232744030828,933,True,True,False,True,M4_GraphUnion_RF
2,Washington,geochem1_usgs_As_value_p95_10km,climate_vap_annual_mean,-0.32194349297730646,0.32194349297730646,1224,True,True,False,True,M4_GraphUnion_RF
2,Washington,geochem1_usgs_As_value_max_10km,climate_vap_annual_mean,-0.32166588568148385,0.32166588568148385,1224,True,True,False,True,M4_GraphUnion_RF
2,Washington,geochem1_usgs_Pb_value_median_25km,climate_srad_annual_mean,0.3188675780503413,0.3188675780503413,1331,True,True,False,True,M4_GraphUnion_RF
2,Washington,geochem2_nure_Bi_ppm_nearest,climate_srad_annual_mean,0.3188110831730831,0.3188110831730831,1331,True,True,False,True,M4_GraphUnion_RF
2,Washington,geochem1_usgs_As_value_mean_25km,climate_vap_annual_mean,-0.3183397719904861,0.3183397719904861,1327,True,True,False,True,M4_GraphUnion_RF
2,Washington,geochem2_nure_Sb_ppm_median_50km,climate_srad_annual_mean,-0.31689222833971936,0.31689222833971936,933,True,True,False,True,M4_GraphUnion_RF
2,Washington,geochem2_nure_Ag_ppm_max_10km,climate_tmax_annual_mean,-0.3162314532046991,0.3162314532046991,697,True,True,False,True,M4_GraphUnion_RF
2,Washington,geochem1_usgs_As_value_p95_50km,climate_vap_annual_mean,-0.3138447035287226,0.3138447035287226,1331,True,True,False,True,M4_GraphUnion_RF
2,Washington,geochem2_nure_Cu_ppm_max_50km,climate_aet_annual_sum,0.3121971783947621,0.3121971783947621,933,True,True,False,True,M4_GraphUnion_RF
2,Washington,geochem2_nure_Cu_ppm_max_25km,climate_aet_annual_sum,0.3116073157727835,0.3116073157727835,798,True,True,False,True,M4_GraphUnion_RF
2,Washington,geochem1_usgs_Au_value_median_50km,climate_srad_annual_mean,-0.3107141606777012,0.3107141606777012,1289,True,True,False,True,M4_GraphUnion_RF
2,Washington,geochem1_usgs_Au_value_median_10km,climate_vap_annual_mean,-0.3089902895800754,0.3089902895800754,931,True,True,False,True,M4_GraphUnion_RF
2,Washington,geochem2_nure_Mo_ppm_max_10km,climate_vap_annual_mean,-0.30859447488836017,0.30859447488836017,697,True,True,False,True,M4_GraphUnion_RF
2,Washington,geochem1_usgs_Sb_value_mean_10km,climate_vap_annual_mean,-0.30819582932655576,0.30819582932655576,1098,True,True,False,True,M4_GraphUnion_RF
2,Washington,geochem1_usgs_As_value_p95_5km,climate_vap_annual_mean,-0.3076590481755971,0.3076590481755971,994,True,True,False,True,M4_GraphUnion_RF
2,Washington,geochem2_nure_Bi_ppm_median_25km,env_climate_swe_annual_mean_mm,-0.30738522673343355,0.30738522673343355,798,True,True,False,True,M4_GraphUnion_RF
2,Washington,geochem1_usgs_Sb_value_max_25km,climate_vap_annual_mean,-0.3057614598105486,0.3057614598105486,1319,True,True,False,True,M4_GraphUnion_RF
2,Washington,geochem1_usgs_Sb_value_p95_25km,climate_vap_annual_mean,-0.3050078579213215,0.3050078579213215,1319,True,True,False,True,M4_GraphUnion_RF
2,Washington,geochem2_nure_Zn_ppm_mean_10km,climate_soil_annual_mean,0.3049386310948363,0.3049386310948363,697,True,True,False,True,M4_GraphUnion_RF
2,Washington,geochem1_usgs_As_value_mean_10km,climate_vap_annual_mean,-0.301849006719659,0.301849006719659,1224,True,True,False,True,M4_GraphUnion_RF
2,Washington,geochem2_nure_Pb_ppm_max_10km,climate_aet_annual_sum,0.3008931893230763,0.3008931893230763,697,True,True,False,True,M4_GraphUnion_RF
2,Washington,geochem1_usgs_Ag_value_max_10km,climate_vap_annual_mean,-0.3002578247960921,0.3002578247960921,1020,True,True,False,True,M4_GraphUnion_RF
2,Washington,geochem1_usgs_As_value_max_5km,climate_vap_annual_mean,-0.2990310385540067,0.2990310385540067,994,False,False,False,False,M4_GraphUnion_RF
2,Washington,geochem2_nure_Re_ppm_max_50km,climate_vap_annual_mean,-0.2989918924019417,0.2989918924019417,897,False,False,False,False,M4_GraphUnion_RF
2,Washington,geochem1_usgs_As_value_median_50km,climate_vap_annual_mean,-0.29852024991681325,0.29852024991681325,1331,False,False,False,False,M4_GraphUnion_RF
2,Washington,geochem2_nure_W_ppm_mean_50km,climate_vap_annual_mean,-0.29745612941506544,0.29745612941506544,933,False,False,False,False,M4_GraphUnion_RF
2,Washington,geochem1_usgs_Sb_value_median_50km,climate_aet_annual_sum,-0.29661274655339775,0.29661274655339775,1331,False,False,False,False,M4_GraphUnion_RF
2,Washington,geochem1_usgs_As_value_median_25km,climate_vap_annual_mean,-0.29440564832644334,0.29440564832644334,1327,False,False,False,False,M4_GraphUnion_RF
2,Washington,geochem1_usgs_Au_value_median_5km,climate_tmax_annual_mean,-0.2925804457884896,0.2925804457884896,742,False,False,False,False,M4_GraphUnion_RF
2,Washington,geochem2_nure_W_ppm_p95_10km,climate_vap_annual_mean,-0.29078843581480984,0.29078843581480984,697,False,False,False,False,M4_GraphUnion_RF
2,Washington,geochem1_usgs_Au_value_median_25km,climate_vap_annual_mean,-0.2905111702522238,0.2905111702522238,1161,False,False,False,False,M4_GraphUnion_RF
2,Washington,geochem1_usgs_Ag_value_mean_25km,climate_vap_annual_mean,-0.2884147243662351,0.2884147243662351,1262,False,False,False,False,M4_GraphUnion_RF
2,Washington,geochem2_nure_Pb_ppm_median_25km,env_climate_swe_annual_mean_mm,-0.287280286832187,0.287280286832187,798,False,False,False,False,M4_GraphUnion_RF
2,Washington,geochem1_usgs_As_value_mean_5km,climate_vap_annual_mean,-0.28694622833117267,0.28694622833117267,994,False,False,False,False,M4_GraphUnion_RF
2,Washington,geochem1_usgs_Ag_value_mean_10km,climate_vap_annual_mean,-0.2860499580938912,0.2860499580938912,1020,False,False,False,False,M4_GraphUnion_RF
2,Washington,geochem1_usgs_Ag_value_max_25km,climate_vap_annual_mean,-0.2854021561788228,0.2854021561788228,1262,False,False,False,False,M4_GraphUnion_RF
2,Washington,geochem1_usgs_Cu_value_mean_50km,climate_vpd_annual_mean,0.2847231033522728,0.2847231033522728,1331,False,False,False,False,M4_GraphUnion_RF
2,Washington,geochem1_usgs_Re_value_max_50km,climate_vap_annual_mean,-0.2828342359455543,0.2828342359455543,1000,False,False,False,False,M4_GraphUnion_RF
2,Washington,geochem1_usgs_W_value_median_5km,climate_vap_annual_mean,-0.2817997231347525,0.2817997231347525,802,False,False,False,False,M4_GraphUnion_RF
2,Washington,geochem1_usgs_W_value_median_10km,climate_vap_annual_mean,-0.28121050704805955,0.28121050704805955,1021,False,False,False,False,M4_GraphUnion_RF
2,Washington,geochem1_usgs_Ag_value_p95_10km,climate_vap_annual_mean,-0.28117836566497084,0.28117836566497084,1020,False,False,False,False,M4_GraphUnion_RF
2,Washington,geochem1_usgs_Sb_value_mean_25km,climate_vap_annual_mean,-0.280124650414447,0.280124650414447,1319,False,False,False,False,M4_GraphUnion_RF
2,Washington,geochem2_nure_W_ppm_p95_25km,climate_vap_annual_mean,-0.27905232821022874,0.27905232821022874,798,False,False,False,False,M4_GraphUnion_RF
2,Washington,geochem1_usgs_W_value_mean_25km,climate_vap_annual_mean,-0.27904493829034455,0.27904493829034455,1294,False,False,False,False,M4_GraphUnion_RF
2,Washington,geochem2_nure_Mo_ppm_p95_50km,climate_vap_annual_mean,-0.27837188843893074,0.27837188843893074,933,False,False,False,False,M4_GraphUnion_RF
2,Washington,geochem1_usgs_W_value_max_25km,climate_vap_annual_mean,-0.2764247443821513,0.2764247443821513,1294,False,False,False,False,M4_GraphUnion_RF
2,Washington,geochem2_nure_Au_sq_ppm_mean_10km,climate_vap_annual_mean,-0.27448184953339216,0.27448184953339216,696,False,False,False,False,M4_GraphUnion_RF
2,Washington,geochem1_usgs_Zn_value_median_10km,climate_soil_annual_mean,0.274201897217624,0.274201897217624,1280,False,False,False,False,M4_GraphUnion_RF
2,Washington,geochem1_usgs_Sb_value_median_10km,climate_vap_annual_mean,-0.2739372829556301,0.2739372829556301,1098,False,False,False,False,M4_GraphUnion_RF
2,Washington,geochem1_usgs_W_value_mean_10km,climate_vap_annual_mean,-0.27130973778402717,0.27130973778402717,1021,False,False,False,False,M4_GraphUnion_RF
2,Washington,geochem1_usgs_Pb_value_median_10km,climate_srad_annual_mean,0.26940401766626576,0.26940401766626576,1278,False,False,False,False,M4_GraphUnion_RF
2,Washington,geochem1_usgs_Ag_value_p95_25km,climate_vap_annual_mean,-0.26641885109652497,0.26641885109652497,1262,False,False,False,False,M4_GraphUnion_RF
2,Washington,geochem1_usgs_W_value_median_25km,climate_vap_annual_mean,-0.26622131840236263,0.26622131840236263,1294,False,False,False,False,M4_GraphUnion_RF
2,Washington,geochem2_nure_Sb_ppm_nearest,climate_aet_annual_sum,-0.26609020834620745,0.26609020834620745,1331,False,False,False,False,M4_GraphUnion_RF
2,Washington,geochem2_nure_Bi_ppm_max_50km,climate_aet_annual_sum,0.26584564654780435,0.26584564654780435,933,False,False,False,False,M4_GraphUnion_RF
2,Washington,geochem1_usgs_W_value_mean_5km,climate_vap_annual_mean,-0.2652330831857736,0.2652330831857736,802,False,False,False,False,M4_GraphUnion_RF
2,Washington,geochem2_nure_Re_ppm_mean_50km,climate_aet_annual_sum,0.2643926979427553,0.2643926979427553,897,False,False,False,False,M4_GraphUnion_RF
2,Washington,geochem2_nure_Bi_ppm_max_25km,climate_aet_annual_sum,0.2637256485531045,0.2637256485531045,798,False,False,False,False,M4_GraphUnion_RF
2,Washington,geochem1_usgs_Pb_value_mean_50km,climate_water_balance_annual_mm,-0.26286763384240647,0.26286763384240647,1331,False,False,False,False,M4_GraphUnion_RF
2,Washington,geochem2_nure_W_ppm_max_10km,climate_tmax_annual_mean,-0.26145420252942514,0.26145420252942514,697,False,False,False,False,M4_GraphUnion_RF
2,Washington,geochem2_nure_Pb_ppm_p95_25km,climate_aet_annual_sum,0.2614266206659659,0.2614266206659659,798,False,False,False,False,M4_GraphUnion_RF
2,Washington,geochem1_usgs_Sb_value_mean_50km,climate_vap_annual_mean,-0.26122103266069996,0.26122103266069996,1331,False,False,False,False,M4_GraphUnion_RF
2,Washington,geochem2_nure_Bi_ppm_mean_10km,climate_aet_annual_sum,0.2599112872788103,0.2599112872788103,697,False,False,False,False,M4_GraphUnion_RF
2,Washington,geochem1_usgs_Au_value_p95_10km,climate_vap_annual_mean,-0.2597619300522012,0.2597619300522012,931,False,False,False,False,M4_GraphUnion_RF
2,Washington,geochem2_nure_Pb_ppm_p95_10km,climate_aet_annual_sum,0.25947620119365433,0.25947620119365433,697,False,False,False,False,M4_GraphUnion_RF
2,Washington,geochem1_usgs_Ag_value_median_5km,env_climate_pet_annual_mm,-0.2591886153252487,0.2591886153252487,832,False,False,False,False,M4_GraphUnion_RF
2,Washington,geochem1_usgs_Au_value_p95_25km,climate_aet_annual_sum,-0.25806361242963904,0.25806361242963904,1161,False,False,False,False,M4_GraphUnion_RF
2,Washington,geochem1_usgs_Au_value_mean_10km,climate_vap_annual_mean,-0.25666942879166615,0.25666942879166615,931,False,False,False,False,M4_GraphUnion_RF
2,Washington,geochem1_usgs_Cu_value_p95_50km,env_climate_swe_annual_mean_mm,-0.2565178057028872,0.2565178057028872,1331,False,False,False,False,M4_GraphUnion_RF
2,Washington,geochem1_usgs_Sb_value_p95_50km,climate_vap_annual_mean,-0.25634587870237086,0.25634587870237086,1331,False,False,False,False,M4_GraphUnion_RF
2,Washington,geochem2_nure_Re_ppm_median_25km,climate_srad_annual_mean,0.2558731883739865,0.2558731883739865,717,False,False,False,False,M4_GraphUnion_RF
2,Washington,geochem1_usgs_Ag_value_median_10km,climate_vpd_annual_mean,-0.2535070554699229,0.2535070554699229,1020,False,False,False,False,M4_GraphUnion_RF
2,Washington,geochem2_nure_Pb_ppm_mean_50km,climate_aet_annual_sum,0.25263605256702054,0.25263605256702054,933,False,False,False,False,M4_GraphUnion_RF
2,Washington,geochem1_usgs_Re_value_median_50km,climate_srad_annual_mean,0.25233312619344356,0.25233312619344356,1000,False,False,False,False,M4_GraphUnion_RF
2,Washington,geochem1_usgs_Sb_value_max_50km,climate_vap_annual_mean,-0.25148066356601195,0.25148066356601195,1331,False,False,False,False,M4_GraphUnion_RF
2,Washington,geochem1_usgs_Ag_value_mean_50km,climate_vap_annual_mean,-0.2512166259956583,0.2512166259956583,1326,False,False,False,False,M4_GraphUnion_RF
2,Washington,geochem1_usgs_W_value_p95_5km,climate_tmax_annual_mean,-0.2505192873094069,0.2505192873094069,802,False,False,False,False,M4_GraphUnion_RF
2,Washington,geochem1_usgs_Zn_value_p95_5km,climate_soil_annual_mean,0.24988794786793522,0.24988794786793522,1141,False,False,False,False,M4_GraphUnion_RF
2,Washington,geochem1_usgs_W_value_max_10km,climate_vap_annual_mean,-0.2484671242795993,0.2484671242795993,1021,False,False,False,False,M4_GraphUnion_RF
2,Washington,geochem1_usgs_Zn_value_median_5km,env_climate_ppt_annual_mm,0.24797273399865072,0.24797273399865072,1141,False,False,False,False,M4_GraphUnion_RF
2,Washington,geochem1_usgs_W_value_p95_10km,climate_vap_annual_mean,-0.24796724431248598,0.24796724431248598,1021,False,False,False,False,M4_GraphUnion_RF
2,Washington,geochem1_usgs_W_value_max_5km,climate_tmax_annual_mean,-0.24714724395597085,0.24714724395597085,802,False,False,False,False,M4_GraphUnion_RF
2,Washington,geochem1_usgs_Au_value_mean_50km,climate_aet_annual_sum,-0.2470087541927365,0.2470087541927365,1289,False,False,False,False,M4_GraphUnion_RF
2,Washington,geochem1_usgs_Re_value_max_25km,climate_vap_annual_mean,-0.24629013708266206,0.24629013708266206,777,False,False,False,False,M4_GraphUnion_RF
2,Washington,geochem2_nure_Pb_ppm_median_10km,climate_srad_annual_mean,0.24624195910095145,0.24624195910095145,697,False,False,False,False,M4_GraphUnion_RF
2,Washington,geochem1_usgs_Au_value_max_10km,climate_vap_annual_mean,-0.24563093716623158,0.24563093716623158,931,False,False,False,False,M4_GraphUnion_RF
2,Washington,geochem1_usgs_Au_value_p95_50km,climate_aet_annual_sum,-0.2446754458232373,0.2446754458232373,1289,False,False,False,False,M4_GraphUnion_RF
2,Washington,geochem1_usgs_Au_value_mean_25km,climate_aet_annual_sum,-0.24442641820279207,0.24442641820279207,1161,False,False,False,False,M4_GraphUnion_RF
2,Washington,geochem2_nure_Bi_ppm_median_10km,env_climate_swe_annual_mean_mm,-0.24438171934198197,0.24438171934198197,697,False,False,False,False,M4_GraphUnion_RF
2,Washington,geochem1_usgs_Pb_value_p95_50km,climate_vpd_annual_mean,0.24349624922127258,0.24349624922127258,1331,False,False,False,False,M4_GraphUnion_RF
2,Washington,geochem1_usgs_As_value_median_10km,climate_vap_annual_mean,-0.24289737962933616,0.24289737962933616,1224,False,False,False,False,M4_GraphUnion_RF
2,Washington,geochem1_usgs_Ag_value_p95_50km,climate_vap_annual_mean,-0.24266392381101234,0.24266392381101234,1326,False,False,False,False,M4_GraphUnion_RF
2,Washington,geochem2_nure_Au_sq_ppm_mean_25km,climate_vap_annual_mean,-0.24241279524644366,0.24241279524644366,798,False,False,False,False,M4_GraphUnion_RF
2,Washington,geochem1_usgs_Ag_value_mean_5km,climate_tmax_annual_mean,-0.24204635414810444,0.24204635414810444,832,False,False,False,False,M4_GraphUnion_RF
2,Washington,geochem2_nure_Re_ppm_p95_50km,climate_aet_annual_sum,0.2412917432907421,0.2412917432907421,897,False,False,False,False,M4_GraphUnion_RF
2,Washington,geochem1_usgs_Cu_value_median_5km,climate_aet_annual_sum,0.2409846986056455,0.2409846986056455,1068,False,False,False,False,M4_GraphUnion_RF
2,Washington,geochem1_usgs_Sb_value_median_25km,climate_aet_annual_sum,-0.23899947921150405,0.23899947921150405,1319,False,False,False,False,M4_GraphUnion_RF
2,Washington,geochem2_nure_As_ppm_nearest,climate_vap_annual_mean,-0.23883482129465017,0.23883482129465017,1331,False,False,False,False,M4_GraphUnion_RF
2,Washington,geochem2_nure_W_ppm_max_50km,climate_vap_annual_mean,-0.23698939487112405,0.23698939487112405,933,False,False,False,False,M4_GraphUnion_RF
2,Washington,geochem1_usgs_W_value_p95_25km,climate_vap_annual_mean,-0.23596881173150552,0.23596881173150552,1294,False,False,False,False,M4_GraphUnion_RF
2,Washington,geochem1_usgs_Mo_value_max_10km,climate_vap_annual_mean,-0.23545399753172577,0.23545399753172577,1201,False,False,False,False,M4_GraphUnion_RF
2,Washington,geochem1_usgs_Zn_value_max_10km,climate_vap_annual_mean,-0.2350734055344598,0.2350734055344598,1280,False,False,False,False,M4_GraphUnion_RF
2,Washington,geochem1_usgs_Ag_value_max_5km,climate_vap_annual_mean,-0.23429266233632465,0.23429266233632465,832,False,False,False,False,M4_GraphUnion_RF
2,Washington,geochem1_usgs_As_value_median_5km,climate_vap_annual_mean,-0.23204720818241098,0.23204720818241098,994,False,False,False,False,M4_GraphUnion_RF
2,Washington,geochem2_nure_Re_ppm_max_25km,climate_tmax_annual_mean,-0.23162486449247324,0.23162486449247324,717,False,False,False,False,M4_GraphUnion_RF
2,Washington,geochem1_usgs_Ag_value_p95_5km,climate_tmax_annual_mean,-0.23039946753528168,0.23039946753528168,832,False,False,False,False,M4_GraphUnion_RF
2,Washington,geochem2_nure_W_ppm_max_25km,climate_vap_annual_mean,-0.23029056864266675,0.23029056864266675,798,False,False,False,False,M4_GraphUnion_RF
2,Washington,geochem1_usgs_Bi_value_max_25km,climate_vap_annual_mean,-0.23013037458524427,0.23013037458524427,1312,False,False,False,False,M4_GraphUnion_RF
2,Washington,geochem1_usgs_Mo_value_p95_10km,climate_vap_annual_mean,-0.2286340242952638,0.2286340242952638,1201,False,False,False,False,M4_GraphUnion_RF
2,Washington,geochem1_usgs_Zn_value_mean_5km,climate_q_annual_sum,0.22844432139304605,0.22844432139304605,1141,False,False,False,False,M4_GraphUnion_RF
2,Washington,geochem1_usgs_As_value_nearest,climate_vap_annual_mean,-0.22815757846381057,0.22815757846381057,633,False,False,False,False,M4_GraphUnion_RF
2,Washington,geochem1_usgs_Ag_value_median_50km,climate_srad_annual_mean,-0.22675931648374523,0.22675931648374523,1326,False,False,False,False,M4_GraphUnion_RF
2,Washington,geochem1_usgs_Mo_value_median_50km,climate_tmin_annual_mean,-0.225835021209685,0.225835021209685,1331,False,False,False,False,M4_GraphUnion_RF
2,Washington,geochem1_usgs_Zn_value_max_5km,climate_soil_annual_mean,0.22555577867699764,0.22555577867699764,1141,False,False,False,False,M4_GraphUnion_RF
2,Washington,geochem2_nure_Pb_ppm_max_25km,climate_aet_annual_sum,0.22538470890513485,0.22538470890513485,798,False,False,False,False,M4_GraphUnion_RF
2,Washington,geochem1_usgs_Ag_value_max_50km,climate_vap_annual_mean,-0.22364855577801449,0.22364855577801449,1326,False,False,False,False,M4_GraphUnion_RF
2,Washington,geochem1_usgs_Zn_value_p95_10km,climate_vap_annual_mean,-0.2232857178195755,0.2232857178195755,1280,False,False,False,False,M4_GraphUnion_RF
2,Washington,geochem1_usgs_Zn_value_mean_10km,climate_soil_annual_mean,0.22303307827854013,0.22303307827854013,1280,False,False,False,False,M4_GraphUnion_RF
2,Washington,geochem2_nure_W_ppm_nearest,climate_aet_annual_sum,-0.22254491071846447,0.22254491071846447,1331,False,False,False,False,M4_GraphUnion_RF
2,Washington,geochem1_usgs_Re_value_median_25km,climate_srad_annual_mean,0.22190013265655148,0.22190013265655148,777,False,False,False,False,M4_GraphUnion_RF
2,Washington,geochem1_usgs_Zn_value_max_25km,climate_vap_annual_mean,-0.22187548803438656,0.22187548803438656,1331,False,False,False,False,M4_GraphUnion_RF
2,Washington,geochem1_usgs_Ag_value_median_25km,climate_tmin_annual_mean,-0.21809753524472847,0.21809753524472847,1262,False,False,False,False,M4_GraphUnion_RF
2,Washington,geochem2_nure_Cu_ppm_nearest,env_climate_swe_annual_mean_mm,-0.21747234094703682,0.21747234094703682,1331,False,False,False,False,M4_GraphUnion_RF
2,Washington,geochem1_usgs_Au_value_max_25km,climate_vap_annual_mean,-0.2169243125300495,0.2169243125300495,1161,False,False,False,False,M4_GraphUnion_RF
2,Washington,geochem1_usgs_Cu_value_median_10km,climate_aet_annual_sum,0.2162618445381248,0.2162618445381248,1280,False,False,False,False,M4_GraphUnion_RF
2,Washington,geochem2_nure_Au_sq_ppm_p95_10km,climate_vap_annual_mean,-0.21431878856271813,0.21431878856271813,696,False,False,False,False,M4_GraphUnion_RF
2,Washington,geochem2_nure_Pb_ppm_max_50km,climate_aet_annual_sum,0.21375589532530476,0.21375589532530476,933,False,False,False,False,M4_GraphUnion_RF
2,Washington,geochem2_nure_Mo_ppm_mean_50km,climate_vap_annual_mean,-0.21362347736088558,0.21362347736088558,933,False,False,False,False,M4_GraphUnion_RF
2,Washington,geochem2_nure_Pb_ppm_mean_10km,climate_srad_annual_mean,0.21296274056544812,0.21296274056544812,697,False,False,False,False,M4_GraphUnion_RF
2,Washington,geochem2_nure_Au_sq_ppm_p95_25km,climate_vap_annual_mean,-0.21288020990271692,0.21288020990271692,798,False,False,False,False,M4_GraphUnion_RF
2,Washington,geochem1_usgs_Cu_value_nearest,climate_aet_annual_sum,0.21275427370052727,0.21275427370052727,848,False,False,False,False,M4_GraphUnion_RF
2,Washington,geochem1_usgs_W_value_median_50km,climate_vap_annual_mean,-0.21238402107150395,0.21238402107150395,1331,False,False,False,False,M4_GraphUnion_RF
2,Washington,geochem2_nure_Mo_ppm_max_25km,climate_vap_annual_mean,-0.2110337151826368,0.2110337151826368,798,False,False,False,False,M4_GraphUnion_RF
2,Washington,geochem1_usgs_W_value_max_50km,climate_vap_annual_mean,-0.21015683492890977,0.21015683492890977,1331,False,False,False,False,M4_GraphUnion_RF
2,Washington,geochem1_usgs_Zn_value_nearest,climate_q_annual_sum,0.2097387978400924,0.2097387978400924,1050,False,False,False,False,M4_GraphUnion_RF
2,Washington,geochem1_usgs_Pb_value_max_25km,climate_vap_annual_mean,-0.20967348774762548,0.20967348774762548,1331,False,False,False,False,M4_GraphUnion_RF
2,Washington,geochem1_usgs_Mo_value_max_25km,climate_vap_annual_mean,-0.2081460482371357,0.2081460482371357,1327,False,False,False,False,M4_GraphUnion_RF
2,Washington,geochem1_usgs_Pb_value_p95_25km,climate_water_balance_annual_mm,-0.20811476504821627,0.20811476504821627,1331,False,False,False,False,M4_GraphUnion_RF
2,Washington,geochem1_usgs_Pb_value_median_5km,climate_srad_annual_mean,0.2076998634088983,0.2076998634088983,1134,False,False,False,False,M4_GraphUnion_RF
2,Washington,geochem1_usgs_Pb_value_nearest,climate_srad_annual_mean,0.2074983396264989,0.2074983396264989,1008,False,False,False,False,M4_GraphUnion_RF
2,Washington,geochem2_nure_Ag_ppm_nearest,climate_vap_annual_mean,-0.20680832344995467,0.20680832344995467,1331,False,False,False,False,M4_GraphUnion_RF
2,Washington,geochem1_usgs_W_value_mean_50km,climate_vap_annual_mean,-0.20663287061445926,0.20663287061445926,1331,False,False,False,False,M4_GraphUnion_RF
2,Washington,geochem1_usgs_Au_value_max_50km,climate_aet_annual_sum,-0.20610458968714918,0.20610458968714918,1289,False,False,False,False,M4_GraphUnion_RF
2,Washington,geochem2_nure_Pb_ppm_mean_25km,climate_aet_annual_sum,0.20575232991197942,0.20575232991197942,798,False,False,False,False,M4_GraphUnion_RF
2,Washington,geochem1_usgs_Cu_value_max_50km,climate_vpd_annual_mean,0.20359806467292108,0.20359806467292108,1331,False,False,False,False,M4_GraphUnion_RF
2,Washington,geochem2_nure_Au_sq_ppm_max_10km,climate_tmax_annual_mean,-0.2034009034852981,0.2034009034852981,696,False,False,False,False,M4_GraphUnion_RF
2,Washington,geochem1_usgs_Pb_value_max_10km,climate_vap_annual_mean,-0.20149095435484973,0.20149095435484973,1278,False,False,False,False,M4_GraphUnion_RF
2,Washington,geochem1_usgs_Au_value_mean_5km,env_climate_pet_annual_mm,-0.20100350521242352,0.20100350521242352,742,False,False,False,False,M4_GraphUnion_RF
2,Washington,geochem1_usgs_Mo_value_median_25km,climate_tmin_annual_mean,-0.20033814400720162,0.20033814400720162,1327,False,False,False,False,M4_GraphUnion_RF
2,Washington,geochem1_usgs_Cu_value_p95_5km,climate_aet_annual_sum,0.2002292450756424,0.2002292450756424,1068,False,False,False,False,M4_GraphUnion_RF
2,Washington,geochem1_usgs_Cu_value_mean_5km,climate_aet_annual_sum,0.19998731372876977,0.19998731372876977,1068,False,False,False,False,M4_GraphUnion_RF
2,Washington,geochem1_usgs_Bi_value_mean_25km,climate_vap_annual_mean,-0.19796436209238963,0.19796436209238963,1312,False,False,False,False,M4_GraphUnion_RF
2,Washington,geochem2_nure_Au_sq_ppm_nearest,climate_vap_annual_mean,-0.19397068001369538,0.19397068001369538,1226,False,False,False,False,M4_GraphUnion_RF
2,Washington,geochem2_nure_W_ppm_p95_50km,climate_aet_annual_sum,0.19296163057010676,0.19296163057010676,933,False,False,False,False,M4_GraphUnion_RF
2,Washington,geochem1_usgs_Cu_value_max_5km,env_climate_ppt_annual_mm,0.1908100083970655,0.1908100083970655,1068,False,False,False,False,M4_GraphUnion_RF
2,Washington,geochem1_usgs_Bi_value_max_5km,climate_aet_pet_ratio_annual,0.18797352366338452,0.18797352366338452,856,False,False,False,False,M4_GraphUnion_RF
2,Washington,geochem1_usgs_Pb_value_mean_25km,climate_water_balance_annual_mm,-0.1874601247235682,0.1874601247235682,1331,False,False,False,False,M4_GraphUnion_RF
2,Washington,geochem1_usgs_Mo_value_max_5km,climate_vap_annual_mean,-0.1872524746948068,0.1872524746948068,957,False,False,False,False,M4_GraphUnion_RF
2,Washington,geochem1_usgs_Bi_value_max_50km,climate_vap_annual_mean,-0.18707271581324217,0.18707271581324217,1331,False,False,False,False,M4_GraphUnion_RF
2,Washington,geochem1_usgs_Mo_value_median_5km,climate_tmax_annual_mean,-0.18642756887715406,0.18642756887715406,957,False,False,False,False,M4_GraphUnion_RF
2,Washington,geochem1_usgs_Bi_value_p95_5km,climate_aet_pet_ratio_annual,0.18642631191863115,0.18642631191863115,856,False,False,False,False,M4_GraphUnion_RF
2,Washington,geochem1_usgs_Mo_value_p95_5km,climate_vap_annual_mean,-0.18638782053456018,0.18638782053456018,957,False,False,False,False,M4_GraphUnion_RF
2,Washington,geochem1_usgs_Au_value_p95_5km,climate_vap_annual_mean,-0.18286775259479834,0.18286775259479834,742,False,False,False,False,M4_GraphUnion_RF
2,Washington,geochem1_usgs_Mo_value_mean_10km,climate_vap_annual_mean,-0.181434450999876,0.181434450999876,1201,False,False,False,False,M4_GraphUnion_RF
2,Washington,geochem1_usgs_Bi_value_median_5km,climate_aet_pet_ratio_annual,0.18095176969477475,0.18095176969477475,856,False,False,False,False,M4_GraphUnion_RF
2,Washington,geochem1_usgs_Au_value_max_5km,climate_vap_annual_mean,-0.17883833848317027,0.17883833848317027,742,False,False,False,False,M4_GraphUnion_RF
2,Washington,geochem2_nure_Au_sq_ppm_max_25km,climate_tmax_annual_mean,-0.17876827647695956,0.17876827647695956,798,False,False,False,False,M4_GraphUnion_RF
2,Washington,geochem1_usgs_Zn_value_mean_25km,climate_ws_annual_mean,0.17614058568155608,0.17614058568155608,1331,False,False,False,False,M4_GraphUnion_RF
2,Washington,geochem1_usgs_Mo_value_p95_25km,climate_vap_annual_mean,-0.17585933877181106,0.17585933877181106,1327,False,False,False,False,M4_GraphUnion_RF
2,Washington,geochem1_usgs_Zn_value_p95_25km,climate_ws_annual_mean,0.17523989250518598,0.17523989250518598,1331,False,False,False,False,M4_GraphUnion_RF
2,Washington,geochem1_usgs_Re_value_mean_50km,climate_aet_annual_sum,0.17419746565997266,0.17419746565997266,1000,False,False,False,False,M4_GraphUnion_RF
2,Washington,geochem1_usgs_Pb_value_max_50km,climate_water_balance_annual_mm,-0.1739454453414479,0.1739454453414479,1331,False,False,False,False,M4_GraphUnion_RF
2,Washington,geochem1_usgs_Mo_value_mean_5km,climate_vap_annual_mean,-0.17156101874295349,0.17156101874295349,957,False,False,False,False,M4_GraphUnion_RF
2,Washington,geochem1_usgs_Mo_value_nearest,climate_ws_annual_mean,0.17150320992953894,0.17150320992953894,513,False,False,False,False,M4_GraphUnion_RF
2,Washington,geochem1_usgs_Bi_value_median_10km,climate_aet_annual_sum,0.16997921293768242,0.16997921293768242,1080,False,False,False,False,M4_GraphUnion_RF
2,Washington,geochem1_usgs_Bi_value_mean_50km,env_climate_ppt_annual_mm,-0.16804256454225042,0.16804256454225042,1331,False,False,False,False,M4_GraphUnion_RF
2,Washington,geochem1_usgs_Bi_value_mean_5km,climate_dtr_annual_mean,-0.16737907466954016,0.16737907466954016,856,False,False,False,False,M4_GraphUnion_RF
2,Washington,geochem1_usgs_Mo_value_median_10km,climate_tmax_annual_mean,-0.1649373795883801,0.1649373795883801,1201,False,False,False,False,M4_GraphUnion_RF
2,Washington,geochem1_usgs_Bi_value_median_50km,climate_ws_annual_mean,-0.16184960048305205,0.16184960048305205,1331,False,False,False,False,M4_GraphUnion_RF
2,Washington,geochem1_usgs_Re_value_p95_50km,climate_aet_annual_sum,0.1612449881818564,0.1612449881818564,1000,False,False,False,False,M4_GraphUnion_RF
2,Washington,geochem1_usgs_Cu_value_mean_25km,climate_srad_annual_mean,0.15961813018169793,0.15961813018169793,1331,False,False,False,False,M4_GraphUnion_RF
2,Washington,geochem2_nure_Mo_ppm_nearest,climate_vap_annual_mean,-0.15837699706424385,0.15837699706424385,1331,False,False,False,False,M4_GraphUnion_RF
2,Washington,geochem1_usgs_Bi_value_max_10km,climate_vap_annual_mean,-0.15819179122542795,0.15819179122542795,1080,False,False,False,False,M4_GraphUnion_RF
2,Washington,geochem1_usgs_Re_value_p95_25km,climate_vap_annual_mean,-0.15716155265925513,0.15716155265925513,777,False,False,False,False,M4_GraphUnion_RF
2,Washington,geochem1_usgs_Mo_value_max_50km,climate_vpd_annual_mean,0.15685097743279866,0.15685097743279866,1331,False,False,False,False,M4_GraphUnion_RF
2,Washington,geochem1_usgs_Pb_value_max_5km,climate_vap_annual_mean,-0.1566245224794564,0.1566245224794564,1134,False,False,False,False,M4_GraphUnion_RF
2,Washington,geochem1_usgs_Bi_value_p95_25km,climate_vap_annual_mean,-0.15416074570823335,0.15416074570823335,1312,False,False,False,False,M4_GraphUnion_RF
2,Washington,geochem1_usgs_Mo_value_mean_25km,climate_vap_annual_mean,-0.15182785689140152,0.15182785689140152,1327,False,False,False,False,M4_GraphUnion_RF
2,Washington,geochem1_usgs_Zn_value_mean_50km,env_climate_swe_annual_mean_mm,-0.14909032760778076,0.14909032760778076,1331,False,False,False,False,M4_GraphUnion_RF
2,Washington,geochem1_usgs_Bi_value_p95_50km,env_aridity_index_ppt_pet,-0.14528896686643092,0.14528896686643092,1331,False,False,False,False,M4_GraphUnion_RF
2,Washington,geochem1_usgs_Pb_value_p95_10km,climate_vap_annual_mean,-0.14422229525848634,0.14422229525848634,1278,False,False,False,False,M4_GraphUnion_RF
2,Washington,geochem2_nure_Au_sq_ppm_mean_50km,climate_srad_annual_mean,-0.1439560506617874,0.1439560506617874,933,False,False,False,False,M4_GraphUnion_RF
2,Washington,geochem2_nure_Re_ppm_mean_25km,climate_aet_annual_sum,0.14319969924151893,0.14319969924151893,717,False,False,False,False,M4_GraphUnion_RF
2,Washington,geochem1_usgs_Pb_value_mean_10km,climate_srad_annual_mean,0.1429630429991228,0.1429630429991228,1278,False,False,False,False,M4_GraphUnion_RF
2,Washington,geochem1_usgs_Zn_value_p95_50km,climate_ws_annual_mean,0.1420015605815529,0.1420015605815529,1331,False,False,False,False,M4_GraphUnion_RF
2,Washington,geochem1_usgs_Cu_value_p95_25km,climate_srad_annual_mean,0.14046058977964157,0.14046058977964157,1331,False,False,False,False,M4_GraphUnion_RF
2,Washington,geochem2_nure_Re_ppm_p95_25km,climate_aet_annual_sum,0.13961302000739695,0.13961302000739695,717,False,False,False,False,M4_GraphUnion_RF
2,Washington,geochem1_usgs_Cu_value_max_25km,climate_vap_annual_mean,-0.13937723442712394,0.13937723442712394,1331,False,False,False,False,M4_GraphUnion_RF
2,Washington,geochem2_nure_Au_sq_ppm_max_50km,climate_dtr_annual_mean,-0.137833451544417,0.137833451544417,933,False,False,False,False,M4_GraphUnion_RF
2,Washington,geochem1_usgs_Pb_value_p95_5km,climate_vap_annual_mean,-0.13706042763262066,0.13706042763262066,1134,False,False,False,False,M4_GraphUnion_RF
2,Washington,geochem1_usgs_Pb_value_mean_5km,climate_srad_annual_mean,0.1358927098525372,0.1358927098525372,1134,False,False,False,False,M4_GraphUnion_RF
2,Washington,geochem1_usgs_Zn_value_max_50km,climate_vpd_annual_mean,0.13213337952535847,0.13213337952535847,1331,False,False,False,False,M4_GraphUnion_RF
2,Washington,geochem1_usgs_Bi_value_mean_10km,climate_vap_annual_mean,-0.1318245453296594,0.1318245453296594,1080,False,False,False,False,M4_GraphUnion_RF
2,Washington,geochem1_usgs_Bi_value_p95_10km,climate_vap_annual_mean,-0.13119961985326367,0.13119961985326367,1080,False,False,False,False,M4_GraphUnion_RF
2,Washington,geochem1_usgs_Cu_value_p95_10km,climate_soil_annual_mean,0.12973693967839092,0.12973693967839092,1280,False,False,False,False,M4_GraphUnion_RF
2,Washington,geochem1_usgs_Cu_value_max_10km,climate_soil_annual_mean,0.1293165828550221,0.1293165828550221,1280,False,False,False,False,M4_GraphUnion_RF
2,Washington,geochem1_usgs_Mo_value_p95_50km,climate_soil_annual_mean,-0.12802420267162645,0.12802420267162645,1331,False,False,False,False,M4_GraphUnion_RF
2,Washington,geochem1_usgs_Mo_value_mean_50km,climate_water_balance_annual_mm,-0.12783281897253693,0.12783281897253693,1331,False,False,False,False,M4_GraphUnion_RF
2,Washington,geochem1_usgs_W_value_p95_50km,climate_soil_annual_mean,-0.12651944585501573,0.12651944585501573,1331,False,False,False,False,M4_GraphUnion_RF
2,Washington,geochem1_usgs_Cu_value_mean_10km,climate_soil_annual_mean,0.12331832452621395,0.12331832452621395,1280,False,False,False,False,M4_GraphUnion_RF
2,Washington,geochem2_nure_Au_sq_ppm_p95_50km,climate_aet_annual_sum,-0.11197852192849812,0.11197852192849812,933,False,False,False,False,M4_GraphUnion_RF
2,Washington,geochem2_nure_Zn_ppm_nearest,climate_dtr_annual_mean,-0.10374450268510643,0.10374450268510643,1331,False,False,False,False,M4_GraphUnion_RF
2,Washington,geochem2_nure_Mo_ppm_max_50km,climate_aet_annual_sum,0.1014692726224573,0.1014692726224573,933,False,False,False,False,M4_GraphUnion_RF
2,Washington,geochem1_usgs_Bi_value_median_25km,climate_aet_annual_sum,0.09844247737562392,0.09844247737562392,1312,False,False,False,False,M4_GraphUnion_RF
2,Washington,geochem1_usgs_Re_value_mean_25km,climate_srad_annual_mean,0.0944544622376529,0.0944544622376529,777,False,False,False,False,M4_GraphUnion_RF
3,Nevada,geochem2_nure_As_ppm_p95_50km,climate_soil_annual_mean,0.6084655706014037,0.6084655706014037,627,True,True,False,True,M4_Spearman_RF
3,Nevada,geochem1_usgs_Pb_value_median_50km,climate_srad_annual_mean,0.5452451442590123,0.5452451442590123,1430,True,True,False,True,M4_Spearman_RF
3,Nevada,geochem2_nure_Pb_ppm_nearest,climate_srad_annual_mean,0.5353980892049215,0.5353980892049215,1430,True,True,False,True,M4_Spearman_RF
3,Nevada,geochem2_nure_As_ppm_p95_25km,climate_soil_annual_mean,0.5319095880187169,0.5319095880187169,511,True,True,False,True,M4_Spearman_RF
3,Nevada,geochem2_nure_As_ppm_mean_50km,climate_soil_annual_mean,0.527505647307097,0.527505647307097,627,True,True,False,True,M4_Spearman_RF
3,Nevada,geochem2_nure_Sb_ppm_nearest,climate_srad_annual_mean,0.5269453843039421,0.5269453843039421,1430,True,True,False,True,M4_Spearman_RF
3,Nevada,geochem2_nure_W_ppm_nearest,climate_srad_annual_mean,0.5000288664103424,0.5000288664103424,1430,True,True,False,True,M4_Spearman_RF
3,Nevada,geochem1_usgs_Pb_value_median_25km,climate_srad_annual_mean,0.4952294163964746,0.4952294163964746,1430,True,True,False,True,M4_Spearman_RF
3,Nevada,geochem2_nure_Cu_ppm_p95_50km,climate_aet_annual_sum,0.4883116124415262,0.4883116124415262,627,True,True,False,True,M4_Spearman_RF
3,Nevada,geochem2_nure_As_ppm_nearest,climate_srad_annual_mean,0.48624168779234617,0.48624168779234617,1430,True,True,False,True,M4_Spearman_RF
3,Nevada,geochem2_nure_As_ppm_mean_25km,climate_soil_annual_mean,0.47656441442673897,0.47656441442673897,511,True,True,False,True,M4_Spearman_RF
3,Nevada,geochem2_nure_As_ppm_p95_10km,climate_soil_annual_mean,0.4755202154880578,0.4755202154880578,423,True,True,False,True,M4_Spearman_RF
3,Nevada,geochem2_nure_As_ppm_max_50km,climate_soil_annual_mean,0.4743014971367013,0.4743014971367013,627,True,True,False,True,M4_Spearman_RF
3,Nevada,geochem2_nure_Ag_ppm_nearest,climate_srad_annual_mean,0.46270440451484257,0.46270440451484257,1430,True,True,False,True,M4_Spearman_RF
3,Nevada,geochem1_usgs_Cu_value_median_50km,climate_aet_annual_sum,0.46201748966022604,0.46201748966022604,1430,True,True,False,True,M4_Spearman_RF
3,Nevada,geochem2_nure_Zn_ppm_p95_50km,climate_aet_annual_sum,0.45101171541348706,0.45101171541348706,627,True,True,False,True,M4_Spearman_RF
3,Nevada,geochem2_nure_Bi_ppm_median_50km,env_climate_swe_annual_mean_mm,-0.43936506922604707,0.43936506922604707,627,True,True,False,True,M4_Spearman_RF
3,Nevada,geochem2_nure_Pb_ppm_median_50km,env_climate_swe_annual_mean_mm,-0.4368612220425079,0.4368612220425079,627,True,True,False,True,M4_Spearman_RF
3,Nevada,geochem2_nure_Sb_ppm_median_50km,climate_ws_annual_mean,-0.4330996806893799,0.4330996806893799,627,True,True,False,True,M4_Spearman_RF
3,Nevada,geochem1_usgs_Pb_value_mean_50km,climate_srad_annual_mean,0.43249880013283787,0.43249880013283787,1430,True,True,False,True,M4_Spearman_RF
3,Nevada,geochem2_nure_As_ppm_max_10km,climate_soil_annual_mean,0.43137065575440847,0.43137065575440847,423,True,True,False,True,M4_Spearman_RF
3,Nevada,geochem2_nure_Bi_ppm_p95_25km,climate_aet_annual_sum,0.43042779233884226,0.43042779233884226,511,True,True,False,True,M4_Spearman_RF
3,Nevada,geochem2_nure_As_ppm_max_25km,climate_soil_annual_mean,0.42863713805878867,0.42863713805878867,511,True,True,False,True,M4_Spearman_RF
3,Nevada,geochem2_nure_Bi_ppm_p95_50km,climate_aet_annual_sum,0.42802630361864025,0.42802630361864025,627,True,True,False,True,M4_Spearman_RF
3,Nevada,geochem2_nure_Zn_ppm_p95_25km,climate_soil_annual_mean,0.4263252893005767,0.4263252893005767,511,True,True,False,True,M4_Spearman_RF
3,Nevada,geochem2_nure_Cu_ppm_p95_10km,climate_aet_annual_sum,0.4236989673742983,0.4236989673742983,423,True,True,False,True,M4_Spearman_RF
3,Nevada,geochem2_nure_Cu_ppm_p95_25km,climate_aet_annual_sum,0.4162065241887711,0.4162065241887711,511,True,True,False,True,M4_Spearman_RF
3,Nevada,geochem1_usgs_Pb_value_max_50km,climate_srad_annual_mean,0.41378386873587936,0.41378386873587936,1430,True,True,False,True,M4_Spearman_RF
3,Nevada,geochem1_usgs_Cu_value_median_25km,climate_aet_annual_sum,0.4078422967170343,0.4078422967170343,1430,True,True,False,True,M4_Spearman_RF
3,Nevada,geochem1_usgs_Zn_value_median_25km,climate_aet_annual_sum,0.4062624823124963,0.4062624823124963,1430,True,True,False,True,M4_Spearman_RF
3,Nevada,geochem2_nure_Bi_ppm_p95_10km,climate_aet_annual_sum,0.40311883442359336,0.40311883442359336,423,True,True,False,True,M4_Spearman_RF
3,Nevada,geochem2_nure_Zn_ppm_max_50km,climate_soil_annual_mean,0.40151588617333994,0.40151588617333994,627,True,True,False,True,M4_Spearman_RF
3,Nevada,geochem1_usgs_Re_value_p95_50km,climate_aet_annual_sum,0.4000153301670678,0.4000153301670678,793,True,True,False,True,M4_Spearman_RF
3,Nevada,geochem2_nure_Re_ppm_p95_50km,climate_aet_annual_sum,0.39972824767879495,0.39972824767879495,593,True,True,False,True,M4_Spearman_RF
3,Nevada,geochem2_nure_Sb_ppm_p95_50km,climate_aet_annual_sum,0.39922052310195766,0.39922052310195766,627,True,True,False,True,M4_Spearman_RF
3,Nevada,geochem1_usgs_Pb_value_median_10km,climate_srad_annual_mean,0.39897705882293377,0.39897705882293377,1364,True,True,False,True,M4_Spearman_RF
3,Nevada,geochem1_usgs_Zn_value_median_50km,climate_aet_annual_sum,0.3978544785854787,0.3978544785854787,1430,True,True,False,True,M4_Spearman_RF
3,Nevada,geochem2_nure_Cu_ppm_nearest,env_climate_swe_annual_mean_mm,-0.39750229035742657,0.39750229035742657,1430,True,True,False,True,M4_Spearman_RF
3,Nevada,geochem2_nure_Cu_ppm_median_50km,env_climate_swe_annual_mean_mm,-0.39120478136373465,0.39120478136373465,627,True,True,False,True,M4_Spearman_RF
3,Nevada,geochem1_usgs_Re_value_mean_50km,climate_aet_annual_sum,0.3877471474735506,0.3877471474735506,793,True,True,False,True,M4_Spearman_RF
3,Nevada,geochem1_usgs_Cu_value_max_50km,climate_srad_annual_mean,0.3855311874013811,0.3855311874013811,1430,True,True,False,True,M4_Spearman_RF
3,Nevada,geochem1_usgs_Re_value_max_50km,climate_aet_annual_sum,0.383446323125962,0.383446323125962,793,True,True,False,True,M4_Spearman_RF
3,Nevada,geochem2_nure_Mo_ppm_mean_10km,climate_dtr_annual_mean,-0.3834168888362576,0.3834168888362576,423,True,True,False,True,M4_Spearman_RF
3,Nevada,geochem2_nure_As_ppm_mean_10km,climate_dtr_annual_mean,-0.3829172206007422,0.3829172206007422,423,True,True,False,True,M4_Spearman_RF
3,Nevada,geochem2_nure_Ag_ppm_max_50km,climate_soil_annual_mean,0.38275409795102244,0.38275409795102244,627,True,True,False,True,M4_Spearman_RF
3,Nevada,geochem2_nure_Cu_ppm_max_10km,climate_aet_annual_sum,0.38209607862607,0.38209607862607,423,True,True,False,True,M4_Spearman_RF
3,Nevada,geochem2_nure_Cu_ppm_median_25km,climate_aet_annual_sum,0.3808795630098823,0.3808795630098823,511,True,True,False,True,M4_Spearman_RF
3,Nevada,geochem1_usgs_Pb_value_mean_25km,climate_srad_annual_mean,0.38025278565696163,0.38025278565696163,1430,True,True,False,True,M4_Spearman_RF
3,Nevada,geochem2_nure_Re_ppm_mean_50km,climate_aet_annual_sum,0.3772011010303087,0.3772011010303087,593,True,True,False,True,M4_Spearman_RF
3,Nevada,geochem2_nure_Bi_ppm_max_10km,climate_aet_annual_sum,0.3768589054526476,0.3768589054526476,423,True,True,False,True,M4_Spearman_RF
3,Nevada,geochem2_nure_Au_sq_ppm_nearest,climate_soil_annual_mean,-0.3766690840569618,0.3766690840569618,1198,True,True,False,True,M4_Spearman_RF
3,Nevada,geochem2_nure_Re_ppm_max_50km,climate_aet_annual_sum,0.3759090273795161,0.3759090273795161,593,True,True,False,True,M4_Spearman_RF
3,Nevada,geochem2_nure_As_ppm_median_10km,climate_dtr_annual_mean,-0.37576456708594064,0.37576456708594064,423,True,True,False,True,M4_Spearman_RF
3,Nevada,geochem1_usgs_Au_value_median_10km,env_climate_swe_annual_mean_mm,0.3741969369183595,0.3741969369183595,928,True,True,False,True,M4_Spearman_RF
3,Nevada,geochem2_nure_Cu_ppm_mean_50km,climate_aet_annual_sum,0.37155340770042283,0.37155340770042283,627,True,True,False,True,M4_Spearman_RF
3,Nevada,geochem2_nure_Zn_ppm_p95_10km,env_climate_ppt_annual_mm,0.36985583175307496,0.36985583175307496,423,True,True,False,True,M4_Spearman_RF
3,Nevada,geochem1_usgs_Au_value_median_5km,env_climate_swe_annual_mean_mm,0.3689732208525006,0.3689732208525006,601,True,True,False,True,M4_Spearman_RF
3,Nevada,geochem1_usgs_Mo_value_max_50km,climate_srad_annual_mean,0.36701384936822606,0.36701384936822606,1430,True,True,False,True,M4_Spearman_RF
3,Nevada,geochem1_usgs_Pb_value_p95_50km,climate_srad_annual_mean,0.36677093447518655,0.36677093447518655,1430,True,True,False,True,M4_Spearman_RF
3,Nevada,geochem1_usgs_Re_value_max_25km,climate_aet_pet_ratio_annual,0.3664016968478668,0.3664016968478668,533,True,True,False,True,M4_Spearman_RF
3,Nevada,geochem2_nure_Ag_ppm_max_10km,climate_dtr_annual_mean,-0.36533117001515325,0.36533117001515325,423,True,True,False,True,M4_Spearman_RF
3,Nevada,geochem2_nure_As_ppm_median_25km,climate_soil_annual_mean,0.3635350388464646,0.3635350388464646,511,True,True,False,True,M4_Spearman_RF
3,Nevada,geochem1_usgs_Bi_value_max_50km,climate_srad_annual_mean,0.3632856583874682,0.3632856583874682,1430,True,True,False,True,M4_Spearman_RF
3,Nevada,geochem2_nure_Zn_ppm_mean_25km,climate_soil_annual_mean,0.363047452346628,0.363047452346628,511,True,True,False,True,M4_Spearman_RF
3,Nevada,geochem2_nure_As_ppm_median_50km,climate_soil_annual_mean,0.3600409555567551,0.3600409555567551,627,True,True,False,True,M4_Spearman_RF
3,Nevada,geochem2_nure_Ag_ppm_p95_50km,env_climate_ppt_annual_mm,0.35998286296865767,0.35998286296865767,627,True,True,False,True,M4_Spearman_RF
3,Nevada,geochem2_nure_Sb_ppm_median_25km,climate_ws_annual_mean,-0.3584166623450906,0.3584166623450906,511,True,True,False,True,M4_Spearman_RF
3,Nevada,geochem2_nure_Zn_ppm_mean_50km,climate_soil_annual_mean,0.35820447980192555,0.35820447980192555,627,True,True,False,True,M4_Spearman_RF
3,Nevada,geochem1_usgs_Cu_value_mean_50km,climate_srad_annual_mean,0.3580970970347263,0.3580970970347263,1430,True,True,False,True,M4_Spearman_RF
3,Nevada,geochem2_nure_Zn_ppm_max_10km,env_climate_ppt_annual_mm,0.35760517636272854,0.35760517636272854,423,True,True,False,True,M4_Spearman_RF
3,Nevada,geochem2_nure_Mo_ppm_max_10km,climate_dtr_annual_mean,-0.3568528991710635,0.3568528991710635,423,True,True,False,True,M4_Spearman_RF
3,Nevada,geochem2_nure_Mo_ppm_p95_10km,climate_dtr_annual_mean,-0.35506116482140127,0.35506116482140127,423,True,True,False,True,M4_Spearman_RF
3,Nevada,geochem1_usgs_Au_value_max_25km,climate_srad_annual_mean,0.354233330678009,0.354233330678009,1262,True,True,False,True,M4_Spearman_RF
3,Nevada,geochem2_nure_Zn_ppm_max_25km,climate_soil_annual_mean,0.3532307742843963,0.3532307742843963,511,True,True,False,True,M4_Spearman_RF
3,Nevada,geochem2_nure_Ag_ppm_p95_10km,climate_dtr_annual_mean,-0.35296694074877,0.35296694074877,423,True,True,False,True,M4_Spearman_RF
3,Nevada,geochem2_nure_Mo_ppm_p95_50km,climate_aet_annual_sum,0.35239116789680186,0.35239116789680186,627,True,True,False,True,M4_Spearman_RF
3,Nevada,geochem1_usgs_Zn_value_median_10km,env_climate_ppt_annual_mm,0.35167848963387655,0.35167848963387655,1370,True,True,False,True,M4_Spearman_RF
3,Nevada,geochem1_usgs_Zn_value_max_50km,climate_srad_annual_mean,0.34979255955675276,0.34979255955675276,1430,True,True,False,True,M4_Spearman_RF
3,Nevada,geochem2_nure_Bi_ppm_median_25km,env_climate_swe_annual_mean_mm,-0.34943428868944515,0.34943428868944515,511,True,True,False,True,M4_Spearman_RF
3,Nevada,geochem2_nure_Mo_ppm_median_10km,climate_dtr_annual_mean,-0.3493506707845153,0.3493506707845153,423,True,True,False,True,M4_Spearman_RF
3,Nevada,geochem1_usgs_Ag_value_max_50km,climate_srad_annual_mean,0.34737070814611604,0.34737070814611604,1425,True,True,False,True,M4_Spearman_RF
3,Nevada,geochem2_nure_Re_ppm_median_50km,env_climate_swe_annual_mean_mm,-0.34592532810228804,0.34592532810228804,593,True,True,False,True,M4_Spearman_RF
3,Nevada,geochem1_usgs_Re_value_median_50km,climate_ws_annual_mean,-0.34467649111398174,0.34467649111398174,793,True,True,False,True,M4_Spearman_RF
3,Nevada,geochem2_nure_Ag_ppm_mean_50km,climate_soil_annual_mean,0.34448212324389216,0.34448212324389216,627,True,True,False,True,M4_Spearman_RF
3,Nevada,geochem1_usgs_Ag_value_median_5km,env_climate_tmean_annual_c,-0.3429028043109167,0.3429028043109167,752,True,True,False,True,M4_Spearman_RF
3,Nevada,geochem2_nure_Pb_ppm_median_25km,env_climate_swe_annual_mean_mm,-0.3428544979956181,0.3428544979956181,511,True,True,False,True,M4_Spearman_RF
3,Nevada,geochem1_usgs_Bi_value_max_25km,climate_srad_annual_mean,0.3424307175822765,0.3424307175822765,1393,True,True,False,True,M4_Spearman_RF
3,Nevada,geochem1_usgs_Re_value_p95_25km,climate_aet_annual_sum,0.3421742763415743,0.3421742763415743,533,True,True,False,True,M4_Spearman_RF
3,Nevada,geochem2_nure_Cu_ppm_mean_25km,climate_aet_annual_sum,0.3418469519983228,0.3418469519983228,511,True,True,False,True,M4_Spearman_RF
3,Nevada,geochem1_usgs_W_value_max_50km,climate_srad_annual_mean,0.34062242673354254,0.34062242673354254,1430,True,True,False,True,M4_Spearman_RF
3,Nevada,geochem2_nure_W_ppm_max_10km,climate_dtr_annual_mean,-0.3383918941022875,0.3383918941022875,423,True,True,False,True,M4_Spearman_RF
3,Nevada,geochem2_nure_Cu_ppm_mean_10km,climate_aet_annual_sum,0.3383619526168295,0.3383619526168295,423,True,True,False,True,M4_Spearman_RF
3,Nevada,geochem1_usgs_Pb_value_max_25km,climate_srad_annual_mean,0.3382354985014621,0.3382354985014621,1430,True,True,False,True,M4_Spearman_RF
3,Nevada,geochem2_nure_Sb_ppm_max_10km,env_climate_ppt_annual_mm,0.3379831101763427,0.3379831101763427,423,True,True,False,True,M4_Spearman_RF
3,Nevada,geochem1_usgs_Pb_value_nearest,climate_srad_annual_mean,0.33622337743510117,0.33622337743510117,1061,True,True,False,True,M4_Spearman_RF
3,Nevada,geochem2_nure_W_ppm_p95_10km,env_climate_ppt_annual_mm,0.3357608776135417,0.3357608776135417,423,True,True,False,True,M4_Spearman_RF
3,Nevada,geochem1_usgs_Au_value_median_50km,env_climate_swe_annual_mean_mm,0.33567849849577003,0.33567849849577003,1388,True,True,False,True,M4_Spearman_RF
3,Nevada,geochem1_usgs_Au_value_median_25km,env_climate_swe_annual_mean_mm,0.33563837226845816,0.33563837226845816,1262,True,True,False,True,M4_Spearman_RF
3,Nevada,geochem2_nure_Zn_ppm_median_25km,climate_soil_annual_mean,0.33516278879510064,0.33516278879510064,511,True,True,False,True,M4_Spearman_RF
3,Nevada,geochem1_usgs_Pb_value_mean_10km,climate_srad_annual_mean,0.33394615169823105,0.33394615169823105,1364,True,True,False,True,M4_Spearman_RF
3,Nevada,geochem1_usgs_Au_value_max_50km,climate_srad_annual_mean,0.3313290758854575,0.3313290758854575,1388,True,True,False,True,M4_Spearman_RF
3,Nevada,geochem2_nure_Ag_ppm_median_50km,climate_ws_annual_mean,-0.3290513980800262,0.3290513980800262,627,True,True,False,True,M4_Spearman_RF
3,Nevada,geochem1_usgs_Pb_value_p95_25km,climate_srad_annual_mean,0.32886528345416893,0.32886528345416893,1430,True,True,False,True,M4_Spearman_RF
3,Nevada,geochem2_nure_Cu_ppm_median_10km,climate_aet_annual_sum,0.328284897848915,0.328284897848915,423,True,True,False,True,M4_Spearman_RF
3,Nevada,geochem2_nure_W_ppm_median_50km,env_climate_swe_annual_mean_mm,-0.32763788730993587,0.32763788730993587,627,True,True,False,True,M4_Spearman_RF
3,Nevada,geochem2_nure_Ag_ppm_mean_10km,climate_dtr_annual_mean,-0.32728740966723163,0.32728740966723163,423,True,True,False,True,M4_Spearman_RF
3,Nevada,geochem2_nure_Pb_ppm_max_10km,climate_dtr_annual_mean,-0.3256552425362176,0.3256552425362176,423,True,True,False,True,M4_Spearman_RF
3,Nevada,geochem1_usgs_Zn_value_mean_10km,climate_aet_annual_sum,0.32345432642618244,0.32345432642618244,1370,True,True,False,True,M4_Spearman_RF
3,Nevada,geochem2_nure_W_ppm_p95_50km,climate_aet_annual_sum,0.32341425628032516,0.32341425628032516,627,True,True,False,True,M4_Spearman_RF
3,Nevada,geochem2_nure_Pb_ppm_p95_50km,climate_aet_annual_sum,0.32186061361184487,0.32186061361184487,627,True,True,False,True,M4_Spearman_RF
3,Nevada,geochem2_nure_Sb_ppm_max_50km,climate_aet_annual_sum,0.32010423853636666,0.32010423853636666,627,True,True,False,True,M4_Spearman_RF
3,Nevada,geochem2_nure_Re_ppm_max_25km,env_climate_ppt_annual_mm,0.3192346859084685,0.3192346859084685,443,True,True,False,True,M4_Spearman_RF
3,Nevada,geochem1_usgs_Pb_value_median_5km,climate_srad_annual_mean,0.31772312069097053,0.31772312069097053,1136,True,True,False,True,M4_Spearman_RF
3,Nevada,geochem1_usgs_Ag_value_median_50km,climate_vpd_annual_mean,-0.3166409855182959,0.3166409855182959,1425,True,True,False,True,M4_Spearman_RF
3,Nevada,geochem2_nure_Sb_ppm_p95_10km,climate_aet_annual_sum,0.31623965129315534,0.31623965129315534,423,True,True,False,True,M4_Spearman_RF
3,Nevada,geochem2_nure_Bi_ppm_mean_50km,climate_aet_annual_sum,0.31610078767223526,0.31610078767223526,627,True,True,False,True,M4_Spearman_RF
3,Nevada,geochem1_usgs_Ag_value_median_10km,env_climate_tmean_annual_c,-0.31352548799930796,0.31352548799930796,996,True,True,False,True,M4_Spearman_RF
3,Nevada,geochem2_nure_Sb_ppm_mean_50km,climate_ws_annual_mean,-0.31239954046879903,0.31239954046879903,627,True,True,False,True,M4_Spearman_RF
3,Nevada,geochem2_nure_Sb_ppm_median_10km,climate_ws_annual_mean,-0.3121283732872989,0.3121283732872989,423,True,True,False,True,M4_Spearman_RF
3,Nevada,geochem1_usgs_Zn_value_mean_5km,env_climate_ppt_annual_mm,0.3115361235449798,0.3115361235449798,1163,True,True,False,True,M4_Spearman_RF
3,Nevada,geochem2_nure_Sb_ppm_p95_25km,climate_aet_annual_sum,0.3108056770063634,0.3108056770063634,511,True,True,False,True,M4_Spearman_RF
3,Nevada,geochem2_nure_Zn_ppm_median_50km,climate_soil_annual_mean,0.3092915946196472,0.3092915946196472,627,True,True,False,True,M4_Spearman_RF
3,Nevada,geochem2_nure_W_ppm_p95_25km,climate_aet_annual_sum,0.30891381263390805,0.30891381263390805,511,True,True,False,True,M4_Spearman_RF
3,Nevada,geochem2_nure_Pb_ppm_max_50km,climate_dtr_annual_mean,-0.30857460514053203,0.30857460514053203,627,True,True,False,True,M4_Spearman_RF
3,Nevada,geochem2_nure_Re_ppm_p95_25km,env_climate_ppt_annual_mm,0.307549044789523,0.307549044789523,443,True,True,False,True,M4_Spearman_RF
3,Nevada,geochem2_nure_W_ppm_mean_10km,climate_dtr_annual_mean,-0.30602732019200013,0.30602732019200013,423,True,True,False,True,M4_Spearman_RF
3,Nevada,geochem1_usgs_Mo_value_max_25km,climate_srad_annual_mean,0.30519298789180965,0.30519298789180965,1426,True,True,False,True,M4_Spearman_RF
3,Nevada,geochem1_usgs_Re_value_mean_25km,climate_aet_annual_sum,0.30378507803321364,0.30378507803321364,533,True,True,False,True,M4_Spearman_RF
3,Nevada,geochem1_usgs_Cu_value_p95_50km,env_climate_swe_annual_mean_mm,-0.30296522969845574,0.30296522969845574,1430,True,True,False,True,M4_Spearman_RF
3,Nevada,geochem2_nure_Bi_ppm_nearest,climate_srad_annual_mean,0.2976525421413994,0.2976525421413994,1430,False,False,False,False,M4_Spearman_RF
3,Nevada,geochem1_usgs_Ag_value_max_25km,climate_srad_annual_mean,0.29641251886536685,0.29641251886536685,1334,False,False,False,False,M4_Spearman_RF
3,Nevada,geochem2_nure_Mo_ppm_mean_25km,climate_dtr_annual_mean,-0.2961362728814973,0.2961362728814973,511,False,False,False,False,M4_Spearman_RF
3,Nevada,geochem2_nure_Pb_ppm_mean_10km,climate_dtr_annual_mean,-0.29532534757569,0.29532534757569,423,False,False,False,False,M4_Spearman_RF
3,Nevada,geochem2_nure_Mo_ppm_median_25km,climate_dtr_annual_mean,-0.2950049370015972,0.2950049370015972,511,False,False,False,False,M4_Spearman_RF
3,Nevada,geochem1_usgs_Au_value_mean_10km,climate_vap_annual_mean,-0.2943869336028382,0.2943869336028382,928,False,False,False,False,M4_Spearman_RF
3,Nevada,geochem1_usgs_Re_value_median_25km,climate_ws_annual_mean,-0.29434008918643195,0.29434008918643195,533,False,False,False,False,M4_Spearman_RF
3,Nevada,geochem1_usgs_Zn_value_p95_5km,climate_aet_annual_sum,0.2939111088446096,0.2939111088446096,1163,False,False,False,False,M4_Spearman_RF
3,Nevada,geochem1_usgs_Au_value_p95_10km,climate_vap_annual_mean,-0.2935211364758782,0.2935211364758782,928,False,False,False,False,M4_Spearman_RF
3,Nevada,geochem1_usgs_Zn_value_median_5km,env_climate_ppt_annual_mm,0.291888748986979,0.291888748986979,1163,False,False,False,False,M4_Spearman_RF
3,Nevada,geochem1_usgs_Au_value_max_10km,climate_vap_annual_mean,-0.29144580425148864,0.29144580425148864,928,False,False,False,False,M4_Spearman_RF
3,Nevada,geochem2_nure_Bi_ppm_mean_25km,climate_aet_annual_sum,0.29085607272723324,0.29085607272723324,511,False,False,False,False,M4_Spearman_RF
3,Nevada,geochem1_usgs_Zn_value_p95_10km,climate_aet_annual_sum,0.28985355956887865,0.28985355956887865,1370,False,False,False,False,M4_Spearman_RF
3,Nevada,geochem2_nure_Ag_ppm_p95_25km,climate_dtr_annual_mean,-0.2893689678048383,0.2893689678048383,511,False,False,False,False,M4_Spearman_RF
3,Nevada,geochem2_nure_Pb_ppm_p95_10km,climate_dtr_annual_mean,-0.2886466052060779,0.2886466052060779,423,False,False,False,False,M4_Spearman_RF
3,Nevada,geochem1_usgs_Ag_value_mean_5km,env_climate_tmean_annual_c,-0.28814967699808575,0.28814967699808575,752,False,False,False,False,M4_Spearman_RF
3,Nevada,geochem2_nure_Zn_ppm_median_10km,climate_soil_annual_mean,0.2873260301573319,0.2873260301573319,423,False,False,False,False,M4_Spearman_RF
3,Nevada,geochem1_usgs_Pb_value_p95_10km,climate_srad_annual_mean,0.28670665058259776,0.28670665058259776,1364,False,False,False,False,M4_Spearman_RF
3,Nevada,geochem1_usgs_Bi_value_mean_50km,climate_srad_annual_mean,0.28538644111260697,0.28538644111260697,1430,False,False,False,False,M4_Spearman_RF
3,Nevada,geochem2_nure_Bi_ppm_mean_10km,climate_aet_annual_sum,0.2851181358446538,0.2851181358446538,423,False,False,False,False,M4_Spearman_RF
3,Nevada,geochem2_nure_Au_sq_ppm_median_10km,climate_dtr_annual_mean,-0.28474054468922233,0.28474054468922233,423,False,False,False,False,M4_Spearman_RF
3,Nevada,geochem2_nure_Zn_ppm_mean_10km,climate_dtr_annual_mean,-0.28449048311824937,0.28449048311824937,423,False,False,False,False,M4_Spearman_RF
3,Nevada,geochem2_nure_Mo_ppm_p95_25km,climate_dtr_annual_mean,-0.2826832892131684,0.2826832892131684,511,False,False,False,False,M4_Spearman_RF
3,Nevada,geochem1_usgs_Pb_value_max_10km,climate_srad_annual_mean,0.28190815273274294,0.28190815273274294,1364,False,False,False,False,M4_Spearman_RF
3,Nevada,geochem2_nure_Cu_ppm_max_50km,climate_aet_annual_sum,0.27856934944121997,0.27856934944121997,627,False,False,False,False,M4_Spearman_RF
3,Nevada,geochem1_usgs_Zn_value_max_5km,climate_aet_annual_sum,0.2755580915566636,0.2755580915566636,1163,False,False,False,False,M4_Spearman_RF
3,Nevada,geochem2_nure_Sb_ppm_mean_25km,climate_ws_annual_mean,-0.27042256672335807,0.27042256672335807,511,False,False,False,False,M4_Spearman_RF
3,Nevada,geochem1_usgs_Pb_value_mean_5km,climate_srad_annual_mean,0.27032101938948644,0.27032101938948644,1136,False,False,False,False,M4_Spearman_RF
3,Nevada,geochem1_usgs_Bi_value_mean_25km,climate_srad_annual_mean,0.2681572749703085,0.2681572749703085,1393,False,False,False,False,M4_Spearman_RF
3,Nevada,geochem2_nure_Bi_ppm_median_10km,env_climate_swe_annual_mean_mm,-0.2675095937616241,0.2675095937616241,423,False,False,False,False,M4_Spearman_RF
3,Nevada,geochem1_usgs_Cu_value_max_25km,climate_srad_annual_mean,0.2657150190210377,0.2657150190210377,1430,False,False,False,False,M4_Spearman_RF
3,Nevada,geochem2_nure_Sb_ppm_mean_10km,climate_dtr_annual_mean,-0.26514108872983216,0.26514108872983216,423,False,False,False,False,M4_Spearman_RF
3,Nevada,geochem2_nure_Pb_ppm_mean_50km,climate_aet_annual_sum,0.26330192121527574,0.26330192121527574,627,False,False,False,False,M4_Spearman_RF
3,Nevada,geochem1_usgs_Zn_value_nearest,env_climate_ppt_annual_mm,0.26309946196330014,0.26309946196330014,1169,False,False,False,False,M4_Spearman_RF
3,Nevada,geochem1_usgs_Zn_value_p95_25km,climate_aet_annual_sum,0.2627838762871182,0.2627838762871182,1430,False,False,False,False,M4_Spearman_RF
3,Nevada,geochem2_nure_W_ppm_mean_50km,env_climate_swe_annual_mean_mm,-0.262704600022919,0.262704600022919,627,False,False,False,False,M4_Spearman_RF
3,Nevada,geochem2_nure_Pb_ppm_p95_25km,climate_aet_annual_sum,0.26176238983287037,0.26176238983287037,511,False,False,False,False,M4_Spearman_RF
3,Nevada,geochem2_nure_Au_sq_ppm_median_50km,climate_aet_annual_sum,-0.26086282953328677,0.26086282953328677,627,False,False,False,False,M4_Spearman_RF
3,Nevada,geochem1_usgs_Mo_value_p95_50km,climate_srad_annual_mean,0.2608166020977976,0.2608166020977976,1430,False,False,False,False,M4_Spearman_RF
3,Nevada,geochem2_nure_Bi_ppm_max_50km,climate_dtr_annual_mean,-0.2602171836757483,0.2602171836757483,627,False,False,False,False,M4_Spearman_RF
3,Nevada,geochem1_usgs_Ag_value_max_5km,climate_aet_pet_ratio_annual,0.2601326980090162,0.2601326980090162,752,False,False,False,False,M4_Spearman_RF
3,Nevada,geochem2_nure_W_ppm_max_50km,climate_soil_annual_mean,0.25937192874706233,0.25937192874706233,627,False,False,False,False,M4_Spearman_RF
3,Nevada,geochem1_usgs_Ag_value_p95_5km,climate_aet_pet_ratio_annual,0.2591540301655189,0.2591540301655189,752,False,False,False,False,M4_Spearman_RF
3,Nevada,geochem2_nure_W_ppm_median_10km,climate_dtr_annual_mean,-0.2590235335721039,0.2590235335721039,423,False,False,False,False,M4_Spearman_RF
3,Nevada,geochem2_nure_Sb_ppm_max_25km,climate_soil_annual_mean,0.25836118445656214,0.25836118445656214,511,False,False,False,False,M4_Spearman_RF
3,Nevada,geochem2_nure_Cu_ppm_max_25km,climate_aet_annual_sum,0.25751269828513285,0.25751269828513285,511,False,False,False,False,M4_Spearman_RF
3,Nevada,geochem2_nure_W_ppm_max_25km,env_climate_ppt_annual_mm,0.25661643639381704,0.25661643639381704,511,False,False,False,False,M4_Spearman_RF
3,Nevada,geochem1_usgs_Bi_value_p95_25km,climate_srad_annual_mean,0.2564014661779707,0.2564014661779707,1393,False,False,False,False,M4_Spearman_RF
3,Nevada,geochem2_nure_Au_sq_ppm_median_25km,climate_dtr_annual_mean,-0.25553525967726776,0.25553525967726776,511,False,False,False,False,M4_Spearman_RF
3,Nevada,geochem1_usgs_Mo_value_mean_50km,climate_srad_annual_mean,0.2553358363966791,0.2553358363966791,1430,False,False,False,False,M4_Spearman_RF
3,Nevada,geochem2_nure_Ag_ppm_max_25km,climate_aet_pet_ratio_annual,0.2550712231150169,0.2550712231150169,511,False,False,False,False,M4_Spearman_RF
3,Nevada,geochem1_usgs_Cu_value_median_10km,climate_aet_annual_sum,0.2543690180781731,0.2543690180781731,1359,False,False,False,False,M4_Spearman_RF
3,Nevada,geochem1_usgs_Ag_value_median_25km,climate_tmin_annual_mean,-0.2543522924784727,0.2543522924784727,1334,False,False,False,False,M4_Spearman_RF
3,Nevada,geochem1_usgs_Ag_value_mean_50km,climate_srad_annual_mean,0.253763327719917,0.253763327719917,1425,False,False,False,False,M4_Spearman_RF
3,Nevada,geochem2_nure_Ag_ppm_mean_25km,climate_dtr_annual_mean,-0.25306456965156743,0.25306456965156743,511,False,False,False,False,M4_Spearman_RF
3,Nevada,geochem1_usgs_W_value_max_25km,climate_srad_annual_mean,0.25137406173674826,0.25137406173674826,1379,False,False,False,False,M4_Spearman_RF
3,Nevada,geochem1_usgs_Sb_value_median_50km,climate_ws_annual_mean,-0.2507080936840816,0.2507080936840816,1430,False,False,False,False,M4_Spearman_RF
3,Nevada,geochem2_nure_Re_ppm_mean_25km,climate_aet_annual_sum,0.2500863773140246,0.2500863773140246,443,False,False,False,False,M4_Spearman_RF
3,Nevada,geochem1_usgs_Mo_value_median_5km,climate_tmax_annual_mean,-0.24863799058071437,0.24863799058071437,880,False,False,False,False,M4_Spearman_RF
3,Nevada,geochem1_usgs_Bi_value_mean_5km,climate_vap_annual_mean,-0.24561097995990094,0.24561097995990094,681,False,False,False,False,M4_Spearman_RF
3,Nevada,geochem1_usgs_Bi_value_mean_10km,climate_vap_annual_mean,-0.24552985965965113,0.24552985965965113,975,False,False,False,False,M4_Spearman_RF
3,Nevada,geochem1_usgs_Pb_value_p95_5km,climate_srad_annual_mean,0.24478022644748165,0.24478022644748165,1136,False,False,False,False,M4_Spearman_RF
3,Nevada,geochem2_nure_W_ppm_median_25km,env_climate_swe_annual_mean_mm,-0.24464994867983195,0.24464994867983195,511,False,False,False,False,M4_Spearman_RF
3,Nevada,geochem1_usgs_Au_value_mean_25km,climate_vap_annual_mean,-0.24376119624240242,0.24376119624240242,1262,False,False,False,False,M4_Spearman_RF
3,Nevada,geochem1_usgs_Bi_value_p95_50km,climate_srad_annual_mean,0.24278469916274167,0.24278469916274167,1430,False,False,False,False,M4_Spearman_RF
3,Nevada,geochem1_usgs_W_value_max_5km,climate_aet_pet_ratio_annual,0.24209363512203394,0.24209363512203394,627,False,False,False,False,M4_Spearman_RF
3,Nevada,geochem1_usgs_W_value_p95_5km,climate_aet_pet_ratio_annual,0.24054083449306646,0.24054083449306646,627,False,False,False,False,M4_Spearman_RF
3,Nevada,geochem1_usgs_Au_value_mean_5km,env_climate_swe_annual_mean_mm,0.24033753478782297,0.24033753478782297,601,False,False,False,False,M4_Spearman_RF
3,Nevada,geochem1_usgs_Bi_value_median_5km,climate_vap_annual_mean,-0.23976982776427688,0.23976982776427688,681,False,False,False,False,M4_Spearman_RF
3,Nevada,geochem1_usgs_Bi_value_p95_5km,climate_vap_annual_mean,-0.23943805021815445,0.23943805021815445,681,False,False,False,False,M4_Spearman_RF
3,Nevada,geochem1_usgs_Mo_value_median_50km,climate_tmin_annual_mean,-0.2382301639175408,0.2382301639175408,1430,False,False,False,False,M4_Spearman_RF
3,Nevada,geochem2_nure_Pb_ppm_median_10km,climate_dtr_annual_mean,-0.2381382301664641,0.2381382301664641,423,False,False,False,False,M4_Spearman_RF
3,Nevada,geochem2_nure_Pb_ppm_mean_25km,climate_dtr_annual_mean,-0.23696358831694975,0.23696358831694975,511,False,False,False,False,M4_Spearman_RF
3,Nevada,geochem2_nure_Pb_ppm_max_25km,climate_dtr_annual_mean,-0.23642726877849055,0.23642726877849055,511,False,False,False,False,M4_Spearman_RF
3,Nevada,geochem1_usgs_Zn_value_max_25km,climate_srad_annual_mean,0.23544307784951132,0.23544307784951132,1430,False,False,False,False,M4_Spearman_RF
3,Nevada,geochem2_nure_Au_sq_ppm_mean_10km,climate_dtr_annual_mean,-0.23538209158406903,0.23538209158406903,423,False,False,False,False,M4_Spearman_RF
3,Nevada,geochem1_usgs_W_value_mean_10km,climate_vap_annual_mean,-0.23447875048435157,0.23447875048435157,952,False,False,False,False,M4_Spearman_RF
3,Nevada,geochem1_usgs_Bi_value_p95_10km,climate_vap_annual_mean,-0.23422808434517012,0.23422808434517012,975,False,False,False,False,M4_Spearman_RF
3,Nevada,geochem1_usgs_Zn_value_mean_25km,climate_aet_annual_sum,0.23381985260103044,0.23381985260103044,1430,False,False,False,False,M4_Spearman_RF
3,Nevada,geochem2_nure_Ag_ppm_median_10km,climate_dtr_annual_mean,-0.23313135340470947,0.23313135340470947,423,False,False,False,False,M4_Spearman_RF
3,Nevada,geochem1_usgs_Bi_value_max_5km,climate_vap_annual_mean,-0.2329239428949253,0.2329239428949253,681,False,False,False,False,M4_Spearman_RF
3,Nevada,geochem2_nure_Zn_ppm_nearest,env_climate_swe_annual_mean_mm,-0.23227340424134393,0.23227340424134393,1430,False,False,False,False,M4_Spearman_RF
3,Nevada,geochem2_nure_Mo_ppm_median_50km,env_climate_swe_annual_mean_mm,-0.23176744727788187,0.23176744727788187,627,False,False,False,False,M4_Spearman_RF
3,Nevada,geochem2_nure_Au_sq_ppm_max_50km,climate_dtr_annual_mean,-0.23106211193200782,0.23106211193200782,627,False,False,False,False,M4_Spearman_RF
3,Nevada,geochem1_usgs_As_value_max_50km,climate_srad_annual_mean,0.23051851974580237,0.23051851974580237,1430,False,False,False,False,M4_Spearman_RF
3,Nevada,geochem2_nure_Ag_ppm_median_25km,climate_dtr_annual_mean,-0.22981473565074273,0.22981473565074273,511,False,False,False,False,M4_Spearman_RF
3,Nevada,geochem1_usgs_Pb_value_max_5km,climate_srad_annual_mean,0.2291307299381633,0.2291307299381633,1136,False,False,False,False,M4_Spearman_RF
3,Nevada,geochem1_usgs_Cu_value_median_5km,climate_aet_annual_sum,0.2289920699219436,0.2289920699219436,1035,False,False,False,False,M4_Spearman_RF
3,Nevada,geochem2_nure_Mo_ppm_max_25km,climate_dtr_annual_mean,-0.22750151631007212,0.22750151631007212,511,False,False,False,False,M4_Spearman_RF
3,Nevada,geochem2_nure_W_ppm_mean_25km,climate_dtr_annual_mean,-0.2266210065107119,0.2266210065107119,511,False,False,False,False,M4_Spearman_RF
3,Nevada,geochem2_nure_Au_sq_ppm_mean_50km,climate_dtr_annual_mean,-0.22658403679982272,0.22658403679982272,627,False,False,False,False,M4_Spearman_RF
3,Nevada,geochem1_usgs_Bi_value_median_10km,climate_vap_annual_mean,-0.22488599148186883,0.22488599148186883,975,False,False,False,False,M4_Spearman_RF
3,Nevada,geochem1_usgs_Zn_value_p95_50km,climate_aet_annual_sum,0.22462139300217043,0.22462139300217043,1430,False,False,False,False,M4_Spearman_RF
3,Nevada,geochem1_usgs_Cu_value_mean_25km,env_climate_swe_annual_mean_mm,-0.22434646448382026,0.22434646448382026,1430,False,False,False,False,M4_Spearman_RF
3,Nevada,geochem2_nure_Mo_ppm_mean_50km,env_climate_swe_annual_mean_mm,-0.22292083543864394,0.22292083543864394,627,False,False,False,False,M4_Spearman_RF
3,Nevada,geochem1_usgs_Au_value_p95_25km,climate_vap_annual_mean,-0.2227987051285093,0.2227987051285093,1262,False,False,False,False,M4_Spearman_RF
3,Nevada,geochem2_nure_Bi_ppm_max_25km,climate_aet_annual_sum,0.22274241021132632,0.22274241021132632,511,False,False,False,False,M4_Spearman_RF
3,Nevada,geochem1_usgs_Mo_value_median_25km,climate_tmin_annual_mean,-0.220545181244628,0.220545181244628,1426,False,False,False,False,M4_Spearman_RF
3,Nevada,geochem1_usgs_Ag_value_p95_50km,climate_srad_annual_mean,0.21935872846623686,0.21935872846623686,1425,False,False,False,False,M4_Spearman_RF
3,Nevada,geochem1_usgs_W_value_p95_10km,climate_vap_annual_mean,-0.21915307015184368,0.21915307015184368,952,False,False,False,False,M4_Spearman_RF
3,Nevada,geochem1_usgs_W_value_mean_5km,climate_aet_pet_ratio_annual,0.21808552705654763,0.21808552705654763,627,False,False,False,False,M4_Spearman_RF
3,Nevada,geochem2_nure_Re_ppm_median_25km,env_climate_swe_annual_mean_mm,-0.21733626582376772,0.21733626582376772,443,False,False,False,False,M4_Spearman_RF
3,Nevada,geochem1_usgs_Zn_value_mean_50km,climate_srad_annual_mean,0.2157289055446256,0.2157289055446256,1430,False,False,False,False,M4_Spearman_RF
3,Nevada,geochem1_usgs_Ag_value_p95_10km,climate_vap_annual_mean,-0.21532578202694322,0.21532578202694322,996,False,False,False,False,M4_Spearman_RF
3,Nevada,geochem1_usgs_Bi_value_max_10km,climate_vap_annual_mean,-0.21528802518467607,0.21528802518467607,975,False,False,False,False,M4_Spearman_RF
3,Nevada,geochem1_usgs_Ag_value_max_10km,climate_vap_annual_mean,-0.21389679131469916,0.21389679131469916,996,False,False,False,False,M4_Spearman_RF
3,Nevada,geochem1_usgs_Cu_value_nearest,climate_aet_annual_sum,0.2137208030295772,0.2137208030295772,918,False,False,False,False,M4_Spearman_RF
3,Nevada,geochem1_usgs_As_value_median_50km,climate_aet_annual_sum,0.21363875652212272,0.21363875652212272,1430,False,False,False,False,M4_Spearman_RF
3,Nevada,geochem1_usgs_Mo_value_mean_5km,climate_tmax_annual_mean,-0.21256316963013416,0.21256316963013416,880,False,False,False,False,M4_Spearman_RF
3,Nevada,geochem1_usgs_Ag_value_mean_10km,climate_vap_annual_mean,-0.2123617497680471,0.2123617497680471,996,False,False,False,False,M4_Spearman_RF
3,Nevada,geochem1_usgs_W_value_max_10km,climate_vap_annual_mean,-0.21152039316435328,0.21152039316435328,952,False,False,False,False,M4_Spearman_RF
3,Nevada,geochem1_usgs_Mo_value_nearest,climate_dtr_annual_mean,-0.2085104009371636,0.2085104009371636,509,False,False,False,False,M4_Spearman_RF
3,Nevada,geochem1_usgs_Cu_value_p95_25km,climate_aet_annual_sum,0.20766222311845978,0.20766222311845978,1430,False,False,False,False,M4_Spearman_RF
3,Nevada,geochem1_usgs_As_value_max_25km,climate_vap_annual_mean,-0.20674733481020213,0.20674733481020213,1426,False,False,False,False,M4_Spearman_RF
3,Nevada,geochem1_usgs_Zn_value_max_10km,climate_aet_annual_sum,0.20644738428514378,0.20644738428514378,1370,False,False,False,False,M4_Spearman_RF
3,Nevada,geochem1_usgs_Mo_value_p95_5km,climate_aet_pet_ratio_annual,0.20611519370820547,0.20611519370820547,880,False,False,False,False,M4_Spearman_RF
3,Nevada,geochem1_usgs_Mo_value_max_5km,climate_aet_pet_ratio_annual,0.20464248405959665,0.20464248405959665,880,False,False,False,False,M4_Spearman_RF
3,Nevada,geochem1_usgs_As_value_median_25km,climate_aet_annual_sum,0.20432865260969701,0.20432865260969701,1426,False,False,False,False,M4_Spearman_RF
3,Nevada,geochem1_usgs_Cu_value_mean_5km,climate_aet_annual_sum,0.20319853597106566,0.20319853597106566,1035,False,False,False,False,M4_Spearman_RF
3,Nevada,geochem1_usgs_Cu_value_p95_5km,climate_aet_annual_sum,0.20259694627574407,0.20259694627574407,1035,False,False,False,False,M4_Spearman_RF
3,Nevada,geochem1_usgs_Cu_value_p95_10km,climate_aet_annual_sum,0.20158278971346738,0.20158278971346738,1359,False,False,False,False,M4_Spearman_RF
3,Nevada,geochem1_usgs_As_value_mean_50km,climate_aet_annual_sum,0.20077706780328833,0.20077706780328833,1430,False,False,False,False,M4_Spearman_RF
3,Nevada,geochem1_usgs_Bi_value_median_50km,climate_srad_annual_mean,0.19923921145970416,0.19923921145970416,1430,False,False,False,False,M4_Spearman_RF
3,Nevada,geochem2_nure_Au_sq_ppm_mean_25km,climate_dtr_annual_mean,-0.19799079907934086,0.19799079907934086,511,False,False,False,False,M4_Spearman_RF
3,Nevada,geochem2_nure_Au_sq_ppm_p95_50km,climate_dtr_annual_mean,-0.19657897419886958,0.19657897419886958,627,False,False,False,False,M4_Spearman_RF
3,Nevada,geochem1_usgs_Bi_value_median_25km,climate_vap_annual_mean,-0.19646722485415197,0.19646722485415197,1393,False,False,False,False,M4_Spearman_RF
3,Nevada,geochem1_usgs_Au_value_p95_5km,climate_vap_annual_mean,-0.19596833806349592,0.19596833806349592,601,False,False,False,False,M4_Spearman_RF
3,Nevada,geochem2_nure_Mo_ppm_max_50km,env_climate_swe_annual_mean_mm,-0.19515883055115327,0.19515883055115327,627,False,False,False,False,M4_Spearman_RF
3,Nevada,geochem1_usgs_As_value_p95_25km,climate_aet_annual_sum,0.19455076639822147,0.19455076639822147,1426,False,False,False,False,M4_Spearman_RF
3,Nevada,geochem1_usgs_Au_value_max_5km,climate_vap_annual_mean,-0.1944618771491429,0.1944618771491429,601,False,False,False,False,M4_Spearman_RF
3,Nevada,geochem1_usgs_Mo_value_mean_25km,climate_srad_annual_mean,0.19333968799094878,0.19333968799094878,1426,False,False,False,False,M4_Spearman_RF
3,Nevada,geochem2_nure_Au_sq_ppm_max_10km,climate_vap_annual_mean,-0.19295048646824745,0.19295048646824745,423,False,False,False,False,M4_Spearman_RF
3,Nevada,geochem1_usgs_Cu_value_max_5km,climate_aet_annual_sum,0.19229053757814837,0.19229053757814837,1035,False,False,False,False,M4_Spearman_RF
3,Nevada,geochem1_usgs_As_value_p95_10km,climate_aet_annual_sum,0.19173896667133777,0.19173896667133777,1303,False,False,False,False,M4_Spearman_RF
3,Nevada,geochem1_usgs_W_value_mean_25km,climate_vap_annual_mean,-0.19147378146501948,0.19147378146501948,1379,False,False,False,False,M4_Spearman_RF
3,Nevada,geochem2_nure_Au_sq_ppm_p95_10km,climate_dtr_annual_mean,-0.18907397397525477,0.18907397397525477,423,False,False,False,False,M4_Spearman_RF
3,Nevada,geochem1_usgs_Sb_value_max_5km,climate_aet_annual_sum,0.1887505406431245,0.1887505406431245,740,False,False,False,False,M4_Spearman_RF
3,Nevada,geochem1_usgs_Sb_value_max_50km,climate_srad_annual_mean,0.18804421920859726,0.18804421920859726,1430,False,False,False,False,M4_Spearman_RF
3,Nevada,geochem1_usgs_Cu_value_mean_10km,climate_aet_annual_sum,0.1875961150912914,0.1875961150912914,1359,False,False,False,False,M4_Spearman_RF
3,Nevada,geochem1_usgs_Sb_value_p95_5km,climate_aet_annual_sum,0.187524623116478,0.187524623116478,740,False,False,False,False,M4_Spearman_RF
3,Nevada,geochem1_usgs_Sb_value_median_25km,climate_ws_annual_mean,-0.1873288873328139,0.1873288873328139,1413,False,False,False,False,M4_Spearman_RF
3,Nevada,geochem1_usgs_As_value_mean_10km,climate_aet_annual_sum,0.18585145743200246,0.18585145743200246,1303,False,False,False,False,M4_Spearman_RF
3,Nevada,geochem1_usgs_Mo_value_max_10km,climate_vap_annual_mean,-0.18511130304183954,0.18511130304183954,1215,False,False,False,False,M4_Spearman_RF
3,Nevada,geochem1_usgs_Mo_value_p95_10km,climate_vap_annual_mean,-0.18510492131469827,0.18510492131469827,1215,False,False,False,False,M4_Spearman_RF
3,Nevada,geochem1_usgs_As_value_mean_25km,climate_aet_annual_sum,0.18427803412410076,0.18427803412410076,1426,False,False,False,False,M4_Spearman_RF
3,Nevada,geochem1_usgs_Mo_value_p95_25km,climate_srad_annual_mean,0.18165372359162604,0.18165372359162604,1426,False,False,False,False,M4_Spearman_RF
3,Nevada,geochem1_usgs_Ag_value_mean_25km,climate_srad_annual_mean,0.18152034540254766,0.18152034540254766,1334,False,False,False,False,M4_Spearman_RF
3,Nevada,geochem1_usgs_As_value_p95_50km,climate_srad_annual_mean,0.1777419880461453,0.1777419880461453,1430,False,False,False,False,M4_Spearman_RF
3,Nevada,geochem1_usgs_Mo_value_median_10km,env_climate_tmean_annual_c,-0.17758842466995345,0.17758842466995345,1215,False,False,False,False,M4_Spearman_RF
3,Nevada,geochem1_usgs_Sb_value_max_25km,climate_srad_annual_mean,0.17535305139669483,0.17535305139669483,1413,False,False,False,False,M4_Spearman_RF
3,Nevada,geochem1_usgs_W_value_median_5km,climate_dtr_annual_mean,-0.17340677383769215,0.17340677383769215,627,False,False,False,False,M4_Spearman_RF
3,Nevada,geochem1_usgs_Au_value_p95_50km,climate_vap_annual_mean,-0.1731309296820831,0.1731309296820831,1388,False,False,False,False,M4_Spearman_RF
3,Nevada,geochem1_usgs_Sb_value_median_5km,climate_ws_annual_mean,-0.17300595202068988,0.17300595202068988,740,False,False,False,False,M4_Spearman_RF
3,Nevada,geochem1_usgs_W_value_median_10km,climate_vap_annual_mean,-0.17211731773573474,0.17211731773573474,952,False,False,False,False,M4_Spearman_RF
3,Nevada,geochem2_nure_Au_sq_ppm_p95_25km,climate_dtr_annual_mean,-0.17010876035321273,0.17010876035321273,511,False,False,False,False,M4_Spearman_RF
3,Nevada,geochem1_usgs_As_value_median_10km,climate_aet_annual_sum,0.16812833374828928,0.16812833374828928,1303,False,False,False,False,M4_Spearman_RF
3,Nevada,geochem2_nure_Au_sq_ppm_max_25km,climate_aet_pet_ratio_annual,0.1680177285798123,0.1680177285798123,511,False,False,False,False,M4_Spearman_RF
3,Nevada,geochem1_usgs_Ag_value_p95_25km,climate_vap_annual_mean,-0.16651038312029884,0.16651038312029884,1334,False,False,False,False,M4_Spearman_RF
3,Nevada,geochem1_usgs_Au_value_mean_50km,climate_srad_annual_mean,0.16618680832348984,0.16618680832348984,1388,False,False,False,False,M4_Spearman_RF
3,Nevada,geochem1_usgs_Cu_value_max_10km,climate_aet_annual_sum,0.16527467650668734,0.16527467650668734,1359,False,False,False,False,M4_Spearman_RF
3,Nevada,geochem1_usgs_As_value_max_10km,climate_aet_annual_sum,0.16339119591657164,0.16339119591657164,1303,False,False,False,False,M4_Spearman_RF
3,Nevada,geochem1_usgs_Sb_value_mean_50km,climate_aet_annual_sum,0.16241031368662803,0.16241031368662803,1430,False,False,False,False,M4_Spearman_RF
3,Nevada,geochem1_usgs_W_value_mean_50km,climate_srad_annual_mean,0.15857354808694937,0.15857354808694937,1430,False,False,False,False,M4_Spearman_RF
3,Nevada,geochem1_usgs_W_value_p95_25km,climate_vap_annual_mean,-0.15809042635890366,0.15809042635890366,1379,False,False,False,False,M4_Spearman_RF
3,Nevada,geochem1_usgs_W_value_median_50km,climate_ws_annual_mean,-0.15752294382671156,0.15752294382671156,1430,False,False,False,False,M4_Spearman_RF
3,Nevada,geochem1_usgs_As_value_p95_5km,climate_aet_annual_sum,0.15515752822764212,0.15515752822764212,989,False,False,False,False,M4_Spearman_RF
3,Nevada,geochem1_usgs_Sb_value_mean_5km,climate_aet_pet_ratio_annual,0.15358642149566584,0.15358642149566584,740,False,False,False,False,M4_Spearman_RF
3,Nevada,geochem1_usgs_Sb_value_median_10km,climate_ws_annual_mean,-0.15328722145451337,0.15328722145451337,1059,False,False,False,False,M4_Spearman_RF
3,Nevada,geochem1_usgs_Mo_value_mean_10km,climate_vap_annual_mean,-0.1524142372118509,0.1524142372118509,1215,False,False,False,False,M4_Spearman_RF
3,Nevada,geochem1_usgs_Sb_value_p95_50km,climate_aet_annual_sum,0.15040755166538355,0.15040755166538355,1430,False,False,False,False,M4_Spearman_RF
3,Nevada,geochem1_usgs_As_value_max_5km,climate_vap_annual_mean,-0.1480725436229631,0.1480725436229631,989,False,False,False,False,M4_Spearman_RF
3,Nevada,geochem1_usgs_Sb_value_nearest,climate_aet_pet_ratio_annual,0.1431115559535297,0.1431115559535297,397,False,False,False,False,M4_Spearman_RF
3,Nevada,geochem2_nure_Mo_ppm_nearest,climate_dtr_annual_mean,-0.13833987134756684,0.13833987134756684,1430,False,False,False,False,M4_Spearman_RF
3,Nevada,geochem1_usgs_As_value_mean_5km,climate_aet_annual_sum,0.13564191452461116,0.13564191452461116,989,False,False,False,False,M4_Spearman_RF
3,Nevada,geochem1_usgs_Sb_value_p95_25km,climate_aet_annual_sum,0.13527151618964603,0.13527151618964603,1413,False,False,False,False,M4_Spearman_RF
3,Nevada,geochem1_usgs_Sb_value_max_10km,climate_aet_annual_sum,0.13481481584471333,0.13481481584471333,1059,False,False,False,False,M4_Spearman_RF
3,Nevada,geochem1_usgs_Sb_value_p95_10km,climate_aet_annual_sum,0.133646997833672,0.133646997833672,1059,False,False,False,False,M4_Spearman_RF
3,Nevada,geochem1_usgs_As_value_nearest,env_climate_swe_annual_mean_mm,-0.13066162544366036,0.13066162544366036,693,False,False,False,False,M4_Spearman_RF
3,Nevada,geochem1_usgs_Sb_value_mean_25km,climate_srad_annual_mean,0.1291341476890204,0.1291341476890204,1413,False,False,False,False,M4_Spearman_RF
3,Nevada,geochem1_usgs_As_value_median_5km,climate_aet_annual_sum,0.12627962386213762,0.12627962386213762,989,False,False,False,False,M4_Spearman_RF
3,Nevada,geochem1_usgs_W_value_median_25km,climate_srad_annual_mean,0.12180230667364342,0.12180230667364342,1379,False,False,False,False,M4_Spearman_RF
3,Nevada,geochem1_usgs_W_value_p95_50km,climate_ws_annual_mean,-0.11486592828112845,0.11486592828112845,1430,False,False,False,False,M4_Spearman_RF
3,Nevada,geochem1_usgs_Sb_value_mean_10km,climate_aet_annual_sum,0.09795542774910465,0.09795542774910465,1059,False,False,False,False,M4_Spearman_RF
3,Nevada,geochem2_nure_As_ppm_p95_50km,climate_soil_annual_mean,0.6084655706014037,0.6084655706014037,627,True,True,False,True,M4_GraphUnion_RF
3,Nevada,geochem1_usgs_Pb_value_median_50km,climate_srad_annual_mean,0.5452451442590123,0.5452451442590123,1430,True,True,False,True,M4_GraphUnion_RF
3,Nevada,geochem2_nure_Pb_ppm_nearest,climate_srad_annual_mean,0.5353980892049215,0.5353980892049215,1430,True,True,False,True,M4_GraphUnion_RF
3,Nevada,geochem2_nure_As_ppm_p95_25km,climate_soil_annual_mean,0.5319095880187169,0.5319095880187169,511,True,True,False,True,M4_GraphUnion_RF
3,Nevada,geochem2_nure_As_ppm_mean_50km,climate_soil_annual_mean,0.527505647307097,0.527505647307097,627,True,True,False,True,M4_GraphUnion_RF
3,Nevada,geochem2_nure_Sb_ppm_nearest,climate_srad_annual_mean,0.5269453843039421,0.5269453843039421,1430,True,True,False,True,M4_GraphUnion_RF
3,Nevada,geochem2_nure_W_ppm_nearest,climate_srad_annual_mean,0.5000288664103424,0.5000288664103424,1430,True,True,False,True,M4_GraphUnion_RF
3,Nevada,geochem1_usgs_Pb_value_median_25km,climate_srad_annual_mean,0.4952294163964746,0.4952294163964746,1430,True,True,False,True,M4_GraphUnion_RF
3,Nevada,geochem2_nure_Cu_ppm_p95_50km,climate_aet_annual_sum,0.4883116124415262,0.4883116124415262,627,True,True,False,True,M4_GraphUnion_RF
3,Nevada,geochem2_nure_As_ppm_nearest,climate_srad_annual_mean,0.48624168779234617,0.48624168779234617,1430,True,True,False,True,M4_GraphUnion_RF
3,Nevada,geochem2_nure_As_ppm_mean_25km,climate_soil_annual_mean,0.47656441442673897,0.47656441442673897,511,True,True,False,True,M4_GraphUnion_RF
3,Nevada,geochem2_nure_As_ppm_p95_10km,climate_soil_annual_mean,0.4755202154880578,0.4755202154880578,423,True,True,False,True,M4_GraphUnion_RF
3,Nevada,geochem2_nure_As_ppm_max_50km,climate_soil_annual_mean,0.4743014971367013,0.4743014971367013,627,True,True,False,True,M4_GraphUnion_RF
3,Nevada,geochem2_nure_Ag_ppm_nearest,climate_srad_annual_mean,0.46270440451484257,0.46270440451484257,1430,True,True,False,True,M4_GraphUnion_RF
3,Nevada,geochem1_usgs_Cu_value_median_50km,climate_aet_annual_sum,0.46201748966022604,0.46201748966022604,1430,True,True,False,True,M4_GraphUnion_RF
3,Nevada,geochem2_nure_Zn_ppm_p95_50km,climate_aet_annual_sum,0.45101171541348706,0.45101171541348706,627,True,True,False,True,M4_GraphUnion_RF
3,Nevada,geochem2_nure_Bi_ppm_median_50km,env_climate_swe_annual_mean_mm,-0.43936506922604707,0.43936506922604707,627,True,True,False,True,M4_GraphUnion_RF
3,Nevada,geochem2_nure_Pb_ppm_median_50km,env_climate_swe_annual_mean_mm,-0.4368612220425079,0.4368612220425079,627,True,True,False,True,M4_GraphUnion_RF
3,Nevada,geochem2_nure_Sb_ppm_median_50km,climate_ws_annual_mean,-0.4330996806893799,0.4330996806893799,627,True,True,False,True,M4_GraphUnion_RF
3,Nevada,geochem1_usgs_Pb_value_mean_50km,climate_srad_annual_mean,0.43249880013283787,0.43249880013283787,1430,True,True,False,True,M4_GraphUnion_RF
3,Nevada,geochem2_nure_As_ppm_max_10km,climate_soil_annual_mean,0.43137065575440847,0.43137065575440847,423,True,True,False,True,M4_GraphUnion_RF
3,Nevada,geochem2_nure_Bi_ppm_p95_25km,climate_aet_annual_sum,0.43042779233884226,0.43042779233884226,511,True,True,False,True,M4_GraphUnion_RF
3,Nevada,geochem2_nure_As_ppm_max_25km,climate_soil_annual_mean,0.42863713805878867,0.42863713805878867,511,True,True,False,True,M4_GraphUnion_RF
3,Nevada,geochem2_nure_Bi_ppm_p95_50km,climate_aet_annual_sum,0.42802630361864025,0.42802630361864025,627,True,True,False,True,M4_GraphUnion_RF
3,Nevada,geochem2_nure_Zn_ppm_p95_25km,climate_soil_annual_mean,0.4263252893005767,0.4263252893005767,511,True,True,False,True,M4_GraphUnion_RF
3,Nevada,geochem2_nure_Cu_ppm_p95_10km,climate_aet_annual_sum,0.4236989673742983,0.4236989673742983,423,True,True,False,True,M4_GraphUnion_RF
3,Nevada,geochem2_nure_Cu_ppm_p95_25km,climate_aet_annual_sum,0.4162065241887711,0.4162065241887711,511,True,True,False,True,M4_GraphUnion_RF
3,Nevada,geochem1_usgs_Pb_value_max_50km,climate_srad_annual_mean,0.41378386873587936,0.41378386873587936,1430,True,True,False,True,M4_GraphUnion_RF
3,Nevada,geochem1_usgs_Cu_value_median_25km,climate_aet_annual_sum,0.4078422967170343,0.4078422967170343,1430,True,True,False,True,M4_GraphUnion_RF
3,Nevada,geochem1_usgs_Zn_value_median_25km,climate_aet_annual_sum,0.4062624823124963,0.4062624823124963,1430,True,True,False,True,M4_GraphUnion_RF
3,Nevada,geochem2_nure_Bi_ppm_p95_10km,climate_aet_annual_sum,0.40311883442359336,0.40311883442359336,423,True,True,False,True,M4_GraphUnion_RF
3,Nevada,geochem2_nure_Zn_ppm_max_50km,climate_soil_annual_mean,0.40151588617333994,0.40151588617333994,627,True,True,False,True,M4_GraphUnion_RF
3,Nevada,geochem1_usgs_Re_value_p95_50km,climate_aet_annual_sum,0.4000153301670678,0.4000153301670678,793,True,True,False,True,M4_GraphUnion_RF
3,Nevada,geochem2_nure_Re_ppm_p95_50km,climate_aet_annual_sum,0.39972824767879495,0.39972824767879495,593,True,True,False,True,M4_GraphUnion_RF
3,Nevada,geochem2_nure_Sb_ppm_p95_50km,climate_aet_annual_sum,0.39922052310195766,0.39922052310195766,627,True,True,False,True,M4_GraphUnion_RF
3,Nevada,geochem1_usgs_Pb_value_median_10km,climate_srad_annual_mean,0.39897705882293377,0.39897705882293377,1364,True,True,False,True,M4_GraphUnion_RF
3,Nevada,geochem1_usgs_Zn_value_median_50km,climate_aet_annual_sum,0.3978544785854787,0.3978544785854787,1430,True,True,False,True,M4_GraphUnion_RF
3,Nevada,geochem2_nure_Cu_ppm_nearest,env_climate_swe_annual_mean_mm,-0.39750229035742657,0.39750229035742657,1430,True,True,False,True,M4_GraphUnion_RF
3,Nevada,geochem2_nure_Cu_ppm_median_50km,env_climate_swe_annual_mean_mm,-0.39120478136373465,0.39120478136373465,627,True,True,False,True,M4_GraphUnion_RF
3,Nevada,geochem1_usgs_Re_value_mean_50km,climate_aet_annual_sum,0.3877471474735506,0.3877471474735506,793,True,True,False,True,M4_GraphUnion_RF
3,Nevada,geochem1_usgs_Cu_value_max_50km,climate_srad_annual_mean,0.3855311874013811,0.3855311874013811,1430,True,True,False,True,M4_GraphUnion_RF
3,Nevada,geochem1_usgs_Re_value_max_50km,climate_aet_annual_sum,0.383446323125962,0.383446323125962,793,True,True,False,True,M4_GraphUnion_RF
3,Nevada,geochem2_nure_Mo_ppm_mean_10km,climate_dtr_annual_mean,-0.3834168888362576,0.3834168888362576,423,True,True,False,True,M4_GraphUnion_RF
3,Nevada,geochem2_nure_As_ppm_mean_10km,climate_dtr_annual_mean,-0.3829172206007422,0.3829172206007422,423,True,True,False,True,M4_GraphUnion_RF
3,Nevada,geochem2_nure_Ag_ppm_max_50km,climate_soil_annual_mean,0.38275409795102244,0.38275409795102244,627,True,True,False,True,M4_GraphUnion_RF
3,Nevada,geochem2_nure_Cu_ppm_max_10km,climate_aet_annual_sum,0.38209607862607,0.38209607862607,423,True,True,False,True,M4_GraphUnion_RF
3,Nevada,geochem2_nure_Cu_ppm_median_25km,climate_aet_annual_sum,0.3808795630098823,0.3808795630098823,511,True,True,False,True,M4_GraphUnion_RF
3,Nevada,geochem1_usgs_Pb_value_mean_25km,climate_srad_annual_mean,0.38025278565696163,0.38025278565696163,1430,True,True,False,True,M4_GraphUnion_RF
3,Nevada,geochem2_nure_Re_ppm_mean_50km,climate_aet_annual_sum,0.3772011010303087,0.3772011010303087,593,True,True,False,True,M4_GraphUnion_RF
3,Nevada,geochem2_nure_Bi_ppm_max_10km,climate_aet_annual_sum,0.3768589054526476,0.3768589054526476,423,True,True,False,True,M4_GraphUnion_RF
3,Nevada,geochem2_nure_Au_sq_ppm_nearest,climate_soil_annual_mean,-0.3766690840569618,0.3766690840569618,1198,True,True,False,True,M4_GraphUnion_RF
3,Nevada,geochem2_nure_Re_ppm_max_50km,climate_aet_annual_sum,0.3759090273795161,0.3759090273795161,593,True,True,False,True,M4_GraphUnion_RF
3,Nevada,geochem2_nure_As_ppm_median_10km,climate_dtr_annual_mean,-0.37576456708594064,0.37576456708594064,423,True,True,False,True,M4_GraphUnion_RF
3,Nevada,geochem1_usgs_Au_value_median_10km,env_climate_swe_annual_mean_mm,0.3741969369183595,0.3741969369183595,928,True,True,False,True,M4_GraphUnion_RF
3,Nevada,geochem2_nure_Cu_ppm_mean_50km,climate_aet_annual_sum,0.37155340770042283,0.37155340770042283,627,True,True,False,True,M4_GraphUnion_RF
3,Nevada,geochem2_nure_Zn_ppm_p95_10km,env_climate_ppt_annual_mm,0.36985583175307496,0.36985583175307496,423,True,True,False,True,M4_GraphUnion_RF
3,Nevada,geochem1_usgs_Au_value_median_5km,env_climate_swe_annual_mean_mm,0.3689732208525006,0.3689732208525006,601,True,True,False,True,M4_GraphUnion_RF
3,Nevada,geochem1_usgs_Mo_value_max_50km,climate_srad_annual_mean,0.36701384936822606,0.36701384936822606,1430,True,True,False,True,M4_GraphUnion_RF
3,Nevada,geochem1_usgs_Pb_value_p95_50km,climate_srad_annual_mean,0.36677093447518655,0.36677093447518655,1430,True,True,False,True,M4_GraphUnion_RF
3,Nevada,geochem1_usgs_Re_value_max_25km,climate_aet_pet_ratio_annual,0.3664016968478668,0.3664016968478668,533,True,True,False,True,M4_GraphUnion_RF
3,Nevada,geochem2_nure_Ag_ppm_max_10km,climate_dtr_annual_mean,-0.36533117001515325,0.36533117001515325,423,True,True,False,True,M4_GraphUnion_RF
3,Nevada,geochem2_nure_As_ppm_median_25km,climate_soil_annual_mean,0.3635350388464646,0.3635350388464646,511,True,True,False,True,M4_GraphUnion_RF
3,Nevada,geochem1_usgs_Bi_value_max_50km,climate_srad_annual_mean,0.3632856583874682,0.3632856583874682,1430,True,True,False,True,M4_GraphUnion_RF
3,Nevada,geochem2_nure_Zn_ppm_mean_25km,climate_soil_annual_mean,0.363047452346628,0.363047452346628,511,True,True,False,True,M4_GraphUnion_RF
3,Nevada,geochem2_nure_As_ppm_median_50km,climate_soil_annual_mean,0.3600409555567551,0.3600409555567551,627,True,True,False,True,M4_GraphUnion_RF
3,Nevada,geochem2_nure_Ag_ppm_p95_50km,env_climate_ppt_annual_mm,0.35998286296865767,0.35998286296865767,627,True,True,False,True,M4_GraphUnion_RF
3,Nevada,geochem2_nure_Sb_ppm_median_25km,climate_ws_annual_mean,-0.3584166623450906,0.3584166623450906,511,True,True,False,True,M4_GraphUnion_RF
3,Nevada,geochem2_nure_Zn_ppm_mean_50km,climate_soil_annual_mean,0.35820447980192555,0.35820447980192555,627,True,True,False,True,M4_GraphUnion_RF
3,Nevada,geochem1_usgs_Cu_value_mean_50km,climate_srad_annual_mean,0.3580970970347263,0.3580970970347263,1430,True,True,False,True,M4_GraphUnion_RF
3,Nevada,geochem2_nure_Zn_ppm_max_10km,env_climate_ppt_annual_mm,0.35760517636272854,0.35760517636272854,423,True,True,False,True,M4_GraphUnion_RF
3,Nevada,geochem2_nure_Mo_ppm_max_10km,climate_dtr_annual_mean,-0.3568528991710635,0.3568528991710635,423,True,True,False,True,M4_GraphUnion_RF
3,Nevada,geochem2_nure_Mo_ppm_p95_10km,climate_dtr_annual_mean,-0.35506116482140127,0.35506116482140127,423,True,True,False,True,M4_GraphUnion_RF
3,Nevada,geochem1_usgs_Au_value_max_25km,climate_srad_annual_mean,0.354233330678009,0.354233330678009,1262,True,True,False,True,M4_GraphUnion_RF
3,Nevada,geochem2_nure_Zn_ppm_max_25km,climate_soil_annual_mean,0.3532307742843963,0.3532307742843963,511,True,True,False,True,M4_GraphUnion_RF
3,Nevada,geochem2_nure_Ag_ppm_p95_10km,climate_dtr_annual_mean,-0.35296694074877,0.35296694074877,423,True,True,False,True,M4_GraphUnion_RF
3,Nevada,geochem2_nure_Mo_ppm_p95_50km,climate_aet_annual_sum,0.35239116789680186,0.35239116789680186,627,True,True,False,True,M4_GraphUnion_RF
3,Nevada,geochem1_usgs_Zn_value_median_10km,env_climate_ppt_annual_mm,0.35167848963387655,0.35167848963387655,1370,True,True,False,True,M4_GraphUnion_RF
3,Nevada,geochem1_usgs_Zn_value_max_50km,climate_srad_annual_mean,0.34979255955675276,0.34979255955675276,1430,True,True,False,True,M4_GraphUnion_RF
3,Nevada,geochem2_nure_Bi_ppm_median_25km,env_climate_swe_annual_mean_mm,-0.34943428868944515,0.34943428868944515,511,True,True,False,True,M4_GraphUnion_RF
3,Nevada,geochem2_nure_Mo_ppm_median_10km,climate_dtr_annual_mean,-0.3493506707845153,0.3493506707845153,423,True,True,False,True,M4_GraphUnion_RF
3,Nevada,geochem1_usgs_Ag_value_max_50km,climate_srad_annual_mean,0.34737070814611604,0.34737070814611604,1425,True,True,False,True,M4_GraphUnion_RF
3,Nevada,geochem2_nure_Re_ppm_median_50km,env_climate_swe_annual_mean_mm,-0.34592532810228804,0.34592532810228804,593,True,True,False,True,M4_GraphUnion_RF
3,Nevada,geochem1_usgs_Re_value_median_50km,climate_ws_annual_mean,-0.34467649111398174,0.34467649111398174,793,True,True,False,True,M4_GraphUnion_RF
3,Nevada,geochem2_nure_Ag_ppm_mean_50km,climate_soil_annual_mean,0.34448212324389216,0.34448212324389216,627,True,True,False,True,M4_GraphUnion_RF
3,Nevada,geochem1_usgs_Ag_value_median_5km,env_climate_tmean_annual_c,-0.3429028043109167,0.3429028043109167,752,True,True,False,True,M4_GraphUnion_RF
3,Nevada,geochem2_nure_Pb_ppm_median_25km,env_climate_swe_annual_mean_mm,-0.3428544979956181,0.3428544979956181,511,True,True,False,True,M4_GraphUnion_RF
3,Nevada,geochem1_usgs_Bi_value_max_25km,climate_srad_annual_mean,0.3424307175822765,0.3424307175822765,1393,True,True,False,True,M4_GraphUnion_RF
3,Nevada,geochem1_usgs_Re_value_p95_25km,climate_aet_annual_sum,0.3421742763415743,0.3421742763415743,533,True,True,False,True,M4_GraphUnion_RF
3,Nevada,geochem2_nure_Cu_ppm_mean_25km,climate_aet_annual_sum,0.3418469519983228,0.3418469519983228,511,True,True,False,True,M4_GraphUnion_RF
3,Nevada,geochem1_usgs_W_value_max_50km,climate_srad_annual_mean,0.34062242673354254,0.34062242673354254,1430,True,True,False,True,M4_GraphUnion_RF
3,Nevada,geochem2_nure_W_ppm_max_10km,climate_dtr_annual_mean,-0.3383918941022875,0.3383918941022875,423,True,True,False,True,M4_GraphUnion_RF
3,Nevada,geochem2_nure_Cu_ppm_mean_10km,climate_aet_annual_sum,0.3383619526168295,0.3383619526168295,423,True,True,False,True,M4_GraphUnion_RF
3,Nevada,geochem1_usgs_Pb_value_max_25km,climate_srad_annual_mean,0.3382354985014621,0.3382354985014621,1430,True,True,False,True,M4_GraphUnion_RF
3,Nevada,geochem2_nure_Sb_ppm_max_10km,env_climate_ppt_annual_mm,0.3379831101763427,0.3379831101763427,423,True,True,False,True,M4_GraphUnion_RF
3,Nevada,geochem1_usgs_Pb_value_nearest,climate_srad_annual_mean,0.33622337743510117,0.33622337743510117,1061,True,True,False,True,M4_GraphUnion_RF
3,Nevada,geochem2_nure_W_ppm_p95_10km,env_climate_ppt_annual_mm,0.3357608776135417,0.3357608776135417,423,True,True,False,True,M4_GraphUnion_RF
3,Nevada,geochem1_usgs_Au_value_median_50km,env_climate_swe_annual_mean_mm,0.33567849849577003,0.33567849849577003,1388,True,True,False,True,M4_GraphUnion_RF
3,Nevada,geochem1_usgs_Au_value_median_25km,env_climate_swe_annual_mean_mm,0.33563837226845816,0.33563837226845816,1262,True,True,False,True,M4_GraphUnion_RF
3,Nevada,geochem2_nure_Zn_ppm_median_25km,climate_soil_annual_mean,0.33516278879510064,0.33516278879510064,511,True,True,False,True,M4_GraphUnion_RF
3,Nevada,geochem1_usgs_Pb_value_mean_10km,climate_srad_annual_mean,0.33394615169823105,0.33394615169823105,1364,True,True,False,True,M4_GraphUnion_RF
3,Nevada,geochem1_usgs_Au_value_max_50km,climate_srad_annual_mean,0.3313290758854575,0.3313290758854575,1388,True,True,False,True,M4_GraphUnion_RF
3,Nevada,geochem2_nure_Ag_ppm_median_50km,climate_ws_annual_mean,-0.3290513980800262,0.3290513980800262,627,True,True,False,True,M4_GraphUnion_RF
3,Nevada,geochem1_usgs_Pb_value_p95_25km,climate_srad_annual_mean,0.32886528345416893,0.32886528345416893,1430,True,True,False,True,M4_GraphUnion_RF
3,Nevada,geochem2_nure_Cu_ppm_median_10km,climate_aet_annual_sum,0.328284897848915,0.328284897848915,423,True,True,False,True,M4_GraphUnion_RF
3,Nevada,geochem2_nure_W_ppm_median_50km,env_climate_swe_annual_mean_mm,-0.32763788730993587,0.32763788730993587,627,True,True,False,True,M4_GraphUnion_RF
3,Nevada,geochem2_nure_Ag_ppm_mean_10km,climate_dtr_annual_mean,-0.32728740966723163,0.32728740966723163,423,True,True,False,True,M4_GraphUnion_RF
3,Nevada,geochem2_nure_Pb_ppm_max_10km,climate_dtr_annual_mean,-0.3256552425362176,0.3256552425362176,423,True,True,False,True,M4_GraphUnion_RF
3,Nevada,geochem1_usgs_Zn_value_mean_10km,climate_aet_annual_sum,0.32345432642618244,0.32345432642618244,1370,True,True,False,True,M4_GraphUnion_RF
3,Nevada,geochem2_nure_W_ppm_p95_50km,climate_aet_annual_sum,0.32341425628032516,0.32341425628032516,627,True,True,False,True,M4_GraphUnion_RF
3,Nevada,geochem2_nure_Pb_ppm_p95_50km,climate_aet_annual_sum,0.32186061361184487,0.32186061361184487,627,True,True,False,True,M4_GraphUnion_RF
3,Nevada,geochem2_nure_Sb_ppm_max_50km,climate_aet_annual_sum,0.32010423853636666,0.32010423853636666,627,True,True,False,True,M4_GraphUnion_RF
3,Nevada,geochem2_nure_Re_ppm_max_25km,env_climate_ppt_annual_mm,0.3192346859084685,0.3192346859084685,443,True,True,False,True,M4_GraphUnion_RF
3,Nevada,geochem1_usgs_Pb_value_median_5km,climate_srad_annual_mean,0.31772312069097053,0.31772312069097053,1136,True,True,False,True,M4_GraphUnion_RF
3,Nevada,geochem1_usgs_Ag_value_median_50km,climate_vpd_annual_mean,-0.3166409855182959,0.3166409855182959,1425,True,True,False,True,M4_GraphUnion_RF
3,Nevada,geochem2_nure_Sb_ppm_p95_10km,climate_aet_annual_sum,0.31623965129315534,0.31623965129315534,423,True,True,False,True,M4_GraphUnion_RF
3,Nevada,geochem2_nure_Bi_ppm_mean_50km,climate_aet_annual_sum,0.31610078767223526,0.31610078767223526,627,True,True,False,True,M4_GraphUnion_RF
3,Nevada,geochem1_usgs_Ag_value_median_10km,env_climate_tmean_annual_c,-0.31352548799930796,0.31352548799930796,996,True,True,False,True,M4_GraphUnion_RF
3,Nevada,geochem2_nure_Sb_ppm_mean_50km,climate_ws_annual_mean,-0.31239954046879903,0.31239954046879903,627,True,True,False,True,M4_GraphUnion_RF
3,Nevada,geochem2_nure_Sb_ppm_median_10km,climate_ws_annual_mean,-0.3121283732872989,0.3121283732872989,423,True,True,False,True,M4_GraphUnion_RF
3,Nevada,geochem1_usgs_Zn_value_mean_5km,env_climate_ppt_annual_mm,0.3115361235449798,0.3115361235449798,1163,True,True,False,True,M4_GraphUnion_RF
3,Nevada,geochem2_nure_Sb_ppm_p95_25km,climate_aet_annual_sum,0.3108056770063634,0.3108056770063634,511,True,True,False,True,M4_GraphUnion_RF
3,Nevada,geochem2_nure_Zn_ppm_median_50km,climate_soil_annual_mean,0.3092915946196472,0.3092915946196472,627,True,True,False,True,M4_GraphUnion_RF
3,Nevada,geochem2_nure_W_ppm_p95_25km,climate_aet_annual_sum,0.30891381263390805,0.30891381263390805,511,True,True,False,True,M4_GraphUnion_RF
3,Nevada,geochem2_nure_Pb_ppm_max_50km,climate_dtr_annual_mean,-0.30857460514053203,0.30857460514053203,627,True,True,False,True,M4_GraphUnion_RF
3,Nevada,geochem2_nure_Re_ppm_p95_25km,env_climate_ppt_annual_mm,0.307549044789523,0.307549044789523,443,True,True,False,True,M4_GraphUnion_RF
3,Nevada,geochem2_nure_W_ppm_mean_10km,climate_dtr_annual_mean,-0.30602732019200013,0.30602732019200013,423,True,True,False,True,M4_GraphUnion_RF
3,Nevada,geochem1_usgs_Mo_value_max_25km,climate_srad_annual_mean,0.30519298789180965,0.30519298789180965,1426,True,True,False,True,M4_GraphUnion_RF
3,Nevada,geochem1_usgs_Re_value_mean_25km,climate_aet_annual_sum,0.30378507803321364,0.30378507803321364,533,True,True,False,True,M4_GraphUnion_RF
3,Nevada,geochem1_usgs_Cu_value_p95_50km,env_climate_swe_annual_mean_mm,-0.30296522969845574,0.30296522969845574,1430,True,True,False,True,M4_GraphUnion_RF
3,Nevada,geochem2_nure_Bi_ppm_nearest,climate_srad_annual_mean,0.2976525421413994,0.2976525421413994,1430,False,False,False,False,M4_GraphUnion_RF
3,Nevada,geochem1_usgs_Ag_value_max_25km,climate_srad_annual_mean,0.29641251886536685,0.29641251886536685,1334,False,False,False,False,M4_GraphUnion_RF
3,Nevada,geochem2_nure_Mo_ppm_mean_25km,climate_dtr_annual_mean,-0.2961362728814973,0.2961362728814973,511,False,False,False,False,M4_GraphUnion_RF
3,Nevada,geochem2_nure_Pb_ppm_mean_10km,climate_dtr_annual_mean,-0.29532534757569,0.29532534757569,423,False,False,False,False,M4_GraphUnion_RF
3,Nevada,geochem2_nure_Mo_ppm_median_25km,climate_dtr_annual_mean,-0.2950049370015972,0.2950049370015972,511,False,False,False,False,M4_GraphUnion_RF
3,Nevada,geochem1_usgs_Au_value_mean_10km,climate_vap_annual_mean,-0.2943869336028382,0.2943869336028382,928,False,False,False,False,M4_GraphUnion_RF
3,Nevada,geochem1_usgs_Re_value_median_25km,climate_ws_annual_mean,-0.29434008918643195,0.29434008918643195,533,False,False,False,False,M4_GraphUnion_RF
3,Nevada,geochem1_usgs_Zn_value_p95_5km,climate_aet_annual_sum,0.2939111088446096,0.2939111088446096,1163,False,False,False,False,M4_GraphUnion_RF
3,Nevada,geochem1_usgs_Au_value_p95_10km,climate_vap_annual_mean,-0.2935211364758782,0.2935211364758782,928,False,False,False,False,M4_GraphUnion_RF
3,Nevada,geochem1_usgs_Zn_value_median_5km,env_climate_ppt_annual_mm,0.291888748986979,0.291888748986979,1163,False,False,False,False,M4_GraphUnion_RF
3,Nevada,geochem1_usgs_Au_value_max_10km,climate_vap_annual_mean,-0.29144580425148864,0.29144580425148864,928,False,False,False,False,M4_GraphUnion_RF
3,Nevada,geochem2_nure_Bi_ppm_mean_25km,climate_aet_annual_sum,0.29085607272723324,0.29085607272723324,511,False,False,False,False,M4_GraphUnion_RF
3,Nevada,geochem1_usgs_Zn_value_p95_10km,climate_aet_annual_sum,0.28985355956887865,0.28985355956887865,1370,False,False,False,False,M4_GraphUnion_RF
3,Nevada,geochem2_nure_Ag_ppm_p95_25km,climate_dtr_annual_mean,-0.2893689678048383,0.2893689678048383,511,False,False,False,False,M4_GraphUnion_RF
3,Nevada,geochem2_nure_Pb_ppm_p95_10km,climate_dtr_annual_mean,-0.2886466052060779,0.2886466052060779,423,False,False,False,False,M4_GraphUnion_RF
3,Nevada,geochem1_usgs_Ag_value_mean_5km,env_climate_tmean_annual_c,-0.28814967699808575,0.28814967699808575,752,False,False,False,False,M4_GraphUnion_RF
3,Nevada,geochem2_nure_Zn_ppm_median_10km,climate_soil_annual_mean,0.2873260301573319,0.2873260301573319,423,False,False,False,False,M4_GraphUnion_RF
3,Nevada,geochem1_usgs_Pb_value_p95_10km,climate_srad_annual_mean,0.28670665058259776,0.28670665058259776,1364,False,False,False,False,M4_GraphUnion_RF
3,Nevada,geochem1_usgs_Bi_value_mean_50km,climate_srad_annual_mean,0.28538644111260697,0.28538644111260697,1430,False,False,False,False,M4_GraphUnion_RF
3,Nevada,geochem2_nure_Bi_ppm_mean_10km,climate_aet_annual_sum,0.2851181358446538,0.2851181358446538,423,False,False,False,False,M4_GraphUnion_RF
3,Nevada,geochem2_nure_Au_sq_ppm_median_10km,climate_dtr_annual_mean,-0.28474054468922233,0.28474054468922233,423,False,False,False,False,M4_GraphUnion_RF
3,Nevada,geochem2_nure_Zn_ppm_mean_10km,climate_dtr_annual_mean,-0.28449048311824937,0.28449048311824937,423,False,False,False,False,M4_GraphUnion_RF
3,Nevada,geochem2_nure_Mo_ppm_p95_25km,climate_dtr_annual_mean,-0.2826832892131684,0.2826832892131684,511,False,False,False,False,M4_GraphUnion_RF
3,Nevada,geochem1_usgs_Pb_value_max_10km,climate_srad_annual_mean,0.28190815273274294,0.28190815273274294,1364,False,False,False,False,M4_GraphUnion_RF
3,Nevada,geochem2_nure_Cu_ppm_max_50km,climate_aet_annual_sum,0.27856934944121997,0.27856934944121997,627,False,False,False,False,M4_GraphUnion_RF
3,Nevada,geochem1_usgs_Zn_value_max_5km,climate_aet_annual_sum,0.2755580915566636,0.2755580915566636,1163,False,False,False,False,M4_GraphUnion_RF
3,Nevada,geochem2_nure_Sb_ppm_mean_25km,climate_ws_annual_mean,-0.27042256672335807,0.27042256672335807,511,False,False,False,False,M4_GraphUnion_RF
3,Nevada,geochem1_usgs_Pb_value_mean_5km,climate_srad_annual_mean,0.27032101938948644,0.27032101938948644,1136,False,False,False,False,M4_GraphUnion_RF
3,Nevada,geochem1_usgs_Bi_value_mean_25km,climate_srad_annual_mean,0.2681572749703085,0.2681572749703085,1393,False,False,False,False,M4_GraphUnion_RF
3,Nevada,geochem2_nure_Bi_ppm_median_10km,env_climate_swe_annual_mean_mm,-0.2675095937616241,0.2675095937616241,423,False,False,False,False,M4_GraphUnion_RF
3,Nevada,geochem1_usgs_Cu_value_max_25km,climate_srad_annual_mean,0.2657150190210377,0.2657150190210377,1430,False,False,False,False,M4_GraphUnion_RF
3,Nevada,geochem2_nure_Sb_ppm_mean_10km,climate_dtr_annual_mean,-0.26514108872983216,0.26514108872983216,423,False,False,False,False,M4_GraphUnion_RF
3,Nevada,geochem2_nure_Pb_ppm_mean_50km,climate_aet_annual_sum,0.26330192121527574,0.26330192121527574,627,False,False,False,False,M4_GraphUnion_RF
3,Nevada,geochem1_usgs_Zn_value_nearest,env_climate_ppt_annual_mm,0.26309946196330014,0.26309946196330014,1169,False,False,False,False,M4_GraphUnion_RF
3,Nevada,geochem1_usgs_Zn_value_p95_25km,climate_aet_annual_sum,0.2627838762871182,0.2627838762871182,1430,False,False,False,False,M4_GraphUnion_RF
3,Nevada,geochem2_nure_W_ppm_mean_50km,env_climate_swe_annual_mean_mm,-0.262704600022919,0.262704600022919,627,False,False,False,False,M4_GraphUnion_RF
3,Nevada,geochem2_nure_Pb_ppm_p95_25km,climate_aet_annual_sum,0.26176238983287037,0.26176238983287037,511,False,False,False,False,M4_GraphUnion_RF
3,Nevada,geochem2_nure_Au_sq_ppm_median_50km,climate_aet_annual_sum,-0.26086282953328677,0.26086282953328677,627,False,False,False,False,M4_GraphUnion_RF
3,Nevada,geochem1_usgs_Mo_value_p95_50km,climate_srad_annual_mean,0.2608166020977976,0.2608166020977976,1430,False,False,False,False,M4_GraphUnion_RF
3,Nevada,geochem2_nure_Bi_ppm_max_50km,climate_dtr_annual_mean,-0.2602171836757483,0.2602171836757483,627,False,False,False,False,M4_GraphUnion_RF
3,Nevada,geochem1_usgs_Ag_value_max_5km,climate_aet_pet_ratio_annual,0.2601326980090162,0.2601326980090162,752,False,False,False,False,M4_GraphUnion_RF
3,Nevada,geochem2_nure_W_ppm_max_50km,climate_soil_annual_mean,0.25937192874706233,0.25937192874706233,627,False,False,False,False,M4_GraphUnion_RF
3,Nevada,geochem1_usgs_Ag_value_p95_5km,climate_aet_pet_ratio_annual,0.2591540301655189,0.2591540301655189,752,False,False,False,False,M4_GraphUnion_RF
3,Nevada,geochem2_nure_W_ppm_median_10km,climate_dtr_annual_mean,-0.2590235335721039,0.2590235335721039,423,False,False,False,False,M4_GraphUnion_RF
3,Nevada,geochem2_nure_Sb_ppm_max_25km,climate_soil_annual_mean,0.25836118445656214,0.25836118445656214,511,False,False,False,False,M4_GraphUnion_RF
3,Nevada,geochem2_nure_Cu_ppm_max_25km,climate_aet_annual_sum,0.25751269828513285,0.25751269828513285,511,False,False,False,False,M4_GraphUnion_RF
3,Nevada,geochem2_nure_W_ppm_max_25km,env_climate_ppt_annual_mm,0.25661643639381704,0.25661643639381704,511,False,False,False,False,M4_GraphUnion_RF
3,Nevada,geochem1_usgs_Bi_value_p95_25km,climate_srad_annual_mean,0.2564014661779707,0.2564014661779707,1393,False,False,False,False,M4_GraphUnion_RF
3,Nevada,geochem2_nure_Au_sq_ppm_median_25km,climate_dtr_annual_mean,-0.25553525967726776,0.25553525967726776,511,False,False,False,False,M4_GraphUnion_RF
3,Nevada,geochem1_usgs_Mo_value_mean_50km,climate_srad_annual_mean,0.2553358363966791,0.2553358363966791,1430,False,False,False,False,M4_GraphUnion_RF
3,Nevada,geochem2_nure_Ag_ppm_max_25km,climate_aet_pet_ratio_annual,0.2550712231150169,0.2550712231150169,511,False,False,False,False,M4_GraphUnion_RF
3,Nevada,geochem1_usgs_Cu_value_median_10km,climate_aet_annual_sum,0.2543690180781731,0.2543690180781731,1359,False,False,False,False,M4_GraphUnion_RF
3,Nevada,geochem1_usgs_Ag_value_median_25km,climate_tmin_annual_mean,-0.2543522924784727,0.2543522924784727,1334,False,False,False,False,M4_GraphUnion_RF
3,Nevada,geochem1_usgs_Ag_value_mean_50km,climate_srad_annual_mean,0.253763327719917,0.253763327719917,1425,False,False,False,False,M4_GraphUnion_RF
3,Nevada,geochem2_nure_Ag_ppm_mean_25km,climate_dtr_annual_mean,-0.25306456965156743,0.25306456965156743,511,False,False,False,False,M4_GraphUnion_RF
3,Nevada,geochem1_usgs_W_value_max_25km,climate_srad_annual_mean,0.25137406173674826,0.25137406173674826,1379,False,False,False,False,M4_GraphUnion_RF
3,Nevada,geochem1_usgs_Sb_value_median_50km,climate_ws_annual_mean,-0.2507080936840816,0.2507080936840816,1430,False,False,False,False,M4_GraphUnion_RF
3,Nevada,geochem2_nure_Re_ppm_mean_25km,climate_aet_annual_sum,0.2500863773140246,0.2500863773140246,443,False,False,False,False,M4_GraphUnion_RF
3,Nevada,geochem1_usgs_Mo_value_median_5km,climate_tmax_annual_mean,-0.24863799058071437,0.24863799058071437,880,False,False,False,False,M4_GraphUnion_RF
3,Nevada,geochem1_usgs_Bi_value_mean_5km,climate_vap_annual_mean,-0.24561097995990094,0.24561097995990094,681,False,False,False,False,M4_GraphUnion_RF
3,Nevada,geochem1_usgs_Bi_value_mean_10km,climate_vap_annual_mean,-0.24552985965965113,0.24552985965965113,975,False,False,False,False,M4_GraphUnion_RF
3,Nevada,geochem1_usgs_Pb_value_p95_5km,climate_srad_annual_mean,0.24478022644748165,0.24478022644748165,1136,False,False,False,False,M4_GraphUnion_RF
3,Nevada,geochem2_nure_W_ppm_median_25km,env_climate_swe_annual_mean_mm,-0.24464994867983195,0.24464994867983195,511,False,False,False,False,M4_GraphUnion_RF
3,Nevada,geochem1_usgs_Au_value_mean_25km,climate_vap_annual_mean,-0.24376119624240242,0.24376119624240242,1262,False,False,False,False,M4_GraphUnion_RF
3,Nevada,geochem1_usgs_Bi_value_p95_50km,climate_srad_annual_mean,0.24278469916274167,0.24278469916274167,1430,False,False,False,False,M4_GraphUnion_RF
3,Nevada,geochem1_usgs_W_value_max_5km,climate_aet_pet_ratio_annual,0.24209363512203394,0.24209363512203394,627,False,False,False,False,M4_GraphUnion_RF
3,Nevada,geochem1_usgs_W_value_p95_5km,climate_aet_pet_ratio_annual,0.24054083449306646,0.24054083449306646,627,False,False,False,False,M4_GraphUnion_RF
3,Nevada,geochem1_usgs_Au_value_mean_5km,env_climate_swe_annual_mean_mm,0.24033753478782297,0.24033753478782297,601,False,False,False,False,M4_GraphUnion_RF
3,Nevada,geochem1_usgs_Bi_value_median_5km,climate_vap_annual_mean,-0.23976982776427688,0.23976982776427688,681,False,False,False,False,M4_GraphUnion_RF
3,Nevada,geochem1_usgs_Bi_value_p95_5km,climate_vap_annual_mean,-0.23943805021815445,0.23943805021815445,681,False,False,False,False,M4_GraphUnion_RF
3,Nevada,geochem1_usgs_Mo_value_median_50km,climate_tmin_annual_mean,-0.2382301639175408,0.2382301639175408,1430,False,False,False,False,M4_GraphUnion_RF
3,Nevada,geochem2_nure_Pb_ppm_median_10km,climate_dtr_annual_mean,-0.2381382301664641,0.2381382301664641,423,False,False,False,False,M4_GraphUnion_RF
3,Nevada,geochem2_nure_Pb_ppm_mean_25km,climate_dtr_annual_mean,-0.23696358831694975,0.23696358831694975,511,False,False,False,False,M4_GraphUnion_RF
3,Nevada,geochem2_nure_Pb_ppm_max_25km,climate_dtr_annual_mean,-0.23642726877849055,0.23642726877849055,511,False,False,False,False,M4_GraphUnion_RF
3,Nevada,geochem1_usgs_Zn_value_max_25km,climate_srad_annual_mean,0.23544307784951132,0.23544307784951132,1430,False,False,False,False,M4_GraphUnion_RF
3,Nevada,geochem2_nure_Au_sq_ppm_mean_10km,climate_dtr_annual_mean,-0.23538209158406903,0.23538209158406903,423,False,False,False,False,M4_GraphUnion_RF
3,Nevada,geochem1_usgs_W_value_mean_10km,climate_vap_annual_mean,-0.23447875048435157,0.23447875048435157,952,False,False,False,False,M4_GraphUnion_RF
3,Nevada,geochem1_usgs_Bi_value_p95_10km,climate_vap_annual_mean,-0.23422808434517012,0.23422808434517012,975,False,False,False,False,M4_GraphUnion_RF
3,Nevada,geochem1_usgs_Zn_value_mean_25km,climate_aet_annual_sum,0.23381985260103044,0.23381985260103044,1430,False,False,False,False,M4_GraphUnion_RF
3,Nevada,geochem2_nure_Ag_ppm_median_10km,climate_dtr_annual_mean,-0.23313135340470947,0.23313135340470947,423,False,False,False,False,M4_GraphUnion_RF
3,Nevada,geochem1_usgs_Bi_value_max_5km,climate_vap_annual_mean,-0.2329239428949253,0.2329239428949253,681,False,False,False,False,M4_GraphUnion_RF
3,Nevada,geochem2_nure_Zn_ppm_nearest,env_climate_swe_annual_mean_mm,-0.23227340424134393,0.23227340424134393,1430,False,False,False,False,M4_GraphUnion_RF
3,Nevada,geochem2_nure_Mo_ppm_median_50km,env_climate_swe_annual_mean_mm,-0.23176744727788187,0.23176744727788187,627,False,False,False,False,M4_GraphUnion_RF
3,Nevada,geochem2_nure_Au_sq_ppm_max_50km,climate_dtr_annual_mean,-0.23106211193200782,0.23106211193200782,627,False,False,False,False,M4_GraphUnion_RF
3,Nevada,geochem1_usgs_As_value_max_50km,climate_srad_annual_mean,0.23051851974580237,0.23051851974580237,1430,False,False,False,False,M4_GraphUnion_RF
3,Nevada,geochem2_nure_Ag_ppm_median_25km,climate_dtr_annual_mean,-0.22981473565074273,0.22981473565074273,511,False,False,False,False,M4_GraphUnion_RF
3,Nevada,geochem1_usgs_Pb_value_max_5km,climate_srad_annual_mean,0.2291307299381633,0.2291307299381633,1136,False,False,False,False,M4_GraphUnion_RF
3,Nevada,geochem1_usgs_Cu_value_median_5km,climate_aet_annual_sum,0.2289920699219436,0.2289920699219436,1035,False,False,False,False,M4_GraphUnion_RF
3,Nevada,geochem2_nure_Mo_ppm_max_25km,climate_dtr_annual_mean,-0.22750151631007212,0.22750151631007212,511,False,False,False,False,M4_GraphUnion_RF
3,Nevada,geochem2_nure_W_ppm_mean_25km,climate_dtr_annual_mean,-0.2266210065107119,0.2266210065107119,511,False,False,False,False,M4_GraphUnion_RF
3,Nevada,geochem2_nure_Au_sq_ppm_mean_50km,climate_dtr_annual_mean,-0.22658403679982272,0.22658403679982272,627,False,False,False,False,M4_GraphUnion_RF
3,Nevada,geochem1_usgs_Bi_value_median_10km,climate_vap_annual_mean,-0.22488599148186883,0.22488599148186883,975,False,False,False,False,M4_GraphUnion_RF
3,Nevada,geochem1_usgs_Zn_value_p95_50km,climate_aet_annual_sum,0.22462139300217043,0.22462139300217043,1430,False,False,False,False,M4_GraphUnion_RF
3,Nevada,geochem1_usgs_Cu_value_mean_25km,env_climate_swe_annual_mean_mm,-0.22434646448382026,0.22434646448382026,1430,False,False,False,False,M4_GraphUnion_RF
3,Nevada,geochem2_nure_Mo_ppm_mean_50km,env_climate_swe_annual_mean_mm,-0.22292083543864394,0.22292083543864394,627,False,False,False,False,M4_GraphUnion_RF
3,Nevada,geochem1_usgs_Au_value_p95_25km,climate_vap_annual_mean,-0.2227987051285093,0.2227987051285093,1262,False,False,False,False,M4_GraphUnion_RF
3,Nevada,geochem2_nure_Bi_ppm_max_25km,climate_aet_annual_sum,0.22274241021132632,0.22274241021132632,511,False,False,False,False,M4_GraphUnion_RF
3,Nevada,geochem1_usgs_Mo_value_median_25km,climate_tmin_annual_mean,-0.220545181244628,0.220545181244628,1426,False,False,False,False,M4_GraphUnion_RF
3,Nevada,geochem1_usgs_Ag_value_p95_50km,climate_srad_annual_mean,0.21935872846623686,0.21935872846623686,1425,False,False,False,False,M4_GraphUnion_RF
3,Nevada,geochem1_usgs_W_value_p95_10km,climate_vap_annual_mean,-0.21915307015184368,0.21915307015184368,952,False,False,False,False,M4_GraphUnion_RF
3,Nevada,geochem1_usgs_W_value_mean_5km,climate_aet_pet_ratio_annual,0.21808552705654763,0.21808552705654763,627,False,False,False,False,M4_GraphUnion_RF
3,Nevada,geochem2_nure_Re_ppm_median_25km,env_climate_swe_annual_mean_mm,-0.21733626582376772,0.21733626582376772,443,False,False,False,False,M4_GraphUnion_RF
3,Nevada,geochem1_usgs_Zn_value_mean_50km,climate_srad_annual_mean,0.2157289055446256,0.2157289055446256,1430,False,False,False,False,M4_GraphUnion_RF
3,Nevada,geochem1_usgs_Ag_value_p95_10km,climate_vap_annual_mean,-0.21532578202694322,0.21532578202694322,996,False,False,False,False,M4_GraphUnion_RF
3,Nevada,geochem1_usgs_Bi_value_max_10km,climate_vap_annual_mean,-0.21528802518467607,0.21528802518467607,975,False,False,False,False,M4_GraphUnion_RF
3,Nevada,geochem1_usgs_Ag_value_max_10km,climate_vap_annual_mean,-0.21389679131469916,0.21389679131469916,996,False,False,False,False,M4_GraphUnion_RF
3,Nevada,geochem1_usgs_Cu_value_nearest,climate_aet_annual_sum,0.2137208030295772,0.2137208030295772,918,False,False,False,False,M4_GraphUnion_RF
3,Nevada,geochem1_usgs_As_value_median_50km,climate_aet_annual_sum,0.21363875652212272,0.21363875652212272,1430,False,False,False,False,M4_GraphUnion_RF
3,Nevada,geochem1_usgs_Mo_value_mean_5km,climate_tmax_annual_mean,-0.21256316963013416,0.21256316963013416,880,False,False,False,False,M4_GraphUnion_RF
3,Nevada,geochem1_usgs_Ag_value_mean_10km,climate_vap_annual_mean,-0.2123617497680471,0.2123617497680471,996,False,False,False,False,M4_GraphUnion_RF
3,Nevada,geochem1_usgs_W_value_max_10km,climate_vap_annual_mean,-0.21152039316435328,0.21152039316435328,952,False,False,False,False,M4_GraphUnion_RF
3,Nevada,geochem1_usgs_Mo_value_nearest,climate_dtr_annual_mean,-0.2085104009371636,0.2085104009371636,509,False,False,False,False,M4_GraphUnion_RF
3,Nevada,geochem1_usgs_Cu_value_p95_25km,climate_aet_annual_sum,0.20766222311845978,0.20766222311845978,1430,False,False,False,False,M4_GraphUnion_RF
3,Nevada,geochem1_usgs_As_value_max_25km,climate_vap_annual_mean,-0.20674733481020213,0.20674733481020213,1426,False,False,False,False,M4_GraphUnion_RF
3,Nevada,geochem1_usgs_Zn_value_max_10km,climate_aet_annual_sum,0.20644738428514378,0.20644738428514378,1370,False,False,False,False,M4_GraphUnion_RF
3,Nevada,geochem1_usgs_Mo_value_p95_5km,climate_aet_pet_ratio_annual,0.20611519370820547,0.20611519370820547,880,False,False,False,False,M4_GraphUnion_RF
3,Nevada,geochem1_usgs_Mo_value_max_5km,climate_aet_pet_ratio_annual,0.20464248405959665,0.20464248405959665,880,False,False,False,False,M4_GraphUnion_RF
3,Nevada,geochem1_usgs_As_value_median_25km,climate_aet_annual_sum,0.20432865260969701,0.20432865260969701,1426,False,False,False,False,M4_GraphUnion_RF
3,Nevada,geochem1_usgs_Cu_value_mean_5km,climate_aet_annual_sum,0.20319853597106566,0.20319853597106566,1035,False,False,False,False,M4_GraphUnion_RF
3,Nevada,geochem1_usgs_Cu_value_p95_5km,climate_aet_annual_sum,0.20259694627574407,0.20259694627574407,1035,False,False,False,False,M4_GraphUnion_RF
3,Nevada,geochem1_usgs_Cu_value_p95_10km,climate_aet_annual_sum,0.20158278971346738,0.20158278971346738,1359,False,False,False,False,M4_GraphUnion_RF
3,Nevada,geochem1_usgs_As_value_mean_50km,climate_aet_annual_sum,0.20077706780328833,0.20077706780328833,1430,False,False,False,False,M4_GraphUnion_RF
3,Nevada,geochem1_usgs_Bi_value_median_50km,climate_srad_annual_mean,0.19923921145970416,0.19923921145970416,1430,False,False,False,False,M4_GraphUnion_RF
3,Nevada,geochem2_nure_Au_sq_ppm_mean_25km,climate_dtr_annual_mean,-0.19799079907934086,0.19799079907934086,511,False,False,False,False,M4_GraphUnion_RF
3,Nevada,geochem2_nure_Au_sq_ppm_p95_50km,climate_dtr_annual_mean,-0.19657897419886958,0.19657897419886958,627,False,False,False,False,M4_GraphUnion_RF
3,Nevada,geochem1_usgs_Bi_value_median_25km,climate_vap_annual_mean,-0.19646722485415197,0.19646722485415197,1393,False,False,False,False,M4_GraphUnion_RF
3,Nevada,geochem1_usgs_Au_value_p95_5km,climate_vap_annual_mean,-0.19596833806349592,0.19596833806349592,601,False,False,False,False,M4_GraphUnion_RF
3,Nevada,geochem2_nure_Mo_ppm_max_50km,env_climate_swe_annual_mean_mm,-0.19515883055115327,0.19515883055115327,627,False,False,False,False,M4_GraphUnion_RF
3,Nevada,geochem1_usgs_As_value_p95_25km,climate_aet_annual_sum,0.19455076639822147,0.19455076639822147,1426,False,False,False,False,M4_GraphUnion_RF
3,Nevada,geochem1_usgs_Au_value_max_5km,climate_vap_annual_mean,-0.1944618771491429,0.1944618771491429,601,False,False,False,False,M4_GraphUnion_RF
3,Nevada,geochem1_usgs_Mo_value_mean_25km,climate_srad_annual_mean,0.19333968799094878,0.19333968799094878,1426,False,False,False,False,M4_GraphUnion_RF
3,Nevada,geochem2_nure_Au_sq_ppm_max_10km,climate_vap_annual_mean,-0.19295048646824745,0.19295048646824745,423,False,False,False,False,M4_GraphUnion_RF
3,Nevada,geochem1_usgs_Cu_value_max_5km,climate_aet_annual_sum,0.19229053757814837,0.19229053757814837,1035,False,False,False,False,M4_GraphUnion_RF
3,Nevada,geochem1_usgs_As_value_p95_10km,climate_aet_annual_sum,0.19173896667133777,0.19173896667133777,1303,False,False,False,False,M4_GraphUnion_RF
3,Nevada,geochem1_usgs_W_value_mean_25km,climate_vap_annual_mean,-0.19147378146501948,0.19147378146501948,1379,False,False,False,False,M4_GraphUnion_RF
3,Nevada,geochem2_nure_Au_sq_ppm_p95_10km,climate_dtr_annual_mean,-0.18907397397525477,0.18907397397525477,423,False,False,False,False,M4_GraphUnion_RF
3,Nevada,geochem1_usgs_Sb_value_max_5km,climate_aet_annual_sum,0.1887505406431245,0.1887505406431245,740,False,False,False,False,M4_GraphUnion_RF
3,Nevada,geochem1_usgs_Sb_value_max_50km,climate_srad_annual_mean,0.18804421920859726,0.18804421920859726,1430,False,False,False,False,M4_GraphUnion_RF
3,Nevada,geochem1_usgs_Cu_value_mean_10km,climate_aet_annual_sum,0.1875961150912914,0.1875961150912914,1359,False,False,False,False,M4_GraphUnion_RF
3,Nevada,geochem1_usgs_Sb_value_p95_5km,climate_aet_annual_sum,0.187524623116478,0.187524623116478,740,False,False,False,False,M4_GraphUnion_RF
3,Nevada,geochem1_usgs_Sb_value_median_25km,climate_ws_annual_mean,-0.1873288873328139,0.1873288873328139,1413,False,False,False,False,M4_GraphUnion_RF
3,Nevada,geochem1_usgs_As_value_mean_10km,climate_aet_annual_sum,0.18585145743200246,0.18585145743200246,1303,False,False,False,False,M4_GraphUnion_RF
3,Nevada,geochem1_usgs_Mo_value_max_10km,climate_vap_annual_mean,-0.18511130304183954,0.18511130304183954,1215,False,False,False,False,M4_GraphUnion_RF
3,Nevada,geochem1_usgs_Mo_value_p95_10km,climate_vap_annual_mean,-0.18510492131469827,0.18510492131469827,1215,False,False,False,False,M4_GraphUnion_RF
3,Nevada,geochem1_usgs_As_value_mean_25km,climate_aet_annual_sum,0.18427803412410076,0.18427803412410076,1426,False,False,False,False,M4_GraphUnion_RF
3,Nevada,geochem1_usgs_Mo_value_p95_25km,climate_srad_annual_mean,0.18165372359162604,0.18165372359162604,1426,False,False,False,False,M4_GraphUnion_RF
3,Nevada,geochem1_usgs_Ag_value_mean_25km,climate_srad_annual_mean,0.18152034540254766,0.18152034540254766,1334,False,False,False,False,M4_GraphUnion_RF
3,Nevada,geochem1_usgs_As_value_p95_50km,climate_srad_annual_mean,0.1777419880461453,0.1777419880461453,1430,False,False,False,False,M4_GraphUnion_RF
3,Nevada,geochem1_usgs_Mo_value_median_10km,env_climate_tmean_annual_c,-0.17758842466995345,0.17758842466995345,1215,False,False,False,False,M4_GraphUnion_RF
3,Nevada,geochem1_usgs_Sb_value_max_25km,climate_srad_annual_mean,0.17535305139669483,0.17535305139669483,1413,False,False,False,False,M4_GraphUnion_RF
3,Nevada,geochem1_usgs_W_value_median_5km,climate_dtr_annual_mean,-0.17340677383769215,0.17340677383769215,627,False,False,False,False,M4_GraphUnion_RF
3,Nevada,geochem1_usgs_Au_value_p95_50km,climate_vap_annual_mean,-0.1731309296820831,0.1731309296820831,1388,False,False,False,False,M4_GraphUnion_RF
3,Nevada,geochem1_usgs_Sb_value_median_5km,climate_ws_annual_mean,-0.17300595202068988,0.17300595202068988,740,False,False,False,False,M4_GraphUnion_RF
3,Nevada,geochem1_usgs_W_value_median_10km,climate_vap_annual_mean,-0.17211731773573474,0.17211731773573474,952,False,False,False,False,M4_GraphUnion_RF
3,Nevada,geochem2_nure_Au_sq_ppm_p95_25km,climate_dtr_annual_mean,-0.17010876035321273,0.17010876035321273,511,False,False,False,False,M4_GraphUnion_RF
3,Nevada,geochem1_usgs_As_value_median_10km,climate_aet_annual_sum,0.16812833374828928,0.16812833374828928,1303,False,False,False,False,M4_GraphUnion_RF
3,Nevada,geochem2_nure_Au_sq_ppm_max_25km,climate_aet_pet_ratio_annual,0.1680177285798123,0.1680177285798123,511,False,False,False,False,M4_GraphUnion_RF
3,Nevada,geochem1_usgs_Ag_value_p95_25km,climate_vap_annual_mean,-0.16651038312029884,0.16651038312029884,1334,False,False,False,False,M4_GraphUnion_RF
3,Nevada,geochem1_usgs_Au_value_mean_50km,climate_srad_annual_mean,0.16618680832348984,0.16618680832348984,1388,False,False,False,False,M4_GraphUnion_RF
3,Nevada,geochem1_usgs_Cu_value_max_10km,climate_aet_annual_sum,0.16527467650668734,0.16527467650668734,1359,False,False,False,False,M4_GraphUnion_RF
3,Nevada,geochem1_usgs_As_value_max_10km,climate_aet_annual_sum,0.16339119591657164,0.16339119591657164,1303,False,False,False,False,M4_GraphUnion_RF
3,Nevada,geochem1_usgs_Sb_value_mean_50km,climate_aet_annual_sum,0.16241031368662803,0.16241031368662803,1430,False,False,False,False,M4_GraphUnion_RF
3,Nevada,geochem1_usgs_W_value_mean_50km,climate_srad_annual_mean,0.15857354808694937,0.15857354808694937,1430,False,False,False,False,M4_GraphUnion_RF
3,Nevada,geochem1_usgs_W_value_p95_25km,climate_vap_annual_mean,-0.15809042635890366,0.15809042635890366,1379,False,False,False,False,M4_GraphUnion_RF
3,Nevada,geochem1_usgs_W_value_median_50km,climate_ws_annual_mean,-0.15752294382671156,0.15752294382671156,1430,False,False,False,False,M4_GraphUnion_RF
3,Nevada,geochem1_usgs_As_value_p95_5km,climate_aet_annual_sum,0.15515752822764212,0.15515752822764212,989,False,False,False,False,M4_GraphUnion_RF
3,Nevada,geochem1_usgs_Sb_value_mean_5km,climate_aet_pet_ratio_annual,0.15358642149566584,0.15358642149566584,740,False,False,False,False,M4_GraphUnion_RF
3,Nevada,geochem1_usgs_Sb_value_median_10km,climate_ws_annual_mean,-0.15328722145451337,0.15328722145451337,1059,False,False,False,False,M4_GraphUnion_RF
3,Nevada,geochem1_usgs_Mo_value_mean_10km,climate_vap_annual_mean,-0.1524142372118509,0.1524142372118509,1215,False,False,False,False,M4_GraphUnion_RF
3,Nevada,geochem1_usgs_Sb_value_p95_50km,climate_aet_annual_sum,0.15040755166538355,0.15040755166538355,1430,False,False,False,False,M4_GraphUnion_RF
3,Nevada,geochem1_usgs_As_value_max_5km,climate_vap_annual_mean,-0.1480725436229631,0.1480725436229631,989,False,False,False,False,M4_GraphUnion_RF
3,Nevada,geochem1_usgs_Sb_value_nearest,climate_aet_pet_ratio_annual,0.1431115559535297,0.1431115559535297,397,False,False,False,False,M4_GraphUnion_RF
3,Nevada,geochem2_nure_Mo_ppm_nearest,climate_dtr_annual_mean,-0.13833987134756684,0.13833987134756684,1430,False,False,False,False,M4_GraphUnion_RF
3,Nevada,geochem1_usgs_As_value_mean_5km,climate_aet_annual_sum,0.13564191452461116,0.13564191452461116,989,False,False,False,False,M4_GraphUnion_RF
3,Nevada,geochem1_usgs_Sb_value_p95_25km,climate_aet_annual_sum,0.13527151618964603,0.13527151618964603,1413,False,False,False,False,M4_GraphUnion_RF
3,Nevada,geochem1_usgs_Sb_value_max_10km,climate_aet_annual_sum,0.13481481584471333,0.13481481584471333,1059,False,False,False,False,M4_GraphUnion_RF
3,Nevada,geochem1_usgs_Sb_value_p95_10km,climate_aet_annual_sum,0.133646997833672,0.133646997833672,1059,False,False,False,False,M4_GraphUnion_RF
3,Nevada,geochem1_usgs_As_value_nearest,env_climate_swe_annual_mean_mm,-0.13066162544366036,0.13066162544366036,693,False,False,False,False,M4_GraphUnion_RF
3,Nevada,geochem1_usgs_Sb_value_mean_25km,climate_srad_annual_mean,0.1291341476890204,0.1291341476890204,1413,False,False,False,False,M4_GraphUnion_RF
3,Nevada,geochem1_usgs_As_value_median_5km,climate_aet_annual_sum,0.12627962386213762,0.12627962386213762,989,False,False,False,False,M4_GraphUnion_RF
3,Nevada,geochem1_usgs_W_value_median_25km,climate_srad_annual_mean,0.12180230667364342,0.12180230667364342,1379,False,False,False,False,M4_GraphUnion_RF
3,Nevada,geochem1_usgs_W_value_p95_50km,climate_ws_annual_mean,-0.11486592828112845,0.11486592828112845,1430,False,False,False,False,M4_GraphUnion_RF
3,Nevada,geochem1_usgs_Sb_value_mean_10km,climate_aet_annual_sum,0.09795542774910465,0.09795542774910465,1059,False,False,False,False,M4_GraphUnion_RF
4,California;Colorado;New Mexico;Oregon,geochem1_usgs_Pb_value_median_50km,climate_srad_annual_mean,0.5324251627620791,0.5324251627620791,1540,True,True,False,True,M4_Spearman_RF
4,California;Colorado;New Mexico;Oregon,geochem2_nure_Cu_ppm_p95_50km,climate_aet_annual_sum,0.5208368811664679,0.5208368811664679,906,True,True,False,True,M4_Spearman_RF
4,California;Colorado;New Mexico;Oregon,geochem2_nure_As_ppm_mean_25km,climate_vap_annual_mean,-0.5028377668371516,0.5028377668371516,776,True,True,True,True,M4_Spearman_RF
4,California;Colorado;New Mexico;Oregon,geochem2_nure_Pb_ppm_nearest,climate_srad_annual_mean,0.4960364954377185,0.4960364954377185,1540,True,True,False,True,M4_Spearman_RF
4,California;Colorado;New Mexico;Oregon,geochem2_nure_Bi_ppm_p95_50km,climate_aet_annual_sum,0.48690891775299827,0.48690891775299827,906,True,True,True,True,M4_Spearman_RF
4,California;Colorado;New Mexico;Oregon,geochem2_nure_As_ppm_p95_25km,climate_vap_annual_mean,-0.4860715988200669,0.4860715988200669,776,True,True,True,True,M4_Spearman_RF
4,California;Colorado;New Mexico;Oregon,geochem2_nure_As_ppm_p95_50km,climate_vap_annual_mean,-0.48178150668284836,0.48178150668284836,906,True,True,True,True,M4_Spearman_RF
4,California;Colorado;New Mexico;Oregon,geochem2_nure_Sb_ppm_nearest,climate_soil_annual_mean,-0.4809795593625439,0.4809795593625439,1540,True,True,True,True,M4_Spearman_RF
4,California;Colorado;New Mexico;Oregon,geochem2_nure_As_ppm_median_25km,climate_vap_annual_mean,-0.47111332450881355,0.47111332450881355,776,True,True,True,True,M4_Spearman_RF
4,California;Colorado;New Mexico;Oregon,geochem2_nure_As_ppm_mean_50km,climate_vap_annual_mean,-0.4692661025898001,0.4692661025898001,906,True,True,True,True,M4_Spearman_RF
4,California;Colorado;New Mexico;Oregon,geochem1_usgs_Pb_value_median_25km,climate_srad_annual_mean,0.46430905660592847,0.46430905660592847,1540,True,True,False,True,M4_Spearman_RF
4,California;Colorado;New Mexico;Oregon,geochem1_usgs_Cu_value_median_50km,climate_aet_annual_sum,0.4579538644276336,0.4579538644276336,1540,True,True,False,True,M4_Spearman_RF
4,California;Colorado;New Mexico;Oregon,geochem2_nure_Sb_ppm_p95_25km,climate_vap_annual_mean,-0.4579459233254482,0.4579459233254482,776,True,True,True,True,M4_Spearman_RF
4,California;Colorado;New Mexico;Oregon,geochem2_nure_Ag_ppm_median_25km,climate_srad_annual_mean,-0.4558040751681554,0.4558040751681554,776,True,True,True,True,M4_Spearman_RF
4,California;Colorado;New Mexico;Oregon,geochem2_nure_As_ppm_median_50km,climate_vap_annual_mean,-0.45407605731212336,0.45407605731212336,906,True,True,True,True,M4_Spearman_RF
4,California;Colorado;New Mexico;Oregon,geochem2_nure_Zn_ppm_median_25km,env_climate_pet_annual_mm,-0.44738420966799475,0.44738420966799475,776,True,True,False,True,M4_Spearman_RF
4,California;Colorado;New Mexico;Oregon,geochem2_nure_As_ppm_nearest,env_aridity_index_ppt_pet,-0.4468440614572581,0.4468440614572581,1540,True,True,True,True,M4_Spearman_RF
4,California;Colorado;New Mexico;Oregon,geochem2_nure_Zn_ppm_p95_50km,climate_soil_annual_mean,0.44604615316852775,0.44604615316852775,906,True,True,False,True,M4_Spearman_RF
4,California;Colorado;New Mexico;Oregon,geochem2_nure_Sb_ppm_mean_25km,climate_vap_annual_mean,-0.4442850691018705,0.4442850691018705,776,True,True,True,True,M4_Spearman_RF
4,California;Colorado;New Mexico;Oregon,geochem2_nure_Cu_ppm_p95_25km,climate_aet_annual_sum,0.44398310298582655,0.44398310298582655,776,True,True,False,True,M4_Spearman_RF
4,California;Colorado;New Mexico;Oregon,geochem2_nure_Cu_ppm_mean_50km,climate_aet_annual_sum,0.4391229330749042,0.4391229330749042,906,True,True,False,True,M4_Spearman_RF
4,California;Colorado;New Mexico;Oregon,geochem2_nure_W_ppm_nearest,climate_soil_annual_mean,-0.43892759509911095,0.43892759509911095,1540,True,True,False,True,M4_Spearman_RF
4,California;Colorado;New Mexico;Oregon,geochem2_nure_As_ppm_median_10km,climate_vap_annual_mean,-0.4361727444201177,0.4361727444201177,677,True,True,True,True,M4_Spearman_RF
4,California;Colorado;New Mexico;Oregon,geochem2_nure_As_ppm_mean_10km,climate_vap_annual_mean,-0.43605359779401043,0.43605359779401043,677,True,True,True,True,M4_Spearman_RF
4,California;Colorado;New Mexico;Oregon,geochem2_nure_Ag_ppm_mean_25km,climate_vap_annual_mean,-0.42981765152890866,0.42981765152890866,776,True,True,True,True,M4_Spearman_RF
4,California;Colorado;New Mexico;Oregon,geochem2_nure_Cu_ppm_p95_10km,climate_aet_annual_sum,0.42666588468240996,0.42666588468240996,677,True,True,False,True,M4_Spearman_RF
4,California;Colorado;New Mexico;Oregon,geochem2_nure_Ag_ppm_p95_25km,climate_vap_annual_mean,-0.42414507876055013,0.42414507876055013,776,True,True,True,True,M4_Spearman_RF
4,California;Colorado;New Mexico;Oregon,geochem2_nure_Ag_ppm_nearest,climate_soil_annual_mean,-0.42187647989840915,0.42187647989840915,1540,True,True,True,True,M4_Spearman_RF
4,California;Colorado;New Mexico;Oregon,geochem2_nure_Mo_ppm_median_25km,climate_vap_annual_mean,-0.4185302887208354,0.4185302887208354,776,True,True,False,True,M4_Spearman_RF
4,California;Colorado;New Mexico;Oregon,geochem2_nure_W_ppm_median_10km,climate_vap_annual_mean,-0.41658846016190865,0.41658846016190865,677,True,True,False,True,M4_Spearman_RF
4,California;Colorado;New Mexico;Oregon,geochem2_nure_Ag_ppm_median_50km,climate_srad_annual_mean,-0.41460937073871673,0.41460937073871673,906,True,True,True,True,M4_Spearman_RF
4,California;Colorado;New Mexico;Oregon,geochem2_nure_Zn_ppm_median_50km,env_climate_pet_annual_mm,-0.4145095898920218,0.4145095898920218,906,True,True,False,True,M4_Spearman_RF
4,California;Colorado;New Mexico;Oregon,geochem2_nure_Sb_ppm_mean_10km,climate_vap_annual_mean,-0.41448339693700453,0.41448339693700453,677,True,True,True,True,M4_Spearman_RF
4,California;Colorado;New Mexico;Oregon,geochem2_nure_Sb_ppm_median_10km,climate_vap_annual_mean,-0.4120669078224603,0.4120669078224603,677,True,True,True,True,M4_Spearman_RF
4,California;Colorado;New Mexico;Oregon,geochem2_nure_W_ppm_median_25km,climate_vap_annual_mean,-0.41179490697456733,0.41179490697456733,776,True,True,False,True,M4_Spearman_RF
4,California;Colorado;New Mexico;Oregon,geochem2_nure_Bi_ppm_p95_25km,climate_aet_annual_sum,0.4112844296114494,0.4112844296114494,776,True,True,True,True,M4_Spearman_RF
4,California;Colorado;New Mexico;Oregon,geochem2_nure_Sb_ppm_p95_50km,climate_vap_annual_mean,-0.41096701248157136,0.41096701248157136,906,True,True,True,True,M4_Spearman_RF
4,California;Colorado;New Mexico;Oregon,geochem2_nure_Au_sq_ppm_median_25km,climate_vap_annual_mean,-0.4101053783462641,0.4101053783462641,776,True,True,False,True,M4_Spearman_RF
4,California;Colorado;New Mexico;Oregon,geochem2_nure_As_ppm_max_25km,climate_vap_annual_mean,-0.4085230838838374,0.4085230838838374,776,True,True,True,True,M4_Spearman_RF
4,California;Colorado;New Mexico;Oregon,geochem2_nure_Cu_ppm_median_50km,climate_aet_annual_sum,0.4074188085366303,0.4074188085366303,906,True,True,False,True,M4_Spearman_RF
4,California;Colorado;New Mexico;Oregon,geochem1_usgs_As_value_max_50km,climate_vap_annual_mean,-0.40717843870829085,0.40717843870829085,1540,True,True,True,True,M4_Spearman_RF
4,California;Colorado;New Mexico;Oregon,geochem2_nure_Ag_ppm_median_10km,env_climate_pet_annual_mm,-0.4070610223399737,0.4070610223399737,677,True,True,True,True,M4_Spearman_RF
4,California;Colorado;New Mexico;Oregon,geochem1_usgs_As_value_max_25km,climate_vap_annual_mean,-0.4069969697566687,0.4069969697566687,1536,True,True,True,True,M4_Spearman_RF
4,California;Colorado;New Mexico;Oregon,geochem2_nure_Cu_ppm_max_10km,climate_aet_annual_sum,0.40592828548864657,0.40592828548864657,677,True,True,False,True,M4_Spearman_RF
4,California;Colorado;New Mexico;Oregon,geochem2_nure_Zn_ppm_p95_25km,climate_soil_annual_mean,0.4054116475926214,0.4054116475926214,776,True,True,False,True,M4_Spearman_RF
4,California;Colorado;New Mexico;Oregon,geochem2_nure_Cu_ppm_median_10km,climate_ws_annual_mean,-0.40518877660166536,0.40518877660166536,677,True,True,False,True,M4_Spearman_RF
4,California;Colorado;New Mexico;Oregon,geochem2_nure_As_ppm_p95_10km,climate_vap_annual_mean,-0.4046069146118646,0.4046069146118646,677,True,True,True,True,M4_Spearman_RF
4,California;Colorado;New Mexico;Oregon,geochem2_nure_Cu_ppm_median_25km,climate_aet_annual_sum,0.4039945096032426,0.4039945096032426,776,True,True,False,True,M4_Spearman_RF
4,California;Colorado;New Mexico;Oregon,geochem2_nure_Sb_ppm_median_25km,climate_vap_annual_mean,-0.3993667300471003,0.3993667300471003,776,True,True,True,True,M4_Spearman_RF
4,California;Colorado;New Mexico;Oregon,geochem2_nure_Zn_ppm_mean_25km,climate_vap_annual_mean,-0.3992532289830436,0.3992532289830436,776,True,True,False,True,M4_Spearman_RF
4,California;Colorado;New Mexico;Oregon,geochem2_nure_Sb_ppm_mean_50km,climate_vap_annual_mean,-0.39847399191373545,0.39847399191373545,906,True,True,True,True,M4_Spearman_RF
4,California;Colorado;New Mexico;Oregon,geochem2_nure_Cu_ppm_mean_25km,climate_aet_annual_sum,0.39682385591584335,0.39682385591584335,776,True,True,False,True,M4_Spearman_RF
4,California;Colorado;New Mexico;Oregon,geochem2_nure_Sb_ppm_p95_10km,climate_vap_annual_mean,-0.3900497792167565,0.3900497792167565,677,True,True,True,True,M4_Spearman_RF
4,California;Colorado;New Mexico;Oregon,geochem1_usgs_Au_value_max_10km,climate_vap_annual_mean,-0.38935165810634864,0.38935165810634864,1105,True,True,False,True,M4_Spearman_RF
4,California;Colorado;New Mexico;Oregon,geochem2_nure_Pb_ppm_median_50km,env_climate_swe_annual_mean_mm,-0.38891491508555126,0.38891491508555126,906,True,True,False,True,M4_Spearman_RF
4,California;Colorado;New Mexico;Oregon,geochem2_nure_W_ppm_mean_10km,climate_vap_annual_mean,-0.3877986496143399,0.3877986496143399,677,True,True,False,True,M4_Spearman_RF
4,California;Colorado;New Mexico;Oregon,geochem2_nure_Au_sq_ppm_median_50km,climate_srad_annual_mean,-0.3864474945018258,0.3864474945018258,906,True,True,False,True,M4_Spearman_RF
4,California;Colorado;New Mexico;Oregon,geochem2_nure_Sb_ppm_max_25km,climate_vap_annual_mean,-0.3860083535623229,0.3860083535623229,776,True,True,True,True,M4_Spearman_RF
4,California;Colorado;New Mexico;Oregon,geochem2_nure_Bi_ppm_median_50km,env_climate_swe_annual_mean_mm,-0.38436706987272334,0.38436706987272334,906,True,True,True,True,M4_Spearman_RF
4,California;Colorado;New Mexico;Oregon,geochem2_nure_Bi_ppm_mean_50km,climate_aet_annual_sum,0.38429550767081366,0.38429550767081366,906,True,True,True,True,M4_Spearman_RF
4,California;Colorado;New Mexico;Oregon,geochem1_usgs_As_value_mean_50km,climate_vap_annual_mean,-0.38425342580503313,0.38425342580503313,1540,True,True,True,True,M4_Spearman_RF
4,California;Colorado;New Mexico;Oregon,geochem2_nure_As_ppm_max_50km,climate_vap_annual_mean,-0.3830535855742038,0.3830535855742038,906,True,True,True,True,M4_Spearman_RF
4,California;Colorado;New Mexico;Oregon,geochem1_usgs_Cu_value_median_25km,climate_aet_annual_sum,0.38045687306709347,0.38045687306709347,1540,True,True,False,True,M4_Spearman_RF
4,California;Colorado;New Mexico;Oregon,geochem1_usgs_Pb_value_median_10km,climate_srad_annual_mean,0.3792769763610977,0.3792769763610977,1478,True,True,False,True,M4_Spearman_RF
4,California;Colorado;New Mexico;Oregon,geochem1_usgs_As_value_p95_25km,climate_vap_annual_mean,-0.37919545279493116,0.37919545279493116,1536,True,True,True,True,M4_Spearman_RF
4,California;Colorado;New Mexico;Oregon,geochem2_nure_Ag_ppm_mean_50km,climate_vap_annual_mean,-0.37820412380671997,0.37820412380671997,906,True,True,True,True,M4_Spearman_RF
4,California;Colorado;New Mexico;Oregon,geochem1_usgs_Au_value_median_10km,env_climate_swe_annual_mean_mm,0.37787906695191165,0.37787906695191165,1105,True,True,False,True,M4_Spearman_RF
4,California;Colorado;New Mexico;Oregon,geochem1_usgs_Pb_value_mean_50km,climate_water_balance_annual_mm,-0.37742715113118086,0.37742715113118086,1540,True,True,False,True,M4_Spearman_RF
4,California;Colorado;New Mexico;Oregon,geochem2_nure_Zn_ppm_mean_50km,climate_soil_annual_mean,0.3768517359599822,0.3768517359599822,906,True,True,False,True,M4_Spearman_RF
4,California;Colorado;New Mexico;Oregon,geochem1_usgs_Au_value_p95_10km,climate_vap_annual_mean,-0.3757016708779137,0.3757016708779137,1105,True,True,False,True,M4_Spearman_RF
4,California;Colorado;New Mexico;Oregon,geochem2_nure_Mo_ppm_median_10km,climate_vap_annual_mean,-0.3740959031673525,0.3740959031673525,677,True,True,False,True,M4_Spearman_RF
4,California;Colorado;New Mexico;Oregon,geochem1_usgs_As_value_max_10km,climate_vap_annual_mean,-0.37400808113106815,0.37400808113106815,1428,True,True,True,True,M4_Spearman_RF
4,California;Colorado;New Mexico;Oregon,geochem1_usgs_Cu_value_max_50km,climate_vpd_annual_mean,0.3739012425045765,0.3739012425045765,1540,True,True,False,True,M4_Spearman_RF
4,California;Colorado;New Mexico;Oregon,geochem1_usgs_As_value_mean_25km,climate_vap_annual_mean,-0.37367628564791056,0.37367628564791056,1536,True,True,True,True,M4_Spearman_RF
4,California;Colorado;New Mexico;Oregon,geochem1_usgs_Ag_value_max_25km,climate_vap_annual_mean,-0.3724208923508021,0.3724208923508021,1467,True,True,True,True,M4_Spearman_RF
4,California;Colorado;New Mexico;Oregon,geochem1_usgs_Au_value_max_25km,climate_vap_annual_mean,-0.3702337635836954,0.3702337635836954,1400,True,True,False,True,M4_Spearman_RF
4,California;Colorado;New Mexico;Oregon,geochem2_nure_Zn_ppm_max_50km,climate_soil_annual_mean,0.36962332293894246,0.36962332293894246,906,True,True,False,True,M4_Spearman_RF
4,California;Colorado;New Mexico;Oregon,geochem2_nure_Ag_ppm_max_50km,climate_soil_annual_mean,0.3691033352024271,0.3691033352024271,906,True,True,True,True,M4_Spearman_RF
4,California;Colorado;New Mexico;Oregon,geochem1_usgs_As_value_p95_50km,climate_vap_annual_mean,-0.36880147570264604,0.36880147570264604,1540,True,True,True,True,M4_Spearman_RF
4,California;Colorado;New Mexico;Oregon,geochem2_nure_Ag_ppm_p95_50km,climate_vap_annual_mean,-0.3685515637083412,0.3685515637083412,906,True,True,True,True,M4_Spearman_RF
4,California;Colorado;New Mexico;Oregon,geochem2_nure_W_ppm_mean_25km,climate_vap_annual_mean,-0.36813441776519273,0.36813441776519273,776,True,True,False,True,M4_Spearman_RF
4,California;Colorado;New Mexico;Oregon,geochem1_usgs_Au_value_median_25km,env_climate_swe_annual_mean_mm,0.3680066824104187,0.3680066824104187,1400,True,True,False,True,M4_Spearman_RF
4,California;Colorado;New Mexico;Oregon,geochem1_usgs_Ag_value_mean_25km,climate_vap_annual_mean,-0.3672938312745076,0.3672938312745076,1467,True,True,True,True,M4_Spearman_RF
4,California;Colorado;New Mexico;Oregon,geochem2_nure_Ag_ppm_mean_10km,climate_tmax_annual_mean,-0.3670200961195775,0.3670200961195775,677,True,True,True,True,M4_Spearman_RF
4,California;Colorado;New Mexico;Oregon,geochem1_usgs_Ag_value_max_10km,climate_vap_annual_mean,-0.3649525523095051,0.3649525523095051,1175,True,True,True,True,M4_Spearman_RF
4,California;Colorado;New Mexico;Oregon,geochem2_nure_Cu_ppm_mean_10km,climate_aet_annual_sum,0.3641565172556224,0.3641565172556224,677,True,True,False,True,M4_Spearman_RF
4,California;Colorado;New Mexico;Oregon,geochem2_nure_Mo_ppm_mean_10km,climate_vap_annual_mean,-0.3639483862210778,0.3639483862210778,677,True,True,False,True,M4_Spearman_RF
4,California;Colorado;New Mexico;Oregon,geochem1_usgs_As_value_p95_10km,climate_vap_annual_mean,-0.36386042777330063,0.36386042777330063,1428,True,True,True,True,M4_Spearman_RF
4,California;Colorado;New Mexico;Oregon,geochem2_nure_Sb_ppm_max_50km,climate_vap_annual_mean,-0.3616033280998315,0.3616033280998315,906,True,True,True,True,M4_Spearman_RF
4,California;Colorado;New Mexico;Oregon,geochem2_nure_As_ppm_max_10km,climate_vap_annual_mean,-0.36061361102647765,0.36061361102647765,677,True,True,True,True,M4_Spearman_RF
4,California;Colorado;New Mexico;Oregon,geochem1_usgs_Pb_value_max_50km,climate_srad_annual_mean,0.3602498120901234,0.3602498120901234,1540,True,True,False,True,M4_Spearman_RF
4,California;Colorado;New Mexico;Oregon,geochem2_nure_Zn_ppm_max_10km,env_aridity_index_ppt_pet,0.3599098884258954,0.3599098884258954,677,True,True,False,True,M4_Spearman_RF
4,California;Colorado;New Mexico;Oregon,geochem2_nure_Sb_ppm_max_10km,climate_vap_annual_mean,-0.359725083388567,0.359725083388567,677,True,True,True,True,M4_Spearman_RF
4,California;Colorado;New Mexico;Oregon,geochem2_nure_Au_sq_ppm_nearest,climate_q_annual_sum,-0.3592572246236579,0.3592572246236579,1296,True,True,False,True,M4_Spearman_RF
4,California;Colorado;New Mexico;Oregon,geochem2_nure_Au_sq_ppm_median_10km,climate_vap_annual_mean,-0.358963712107255,0.358963712107255,676,True,True,False,True,M4_Spearman_RF
4,California;Colorado;New Mexico;Oregon,geochem1_usgs_Cu_value_mean_50km,climate_vpd_annual_mean,0.357340333274192,0.357340333274192,1540,True,True,False,True,M4_Spearman_RF
4,California;Colorado;New Mexico;Oregon,geochem2_nure_Mo_ppm_p95_25km,climate_vap_annual_mean,-0.35420989708500245,0.35420989708500245,776,True,True,False,True,M4_Spearman_RF
4,California;Colorado;New Mexico;Oregon,geochem1_usgs_Au_value_median_50km,env_climate_swe_annual_mean_mm,0.353770972037419,0.353770972037419,1507,True,True,False,True,M4_Spearman_RF
4,California;Colorado;New Mexico;Oregon,geochem1_usgs_As_value_p95_5km,climate_vap_annual_mean,-0.35288074412226134,0.35288074412226134,1151,True,True,True,True,M4_Spearman_RF
4,California;Colorado;New Mexico;Oregon,geochem2_nure_Ag_ppm_p95_10km,climate_vap_annual_mean,-0.35253097298733016,0.35253097298733016,677,True,True,True,True,M4_Spearman_RF
4,California;Colorado;New Mexico;Oregon,geochem2_nure_Zn_ppm_median_10km,env_climate_pet_annual_mm,-0.35160308073640983,0.35160308073640983,677,True,True,False,True,M4_Spearman_RF
4,California;Colorado;New Mexico;Oregon,geochem1_usgs_Au_value_mean_10km,climate_vap_annual_mean,-0.35119563324940123,0.35119563324940123,1105,True,True,False,True,M4_Spearman_RF
4,California;Colorado;New Mexico;Oregon,geochem2_nure_Zn_ppm_p95_10km,climate_soil_annual_mean,0.3500435515521996,0.3500435515521996,677,True,True,False,True,M4_Spearman_RF
4,California;Colorado;New Mexico;Oregon,geochem1_usgs_As_value_max_5km,climate_vap_annual_mean,-0.349725618765622,0.349725618765622,1151,True,True,True,True,M4_Spearman_RF
4,California;Colorado;New Mexico;Oregon,geochem1_usgs_As_value_mean_10km,climate_vap_annual_mean,-0.3497215005090737,0.3497215005090737,1428,True,True,True,True,M4_Spearman_RF
4,California;Colorado;New Mexico;Oregon,geochem2_nure_Zn_ppm_max_25km,climate_soil_annual_mean,0.3476236549302518,0.3476236549302518,776,True,True,False,True,M4_Spearman_RF
4,California;Colorado;New Mexico;Oregon,geochem2_nure_Ag_ppm_max_25km,climate_vap_annual_mean,-0.34652104297417,0.34652104297417,776,True,True,True,True,M4_Spearman_RF
4,California;Colorado;New Mexico;Oregon,geochem2_nure_Re_ppm_median_50km,climate_srad_annual_mean,0.34639862740826055,0.34639862740826055,870,True,True,False,True,M4_Spearman_RF
4,California;Colorado;New Mexico;Oregon,geochem2_nure_Mo_ppm_p95_10km,climate_vap_annual_mean,-0.3459586727203846,0.3459586727203846,677,True,True,False,True,M4_Spearman_RF
4,California;Colorado;New Mexico;Oregon,geochem2_nure_Mo_ppm_median_50km,climate_vap_annual_mean,-0.34398524807481895,0.34398524807481895,906,True,True,False,True,M4_Spearman_RF
4,California;Colorado;New Mexico;Oregon,geochem1_usgs_Sb_value_max_10km,climate_vap_annual_mean,-0.3423093972461835,0.3423093972461835,1226,True,True,True,True,M4_Spearman_RF
4,California;Colorado;New Mexico;Oregon,geochem2_nure_Pb_ppm_p95_50km,climate_aet_annual_sum,0.34202888055269176,0.34202888055269176,906,True,True,False,True,M4_Spearman_RF
4,California;Colorado;New Mexico;Oregon,geochem1_usgs_Au_value_median_5km,env_climate_swe_annual_mean_mm,0.3420203088507698,0.3420203088507698,784,True,True,False,True,M4_Spearman_RF
4,California;Colorado;New Mexico;Oregon,geochem1_usgs_Pb_value_p95_50km,climate_water_balance_annual_mm,-0.3405568364927974,0.3405568364927974,1540,True,True,False,True,M4_Spearman_RF
4,California;Colorado;New Mexico;Oregon,geochem1_usgs_Au_value_p95_25km,climate_vap_annual_mean,-0.34009010671339196,0.34009010671339196,1400,True,True,False,True,M4_Spearman_RF
4,California;Colorado;New Mexico;Oregon,geochem2_nure_Bi_ppm_p95_10km,climate_aet_annual_sum,0.33982457987875186,0.33982457987875186,677,True,True,True,True,M4_Spearman_RF
4,California;Colorado;New Mexico;Oregon,geochem1_usgs_Bi_value_max_25km,climate_vap_annual_mean,-0.33954747905516114,0.33954747905516114,1514,True,True,True,True,M4_Spearman_RF
4,California;Colorado;New Mexico;Oregon,geochem1_usgs_Ag_value_p95_25km,climate_vap_annual_mean,-0.33906990340717025,0.33906990340717025,1467,True,True,True,True,M4_Spearman_RF
4,California;Colorado;New Mexico;Oregon,geochem1_usgs_Au_value_mean_25km,climate_vap_annual_mean,-0.33828453457361024,0.33828453457361024,1400,True,True,False,True,M4_Spearman_RF
4,California;Colorado;New Mexico;Oregon,geochem1_usgs_Sb_value_max_25km,climate_vap_annual_mean,-0.33772389082526755,0.33772389082526755,1530,True,True,True,True,M4_Spearman_RF
4,California;Colorado;New Mexico;Oregon,geochem1_usgs_Mo_value_max_50km,climate_srad_annual_mean,0.3370564153282968,0.3370564153282968,1540,True,True,False,True,M4_Spearman_RF
4,California;Colorado;New Mexico;Oregon,geochem1_usgs_As_value_mean_5km,climate_vap_annual_mean,-0.3360878039526748,0.3360878039526748,1151,True,True,True,True,M4_Spearman_RF
4,California;Colorado;New Mexico;Oregon,geochem1_usgs_Ag_value_p95_10km,climate_vap_annual_mean,-0.3360727630912246,0.3360727630912246,1175,True,True,True,True,M4_Spearman_RF
4,California;Colorado;New Mexico;Oregon,geochem1_usgs_Ag_value_mean_50km,climate_vap_annual_mean,-0.3360612121004387,0.3360612121004387,1538,True,True,True,True,M4_Spearman_RF
4,California;Colorado;New Mexico;Oregon,geochem2_nure_Ag_ppm_max_10km,climate_tmax_annual_mean,-0.332797221553482,0.332797221553482,677,True,True,True,True,M4_Spearman_RF
4,California;Colorado;New Mexico;Oregon,geochem1_usgs_Ag_value_mean_10km,climate_vap_annual_mean,-0.3320069670884765,0.3320069670884765,1175,True,True,True,True,M4_Spearman_RF
4,California;Colorado;New Mexico;Oregon,geochem1_usgs_W_value_max_25km,climate_vap_annual_mean,-0.3317405004399939,0.3317405004399939,1503,True,True,False,True,M4_Spearman_RF
4,California;Colorado;New Mexico;Oregon,geochem1_usgs_Sb_value_p95_10km,climate_vap_annual_mean,-0.33013799121035686,0.33013799121035686,1226,True,True,True,True,M4_Spearman_RF
4,California;Colorado;New Mexico;Oregon,geochem2_nure_Bi_ppm_max_10km,climate_aet_annual_sum,0.32999017516314283,0.32999017516314283,677,True,True,True,True,M4_Spearman_RF
4,California;Colorado;New Mexico;Oregon,geochem2_nure_Mo_ppm_mean_25km,climate_vap_annual_mean,-0.32640991398368285,0.32640991398368285,776,True,True,False,True,M4_Spearman_RF
4,California;Colorado;New Mexico;Oregon,geochem1_usgs_Sb_value_p95_5km,climate_vap_annual_mean,-0.32595245060378086,0.32595245060378086,939,True,True,True,True,M4_Spearman_RF
4,California;Colorado;New Mexico;Oregon,geochem1_usgs_Sb_value_max_5km,climate_vap_annual_mean,-0.32564659709862337,0.32564659709862337,939,True,True,True,True,M4_Spearman_RF
4,California;Colorado;New Mexico;Oregon,geochem2_nure_W_ppm_median_50km,climate_vap_annual_mean,-0.32457394196883027,0.32457394196883027,906,True,True,False,True,M4_Spearman_RF
4,California;Colorado;New Mexico;Oregon,geochem1_usgs_Sb_value_mean_10km,climate_vap_annual_mean,-0.3239863594138368,0.3239863594138368,1226,True,True,True,True,M4_Spearman_RF
4,California;Colorado;New Mexico;Oregon,geochem1_usgs_Sb_value_mean_5km,climate_vap_annual_mean,-0.3212881828270217,0.3212881828270217,939,True,True,True,True,M4_Spearman_RF
4,California;Colorado;New Mexico;Oregon,geochem2_nure_Bi_ppm_mean_25km,climate_aet_annual_sum,0.3212714899750046,0.3212714899750046,776,True,True,True,True,M4_Spearman_RF
4,California;Colorado;New Mexico;Oregon,geochem1_usgs_Ag_value_p95_50km,climate_vap_annual_mean,-0.320612307449764,0.320612307449764,1538,True,True,True,True,M4_Spearman_RF
4,California;Colorado;New Mexico;Oregon,geochem2_nure_Mo_ppm_max_10km,climate_vap_annual_mean,-0.31824821512843116,0.31824821512843116,677,True,True,False,True,M4_Spearman_RF
4,California;Colorado;New Mexico;Oregon,geochem1_usgs_Sb_value_p95_25km,climate_vap_annual_mean,-0.31802342858435967,0.31802342858435967,1530,True,True,True,True,M4_Spearman_RF
4,California;Colorado;New Mexico;Oregon,geochem1_usgs_Bi_value_mean_25km,climate_vap_annual_mean,-0.31599575451088163,0.31599575451088163,1514,True,True,True,True,M4_Spearman_RF
4,California;Colorado;New Mexico;Oregon,geochem1_usgs_Pb_value_mean_25km,climate_srad_annual_mean,0.3155120641230359,0.3155120641230359,1540,True,True,False,True,M4_Spearman_RF
4,California;Colorado;New Mexico;Oregon,geochem1_usgs_Ag_value_max_50km,climate_vap_annual_mean,-0.314466362460596,0.314466362460596,1538,True,True,True,True,M4_Spearman_RF
4,California;Colorado;New Mexico;Oregon,geochem1_usgs_Sb_value_nearest,climate_vap_annual_mean,-0.31389528375699594,0.31389528375699594,532,True,True,True,True,M4_Spearman_RF
4,California;Colorado;New Mexico;Oregon,geochem2_nure_Cu_ppm_nearest,env_climate_swe_annual_mean_mm,-0.31220623418159243,0.31220623418159243,1540,True,True,False,True,M4_Spearman_RF
4,California;Colorado;New Mexico;Oregon,geochem2_nure_Zn_ppm_mean_10km,climate_vap_annual_mean,-0.3117189638170719,0.3117189638170719,677,True,True,False,True,M4_Spearman_RF
4,California;Colorado;New Mexico;Oregon,geochem1_usgs_Pb_value_nearest,climate_srad_annual_mean,0.3113975916170092,0.3113975916170092,1133,True,True,False,True,M4_Spearman_RF
4,California;Colorado;New Mexico;Oregon,geochem2_nure_Cu_ppm_max_50km,climate_aet_annual_sum,0.31081511316108834,0.31081511316108834,906,True,True,False,True,M4_Spearman_RF
4,California;Colorado;New Mexico;Oregon,geochem1_usgs_W_value_mean_25km,climate_vap_annual_mean,-0.3105253590967129,0.3105253590967129,1503,True,True,False,True,M4_Spearman_RF
4,California;Colorado;New Mexico;Oregon,geochem1_usgs_As_value_median_25km,climate_vap_annual_mean,-0.31008239818131794,0.31008239818131794,1536,True,True,True,True,M4_Spearman_RF
4,California;Colorado;New Mexico;Oregon,geochem1_usgs_Zn_value_max_50km,climate_srad_annual_mean,0.30986171833757786,0.30986171833757786,1540,True,True,False,True,M4_Spearman_RF
4,California;Colorado;New Mexico;Oregon,geochem1_usgs_Pb_value_max_25km,climate_vap_annual_mean,-0.3085881255693454,0.3085881255693454,1540,True,True,False,True,M4_Spearman_RF
4,California;Colorado;New Mexico;Oregon,geochem1_usgs_Sb_value_mean_25km,climate_vap_annual_mean,-0.30765488743475267,0.30765488743475267,1530,True,True,True,True,M4_Spearman_RF
4,California;Colorado;New Mexico;Oregon,geochem2_nure_Sb_ppm_median_50km,climate_srad_annual_mean,-0.30662402004692146,0.30662402004692146,906,True,True,True,True,M4_Spearman_RF
4,California;Colorado;New Mexico;Oregon,geochem1_usgs_As_value_median_50km,climate_vap_annual_mean,-0.30650123568228843,0.30650123568228843,1540,True,True,True,True,M4_Spearman_RF
4,California;Colorado;New Mexico;Oregon,geochem1_usgs_W_value_max_50km,climate_water_balance_annual_mm,-0.3063446565672551,0.3063446565672551,1540,True,True,False,True,M4_Spearman_RF
4,California;Colorado;New Mexico;Oregon,geochem2_nure_Cu_ppm_max_25km,climate_aet_annual_sum,0.3061453113848748,0.3061453113848748,776,True,True,False,True,M4_Spearman_RF
4,California;Colorado;New Mexico;Oregon,geochem1_usgs_Pb_value_median_5km,climate_srad_annual_mean,0.306003876381082,0.306003876381082,1259,True,True,False,True,M4_Spearman_RF
4,California;Colorado;New Mexico;Oregon,geochem1_usgs_Ag_value_median_5km,climate_tmax_annual_mean,-0.3052314523188,0.3052314523188,933,True,True,True,True,M4_Spearman_RF
4,California;Colorado;New Mexico;Oregon,geochem2_nure_Re_ppm_max_50km,climate_vap_annual_mean,-0.3048039780972069,0.3048039780972069,870,True,True,False,True,M4_Spearman_RF
4,California;Colorado;New Mexico;Oregon,geochem1_usgs_Sb_value_median_5km,climate_vap_annual_mean,-0.30419723485606953,0.30419723485606953,939,True,True,True,True,M4_Spearman_RF
4,California;Colorado;New Mexico;Oregon,geochem1_usgs_Zn_value_max_25km,climate_vap_annual_mean,-0.3038175566103483,0.3038175566103483,1540,True,True,False,True,M4_Spearman_RF
4,California;Colorado;New Mexico;Oregon,geochem1_usgs_Bi_value_max_50km,climate_vpd_annual_mean,0.3035219580658329,0.3035219580658329,1540,True,True,True,True,M4_Spearman_RF
4,California;Colorado;New Mexico;Oregon,geochem2_nure_Bi_ppm_median_25km,env_climate_swe_annual_mean_mm,-0.30159593376730953,0.30159593376730953,776,True,True,True,True,M4_Spearman_RF
4,California;Colorado;New Mexico;Oregon,geochem2_nure_W_ppm_p95_10km,climate_vap_annual_mean,-0.30049506047433877,0.30049506047433877,677,True,True,False,True,M4_Spearman_RF
4,California;Colorado;New Mexico;Oregon,geochem2_nure_W_ppm_mean_50km,climate_vap_annual_mean,-0.2987788424778467,0.2987788424778467,906,False,False,False,False,M4_Spearman_RF
4,California;Colorado;New Mexico;Oregon,geochem1_usgs_W_value_mean_10km,climate_vap_annual_mean,-0.29876928337562036,0.29876928337562036,1126,False,False,False,False,M4_Spearman_RF
4,California;Colorado;New Mexico;Oregon,geochem1_usgs_W_value_median_5km,climate_vap_annual_mean,-0.29871203299312127,0.29871203299312127,799,False,False,False,False,M4_Spearman_RF
4,California;Colorado;New Mexico;Oregon,geochem1_usgs_Mo_value_max_25km,climate_vap_annual_mean,-0.2983668995267694,0.2983668995267694,1538,False,False,False,False,M4_Spearman_RF
4,California;Colorado;New Mexico;Oregon,geochem1_usgs_Re_value_median_50km,climate_aet_annual_sum,0.2979076686877229,0.2979076686877229,1008,False,False,False,False,M4_Spearman_RF
4,California;Colorado;New Mexico;Oregon,geochem1_usgs_Ag_value_median_50km,env_climate_pet_annual_mm,-0.2978612440218704,0.2978612440218704,1538,False,False,True,False,M4_Spearman_RF
4,California;Colorado;New Mexico;Oregon,geochem1_usgs_Zn_value_median_25km,climate_aet_annual_sum,0.2977334165356132,0.2977334165356132,1540,False,False,False,False,M4_Spearman_RF
4,California;Colorado;New Mexico;Oregon,geochem2_nure_Pb_ppm_max_10km,climate_aet_annual_sum,0.2973730496343174,0.2973730496343174,677,False,False,False,False,M4_Spearman_RF
4,California;Colorado;New Mexico;Oregon,geochem1_usgs_Sb_value_max_50km,climate_vap_annual_mean,-0.2969880003997926,0.2969880003997926,1540,False,False,True,False,M4_Spearman_RF
4,California;Colorado;New Mexico;Oregon,geochem1_usgs_Pb_value_max_10km,climate_vap_annual_mean,-0.2946275278139283,0.2946275278139283,1478,False,False,False,False,M4_Spearman_RF
4,California;Colorado;New Mexico;Oregon,geochem1_usgs_Au_value_max_50km,climate_aet_pet_ratio_annual,-0.29353953557993084,0.29353953557993084,1507,False,False,False,False,M4_Spearman_RF
4,California;Colorado;New Mexico;Oregon,geochem1_usgs_Sb_value_mean_50km,climate_vap_annual_mean,-0.29292174578689406,0.29292174578689406,1540,False,False,True,False,M4_Spearman_RF
4,California;Colorado;New Mexico;Oregon,geochem1_usgs_W_value_median_10km,climate_vap_annual_mean,-0.2928968550909749,0.2928968550909749,1126,False,False,False,False,M4_Spearman_RF
4,California;Colorado;New Mexico;Oregon,geochem1_usgs_W_value_max_10km,climate_vap_annual_mean,-0.2927760476170726,0.2927760476170726,1126,False,False,False,False,M4_Spearman_RF
4,California;Colorado;New Mexico;Oregon,geochem1_usgs_Mo_value_max_10km,climate_vap_annual_mean,-0.2916790297252262,0.2916790297252262,1354,False,False,False,False,M4_Spearman_RF
4,California;Colorado;New Mexico;Oregon,geochem1_usgs_Zn_value_median_50km,climate_aet_annual_sum,0.2913309410399344,0.2913309410399344,1540,False,False,False,False,M4_Spearman_RF
4,California;Colorado;New Mexico;Oregon,geochem1_usgs_Pb_value_p95_25km,climate_water_balance_annual_mm,-0.29035561073135185,0.29035561073135185,1540,False,False,False,False,M4_Spearman_RF
4,California;Colorado;New Mexico;Oregon,geochem1_usgs_Sb_value_p95_50km,climate_vap_annual_mean,-0.28987772191171235,0.28987772191171235,1540,False,False,True,False,M4_Spearman_RF
4,California;Colorado;New Mexico;Oregon,geochem2_nure_W_ppm_p95_25km,climate_vap_annual_mean,-0.2825202936691889,0.2825202936691889,776,False,False,False,False,M4_Spearman_RF
4,California;Colorado;New Mexico;Oregon,geochem1_usgs_As_value_median_5km,climate_vap_annual_mean,-0.2818831957336288,0.2818831957336288,1151,False,False,True,False,M4_Spearman_RF
4,California;Colorado;New Mexico;Oregon,geochem1_usgs_Ag_value_median_10km,env_climate_swe_annual_mean_mm,0.2818781687641412,0.2818781687641412,1175,False,False,True,False,M4_Spearman_RF
4,California;Colorado;New Mexico;Oregon,geochem2_nure_Au_sq_ppm_mean_10km,climate_vap_annual_mean,-0.28048246714075203,0.28048246714075203,676,False,False,False,False,M4_Spearman_RF
4,California;Colorado;New Mexico;Oregon,geochem1_usgs_Pb_value_mean_10km,climate_srad_annual_mean,0.2790810588649687,0.2790810588649687,1478,False,False,False,False,M4_Spearman_RF
4,California;Colorado;New Mexico;Oregon,geochem1_usgs_W_value_p95_10km,climate_vap_annual_mean,-0.27885838103052785,0.27885838103052785,1126,False,False,False,False,M4_Spearman_RF
4,California;Colorado;New Mexico;Oregon,geochem2_nure_Pb_ppm_median_25km,env_climate_swe_annual_mean_mm,-0.2783854490890886,0.2783854490890886,776,False,False,False,False,M4_Spearman_RF
4,California;Colorado;New Mexico;Oregon,geochem1_usgs_W_value_median_25km,climate_vap_annual_mean,-0.27691310061109153,0.27691310061109153,1503,False,False,False,False,M4_Spearman_RF
4,California;Colorado;New Mexico;Oregon,geochem1_usgs_W_value_mean_5km,climate_tmin_annual_mean,-0.2762925836037239,0.2762925836037239,799,False,False,False,False,M4_Spearman_RF
4,California;Colorado;New Mexico;Oregon,geochem2_nure_Mo_ppm_p95_50km,climate_vap_annual_mean,-0.2762036254676466,0.2762036254676466,906,False,False,False,False,M4_Spearman_RF
4,California;Colorado;New Mexico;Oregon,geochem1_usgs_Au_value_p95_50km,climate_vap_annual_mean,-0.274178523985398,0.274178523985398,1507,False,False,False,False,M4_Spearman_RF
4,California;Colorado;New Mexico;Oregon,geochem1_usgs_Zn_value_max_10km,climate_vap_annual_mean,-0.2739059227240905,0.2739059227240905,1484,False,False,False,False,M4_Spearman_RF
4,California;Colorado;New Mexico;Oregon,geochem1_usgs_Sb_value_median_50km,env_climate_ppt_annual_mm,-0.2734181353288182,0.2734181353288182,1540,False,False,True,False,M4_Spearman_RF
4,California;Colorado;New Mexico;Oregon,geochem2_nure_W_ppm_max_10km,climate_tmax_annual_mean,-0.27189091478054633,0.27189091478054633,677,False,False,False,False,M4_Spearman_RF
4,California;Colorado;New Mexico;Oregon,geochem1_usgs_Bi_value_p95_25km,climate_vap_annual_mean,-0.2705372434776681,0.2705372434776681,1514,False,False,True,False,M4_Spearman_RF
4,California;Colorado;New Mexico;Oregon,geochem1_usgs_Mo_value_p95_10km,climate_vap_annual_mean,-0.2699747182386712,0.2699747182386712,1354,False,False,False,False,M4_Spearman_RF
4,California;Colorado;New Mexico;Oregon,geochem1_usgs_As_value_median_10km,climate_vap_annual_mean,-0.269532656128729,0.269532656128729,1428,False,False,True,False,M4_Spearman_RF
4,California;Colorado;New Mexico;Oregon,geochem1_usgs_Zn_value_median_10km,env_climate_ppt_annual_mm,0.2659622786066898,0.2659622786066898,1484,False,False,False,False,M4_Spearman_RF
4,California;Colorado;New Mexico;Oregon,geochem1_usgs_Mo_value_p95_25km,climate_vap_annual_mean,-0.26547541626655136,0.26547541626655136,1538,False,False,False,False,M4_Spearman_RF
4,California;Colorado;New Mexico;Oregon,geochem2_nure_Bi_ppm_max_50km,climate_aet_annual_sum,0.26462519106661,0.26462519106661,906,False,False,True,False,M4_Spearman_RF
4,California;Colorado;New Mexico;Oregon,geochem2_nure_Re_ppm_mean_50km,climate_aet_annual_sum,0.2643858503518461,0.2643858503518461,870,False,False,False,False,M4_Spearman_RF
4,California;Colorado;New Mexico;Oregon,geochem1_usgs_Cu_value_p95_50km,env_climate_swe_annual_mean_mm,-0.26081977612395785,0.26081977612395785,1540,False,False,False,False,M4_Spearman_RF
4,California;Colorado;New Mexico;Oregon,geochem1_usgs_Sb_value_median_10km,climate_vap_annual_mean,-0.2593305709766184,0.2593305709766184,1226,False,False,True,False,M4_Spearman_RF
4,California;Colorado;New Mexico;Oregon,geochem1_usgs_Re_value_max_25km,climate_tmax_annual_mean,-0.2579711121727751,0.2579711121727751,759,False,False,False,False,M4_Spearman_RF
4,California;Colorado;New Mexico;Oregon,geochem2_nure_Bi_ppm_mean_10km,climate_aet_annual_sum,0.2569624707259623,0.2569624707259623,677,False,False,True,False,M4_Spearman_RF
4,California;Colorado;New Mexico;Oregon,geochem1_usgs_W_value_p95_5km,climate_tmin_annual_mean,-0.2567976579419855,0.2567976579419855,799,False,False,False,False,M4_Spearman_RF
4,California;Colorado;New Mexico;Oregon,geochem1_usgs_Mo_value_p95_50km,climate_srad_annual_mean,0.2555181622841001,0.2555181622841001,1540,False,False,False,False,M4_Spearman_RF
4,California;Colorado;New Mexico;Oregon,geochem2_nure_Bi_ppm_max_25km,climate_aet_annual_sum,0.2552352519436614,0.2552352519436614,776,False,False,True,False,M4_Spearman_RF
4,California;Colorado;New Mexico;Oregon,geochem2_nure_Pb_ppm_p95_25km,climate_aet_annual_sum,0.2551243020196513,0.2551243020196513,776,False,False,False,False,M4_Spearman_RF
4,California;Colorado;New Mexico;Oregon,geochem1_usgs_Re_value_mean_50km,climate_aet_annual_sum,0.25465594976236955,0.25465594976236955,1008,False,False,False,False,M4_Spearman_RF
4,California;Colorado;New Mexico;Oregon,geochem1_usgs_Ag_value_max_5km,climate_vap_annual_mean,-0.25440457400185046,0.25440457400185046,933,False,False,True,False,M4_Spearman_RF
4,California;Colorado;New Mexico;Oregon,geochem2_nure_Pb_ppm_p95_10km,climate_aet_annual_sum,0.2540214241398139,0.2540214241398139,677,False,False,False,False,M4_Spearman_RF
4,California;Colorado;New Mexico;Oregon,geochem1_usgs_W_value_p95_25km,climate_vap_annual_mean,-0.2524974192699092,0.2524974192699092,1503,False,False,False,False,M4_Spearman_RF
4,California;Colorado;New Mexico;Oregon,geochem1_usgs_W_value_max_5km,climate_tmin_annual_mean,-0.2513187380614817,0.2513187380614817,799,False,False,False,False,M4_Spearman_RF
4,California;Colorado;New Mexico;Oregon,geochem1_usgs_Bi_value_mean_50km,climate_soil_annual_mean,-0.25111202644556047,0.25111202644556047,1540,False,False,True,False,M4_Spearman_RF
4,California;Colorado;New Mexico;Oregon,geochem1_usgs_Mo_value_mean_50km,climate_srad_annual_mean,0.2510401557604102,0.2510401557604102,1540,False,False,False,False,M4_Spearman_RF
4,California;Colorado;New Mexico;Oregon,geochem2_nure_Pb_ppm_mean_50km,climate_aet_annual_sum,0.2506614686065014,0.2506614686065014,906,False,False,False,False,M4_Spearman_RF
4,California;Colorado;New Mexico;Oregon,geochem1_usgs_Ag_value_p95_5km,climate_vap_annual_mean,-0.2490991273262829,0.2490991273262829,933,False,False,True,False,M4_Spearman_RF
4,California;Colorado;New Mexico;Oregon,geochem2_nure_Re_ppm_median_25km,climate_srad_annual_mean,0.24848440788365012,0.24848440788365012,696,False,False,False,False,M4_Spearman_RF
4,California;Colorado;New Mexico;Oregon,geochem1_usgs_Re_value_max_50km,climate_tmax_annual_mean,-0.24606687552189238,0.24606687552189238,1008,False,False,False,False,M4_Spearman_RF
4,California;Colorado;New Mexico;Oregon,geochem2_nure_Au_sq_ppm_mean_25km,climate_vap_annual_mean,-0.24550605052743935,0.24550605052743935,776,False,False,False,False,M4_Spearman_RF
4,California;Colorado;New Mexico;Oregon,geochem1_usgs_Cu_value_max_25km,climate_vpd_annual_mean,0.24548427940287054,0.24548427940287054,1540,False,False,False,False,M4_Spearman_RF
4,California;Colorado;New Mexico;Oregon,geochem1_usgs_Re_value_p95_50km,climate_aet_annual_sum,0.24393844668625916,0.24393844668625916,1008,False,False,False,False,M4_Spearman_RF
4,California;Colorado;New Mexico;Oregon,geochem1_usgs_Mo_value_median_50km,climate_tmin_annual_mean,-0.24260948488897496,0.24260948488897496,1540,False,False,False,False,M4_Spearman_RF
4,California;Colorado;New Mexico;Oregon,geochem2_nure_Re_ppm_p95_50km,climate_aet_annual_sum,0.24216199607747585,0.24216199607747585,870,False,False,False,False,M4_Spearman_RF
4,California;Colorado;New Mexico;Oregon,geochem2_nure_Bi_ppm_nearest,climate_srad_annual_mean,0.2413348334686571,0.2413348334686571,1540,False,False,True,False,M4_Spearman_RF
4,California;Colorado;New Mexico;Oregon,geochem1_usgs_Pb_value_mean_5km,climate_srad_annual_mean,0.2411789410268361,0.2411789410268361,1259,False,False,False,False,M4_Spearman_RF
4,California;Colorado;New Mexico;Oregon,geochem1_usgs_Mo_value_mean_25km,climate_vap_annual_mean,-0.24093756628946852,0.24093756628946852,1538,False,False,False,False,M4_Spearman_RF
4,California;Colorado;New Mexico;Oregon,geochem1_usgs_Ag_value_mean_5km,env_climate_tmean_annual_c,-0.24010336416550193,0.24010336416550193,933,False,False,True,False,M4_Spearman_RF
4,California;Colorado;New Mexico;Oregon,geochem1_usgs_Ag_value_median_25km,climate_tmin_annual_mean,-0.23901811174340867,0.23901811174340867,1467,False,False,True,False,M4_Spearman_RF
4,California;Colorado;New Mexico;Oregon,geochem1_usgs_Cu_value_median_10km,climate_aet_annual_sum,0.23855048769225456,0.23855048769225456,1474,False,False,False,False,M4_Spearman_RF
4,California;Colorado;New Mexico;Oregon,geochem2_nure_Bi_ppm_median_10km,env_climate_swe_annual_mean_mm,-0.23851161583925523,0.23851161583925523,677,False,False,True,False,M4_Spearman_RF
4,California;Colorado;New Mexico;Oregon,geochem2_nure_W_ppm_max_50km,climate_vap_annual_mean,-0.23774157465122214,0.23774157465122214,906,False,False,False,False,M4_Spearman_RF
4,California;Colorado;New Mexico;Oregon,geochem1_usgs_W_value_mean_50km,climate_vap_annual_mean,-0.23735340562259266,0.23735340562259266,1540,False,False,False,False,M4_Spearman_RF
4,California;Colorado;New Mexico;Oregon,geochem1_usgs_Au_value_mean_50km,climate_q_annual_sum,-0.2362018173820041,0.2362018173820041,1507,False,False,False,False,M4_Spearman_RF
4,California;Colorado;New Mexico;Oregon,geochem2_nure_Re_ppm_max_25km,climate_tmax_annual_mean,-0.23461965282534272,0.23461965282534272,696,False,False,False,False,M4_Spearman_RF
4,California;Colorado;New Mexico;Oregon,geochem1_usgs_Sb_value_median_25km,climate_vap_annual_mean,-0.23332511475898923,0.23332511475898923,1530,False,False,True,False,M4_Spearman_RF
4,California;Colorado;New Mexico;Oregon,geochem2_nure_W_ppm_max_25km,climate_vap_annual_mean,-0.23233735652586027,0.23233735652586027,776,False,False,False,False,M4_Spearman_RF
4,California;Colorado;New Mexico;Oregon,geochem1_usgs_Pb_value_p95_10km,climate_srad_annual_mean,0.23191217922096272,0.23191217922096272,1478,False,False,False,False,M4_Spearman_RF
4,California;Colorado;New Mexico;Oregon,geochem2_nure_Pb_ppm_median_10km,climate_srad_annual_mean,0.23119071863874463,0.23119071863874463,677,False,False,False,False,M4_Spearman_RF
4,California;Colorado;New Mexico;Oregon,geochem1_usgs_Au_value_mean_5km,env_climate_swe_annual_mean_mm,0.23066269213477356,0.23066269213477356,784,False,False,False,False,M4_Spearman_RF
4,California;Colorado;New Mexico;Oregon,geochem1_usgs_As_value_nearest,climate_vap_annual_mean,-0.22510221751117743,0.22510221751117743,828,False,False,True,False,M4_Spearman_RF
4,California;Colorado;New Mexico;Oregon,geochem2_nure_Au_sq_ppm_p95_10km,climate_vap_annual_mean,-0.22376619195202305,0.22376619195202305,676,False,False,False,False,M4_Spearman_RF
4,California;Colorado;New Mexico;Oregon,geochem1_usgs_Cu_value_median_5km,climate_aet_annual_sum,0.22306749663405642,0.22306749663405642,1180,False,False,False,False,M4_Spearman_RF
4,California;Colorado;New Mexico;Oregon,geochem2_nure_Pb_ppm_max_25km,climate_aet_annual_sum,0.22186295749113094,0.22186295749113094,776,False,False,False,False,M4_Spearman_RF
4,California;Colorado;New Mexico;Oregon,geochem1_usgs_Mo_value_median_5km,climate_tmax_annual_mean,-0.22176695684326586,0.22176695684326586,1043,False,False,False,False,M4_Spearman_RF
4,California;Colorado;New Mexico;Oregon,geochem1_usgs_Au_value_p95_5km,climate_vap_annual_mean,-0.22108065103472074,0.22108065103472074,784,False,False,False,False,M4_Spearman_RF
4,California;Colorado;New Mexico;Oregon,geochem1_usgs_Mo_value_median_25km,climate_tmin_annual_mean,-0.22098345486290855,0.22098345486290855,1538,False,False,False,False,M4_Spearman_RF
4,California;Colorado;New Mexico;Oregon,geochem1_usgs_Zn_value_median_5km,climate_aet_annual_sum,0.21971620165399983,0.21971620165399983,1286,False,False,False,False,M4_Spearman_RF
4,California;Colorado;New Mexico;Oregon,geochem1_usgs_Cu_value_mean_25km,climate_srad_annual_mean,0.21966731265022918,0.21966731265022918,1540,False,False,False,False,M4_Spearman_RF
4,California;Colorado;New Mexico;Oregon,geochem1_usgs_Au_value_max_5km,climate_vap_annual_mean,-0.2195603461138169,0.2195603461138169,784,False,False,False,False,M4_Spearman_RF
4,California;Colorado;New Mexico;Oregon,geochem1_usgs_Mo_value_mean_10km,climate_vap_annual_mean,-0.21792326514422236,0.21792326514422236,1354,False,False,False,False,M4_Spearman_RF
4,California;Colorado;New Mexico;Oregon,geochem2_nure_Au_sq_ppm_p95_25km,climate_vap_annual_mean,-0.2170151336206316,0.2170151336206316,776,False,False,False,False,M4_Spearman_RF
4,California;Colorado;New Mexico;Oregon,geochem1_usgs_Cu_value_nearest,climate_aet_annual_sum,0.2152788511293698,0.2152788511293698,967,False,False,False,False,M4_Spearman_RF
4,California;Colorado;New Mexico;Oregon,geochem1_usgs_Bi_value_max_10km,climate_vap_annual_mean,-0.21435127990641756,0.21435127990641756,1146,False,False,True,False,M4_Spearman_RF
4,California;Colorado;New Mexico;Oregon,geochem2_nure_Pb_ppm_mean_10km,climate_dtr_annual_mean,-0.21382120273127014,0.21382120273127014,677,False,False,False,False,M4_Spearman_RF
4,California;Colorado;New Mexico;Oregon,geochem2_nure_Pb_ppm_max_50km,climate_aet_annual_sum,0.21322821907363984,0.21322821907363984,906,False,False,False,False,M4_Spearman_RF
4,California;Colorado;New Mexico;Oregon,geochem2_nure_Mo_ppm_max_25km,climate_vap_annual_mean,-0.21313320134703434,0.21313320134703434,776,False,False,False,False,M4_Spearman_RF
4,California;Colorado;New Mexico;Oregon,geochem2_nure_Au_sq_ppm_max_10km,climate_tmax_annual_mean,-0.21306568491043287,0.21306568491043287,676,False,False,False,False,M4_Spearman_RF
4,California;Colorado;New Mexico;Oregon,geochem1_usgs_Zn_value_p95_10km,climate_vap_annual_mean,-0.2117838902494865,0.2117838902494865,1484,False,False,False,False,M4_Spearman_RF
4,California;Colorado;New Mexico;Oregon,geochem1_usgs_Zn_value_mean_50km,climate_srad_annual_mean,0.21076960212437212,0.21076960212437212,1540,False,False,False,False,M4_Spearman_RF
4,California;Colorado;New Mexico;Oregon,geochem1_usgs_Pb_value_p95_5km,climate_srad_annual_mean,0.21032759900643463,0.21032759900643463,1259,False,False,False,False,M4_Spearman_RF
4,California;Colorado;New Mexico;Oregon,geochem1_usgs_Zn_value_max_5km,climate_vap_annual_mean,-0.20925385616357753,0.20925385616357753,1286,False,False,False,False,M4_Spearman_RF
4,California;Colorado;New Mexico;Oregon,geochem1_usgs_Pb_value_max_5km,climate_vap_annual_mean,-0.20796996806058754,0.20796996806058754,1259,False,False,False,False,M4_Spearman_RF
4,California;Colorado;New Mexico;Oregon,geochem2_nure_Mo_ppm_mean_50km,climate_vap_annual_mean,-0.20644208772137518,0.20644208772137518,906,False,False,False,False,M4_Spearman_RF
4,California;Colorado;New Mexico;Oregon,geochem1_usgs_Zn_value_nearest,climate_q_annual_sum,0.2061155317968372,0.2061155317968372,1243,False,False,False,False,M4_Spearman_RF
4,California;Colorado;New Mexico;Oregon,geochem1_usgs_Mo_value_max_5km,climate_vap_annual_mean,-0.20576359046266374,0.20576359046266374,1043,False,False,False,False,M4_Spearman_RF
4,California;Colorado;New Mexico;Oregon,geochem1_usgs_Bi_value_p95_50km,climate_soil_annual_mean,-0.20261593288073992,0.20261593288073992,1540,False,False,True,False,M4_Spearman_RF
4,California;Colorado;New Mexico;Oregon,geochem2_nure_Pb_ppm_mean_25km,climate_aet_annual_sum,0.1996119937864418,0.1996119937864418,776,False,False,False,False,M4_Spearman_RF
4,California;Colorado;New Mexico;Oregon,geochem1_usgs_Mo_value_p95_5km,climate_vap_annual_mean,-0.1944297657866004,0.1944297657866004,1043,False,False,False,False,M4_Spearman_RF
4,California;Colorado;New Mexico;Oregon,geochem2_nure_W_ppm_p95_50km,climate_aet_annual_sum,0.1933861990878434,0.1933861990878434,906,False,False,False,False,M4_Spearman_RF
4,California;Colorado;New Mexico;Oregon,geochem1_usgs_Zn_value_mean_5km,env_climate_ppt_annual_mm,0.18953566581090325,0.18953566581090325,1286,False,False,False,False,M4_Spearman_RF
4,California;Colorado;New Mexico;Oregon,geochem1_usgs_W_value_median_50km,climate_vap_annual_mean,-0.18880373926776536,0.18880373926776536,1540,False,False,False,False,M4_Spearman_RF
4,California;Colorado;New Mexico;Oregon,geochem1_usgs_Bi_value_mean_10km,climate_vap_annual_mean,-0.18817843020390745,0.18817843020390745,1146,False,False,True,False,M4_Spearman_RF
4,California;Colorado;New Mexico;Oregon,geochem1_usgs_Zn_value_p95_5km,climate_vap_annual_mean,-0.1873325815308585,0.1873325815308585,1286,False,False,False,False,M4_Spearman_RF
4,California;Colorado;New Mexico;Oregon,geochem1_usgs_Zn_value_mean_25km,climate_vap_annual_mean,-0.18548644710765302,0.18548644710765302,1540,False,False,False,False,M4_Spearman_RF
4,California;Colorado;New Mexico;Oregon,geochem1_usgs_Bi_value_p95_10km,climate_vap_annual_mean,-0.185473681728367,0.185473681728367,1146,False,False,True,False,M4_Spearman_RF
4,California;Colorado;New Mexico;Oregon,geochem1_usgs_Re_value_p95_25km,climate_dtr_annual_mean,-0.1796699600087128,0.1796699600087128,759,False,False,False,False,M4_Spearman_RF
4,California;Colorado;New Mexico;Oregon,geochem1_usgs_Zn_value_mean_10km,env_climate_ppt_annual_mm,0.17814327963963203,0.17814327963963203,1484,False,False,False,False,M4_Spearman_RF
4,California;Colorado;New Mexico;Oregon,geochem2_nure_Au_sq_ppm_max_25km,climate_tmax_annual_mean,-0.17791914595889416,0.17791914595889416,776,False,False,False,False,M4_Spearman_RF
4,California;Colorado;New Mexico;Oregon,geochem1_usgs_Mo_value_median_10km,env_climate_tmean_annual_c,-0.17766624335084297,0.17766624335084297,1354,False,False,False,False,M4_Spearman_RF
4,California;Colorado;New Mexico;Oregon,geochem1_usgs_Bi_value_max_5km,climate_aet_pet_ratio_annual,0.17274260566986768,0.17274260566986768,854,False,False,True,False,M4_Spearman_RF
4,California;Colorado;New Mexico;Oregon,geochem1_usgs_Bi_value_p95_5km,climate_aet_pet_ratio_annual,0.17166262191645237,0.17166262191645237,854,False,False,True,False,M4_Spearman_RF
4,California;Colorado;New Mexico;Oregon,geochem1_usgs_Mo_value_mean_5km,env_climate_tmean_annual_c,-0.17153606793366052,0.17153606793366052,1043,False,False,False,False,M4_Spearman_RF
4,California;Colorado;New Mexico;Oregon,geochem1_usgs_Zn_value_p95_25km,climate_vap_annual_mean,-0.17036816786391187,0.17036816786391187,1540,False,False,False,False,M4_Spearman_RF
4,California;Colorado;New Mexico;Oregon,geochem1_usgs_Bi_value_median_5km,env_climate_ppt_annual_mm,0.16972457488752088,0.16972457488752088,854,False,False,True,False,M4_Spearman_RF
4,California;Colorado;New Mexico;Oregon,geochem1_usgs_Cu_value_max_10km,climate_vap_annual_mean,-0.16828939370012574,0.16828939370012574,1474,False,False,False,False,M4_Spearman_RF
4,California;Colorado;New Mexico;Oregon,geochem1_usgs_Mo_value_nearest,climate_dtr_annual_mean,-0.16705837500197754,0.16705837500197754,590,False,False,False,False,M4_Spearman_RF
4,California;Colorado;New Mexico;Oregon,geochem2_nure_Zn_ppm_nearest,climate_vap_annual_mean,-0.1630851903717792,0.1630851903717792,1540,False,False,False,False,M4_Spearman_RF
4,California;Colorado;New Mexico;Oregon,geochem1_usgs_Re_value_median_25km,climate_ws_annual_mean,-0.16258054697413518,0.16258054697413518,759,False,False,False,False,M4_Spearman_RF
4,California;Colorado;New Mexico;Oregon,geochem1_usgs_Bi_value_median_50km,climate_srad_annual_mean,0.16247818415660364,0.16247818415660364,1540,False,False,True,False,M4_Spearman_RF
4,California;Colorado;New Mexico;Oregon,geochem1_usgs_Bi_value_median_25km,climate_srad_annual_mean,0.1559282500414887,0.1559282500414887,1514,False,False,True,False,M4_Spearman_RF
4,California;Colorado;New Mexico;Oregon,geochem1_usgs_Bi_value_mean_5km,climate_dtr_annual_mean,-0.15563990018019241,0.15563990018019241,854,False,False,True,False,M4_Spearman_RF
4,California;Colorado;New Mexico;Oregon,geochem1_usgs_Re_value_mean_25km,climate_dtr_annual_mean,-0.1542390819750479,0.1542390819750479,759,False,False,False,False,M4_Spearman_RF
4,California;Colorado;New Mexico;Oregon,geochem1_usgs_Cu_value_mean_5km,climate_aet_annual_sum,0.15244020648229056,0.15244020648229056,1180,False,False,False,False,M4_Spearman_RF
4,California;Colorado;New Mexico;Oregon,geochem2_nure_Mo_ppm_nearest,climate_vap_annual_mean,-0.14930626824684404,0.14930626824684404,1540,False,False,False,False,M4_Spearman_RF
4,California;Colorado;New Mexico;Oregon,geochem1_usgs_Zn_value_p95_50km,climate_ws_annual_mean,0.1483797894858445,0.1483797894858445,1540,False,False,False,False,M4_Spearman_RF
4,California;Colorado;New Mexico;Oregon,geochem2_nure_Au_sq_ppm_mean_50km,climate_srad_annual_mean,-0.1391414863024386,0.1391414863024386,906,False,False,False,False,M4_Spearman_RF
4,California;Colorado;New Mexico;Oregon,geochem1_usgs_Cu_value_p95_5km,climate_aet_annual_sum,0.1386591891461558,0.1386591891461558,1180,False,False,False,False,M4_Spearman_RF
4,California;Colorado;New Mexico;Oregon,geochem1_usgs_Cu_value_p95_25km,climate_srad_annual_mean,0.13814542038754696,0.13814542038754696,1540,False,False,False,False,M4_Spearman_RF
4,California;Colorado;New Mexico;Oregon,geochem1_usgs_Bi_value_median_10km,climate_aet_annual_sum,0.13786764981975336,0.13786764981975336,1146,False,False,True,False,M4_Spearman_RF
4,California;Colorado;New Mexico;Oregon,geochem2_nure_Re_ppm_mean_25km,climate_aet_annual_sum,0.13565151555729307,0.13565151555729307,696,False,False,False,False,M4_Spearman_RF
4,California;Colorado;New Mexico;Oregon,geochem2_nure_Au_sq_ppm_max_50km,climate_dtr_annual_mean,-0.13502771762488902,0.13502771762488902,906,False,False,False,False,M4_Spearman_RF
4,California;Colorado;New Mexico;Oregon,geochem2_nure_Re_ppm_p95_25km,climate_vap_annual_mean,-0.13488064030673108,0.13488064030673108,696,False,False,False,False,M4_Spearman_RF
4,California;Colorado;New Mexico;Oregon,geochem1_usgs_Cu_value_mean_10km,env_climate_swe_annual_mean_mm,-0.12858472467957888,0.12858472467957888,1474,False,False,False,False,M4_Spearman_RF
4,California;Colorado;New Mexico;Oregon,geochem1_usgs_W_value_p95_50km,climate_vap_annual_mean,-0.1236534095004414,0.1236534095004414,1540,False,False,False,False,M4_Spearman_RF
4,California;Colorado;New Mexico;Oregon,geochem1_usgs_Cu_value_max_5km,env_climate_ppt_annual_mm,0.12156155014928614,0.12156155014928614,1180,False,False,False,False,M4_Spearman_RF
4,California;Colorado;New Mexico;Oregon,geochem2_nure_Au_sq_ppm_p95_50km,climate_aet_annual_sum,-0.11772325627202863,0.11772325627202863,906,False,False,False,False,M4_Spearman_RF
4,California;Colorado;New Mexico;Oregon,geochem1_usgs_Cu_value_p95_10km,climate_aet_annual_sum,0.11101386898016723,0.11101386898016723,1474,False,False,False,False,M4_Spearman_RF
4,California;Colorado;New Mexico;Oregon,geochem2_nure_Mo_ppm_max_50km,climate_aet_annual_sum,0.1011451827246102,0.1011451827246102,906,False,False,False,False,M4_Spearman_RF
4,California;Colorado;New Mexico;Oregon,geochem1_usgs_Pb_value_median_50km,climate_srad_annual_mean,0.5324251627620791,0.5324251627620791,1540,True,True,False,True,M4_GraphUnion_RF
4,California;Colorado;New Mexico;Oregon,geochem2_nure_Cu_ppm_p95_50km,climate_aet_annual_sum,0.5208368811664679,0.5208368811664679,906,True,True,False,True,M4_GraphUnion_RF
4,California;Colorado;New Mexico;Oregon,geochem2_nure_As_ppm_mean_25km,climate_vap_annual_mean,-0.5028377668371516,0.5028377668371516,776,True,True,True,True,M4_GraphUnion_RF
4,California;Colorado;New Mexico;Oregon,geochem2_nure_Pb_ppm_nearest,climate_srad_annual_mean,0.4960364954377185,0.4960364954377185,1540,True,True,False,True,M4_GraphUnion_RF
4,California;Colorado;New Mexico;Oregon,geochem2_nure_Bi_ppm_p95_50km,climate_aet_annual_sum,0.48690891775299827,0.48690891775299827,906,True,True,True,True,M4_GraphUnion_RF
4,California;Colorado;New Mexico;Oregon,geochem2_nure_As_ppm_p95_25km,climate_vap_annual_mean,-0.4860715988200669,0.4860715988200669,776,True,True,True,True,M4_GraphUnion_RF
4,California;Colorado;New Mexico;Oregon,geochem2_nure_As_ppm_p95_50km,climate_vap_annual_mean,-0.48178150668284836,0.48178150668284836,906,True,True,True,True,M4_GraphUnion_RF
4,California;Colorado;New Mexico;Oregon,geochem2_nure_Sb_ppm_nearest,climate_soil_annual_mean,-0.4809795593625439,0.4809795593625439,1540,True,True,True,True,M4_GraphUnion_RF
4,California;Colorado;New Mexico;Oregon,geochem2_nure_As_ppm_median_25km,climate_vap_annual_mean,-0.47111332450881355,0.47111332450881355,776,True,True,True,True,M4_GraphUnion_RF
4,California;Colorado;New Mexico;Oregon,geochem2_nure_As_ppm_mean_50km,climate_vap_annual_mean,-0.4692661025898001,0.4692661025898001,906,True,True,True,True,M4_GraphUnion_RF
4,California;Colorado;New Mexico;Oregon,geochem1_usgs_Pb_value_median_25km,climate_srad_annual_mean,0.46430905660592847,0.46430905660592847,1540,True,True,False,True,M4_GraphUnion_RF
4,California;Colorado;New Mexico;Oregon,geochem1_usgs_Cu_value_median_50km,climate_aet_annual_sum,0.4579538644276336,0.4579538644276336,1540,True,True,False,True,M4_GraphUnion_RF
4,California;Colorado;New Mexico;Oregon,geochem2_nure_Sb_ppm_p95_25km,climate_vap_annual_mean,-0.4579459233254482,0.4579459233254482,776,True,True,True,True,M4_GraphUnion_RF
4,California;Colorado;New Mexico;Oregon,geochem2_nure_Ag_ppm_median_25km,climate_srad_annual_mean,-0.4558040751681554,0.4558040751681554,776,True,True,True,True,M4_GraphUnion_RF
4,California;Colorado;New Mexico;Oregon,geochem2_nure_As_ppm_median_50km,climate_vap_annual_mean,-0.45407605731212336,0.45407605731212336,906,True,True,True,True,M4_GraphUnion_RF
4,California;Colorado;New Mexico;Oregon,geochem2_nure_Zn_ppm_median_25km,env_climate_pet_annual_mm,-0.44738420966799475,0.44738420966799475,776,True,True,False,True,M4_GraphUnion_RF
4,California;Colorado;New Mexico;Oregon,geochem2_nure_As_ppm_nearest,env_aridity_index_ppt_pet,-0.4468440614572581,0.4468440614572581,1540,True,True,True,True,M4_GraphUnion_RF
4,California;Colorado;New Mexico;Oregon,geochem2_nure_Zn_ppm_p95_50km,climate_soil_annual_mean,0.44604615316852775,0.44604615316852775,906,True,True,False,True,M4_GraphUnion_RF
4,California;Colorado;New Mexico;Oregon,geochem2_nure_Sb_ppm_mean_25km,climate_vap_annual_mean,-0.4442850691018705,0.4442850691018705,776,True,True,True,True,M4_GraphUnion_RF
4,California;Colorado;New Mexico;Oregon,geochem2_nure_Cu_ppm_p95_25km,climate_aet_annual_sum,0.44398310298582655,0.44398310298582655,776,True,True,False,True,M4_GraphUnion_RF
4,California;Colorado;New Mexico;Oregon,geochem2_nure_Cu_ppm_mean_50km,climate_aet_annual_sum,0.4391229330749042,0.4391229330749042,906,True,True,False,True,M4_GraphUnion_RF
4,California;Colorado;New Mexico;Oregon,geochem2_nure_W_ppm_nearest,climate_soil_annual_mean,-0.43892759509911095,0.43892759509911095,1540,True,True,False,True,M4_GraphUnion_RF
4,California;Colorado;New Mexico;Oregon,geochem2_nure_As_ppm_median_10km,climate_vap_annual_mean,-0.4361727444201177,0.4361727444201177,677,True,True,True,True,M4_GraphUnion_RF
4,California;Colorado;New Mexico;Oregon,geochem2_nure_As_ppm_mean_10km,climate_vap_annual_mean,-0.43605359779401043,0.43605359779401043,677,True,True,True,True,M4_GraphUnion_RF
4,California;Colorado;New Mexico;Oregon,geochem2_nure_Ag_ppm_mean_25km,climate_vap_annual_mean,-0.42981765152890866,0.42981765152890866,776,True,True,True,True,M4_GraphUnion_RF
4,California;Colorado;New Mexico;Oregon,geochem2_nure_Cu_ppm_p95_10km,climate_aet_annual_sum,0.42666588468240996,0.42666588468240996,677,True,True,False,True,M4_GraphUnion_RF
4,California;Colorado;New Mexico;Oregon,geochem2_nure_Ag_ppm_p95_25km,climate_vap_annual_mean,-0.42414507876055013,0.42414507876055013,776,True,True,True,True,M4_GraphUnion_RF
4,California;Colorado;New Mexico;Oregon,geochem2_nure_Ag_ppm_nearest,climate_soil_annual_mean,-0.42187647989840915,0.42187647989840915,1540,True,True,True,True,M4_GraphUnion_RF
4,California;Colorado;New Mexico;Oregon,geochem2_nure_Mo_ppm_median_25km,climate_vap_annual_mean,-0.4185302887208354,0.4185302887208354,776,True,True,False,True,M4_GraphUnion_RF
4,California;Colorado;New Mexico;Oregon,geochem2_nure_W_ppm_median_10km,climate_vap_annual_mean,-0.41658846016190865,0.41658846016190865,677,True,True,False,True,M4_GraphUnion_RF
4,California;Colorado;New Mexico;Oregon,geochem2_nure_Ag_ppm_median_50km,climate_srad_annual_mean,-0.41460937073871673,0.41460937073871673,906,True,True,True,True,M4_GraphUnion_RF
4,California;Colorado;New Mexico;Oregon,geochem2_nure_Zn_ppm_median_50km,env_climate_pet_annual_mm,-0.4145095898920218,0.4145095898920218,906,True,True,False,True,M4_GraphUnion_RF
4,California;Colorado;New Mexico;Oregon,geochem2_nure_Sb_ppm_mean_10km,climate_vap_annual_mean,-0.41448339693700453,0.41448339693700453,677,True,True,True,True,M4_GraphUnion_RF
4,California;Colorado;New Mexico;Oregon,geochem2_nure_Sb_ppm_median_10km,climate_vap_annual_mean,-0.4120669078224603,0.4120669078224603,677,True,True,True,True,M4_GraphUnion_RF
4,California;Colorado;New Mexico;Oregon,geochem2_nure_W_ppm_median_25km,climate_vap_annual_mean,-0.41179490697456733,0.41179490697456733,776,True,True,False,True,M4_GraphUnion_RF
4,California;Colorado;New Mexico;Oregon,geochem2_nure_Bi_ppm_p95_25km,climate_aet_annual_sum,0.4112844296114494,0.4112844296114494,776,True,True,True,True,M4_GraphUnion_RF
4,California;Colorado;New Mexico;Oregon,geochem2_nure_Sb_ppm_p95_50km,climate_vap_annual_mean,-0.41096701248157136,0.41096701248157136,906,True,True,True,True,M4_GraphUnion_RF
4,California;Colorado;New Mexico;Oregon,geochem2_nure_Au_sq_ppm_median_25km,climate_vap_annual_mean,-0.4101053783462641,0.4101053783462641,776,True,True,False,True,M4_GraphUnion_RF
4,California;Colorado;New Mexico;Oregon,geochem2_nure_As_ppm_max_25km,climate_vap_annual_mean,-0.4085230838838374,0.4085230838838374,776,True,True,True,True,M4_GraphUnion_RF
4,California;Colorado;New Mexico;Oregon,geochem2_nure_Cu_ppm_median_50km,climate_aet_annual_sum,0.4074188085366303,0.4074188085366303,906,True,True,False,True,M4_GraphUnion_RF
4,California;Colorado;New Mexico;Oregon,geochem1_usgs_As_value_max_50km,climate_vap_annual_mean,-0.40717843870829085,0.40717843870829085,1540,True,True,True,True,M4_GraphUnion_RF
4,California;Colorado;New Mexico;Oregon,geochem2_nure_Ag_ppm_median_10km,env_climate_pet_annual_mm,-0.4070610223399737,0.4070610223399737,677,True,True,True,True,M4_GraphUnion_RF
4,California;Colorado;New Mexico;Oregon,geochem1_usgs_As_value_max_25km,climate_vap_annual_mean,-0.4069969697566687,0.4069969697566687,1536,True,True,True,True,M4_GraphUnion_RF
4,California;Colorado;New Mexico;Oregon,geochem2_nure_Cu_ppm_max_10km,climate_aet_annual_sum,0.40592828548864657,0.40592828548864657,677,True,True,False,True,M4_GraphUnion_RF
4,California;Colorado;New Mexico;Oregon,geochem2_nure_Zn_ppm_p95_25km,climate_soil_annual_mean,0.4054116475926214,0.4054116475926214,776,True,True,False,True,M4_GraphUnion_RF
4,California;Colorado;New Mexico;Oregon,geochem2_nure_Cu_ppm_median_10km,climate_ws_annual_mean,-0.40518877660166536,0.40518877660166536,677,True,True,False,True,M4_GraphUnion_RF
4,California;Colorado;New Mexico;Oregon,geochem2_nure_As_ppm_p95_10km,climate_vap_annual_mean,-0.4046069146118646,0.4046069146118646,677,True,True,True,True,M4_GraphUnion_RF
4,California;Colorado;New Mexico;Oregon,geochem2_nure_Cu_ppm_median_25km,climate_aet_annual_sum,0.4039945096032426,0.4039945096032426,776,True,True,False,True,M4_GraphUnion_RF
4,California;Colorado;New Mexico;Oregon,geochem2_nure_Sb_ppm_median_25km,climate_vap_annual_mean,-0.3993667300471003,0.3993667300471003,776,True,True,True,True,M4_GraphUnion_RF
4,California;Colorado;New Mexico;Oregon,geochem2_nure_Zn_ppm_mean_25km,climate_vap_annual_mean,-0.3992532289830436,0.3992532289830436,776,True,True,False,True,M4_GraphUnion_RF
4,California;Colorado;New Mexico;Oregon,geochem2_nure_Sb_ppm_mean_50km,climate_vap_annual_mean,-0.39847399191373545,0.39847399191373545,906,True,True,True,True,M4_GraphUnion_RF
4,California;Colorado;New Mexico;Oregon,geochem2_nure_Cu_ppm_mean_25km,climate_aet_annual_sum,0.39682385591584335,0.39682385591584335,776,True,True,False,True,M4_GraphUnion_RF
4,California;Colorado;New Mexico;Oregon,geochem2_nure_Sb_ppm_p95_10km,climate_vap_annual_mean,-0.3900497792167565,0.3900497792167565,677,True,True,True,True,M4_GraphUnion_RF
4,California;Colorado;New Mexico;Oregon,geochem1_usgs_Au_value_max_10km,climate_vap_annual_mean,-0.38935165810634864,0.38935165810634864,1105,True,True,False,True,M4_GraphUnion_RF
4,California;Colorado;New Mexico;Oregon,geochem2_nure_Pb_ppm_median_50km,env_climate_swe_annual_mean_mm,-0.38891491508555126,0.38891491508555126,906,True,True,False,True,M4_GraphUnion_RF
4,California;Colorado;New Mexico;Oregon,geochem2_nure_W_ppm_mean_10km,climate_vap_annual_mean,-0.3877986496143399,0.3877986496143399,677,True,True,False,True,M4_GraphUnion_RF
4,California;Colorado;New Mexico;Oregon,geochem2_nure_Au_sq_ppm_median_50km,climate_srad_annual_mean,-0.3864474945018258,0.3864474945018258,906,True,True,False,True,M4_GraphUnion_RF
4,California;Colorado;New Mexico;Oregon,geochem2_nure_Sb_ppm_max_25km,climate_vap_annual_mean,-0.3860083535623229,0.3860083535623229,776,True,True,True,True,M4_GraphUnion_RF
4,California;Colorado;New Mexico;Oregon,geochem2_nure_Bi_ppm_median_50km,env_climate_swe_annual_mean_mm,-0.38436706987272334,0.38436706987272334,906,True,True,True,True,M4_GraphUnion_RF
4,California;Colorado;New Mexico;Oregon,geochem2_nure_Bi_ppm_mean_50km,climate_aet_annual_sum,0.38429550767081366,0.38429550767081366,906,True,True,True,True,M4_GraphUnion_RF
4,California;Colorado;New Mexico;Oregon,geochem1_usgs_As_value_mean_50km,climate_vap_annual_mean,-0.38425342580503313,0.38425342580503313,1540,True,True,True,True,M4_GraphUnion_RF
4,California;Colorado;New Mexico;Oregon,geochem2_nure_As_ppm_max_50km,climate_vap_annual_mean,-0.3830535855742038,0.3830535855742038,906,True,True,True,True,M4_GraphUnion_RF
4,California;Colorado;New Mexico;Oregon,geochem1_usgs_Cu_value_median_25km,climate_aet_annual_sum,0.38045687306709347,0.38045687306709347,1540,True,True,False,True,M4_GraphUnion_RF
4,California;Colorado;New Mexico;Oregon,geochem1_usgs_Pb_value_median_10km,climate_srad_annual_mean,0.3792769763610977,0.3792769763610977,1478,True,True,False,True,M4_GraphUnion_RF
4,California;Colorado;New Mexico;Oregon,geochem1_usgs_As_value_p95_25km,climate_vap_annual_mean,-0.37919545279493116,0.37919545279493116,1536,True,True,True,True,M4_GraphUnion_RF
4,California;Colorado;New Mexico;Oregon,geochem2_nure_Ag_ppm_mean_50km,climate_vap_annual_mean,-0.37820412380671997,0.37820412380671997,906,True,True,True,True,M4_GraphUnion_RF
4,California;Colorado;New Mexico;Oregon,geochem1_usgs_Au_value_median_10km,env_climate_swe_annual_mean_mm,0.37787906695191165,0.37787906695191165,1105,True,True,False,True,M4_GraphUnion_RF
4,California;Colorado;New Mexico;Oregon,geochem1_usgs_Pb_value_mean_50km,climate_water_balance_annual_mm,-0.37742715113118086,0.37742715113118086,1540,True,True,False,True,M4_GraphUnion_RF
4,California;Colorado;New Mexico;Oregon,geochem2_nure_Zn_ppm_mean_50km,climate_soil_annual_mean,0.3768517359599822,0.3768517359599822,906,True,True,False,True,M4_GraphUnion_RF
4,California;Colorado;New Mexico;Oregon,geochem1_usgs_Au_value_p95_10km,climate_vap_annual_mean,-0.3757016708779137,0.3757016708779137,1105,True,True,False,True,M4_GraphUnion_RF
4,California;Colorado;New Mexico;Oregon,geochem2_nure_Mo_ppm_median_10km,climate_vap_annual_mean,-0.3740959031673525,0.3740959031673525,677,True,True,False,True,M4_GraphUnion_RF
4,California;Colorado;New Mexico;Oregon,geochem1_usgs_As_value_max_10km,climate_vap_annual_mean,-0.37400808113106815,0.37400808113106815,1428,True,True,True,True,M4_GraphUnion_RF
4,California;Colorado;New Mexico;Oregon,geochem1_usgs_Cu_value_max_50km,climate_vpd_annual_mean,0.3739012425045765,0.3739012425045765,1540,True,True,False,True,M4_GraphUnion_RF
4,California;Colorado;New Mexico;Oregon,geochem1_usgs_As_value_mean_25km,climate_vap_annual_mean,-0.37367628564791056,0.37367628564791056,1536,True,True,True,True,M4_GraphUnion_RF
4,California;Colorado;New Mexico;Oregon,geochem1_usgs_Ag_value_max_25km,climate_vap_annual_mean,-0.3724208923508021,0.3724208923508021,1467,True,True,True,True,M4_GraphUnion_RF
4,California;Colorado;New Mexico;Oregon,geochem1_usgs_Au_value_max_25km,climate_vap_annual_mean,-0.3702337635836954,0.3702337635836954,1400,True,True,False,True,M4_GraphUnion_RF
4,California;Colorado;New Mexico;Oregon,geochem2_nure_Zn_ppm_max_50km,climate_soil_annual_mean,0.36962332293894246,0.36962332293894246,906,True,True,False,True,M4_GraphUnion_RF
4,California;Colorado;New Mexico;Oregon,geochem2_nure_Ag_ppm_max_50km,climate_soil_annual_mean,0.3691033352024271,0.3691033352024271,906,True,True,True,True,M4_GraphUnion_RF
4,California;Colorado;New Mexico;Oregon,geochem1_usgs_As_value_p95_50km,climate_vap_annual_mean,-0.36880147570264604,0.36880147570264604,1540,True,True,True,True,M4_GraphUnion_RF
4,California;Colorado;New Mexico;Oregon,geochem2_nure_Ag_ppm_p95_50km,climate_vap_annual_mean,-0.3685515637083412,0.3685515637083412,906,True,True,True,True,M4_GraphUnion_RF
4,California;Colorado;New Mexico;Oregon,geochem2_nure_W_ppm_mean_25km,climate_vap_annual_mean,-0.36813441776519273,0.36813441776519273,776,True,True,False,True,M4_GraphUnion_RF
4,California;Colorado;New Mexico;Oregon,geochem1_usgs_Au_value_median_25km,env_climate_swe_annual_mean_mm,0.3680066824104187,0.3680066824104187,1400,True,True,False,True,M4_GraphUnion_RF
4,California;Colorado;New Mexico;Oregon,geochem1_usgs_Ag_value_mean_25km,climate_vap_annual_mean,-0.3672938312745076,0.3672938312745076,1467,True,True,True,True,M4_GraphUnion_RF
4,California;Colorado;New Mexico;Oregon,geochem2_nure_Ag_ppm_mean_10km,climate_tmax_annual_mean,-0.3670200961195775,0.3670200961195775,677,True,True,True,True,M4_GraphUnion_RF
4,California;Colorado;New Mexico;Oregon,geochem1_usgs_Ag_value_max_10km,climate_vap_annual_mean,-0.3649525523095051,0.3649525523095051,1175,True,True,True,True,M4_GraphUnion_RF
4,California;Colorado;New Mexico;Oregon,geochem2_nure_Cu_ppm_mean_10km,climate_aet_annual_sum,0.3641565172556224,0.3641565172556224,677,True,True,False,True,M4_GraphUnion_RF
4,California;Colorado;New Mexico;Oregon,geochem2_nure_Mo_ppm_mean_10km,climate_vap_annual_mean,-0.3639483862210778,0.3639483862210778,677,True,True,False,True,M4_GraphUnion_RF
4,California;Colorado;New Mexico;Oregon,geochem1_usgs_As_value_p95_10km,climate_vap_annual_mean,-0.36386042777330063,0.36386042777330063,1428,True,True,True,True,M4_GraphUnion_RF
4,California;Colorado;New Mexico;Oregon,geochem2_nure_Sb_ppm_max_50km,climate_vap_annual_mean,-0.3616033280998315,0.3616033280998315,906,True,True,True,True,M4_GraphUnion_RF
4,California;Colorado;New Mexico;Oregon,geochem2_nure_As_ppm_max_10km,climate_vap_annual_mean,-0.36061361102647765,0.36061361102647765,677,True,True,True,True,M4_GraphUnion_RF
4,California;Colorado;New Mexico;Oregon,geochem1_usgs_Pb_value_max_50km,climate_srad_annual_mean,0.3602498120901234,0.3602498120901234,1540,True,True,False,True,M4_GraphUnion_RF
4,California;Colorado;New Mexico;Oregon,geochem2_nure_Zn_ppm_max_10km,env_aridity_index_ppt_pet,0.3599098884258954,0.3599098884258954,677,True,True,False,True,M4_GraphUnion_RF
4,California;Colorado;New Mexico;Oregon,geochem2_nure_Sb_ppm_max_10km,climate_vap_annual_mean,-0.359725083388567,0.359725083388567,677,True,True,True,True,M4_GraphUnion_RF
4,California;Colorado;New Mexico;Oregon,geochem2_nure_Au_sq_ppm_nearest,climate_q_annual_sum,-0.3592572246236579,0.3592572246236579,1296,True,True,False,True,M4_GraphUnion_RF
4,California;Colorado;New Mexico;Oregon,geochem2_nure_Au_sq_ppm_median_10km,climate_vap_annual_mean,-0.358963712107255,0.358963712107255,676,True,True,False,True,M4_GraphUnion_RF
4,California;Colorado;New Mexico;Oregon,geochem1_usgs_Cu_value_mean_50km,climate_vpd_annual_mean,0.357340333274192,0.357340333274192,1540,True,True,False,True,M4_GraphUnion_RF
4,California;Colorado;New Mexico;Oregon,geochem2_nure_Mo_ppm_p95_25km,climate_vap_annual_mean,-0.35420989708500245,0.35420989708500245,776,True,True,False,True,M4_GraphUnion_RF
4,California;Colorado;New Mexico;Oregon,geochem1_usgs_Au_value_median_50km,env_climate_swe_annual_mean_mm,0.353770972037419,0.353770972037419,1507,True,True,False,True,M4_GraphUnion_RF
4,California;Colorado;New Mexico;Oregon,geochem1_usgs_As_value_p95_5km,climate_vap_annual_mean,-0.35288074412226134,0.35288074412226134,1151,True,True,True,True,M4_GraphUnion_RF
4,California;Colorado;New Mexico;Oregon,geochem2_nure_Ag_ppm_p95_10km,climate_vap_annual_mean,-0.35253097298733016,0.35253097298733016,677,True,True,True,True,M4_GraphUnion_RF
4,California;Colorado;New Mexico;Oregon,geochem2_nure_Zn_ppm_median_10km,env_climate_pet_annual_mm,-0.35160308073640983,0.35160308073640983,677,True,True,False,True,M4_GraphUnion_RF
4,California;Colorado;New Mexico;Oregon,geochem1_usgs_Au_value_mean_10km,climate_vap_annual_mean,-0.35119563324940123,0.35119563324940123,1105,True,True,False,True,M4_GraphUnion_RF
4,California;Colorado;New Mexico;Oregon,geochem2_nure_Zn_ppm_p95_10km,climate_soil_annual_mean,0.3500435515521996,0.3500435515521996,677,True,True,False,True,M4_GraphUnion_RF
4,California;Colorado;New Mexico;Oregon,geochem1_usgs_As_value_max_5km,climate_vap_annual_mean,-0.349725618765622,0.349725618765622,1151,True,True,True,True,M4_GraphUnion_RF
4,California;Colorado;New Mexico;Oregon,geochem1_usgs_As_value_mean_10km,climate_vap_annual_mean,-0.3497215005090737,0.3497215005090737,1428,True,True,True,True,M4_GraphUnion_RF
4,California;Colorado;New Mexico;Oregon,geochem2_nure_Zn_ppm_max_25km,climate_soil_annual_mean,0.3476236549302518,0.3476236549302518,776,True,True,False,True,M4_GraphUnion_RF
4,California;Colorado;New Mexico;Oregon,geochem2_nure_Ag_ppm_max_25km,climate_vap_annual_mean,-0.34652104297417,0.34652104297417,776,True,True,True,True,M4_GraphUnion_RF
4,California;Colorado;New Mexico;Oregon,geochem2_nure_Re_ppm_median_50km,climate_srad_annual_mean,0.34639862740826055,0.34639862740826055,870,True,True,False,True,M4_GraphUnion_RF
4,California;Colorado;New Mexico;Oregon,geochem2_nure_Mo_ppm_p95_10km,climate_vap_annual_mean,-0.3459586727203846,0.3459586727203846,677,True,True,False,True,M4_GraphUnion_RF
4,California;Colorado;New Mexico;Oregon,geochem2_nure_Mo_ppm_median_50km,climate_vap_annual_mean,-0.34398524807481895,0.34398524807481895,906,True,True,False,True,M4_GraphUnion_RF
4,California;Colorado;New Mexico;Oregon,geochem1_usgs_Sb_value_max_10km,climate_vap_annual_mean,-0.3423093972461835,0.3423093972461835,1226,True,True,True,True,M4_GraphUnion_RF
4,California;Colorado;New Mexico;Oregon,geochem2_nure_Pb_ppm_p95_50km,climate_aet_annual_sum,0.34202888055269176,0.34202888055269176,906,True,True,False,True,M4_GraphUnion_RF
4,California;Colorado;New Mexico;Oregon,geochem1_usgs_Au_value_median_5km,env_climate_swe_annual_mean_mm,0.3420203088507698,0.3420203088507698,784,True,True,False,True,M4_GraphUnion_RF
4,California;Colorado;New Mexico;Oregon,geochem1_usgs_Pb_value_p95_50km,climate_water_balance_annual_mm,-0.3405568364927974,0.3405568364927974,1540,True,True,False,True,M4_GraphUnion_RF
4,California;Colorado;New Mexico;Oregon,geochem1_usgs_Au_value_p95_25km,climate_vap_annual_mean,-0.34009010671339196,0.34009010671339196,1400,True,True,False,True,M4_GraphUnion_RF
4,California;Colorado;New Mexico;Oregon,geochem2_nure_Bi_ppm_p95_10km,climate_aet_annual_sum,0.33982457987875186,0.33982457987875186,677,True,True,True,True,M4_GraphUnion_RF
4,California;Colorado;New Mexico;Oregon,geochem1_usgs_Bi_value_max_25km,climate_vap_annual_mean,-0.33954747905516114,0.33954747905516114,1514,True,True,True,True,M4_GraphUnion_RF
4,California;Colorado;New Mexico;Oregon,geochem1_usgs_Ag_value_p95_25km,climate_vap_annual_mean,-0.33906990340717025,0.33906990340717025,1467,True,True,True,True,M4_GraphUnion_RF
4,California;Colorado;New Mexico;Oregon,geochem1_usgs_Au_value_mean_25km,climate_vap_annual_mean,-0.33828453457361024,0.33828453457361024,1400,True,True,False,True,M4_GraphUnion_RF
4,California;Colorado;New Mexico;Oregon,geochem1_usgs_Sb_value_max_25km,climate_vap_annual_mean,-0.33772389082526755,0.33772389082526755,1530,True,True,True,True,M4_GraphUnion_RF
4,California;Colorado;New Mexico;Oregon,geochem1_usgs_Mo_value_max_50km,climate_srad_annual_mean,0.3370564153282968,0.3370564153282968,1540,True,True,False,True,M4_GraphUnion_RF
4,California;Colorado;New Mexico;Oregon,geochem1_usgs_As_value_mean_5km,climate_vap_annual_mean,-0.3360878039526748,0.3360878039526748,1151,True,True,True,True,M4_GraphUnion_RF
4,California;Colorado;New Mexico;Oregon,geochem1_usgs_Ag_value_p95_10km,climate_vap_annual_mean,-0.3360727630912246,0.3360727630912246,1175,True,True,True,True,M4_GraphUnion_RF
4,California;Colorado;New Mexico;Oregon,geochem1_usgs_Ag_value_mean_50km,climate_vap_annual_mean,-0.3360612121004387,0.3360612121004387,1538,True,True,True,True,M4_GraphUnion_RF
4,California;Colorado;New Mexico;Oregon,geochem2_nure_Ag_ppm_max_10km,climate_tmax_annual_mean,-0.332797221553482,0.332797221553482,677,True,True,True,True,M4_GraphUnion_RF
4,California;Colorado;New Mexico;Oregon,geochem1_usgs_Ag_value_mean_10km,climate_vap_annual_mean,-0.3320069670884765,0.3320069670884765,1175,True,True,True,True,M4_GraphUnion_RF
4,California;Colorado;New Mexico;Oregon,geochem1_usgs_W_value_max_25km,climate_vap_annual_mean,-0.3317405004399939,0.3317405004399939,1503,True,True,False,True,M4_GraphUnion_RF
4,California;Colorado;New Mexico;Oregon,geochem1_usgs_Sb_value_p95_10km,climate_vap_annual_mean,-0.33013799121035686,0.33013799121035686,1226,True,True,True,True,M4_GraphUnion_RF
4,California;Colorado;New Mexico;Oregon,geochem2_nure_Bi_ppm_max_10km,climate_aet_annual_sum,0.32999017516314283,0.32999017516314283,677,True,True,True,True,M4_GraphUnion_RF
4,California;Colorado;New Mexico;Oregon,geochem2_nure_Mo_ppm_mean_25km,climate_vap_annual_mean,-0.32640991398368285,0.32640991398368285,776,True,True,False,True,M4_GraphUnion_RF
4,California;Colorado;New Mexico;Oregon,geochem1_usgs_Sb_value_p95_5km,climate_vap_annual_mean,-0.32595245060378086,0.32595245060378086,939,True,True,True,True,M4_GraphUnion_RF
4,California;Colorado;New Mexico;Oregon,geochem1_usgs_Sb_value_max_5km,climate_vap_annual_mean,-0.32564659709862337,0.32564659709862337,939,True,True,True,True,M4_GraphUnion_RF
4,California;Colorado;New Mexico;Oregon,geochem2_nure_W_ppm_median_50km,climate_vap_annual_mean,-0.32457394196883027,0.32457394196883027,906,True,True,False,True,M4_GraphUnion_RF
4,California;Colorado;New Mexico;Oregon,geochem1_usgs_Sb_value_mean_10km,climate_vap_annual_mean,-0.3239863594138368,0.3239863594138368,1226,True,True,True,True,M4_GraphUnion_RF
4,California;Colorado;New Mexico;Oregon,geochem1_usgs_Sb_value_mean_5km,climate_vap_annual_mean,-0.3212881828270217,0.3212881828270217,939,True,True,True,True,M4_GraphUnion_RF
4,California;Colorado;New Mexico;Oregon,geochem2_nure_Bi_ppm_mean_25km,climate_aet_annual_sum,0.3212714899750046,0.3212714899750046,776,True,True,True,True,M4_GraphUnion_RF
4,California;Colorado;New Mexico;Oregon,geochem1_usgs_Ag_value_p95_50km,climate_vap_annual_mean,-0.320612307449764,0.320612307449764,1538,True,True,True,True,M4_GraphUnion_RF
4,California;Colorado;New Mexico;Oregon,geochem2_nure_Mo_ppm_max_10km,climate_vap_annual_mean,-0.31824821512843116,0.31824821512843116,677,True,True,False,True,M4_GraphUnion_RF
4,California;Colorado;New Mexico;Oregon,geochem1_usgs_Sb_value_p95_25km,climate_vap_annual_mean,-0.31802342858435967,0.31802342858435967,1530,True,True,True,True,M4_GraphUnion_RF
4,California;Colorado;New Mexico;Oregon,geochem1_usgs_Bi_value_mean_25km,climate_vap_annual_mean,-0.31599575451088163,0.31599575451088163,1514,True,True,True,True,M4_GraphUnion_RF
4,California;Colorado;New Mexico;Oregon,geochem1_usgs_Pb_value_mean_25km,climate_srad_annual_mean,0.3155120641230359,0.3155120641230359,1540,True,True,False,True,M4_GraphUnion_RF
4,California;Colorado;New Mexico;Oregon,geochem1_usgs_Ag_value_max_50km,climate_vap_annual_mean,-0.314466362460596,0.314466362460596,1538,True,True,True,True,M4_GraphUnion_RF
4,California;Colorado;New Mexico;Oregon,geochem1_usgs_Sb_value_nearest,climate_vap_annual_mean,-0.31389528375699594,0.31389528375699594,532,True,True,True,True,M4_GraphUnion_RF
4,California;Colorado;New Mexico;Oregon,geochem2_nure_Cu_ppm_nearest,env_climate_swe_annual_mean_mm,-0.31220623418159243,0.31220623418159243,1540,True,True,False,True,M4_GraphUnion_RF
4,California;Colorado;New Mexico;Oregon,geochem2_nure_Zn_ppm_mean_10km,climate_vap_annual_mean,-0.3117189638170719,0.3117189638170719,677,True,True,False,True,M4_GraphUnion_RF
4,California;Colorado;New Mexico;Oregon,geochem1_usgs_Pb_value_nearest,climate_srad_annual_mean,0.3113975916170092,0.3113975916170092,1133,True,True,False,True,M4_GraphUnion_RF
4,California;Colorado;New Mexico;Oregon,geochem2_nure_Cu_ppm_max_50km,climate_aet_annual_sum,0.31081511316108834,0.31081511316108834,906,True,True,False,True,M4_GraphUnion_RF
4,California;Colorado;New Mexico;Oregon,geochem1_usgs_W_value_mean_25km,climate_vap_annual_mean,-0.3105253590967129,0.3105253590967129,1503,True,True,False,True,M4_GraphUnion_RF
4,California;Colorado;New Mexico;Oregon,geochem1_usgs_As_value_median_25km,climate_vap_annual_mean,-0.31008239818131794,0.31008239818131794,1536,True,True,True,True,M4_GraphUnion_RF
4,California;Colorado;New Mexico;Oregon,geochem1_usgs_Zn_value_max_50km,climate_srad_annual_mean,0.30986171833757786,0.30986171833757786,1540,True,True,False,True,M4_GraphUnion_RF
4,California;Colorado;New Mexico;Oregon,geochem1_usgs_Pb_value_max_25km,climate_vap_annual_mean,-0.3085881255693454,0.3085881255693454,1540,True,True,False,True,M4_GraphUnion_RF
4,California;Colorado;New Mexico;Oregon,geochem1_usgs_Sb_value_mean_25km,climate_vap_annual_mean,-0.30765488743475267,0.30765488743475267,1530,True,True,True,True,M4_GraphUnion_RF
4,California;Colorado;New Mexico;Oregon,geochem2_nure_Sb_ppm_median_50km,climate_srad_annual_mean,-0.30662402004692146,0.30662402004692146,906,True,True,True,True,M4_GraphUnion_RF
4,California;Colorado;New Mexico;Oregon,geochem1_usgs_As_value_median_50km,climate_vap_annual_mean,-0.30650123568228843,0.30650123568228843,1540,True,True,True,True,M4_GraphUnion_RF
4,California;Colorado;New Mexico;Oregon,geochem1_usgs_W_value_max_50km,climate_water_balance_annual_mm,-0.3063446565672551,0.3063446565672551,1540,True,True,False,True,M4_GraphUnion_RF
4,California;Colorado;New Mexico;Oregon,geochem2_nure_Cu_ppm_max_25km,climate_aet_annual_sum,0.3061453113848748,0.3061453113848748,776,True,True,False,True,M4_GraphUnion_RF
4,California;Colorado;New Mexico;Oregon,geochem1_usgs_Pb_value_median_5km,climate_srad_annual_mean,0.306003876381082,0.306003876381082,1259,True,True,False,True,M4_GraphUnion_RF
4,California;Colorado;New Mexico;Oregon,geochem1_usgs_Ag_value_median_5km,climate_tmax_annual_mean,-0.3052314523188,0.3052314523188,933,True,True,True,True,M4_GraphUnion_RF
4,California;Colorado;New Mexico;Oregon,geochem2_nure_Re_ppm_max_50km,climate_vap_annual_mean,-0.3048039780972069,0.3048039780972069,870,True,True,False,True,M4_GraphUnion_RF
4,California;Colorado;New Mexico;Oregon,geochem1_usgs_Sb_value_median_5km,climate_vap_annual_mean,-0.30419723485606953,0.30419723485606953,939,True,True,True,True,M4_GraphUnion_RF
4,California;Colorado;New Mexico;Oregon,geochem1_usgs_Zn_value_max_25km,climate_vap_annual_mean,-0.3038175566103483,0.3038175566103483,1540,True,True,False,True,M4_GraphUnion_RF
4,California;Colorado;New Mexico;Oregon,geochem1_usgs_Bi_value_max_50km,climate_vpd_annual_mean,0.3035219580658329,0.3035219580658329,1540,True,True,True,True,M4_GraphUnion_RF
4,California;Colorado;New Mexico;Oregon,geochem2_nure_Bi_ppm_median_25km,env_climate_swe_annual_mean_mm,-0.30159593376730953,0.30159593376730953,776,True,True,True,True,M4_GraphUnion_RF
4,California;Colorado;New Mexico;Oregon,geochem2_nure_W_ppm_p95_10km,climate_vap_annual_mean,-0.30049506047433877,0.30049506047433877,677,True,True,False,True,M4_GraphUnion_RF
4,California;Colorado;New Mexico;Oregon,geochem2_nure_W_ppm_mean_50km,climate_vap_annual_mean,-0.2987788424778467,0.2987788424778467,906,False,False,False,False,M4_GraphUnion_RF
4,California;Colorado;New Mexico;Oregon,geochem1_usgs_W_value_mean_10km,climate_vap_annual_mean,-0.29876928337562036,0.29876928337562036,1126,False,False,False,False,M4_GraphUnion_RF
4,California;Colorado;New Mexico;Oregon,geochem1_usgs_W_value_median_5km,climate_vap_annual_mean,-0.29871203299312127,0.29871203299312127,799,False,False,False,False,M4_GraphUnion_RF
4,California;Colorado;New Mexico;Oregon,geochem1_usgs_Mo_value_max_25km,climate_vap_annual_mean,-0.2983668995267694,0.2983668995267694,1538,False,False,False,False,M4_GraphUnion_RF
4,California;Colorado;New Mexico;Oregon,geochem1_usgs_Re_value_median_50km,climate_aet_annual_sum,0.2979076686877229,0.2979076686877229,1008,False,False,False,False,M4_GraphUnion_RF
4,California;Colorado;New Mexico;Oregon,geochem1_usgs_Ag_value_median_50km,env_climate_pet_annual_mm,-0.2978612440218704,0.2978612440218704,1538,False,False,True,True,M4_GraphUnion_RF
4,California;Colorado;New Mexico;Oregon,geochem1_usgs_Zn_value_median_25km,climate_aet_annual_sum,0.2977334165356132,0.2977334165356132,1540,False,False,False,False,M4_GraphUnion_RF
4,California;Colorado;New Mexico;Oregon,geochem2_nure_Pb_ppm_max_10km,climate_aet_annual_sum,0.2973730496343174,0.2973730496343174,677,False,False,False,False,M4_GraphUnion_RF
4,California;Colorado;New Mexico;Oregon,geochem1_usgs_Sb_value_max_50km,climate_vap_annual_mean,-0.2969880003997926,0.2969880003997926,1540,False,False,True,True,M4_GraphUnion_RF
4,California;Colorado;New Mexico;Oregon,geochem1_usgs_Pb_value_max_10km,climate_vap_annual_mean,-0.2946275278139283,0.2946275278139283,1478,False,False,False,False,M4_GraphUnion_RF
4,California;Colorado;New Mexico;Oregon,geochem1_usgs_Au_value_max_50km,climate_aet_pet_ratio_annual,-0.29353953557993084,0.29353953557993084,1507,False,False,False,False,M4_GraphUnion_RF
4,California;Colorado;New Mexico;Oregon,geochem1_usgs_Sb_value_mean_50km,climate_vap_annual_mean,-0.29292174578689406,0.29292174578689406,1540,False,False,True,True,M4_GraphUnion_RF
4,California;Colorado;New Mexico;Oregon,geochem1_usgs_W_value_median_10km,climate_vap_annual_mean,-0.2928968550909749,0.2928968550909749,1126,False,False,False,False,M4_GraphUnion_RF
4,California;Colorado;New Mexico;Oregon,geochem1_usgs_W_value_max_10km,climate_vap_annual_mean,-0.2927760476170726,0.2927760476170726,1126,False,False,False,False,M4_GraphUnion_RF
4,California;Colorado;New Mexico;Oregon,geochem1_usgs_Mo_value_max_10km,climate_vap_annual_mean,-0.2916790297252262,0.2916790297252262,1354,False,False,False,False,M4_GraphUnion_RF
4,California;Colorado;New Mexico;Oregon,geochem1_usgs_Zn_value_median_50km,climate_aet_annual_sum,0.2913309410399344,0.2913309410399344,1540,False,False,False,False,M4_GraphUnion_RF
4,California;Colorado;New Mexico;Oregon,geochem1_usgs_Pb_value_p95_25km,climate_water_balance_annual_mm,-0.29035561073135185,0.29035561073135185,1540,False,False,False,False,M4_GraphUnion_RF
4,California;Colorado;New Mexico;Oregon,geochem1_usgs_Sb_value_p95_50km,climate_vap_annual_mean,-0.28987772191171235,0.28987772191171235,1540,False,False,True,True,M4_GraphUnion_RF
4,California;Colorado;New Mexico;Oregon,geochem2_nure_W_ppm_p95_25km,climate_vap_annual_mean,-0.2825202936691889,0.2825202936691889,776,False,False,False,False,M4_GraphUnion_RF
4,California;Colorado;New Mexico;Oregon,geochem1_usgs_As_value_median_5km,climate_vap_annual_mean,-0.2818831957336288,0.2818831957336288,1151,False,False,True,True,M4_GraphUnion_RF
4,California;Colorado;New Mexico;Oregon,geochem1_usgs_Ag_value_median_10km,env_climate_swe_annual_mean_mm,0.2818781687641412,0.2818781687641412,1175,False,False,True,True,M4_GraphUnion_RF
4,California;Colorado;New Mexico;Oregon,geochem2_nure_Au_sq_ppm_mean_10km,climate_vap_annual_mean,-0.28048246714075203,0.28048246714075203,676,False,False,False,False,M4_GraphUnion_RF
4,California;Colorado;New Mexico;Oregon,geochem1_usgs_Pb_value_mean_10km,climate_srad_annual_mean,0.2790810588649687,0.2790810588649687,1478,False,False,False,False,M4_GraphUnion_RF
4,California;Colorado;New Mexico;Oregon,geochem1_usgs_W_value_p95_10km,climate_vap_annual_mean,-0.27885838103052785,0.27885838103052785,1126,False,False,False,False,M4_GraphUnion_RF
4,California;Colorado;New Mexico;Oregon,geochem2_nure_Pb_ppm_median_25km,env_climate_swe_annual_mean_mm,-0.2783854490890886,0.2783854490890886,776,False,False,False,False,M4_GraphUnion_RF
4,California;Colorado;New Mexico;Oregon,geochem1_usgs_W_value_median_25km,climate_vap_annual_mean,-0.27691310061109153,0.27691310061109153,1503,False,False,False,False,M4_GraphUnion_RF
4,California;Colorado;New Mexico;Oregon,geochem1_usgs_W_value_mean_5km,climate_tmin_annual_mean,-0.2762925836037239,0.2762925836037239,799,False,False,False,False,M4_GraphUnion_RF
4,California;Colorado;New Mexico;Oregon,geochem2_nure_Mo_ppm_p95_50km,climate_vap_annual_mean,-0.2762036254676466,0.2762036254676466,906,False,False,False,False,M4_GraphUnion_RF
4,California;Colorado;New Mexico;Oregon,geochem1_usgs_Au_value_p95_50km,climate_vap_annual_mean,-0.274178523985398,0.274178523985398,1507,False,False,False,False,M4_GraphUnion_RF
4,California;Colorado;New Mexico;Oregon,geochem1_usgs_Zn_value_max_10km,climate_vap_annual_mean,-0.2739059227240905,0.2739059227240905,1484,False,False,False,False,M4_GraphUnion_RF
4,California;Colorado;New Mexico;Oregon,geochem1_usgs_Sb_value_median_50km,env_climate_ppt_annual_mm,-0.2734181353288182,0.2734181353288182,1540,False,False,True,True,M4_GraphUnion_RF
4,California;Colorado;New Mexico;Oregon,geochem2_nure_W_ppm_max_10km,climate_tmax_annual_mean,-0.27189091478054633,0.27189091478054633,677,False,False,False,False,M4_GraphUnion_RF
4,California;Colorado;New Mexico;Oregon,geochem1_usgs_Bi_value_p95_25km,climate_vap_annual_mean,-0.2705372434776681,0.2705372434776681,1514,False,False,True,True,M4_GraphUnion_RF
4,California;Colorado;New Mexico;Oregon,geochem1_usgs_Mo_value_p95_10km,climate_vap_annual_mean,-0.2699747182386712,0.2699747182386712,1354,False,False,False,False,M4_GraphUnion_RF
4,California;Colorado;New Mexico;Oregon,geochem1_usgs_As_value_median_10km,climate_vap_annual_mean,-0.269532656128729,0.269532656128729,1428,False,False,True,True,M4_GraphUnion_RF
4,California;Colorado;New Mexico;Oregon,geochem1_usgs_Zn_value_median_10km,env_climate_ppt_annual_mm,0.2659622786066898,0.2659622786066898,1484,False,False,False,False,M4_GraphUnion_RF
4,California;Colorado;New Mexico;Oregon,geochem1_usgs_Mo_value_p95_25km,climate_vap_annual_mean,-0.26547541626655136,0.26547541626655136,1538,False,False,False,False,M4_GraphUnion_RF
4,California;Colorado;New Mexico;Oregon,geochem2_nure_Bi_ppm_max_50km,climate_aet_annual_sum,0.26462519106661,0.26462519106661,906,False,False,True,True,M4_GraphUnion_RF
4,California;Colorado;New Mexico;Oregon,geochem2_nure_Re_ppm_mean_50km,climate_aet_annual_sum,0.2643858503518461,0.2643858503518461,870,False,False,False,False,M4_GraphUnion_RF
4,California;Colorado;New Mexico;Oregon,geochem1_usgs_Cu_value_p95_50km,env_climate_swe_annual_mean_mm,-0.26081977612395785,0.26081977612395785,1540,False,False,False,False,M4_GraphUnion_RF
4,California;Colorado;New Mexico;Oregon,geochem1_usgs_Sb_value_median_10km,climate_vap_annual_mean,-0.2593305709766184,0.2593305709766184,1226,False,False,True,True,M4_GraphUnion_RF
4,California;Colorado;New Mexico;Oregon,geochem1_usgs_Re_value_max_25km,climate_tmax_annual_mean,-0.2579711121727751,0.2579711121727751,759,False,False,False,False,M4_GraphUnion_RF
4,California;Colorado;New Mexico;Oregon,geochem2_nure_Bi_ppm_mean_10km,climate_aet_annual_sum,0.2569624707259623,0.2569624707259623,677,False,False,True,True,M4_GraphUnion_RF
4,California;Colorado;New Mexico;Oregon,geochem1_usgs_W_value_p95_5km,climate_tmin_annual_mean,-0.2567976579419855,0.2567976579419855,799,False,False,False,False,M4_GraphUnion_RF
4,California;Colorado;New Mexico;Oregon,geochem1_usgs_Mo_value_p95_50km,climate_srad_annual_mean,0.2555181622841001,0.2555181622841001,1540,False,False,False,False,M4_GraphUnion_RF
4,California;Colorado;New Mexico;Oregon,geochem2_nure_Bi_ppm_max_25km,climate_aet_annual_sum,0.2552352519436614,0.2552352519436614,776,False,False,True,True,M4_GraphUnion_RF
4,California;Colorado;New Mexico;Oregon,geochem2_nure_Pb_ppm_p95_25km,climate_aet_annual_sum,0.2551243020196513,0.2551243020196513,776,False,False,False,False,M4_GraphUnion_RF
4,California;Colorado;New Mexico;Oregon,geochem1_usgs_Re_value_mean_50km,climate_aet_annual_sum,0.25465594976236955,0.25465594976236955,1008,False,False,False,False,M4_GraphUnion_RF
4,California;Colorado;New Mexico;Oregon,geochem1_usgs_Ag_value_max_5km,climate_vap_annual_mean,-0.25440457400185046,0.25440457400185046,933,False,False,True,True,M4_GraphUnion_RF
4,California;Colorado;New Mexico;Oregon,geochem2_nure_Pb_ppm_p95_10km,climate_aet_annual_sum,0.2540214241398139,0.2540214241398139,677,False,False,False,False,M4_GraphUnion_RF
4,California;Colorado;New Mexico;Oregon,geochem1_usgs_W_value_p95_25km,climate_vap_annual_mean,-0.2524974192699092,0.2524974192699092,1503,False,False,False,False,M4_GraphUnion_RF
4,California;Colorado;New Mexico;Oregon,geochem1_usgs_W_value_max_5km,climate_tmin_annual_mean,-0.2513187380614817,0.2513187380614817,799,False,False,False,False,M4_GraphUnion_RF
4,California;Colorado;New Mexico;Oregon,geochem1_usgs_Bi_value_mean_50km,climate_soil_annual_mean,-0.25111202644556047,0.25111202644556047,1540,False,False,True,True,M4_GraphUnion_RF
4,California;Colorado;New Mexico;Oregon,geochem1_usgs_Mo_value_mean_50km,climate_srad_annual_mean,0.2510401557604102,0.2510401557604102,1540,False,False,False,False,M4_GraphUnion_RF
4,California;Colorado;New Mexico;Oregon,geochem2_nure_Pb_ppm_mean_50km,climate_aet_annual_sum,0.2506614686065014,0.2506614686065014,906,False,False,False,False,M4_GraphUnion_RF
4,California;Colorado;New Mexico;Oregon,geochem1_usgs_Ag_value_p95_5km,climate_vap_annual_mean,-0.2490991273262829,0.2490991273262829,933,False,False,True,True,M4_GraphUnion_RF
4,California;Colorado;New Mexico;Oregon,geochem2_nure_Re_ppm_median_25km,climate_srad_annual_mean,0.24848440788365012,0.24848440788365012,696,False,False,False,False,M4_GraphUnion_RF
4,California;Colorado;New Mexico;Oregon,geochem1_usgs_Re_value_max_50km,climate_tmax_annual_mean,-0.24606687552189238,0.24606687552189238,1008,False,False,False,False,M4_GraphUnion_RF
4,California;Colorado;New Mexico;Oregon,geochem2_nure_Au_sq_ppm_mean_25km,climate_vap_annual_mean,-0.24550605052743935,0.24550605052743935,776,False,False,False,False,M4_GraphUnion_RF
4,California;Colorado;New Mexico;Oregon,geochem1_usgs_Cu_value_max_25km,climate_vpd_annual_mean,0.24548427940287054,0.24548427940287054,1540,False,False,False,False,M4_GraphUnion_RF
4,California;Colorado;New Mexico;Oregon,geochem1_usgs_Re_value_p95_50km,climate_aet_annual_sum,0.24393844668625916,0.24393844668625916,1008,False,False,False,False,M4_GraphUnion_RF
4,California;Colorado;New Mexico;Oregon,geochem1_usgs_Mo_value_median_50km,climate_tmin_annual_mean,-0.24260948488897496,0.24260948488897496,1540,False,False,False,False,M4_GraphUnion_RF
4,California;Colorado;New Mexico;Oregon,geochem2_nure_Re_ppm_p95_50km,climate_aet_annual_sum,0.24216199607747585,0.24216199607747585,870,False,False,False,False,M4_GraphUnion_RF
4,California;Colorado;New Mexico;Oregon,geochem2_nure_Bi_ppm_nearest,climate_srad_annual_mean,0.2413348334686571,0.2413348334686571,1540,False,False,True,True,M4_GraphUnion_RF
4,California;Colorado;New Mexico;Oregon,geochem1_usgs_Pb_value_mean_5km,climate_srad_annual_mean,0.2411789410268361,0.2411789410268361,1259,False,False,False,False,M4_GraphUnion_RF
4,California;Colorado;New Mexico;Oregon,geochem1_usgs_Mo_value_mean_25km,climate_vap_annual_mean,-0.24093756628946852,0.24093756628946852,1538,False,False,False,False,M4_GraphUnion_RF
4,California;Colorado;New Mexico;Oregon,geochem1_usgs_Ag_value_mean_5km,env_climate_tmean_annual_c,-0.24010336416550193,0.24010336416550193,933,False,False,True,True,M4_GraphUnion_RF
4,California;Colorado;New Mexico;Oregon,geochem1_usgs_Ag_value_median_25km,climate_tmin_annual_mean,-0.23901811174340867,0.23901811174340867,1467,False,False,True,True,M4_GraphUnion_RF
4,California;Colorado;New Mexico;Oregon,geochem1_usgs_Cu_value_median_10km,climate_aet_annual_sum,0.23855048769225456,0.23855048769225456,1474,False,False,False,False,M4_GraphUnion_RF
4,California;Colorado;New Mexico;Oregon,geochem2_nure_Bi_ppm_median_10km,env_climate_swe_annual_mean_mm,-0.23851161583925523,0.23851161583925523,677,False,False,True,True,M4_GraphUnion_RF
4,California;Colorado;New Mexico;Oregon,geochem2_nure_W_ppm_max_50km,climate_vap_annual_mean,-0.23774157465122214,0.23774157465122214,906,False,False,False,False,M4_GraphUnion_RF
4,California;Colorado;New Mexico;Oregon,geochem1_usgs_W_value_mean_50km,climate_vap_annual_mean,-0.23735340562259266,0.23735340562259266,1540,False,False,False,False,M4_GraphUnion_RF
4,California;Colorado;New Mexico;Oregon,geochem1_usgs_Au_value_mean_50km,climate_q_annual_sum,-0.2362018173820041,0.2362018173820041,1507,False,False,False,False,M4_GraphUnion_RF
4,California;Colorado;New Mexico;Oregon,geochem2_nure_Re_ppm_max_25km,climate_tmax_annual_mean,-0.23461965282534272,0.23461965282534272,696,False,False,False,False,M4_GraphUnion_RF
4,California;Colorado;New Mexico;Oregon,geochem1_usgs_Sb_value_median_25km,climate_vap_annual_mean,-0.23332511475898923,0.23332511475898923,1530,False,False,True,True,M4_GraphUnion_RF
4,California;Colorado;New Mexico;Oregon,geochem2_nure_W_ppm_max_25km,climate_vap_annual_mean,-0.23233735652586027,0.23233735652586027,776,False,False,False,False,M4_GraphUnion_RF
4,California;Colorado;New Mexico;Oregon,geochem1_usgs_Pb_value_p95_10km,climate_srad_annual_mean,0.23191217922096272,0.23191217922096272,1478,False,False,False,False,M4_GraphUnion_RF
4,California;Colorado;New Mexico;Oregon,geochem2_nure_Pb_ppm_median_10km,climate_srad_annual_mean,0.23119071863874463,0.23119071863874463,677,False,False,False,False,M4_GraphUnion_RF
4,California;Colorado;New Mexico;Oregon,geochem1_usgs_Au_value_mean_5km,env_climate_swe_annual_mean_mm,0.23066269213477356,0.23066269213477356,784,False,False,False,False,M4_GraphUnion_RF
4,California;Colorado;New Mexico;Oregon,geochem1_usgs_As_value_nearest,climate_vap_annual_mean,-0.22510221751117743,0.22510221751117743,828,False,False,True,True,M4_GraphUnion_RF
4,California;Colorado;New Mexico;Oregon,geochem2_nure_Au_sq_ppm_p95_10km,climate_vap_annual_mean,-0.22376619195202305,0.22376619195202305,676,False,False,False,False,M4_GraphUnion_RF
4,California;Colorado;New Mexico;Oregon,geochem1_usgs_Cu_value_median_5km,climate_aet_annual_sum,0.22306749663405642,0.22306749663405642,1180,False,False,False,False,M4_GraphUnion_RF
4,California;Colorado;New Mexico;Oregon,geochem2_nure_Pb_ppm_max_25km,climate_aet_annual_sum,0.22186295749113094,0.22186295749113094,776,False,False,False,False,M4_GraphUnion_RF
4,California;Colorado;New Mexico;Oregon,geochem1_usgs_Mo_value_median_5km,climate_tmax_annual_mean,-0.22176695684326586,0.22176695684326586,1043,False,False,False,False,M4_GraphUnion_RF
4,California;Colorado;New Mexico;Oregon,geochem1_usgs_Au_value_p95_5km,climate_vap_annual_mean,-0.22108065103472074,0.22108065103472074,784,False,False,False,False,M4_GraphUnion_RF
4,California;Colorado;New Mexico;Oregon,geochem1_usgs_Mo_value_median_25km,climate_tmin_annual_mean,-0.22098345486290855,0.22098345486290855,1538,False,False,False,False,M4_GraphUnion_RF
4,California;Colorado;New Mexico;Oregon,geochem1_usgs_Zn_value_median_5km,climate_aet_annual_sum,0.21971620165399983,0.21971620165399983,1286,False,False,False,False,M4_GraphUnion_RF
4,California;Colorado;New Mexico;Oregon,geochem1_usgs_Cu_value_mean_25km,climate_srad_annual_mean,0.21966731265022918,0.21966731265022918,1540,False,False,False,False,M4_GraphUnion_RF
4,California;Colorado;New Mexico;Oregon,geochem1_usgs_Au_value_max_5km,climate_vap_annual_mean,-0.2195603461138169,0.2195603461138169,784,False,False,False,False,M4_GraphUnion_RF
4,California;Colorado;New Mexico;Oregon,geochem1_usgs_Mo_value_mean_10km,climate_vap_annual_mean,-0.21792326514422236,0.21792326514422236,1354,False,False,False,False,M4_GraphUnion_RF
4,California;Colorado;New Mexico;Oregon,geochem2_nure_Au_sq_ppm_p95_25km,climate_vap_annual_mean,-0.2170151336206316,0.2170151336206316,776,False,False,False,False,M4_GraphUnion_RF
4,California;Colorado;New Mexico;Oregon,geochem1_usgs_Cu_value_nearest,climate_aet_annual_sum,0.2152788511293698,0.2152788511293698,967,False,False,False,False,M4_GraphUnion_RF
4,California;Colorado;New Mexico;Oregon,geochem1_usgs_Bi_value_max_10km,climate_vap_annual_mean,-0.21435127990641756,0.21435127990641756,1146,False,False,True,True,M4_GraphUnion_RF
4,California;Colorado;New Mexico;Oregon,geochem2_nure_Pb_ppm_mean_10km,climate_dtr_annual_mean,-0.21382120273127014,0.21382120273127014,677,False,False,False,False,M4_GraphUnion_RF
4,California;Colorado;New Mexico;Oregon,geochem2_nure_Pb_ppm_max_50km,climate_aet_annual_sum,0.21322821907363984,0.21322821907363984,906,False,False,False,False,M4_GraphUnion_RF
4,California;Colorado;New Mexico;Oregon,geochem2_nure_Mo_ppm_max_25km,climate_vap_annual_mean,-0.21313320134703434,0.21313320134703434,776,False,False,False,False,M4_GraphUnion_RF
4,California;Colorado;New Mexico;Oregon,geochem2_nure_Au_sq_ppm_max_10km,climate_tmax_annual_mean,-0.21306568491043287,0.21306568491043287,676,False,False,False,False,M4_GraphUnion_RF
4,California;Colorado;New Mexico;Oregon,geochem1_usgs_Zn_value_p95_10km,climate_vap_annual_mean,-0.2117838902494865,0.2117838902494865,1484,False,False,False,False,M4_GraphUnion_RF
4,California;Colorado;New Mexico;Oregon,geochem1_usgs_Zn_value_mean_50km,climate_srad_annual_mean,0.21076960212437212,0.21076960212437212,1540,False,False,False,False,M4_GraphUnion_RF
4,California;Colorado;New Mexico;Oregon,geochem1_usgs_Pb_value_p95_5km,climate_srad_annual_mean,0.21032759900643463,0.21032759900643463,1259,False,False,False,False,M4_GraphUnion_RF
4,California;Colorado;New Mexico;Oregon,geochem1_usgs_Zn_value_max_5km,climate_vap_annual_mean,-0.20925385616357753,0.20925385616357753,1286,False,False,False,False,M4_GraphUnion_RF
4,California;Colorado;New Mexico;Oregon,geochem1_usgs_Pb_value_max_5km,climate_vap_annual_mean,-0.20796996806058754,0.20796996806058754,1259,False,False,False,False,M4_GraphUnion_RF
4,California;Colorado;New Mexico;Oregon,geochem2_nure_Mo_ppm_mean_50km,climate_vap_annual_mean,-0.20644208772137518,0.20644208772137518,906,False,False,False,False,M4_GraphUnion_RF
4,California;Colorado;New Mexico;Oregon,geochem1_usgs_Zn_value_nearest,climate_q_annual_sum,0.2061155317968372,0.2061155317968372,1243,False,False,False,False,M4_GraphUnion_RF
4,California;Colorado;New Mexico;Oregon,geochem1_usgs_Mo_value_max_5km,climate_vap_annual_mean,-0.20576359046266374,0.20576359046266374,1043,False,False,False,False,M4_GraphUnion_RF
4,California;Colorado;New Mexico;Oregon,geochem1_usgs_Bi_value_p95_50km,climate_soil_annual_mean,-0.20261593288073992,0.20261593288073992,1540,False,False,True,True,M4_GraphUnion_RF
4,California;Colorado;New Mexico;Oregon,geochem2_nure_Pb_ppm_mean_25km,climate_aet_annual_sum,0.1996119937864418,0.1996119937864418,776,False,False,False,False,M4_GraphUnion_RF
4,California;Colorado;New Mexico;Oregon,geochem1_usgs_Mo_value_p95_5km,climate_vap_annual_mean,-0.1944297657866004,0.1944297657866004,1043,False,False,False,False,M4_GraphUnion_RF
4,California;Colorado;New Mexico;Oregon,geochem2_nure_W_ppm_p95_50km,climate_aet_annual_sum,0.1933861990878434,0.1933861990878434,906,False,False,False,False,M4_GraphUnion_RF
4,California;Colorado;New Mexico;Oregon,geochem1_usgs_Zn_value_mean_5km,env_climate_ppt_annual_mm,0.18953566581090325,0.18953566581090325,1286,False,False,False,False,M4_GraphUnion_RF
4,California;Colorado;New Mexico;Oregon,geochem1_usgs_W_value_median_50km,climate_vap_annual_mean,-0.18880373926776536,0.18880373926776536,1540,False,False,False,False,M4_GraphUnion_RF
4,California;Colorado;New Mexico;Oregon,geochem1_usgs_Bi_value_mean_10km,climate_vap_annual_mean,-0.18817843020390745,0.18817843020390745,1146,False,False,True,True,M4_GraphUnion_RF
4,California;Colorado;New Mexico;Oregon,geochem1_usgs_Zn_value_p95_5km,climate_vap_annual_mean,-0.1873325815308585,0.1873325815308585,1286,False,False,False,False,M4_GraphUnion_RF
4,California;Colorado;New Mexico;Oregon,geochem1_usgs_Zn_value_mean_25km,climate_vap_annual_mean,-0.18548644710765302,0.18548644710765302,1540,False,False,False,False,M4_GraphUnion_RF
4,California;Colorado;New Mexico;Oregon,geochem1_usgs_Bi_value_p95_10km,climate_vap_annual_mean,-0.185473681728367,0.185473681728367,1146,False,False,True,True,M4_GraphUnion_RF
4,California;Colorado;New Mexico;Oregon,geochem1_usgs_Re_value_p95_25km,climate_dtr_annual_mean,-0.1796699600087128,0.1796699600087128,759,False,False,False,False,M4_GraphUnion_RF
4,California;Colorado;New Mexico;Oregon,geochem1_usgs_Zn_value_mean_10km,env_climate_ppt_annual_mm,0.17814327963963203,0.17814327963963203,1484,False,False,False,False,M4_GraphUnion_RF
4,California;Colorado;New Mexico;Oregon,geochem2_nure_Au_sq_ppm_max_25km,climate_tmax_annual_mean,-0.17791914595889416,0.17791914595889416,776,False,False,False,False,M4_GraphUnion_RF
4,California;Colorado;New Mexico;Oregon,geochem1_usgs_Mo_value_median_10km,env_climate_tmean_annual_c,-0.17766624335084297,0.17766624335084297,1354,False,False,False,False,M4_GraphUnion_RF
4,California;Colorado;New Mexico;Oregon,geochem1_usgs_Bi_value_max_5km,climate_aet_pet_ratio_annual,0.17274260566986768,0.17274260566986768,854,False,False,True,True,M4_GraphUnion_RF
4,California;Colorado;New Mexico;Oregon,geochem1_usgs_Bi_value_p95_5km,climate_aet_pet_ratio_annual,0.17166262191645237,0.17166262191645237,854,False,False,True,True,M4_GraphUnion_RF
4,California;Colorado;New Mexico;Oregon,geochem1_usgs_Mo_value_mean_5km,env_climate_tmean_annual_c,-0.17153606793366052,0.17153606793366052,1043,False,False,False,False,M4_GraphUnion_RF
4,California;Colorado;New Mexico;Oregon,geochem1_usgs_Zn_value_p95_25km,climate_vap_annual_mean,-0.17036816786391187,0.17036816786391187,1540,False,False,False,False,M4_GraphUnion_RF
4,California;Colorado;New Mexico;Oregon,geochem1_usgs_Bi_value_median_5km,env_climate_ppt_annual_mm,0.16972457488752088,0.16972457488752088,854,False,False,True,True,M4_GraphUnion_RF
4,California;Colorado;New Mexico;Oregon,geochem1_usgs_Cu_value_max_10km,climate_vap_annual_mean,-0.16828939370012574,0.16828939370012574,1474,False,False,False,False,M4_GraphUnion_RF
4,California;Colorado;New Mexico;Oregon,geochem1_usgs_Mo_value_nearest,climate_dtr_annual_mean,-0.16705837500197754,0.16705837500197754,590,False,False,False,False,M4_GraphUnion_RF
4,California;Colorado;New Mexico;Oregon,geochem2_nure_Zn_ppm_nearest,climate_vap_annual_mean,-0.1630851903717792,0.1630851903717792,1540,False,False,False,False,M4_GraphUnion_RF
4,California;Colorado;New Mexico;Oregon,geochem1_usgs_Re_value_median_25km,climate_ws_annual_mean,-0.16258054697413518,0.16258054697413518,759,False,False,False,False,M4_GraphUnion_RF
4,California;Colorado;New Mexico;Oregon,geochem1_usgs_Bi_value_median_50km,climate_srad_annual_mean,0.16247818415660364,0.16247818415660364,1540,False,False,True,True,M4_GraphUnion_RF
4,California;Colorado;New Mexico;Oregon,geochem1_usgs_Bi_value_median_25km,climate_srad_annual_mean,0.1559282500414887,0.1559282500414887,1514,False,False,True,True,M4_GraphUnion_RF
4,California;Colorado;New Mexico;Oregon,geochem1_usgs_Bi_value_mean_5km,climate_dtr_annual_mean,-0.15563990018019241,0.15563990018019241,854,False,False,True,True,M4_GraphUnion_RF
4,California;Colorado;New Mexico;Oregon,geochem1_usgs_Re_value_mean_25km,climate_dtr_annual_mean,-0.1542390819750479,0.1542390819750479,759,False,False,False,False,M4_GraphUnion_RF
4,California;Colorado;New Mexico;Oregon,geochem1_usgs_Cu_value_mean_5km,climate_aet_annual_sum,0.15244020648229056,0.15244020648229056,1180,False,False,False,False,M4_GraphUnion_RF
4,California;Colorado;New Mexico;Oregon,geochem2_nure_Mo_ppm_nearest,climate_vap_annual_mean,-0.14930626824684404,0.14930626824684404,1540,False,False,False,False,M4_GraphUnion_RF
4,California;Colorado;New Mexico;Oregon,geochem1_usgs_Zn_value_p95_50km,climate_ws_annual_mean,0.1483797894858445,0.1483797894858445,1540,False,False,False,False,M4_GraphUnion_RF
4,California;Colorado;New Mexico;Oregon,geochem2_nure_Au_sq_ppm_mean_50km,climate_srad_annual_mean,-0.1391414863024386,0.1391414863024386,906,False,False,False,False,M4_GraphUnion_RF
4,California;Colorado;New Mexico;Oregon,geochem1_usgs_Cu_value_p95_5km,climate_aet_annual_sum,0.1386591891461558,0.1386591891461558,1180,False,False,False,False,M4_GraphUnion_RF
4,California;Colorado;New Mexico;Oregon,geochem1_usgs_Cu_value_p95_25km,climate_srad_annual_mean,0.13814542038754696,0.13814542038754696,1540,False,False,False,False,M4_GraphUnion_RF
4,California;Colorado;New Mexico;Oregon,geochem1_usgs_Bi_value_median_10km,climate_aet_annual_sum,0.13786764981975336,0.13786764981975336,1146,False,False,True,True,M4_GraphUnion_RF
4,California;Colorado;New Mexico;Oregon,geochem2_nure_Re_ppm_mean_25km,climate_aet_annual_sum,0.13565151555729307,0.13565151555729307,696,False,False,False,False,M4_GraphUnion_RF
4,California;Colorado;New Mexico;Oregon,geochem2_nure_Au_sq_ppm_max_50km,climate_dtr_annual_mean,-0.13502771762488902,0.13502771762488902,906,False,False,False,False,M4_GraphUnion_RF
4,California;Colorado;New Mexico;Oregon,geochem2_nure_Re_ppm_p95_25km,climate_vap_annual_mean,-0.13488064030673108,0.13488064030673108,696,False,False,False,False,M4_GraphUnion_RF
4,California;Colorado;New Mexico;Oregon,geochem1_usgs_Cu_value_mean_10km,env_climate_swe_annual_mean_mm,-0.12858472467957888,0.12858472467957888,1474,False,False,False,False,M4_GraphUnion_RF
4,California;Colorado;New Mexico;Oregon,geochem1_usgs_W_value_p95_50km,climate_vap_annual_mean,-0.1236534095004414,0.1236534095004414,1540,False,False,False,False,M4_GraphUnion_RF
4,California;Colorado;New Mexico;Oregon,geochem1_usgs_Cu_value_max_5km,env_climate_ppt_annual_mm,0.12156155014928614,0.12156155014928614,1180,False,False,False,False,M4_GraphUnion_RF
4,California;Colorado;New Mexico;Oregon,geochem2_nure_Au_sq_ppm_p95_50km,climate_aet_annual_sum,-0.11772325627202863,0.11772325627202863,906,False,False,False,False,M4_GraphUnion_RF
4,California;Colorado;New Mexico;Oregon,geochem1_usgs_Cu_value_p95_10km,climate_aet_annual_sum,0.11101386898016723,0.11101386898016723,1474,False,False,False,False,M4_GraphUnion_RF
4,California;Colorado;New Mexico;Oregon,geochem2_nure_Mo_ppm_max_50km,climate_aet_annual_sum,0.1011451827246102,0.1011451827246102,906,False,False,False,False,M4_GraphUnion_RF
5,Idaho;Montana;Utah;Wyoming,geochem2_nure_As_ppm_median_50km,climate_srad_annual_mean,-0.5843744639781212,0.5843744639781212,833,True,True,True,True,M4_Spearman_RF
5,Idaho;Montana;Utah;Wyoming,geochem2_nure_Sb_ppm_median_25km,climate_srad_annual_mean,-0.5756594658642836,0.5756594658642836,705,True,True,True,True,M4_Spearman_RF
5,Idaho;Montana;Utah;Wyoming,geochem2_nure_Cu_ppm_p95_50km,climate_aet_annual_sum,0.5726133866559451,0.5726133866559451,833,True,True,False,True,M4_Spearman_RF
5,Idaho;Montana;Utah;Wyoming,geochem2_nure_Sb_ppm_p95_25km,climate_srad_annual_mean,-0.5679953937852267,0.5679953937852267,705,True,True,True,True,M4_Spearman_RF
5,Idaho;Montana;Utah;Wyoming,geochem2_nure_Sb_ppm_mean_25km,climate_srad_annual_mean,-0.5666556601502549,0.5666556601502549,705,True,True,True,True,M4_Spearman_RF
5,Idaho;Montana;Utah;Wyoming,geochem1_usgs_Pb_value_median_50km,climate_srad_annual_mean,0.5592175305283543,0.5592175305283543,1551,True,True,False,True,M4_Spearman_RF
5,Idaho;Montana;Utah;Wyoming,geochem2_nure_As_ppm_median_25km,climate_srad_annual_mean,-0.5590172091000786,0.5590172091000786,705,True,True,True,True,M4_Spearman_RF
5,Idaho;Montana;Utah;Wyoming,geochem2_nure_Sb_ppm_median_10km,climate_srad_annual_mean,-0.558206875083885,0.558206875083885,614,True,True,True,True,M4_Spearman_RF
5,Idaho;Montana;Utah;Wyoming,geochem2_nure_As_ppm_mean_25km,climate_srad_annual_mean,-0.5336248771744005,0.5336248771744005,705,True,True,True,True,M4_Spearman_RF
5,Idaho;Montana;Utah;Wyoming,geochem2_nure_Sb_ppm_p95_50km,climate_srad_annual_mean,-0.5307974541036254,0.5307974541036254,833,True,True,True,True,M4_Spearman_RF
5,Idaho;Montana;Utah;Wyoming,geochem2_nure_As_ppm_p95_25km,climate_srad_annual_mean,-0.5237473763166776,0.5237473763166776,705,True,True,True,True,M4_Spearman_RF
5,Idaho;Montana;Utah;Wyoming,geochem2_nure_Pb_ppm_nearest,climate_srad_annual_mean,0.5231560415178244,0.5231560415178244,1551,True,True,False,True,M4_Spearman_RF
5,Idaho;Montana;Utah;Wyoming,geochem2_nure_Sb_ppm_mean_50km,climate_srad_annual_mean,-0.5204809645276113,0.5204809645276113,833,True,True,True,True,M4_Spearman_RF
5,Idaho;Montana;Utah;Wyoming,geochem2_nure_Sb_ppm_nearest,climate_aet_pet_ratio_annual,-0.5187998765601798,0.5187998765601798,1551,True,True,True,True,M4_Spearman_RF
5,Idaho;Montana;Utah;Wyoming,geochem2_nure_Sb_ppm_mean_10km,climate_srad_annual_mean,-0.516684715084708,0.516684715084708,614,True,True,True,True,M4_Spearman_RF
5,Idaho;Montana;Utah;Wyoming,geochem2_nure_Bi_ppm_p95_50km,climate_aet_annual_sum,0.513552509747652,0.513552509747652,833,True,True,True,True,M4_Spearman_RF
5,Idaho;Montana;Utah;Wyoming,geochem2_nure_Zn_ppm_median_25km,env_climate_pet_annual_mm,-0.5083386606824185,0.5083386606824185,705,True,True,False,True,M4_Spearman_RF
5,Idaho;Montana;Utah;Wyoming,geochem2_nure_As_ppm_p95_50km,climate_srad_annual_mean,-0.5079602766004178,0.5079602766004178,833,True,True,True,True,M4_Spearman_RF
5,Idaho;Montana;Utah;Wyoming,geochem2_nure_Cu_ppm_median_50km,climate_aet_annual_sum,0.507937663167132,0.507937663167132,833,True,True,False,True,M4_Spearman_RF
5,Idaho;Montana;Utah;Wyoming,geochem2_nure_As_ppm_mean_50km,climate_srad_annual_mean,-0.5039033506026855,0.5039033506026855,833,True,True,True,True,M4_Spearman_RF
5,Idaho;Montana;Utah;Wyoming,geochem2_nure_Sb_ppm_median_50km,climate_srad_annual_mean,-0.5017602600318377,0.5017602600318377,833,True,True,True,True,M4_Spearman_RF
5,Idaho;Montana;Utah;Wyoming,geochem2_nure_Cu_ppm_mean_50km,climate_aet_annual_sum,0.49635526405614083,0.49635526405614083,833,True,True,False,True,M4_Spearman_RF
5,Idaho;Montana;Utah;Wyoming,geochem2_nure_W_ppm_median_25km,climate_srad_annual_mean,-0.49428897102919983,0.49428897102919983,705,True,True,False,True,M4_Spearman_RF
5,Idaho;Montana;Utah;Wyoming,geochem2_nure_Cu_ppm_p95_25km,climate_aet_annual_sum,0.49112752866034237,0.49112752866034237,705,True,True,False,True,M4_Spearman_RF
5,Idaho;Montana;Utah;Wyoming,geochem2_nure_Cu_ppm_median_25km,climate_aet_annual_sum,0.4902089512313462,0.4902089512313462,705,True,True,False,True,M4_Spearman_RF
5,Idaho;Montana;Utah;Wyoming,geochem1_usgs_Pb_value_median_25km,climate_srad_annual_mean,0.48998288077063645,0.48998288077063645,1551,True,True,False,True,M4_Spearman_RF
5,Idaho;Montana;Utah;Wyoming,geochem2_nure_W_ppm_nearest,climate_aet_pet_ratio_annual,-0.4895865971859214,0.4895865971859214,1551,True,True,False,True,M4_Spearman_RF
5,Idaho;Montana;Utah;Wyoming,geochem2_nure_As_ppm_nearest,env_aridity_index_ppt_pet,-0.4869140180662228,0.4869140180662228,1551,True,True,True,True,M4_Spearman_RF
5,Idaho;Montana;Utah;Wyoming,geochem1_usgs_Cu_value_median_50km,climate_aet_annual_sum,0.48167712023293235,0.48167712023293235,1551,True,True,False,True,M4_Spearman_RF
5,Idaho;Montana;Utah;Wyoming,geochem2_nure_As_ppm_median_10km,climate_srad_annual_mean,-0.475389364963935,0.475389364963935,614,True,True,True,True,M4_Spearman_RF
5,Idaho;Montana;Utah;Wyoming,geochem2_nure_W_ppm_median_10km,climate_srad_annual_mean,-0.47259659470313026,0.47259659470313026,614,True,True,False,True,M4_Spearman_RF
5,Idaho;Montana;Utah;Wyoming,geochem2_nure_Zn_ppm_median_50km,env_climate_pet_annual_mm,-0.4705537093248054,0.4705537093248054,833,True,True,False,True,M4_Spearman_RF
5,Idaho;Montana;Utah;Wyoming,geochem2_nure_Cu_ppm_p95_10km,climate_aet_annual_sum,0.46774222186676717,0.46774222186676717,614,True,True,False,True,M4_Spearman_RF
5,Idaho;Montana;Utah;Wyoming,geochem2_nure_Ag_ppm_nearest,climate_aet_pet_ratio_annual,-0.4663555107734352,0.4663555107734352,1551,True,True,True,True,M4_Spearman_RF
5,Idaho;Montana;Utah;Wyoming,geochem2_nure_Sb_ppm_p95_10km,climate_srad_annual_mean,-0.4655300375337551,0.4655300375337551,614,True,True,True,True,M4_Spearman_RF
5,Idaho;Montana;Utah;Wyoming,geochem2_nure_Mo_ppm_median_25km,climate_vap_annual_mean,-0.4602418374579494,0.4602418374579494,705,True,True,False,True,M4_Spearman_RF
5,Idaho;Montana;Utah;Wyoming,geochem2_nure_Au_sq_ppm_median_50km,climate_aet_annual_sum,-0.4601240619189657,0.4601240619189657,833,True,True,True,True,M4_Spearman_RF
5,Idaho;Montana;Utah;Wyoming,geochem2_nure_Cu_ppm_mean_25km,climate_aet_annual_sum,0.45652430407623884,0.45652430407623884,705,True,True,False,True,M4_Spearman_RF
5,Idaho;Montana;Utah;Wyoming,geochem2_nure_Ag_ppm_median_25km,climate_srad_annual_mean,-0.44756436731001675,0.44756436731001675,705,True,True,True,True,M4_Spearman_RF
5,Idaho;Montana;Utah;Wyoming,geochem2_nure_As_ppm_mean_10km,climate_vap_annual_mean,-0.4457924311288612,0.4457924311288612,614,True,True,True,True,M4_Spearman_RF
5,Idaho;Montana;Utah;Wyoming,geochem2_nure_Zn_ppm_p95_50km,climate_soil_annual_mean,0.4379289490588448,0.4379289490588448,833,True,True,False,True,M4_Spearman_RF
5,Idaho;Montana;Utah;Wyoming,geochem2_nure_Cu_ppm_median_10km,climate_ws_annual_mean,-0.4378255006228711,0.4378255006228711,614,True,True,False,True,M4_Spearman_RF
5,Idaho;Montana;Utah;Wyoming,geochem2_nure_Bi_ppm_median_50km,env_climate_swe_annual_mean_mm,-0.43449663742822575,0.43449663742822575,833,True,True,True,True,M4_Spearman_RF
5,Idaho;Montana;Utah;Wyoming,geochem2_nure_Cu_ppm_max_10km,climate_aet_annual_sum,0.4315459738848898,0.4315459738848898,614,True,True,False,True,M4_Spearman_RF
5,Idaho;Montana;Utah;Wyoming,geochem2_nure_Bi_ppm_p95_25km,climate_aet_annual_sum,0.42525815238238235,0.42525815238238235,705,True,True,True,True,M4_Spearman_RF
5,Idaho;Montana;Utah;Wyoming,geochem2_nure_W_ppm_mean_10km,env_climate_pet_annual_mm,-0.42521714012105194,0.42521714012105194,614,True,True,False,True,M4_Spearman_RF
5,Idaho;Montana;Utah;Wyoming,geochem2_nure_Cu_ppm_mean_10km,climate_aet_annual_sum,0.42359895139112685,0.42359895139112685,614,True,True,False,True,M4_Spearman_RF
5,Idaho;Montana;Utah;Wyoming,geochem2_nure_W_ppm_mean_25km,env_climate_pet_annual_mm,-0.42182336871759296,0.42182336871759296,705,True,True,False,True,M4_Spearman_RF
5,Idaho;Montana;Utah;Wyoming,geochem2_nure_W_ppm_median_50km,climate_srad_annual_mean,-0.4201004141554236,0.4201004141554236,833,True,True,False,True,M4_Spearman_RF
5,Idaho;Montana;Utah;Wyoming,geochem1_usgs_As_value_max_50km,climate_vap_annual_mean,-0.4191956066818383,0.4191956066818383,1551,True,True,True,True,M4_Spearman_RF
5,Idaho;Montana;Utah;Wyoming,geochem1_usgs_Pb_value_mean_50km,climate_vpd_annual_mean,0.4179832539896157,0.4179832539896157,1551,True,True,False,True,M4_Spearman_RF
5,Idaho;Montana;Utah;Wyoming,geochem2_nure_Zn_ppm_mean_25km,climate_tmax_annual_mean,-0.4158415989083055,0.4158415989083055,705,True,True,False,True,M4_Spearman_RF
5,Idaho;Montana;Utah;Wyoming,geochem2_nure_Pb_ppm_median_50km,env_climate_swe_annual_mean_mm,-0.4151772555793545,0.4151772555793545,833,True,True,False,True,M4_Spearman_RF
5,Idaho;Montana;Utah;Wyoming,geochem1_usgs_As_value_max_25km,climate_vap_annual_mean,-0.4124562565705145,0.4124562565705145,1547,True,True,True,True,M4_Spearman_RF
5,Idaho;Montana;Utah;Wyoming,geochem2_nure_Bi_ppm_mean_50km,climate_aet_annual_sum,0.41066705380314217,0.41066705380314217,833,True,True,True,True,M4_Spearman_RF
5,Idaho;Montana;Utah;Wyoming,geochem2_nure_Zn_ppm_median_10km,env_climate_pet_annual_mm,-0.40998288742377953,0.40998288742377953,614,True,True,False,True,M4_Spearman_RF
5,Idaho;Montana;Utah;Wyoming,geochem2_nure_Ag_ppm_mean_25km,env_climate_tmean_annual_c,-0.40997186990302814,0.40997186990302814,705,True,True,True,True,M4_Spearman_RF
5,Idaho;Montana;Utah;Wyoming,geochem2_nure_Sb_ppm_max_25km,climate_srad_annual_mean,-0.40916921606675205,0.40916921606675205,705,True,True,True,True,M4_Spearman_RF
5,Idaho;Montana;Utah;Wyoming,geochem1_usgs_Pb_value_max_50km,climate_srad_annual_mean,0.4075858818917409,0.4075858818917409,1551,True,True,False,True,M4_Spearman_RF
5,Idaho;Montana;Utah;Wyoming,geochem1_usgs_Cu_value_median_25km,climate_aet_annual_sum,0.40661537712722007,0.40661537712722007,1551,True,True,False,True,M4_Spearman_RF
5,Idaho;Montana;Utah;Wyoming,geochem2_nure_Zn_ppm_p95_25km,climate_soil_annual_mean,0.4062325345665577,0.4062325345665577,705,True,True,False,True,M4_Spearman_RF
5,Idaho;Montana;Utah;Wyoming,geochem2_nure_Sb_ppm_max_10km,climate_tmax_annual_mean,-0.40543226631582435,0.40543226631582435,614,True,True,True,True,M4_Spearman_RF
5,Idaho;Montana;Utah;Wyoming,geochem2_nure_As_ppm_p95_10km,climate_vap_annual_mean,-0.4047260823691598,0.4047260823691598,614,True,True,True,True,M4_Spearman_RF
5,Idaho;Montana;Utah;Wyoming,geochem2_nure_Mo_ppm_median_10km,climate_vap_annual_mean,-0.40132335087238047,0.40132335087238047,614,True,True,False,True,M4_Spearman_RF
5,Idaho;Montana;Utah;Wyoming,geochem2_nure_Au_sq_ppm_nearest,climate_q_annual_sum,-0.40050658619929247,0.40050658619929247,1334,True,True,True,True,M4_Spearman_RF
5,Idaho;Montana;Utah;Wyoming,geochem2_nure_Ag_ppm_max_50km,climate_soil_annual_mean,0.40018858987790173,0.40018858987790173,833,True,True,True,True,M4_Spearman_RF
5,Idaho;Montana;Utah;Wyoming,geochem2_nure_As_ppm_max_25km,climate_vap_annual_mean,-0.39969590233894375,0.39969590233894375,705,True,True,True,True,M4_Spearman_RF
5,Idaho;Montana;Utah;Wyoming,geochem2_nure_Zn_ppm_mean_50km,climate_soil_annual_mean,0.398826739321047,0.398826739321047,833,True,True,False,True,M4_Spearman_RF
5,Idaho;Montana;Utah;Wyoming,geochem2_nure_Ag_ppm_p95_25km,climate_vap_annual_mean,-0.39528903365710794,0.39528903365710794,705,True,True,True,True,M4_Spearman_RF
5,Idaho;Montana;Utah;Wyoming,geochem1_usgs_Pb_value_median_10km,climate_srad_annual_mean,0.3936355419140137,0.3936355419140137,1486,True,True,False,True,M4_Spearman_RF
5,Idaho;Montana;Utah;Wyoming,geochem2_nure_Zn_ppm_max_50km,climate_soil_annual_mean,0.3932584719093004,0.3932584719093004,833,True,True,False,True,M4_Spearman_RF
5,Idaho;Montana;Utah;Wyoming,geochem2_nure_Ag_ppm_median_10km,env_climate_pet_annual_mm,-0.3932083898680048,0.3932083898680048,614,True,True,True,True,M4_Spearman_RF
5,Idaho;Montana;Utah;Wyoming,geochem1_usgs_Ag_value_max_25km,climate_vap_annual_mean,-0.39154237455199553,0.39154237455199553,1466,True,True,True,True,M4_Spearman_RF
5,Idaho;Montana;Utah;Wyoming,geochem1_usgs_As_value_mean_50km,climate_vap_annual_mean,-0.3855453364406093,0.3855453364406093,1551,True,True,True,True,M4_Spearman_RF
5,Idaho;Montana;Utah;Wyoming,geochem1_usgs_Au_value_max_10km,climate_vap_annual_mean,-0.3827296011869593,0.3827296011869593,1100,True,True,True,True,M4_Spearman_RF
5,Idaho;Montana;Utah;Wyoming,geochem2_nure_Pb_ppm_p95_50km,env_climate_swe_annual_mean_mm,-0.38233163040068147,0.38233163040068147,833,True,True,False,True,M4_Spearman_RF
5,Idaho;Montana;Utah;Wyoming,geochem2_nure_Mo_ppm_median_50km,climate_vap_annual_mean,-0.3811343137596334,0.3811343137596334,833,True,True,False,True,M4_Spearman_RF
5,Idaho;Montana;Utah;Wyoming,geochem1_usgs_Au_value_p95_10km,climate_vap_annual_mean,-0.38096996647965725,0.38096996647965725,1100,True,True,True,True,M4_Spearman_RF
5,Idaho;Montana;Utah;Wyoming,geochem1_usgs_Cu_value_max_50km,climate_vpd_annual_mean,0.38080298314301814,0.38080298314301814,1551,True,True,False,True,M4_Spearman_RF
5,Idaho;Montana;Utah;Wyoming,geochem2_nure_Mo_ppm_mean_10km,climate_vap_annual_mean,-0.3779210015323638,0.3779210015323638,614,True,True,False,True,M4_Spearman_RF
5,Idaho;Montana;Utah;Wyoming,geochem1_usgs_Ag_value_mean_25km,climate_vap_annual_mean,-0.37718655096701875,0.37718655096701875,1466,True,True,True,True,M4_Spearman_RF
5,Idaho;Montana;Utah;Wyoming,geochem2_nure_Ag_ppm_median_50km,climate_srad_annual_mean,-0.3724715570456665,0.3724715570456665,833,True,True,True,True,M4_Spearman_RF
5,Idaho;Montana;Utah;Wyoming,geochem2_nure_Au_sq_ppm_median_25km,climate_vap_annual_mean,-0.37116809360692044,0.37116809360692044,705,True,True,True,True,M4_Spearman_RF
5,Idaho;Montana;Utah;Wyoming,geochem1_usgs_Re_value_median_50km,climate_aet_annual_sum,0.3700269975130151,0.3700269975130151,961,True,True,False,True,M4_Spearman_RF
5,Idaho;Montana;Utah;Wyoming,geochem2_nure_As_ppm_max_50km,climate_vap_annual_mean,-0.36934815378095026,0.36934815378095026,833,True,True,True,True,M4_Spearman_RF
5,Idaho;Montana;Utah;Wyoming,geochem1_usgs_As_value_p95_25km,climate_vap_annual_mean,-0.36750005301241545,0.36750005301241545,1547,True,True,True,True,M4_Spearman_RF
5,Idaho;Montana;Utah;Wyoming,geochem1_usgs_Au_value_max_25km,climate_vap_annual_mean,-0.3670756093865942,0.3670756093865942,1410,True,True,True,True,M4_Spearman_RF
5,Idaho;Montana;Utah;Wyoming,geochem2_nure_Bi_ppm_median_25km,env_climate_swe_annual_mean_mm,-0.36690776286423726,0.36690776286423726,705,True,True,True,True,M4_Spearman_RF
5,Idaho;Montana;Utah;Wyoming,geochem1_usgs_As_value_mean_25km,climate_vap_annual_mean,-0.3629416680135598,0.3629416680135598,1547,True,True,True,True,M4_Spearman_RF
5,Idaho;Montana;Utah;Wyoming,geochem1_usgs_Au_value_median_10km,env_climate_swe_annual_mean_mm,0.36233759565073664,0.36233759565073664,1100,True,True,True,True,M4_Spearman_RF
5,Idaho;Montana;Utah;Wyoming,geochem1_usgs_Ag_value_mean_50km,climate_vap_annual_mean,-0.3617081892383035,0.3617081892383035,1547,True,True,True,True,M4_Spearman_RF
5,Idaho;Montana;Utah;Wyoming,geochem2_nure_Ag_ppm_mean_50km,climate_vap_annual_mean,-0.3615458642600571,0.3615458642600571,833,True,True,True,True,M4_Spearman_RF
5,Idaho;Montana;Utah;Wyoming,geochem1_usgs_As_value_max_10km,climate_vap_annual_mean,-0.3611149412268498,0.3611149412268498,1428,True,True,True,True,M4_Spearman_RF
5,Idaho;Montana;Utah;Wyoming,geochem2_nure_As_ppm_max_10km,climate_vap_annual_mean,-0.3605593911600657,0.3605593911600657,614,True,True,True,True,M4_Spearman_RF
5,Idaho;Montana;Utah;Wyoming,geochem1_usgs_Au_value_mean_10km,climate_vap_annual_mean,-0.3597961302437596,0.3597961302437596,1100,True,True,True,True,M4_Spearman_RF
5,Idaho;Montana;Utah;Wyoming,geochem1_usgs_As_value_p95_50km,climate_vap_annual_mean,-0.35926973686794533,0.35926973686794533,1551,True,True,True,True,M4_Spearman_RF
5,Idaho;Montana;Utah;Wyoming,geochem1_usgs_Ag_value_max_10km,climate_vap_annual_mean,-0.35875214495667657,0.35875214495667657,1148,True,True,True,True,M4_Spearman_RF
5,Idaho;Montana;Utah;Wyoming,geochem2_nure_Ag_ppm_mean_10km,climate_tmax_annual_mean,-0.358046142234222,0.358046142234222,614,True,True,True,True,M4_Spearman_RF
5,Idaho;Montana;Utah;Wyoming,geochem1_usgs_W_value_max_25km,climate_vap_annual_mean,-0.3574197231671431,0.3574197231671431,1501,True,True,False,True,M4_Spearman_RF
5,Idaho;Montana;Utah;Wyoming,geochem2_nure_Mo_ppm_p95_25km,climate_vap_annual_mean,-0.35688076510984135,0.35688076510984135,705,True,True,False,True,M4_Spearman_RF
5,Idaho;Montana;Utah;Wyoming,geochem1_usgs_Pb_value_p95_50km,climate_vpd_annual_mean,0.35660113163304324,0.35660113163304324,1551,True,True,False,True,M4_Spearman_RF
5,Idaho;Montana;Utah;Wyoming,geochem2_nure_Sb_ppm_max_50km,climate_srad_annual_mean,-0.3560989094831502,0.3560989094831502,833,True,True,True,True,M4_Spearman_RF
5,Idaho;Montana;Utah;Wyoming,geochem2_nure_Zn_ppm_max_25km,climate_soil_annual_mean,0.3536956789532427,0.3536956789532427,705,True,True,False,True,M4_Spearman_RF
5,Idaho;Montana;Utah;Wyoming,geochem1_usgs_Cu_value_mean_50km,climate_vpd_annual_mean,0.3533018586345778,0.3533018586345778,1551,True,True,False,True,M4_Spearman_RF
5,Idaho;Montana;Utah;Wyoming,geochem1_usgs_Mo_value_max_50km,climate_srad_annual_mean,0.35248485165848537,0.35248485165848537,1551,True,True,False,True,M4_Spearman_RF
5,Idaho;Montana;Utah;Wyoming,geochem2_nure_Ag_ppm_p95_50km,climate_vap_annual_mean,-0.35217410256851783,0.35217410256851783,833,True,True,True,True,M4_Spearman_RF
5,Idaho;Montana;Utah;Wyoming,geochem1_usgs_Ag_value_p95_25km,climate_vap_annual_mean,-0.3505602063798234,0.3505602063798234,1466,True,True,True,True,M4_Spearman_RF
5,Idaho;Montana;Utah;Wyoming,geochem2_nure_Mo_ppm_p95_10km,climate_tmax_annual_mean,-0.34919989595916323,0.34919989595916323,614,True,True,False,True,M4_Spearman_RF
5,Idaho;Montana;Utah;Wyoming,geochem2_nure_W_ppm_mean_50km,climate_srad_annual_mean,-0.3485829068895092,0.3485829068895092,833,True,True,False,True,M4_Spearman_RF
5,Idaho;Montana;Utah;Wyoming,geochem2_nure_Zn_ppm_p95_10km,climate_soil_annual_mean,0.3484276094748701,0.3484276094748701,614,True,True,False,True,M4_Spearman_RF
5,Idaho;Montana;Utah;Wyoming,geochem1_usgs_Ag_value_p95_50km,climate_vap_annual_mean,-0.3480509111106416,0.3480509111106416,1547,True,True,True,True,M4_Spearman_RF
5,Idaho;Montana;Utah;Wyoming,geochem1_usgs_Sb_value_max_25km,climate_vap_annual_mean,-0.34781395504305135,0.34781395504305135,1535,True,True,True,True,M4_Spearman_RF
5,Idaho;Montana;Utah;Wyoming,geochem1_usgs_Au_value_p95_25km,climate_vap_annual_mean,-0.3475523764634303,0.3475523764634303,1410,True,True,True,True,M4_Spearman_RF
5,Idaho;Montana;Utah;Wyoming,geochem1_usgs_As_value_p95_10km,climate_vap_annual_mean,-0.347019791692058,0.347019791692058,1428,True,True,True,True,M4_Spearman_RF
5,Idaho;Montana;Utah;Wyoming,geochem1_usgs_Bi_value_max_25km,climate_vap_annual_mean,-0.3467340599490877,0.3467340599490877,1515,True,True,True,True,M4_Spearman_RF
5,Idaho;Montana;Utah;Wyoming,geochem1_usgs_Sb_value_max_10km,climate_vap_annual_mean,-0.34638941047734145,0.34638941047734145,1202,True,True,True,True,M4_Spearman_RF
5,Idaho;Montana;Utah;Wyoming,geochem2_nure_Bi_ppm_p95_10km,climate_aet_annual_sum,0.34638674588459384,0.34638674588459384,614,True,True,True,True,M4_Spearman_RF
5,Idaho;Montana;Utah;Wyoming,geochem2_nure_Zn_ppm_mean_10km,climate_tmax_annual_mean,-0.3462205507534947,0.3462205507534947,614,True,True,False,True,M4_Spearman_RF
5,Idaho;Montana;Utah;Wyoming,geochem1_usgs_Au_value_mean_25km,climate_vap_annual_mean,-0.3460399189124473,0.3460399189124473,1410,True,True,True,True,M4_Spearman_RF
5,Idaho;Montana;Utah;Wyoming,geochem2_nure_Zn_ppm_max_10km,env_aridity_index_ppt_pet,0.34313209968039976,0.34313209968039976,614,True,True,False,True,M4_Spearman_RF
5,Idaho;Montana;Utah;Wyoming,geochem1_usgs_Au_value_median_50km,env_climate_swe_annual_mean_mm,0.34157504461067895,0.34157504461067895,1513,True,True,True,True,M4_Spearman_RF
5,Idaho;Montana;Utah;Wyoming,geochem1_usgs_Pb_value_mean_25km,climate_srad_annual_mean,0.34092466248924586,0.34092466248924586,1551,True,True,False,True,M4_Spearman_RF
5,Idaho;Montana;Utah;Wyoming,geochem1_usgs_Zn_value_max_50km,climate_srad_annual_mean,0.3407026744261749,0.3407026744261749,1551,True,True,False,True,M4_Spearman_RF
5,Idaho;Montana;Utah;Wyoming,geochem1_usgs_Ag_value_max_50km,climate_vap_annual_mean,-0.33999039322205504,0.33999039322205504,1547,True,True,True,True,M4_Spearman_RF
5,Idaho;Montana;Utah;Wyoming,geochem1_usgs_W_value_mean_25km,climate_vap_annual_mean,-0.3380143634618772,0.3380143634618772,1501,True,True,False,True,M4_Spearman_RF
5,Idaho;Montana;Utah;Wyoming,geochem2_nure_Ag_ppm_p95_10km,climate_tmax_annual_mean,-0.33779832143521327,0.33779832143521327,614,True,True,True,True,M4_Spearman_RF
5,Idaho;Montana;Utah;Wyoming,geochem2_nure_Bi_ppm_max_10km,climate_aet_annual_sum,0.337550604526436,0.337550604526436,614,True,True,True,True,M4_Spearman_RF
5,Idaho;Montana;Utah;Wyoming,geochem1_usgs_Au_value_median_25km,env_climate_swe_annual_mean_mm,0.3367588936805029,0.3367588936805029,1410,True,True,True,True,M4_Spearman_RF
5,Idaho;Montana;Utah;Wyoming,geochem2_nure_Mo_ppm_mean_25km,climate_vap_annual_mean,-0.3342762729806887,0.3342762729806887,705,True,True,False,True,M4_Spearman_RF
5,Idaho;Montana;Utah;Wyoming,geochem1_usgs_Bi_value_max_50km,climate_vpd_annual_mean,0.3339960527824287,0.3339960527824287,1551,True,True,True,True,M4_Spearman_RF
5,Idaho;Montana;Utah;Wyoming,geochem1_usgs_Sb_value_p95_10km,climate_vap_annual_mean,-0.33195290836723984,0.33195290836723984,1202,True,True,True,True,M4_Spearman_RF
5,Idaho;Montana;Utah;Wyoming,geochem1_usgs_As_value_p95_5km,climate_vap_annual_mean,-0.3311023152768059,0.3311023152768059,1145,True,True,True,True,M4_Spearman_RF
5,Idaho;Montana;Utah;Wyoming,geochem2_nure_Re_ppm_max_50km,climate_soil_annual_mean,0.33045792294181064,0.33045792294181064,800,True,True,False,True,M4_Spearman_RF
5,Idaho;Montana;Utah;Wyoming,geochem2_nure_Cu_ppm_max_50km,climate_aet_annual_sum,0.3295168075701913,0.3295168075701913,833,True,True,False,True,M4_Spearman_RF
5,Idaho;Montana;Utah;Wyoming,geochem1_usgs_Ag_value_mean_10km,climate_vap_annual_mean,-0.3288699930757078,0.3288699930757078,1148,True,True,True,True,M4_Spearman_RF
5,Idaho;Montana;Utah;Wyoming,geochem1_usgs_Pb_value_nearest,climate_srad_annual_mean,0.32852267882715214,0.32852267882715214,1132,True,True,False,True,M4_Spearman_RF
5,Idaho;Montana;Utah;Wyoming,geochem1_usgs_Ag_value_p95_10km,climate_vap_annual_mean,-0.32796584486539476,0.32796584486539476,1148,True,True,True,True,M4_Spearman_RF
5,Idaho;Montana;Utah;Wyoming,geochem1_usgs_As_value_max_5km,climate_vap_annual_mean,-0.3279362832769937,0.3279362832769937,1145,True,True,True,True,M4_Spearman_RF
5,Idaho;Montana;Utah;Wyoming,geochem1_usgs_Sb_value_p95_5km,climate_vap_annual_mean,-0.32778092065406156,0.32778092065406156,918,True,True,True,True,M4_Spearman_RF
5,Idaho;Montana;Utah;Wyoming,geochem2_nure_W_ppm_p95_10km,climate_tmax_annual_mean,-0.32744076433006236,0.32744076433006236,614,True,True,False,True,M4_Spearman_RF
5,Idaho;Montana;Utah;Wyoming,geochem2_nure_Cu_ppm_nearest,env_climate_swe_annual_mean_mm,-0.32591082651788633,0.32591082651788633,1551,True,True,False,True,M4_Spearman_RF
5,Idaho;Montana;Utah;Wyoming,geochem2_nure_Au_sq_ppm_median_10km,climate_vap_annual_mean,-0.325526163202506,0.325526163202506,613,True,True,True,True,M4_Spearman_RF
5,Idaho;Montana;Utah;Wyoming,geochem2_nure_Bi_ppm_mean_25km,climate_aet_annual_sum,0.3248982532278231,0.3248982532278231,705,True,True,True,True,M4_Spearman_RF
5,Idaho;Montana;Utah;Wyoming,geochem2_nure_Pb_ppm_median_25km,env_climate_swe_annual_mean_mm,-0.3245890987600183,0.3245890987600183,705,True,True,False,True,M4_Spearman_RF
5,Idaho;Montana;Utah;Wyoming,geochem1_usgs_Sb_value_max_5km,climate_vap_annual_mean,-0.3243111488103518,0.3243111488103518,918,True,True,True,True,M4_Spearman_RF
5,Idaho;Montana;Utah;Wyoming,geochem1_usgs_Bi_value_mean_25km,climate_vap_annual_mean,-0.32395226485701745,0.32395226485701745,1515,True,True,True,True,M4_Spearman_RF
5,Idaho;Montana;Utah;Wyoming,geochem1_usgs_Re_value_max_25km,climate_tmax_annual_mean,-0.32332825927757386,0.32332825927757386,705,True,True,False,True,M4_Spearman_RF
5,Idaho;Montana;Utah;Wyoming,geochem2_nure_Mo_ppm_max_10km,climate_tmax_annual_mean,-0.32305359131025024,0.32305359131025024,614,True,True,False,True,M4_Spearman_RF
5,Idaho;Montana;Utah;Wyoming,geochem1_usgs_Sb_value_max_50km,climate_vap_annual_mean,-0.3226190397776043,0.3226190397776043,1551,True,True,True,True,M4_Spearman_RF
5,Idaho;Montana;Utah;Wyoming,geochem1_usgs_As_value_mean_10km,climate_vap_annual_mean,-0.32195537510270256,0.32195537510270256,1428,True,True,True,True,M4_Spearman_RF
5,Idaho;Montana;Utah;Wyoming,geochem1_usgs_Sb_value_mean_25km,climate_vap_annual_mean,-0.3211458643420059,0.3211458643420059,1535,True,True,True,True,M4_Spearman_RF
5,Idaho;Montana;Utah;Wyoming,geochem2_nure_Cu_ppm_max_25km,climate_aet_annual_sum,0.32090820608829523,0.32090820608829523,705,True,True,False,True,M4_Spearman_RF
5,Idaho;Montana;Utah;Wyoming,geochem1_usgs_Au_value_median_5km,env_climate_swe_annual_mean_mm,0.31991845746838277,0.31991845746838277,771,True,True,True,True,M4_Spearman_RF
5,Idaho;Montana;Utah;Wyoming,geochem2_nure_Ag_ppm_max_25km,climate_vap_annual_mean,-0.31985184964742674,0.31985184964742674,705,True,True,True,True,M4_Spearman_RF
5,Idaho;Montana;Utah;Wyoming,geochem1_usgs_Sb_value_p95_25km,climate_vap_annual_mean,-0.3194180180231496,0.3194180180231496,1535,True,True,True,True,M4_Spearman_RF
5,Idaho;Montana;Utah;Wyoming,geochem1_usgs_Sb_value_mean_10km,climate_vap_annual_mean,-0.31887928079814554,0.31887928079814554,1202,True,True,True,True,M4_Spearman_RF
5,Idaho;Montana;Utah;Wyoming,geochem1_usgs_Zn_value_max_25km,climate_vap_annual_mean,-0.3175037601292925,0.3175037601292925,1551,True,True,False,True,M4_Spearman_RF
5,Idaho;Montana;Utah;Wyoming,geochem1_usgs_Re_value_mean_50km,climate_aet_annual_sum,0.3173196395061367,0.3173196395061367,961,True,True,False,True,M4_Spearman_RF
5,Idaho;Montana;Utah;Wyoming,geochem1_usgs_W_value_max_50km,climate_vpd_annual_mean,0.3170286638459015,0.3170286638459015,1551,True,True,False,True,M4_Spearman_RF
5,Idaho;Montana;Utah;Wyoming,geochem1_usgs_W_value_median_25km,climate_vap_annual_mean,-0.31698505669979393,0.31698505669979393,1501,True,True,False,True,M4_Spearman_RF
5,Idaho;Montana;Utah;Wyoming,geochem1_usgs_Zn_value_median_25km,climate_q_annual_sum,0.31681021090270345,0.31681021090270345,1551,True,True,False,True,M4_Spearman_RF
5,Idaho;Montana;Utah;Wyoming,geochem1_usgs_Zn_value_median_50km,climate_soil_annual_mean,0.31622156922822414,0.31622156922822414,1551,True,True,False,True,M4_Spearman_RF
5,Idaho;Montana;Utah;Wyoming,geochem1_usgs_Pb_value_max_25km,climate_vap_annual_mean,-0.31482687247096447,0.31482687247096447,1551,True,True,False,True,M4_Spearman_RF
5,Idaho;Montana;Utah;Wyoming,geochem1_usgs_Sb_value_mean_5km,climate_vap_annual_mean,-0.31427870739537084,0.31427870739537084,918,True,True,True,True,M4_Spearman_RF
5,Idaho;Montana;Utah;Wyoming,geochem1_usgs_Re_value_max_50km,climate_tmax_annual_mean,-0.31270659343642515,0.31270659343642515,961,True,True,False,True,M4_Spearman_RF
5,Idaho;Montana;Utah;Wyoming,geochem1_usgs_Re_value_p95_50km,climate_aet_annual_sum,0.3123466728545043,0.3123466728545043,961,True,True,False,True,M4_Spearman_RF
5,Idaho;Montana;Utah;Wyoming,geochem1_usgs_Sb_value_median_50km,env_climate_ppt_annual_mm,-0.31226769060703424,0.31226769060703424,1551,True,True,True,True,M4_Spearman_RF
5,Idaho;Montana;Utah;Wyoming,geochem1_usgs_Au_value_max_50km,climate_vpd_annual_mean,0.3117808410888135,0.3117808410888135,1513,True,True,True,True,M4_Spearman_RF
5,Idaho;Montana;Utah;Wyoming,geochem2_nure_W_ppm_p95_25km,env_climate_tmean_annual_c,-0.30803059784671977,0.30803059784671977,705,True,True,False,True,M4_Spearman_RF
5,Idaho;Montana;Utah;Wyoming,geochem2_nure_Re_ppm_median_50km,climate_srad_annual_mean,0.307753155392844,0.307753155392844,800,True,True,False,True,M4_Spearman_RF
5,Idaho;Montana;Utah;Wyoming,geochem1_usgs_As_value_mean_5km,climate_vap_annual_mean,-0.3073248329185948,0.3073248329185948,1145,True,True,True,True,M4_Spearman_RF
5,Idaho;Montana;Utah;Wyoming,geochem2_nure_Re_ppm_mean_50km,climate_aet_annual_sum,0.30694424542530097,0.30694424542530097,800,True,True,False,True,M4_Spearman_RF
5,Idaho;Montana;Utah;Wyoming,geochem1_usgs_Sb_value_mean_50km,climate_vap_annual_mean,-0.30670644669826064,0.30670644669826064,1551,True,True,True,True,M4_Spearman_RF
5,Idaho;Montana;Utah;Wyoming,geochem1_usgs_Pb_value_median_5km,climate_srad_annual_mean,0.3063885721776903,0.3063885721776903,1251,True,True,False,True,M4_Spearman_RF
5,Idaho;Montana;Utah;Wyoming,geochem1_usgs_W_value_mean_10km,climate_vap_annual_mean,-0.305664811047447,0.305664811047447,1097,True,True,False,True,M4_Spearman_RF
5,Idaho;Montana;Utah;Wyoming,geochem1_usgs_Pb_value_p95_25km,climate_vpd_annual_mean,0.305652229707516,0.305652229707516,1551,True,True,False,True,M4_Spearman_RF
5,Idaho;Montana;Utah;Wyoming,geochem2_nure_Ag_ppm_max_10km,climate_tmax_annual_mean,-0.3036075892288142,0.3036075892288142,614,True,True,True,True,M4_Spearman_RF
5,Idaho;Montana;Utah;Wyoming,geochem1_usgs_W_value_median_10km,climate_vap_annual_mean,-0.30307437213946387,0.30307437213946387,1097,True,True,False,True,M4_Spearman_RF
5,Idaho;Montana;Utah;Wyoming,geochem2_nure_Bi_ppm_median_10km,env_climate_swe_annual_mean_mm,-0.3022768248090272,0.3022768248090272,614,True,True,True,True,M4_Spearman_RF
5,Idaho;Montana;Utah;Wyoming,geochem1_usgs_Ag_value_median_5km,env_climate_tmean_annual_c,-0.29940047647327045,0.29940047647327045,909,False,False,True,False,M4_Spearman_RF
5,Idaho;Montana;Utah;Wyoming,geochem1_usgs_Pb_value_mean_10km,climate_srad_annual_mean,0.29780775574486473,0.29780775574486473,1486,False,False,False,False,M4_Spearman_RF
5,Idaho;Montana;Utah;Wyoming,geochem1_usgs_Mo_value_max_25km,climate_vap_annual_mean,-0.29745708687554534,0.29745708687554534,1547,False,False,False,False,M4_Spearman_RF
5,Idaho;Montana;Utah;Wyoming,geochem1_usgs_W_value_max_10km,climate_vap_annual_mean,-0.2969183051985812,0.2969183051985812,1097,False,False,False,False,M4_Spearman_RF
5,Idaho;Montana;Utah;Wyoming,geochem1_usgs_Mo_value_max_10km,climate_vap_annual_mean,-0.29391124689149867,0.29391124689149867,1336,False,False,False,False,M4_Spearman_RF
5,Idaho;Montana;Utah;Wyoming,geochem1_usgs_Sb_value_nearest,climate_vap_annual_mean,-0.29295560073530813,0.29295560073530813,504,False,False,True,False,M4_Spearman_RF
5,Idaho;Montana;Utah;Wyoming,geochem1_usgs_Ag_value_median_10km,env_climate_tmean_annual_c,-0.29108892654783985,0.29108892654783985,1148,False,False,True,False,M4_Spearman_RF
5,Idaho;Montana;Utah;Wyoming,geochem1_usgs_Pb_value_max_10km,climate_vap_annual_mean,-0.2896651275523506,0.2896651275523506,1486,False,False,False,False,M4_Spearman_RF
5,Idaho;Montana;Utah;Wyoming,geochem2_nure_Pb_ppm_p95_25km,env_climate_swe_annual_mean_mm,-0.28943836542744056,0.28943836542744056,705,False,False,False,False,M4_Spearman_RF
5,Idaho;Montana;Utah;Wyoming,geochem2_nure_Bi_ppm_nearest,climate_srad_annual_mean,0.28927577057919945,0.28927577057919945,1551,False,False,True,False,M4_Spearman_RF
5,Idaho;Montana;Utah;Wyoming,geochem2_nure_Mo_ppm_p95_50km,climate_vap_annual_mean,-0.288778102675269,0.288778102675269,833,False,False,False,False,M4_Spearman_RF
5,Idaho;Montana;Utah;Wyoming,geochem2_nure_Pb_ppm_mean_50km,env_climate_swe_annual_mean_mm,-0.2867167223047506,0.2867167223047506,833,False,False,False,False,M4_Spearman_RF
5,Idaho;Montana;Utah;Wyoming,geochem1_usgs_Au_value_p95_50km,climate_vap_annual_mean,-0.286120656211999,0.286120656211999,1513,False,False,True,False,M4_Spearman_RF
5,Idaho;Montana;Utah;Wyoming,geochem1_usgs_Sb_value_median_5km,climate_vap_annual_mean,-0.28470139986322485,0.28470139986322485,918,False,False,True,False,M4_Spearman_RF
5,Idaho;Montana;Utah;Wyoming,geochem2_nure_Pb_ppm_max_10km,climate_aet_annual_sum,0.28428147621063304,0.28428147621063304,614,False,False,False,False,M4_Spearman_RF
5,Idaho;Montana;Utah;Wyoming,geochem1_usgs_Sb_value_p95_50km,climate_vap_annual_mean,-0.284252654816639,0.284252654816639,1551,False,False,True,False,M4_Spearman_RF
5,Idaho;Montana;Utah;Wyoming,geochem1_usgs_Ag_value_median_50km,climate_vpd_annual_mean,-0.2837492212031657,0.2837492212031657,1547,False,False,True,False,M4_Spearman_RF
5,Idaho;Montana;Utah;Wyoming,geochem1_usgs_Bi_value_mean_50km,climate_soil_annual_mean,-0.2829786365611008,0.2829786365611008,1551,False,False,True,False,M4_Spearman_RF
5,Idaho;Montana;Utah;Wyoming,geochem2_nure_W_ppm_max_10km,climate_tmax_annual_mean,-0.28241730639275,0.28241730639275,614,False,False,False,False,M4_Spearman_RF
5,Idaho;Montana;Utah;Wyoming,geochem1_usgs_W_value_p95_10km,climate_vap_annual_mean,-0.28141401974464875,0.28141401974464875,1097,False,False,False,False,M4_Spearman_RF
5,Idaho;Montana;Utah;Wyoming,geochem1_usgs_Bi_value_p95_25km,climate_vap_annual_mean,-0.278030992573462,0.278030992573462,1515,False,False,True,False,M4_Spearman_RF
5,Idaho;Montana;Utah;Wyoming,geochem1_usgs_W_value_mean_50km,climate_vap_annual_mean,-0.27802358211068784,0.27802358211068784,1551,False,False,False,False,M4_Spearman_RF
5,Idaho;Montana;Utah;Wyoming,geochem2_nure_Bi_ppm_max_50km,climate_aet_annual_sum,0.27678703804127214,0.27678703804127214,833,False,False,True,False,M4_Spearman_RF
5,Idaho;Montana;Utah;Wyoming,geochem1_usgs_Zn_value_max_10km,climate_vap_annual_mean,-0.2752175237238845,0.2752175237238845,1492,False,False,False,False,M4_Spearman_RF
5,Idaho;Montana;Utah;Wyoming,geochem2_nure_Re_ppm_max_25km,env_climate_deficit_annual_mm,-0.27449914885911025,0.27449914885911025,634,False,False,False,False,M4_Spearman_RF
5,Idaho;Montana;Utah;Wyoming,geochem1_usgs_Mo_value_mean_50km,climate_srad_annual_mean,0.27371067283746825,0.27371067283746825,1551,False,False,False,False,M4_Spearman_RF
5,Idaho;Montana;Utah;Wyoming,geochem1_usgs_Mo_value_p95_10km,climate_vap_annual_mean,-0.2732755285793746,0.2732755285793746,1336,False,False,False,False,M4_Spearman_RF
5,Idaho;Montana;Utah;Wyoming,geochem1_usgs_W_value_p95_25km,climate_vap_annual_mean,-0.27203010251109916,0.27203010251109916,1501,False,False,False,False,M4_Spearman_RF
5,Idaho;Montana;Utah;Wyoming,geochem1_usgs_Zn_value_median_10km,env_climate_ppt_annual_mm,0.2714769137417985,0.2714769137417985,1492,False,False,False,False,M4_Spearman_RF
5,Idaho;Montana;Utah;Wyoming,geochem1_usgs_As_value_median_50km,climate_vap_annual_mean,-0.2701211391078252,0.2701211391078252,1551,False,False,True,False,M4_Spearman_RF
5,Idaho;Montana;Utah;Wyoming,geochem1_usgs_Mo_value_p95_25km,climate_vap_annual_mean,-0.2695262606866857,0.2695262606866857,1547,False,False,False,False,M4_Spearman_RF
5,Idaho;Montana;Utah;Wyoming,geochem2_nure_Pb_ppm_median_10km,climate_srad_annual_mean,0.26742488878342296,0.26742488878342296,614,False,False,False,False,M4_Spearman_RF
5,Idaho;Montana;Utah;Wyoming,geochem1_usgs_Mo_value_p95_50km,climate_srad_annual_mean,0.26703209054799787,0.26703209054799787,1551,False,False,False,False,M4_Spearman_RF
5,Idaho;Montana;Utah;Wyoming,geochem1_usgs_As_value_median_25km,climate_vap_annual_mean,-0.2669950830302706,0.2669950830302706,1547,False,False,True,False,M4_Spearman_RF
5,Idaho;Montana;Utah;Wyoming,geochem2_nure_W_ppm_max_25km,climate_soil_annual_mean,0.2662556829731906,0.2662556829731906,705,False,False,False,False,M4_Spearman_RF
5,Idaho;Montana;Utah;Wyoming,geochem1_usgs_W_value_median_5km,climate_tmin_annual_mean,-0.265888586236998,0.265888586236998,792,False,False,False,False,M4_Spearman_RF
5,Idaho;Montana;Utah;Wyoming,geochem2_nure_Re_ppm_p95_50km,climate_aet_annual_sum,0.2652210184455621,0.2652210184455621,800,False,False,False,False,M4_Spearman_RF
5,Idaho;Montana;Utah;Wyoming,geochem2_nure_Bi_ppm_mean_10km,climate_aet_annual_sum,0.26319877451802626,0.26319877451802626,614,False,False,True,False,M4_Spearman_RF
5,Idaho;Montana;Utah;Wyoming,geochem1_usgs_W_value_mean_5km,climate_tmin_annual_mean,-0.26274244539082736,0.26274244539082736,792,False,False,False,False,M4_Spearman_RF
5,Idaho;Montana;Utah;Wyoming,geochem1_usgs_Sb_value_median_10km,climate_vap_annual_mean,-0.26143147990032745,0.26143147990032745,1202,False,False,True,False,M4_Spearman_RF
5,Idaho;Montana;Utah;Wyoming,geochem1_usgs_W_value_median_50km,climate_vap_annual_mean,-0.2604322373876494,0.2604322373876494,1551,False,False,False,False,M4_Spearman_RF
5,Idaho;Montana;Utah;Wyoming,geochem2_nure_W_ppm_max_50km,climate_soil_annual_mean,0.2593219654785928,0.2593219654785928,833,False,False,False,False,M4_Spearman_RF
5,Idaho;Montana;Utah;Wyoming,geochem1_usgs_Ag_value_median_25km,climate_tmin_annual_mean,-0.25837561261027187,0.25837561261027187,1466,False,False,True,False,M4_Spearman_RF
5,Idaho;Montana;Utah;Wyoming,geochem2_nure_Pb_ppm_mean_10km,climate_srad_annual_mean,0.2559460466413133,0.2559460466413133,614,False,False,False,False,M4_Spearman_RF
5,Idaho;Montana;Utah;Wyoming,geochem1_usgs_Pb_value_p95_10km,climate_srad_annual_mean,0.2555941871082477,0.2555941871082477,1486,False,False,False,False,M4_Spearman_RF
5,Idaho;Montana;Utah;Wyoming,geochem2_nure_Re_ppm_median_25km,climate_srad_annual_mean,0.2543323331393427,0.2543323331393427,634,False,False,False,False,M4_Spearman_RF
5,Idaho;Montana;Utah;Wyoming,geochem1_usgs_Cu_value_median_10km,climate_aet_annual_sum,0.25401930067883505,0.25401930067883505,1482,False,False,False,False,M4_Spearman_RF
5,Idaho;Montana;Utah;Wyoming,geochem1_usgs_Cu_value_median_5km,climate_aet_annual_sum,0.25369773404713053,0.25369773404713053,1172,False,False,False,False,M4_Spearman_RF
5,Idaho;Montana;Utah;Wyoming,geochem2_nure_Bi_ppm_max_25km,climate_aet_annual_sum,0.25326845278602067,0.25326845278602067,705,False,False,True,False,M4_Spearman_RF
5,Idaho;Montana;Utah;Wyoming,geochem1_usgs_Au_value_mean_50km,climate_q_annual_sum,-0.25297013491326636,0.25297013491326636,1513,False,False,True,False,M4_Spearman_RF
5,Idaho;Montana;Utah;Wyoming,geochem2_nure_Pb_ppm_p95_10km,climate_aet_annual_sum,0.2527858416586328,0.2527858416586328,614,False,False,False,False,M4_Spearman_RF
5,Idaho;Montana;Utah;Wyoming,geochem1_usgs_Cu_value_max_25km,climate_vpd_annual_mean,0.2506657727101299,0.2506657727101299,1551,False,False,False,False,M4_Spearman_RF
5,Idaho;Montana;Utah;Wyoming,geochem1_usgs_Cu_value_p95_50km,env_climate_swe_annual_mean_mm,-0.25049165964921694,0.25049165964921694,1551,False,False,False,False,M4_Spearman_RF
5,Idaho;Montana;Utah;Wyoming,geochem1_usgs_Sb_value_median_25km,climate_vap_annual_mean,-0.24852875798350998,0.24852875798350998,1535,False,False,True,False,M4_Spearman_RF
5,Idaho;Montana;Utah;Wyoming,geochem1_usgs_As_value_median_5km,climate_vap_annual_mean,-0.24817045774445068,0.24817045774445068,1145,False,False,True,False,M4_Spearman_RF
5,Idaho;Montana;Utah;Wyoming,geochem2_nure_Au_sq_ppm_mean_10km,climate_vap_annual_mean,-0.24747652414208712,0.24747652414208712,613,False,False,True,False,M4_Spearman_RF
5,Idaho;Montana;Utah;Wyoming,geochem1_usgs_Re_value_p95_25km,climate_dtr_annual_mean,-0.24363363080871273,0.24363363080871273,705,False,False,False,False,M4_Spearman_RF
5,Idaho;Montana;Utah;Wyoming,geochem1_usgs_Pb_value_mean_5km,climate_srad_annual_mean,0.24202817610611518,0.24202817610611518,1251,False,False,False,False,M4_Spearman_RF
5,Idaho;Montana;Utah;Wyoming,geochem1_usgs_As_value_median_10km,climate_vap_annual_mean,-0.2403519557782776,0.2403519557782776,1428,False,False,True,False,M4_Spearman_RF
5,Idaho;Montana;Utah;Wyoming,geochem1_usgs_Bi_value_max_10km,climate_vap_annual_mean,-0.23808348731109108,0.23808348731109108,1101,False,False,True,False,M4_Spearman_RF
5,Idaho;Montana;Utah;Wyoming,geochem1_usgs_W_value_p95_5km,climate_tmin_annual_mean,-0.23708036516622144,0.23708036516622144,792,False,False,False,False,M4_Spearman_RF
5,Idaho;Montana;Utah;Wyoming,geochem1_usgs_Mo_value_mean_25km,climate_vap_annual_mean,-0.23683565915993757,0.23683565915993757,1547,False,False,False,False,M4_Spearman_RF
5,Idaho;Montana;Utah;Wyoming,geochem1_usgs_Ag_value_mean_5km,climate_tmin_annual_mean,-0.234690511449648,0.234690511449648,909,False,False,True,False,M4_Spearman_RF
5,Idaho;Montana;Utah;Wyoming,geochem1_usgs_W_value_max_5km,climate_tmin_annual_mean,-0.2340672365000055,0.2340672365000055,792,False,False,False,False,M4_Spearman_RF
5,Idaho;Montana;Utah;Wyoming,geochem2_nure_Pb_ppm_mean_25km,env_climate_swe_annual_mean_mm,-0.23187219833806297,0.23187219833806297,705,False,False,False,False,M4_Spearman_RF
5,Idaho;Montana;Utah;Wyoming,geochem1_usgs_Cu_value_nearest,climate_aet_annual_sum,0.2309263630492677,0.2309263630492677,995,False,False,False,False,M4_Spearman_RF
5,Idaho;Montana;Utah;Wyoming,geochem1_usgs_Mo_value_median_50km,climate_tmin_annual_mean,-0.22958808499210967,0.22958808499210967,1551,False,False,False,False,M4_Spearman_RF
5,Idaho;Montana;Utah;Wyoming,geochem2_nure_Mo_ppm_mean_50km,climate_vap_annual_mean,-0.2280315041260835,0.2280315041260835,833,False,False,False,False,M4_Spearman_RF
5,Idaho;Montana;Utah;Wyoming,geochem1_usgs_Bi_value_p95_50km,climate_soil_annual_mean,-0.22797302442869163,0.22797302442869163,1551,False,False,True,False,M4_Spearman_RF
5,Idaho;Montana;Utah;Wyoming,geochem1_usgs_Zn_value_median_5km,env_climate_ppt_annual_mm,0.22667156573830402,0.22667156573830402,1279,False,False,False,False,M4_Spearman_RF
5,Idaho;Montana;Utah;Wyoming,geochem1_usgs_Ag_value_max_5km,climate_vap_annual_mean,-0.22625192370224279,0.22625192370224279,909,False,False,True,False,M4_Spearman_RF
5,Idaho;Montana;Utah;Wyoming,geochem1_usgs_Re_value_mean_25km,climate_dtr_annual_mean,-0.22535892881356237,0.22535892881356237,705,False,False,False,False,M4_Spearman_RF
5,Idaho;Montana;Utah;Wyoming,geochem1_usgs_Mo_value_median_5km,climate_tmax_annual_mean,-0.22355127689146478,0.22355127689146478,1029,False,False,False,False,M4_Spearman_RF
5,Idaho;Montana;Utah;Wyoming,geochem1_usgs_Ag_value_p95_5km,climate_vap_annual_mean,-0.2235189288633135,0.2235189288633135,909,False,False,True,False,M4_Spearman_RF
5,Idaho;Montana;Utah;Wyoming,geochem1_usgs_Zn_value_mean_50km,climate_srad_annual_mean,0.22192130991916295,0.22192130991916295,1551,False,False,False,False,M4_Spearman_RF
5,Idaho;Montana;Utah;Wyoming,geochem1_usgs_Bi_value_median_50km,climate_srad_annual_mean,0.2202685383119157,0.2202685383119157,1551,False,False,True,False,M4_Spearman_RF
5,Idaho;Montana;Utah;Wyoming,geochem1_usgs_Pb_value_p95_5km,climate_srad_annual_mean,0.22017393575372182,0.22017393575372182,1251,False,False,False,False,M4_Spearman_RF
5,Idaho;Montana;Utah;Wyoming,geochem1_usgs_Zn_value_max_5km,climate_vap_annual_mean,-0.21895943734963091,0.21895943734963091,1279,False,False,False,False,M4_Spearman_RF
5,Idaho;Montana;Utah;Wyoming,geochem1_usgs_Mo_value_median_25km,climate_tmin_annual_mean,-0.2163087490763458,0.2163087490763458,1547,False,False,False,False,M4_Spearman_RF
5,Idaho;Montana;Utah;Wyoming,geochem2_nure_W_ppm_p95_50km,climate_aet_annual_sum,0.2162967241258278,0.2162967241258278,833,False,False,False,False,M4_Spearman_RF
5,Idaho;Montana;Utah;Wyoming,geochem1_usgs_Au_value_mean_5km,climate_tmin_annual_mean,-0.21538669138555688,0.21538669138555688,771,False,False,True,False,M4_Spearman_RF
5,Idaho;Montana;Utah;Wyoming,geochem1_usgs_Mo_value_mean_10km,climate_vap_annual_mean,-0.21500984290433156,0.21500984290433156,1336,False,False,False,False,M4_Spearman_RF
5,Idaho;Montana;Utah;Wyoming,geochem2_nure_Au_sq_ppm_mean_25km,climate_vap_annual_mean,-0.214838497501109,0.214838497501109,705,False,False,True,False,M4_Spearman_RF
5,Idaho;Montana;Utah;Wyoming,geochem1_usgs_Zn_value_p95_10km,climate_vap_annual_mean,-0.2126289931305045,0.2126289931305045,1492,False,False,False,False,M4_Spearman_RF
5,Idaho;Montana;Utah;Wyoming,geochem1_usgs_Bi_value_mean_10km,climate_vap_annual_mean,-0.21235598905034345,0.21235598905034345,1101,False,False,True,False,M4_Spearman_RF
5,Idaho;Montana;Utah;Wyoming,geochem1_usgs_Zn_value_mean_25km,climate_ws_annual_mean,0.2114592544209447,0.2114592544209447,1551,False,False,False,False,M4_Spearman_RF
5,Idaho;Montana;Utah;Wyoming,geochem2_nure_Pb_ppm_max_25km,climate_aet_annual_sum,0.21112229054057816,0.21112229054057816,705,False,False,False,False,M4_Spearman_RF
5,Idaho;Montana;Utah;Wyoming,geochem1_usgs_Pb_value_max_5km,climate_vap_annual_mean,-0.21035416817315017,0.21035416817315017,1251,False,False,False,False,M4_Spearman_RF
5,Idaho;Montana;Utah;Wyoming,geochem1_usgs_Cu_value_mean_25km,climate_srad_annual_mean,0.20892493607452015,0.20892493607452015,1551,False,False,False,False,M4_Spearman_RF
5,Idaho;Montana;Utah;Wyoming,geochem1_usgs_Zn_value_nearest,env_climate_ppt_annual_mm,0.20886038578734298,0.20886038578734298,1251,False,False,False,False,M4_Spearman_RF
5,Idaho;Montana;Utah;Wyoming,geochem1_usgs_Bi_value_p95_10km,climate_vap_annual_mean,-0.20750571367163653,0.20750571367163653,1101,False,False,True,False,M4_Spearman_RF
5,Idaho;Montana;Utah;Wyoming,geochem1_usgs_Au_value_p95_5km,climate_vap_annual_mean,-0.20711658004810019,0.20711658004810019,771,False,False,True,False,M4_Spearman_RF
5,Idaho;Montana;Utah;Wyoming,geochem1_usgs_Re_value_median_25km,climate_aet_annual_sum,0.20706897446189637,0.20706897446189637,705,False,False,False,False,M4_Spearman_RF
5,Idaho;Montana;Utah;Wyoming,geochem2_nure_Au_sq_ppm_p95_10km,climate_ws_annual_mean,0.20595807122675397,0.20595807122675397,613,False,False,True,False,M4_Spearman_RF
5,Idaho;Montana;Utah;Wyoming,geochem2_nure_Pb_ppm_max_50km,climate_aet_annual_sum,0.20565238845171158,0.20565238845171158,833,False,False,False,False,M4_Spearman_RF
5,Idaho;Montana;Utah;Wyoming,geochem1_usgs_Au_value_max_5km,climate_vap_annual_mean,-0.20204805749278545,0.20204805749278545,771,False,False,True,False,M4_Spearman_RF
5,Idaho;Montana;Utah;Wyoming,geochem1_usgs_Bi_value_median_25km,climate_srad_annual_mean,0.2019430554454632,0.2019430554454632,1515,False,False,True,False,M4_Spearman_RF
5,Idaho;Montana;Utah;Wyoming,geochem2_nure_Au_sq_ppm_p95_50km,env_climate_ppt_annual_mm,-0.2005611031404381,0.2005611031404381,833,False,False,True,False,M4_Spearman_RF
5,Idaho;Montana;Utah;Wyoming,geochem1_usgs_Mo_value_max_5km,climate_vap_annual_mean,-0.19918217210253894,0.19918217210253894,1029,False,False,False,False,M4_Spearman_RF
5,Idaho;Montana;Utah;Wyoming,geochem1_usgs_As_value_nearest,climate_vap_annual_mean,-0.1964176920922572,0.1964176920922572,831,False,False,True,False,M4_Spearman_RF
5,Idaho;Montana;Utah;Wyoming,geochem1_usgs_Zn_value_p95_5km,climate_vap_annual_mean,-0.1960767296394074,0.1960767296394074,1279,False,False,False,False,M4_Spearman_RF
5,Idaho;Montana;Utah;Wyoming,geochem1_usgs_Mo_value_p95_5km,climate_vap_annual_mean,-0.19306049453739135,0.19306049453739135,1029,False,False,False,False,M4_Spearman_RF
5,Idaho;Montana;Utah;Wyoming,geochem2_nure_Au_sq_ppm_mean_50km,env_climate_ppt_annual_mm,-0.1893226539135878,0.1893226539135878,833,False,False,True,False,M4_Spearman_RF
5,Idaho;Montana;Utah;Wyoming,geochem1_usgs_Zn_value_p95_25km,climate_vap_annual_mean,-0.18834946551175297,0.18834946551175297,1551,False,False,False,False,M4_Spearman_RF
5,Idaho;Montana;Utah;Wyoming,geochem1_usgs_Zn_value_mean_5km,env_climate_ppt_annual_mm,0.18815066187937737,0.18815066187937737,1279,False,False,False,False,M4_Spearman_RF
5,Idaho;Montana;Utah;Wyoming,geochem2_nure_Au_sq_ppm_max_10km,climate_ws_annual_mean,0.18620427701467226,0.18620427701467226,613,False,False,True,False,M4_Spearman_RF
5,Idaho;Montana;Utah;Wyoming,geochem2_nure_Mo_ppm_max_25km,climate_vap_annual_mean,-0.1836027215005416,0.1836027215005416,705,False,False,False,False,M4_Spearman_RF
5,Idaho;Montana;Utah;Wyoming,geochem2_nure_Au_sq_ppm_p95_25km,climate_vap_annual_mean,-0.1817597945650752,0.1817597945650752,705,False,False,True,False,M4_Spearman_RF
5,Idaho;Montana;Utah;Wyoming,geochem1_usgs_Cu_value_mean_5km,climate_aet_annual_sum,0.17997257244478543,0.17997257244478543,1172,False,False,False,False,M4_Spearman_RF
5,Idaho;Montana;Utah;Wyoming,geochem1_usgs_Zn_value_mean_10km,climate_aet_annual_sum,0.17534223254775258,0.17534223254775258,1492,False,False,False,False,M4_Spearman_RF
5,Idaho;Montana;Utah;Wyoming,geochem1_usgs_Cu_value_max_10km,climate_vap_annual_mean,-0.17527421617317626,0.17527421617317626,1482,False,False,False,False,M4_Spearman_RF
5,Idaho;Montana;Utah;Wyoming,geochem2_nure_Zn_ppm_nearest,climate_vpd_annual_mean,0.1746836035088391,0.1746836035088391,1551,False,False,False,False,M4_Spearman_RF
5,Idaho;Montana;Utah;Wyoming,geochem1_usgs_Mo_value_median_10km,env_climate_tmean_annual_c,-0.171947813879601,0.171947813879601,1336,False,False,False,False,M4_Spearman_RF
5,Idaho;Montana;Utah;Wyoming,geochem1_usgs_Mo_value_mean_5km,env_climate_tmean_annual_c,-0.168546407424565,0.168546407424565,1029,False,False,False,False,M4_Spearman_RF
5,Idaho;Montana;Utah;Wyoming,geochem2_nure_Mo_ppm_nearest,climate_vap_annual_mean,-0.16601598999834838,0.16601598999834838,1551,False,False,False,False,M4_Spearman_RF
5,Idaho;Montana;Utah;Wyoming,geochem1_usgs_Zn_value_p95_50km,climate_vap_annual_mean,-0.16494262360816705,0.16494262360816705,1551,False,False,False,False,M4_Spearman_RF
5,Idaho;Montana;Utah;Wyoming,geochem1_usgs_W_value_p95_50km,climate_vap_annual_mean,-0.16142444343948048,0.16142444343948048,1551,False,False,False,False,M4_Spearman_RF
5,Idaho;Montana;Utah;Wyoming,geochem1_usgs_Cu_value_p95_5km,climate_aet_annual_sum,0.15872408844965247,0.15872408844965247,1172,False,False,False,False,M4_Spearman_RF
5,Idaho;Montana;Utah;Wyoming,geochem2_nure_Re_ppm_mean_25km,climate_aet_annual_sum,0.15818339589050207,0.15818339589050207,634,False,False,False,False,M4_Spearman_RF
5,Idaho;Montana;Utah;Wyoming,geochem2_nure_Re_ppm_p95_25km,climate_aet_pet_ratio_annual,0.1507187569647341,0.1507187569647341,634,False,False,False,False,M4_Spearman_RF
5,Idaho;Montana;Utah;Wyoming,geochem1_usgs_Mo_value_nearest,climate_dtr_annual_mean,-0.14963365582046712,0.14963365582046712,582,False,False,False,False,M4_Spearman_RF
5,Idaho;Montana;Utah;Wyoming,geochem2_nure_Au_sq_ppm_max_25km,climate_vap_annual_mean,-0.14627700440621755,0.14627700440621755,705,False,False,True,False,M4_Spearman_RF
5,Idaho;Montana;Utah;Wyoming,geochem2_nure_Mo_ppm_max_50km,env_climate_swe_annual_mean_mm,-0.14297158929704423,0.14297158929704423,833,False,False,False,False,M4_Spearman_RF
5,Idaho;Montana;Utah;Wyoming,geochem1_usgs_Cu_value_max_5km,climate_aet_annual_sum,0.1332565368350152,0.1332565368350152,1172,False,False,False,False,M4_Spearman_RF
5,Idaho;Montana;Utah;Wyoming,geochem1_usgs_Bi_value_median_5km,climate_aet_annual_sum,0.13000648449944802,0.13000648449944802,818,False,False,True,False,M4_Spearman_RF
5,Idaho;Montana;Utah;Wyoming,geochem1_usgs_Cu_value_p95_25km,climate_srad_annual_mean,0.12872705919303282,0.12872705919303282,1551,False,False,False,False,M4_Spearman_RF
5,Idaho;Montana;Utah;Wyoming,geochem1_usgs_Bi_value_p95_5km,climate_aet_annual_sum,0.12690601258210307,0.12690601258210307,818,False,False,True,False,M4_Spearman_RF
5,Idaho;Montana;Utah;Wyoming,geochem1_usgs_Cu_value_mean_10km,env_climate_swe_annual_mean_mm,-0.12647469310575432,0.12647469310575432,1482,False,False,False,False,M4_Spearman_RF
5,Idaho;Montana;Utah;Wyoming,geochem1_usgs_Bi_value_max_5km,climate_aet_annual_sum,0.12630707678796713,0.12630707678796713,818,False,False,True,False,M4_Spearman_RF
5,Idaho;Montana;Utah;Wyoming,geochem1_usgs_Bi_value_median_10km,climate_srad_annual_mean,0.12553263441085152,0.12553263441085152,1101,False,False,True,False,M4_Spearman_RF
5,Idaho;Montana;Utah;Wyoming,geochem1_usgs_Cu_value_p95_10km,climate_aet_annual_sum,0.10348432081524012,0.10348432081524012,1482,False,False,False,False,M4_Spearman_RF
5,Idaho;Montana;Utah;Wyoming,geochem1_usgs_Bi_value_mean_5km,climate_aet_annual_sum,0.10002718499561404,0.10002718499561404,818,False,False,True,False,M4_Spearman_RF
5,Idaho;Montana;Utah;Wyoming,geochem2_nure_Au_sq_ppm_max_50km,climate_srad_annual_mean,-0.0966286844237392,0.0966286844237392,833,False,False,True,False,M4_Spearman_RF
5,Idaho;Montana;Utah;Wyoming,geochem2_nure_As_ppm_median_50km,climate_srad_annual_mean,-0.5843744639781212,0.5843744639781212,833,True,True,True,True,M4_GraphUnion_RF
5,Idaho;Montana;Utah;Wyoming,geochem2_nure_Sb_ppm_median_25km,climate_srad_annual_mean,-0.5756594658642836,0.5756594658642836,705,True,True,True,True,M4_GraphUnion_RF
5,Idaho;Montana;Utah;Wyoming,geochem2_nure_Cu_ppm_p95_50km,climate_aet_annual_sum,0.5726133866559451,0.5726133866559451,833,True,True,False,True,M4_GraphUnion_RF
5,Idaho;Montana;Utah;Wyoming,geochem2_nure_Sb_ppm_p95_25km,climate_srad_annual_mean,-0.5679953937852267,0.5679953937852267,705,True,True,True,True,M4_GraphUnion_RF
5,Idaho;Montana;Utah;Wyoming,geochem2_nure_Sb_ppm_mean_25km,climate_srad_annual_mean,-0.5666556601502549,0.5666556601502549,705,True,True,True,True,M4_GraphUnion_RF
5,Idaho;Montana;Utah;Wyoming,geochem1_usgs_Pb_value_median_50km,climate_srad_annual_mean,0.5592175305283543,0.5592175305283543,1551,True,True,False,True,M4_GraphUnion_RF
5,Idaho;Montana;Utah;Wyoming,geochem2_nure_As_ppm_median_25km,climate_srad_annual_mean,-0.5590172091000786,0.5590172091000786,705,True,True,True,True,M4_GraphUnion_RF
5,Idaho;Montana;Utah;Wyoming,geochem2_nure_Sb_ppm_median_10km,climate_srad_annual_mean,-0.558206875083885,0.558206875083885,614,True,True,True,True,M4_GraphUnion_RF
5,Idaho;Montana;Utah;Wyoming,geochem2_nure_As_ppm_mean_25km,climate_srad_annual_mean,-0.5336248771744005,0.5336248771744005,705,True,True,True,True,M4_GraphUnion_RF
5,Idaho;Montana;Utah;Wyoming,geochem2_nure_Sb_ppm_p95_50km,climate_srad_annual_mean,-0.5307974541036254,0.5307974541036254,833,True,True,True,True,M4_GraphUnion_RF
5,Idaho;Montana;Utah;Wyoming,geochem2_nure_As_ppm_p95_25km,climate_srad_annual_mean,-0.5237473763166776,0.5237473763166776,705,True,True,True,True,M4_GraphUnion_RF
5,Idaho;Montana;Utah;Wyoming,geochem2_nure_Pb_ppm_nearest,climate_srad_annual_mean,0.5231560415178244,0.5231560415178244,1551,True,True,False,True,M4_GraphUnion_RF
5,Idaho;Montana;Utah;Wyoming,geochem2_nure_Sb_ppm_mean_50km,climate_srad_annual_mean,-0.5204809645276113,0.5204809645276113,833,True,True,True,True,M4_GraphUnion_RF
5,Idaho;Montana;Utah;Wyoming,geochem2_nure_Sb_ppm_nearest,climate_aet_pet_ratio_annual,-0.5187998765601798,0.5187998765601798,1551,True,True,True,True,M4_GraphUnion_RF
5,Idaho;Montana;Utah;Wyoming,geochem2_nure_Sb_ppm_mean_10km,climate_srad_annual_mean,-0.516684715084708,0.516684715084708,614,True,True,True,True,M4_GraphUnion_RF
5,Idaho;Montana;Utah;Wyoming,geochem2_nure_Bi_ppm_p95_50km,climate_aet_annual_sum,0.513552509747652,0.513552509747652,833,True,True,True,True,M4_GraphUnion_RF
5,Idaho;Montana;Utah;Wyoming,geochem2_nure_Zn_ppm_median_25km,env_climate_pet_annual_mm,-0.5083386606824185,0.5083386606824185,705,True,True,False,True,M4_GraphUnion_RF
5,Idaho;Montana;Utah;Wyoming,geochem2_nure_As_ppm_p95_50km,climate_srad_annual_mean,-0.5079602766004178,0.5079602766004178,833,True,True,True,True,M4_GraphUnion_RF
5,Idaho;Montana;Utah;Wyoming,geochem2_nure_Cu_ppm_median_50km,climate_aet_annual_sum,0.507937663167132,0.507937663167132,833,True,True,False,True,M4_GraphUnion_RF
5,Idaho;Montana;Utah;Wyoming,geochem2_nure_As_ppm_mean_50km,climate_srad_annual_mean,-0.5039033506026855,0.5039033506026855,833,True,True,True,True,M4_GraphUnion_RF
5,Idaho;Montana;Utah;Wyoming,geochem2_nure_Sb_ppm_median_50km,climate_srad_annual_mean,-0.5017602600318377,0.5017602600318377,833,True,True,True,True,M4_GraphUnion_RF
5,Idaho;Montana;Utah;Wyoming,geochem2_nure_Cu_ppm_mean_50km,climate_aet_annual_sum,0.49635526405614083,0.49635526405614083,833,True,True,False,True,M4_GraphUnion_RF
5,Idaho;Montana;Utah;Wyoming,geochem2_nure_W_ppm_median_25km,climate_srad_annual_mean,-0.49428897102919983,0.49428897102919983,705,True,True,False,True,M4_GraphUnion_RF
5,Idaho;Montana;Utah;Wyoming,geochem2_nure_Cu_ppm_p95_25km,climate_aet_annual_sum,0.49112752866034237,0.49112752866034237,705,True,True,False,True,M4_GraphUnion_RF
5,Idaho;Montana;Utah;Wyoming,geochem2_nure_Cu_ppm_median_25km,climate_aet_annual_sum,0.4902089512313462,0.4902089512313462,705,True,True,False,True,M4_GraphUnion_RF
5,Idaho;Montana;Utah;Wyoming,geochem1_usgs_Pb_value_median_25km,climate_srad_annual_mean,0.48998288077063645,0.48998288077063645,1551,True,True,False,True,M4_GraphUnion_RF
5,Idaho;Montana;Utah;Wyoming,geochem2_nure_W_ppm_nearest,climate_aet_pet_ratio_annual,-0.4895865971859214,0.4895865971859214,1551,True,True,False,True,M4_GraphUnion_RF
5,Idaho;Montana;Utah;Wyoming,geochem2_nure_As_ppm_nearest,env_aridity_index_ppt_pet,-0.4869140180662228,0.4869140180662228,1551,True,True,True,True,M4_GraphUnion_RF
5,Idaho;Montana;Utah;Wyoming,geochem1_usgs_Cu_value_median_50km,climate_aet_annual_sum,0.48167712023293235,0.48167712023293235,1551,True,True,False,True,M4_GraphUnion_RF
5,Idaho;Montana;Utah;Wyoming,geochem2_nure_As_ppm_median_10km,climate_srad_annual_mean,-0.475389364963935,0.475389364963935,614,True,True,True,True,M4_GraphUnion_RF
5,Idaho;Montana;Utah;Wyoming,geochem2_nure_W_ppm_median_10km,climate_srad_annual_mean,-0.47259659470313026,0.47259659470313026,614,True,True,False,True,M4_GraphUnion_RF
5,Idaho;Montana;Utah;Wyoming,geochem2_nure_Zn_ppm_median_50km,env_climate_pet_annual_mm,-0.4705537093248054,0.4705537093248054,833,True,True,False,True,M4_GraphUnion_RF
5,Idaho;Montana;Utah;Wyoming,geochem2_nure_Cu_ppm_p95_10km,climate_aet_annual_sum,0.46774222186676717,0.46774222186676717,614,True,True,False,True,M4_GraphUnion_RF
5,Idaho;Montana;Utah;Wyoming,geochem2_nure_Ag_ppm_nearest,climate_aet_pet_ratio_annual,-0.4663555107734352,0.4663555107734352,1551,True,True,True,True,M4_GraphUnion_RF
5,Idaho;Montana;Utah;Wyoming,geochem2_nure_Sb_ppm_p95_10km,climate_srad_annual_mean,-0.4655300375337551,0.4655300375337551,614,True,True,True,True,M4_GraphUnion_RF
5,Idaho;Montana;Utah;Wyoming,geochem2_nure_Mo_ppm_median_25km,climate_vap_annual_mean,-0.4602418374579494,0.4602418374579494,705,True,True,False,True,M4_GraphUnion_RF
5,Idaho;Montana;Utah;Wyoming,geochem2_nure_Au_sq_ppm_median_50km,climate_aet_annual_sum,-0.4601240619189657,0.4601240619189657,833,True,True,True,True,M4_GraphUnion_RF
5,Idaho;Montana;Utah;Wyoming,geochem2_nure_Cu_ppm_mean_25km,climate_aet_annual_sum,0.45652430407623884,0.45652430407623884,705,True,True,False,True,M4_GraphUnion_RF
5,Idaho;Montana;Utah;Wyoming,geochem2_nure_Ag_ppm_median_25km,climate_srad_annual_mean,-0.44756436731001675,0.44756436731001675,705,True,True,True,True,M4_GraphUnion_RF
5,Idaho;Montana;Utah;Wyoming,geochem2_nure_As_ppm_mean_10km,climate_vap_annual_mean,-0.4457924311288612,0.4457924311288612,614,True,True,True,True,M4_GraphUnion_RF
5,Idaho;Montana;Utah;Wyoming,geochem2_nure_Zn_ppm_p95_50km,climate_soil_annual_mean,0.4379289490588448,0.4379289490588448,833,True,True,False,True,M4_GraphUnion_RF
5,Idaho;Montana;Utah;Wyoming,geochem2_nure_Cu_ppm_median_10km,climate_ws_annual_mean,-0.4378255006228711,0.4378255006228711,614,True,True,False,True,M4_GraphUnion_RF
5,Idaho;Montana;Utah;Wyoming,geochem2_nure_Bi_ppm_median_50km,env_climate_swe_annual_mean_mm,-0.43449663742822575,0.43449663742822575,833,True,True,True,True,M4_GraphUnion_RF
5,Idaho;Montana;Utah;Wyoming,geochem2_nure_Cu_ppm_max_10km,climate_aet_annual_sum,0.4315459738848898,0.4315459738848898,614,True,True,False,True,M4_GraphUnion_RF
5,Idaho;Montana;Utah;Wyoming,geochem2_nure_Bi_ppm_p95_25km,climate_aet_annual_sum,0.42525815238238235,0.42525815238238235,705,True,True,True,True,M4_GraphUnion_RF
5,Idaho;Montana;Utah;Wyoming,geochem2_nure_W_ppm_mean_10km,env_climate_pet_annual_mm,-0.42521714012105194,0.42521714012105194,614,True,True,False,True,M4_GraphUnion_RF
5,Idaho;Montana;Utah;Wyoming,geochem2_nure_Cu_ppm_mean_10km,climate_aet_annual_sum,0.42359895139112685,0.42359895139112685,614,True,True,False,True,M4_GraphUnion_RF
5,Idaho;Montana;Utah;Wyoming,geochem2_nure_W_ppm_mean_25km,env_climate_pet_annual_mm,-0.42182336871759296,0.42182336871759296,705,True,True,False,True,M4_GraphUnion_RF
5,Idaho;Montana;Utah;Wyoming,geochem2_nure_W_ppm_median_50km,climate_srad_annual_mean,-0.4201004141554236,0.4201004141554236,833,True,True,False,True,M4_GraphUnion_RF
5,Idaho;Montana;Utah;Wyoming,geochem1_usgs_As_value_max_50km,climate_vap_annual_mean,-0.4191956066818383,0.4191956066818383,1551,True,True,True,True,M4_GraphUnion_RF
5,Idaho;Montana;Utah;Wyoming,geochem1_usgs_Pb_value_mean_50km,climate_vpd_annual_mean,0.4179832539896157,0.4179832539896157,1551,True,True,False,True,M4_GraphUnion_RF
5,Idaho;Montana;Utah;Wyoming,geochem2_nure_Zn_ppm_mean_25km,climate_tmax_annual_mean,-0.4158415989083055,0.4158415989083055,705,True,True,False,True,M4_GraphUnion_RF
5,Idaho;Montana;Utah;Wyoming,geochem2_nure_Pb_ppm_median_50km,env_climate_swe_annual_mean_mm,-0.4151772555793545,0.4151772555793545,833,True,True,False,True,M4_GraphUnion_RF
5,Idaho;Montana;Utah;Wyoming,geochem1_usgs_As_value_max_25km,climate_vap_annual_mean,-0.4124562565705145,0.4124562565705145,1547,True,True,True,True,M4_GraphUnion_RF
5,Idaho;Montana;Utah;Wyoming,geochem2_nure_Bi_ppm_mean_50km,climate_aet_annual_sum,0.41066705380314217,0.41066705380314217,833,True,True,True,True,M4_GraphUnion_RF
5,Idaho;Montana;Utah;Wyoming,geochem2_nure_Zn_ppm_median_10km,env_climate_pet_annual_mm,-0.40998288742377953,0.40998288742377953,614,True,True,False,True,M4_GraphUnion_RF
5,Idaho;Montana;Utah;Wyoming,geochem2_nure_Ag_ppm_mean_25km,env_climate_tmean_annual_c,-0.40997186990302814,0.40997186990302814,705,True,True,True,True,M4_GraphUnion_RF
5,Idaho;Montana;Utah;Wyoming,geochem2_nure_Sb_ppm_max_25km,climate_srad_annual_mean,-0.40916921606675205,0.40916921606675205,705,True,True,True,True,M4_GraphUnion_RF
5,Idaho;Montana;Utah;Wyoming,geochem1_usgs_Pb_value_max_50km,climate_srad_annual_mean,0.4075858818917409,0.4075858818917409,1551,True,True,False,True,M4_GraphUnion_RF
5,Idaho;Montana;Utah;Wyoming,geochem1_usgs_Cu_value_median_25km,climate_aet_annual_sum,0.40661537712722007,0.40661537712722007,1551,True,True,False,True,M4_GraphUnion_RF
5,Idaho;Montana;Utah;Wyoming,geochem2_nure_Zn_ppm_p95_25km,climate_soil_annual_mean,0.4062325345665577,0.4062325345665577,705,True,True,False,True,M4_GraphUnion_RF
5,Idaho;Montana;Utah;Wyoming,geochem2_nure_Sb_ppm_max_10km,climate_tmax_annual_mean,-0.40543226631582435,0.40543226631582435,614,True,True,True,True,M4_GraphUnion_RF
5,Idaho;Montana;Utah;Wyoming,geochem2_nure_As_ppm_p95_10km,climate_vap_annual_mean,-0.4047260823691598,0.4047260823691598,614,True,True,True,True,M4_GraphUnion_RF
5,Idaho;Montana;Utah;Wyoming,geochem2_nure_Mo_ppm_median_10km,climate_vap_annual_mean,-0.40132335087238047,0.40132335087238047,614,True,True,False,True,M4_GraphUnion_RF
5,Idaho;Montana;Utah;Wyoming,geochem2_nure_Au_sq_ppm_nearest,climate_q_annual_sum,-0.40050658619929247,0.40050658619929247,1334,True,True,True,True,M4_GraphUnion_RF
5,Idaho;Montana;Utah;Wyoming,geochem2_nure_Ag_ppm_max_50km,climate_soil_annual_mean,0.40018858987790173,0.40018858987790173,833,True,True,True,True,M4_GraphUnion_RF
5,Idaho;Montana;Utah;Wyoming,geochem2_nure_As_ppm_max_25km,climate_vap_annual_mean,-0.39969590233894375,0.39969590233894375,705,True,True,True,True,M4_GraphUnion_RF
5,Idaho;Montana;Utah;Wyoming,geochem2_nure_Zn_ppm_mean_50km,climate_soil_annual_mean,0.398826739321047,0.398826739321047,833,True,True,False,True,M4_GraphUnion_RF
5,Idaho;Montana;Utah;Wyoming,geochem2_nure_Ag_ppm_p95_25km,climate_vap_annual_mean,-0.39528903365710794,0.39528903365710794,705,True,True,True,True,M4_GraphUnion_RF
5,Idaho;Montana;Utah;Wyoming,geochem1_usgs_Pb_value_median_10km,climate_srad_annual_mean,0.3936355419140137,0.3936355419140137,1486,True,True,False,True,M4_GraphUnion_RF
5,Idaho;Montana;Utah;Wyoming,geochem2_nure_Zn_ppm_max_50km,climate_soil_annual_mean,0.3932584719093004,0.3932584719093004,833,True,True,False,True,M4_GraphUnion_RF
5,Idaho;Montana;Utah;Wyoming,geochem2_nure_Ag_ppm_median_10km,env_climate_pet_annual_mm,-0.3932083898680048,0.3932083898680048,614,True,True,True,True,M4_GraphUnion_RF
5,Idaho;Montana;Utah;Wyoming,geochem1_usgs_Ag_value_max_25km,climate_vap_annual_mean,-0.39154237455199553,0.39154237455199553,1466,True,True,True,True,M4_GraphUnion_RF
5,Idaho;Montana;Utah;Wyoming,geochem1_usgs_As_value_mean_50km,climate_vap_annual_mean,-0.3855453364406093,0.3855453364406093,1551,True,True,True,True,M4_GraphUnion_RF
5,Idaho;Montana;Utah;Wyoming,geochem1_usgs_Au_value_max_10km,climate_vap_annual_mean,-0.3827296011869593,0.3827296011869593,1100,True,True,True,True,M4_GraphUnion_RF
5,Idaho;Montana;Utah;Wyoming,geochem2_nure_Pb_ppm_p95_50km,env_climate_swe_annual_mean_mm,-0.38233163040068147,0.38233163040068147,833,True,True,False,True,M4_GraphUnion_RF
5,Idaho;Montana;Utah;Wyoming,geochem2_nure_Mo_ppm_median_50km,climate_vap_annual_mean,-0.3811343137596334,0.3811343137596334,833,True,True,False,True,M4_GraphUnion_RF
5,Idaho;Montana;Utah;Wyoming,geochem1_usgs_Au_value_p95_10km,climate_vap_annual_mean,-0.38096996647965725,0.38096996647965725,1100,True,True,True,True,M4_GraphUnion_RF
5,Idaho;Montana;Utah;Wyoming,geochem1_usgs_Cu_value_max_50km,climate_vpd_annual_mean,0.38080298314301814,0.38080298314301814,1551,True,True,False,True,M4_GraphUnion_RF
5,Idaho;Montana;Utah;Wyoming,geochem2_nure_Mo_ppm_mean_10km,climate_vap_annual_mean,-0.3779210015323638,0.3779210015323638,614,True,True,False,True,M4_GraphUnion_RF
5,Idaho;Montana;Utah;Wyoming,geochem1_usgs_Ag_value_mean_25km,climate_vap_annual_mean,-0.37718655096701875,0.37718655096701875,1466,True,True,True,True,M4_GraphUnion_RF
5,Idaho;Montana;Utah;Wyoming,geochem2_nure_Ag_ppm_median_50km,climate_srad_annual_mean,-0.3724715570456665,0.3724715570456665,833,True,True,True,True,M4_GraphUnion_RF
5,Idaho;Montana;Utah;Wyoming,geochem2_nure_Au_sq_ppm_median_25km,climate_vap_annual_mean,-0.37116809360692044,0.37116809360692044,705,True,True,True,True,M4_GraphUnion_RF
5,Idaho;Montana;Utah;Wyoming,geochem1_usgs_Re_value_median_50km,climate_aet_annual_sum,0.3700269975130151,0.3700269975130151,961,True,True,False,True,M4_GraphUnion_RF
5,Idaho;Montana;Utah;Wyoming,geochem2_nure_As_ppm_max_50km,climate_vap_annual_mean,-0.36934815378095026,0.36934815378095026,833,True,True,True,True,M4_GraphUnion_RF
5,Idaho;Montana;Utah;Wyoming,geochem1_usgs_As_value_p95_25km,climate_vap_annual_mean,-0.36750005301241545,0.36750005301241545,1547,True,True,True,True,M4_GraphUnion_RF
5,Idaho;Montana;Utah;Wyoming,geochem1_usgs_Au_value_max_25km,climate_vap_annual_mean,-0.3670756093865942,0.3670756093865942,1410,True,True,True,True,M4_GraphUnion_RF
5,Idaho;Montana;Utah;Wyoming,geochem2_nure_Bi_ppm_median_25km,env_climate_swe_annual_mean_mm,-0.36690776286423726,0.36690776286423726,705,True,True,True,True,M4_GraphUnion_RF
5,Idaho;Montana;Utah;Wyoming,geochem1_usgs_As_value_mean_25km,climate_vap_annual_mean,-0.3629416680135598,0.3629416680135598,1547,True,True,True,True,M4_GraphUnion_RF
5,Idaho;Montana;Utah;Wyoming,geochem1_usgs_Au_value_median_10km,env_climate_swe_annual_mean_mm,0.36233759565073664,0.36233759565073664,1100,True,True,True,True,M4_GraphUnion_RF
5,Idaho;Montana;Utah;Wyoming,geochem1_usgs_Ag_value_mean_50km,climate_vap_annual_mean,-0.3617081892383035,0.3617081892383035,1547,True,True,True,True,M4_GraphUnion_RF
5,Idaho;Montana;Utah;Wyoming,geochem2_nure_Ag_ppm_mean_50km,climate_vap_annual_mean,-0.3615458642600571,0.3615458642600571,833,True,True,True,True,M4_GraphUnion_RF
5,Idaho;Montana;Utah;Wyoming,geochem1_usgs_As_value_max_10km,climate_vap_annual_mean,-0.3611149412268498,0.3611149412268498,1428,True,True,True,True,M4_GraphUnion_RF
5,Idaho;Montana;Utah;Wyoming,geochem2_nure_As_ppm_max_10km,climate_vap_annual_mean,-0.3605593911600657,0.3605593911600657,614,True,True,True,True,M4_GraphUnion_RF
5,Idaho;Montana;Utah;Wyoming,geochem1_usgs_Au_value_mean_10km,climate_vap_annual_mean,-0.3597961302437596,0.3597961302437596,1100,True,True,True,True,M4_GraphUnion_RF
5,Idaho;Montana;Utah;Wyoming,geochem1_usgs_As_value_p95_50km,climate_vap_annual_mean,-0.35926973686794533,0.35926973686794533,1551,True,True,True,True,M4_GraphUnion_RF
5,Idaho;Montana;Utah;Wyoming,geochem1_usgs_Ag_value_max_10km,climate_vap_annual_mean,-0.35875214495667657,0.35875214495667657,1148,True,True,True,True,M4_GraphUnion_RF
5,Idaho;Montana;Utah;Wyoming,geochem2_nure_Ag_ppm_mean_10km,climate_tmax_annual_mean,-0.358046142234222,0.358046142234222,614,True,True,True,True,M4_GraphUnion_RF
5,Idaho;Montana;Utah;Wyoming,geochem1_usgs_W_value_max_25km,climate_vap_annual_mean,-0.3574197231671431,0.3574197231671431,1501,True,True,False,True,M4_GraphUnion_RF
5,Idaho;Montana;Utah;Wyoming,geochem2_nure_Mo_ppm_p95_25km,climate_vap_annual_mean,-0.35688076510984135,0.35688076510984135,705,True,True,False,True,M4_GraphUnion_RF
5,Idaho;Montana;Utah;Wyoming,geochem1_usgs_Pb_value_p95_50km,climate_vpd_annual_mean,0.35660113163304324,0.35660113163304324,1551,True,True,False,True,M4_GraphUnion_RF
5,Idaho;Montana;Utah;Wyoming,geochem2_nure_Sb_ppm_max_50km,climate_srad_annual_mean,-0.3560989094831502,0.3560989094831502,833,True,True,True,True,M4_GraphUnion_RF
5,Idaho;Montana;Utah;Wyoming,geochem2_nure_Zn_ppm_max_25km,climate_soil_annual_mean,0.3536956789532427,0.3536956789532427,705,True,True,False,True,M4_GraphUnion_RF
5,Idaho;Montana;Utah;Wyoming,geochem1_usgs_Cu_value_mean_50km,climate_vpd_annual_mean,0.3533018586345778,0.3533018586345778,1551,True,True,False,True,M4_GraphUnion_RF
5,Idaho;Montana;Utah;Wyoming,geochem1_usgs_Mo_value_max_50km,climate_srad_annual_mean,0.35248485165848537,0.35248485165848537,1551,True,True,False,True,M4_GraphUnion_RF
5,Idaho;Montana;Utah;Wyoming,geochem2_nure_Ag_ppm_p95_50km,climate_vap_annual_mean,-0.35217410256851783,0.35217410256851783,833,True,True,True,True,M4_GraphUnion_RF
5,Idaho;Montana;Utah;Wyoming,geochem1_usgs_Ag_value_p95_25km,climate_vap_annual_mean,-0.3505602063798234,0.3505602063798234,1466,True,True,True,True,M4_GraphUnion_RF
5,Idaho;Montana;Utah;Wyoming,geochem2_nure_Mo_ppm_p95_10km,climate_tmax_annual_mean,-0.34919989595916323,0.34919989595916323,614,True,True,False,True,M4_GraphUnion_RF
5,Idaho;Montana;Utah;Wyoming,geochem2_nure_W_ppm_mean_50km,climate_srad_annual_mean,-0.3485829068895092,0.3485829068895092,833,True,True,False,True,M4_GraphUnion_RF
5,Idaho;Montana;Utah;Wyoming,geochem2_nure_Zn_ppm_p95_10km,climate_soil_annual_mean,0.3484276094748701,0.3484276094748701,614,True,True,False,True,M4_GraphUnion_RF
5,Idaho;Montana;Utah;Wyoming,geochem1_usgs_Ag_value_p95_50km,climate_vap_annual_mean,-0.3480509111106416,0.3480509111106416,1547,True,True,True,True,M4_GraphUnion_RF
5,Idaho;Montana;Utah;Wyoming,geochem1_usgs_Sb_value_max_25km,climate_vap_annual_mean,-0.34781395504305135,0.34781395504305135,1535,True,True,True,True,M4_GraphUnion_RF
5,Idaho;Montana;Utah;Wyoming,geochem1_usgs_Au_value_p95_25km,climate_vap_annual_mean,-0.3475523764634303,0.3475523764634303,1410,True,True,True,True,M4_GraphUnion_RF
5,Idaho;Montana;Utah;Wyoming,geochem1_usgs_As_value_p95_10km,climate_vap_annual_mean,-0.347019791692058,0.347019791692058,1428,True,True,True,True,M4_GraphUnion_RF
5,Idaho;Montana;Utah;Wyoming,geochem1_usgs_Bi_value_max_25km,climate_vap_annual_mean,-0.3467340599490877,0.3467340599490877,1515,True,True,True,True,M4_GraphUnion_RF
5,Idaho;Montana;Utah;Wyoming,geochem1_usgs_Sb_value_max_10km,climate_vap_annual_mean,-0.34638941047734145,0.34638941047734145,1202,True,True,True,True,M4_GraphUnion_RF
5,Idaho;Montana;Utah;Wyoming,geochem2_nure_Bi_ppm_p95_10km,climate_aet_annual_sum,0.34638674588459384,0.34638674588459384,614,True,True,True,True,M4_GraphUnion_RF
5,Idaho;Montana;Utah;Wyoming,geochem2_nure_Zn_ppm_mean_10km,climate_tmax_annual_mean,-0.3462205507534947,0.3462205507534947,614,True,True,False,True,M4_GraphUnion_RF
5,Idaho;Montana;Utah;Wyoming,geochem1_usgs_Au_value_mean_25km,climate_vap_annual_mean,-0.3460399189124473,0.3460399189124473,1410,True,True,True,True,M4_GraphUnion_RF
5,Idaho;Montana;Utah;Wyoming,geochem2_nure_Zn_ppm_max_10km,env_aridity_index_ppt_pet,0.34313209968039976,0.34313209968039976,614,True,True,False,True,M4_GraphUnion_RF
5,Idaho;Montana;Utah;Wyoming,geochem1_usgs_Au_value_median_50km,env_climate_swe_annual_mean_mm,0.34157504461067895,0.34157504461067895,1513,True,True,True,True,M4_GraphUnion_RF
5,Idaho;Montana;Utah;Wyoming,geochem1_usgs_Pb_value_mean_25km,climate_srad_annual_mean,0.34092466248924586,0.34092466248924586,1551,True,True,False,True,M4_GraphUnion_RF
5,Idaho;Montana;Utah;Wyoming,geochem1_usgs_Zn_value_max_50km,climate_srad_annual_mean,0.3407026744261749,0.3407026744261749,1551,True,True,False,True,M4_GraphUnion_RF
5,Idaho;Montana;Utah;Wyoming,geochem1_usgs_Ag_value_max_50km,climate_vap_annual_mean,-0.33999039322205504,0.33999039322205504,1547,True,True,True,True,M4_GraphUnion_RF
5,Idaho;Montana;Utah;Wyoming,geochem1_usgs_W_value_mean_25km,climate_vap_annual_mean,-0.3380143634618772,0.3380143634618772,1501,True,True,False,True,M4_GraphUnion_RF
5,Idaho;Montana;Utah;Wyoming,geochem2_nure_Ag_ppm_p95_10km,climate_tmax_annual_mean,-0.33779832143521327,0.33779832143521327,614,True,True,True,True,M4_GraphUnion_RF
5,Idaho;Montana;Utah;Wyoming,geochem2_nure_Bi_ppm_max_10km,climate_aet_annual_sum,0.337550604526436,0.337550604526436,614,True,True,True,True,M4_GraphUnion_RF
5,Idaho;Montana;Utah;Wyoming,geochem1_usgs_Au_value_median_25km,env_climate_swe_annual_mean_mm,0.3367588936805029,0.3367588936805029,1410,True,True,True,True,M4_GraphUnion_RF
5,Idaho;Montana;Utah;Wyoming,geochem2_nure_Mo_ppm_mean_25km,climate_vap_annual_mean,-0.3342762729806887,0.3342762729806887,705,True,True,False,True,M4_GraphUnion_RF
5,Idaho;Montana;Utah;Wyoming,geochem1_usgs_Bi_value_max_50km,climate_vpd_annual_mean,0.3339960527824287,0.3339960527824287,1551,True,True,True,True,M4_GraphUnion_RF
5,Idaho;Montana;Utah;Wyoming,geochem1_usgs_Sb_value_p95_10km,climate_vap_annual_mean,-0.33195290836723984,0.33195290836723984,1202,True,True,True,True,M4_GraphUnion_RF
5,Idaho;Montana;Utah;Wyoming,geochem1_usgs_As_value_p95_5km,climate_vap_annual_mean,-0.3311023152768059,0.3311023152768059,1145,True,True,True,True,M4_GraphUnion_RF
5,Idaho;Montana;Utah;Wyoming,geochem2_nure_Re_ppm_max_50km,climate_soil_annual_mean,0.33045792294181064,0.33045792294181064,800,True,True,False,True,M4_GraphUnion_RF
5,Idaho;Montana;Utah;Wyoming,geochem2_nure_Cu_ppm_max_50km,climate_aet_annual_sum,0.3295168075701913,0.3295168075701913,833,True,True,False,True,M4_GraphUnion_RF
5,Idaho;Montana;Utah;Wyoming,geochem1_usgs_Ag_value_mean_10km,climate_vap_annual_mean,-0.3288699930757078,0.3288699930757078,1148,True,True,True,True,M4_GraphUnion_RF
5,Idaho;Montana;Utah;Wyoming,geochem1_usgs_Pb_value_nearest,climate_srad_annual_mean,0.32852267882715214,0.32852267882715214,1132,True,True,False,True,M4_GraphUnion_RF
5,Idaho;Montana;Utah;Wyoming,geochem1_usgs_Ag_value_p95_10km,climate_vap_annual_mean,-0.32796584486539476,0.32796584486539476,1148,True,True,True,True,M4_GraphUnion_RF
5,Idaho;Montana;Utah;Wyoming,geochem1_usgs_As_value_max_5km,climate_vap_annual_mean,-0.3279362832769937,0.3279362832769937,1145,True,True,True,True,M4_GraphUnion_RF
5,Idaho;Montana;Utah;Wyoming,geochem1_usgs_Sb_value_p95_5km,climate_vap_annual_mean,-0.32778092065406156,0.32778092065406156,918,True,True,True,True,M4_GraphUnion_RF
5,Idaho;Montana;Utah;Wyoming,geochem2_nure_W_ppm_p95_10km,climate_tmax_annual_mean,-0.32744076433006236,0.32744076433006236,614,True,True,False,True,M4_GraphUnion_RF
5,Idaho;Montana;Utah;Wyoming,geochem2_nure_Cu_ppm_nearest,env_climate_swe_annual_mean_mm,-0.32591082651788633,0.32591082651788633,1551,True,True,False,True,M4_GraphUnion_RF
5,Idaho;Montana;Utah;Wyoming,geochem2_nure_Au_sq_ppm_median_10km,climate_vap_annual_mean,-0.325526163202506,0.325526163202506,613,True,True,True,True,M4_GraphUnion_RF
5,Idaho;Montana;Utah;Wyoming,geochem2_nure_Bi_ppm_mean_25km,climate_aet_annual_sum,0.3248982532278231,0.3248982532278231,705,True,True,True,True,M4_GraphUnion_RF
5,Idaho;Montana;Utah;Wyoming,geochem2_nure_Pb_ppm_median_25km,env_climate_swe_annual_mean_mm,-0.3245890987600183,0.3245890987600183,705,True,True,False,True,M4_GraphUnion_RF
5,Idaho;Montana;Utah;Wyoming,geochem1_usgs_Sb_value_max_5km,climate_vap_annual_mean,-0.3243111488103518,0.3243111488103518,918,True,True,True,True,M4_GraphUnion_RF
5,Idaho;Montana;Utah;Wyoming,geochem1_usgs_Bi_value_mean_25km,climate_vap_annual_mean,-0.32395226485701745,0.32395226485701745,1515,True,True,True,True,M4_GraphUnion_RF
5,Idaho;Montana;Utah;Wyoming,geochem1_usgs_Re_value_max_25km,climate_tmax_annual_mean,-0.32332825927757386,0.32332825927757386,705,True,True,False,True,M4_GraphUnion_RF
5,Idaho;Montana;Utah;Wyoming,geochem2_nure_Mo_ppm_max_10km,climate_tmax_annual_mean,-0.32305359131025024,0.32305359131025024,614,True,True,False,True,M4_GraphUnion_RF
5,Idaho;Montana;Utah;Wyoming,geochem1_usgs_Sb_value_max_50km,climate_vap_annual_mean,-0.3226190397776043,0.3226190397776043,1551,True,True,True,True,M4_GraphUnion_RF
5,Idaho;Montana;Utah;Wyoming,geochem1_usgs_As_value_mean_10km,climate_vap_annual_mean,-0.32195537510270256,0.32195537510270256,1428,True,True,True,True,M4_GraphUnion_RF
5,Idaho;Montana;Utah;Wyoming,geochem1_usgs_Sb_value_mean_25km,climate_vap_annual_mean,-0.3211458643420059,0.3211458643420059,1535,True,True,True,True,M4_GraphUnion_RF
5,Idaho;Montana;Utah;Wyoming,geochem2_nure_Cu_ppm_max_25km,climate_aet_annual_sum,0.32090820608829523,0.32090820608829523,705,True,True,False,True,M4_GraphUnion_RF
5,Idaho;Montana;Utah;Wyoming,geochem1_usgs_Au_value_median_5km,env_climate_swe_annual_mean_mm,0.31991845746838277,0.31991845746838277,771,True,True,True,True,M4_GraphUnion_RF
5,Idaho;Montana;Utah;Wyoming,geochem2_nure_Ag_ppm_max_25km,climate_vap_annual_mean,-0.31985184964742674,0.31985184964742674,705,True,True,True,True,M4_GraphUnion_RF
5,Idaho;Montana;Utah;Wyoming,geochem1_usgs_Sb_value_p95_25km,climate_vap_annual_mean,-0.3194180180231496,0.3194180180231496,1535,True,True,True,True,M4_GraphUnion_RF
5,Idaho;Montana;Utah;Wyoming,geochem1_usgs_Sb_value_mean_10km,climate_vap_annual_mean,-0.31887928079814554,0.31887928079814554,1202,True,True,True,True,M4_GraphUnion_RF
5,Idaho;Montana;Utah;Wyoming,geochem1_usgs_Zn_value_max_25km,climate_vap_annual_mean,-0.3175037601292925,0.3175037601292925,1551,True,True,False,True,M4_GraphUnion_RF
5,Idaho;Montana;Utah;Wyoming,geochem1_usgs_Re_value_mean_50km,climate_aet_annual_sum,0.3173196395061367,0.3173196395061367,961,True,True,False,True,M4_GraphUnion_RF
5,Idaho;Montana;Utah;Wyoming,geochem1_usgs_W_value_max_50km,climate_vpd_annual_mean,0.3170286638459015,0.3170286638459015,1551,True,True,False,True,M4_GraphUnion_RF
5,Idaho;Montana;Utah;Wyoming,geochem1_usgs_W_value_median_25km,climate_vap_annual_mean,-0.31698505669979393,0.31698505669979393,1501,True,True,False,True,M4_GraphUnion_RF
5,Idaho;Montana;Utah;Wyoming,geochem1_usgs_Zn_value_median_25km,climate_q_annual_sum,0.31681021090270345,0.31681021090270345,1551,True,True,False,True,M4_GraphUnion_RF
5,Idaho;Montana;Utah;Wyoming,geochem1_usgs_Zn_value_median_50km,climate_soil_annual_mean,0.31622156922822414,0.31622156922822414,1551,True,True,False,True,M4_GraphUnion_RF
5,Idaho;Montana;Utah;Wyoming,geochem1_usgs_Pb_value_max_25km,climate_vap_annual_mean,-0.31482687247096447,0.31482687247096447,1551,True,True,False,True,M4_GraphUnion_RF
5,Idaho;Montana;Utah;Wyoming,geochem1_usgs_Sb_value_mean_5km,climate_vap_annual_mean,-0.31427870739537084,0.31427870739537084,918,True,True,True,True,M4_GraphUnion_RF
5,Idaho;Montana;Utah;Wyoming,geochem1_usgs_Re_value_max_50km,climate_tmax_annual_mean,-0.31270659343642515,0.31270659343642515,961,True,True,False,True,M4_GraphUnion_RF
5,Idaho;Montana;Utah;Wyoming,geochem1_usgs_Re_value_p95_50km,climate_aet_annual_sum,0.3123466728545043,0.3123466728545043,961,True,True,False,True,M4_GraphUnion_RF
5,Idaho;Montana;Utah;Wyoming,geochem1_usgs_Sb_value_median_50km,env_climate_ppt_annual_mm,-0.31226769060703424,0.31226769060703424,1551,True,True,True,True,M4_GraphUnion_RF
5,Idaho;Montana;Utah;Wyoming,geochem1_usgs_Au_value_max_50km,climate_vpd_annual_mean,0.3117808410888135,0.3117808410888135,1513,True,True,True,True,M4_GraphUnion_RF
5,Idaho;Montana;Utah;Wyoming,geochem2_nure_W_ppm_p95_25km,env_climate_tmean_annual_c,-0.30803059784671977,0.30803059784671977,705,True,True,False,True,M4_GraphUnion_RF
5,Idaho;Montana;Utah;Wyoming,geochem2_nure_Re_ppm_median_50km,climate_srad_annual_mean,0.307753155392844,0.307753155392844,800,True,True,False,True,M4_GraphUnion_RF
5,Idaho;Montana;Utah;Wyoming,geochem1_usgs_As_value_mean_5km,climate_vap_annual_mean,-0.3073248329185948,0.3073248329185948,1145,True,True,True,True,M4_GraphUnion_RF
5,Idaho;Montana;Utah;Wyoming,geochem2_nure_Re_ppm_mean_50km,climate_aet_annual_sum,0.30694424542530097,0.30694424542530097,800,True,True,False,True,M4_GraphUnion_RF
5,Idaho;Montana;Utah;Wyoming,geochem1_usgs_Sb_value_mean_50km,climate_vap_annual_mean,-0.30670644669826064,0.30670644669826064,1551,True,True,True,True,M4_GraphUnion_RF
5,Idaho;Montana;Utah;Wyoming,geochem1_usgs_Pb_value_median_5km,climate_srad_annual_mean,0.3063885721776903,0.3063885721776903,1251,True,True,False,True,M4_GraphUnion_RF
5,Idaho;Montana;Utah;Wyoming,geochem1_usgs_W_value_mean_10km,climate_vap_annual_mean,-0.305664811047447,0.305664811047447,1097,True,True,False,True,M4_GraphUnion_RF
5,Idaho;Montana;Utah;Wyoming,geochem1_usgs_Pb_value_p95_25km,climate_vpd_annual_mean,0.305652229707516,0.305652229707516,1551,True,True,False,True,M4_GraphUnion_RF
5,Idaho;Montana;Utah;Wyoming,geochem2_nure_Ag_ppm_max_10km,climate_tmax_annual_mean,-0.3036075892288142,0.3036075892288142,614,True,True,True,True,M4_GraphUnion_RF
5,Idaho;Montana;Utah;Wyoming,geochem1_usgs_W_value_median_10km,climate_vap_annual_mean,-0.30307437213946387,0.30307437213946387,1097,True,True,False,True,M4_GraphUnion_RF
5,Idaho;Montana;Utah;Wyoming,geochem2_nure_Bi_ppm_median_10km,env_climate_swe_annual_mean_mm,-0.3022768248090272,0.3022768248090272,614,True,True,True,True,M4_GraphUnion_RF
5,Idaho;Montana;Utah;Wyoming,geochem1_usgs_Ag_value_median_5km,env_climate_tmean_annual_c,-0.29940047647327045,0.29940047647327045,909,False,False,True,True,M4_GraphUnion_RF
5,Idaho;Montana;Utah;Wyoming,geochem1_usgs_Pb_value_mean_10km,climate_srad_annual_mean,0.29780775574486473,0.29780775574486473,1486,False,False,False,False,M4_GraphUnion_RF
5,Idaho;Montana;Utah;Wyoming,geochem1_usgs_Mo_value_max_25km,climate_vap_annual_mean,-0.29745708687554534,0.29745708687554534,1547,False,False,False,False,M4_GraphUnion_RF
5,Idaho;Montana;Utah;Wyoming,geochem1_usgs_W_value_max_10km,climate_vap_annual_mean,-0.2969183051985812,0.2969183051985812,1097,False,False,False,False,M4_GraphUnion_RF
5,Idaho;Montana;Utah;Wyoming,geochem1_usgs_Mo_value_max_10km,climate_vap_annual_mean,-0.29391124689149867,0.29391124689149867,1336,False,False,False,False,M4_GraphUnion_RF
5,Idaho;Montana;Utah;Wyoming,geochem1_usgs_Sb_value_nearest,climate_vap_annual_mean,-0.29295560073530813,0.29295560073530813,504,False,False,True,True,M4_GraphUnion_RF
5,Idaho;Montana;Utah;Wyoming,geochem1_usgs_Ag_value_median_10km,env_climate_tmean_annual_c,-0.29108892654783985,0.29108892654783985,1148,False,False,True,True,M4_GraphUnion_RF
5,Idaho;Montana;Utah;Wyoming,geochem1_usgs_Pb_value_max_10km,climate_vap_annual_mean,-0.2896651275523506,0.2896651275523506,1486,False,False,False,False,M4_GraphUnion_RF
5,Idaho;Montana;Utah;Wyoming,geochem2_nure_Pb_ppm_p95_25km,env_climate_swe_annual_mean_mm,-0.28943836542744056,0.28943836542744056,705,False,False,False,False,M4_GraphUnion_RF
5,Idaho;Montana;Utah;Wyoming,geochem2_nure_Bi_ppm_nearest,climate_srad_annual_mean,0.28927577057919945,0.28927577057919945,1551,False,False,True,True,M4_GraphUnion_RF
5,Idaho;Montana;Utah;Wyoming,geochem2_nure_Mo_ppm_p95_50km,climate_vap_annual_mean,-0.288778102675269,0.288778102675269,833,False,False,False,False,M4_GraphUnion_RF
5,Idaho;Montana;Utah;Wyoming,geochem2_nure_Pb_ppm_mean_50km,env_climate_swe_annual_mean_mm,-0.2867167223047506,0.2867167223047506,833,False,False,False,False,M4_GraphUnion_RF
5,Idaho;Montana;Utah;Wyoming,geochem1_usgs_Au_value_p95_50km,climate_vap_annual_mean,-0.286120656211999,0.286120656211999,1513,False,False,True,True,M4_GraphUnion_RF
5,Idaho;Montana;Utah;Wyoming,geochem1_usgs_Sb_value_median_5km,climate_vap_annual_mean,-0.28470139986322485,0.28470139986322485,918,False,False,True,True,M4_GraphUnion_RF
5,Idaho;Montana;Utah;Wyoming,geochem2_nure_Pb_ppm_max_10km,climate_aet_annual_sum,0.28428147621063304,0.28428147621063304,614,False,False,False,False,M4_GraphUnion_RF
5,Idaho;Montana;Utah;Wyoming,geochem1_usgs_Sb_value_p95_50km,climate_vap_annual_mean,-0.284252654816639,0.284252654816639,1551,False,False,True,True,M4_GraphUnion_RF
5,Idaho;Montana;Utah;Wyoming,geochem1_usgs_Ag_value_median_50km,climate_vpd_annual_mean,-0.2837492212031657,0.2837492212031657,1547,False,False,True,True,M4_GraphUnion_RF
5,Idaho;Montana;Utah;Wyoming,geochem1_usgs_Bi_value_mean_50km,climate_soil_annual_mean,-0.2829786365611008,0.2829786365611008,1551,False,False,True,True,M4_GraphUnion_RF
5,Idaho;Montana;Utah;Wyoming,geochem2_nure_W_ppm_max_10km,climate_tmax_annual_mean,-0.28241730639275,0.28241730639275,614,False,False,False,False,M4_GraphUnion_RF
5,Idaho;Montana;Utah;Wyoming,geochem1_usgs_W_value_p95_10km,climate_vap_annual_mean,-0.28141401974464875,0.28141401974464875,1097,False,False,False,False,M4_GraphUnion_RF
5,Idaho;Montana;Utah;Wyoming,geochem1_usgs_Bi_value_p95_25km,climate_vap_annual_mean,-0.278030992573462,0.278030992573462,1515,False,False,True,True,M4_GraphUnion_RF
5,Idaho;Montana;Utah;Wyoming,geochem1_usgs_W_value_mean_50km,climate_vap_annual_mean,-0.27802358211068784,0.27802358211068784,1551,False,False,False,False,M4_GraphUnion_RF
5,Idaho;Montana;Utah;Wyoming,geochem2_nure_Bi_ppm_max_50km,climate_aet_annual_sum,0.27678703804127214,0.27678703804127214,833,False,False,True,True,M4_GraphUnion_RF
5,Idaho;Montana;Utah;Wyoming,geochem1_usgs_Zn_value_max_10km,climate_vap_annual_mean,-0.2752175237238845,0.2752175237238845,1492,False,False,False,False,M4_GraphUnion_RF
5,Idaho;Montana;Utah;Wyoming,geochem2_nure_Re_ppm_max_25km,env_climate_deficit_annual_mm,-0.27449914885911025,0.27449914885911025,634,False,False,False,False,M4_GraphUnion_RF
5,Idaho;Montana;Utah;Wyoming,geochem1_usgs_Mo_value_mean_50km,climate_srad_annual_mean,0.27371067283746825,0.27371067283746825,1551,False,False,False,False,M4_GraphUnion_RF
5,Idaho;Montana;Utah;Wyoming,geochem1_usgs_Mo_value_p95_10km,climate_vap_annual_mean,-0.2732755285793746,0.2732755285793746,1336,False,False,False,False,M4_GraphUnion_RF
5,Idaho;Montana;Utah;Wyoming,geochem1_usgs_W_value_p95_25km,climate_vap_annual_mean,-0.27203010251109916,0.27203010251109916,1501,False,False,False,False,M4_GraphUnion_RF
5,Idaho;Montana;Utah;Wyoming,geochem1_usgs_Zn_value_median_10km,env_climate_ppt_annual_mm,0.2714769137417985,0.2714769137417985,1492,False,False,False,False,M4_GraphUnion_RF
5,Idaho;Montana;Utah;Wyoming,geochem1_usgs_As_value_median_50km,climate_vap_annual_mean,-0.2701211391078252,0.2701211391078252,1551,False,False,True,True,M4_GraphUnion_RF
5,Idaho;Montana;Utah;Wyoming,geochem1_usgs_Mo_value_p95_25km,climate_vap_annual_mean,-0.2695262606866857,0.2695262606866857,1547,False,False,False,False,M4_GraphUnion_RF
5,Idaho;Montana;Utah;Wyoming,geochem2_nure_Pb_ppm_median_10km,climate_srad_annual_mean,0.26742488878342296,0.26742488878342296,614,False,False,False,False,M4_GraphUnion_RF
5,Idaho;Montana;Utah;Wyoming,geochem1_usgs_Mo_value_p95_50km,climate_srad_annual_mean,0.26703209054799787,0.26703209054799787,1551,False,False,False,False,M4_GraphUnion_RF
5,Idaho;Montana;Utah;Wyoming,geochem1_usgs_As_value_median_25km,climate_vap_annual_mean,-0.2669950830302706,0.2669950830302706,1547,False,False,True,True,M4_GraphUnion_RF
5,Idaho;Montana;Utah;Wyoming,geochem2_nure_W_ppm_max_25km,climate_soil_annual_mean,0.2662556829731906,0.2662556829731906,705,False,False,False,False,M4_GraphUnion_RF
5,Idaho;Montana;Utah;Wyoming,geochem1_usgs_W_value_median_5km,climate_tmin_annual_mean,-0.265888586236998,0.265888586236998,792,False,False,False,False,M4_GraphUnion_RF
5,Idaho;Montana;Utah;Wyoming,geochem2_nure_Re_ppm_p95_50km,climate_aet_annual_sum,0.2652210184455621,0.2652210184455621,800,False,False,False,False,M4_GraphUnion_RF
5,Idaho;Montana;Utah;Wyoming,geochem2_nure_Bi_ppm_mean_10km,climate_aet_annual_sum,0.26319877451802626,0.26319877451802626,614,False,False,True,True,M4_GraphUnion_RF
5,Idaho;Montana;Utah;Wyoming,geochem1_usgs_W_value_mean_5km,climate_tmin_annual_mean,-0.26274244539082736,0.26274244539082736,792,False,False,False,False,M4_GraphUnion_RF
5,Idaho;Montana;Utah;Wyoming,geochem1_usgs_Sb_value_median_10km,climate_vap_annual_mean,-0.26143147990032745,0.26143147990032745,1202,False,False,True,True,M4_GraphUnion_RF
5,Idaho;Montana;Utah;Wyoming,geochem1_usgs_W_value_median_50km,climate_vap_annual_mean,-0.2604322373876494,0.2604322373876494,1551,False,False,False,False,M4_GraphUnion_RF
5,Idaho;Montana;Utah;Wyoming,geochem2_nure_W_ppm_max_50km,climate_soil_annual_mean,0.2593219654785928,0.2593219654785928,833,False,False,False,False,M4_GraphUnion_RF
5,Idaho;Montana;Utah;Wyoming,geochem1_usgs_Ag_value_median_25km,climate_tmin_annual_mean,-0.25837561261027187,0.25837561261027187,1466,False,False,True,True,M4_GraphUnion_RF
5,Idaho;Montana;Utah;Wyoming,geochem2_nure_Pb_ppm_mean_10km,climate_srad_annual_mean,0.2559460466413133,0.2559460466413133,614,False,False,False,False,M4_GraphUnion_RF
5,Idaho;Montana;Utah;Wyoming,geochem1_usgs_Pb_value_p95_10km,climate_srad_annual_mean,0.2555941871082477,0.2555941871082477,1486,False,False,False,False,M4_GraphUnion_RF
5,Idaho;Montana;Utah;Wyoming,geochem2_nure_Re_ppm_median_25km,climate_srad_annual_mean,0.2543323331393427,0.2543323331393427,634,False,False,False,False,M4_GraphUnion_RF
5,Idaho;Montana;Utah;Wyoming,geochem1_usgs_Cu_value_median_10km,climate_aet_annual_sum,0.25401930067883505,0.25401930067883505,1482,False,False,False,False,M4_GraphUnion_RF
5,Idaho;Montana;Utah;Wyoming,geochem1_usgs_Cu_value_median_5km,climate_aet_annual_sum,0.25369773404713053,0.25369773404713053,1172,False,False,False,False,M4_GraphUnion_RF
5,Idaho;Montana;Utah;Wyoming,geochem2_nure_Bi_ppm_max_25km,climate_aet_annual_sum,0.25326845278602067,0.25326845278602067,705,False,False,True,True,M4_GraphUnion_RF
5,Idaho;Montana;Utah;Wyoming,geochem1_usgs_Au_value_mean_50km,climate_q_annual_sum,-0.25297013491326636,0.25297013491326636,1513,False,False,True,True,M4_GraphUnion_RF
5,Idaho;Montana;Utah;Wyoming,geochem2_nure_Pb_ppm_p95_10km,climate_aet_annual_sum,0.2527858416586328,0.2527858416586328,614,False,False,False,False,M4_GraphUnion_RF
5,Idaho;Montana;Utah;Wyoming,geochem1_usgs_Cu_value_max_25km,climate_vpd_annual_mean,0.2506657727101299,0.2506657727101299,1551,False,False,False,False,M4_GraphUnion_RF
5,Idaho;Montana;Utah;Wyoming,geochem1_usgs_Cu_value_p95_50km,env_climate_swe_annual_mean_mm,-0.25049165964921694,0.25049165964921694,1551,False,False,False,False,M4_GraphUnion_RF
5,Idaho;Montana;Utah;Wyoming,geochem1_usgs_Sb_value_median_25km,climate_vap_annual_mean,-0.24852875798350998,0.24852875798350998,1535,False,False,True,True,M4_GraphUnion_RF
5,Idaho;Montana;Utah;Wyoming,geochem1_usgs_As_value_median_5km,climate_vap_annual_mean,-0.24817045774445068,0.24817045774445068,1145,False,False,True,True,M4_GraphUnion_RF
5,Idaho;Montana;Utah;Wyoming,geochem2_nure_Au_sq_ppm_mean_10km,climate_vap_annual_mean,-0.24747652414208712,0.24747652414208712,613,False,False,True,True,M4_GraphUnion_RF
5,Idaho;Montana;Utah;Wyoming,geochem1_usgs_Re_value_p95_25km,climate_dtr_annual_mean,-0.24363363080871273,0.24363363080871273,705,False,False,False,False,M4_GraphUnion_RF
5,Idaho;Montana;Utah;Wyoming,geochem1_usgs_Pb_value_mean_5km,climate_srad_annual_mean,0.24202817610611518,0.24202817610611518,1251,False,False,False,False,M4_GraphUnion_RF
5,Idaho;Montana;Utah;Wyoming,geochem1_usgs_As_value_median_10km,climate_vap_annual_mean,-0.2403519557782776,0.2403519557782776,1428,False,False,True,True,M4_GraphUnion_RF
5,Idaho;Montana;Utah;Wyoming,geochem1_usgs_Bi_value_max_10km,climate_vap_annual_mean,-0.23808348731109108,0.23808348731109108,1101,False,False,True,True,M4_GraphUnion_RF
5,Idaho;Montana;Utah;Wyoming,geochem1_usgs_W_value_p95_5km,climate_tmin_annual_mean,-0.23708036516622144,0.23708036516622144,792,False,False,False,False,M4_GraphUnion_RF
5,Idaho;Montana;Utah;Wyoming,geochem1_usgs_Mo_value_mean_25km,climate_vap_annual_mean,-0.23683565915993757,0.23683565915993757,1547,False,False,False,False,M4_GraphUnion_RF
5,Idaho;Montana;Utah;Wyoming,geochem1_usgs_Ag_value_mean_5km,climate_tmin_annual_mean,-0.234690511449648,0.234690511449648,909,False,False,True,True,M4_GraphUnion_RF
5,Idaho;Montana;Utah;Wyoming,geochem1_usgs_W_value_max_5km,climate_tmin_annual_mean,-0.2340672365000055,0.2340672365000055,792,False,False,False,False,M4_GraphUnion_RF
5,Idaho;Montana;Utah;Wyoming,geochem2_nure_Pb_ppm_mean_25km,env_climate_swe_annual_mean_mm,-0.23187219833806297,0.23187219833806297,705,False,False,False,False,M4_GraphUnion_RF
5,Idaho;Montana;Utah;Wyoming,geochem1_usgs_Cu_value_nearest,climate_aet_annual_sum,0.2309263630492677,0.2309263630492677,995,False,False,False,False,M4_GraphUnion_RF
5,Idaho;Montana;Utah;Wyoming,geochem1_usgs_Mo_value_median_50km,climate_tmin_annual_mean,-0.22958808499210967,0.22958808499210967,1551,False,False,False,False,M4_GraphUnion_RF
5,Idaho;Montana;Utah;Wyoming,geochem2_nure_Mo_ppm_mean_50km,climate_vap_annual_mean,-0.2280315041260835,0.2280315041260835,833,False,False,False,False,M4_GraphUnion_RF
5,Idaho;Montana;Utah;Wyoming,geochem1_usgs_Bi_value_p95_50km,climate_soil_annual_mean,-0.22797302442869163,0.22797302442869163,1551,False,False,True,True,M4_GraphUnion_RF
5,Idaho;Montana;Utah;Wyoming,geochem1_usgs_Zn_value_median_5km,env_climate_ppt_annual_mm,0.22667156573830402,0.22667156573830402,1279,False,False,False,False,M4_GraphUnion_RF
5,Idaho;Montana;Utah;Wyoming,geochem1_usgs_Ag_value_max_5km,climate_vap_annual_mean,-0.22625192370224279,0.22625192370224279,909,False,False,True,True,M4_GraphUnion_RF
5,Idaho;Montana;Utah;Wyoming,geochem1_usgs_Re_value_mean_25km,climate_dtr_annual_mean,-0.22535892881356237,0.22535892881356237,705,False,False,False,False,M4_GraphUnion_RF
5,Idaho;Montana;Utah;Wyoming,geochem1_usgs_Mo_value_median_5km,climate_tmax_annual_mean,-0.22355127689146478,0.22355127689146478,1029,False,False,False,False,M4_GraphUnion_RF
5,Idaho;Montana;Utah;Wyoming,geochem1_usgs_Ag_value_p95_5km,climate_vap_annual_mean,-0.2235189288633135,0.2235189288633135,909,False,False,True,True,M4_GraphUnion_RF
5,Idaho;Montana;Utah;Wyoming,geochem1_usgs_Zn_value_mean_50km,climate_srad_annual_mean,0.22192130991916295,0.22192130991916295,1551,False,False,False,False,M4_GraphUnion_RF
5,Idaho;Montana;Utah;Wyoming,geochem1_usgs_Bi_value_median_50km,climate_srad_annual_mean,0.2202685383119157,0.2202685383119157,1551,False,False,True,True,M4_GraphUnion_RF
5,Idaho;Montana;Utah;Wyoming,geochem1_usgs_Pb_value_p95_5km,climate_srad_annual_mean,0.22017393575372182,0.22017393575372182,1251,False,False,False,False,M4_GraphUnion_RF
5,Idaho;Montana;Utah;Wyoming,geochem1_usgs_Zn_value_max_5km,climate_vap_annual_mean,-0.21895943734963091,0.21895943734963091,1279,False,False,False,False,M4_GraphUnion_RF
5,Idaho;Montana;Utah;Wyoming,geochem1_usgs_Mo_value_median_25km,climate_tmin_annual_mean,-0.2163087490763458,0.2163087490763458,1547,False,False,False,False,M4_GraphUnion_RF
5,Idaho;Montana;Utah;Wyoming,geochem2_nure_W_ppm_p95_50km,climate_aet_annual_sum,0.2162967241258278,0.2162967241258278,833,False,False,False,False,M4_GraphUnion_RF
5,Idaho;Montana;Utah;Wyoming,geochem1_usgs_Au_value_mean_5km,climate_tmin_annual_mean,-0.21538669138555688,0.21538669138555688,771,False,False,True,True,M4_GraphUnion_RF
5,Idaho;Montana;Utah;Wyoming,geochem1_usgs_Mo_value_mean_10km,climate_vap_annual_mean,-0.21500984290433156,0.21500984290433156,1336,False,False,False,False,M4_GraphUnion_RF
5,Idaho;Montana;Utah;Wyoming,geochem2_nure_Au_sq_ppm_mean_25km,climate_vap_annual_mean,-0.214838497501109,0.214838497501109,705,False,False,True,True,M4_GraphUnion_RF
5,Idaho;Montana;Utah;Wyoming,geochem1_usgs_Zn_value_p95_10km,climate_vap_annual_mean,-0.2126289931305045,0.2126289931305045,1492,False,False,False,False,M4_GraphUnion_RF
5,Idaho;Montana;Utah;Wyoming,geochem1_usgs_Bi_value_mean_10km,climate_vap_annual_mean,-0.21235598905034345,0.21235598905034345,1101,False,False,True,True,M4_GraphUnion_RF
5,Idaho;Montana;Utah;Wyoming,geochem1_usgs_Zn_value_mean_25km,climate_ws_annual_mean,0.2114592544209447,0.2114592544209447,1551,False,False,False,False,M4_GraphUnion_RF
5,Idaho;Montana;Utah;Wyoming,geochem2_nure_Pb_ppm_max_25km,climate_aet_annual_sum,0.21112229054057816,0.21112229054057816,705,False,False,False,False,M4_GraphUnion_RF
5,Idaho;Montana;Utah;Wyoming,geochem1_usgs_Pb_value_max_5km,climate_vap_annual_mean,-0.21035416817315017,0.21035416817315017,1251,False,False,False,False,M4_GraphUnion_RF
5,Idaho;Montana;Utah;Wyoming,geochem1_usgs_Cu_value_mean_25km,climate_srad_annual_mean,0.20892493607452015,0.20892493607452015,1551,False,False,False,False,M4_GraphUnion_RF
5,Idaho;Montana;Utah;Wyoming,geochem1_usgs_Zn_value_nearest,env_climate_ppt_annual_mm,0.20886038578734298,0.20886038578734298,1251,False,False,False,False,M4_GraphUnion_RF
5,Idaho;Montana;Utah;Wyoming,geochem1_usgs_Bi_value_p95_10km,climate_vap_annual_mean,-0.20750571367163653,0.20750571367163653,1101,False,False,True,True,M4_GraphUnion_RF
5,Idaho;Montana;Utah;Wyoming,geochem1_usgs_Au_value_p95_5km,climate_vap_annual_mean,-0.20711658004810019,0.20711658004810019,771,False,False,True,True,M4_GraphUnion_RF
5,Idaho;Montana;Utah;Wyoming,geochem1_usgs_Re_value_median_25km,climate_aet_annual_sum,0.20706897446189637,0.20706897446189637,705,False,False,False,False,M4_GraphUnion_RF
5,Idaho;Montana;Utah;Wyoming,geochem2_nure_Au_sq_ppm_p95_10km,climate_ws_annual_mean,0.20595807122675397,0.20595807122675397,613,False,False,True,True,M4_GraphUnion_RF
5,Idaho;Montana;Utah;Wyoming,geochem2_nure_Pb_ppm_max_50km,climate_aet_annual_sum,0.20565238845171158,0.20565238845171158,833,False,False,False,False,M4_GraphUnion_RF
5,Idaho;Montana;Utah;Wyoming,geochem1_usgs_Au_value_max_5km,climate_vap_annual_mean,-0.20204805749278545,0.20204805749278545,771,False,False,True,True,M4_GraphUnion_RF
5,Idaho;Montana;Utah;Wyoming,geochem1_usgs_Bi_value_median_25km,climate_srad_annual_mean,0.2019430554454632,0.2019430554454632,1515,False,False,True,True,M4_GraphUnion_RF
5,Idaho;Montana;Utah;Wyoming,geochem2_nure_Au_sq_ppm_p95_50km,env_climate_ppt_annual_mm,-0.2005611031404381,0.2005611031404381,833,False,False,True,True,M4_GraphUnion_RF
5,Idaho;Montana;Utah;Wyoming,geochem1_usgs_Mo_value_max_5km,climate_vap_annual_mean,-0.19918217210253894,0.19918217210253894,1029,False,False,False,False,M4_GraphUnion_RF
5,Idaho;Montana;Utah;Wyoming,geochem1_usgs_As_value_nearest,climate_vap_annual_mean,-0.1964176920922572,0.1964176920922572,831,False,False,True,True,M4_GraphUnion_RF
5,Idaho;Montana;Utah;Wyoming,geochem1_usgs_Zn_value_p95_5km,climate_vap_annual_mean,-0.1960767296394074,0.1960767296394074,1279,False,False,False,False,M4_GraphUnion_RF
5,Idaho;Montana;Utah;Wyoming,geochem1_usgs_Mo_value_p95_5km,climate_vap_annual_mean,-0.19306049453739135,0.19306049453739135,1029,False,False,False,False,M4_GraphUnion_RF
5,Idaho;Montana;Utah;Wyoming,geochem2_nure_Au_sq_ppm_mean_50km,env_climate_ppt_annual_mm,-0.1893226539135878,0.1893226539135878,833,False,False,True,True,M4_GraphUnion_RF
5,Idaho;Montana;Utah;Wyoming,geochem1_usgs_Zn_value_p95_25km,climate_vap_annual_mean,-0.18834946551175297,0.18834946551175297,1551,False,False,False,False,M4_GraphUnion_RF
5,Idaho;Montana;Utah;Wyoming,geochem1_usgs_Zn_value_mean_5km,env_climate_ppt_annual_mm,0.18815066187937737,0.18815066187937737,1279,False,False,False,False,M4_GraphUnion_RF
5,Idaho;Montana;Utah;Wyoming,geochem2_nure_Au_sq_ppm_max_10km,climate_ws_annual_mean,0.18620427701467226,0.18620427701467226,613,False,False,True,True,M4_GraphUnion_RF
5,Idaho;Montana;Utah;Wyoming,geochem2_nure_Mo_ppm_max_25km,climate_vap_annual_mean,-0.1836027215005416,0.1836027215005416,705,False,False,False,False,M4_GraphUnion_RF
5,Idaho;Montana;Utah;Wyoming,geochem2_nure_Au_sq_ppm_p95_25km,climate_vap_annual_mean,-0.1817597945650752,0.1817597945650752,705,False,False,True,True,M4_GraphUnion_RF
5,Idaho;Montana;Utah;Wyoming,geochem1_usgs_Cu_value_mean_5km,climate_aet_annual_sum,0.17997257244478543,0.17997257244478543,1172,False,False,False,False,M4_GraphUnion_RF
5,Idaho;Montana;Utah;Wyoming,geochem1_usgs_Zn_value_mean_10km,climate_aet_annual_sum,0.17534223254775258,0.17534223254775258,1492,False,False,False,False,M4_GraphUnion_RF
5,Idaho;Montana;Utah;Wyoming,geochem1_usgs_Cu_value_max_10km,climate_vap_annual_mean,-0.17527421617317626,0.17527421617317626,1482,False,False,False,False,M4_GraphUnion_RF
5,Idaho;Montana;Utah;Wyoming,geochem2_nure_Zn_ppm_nearest,climate_vpd_annual_mean,0.1746836035088391,0.1746836035088391,1551,False,False,False,False,M4_GraphUnion_RF
5,Idaho;Montana;Utah;Wyoming,geochem1_usgs_Mo_value_median_10km,env_climate_tmean_annual_c,-0.171947813879601,0.171947813879601,1336,False,False,False,False,M4_GraphUnion_RF
5,Idaho;Montana;Utah;Wyoming,geochem1_usgs_Mo_value_mean_5km,env_climate_tmean_annual_c,-0.168546407424565,0.168546407424565,1029,False,False,False,False,M4_GraphUnion_RF
5,Idaho;Montana;Utah;Wyoming,geochem2_nure_Mo_ppm_nearest,climate_vap_annual_mean,-0.16601598999834838,0.16601598999834838,1551,False,False,False,False,M4_GraphUnion_RF
5,Idaho;Montana;Utah;Wyoming,geochem1_usgs_Zn_value_p95_50km,climate_vap_annual_mean,-0.16494262360816705,0.16494262360816705,1551,False,False,False,False,M4_GraphUnion_RF
5,Idaho;Montana;Utah;Wyoming,geochem1_usgs_W_value_p95_50km,climate_vap_annual_mean,-0.16142444343948048,0.16142444343948048,1551,False,False,False,False,M4_GraphUnion_RF
5,Idaho;Montana;Utah;Wyoming,geochem1_usgs_Cu_value_p95_5km,climate_aet_annual_sum,0.15872408844965247,0.15872408844965247,1172,False,False,False,False,M4_GraphUnion_RF
5,Idaho;Montana;Utah;Wyoming,geochem2_nure_Re_ppm_mean_25km,climate_aet_annual_sum,0.15818339589050207,0.15818339589050207,634,False,False,False,False,M4_GraphUnion_RF
5,Idaho;Montana;Utah;Wyoming,geochem2_nure_Re_ppm_p95_25km,climate_aet_pet_ratio_annual,0.1507187569647341,0.1507187569647341,634,False,False,False,False,M4_GraphUnion_RF
5,Idaho;Montana;Utah;Wyoming,geochem1_usgs_Mo_value_nearest,climate_dtr_annual_mean,-0.14963365582046712,0.14963365582046712,582,False,False,False,False,M4_GraphUnion_RF
5,Idaho;Montana;Utah;Wyoming,geochem2_nure_Au_sq_ppm_max_25km,climate_vap_annual_mean,-0.14627700440621755,0.14627700440621755,705,False,False,True,True,M4_GraphUnion_RF
5,Idaho;Montana;Utah;Wyoming,geochem2_nure_Mo_ppm_max_50km,env_climate_swe_annual_mean_mm,-0.14297158929704423,0.14297158929704423,833,False,False,False,False,M4_GraphUnion_RF
5,Idaho;Montana;Utah;Wyoming,geochem1_usgs_Cu_value_max_5km,climate_aet_annual_sum,0.1332565368350152,0.1332565368350152,1172,False,False,False,False,M4_GraphUnion_RF
5,Idaho;Montana;Utah;Wyoming,geochem1_usgs_Bi_value_median_5km,climate_aet_annual_sum,0.13000648449944802,0.13000648449944802,818,False,False,True,True,M4_GraphUnion_RF
5,Idaho;Montana;Utah;Wyoming,geochem1_usgs_Cu_value_p95_25km,climate_srad_annual_mean,0.12872705919303282,0.12872705919303282,1551,False,False,False,False,M4_GraphUnion_RF
5,Idaho;Montana;Utah;Wyoming,geochem1_usgs_Bi_value_p95_5km,climate_aet_annual_sum,0.12690601258210307,0.12690601258210307,818,False,False,True,True,M4_GraphUnion_RF
5,Idaho;Montana;Utah;Wyoming,geochem1_usgs_Cu_value_mean_10km,env_climate_swe_annual_mean_mm,-0.12647469310575432,0.12647469310575432,1482,False,False,False,False,M4_GraphUnion_RF
5,Idaho;Montana;Utah;Wyoming,geochem1_usgs_Bi_value_max_5km,climate_aet_annual_sum,0.12630707678796713,0.12630707678796713,818,False,False,True,True,M4_GraphUnion_RF
5,Idaho;Montana;Utah;Wyoming,geochem1_usgs_Bi_value_median_10km,climate_srad_annual_mean,0.12553263441085152,0.12553263441085152,1101,False,False,True,True,M4_GraphUnion_RF
5,Idaho;Montana;Utah;Wyoming,geochem1_usgs_Cu_value_p95_10km,climate_aet_annual_sum,0.10348432081524012,0.10348432081524012,1482,False,False,False,False,M4_GraphUnion_RF
5,Idaho;Montana;Utah;Wyoming,geochem1_usgs_Bi_value_mean_5km,climate_aet_annual_sum,0.10002718499561404,0.10002718499561404,818,False,False,True,True,M4_GraphUnion_RF
5,Idaho;Montana;Utah;Wyoming,geochem2_nure_Au_sq_ppm_max_50km,climate_srad_annual_mean,-0.0966286844237392,0.0966286844237392,833,False,False,True,True,M4_GraphUnion_RF
